timestamp,global_R2,global_energy,global_entropy,global_variance
2013-01-01 00:00:00+00:00,0.157059907913208,61.19489669799805,3.743729775594833,60.40289306640625
2013-01-01 12:00:00+00:00,0.181697130203247,48.74711990356445,3.878330203683989,47.84666442871094
2013-01-01 18:00:00+00:00,0.0060865879058837,76.3785171508789,3.267404744415942,76.37738800048828
2013-01-02 00:00:00+00:00,0.1780958771705627,77.10677337646484,3.7900577008978495,75.7479248046875
2013-01-02 06:00:00+00:00,0.0752558708190918,43.25651931762695,4.019270218531412,43.11099243164063
2013-01-02 12:00:00+00:00,0.029125690460205,44.5474853515625,3.7031375558273454,44.526763916015625
2013-01-02 18:00:00+00:00,0.0174689292907714,45.81296920776367,3.653894147749558,45.80501937866211
2013-01-03 00:00:00+00:00,0.1587456464767456,38.86351013183594,3.830891021460105,38.27927017211914
2013-01-03 06:00:00+00:00,0.1884646415710449,51.9364013671875,3.760838997888013,50.90389633178711
2013-01-03 12:00:00+00:00,0.1270769238471985,110.22176361083984,2.9818302357501008,109.64359283447266
2013-01-03 18:00:00+00:00,0.2257189750671386,70.99917602539062,3.3512349713977407,69.40689849853516
2013-01-04 00:00:00+00:00,0.0465620160102844,65.69096374511719,3.642451553896701,65.61790466308594
2013-01-04 06:00:00+00:00,0.2469633221626281,386.8287658691406,1.8035887277166296,384.8844299316406
2013-01-04 12:00:00+00:00,0.0605765581130981,81.0688705444336,2.6855715048196767,80.97868347167969
2013-01-04 18:00:00+00:00,0.3365011811256408,113.3334503173828,2.7091034441297506,110.1103744506836
2013-01-05 00:00:00+00:00,0.1484129428863525,76.49049377441406,3.388365576657048,75.81840515136719
2013-01-05 06:00:00+00:00,0.2653959989547729,85.38062286376953,2.6134325236875253,83.72696685791016
2013-01-05 12:00:00+00:00,0.2835873365402221,211.6696014404297,2.2110454980328567,208.96397399902344
2013-01-05 18:00:00+00:00,0.1988549828529358,234.0336761474609,1.907544786529522,232.5455322265625
2013-01-06 00:00:00+00:00,0.2325943112373352,181.27542114257807,2.2758570683549517,179.29873657226562
2013-01-06 06:00:00+00:00,0.2342916131019592,164.42935180664062,2.41825861617229,162.35330200195312
2013-01-06 12:00:00+00:00,0.0838722586631774,85.11497497558594,2.504092363314969,84.91082763671875
2013-01-06 18:00:00+00:00,0.0983737707138061,88.88214874267578,2.6861494253890146,88.5615005493164
2013-01-07 00:00:00+00:00,0.1242557168006897,75.05540466308594,2.872289283949532,74.55967712402344
2013-01-07 06:00:00+00:00,0.1464661955833435,194.5569305419922,2.140669460503292,193.75413513183597
2013-01-07 12:00:00+00:00,0.091522991657257,75.45884704589844,3.198909529420027,75.20812225341797
2013-01-07 18:00:00+00:00,0.0317176580429077,74.94513702392578,3.1348394513967595,74.91199493408203
2013-01-08 00:00:00+00:00,0.0046761631965637,51.435489654541016,3.5853128350272536,51.43489456176758
2013-01-08 06:00:00+00:00,0.1003178358078002,60.339942932128906,3.394384638121271,60.04866027832031
2013-01-08 12:00:00+00:00,0.2135826349258422,73.73075103759766,2.826117718380857,72.3397445678711
2013-01-08 18:00:00+00:00,0.0900299549102783,69.09552764892578,3.06969341378759,68.8359375
2013-01-09 00:00:00+00:00,0.0918986797332763,80.02717590332031,2.9945434330915397,79.7319564819336
2013-01-09 06:00:00+00:00,0.2595632076263428,63.59383773803711,3.428415040567476,61.49969100952149
2013-01-09 12:00:00+00:00,0.1798079013824463,62.730953216552734,3.455713626049717,61.72245407104492
2013-01-09 18:00:00+00:00,0.0764888525009155,59.76748275756836,3.591885452033199,59.57924270629883
2013-01-10 00:00:00+00:00,0.2084417343139648,81.015380859375,3.3738147262669624,79.54461669921875
2013-01-10 06:00:00+00:00,0.1532201766967773,47.94161987304688,3.500722779007092,47.338600158691406
2013-01-10 12:00:00+00:00,0.0647084712982177,56.71120071411133,3.853464503162898,56.5781478881836
2013-01-10 18:00:00+00:00,0.025472342967987,67.35911560058594,3.793202333864381,67.33636474609375
2013-01-11 00:00:00+00:00,0.1736044883728027,73.3638687133789,3.4710645005739136,72.23552703857422
2013-01-11 06:00:00+00:00,0.1901482343673706,38.53792953491211,3.564573236400794,37.774452209472656
2013-01-11 12:00:00+00:00,0.3773341178894043,34.75788116455078,3.245232478180912,31.93420791625977
2013-01-11 18:00:00+00:00,1.0,3803.422607421875,0.6166565966362938,3803.134033203125
2013-01-12 00:00:00+00:00,1.0,4117.17431640625,0.4042198630050309,4116.86865234375
2013-01-12 06:00:00+00:00,0.3348603248596191,107.73043060302734,3.16208572787236,103.60704803466795
2013-01-12 12:00:00+00:00,0.2008154392242431,72.65343475341797,3.715444557494269,71.11784362792969
2013-01-12 18:00:00+00:00,0.1239241361618042,156.78680419921875,2.741696383667676,156.11619567871094
2013-01-13 00:00:00+00:00,0.2145159244537353,83.10824584960938,3.2668260216247687,81.35995483398438
2013-01-13 06:00:00+00:00,0.0421836972236633,46.597930908203125,3.625691784176071,46.54936218261719
2013-01-13 12:00:00+00:00,0.1118503808975219,52.94016647338867,3.859943191647599,52.55379486083984
2013-01-13 18:00:00+00:00,0.1307324171066284,73.63401794433594,3.426927332610949,72.96741485595703
2013-01-14 00:00:00+00:00,0.1802742481231689,90.6408462524414,3.112527969729551,89.37675476074219
2013-01-14 06:00:00+00:00,0.2698968648910522,57.22248840332031,3.605532497651123,54.93226623535156
2013-01-14 12:00:00+00:00,0.159996747970581,64.07249450683594,3.230972640070485,63.306915283203125
2013-01-14 18:00:00+00:00,0.0707188844680786,80.89611053466797,3.360758320142306,80.72166442871094
2013-01-15 00:00:00+00:00,0.024481177330017,48.72980117797852,3.94435666161486,48.71295928955078
2013-01-15 06:00:00+00:00,0.0812422037124633,47.51603317260742,3.802047424992024,47.34450149536133
2013-01-15 12:00:00+00:00,0.104945421218872,46.00984573364258,3.8285352215550574,45.726036071777344
2013-01-15 18:00:00+00:00,0.0774519443511962,51.992950439453125,3.959713673342848,51.81121063232422
2013-01-16 00:00:00+00:00,0.2403945922851562,53.32889938354492,3.502309688021322,51.71258163452149
2013-01-16 06:00:00+00:00,0.042925477027893,36.84036636352539,4.123994331907906,36.799766540527344
2013-01-16 12:00:00+00:00,0.197588562965393,45.20727157592773,3.62463188162113,44.29170608520508
2013-01-17 00:00:00+00:00,0.0591644048690795,50.96913909912109,3.689547151913221,50.87321853637695
2013-01-17 06:00:00+00:00,0.0759997963905334,41.93771743774414,3.8598651344820114,41.79810333251953
2013-01-17 12:00:00+00:00,0.0981286168098449,43.8945541381836,3.795604370470339,43.65451431274414
2013-01-17 18:00:00+00:00,0.0873675942420959,46.38601303100586,3.888986944298427,46.18791580200195
2013-01-18 00:00:00+00:00,0.2153688669204712,41.42420959472656,3.759711324663977,40.38262176513672
2013-01-18 06:00:00+00:00,0.2620293498039245,57.86128234863281,3.462820600401044,55.9202995300293
2013-01-18 12:00:00+00:00,0.4896700978279114,84.70838165283203,2.929293484562453,77.35737609863281
2013-01-18 18:00:00+00:00,0.3319291472434997,127.96562957763672,2.8903319556216425,123.96653747558594
2013-01-19 00:00:00+00:00,0.3660175204277038,77.58326721191406,3.3783621897411296,73.15868377685547
2013-01-19 06:00:00+00:00,0.3524011969566345,110.37149810791016,2.798723181237976,105.98077392578124
2013-01-19 12:00:00+00:00,0.4608838558197021,150.19485473632812,2.600401075918236,142.57333374023438
2013-01-19 18:00:00+00:00,0.3554677367210388,104.2229232788086,2.985410765034862,99.4510498046875
2013-01-20 00:00:00+00:00,0.4002128839492798,161.12306213378906,2.265248313395583,154.7040252685547
2013-01-20 06:00:00+00:00,0.4279621839523315,220.7355499267578,2.0323518774730966,213.3067779541016
2013-01-20 12:00:00+00:00,0.4313578605651855,166.96165466308594,2.2416181614076125,160.10430908203125
2013-01-20 18:00:00+00:00,0.3942034244537353,220.67076110839844,1.8728289923033763,214.01129150390625
2013-01-21 00:00:00+00:00,0.3741705417633056,182.51907348632807,2.325907376856743,176.47030639648438
2013-01-21 06:00:00+00:00,0.448417603969574,226.5137481689453,2.1956316249859573,217.97625732421875
2013-01-21 12:00:00+00:00,0.457161009311676,155.07760620117188,2.6029747979377773,147.88037109375
2013-01-21 18:00:00+00:00,0.411432683467865,217.39468383789065,2.2742723337737853,209.6297607421875
2013-01-22 00:00:00+00:00,0.4003384113311767,253.04432678222656,2.0293364762154864,246.0001220703125
2013-01-22 06:00:00+00:00,0.4630694389343261,309.8200378417969,2.0971372399817523,299.7643127441406
2013-01-22 12:00:00+00:00,0.3436660766601562,134.8514862060547,2.2606354079612845,131.10386657714844
2013-01-22 18:00:00+00:00,0.4003157615661621,200.34112548828125,2.286060847472585,193.8824920654297
2013-01-23 00:00:00+00:00,0.41195148229599,286.435302734375,1.9296366223133985,279.1663513183594
2013-01-23 06:00:00+00:00,0.4472674131393432,294.872802734375,1.8175561411655243,286.2626953125
2013-01-23 12:00:00+00:00,0.4087855219841003,195.36599731445312,1.739647506549837,189.26458740234372
2013-01-23 18:00:00+00:00,0.4761229157447815,291.6054992675781,2.0262413671304014,280.9939880371094
2013-01-24 00:00:00+00:00,0.4459808468818664,190.9248962402344,2.4055072331803213,182.35130310058597
2013-01-24 06:00:00+00:00,0.4889904856681824,355.4196472167969,2.087221887001925,343.394775390625
2013-01-24 12:00:00+00:00,0.420132040977478,196.9627685546875,2.2564978466672825,189.74478149414065
2013-01-24 18:00:00+00:00,0.4601590037345886,208.7891540527344,2.435297091074452,199.7622833251953
2013-01-25 00:00:00+00:00,0.4549638032913208,214.06735229492188,2.0720845705212443,206.2677001953125
2013-01-25 06:00:00+00:00,0.4690301418304443,244.6210479736328,1.970895013181318,235.09983825683597
2013-01-25 12:00:00+00:00,0.4330654740333557,188.5795440673828,2.201162446915119,181.1040496826172
2013-01-25 18:00:00+00:00,0.4530129432678222,207.97140502929688,2.262888651851872,199.51174926757807
2013-01-26 00:00:00+00:00,0.4118098020553589,116.93743133544922,2.4614057176110387,111.93621063232422
2013-01-26 06:00:00+00:00,0.3533996343612671,95.30123138427734,2.65813900916979,91.42071533203124
2013-01-26 12:00:00+00:00,0.3900496959686279,92.94677734375,2.918804530141664,87.98980712890625
2013-01-26 18:00:00+00:00,0.5216672718524933,124.12672424316406,2.611126414127737,114.18205261230467
2013-01-27 00:00:00+00:00,0.4298186898231506,60.2354850769043,3.2700785709213305,55.41669845581055
2013-01-27 06:00:00+00:00,0.4526420831680298,72.7321548461914,3.383513157469154,66.54588317871094
2013-01-27 12:00:00+00:00,0.5696228742599487,89.15966033935547,2.9595715216548264,79.66925811767578
2013-01-27 18:00:00+00:00,0.3274751305580139,62.405120849609375,3.2956642644494667,59.32375717163086
2013-01-28 00:00:00+00:00,0.5052788257598877,48.75498580932617,3.830375034603332,42.70306015014648
2013-01-28 06:00:00+00:00,0.0993932485580444,25.225997924804688,3.945423983245335,25.06292152404785
2013-01-28 12:00:00+00:00,0.5958238244056702,40.01910400390625,3.425487595655984,31.925722122192383
2013-01-28 18:00:00+00:00,0.1577997207641601,43.65494918823242,2.670119889806817,42.929466247558594
2013-01-29 00:00:00+00:00,0.097663402557373,24.589540481567383,3.65671915781941,24.46297836303711
2013-01-29 06:00:00+00:00,0.2327684760093689,141.8887481689453,2.700167699046928,140.2149658203125
2013-01-29 12:00:00+00:00,0.2167485952377319,37.610145568847656,3.197048105541421,36.93649291992188
2013-01-29 18:00:00+00:00,0.3426805734634399,92.04676055908205,2.5856784414402947,89.38335418701172
2013-01-30 00:00:00+00:00,0.2741296887397766,63.561893463134766,2.6416710653148625,62.12187194824219
2013-01-30 06:00:00+00:00,0.0734015703201294,40.46459197998047,2.860715953185134,40.38852310180664
2013-01-30 12:00:00+00:00,0.2813770771026611,93.0008773803711,2.097296149221888,91.692626953125
2013-01-31 00:00:00+00:00,0.3891790509223938,157.25372314453125,1.7954805468467294,153.88294982910156
2013-01-31 06:00:00+00:00,0.2919157743453979,92.83757019042967,2.658390035047141,90.86554718017578
2013-01-31 12:00:00+00:00,0.3782168626785278,112.34059143066406,2.056816764373887,109.09358215332033
2013-01-31 18:00:00+00:00,0.3204872012138366,84.91400146484375,2.3402831243882494,82.67398834228516
2013-02-01 00:00:00+00:00,0.3049231767654419,93.3976821899414,1.8361714657519588,91.47203826904295
2013-02-01 06:00:00+00:00,0.24874800443649292,114.31123352050781,1.6234324182824826,113.02510833740234
2013-02-01 12:00:00+00:00,0.32377195358276367,99.3960952758789,2.156091840055437,97.2911605834961
2013-02-01 18:00:00+00:00,0.27191048860549927,79.19758605957031,2.4708050897348555,77.56707763671875
2013-02-02 00:00:00+00:00,0.16841208934783936,88.14197540283203,1.8639005752520614,87.52713775634766
2013-02-02 06:00:00+00:00,0.22798490524291992,130.3809356689453,1.3866864730705133,129.27003479003906
2013-02-02 12:00:00+00:00,0.1981160044670105,146.06777954101562,1.3489813390116618,145.1966552734375
2013-02-02 18:00:00+00:00,0.12126559019088745,88.32125854492188,2.099456237080309,87.97759246826172
2013-02-03 00:00:00+00:00,0.12667709589004517,103.1932144165039,1.9123125392721172,102.82156372070312
2013-02-03 06:00:00+00:00,0.09650719165802002,71.40205383300781,2.3116666305881424,71.19774627685547
2013-02-03 12:00:00+00:00,0.13107693195343018,70.28073120117188,2.330503772238684,69.94659423828125
2013-02-03 18:00:00+00:00,0.11956453323364258,97.3768081665039,2.1495135996002555,97.02982330322266
2013-02-04 00:00:00+00:00,0.10866576433181763,109.29175567626953,1.6230751131750845,109.03286743164062
2013-02-04 06:00:00+00:00,0.11812752485275269,100.65699005126953,2.1887352787208045,100.31169128417969
2013-02-04 12:00:00+00:00,0.07909607887268066,70.71958923339844,2.261899580047234,70.59232330322266
2013-02-04 18:00:00+00:00,0.13488435745239258,93.42645263671875,2.137555434368561,92.99492645263672
2013-02-05 00:00:00+00:00,0.01992243528366089,96.29300689697266,2.0219064750400753,96.28390502929688
2013-02-05 06:00:00+00:00,0.04899430274963379,109.14311218261719,1.922395002256364,109.08101654052734
2013-02-05 12:00:00+00:00,0.02994096279144287,136.68406677246094,1.6628603702364781,136.66319274902344
2013-02-05 18:00:00+00:00,0.06412363052368164,93.0306625366211,2.0447591263810585,92.93506622314453
2013-02-06 00:00:00+00:00,0.047416090965270996,71.95679473876953,2.1035004103796866,71.91069793701172
2013-02-06 06:00:00+00:00,0.08979713916778564,95.66741943359375,1.901752667295848,95.48223114013672
2013-02-06 12:00:00+00:00,0.003897726535797119,62.83164978027344,2.3683208452029163,62.83135223388672
2013-02-06 18:00:00+00:00,0.16911709308624268,127.16629791259766,1.8582888283383356,126.43411254882812
2013-02-07 00:00:00+00:00,0.20213234424591064,98.6251220703125,2.1634773423867886,97.75101470947266
2013-02-07 06:00:00+00:00,0.18372273445129395,90.07670593261719,2.3671728544530617,89.2201919555664
2013-02-07 12:00:00+00:00,0.3184434175491333,73.93920135498047,2.5730011481169663,71.79826354980469
2013-02-07 18:00:00+00:00,0.38723790645599365,98.51309204101562,2.4168132050942868,94.79666137695312
2013-02-08 00:00:00+00:00,0.3131980895996094,80.60167694091797,2.1873281632872685,78.83694458007812
2013-02-08 06:00:00+00:00,0.3434656858444214,79.26016998291016,2.5882864290009033,76.734130859375
2013-02-08 12:00:00+00:00,0.31015443801879883,76.49113464355469,2.528960798191799,74.37284851074219
2013-02-08 18:00:00+00:00,0.24620401859283447,59.88863754272461,2.449846712100903,58.69654846191406
2013-02-09 00:00:00+00:00,0.344135046005249,70.4626235961914,2.245772484429657,68.52730560302734
2013-02-09 06:00:00+00:00,0.3671870231628418,75.20201110839844,2.880832518948039,71.94657135009766
2013-02-09 12:00:00+00:00,0.3463250398635864,43.65291976928711,3.2890612893867757,41.291324615478516
2013-02-09 18:00:00+00:00,0.34471380710601807,50.90219497680664,3.0657517529551317,48.53873825073242
2013-02-10 00:00:00+00:00,0.3912290334701538,43.85283279418945,3.3454615267803236,40.94413375854492
2013-02-10 06:00:00+00:00,0.4097425937652588,48.52524948120117,3.045114055481889,45.07297134399414
2013-02-10 12:00:00+00:00,0.23091626167297363,31.79677963256836,3.833915219381581,30.838619232177734
2013-02-10 18:00:00+00:00,0.3882570266723633,37.615203857421875,3.6765102532903997,34.759456634521484
2013-02-11 00:00:00+00:00,0.22858524322509766,31.84955406188965,3.6303359026606685,30.996135711669922
2013-02-11 06:00:00+00:00,0.3154512643814087,70.84727478027344,3.0464793075744865,68.3463134765625
2013-02-11 12:00:00+00:00,0.284610390663147,48.38572692871094,3.3711186800673048,46.590782165527344
2013-02-11 18:00:00+00:00,0.2638394832611084,39.899436950683594,3.129767520653406,38.56814193725586
2013-02-12 00:00:00+00:00,0.14964735507965088,33.50105667114258,3.4662803624827614,33.10124969482422
2013-02-12 06:00:00+00:00,0.0761955976486206,334.6980285644531,1.469083962337782,334.4947204589844
2013-02-12 12:00:00+00:00,0.1402883529663086,92.51239776611328,2.1934193804370143,92.07384490966797
2013-02-12 18:00:00+00:00,0.2817298173904419,45.81726837158203,3.350283894196335,44.144798278808594
2013-02-13 00:00:00+00:00,0.033460021018981934,75.07586669921875,2.1702059158213043,75.0514907836914
2013-02-13 06:00:00+00:00,0.07783615589141846,44.62005615234375,3.1722988829559644,44.48588943481445
2013-02-13 12:00:00+00:00,0.0663599967956543,50.245338439941406,2.8993380762451153,50.15119552612305
2013-02-13 18:00:00+00:00,0.13957583904266357,29.384626388549805,3.512284736152808,29.071895599365234
2013-02-14 00:00:00+00:00,0.0723721981048584,54.338382720947266,2.3507531558687598,54.23971176147461
2013-02-14 06:00:00+00:00,0.11758697032928467,34.789947509765625,3.5585730035888066,34.52571487426758
2013-02-14 12:00:00+00:00,0.006052136421203613,44.09500503540039,2.724941354700959,44.0943603515625
2013-02-14 18:00:00+00:00,0.14651089906692505,40.276187896728516,3.049347958581686,39.9374885559082
2013-02-15 00:00:00+00:00,0.1671276092529297,63.831695556640625,2.520371489025777,63.281986236572266
2013-02-15 06:00:00+00:00,0.3328494429588318,108.30492401123047,2.3914149748211164,105.44798278808594
2013-02-15 12:00:00+00:00,0.3991941809654236,166.30575561523438,2.253106081642228,162.1987762451172
2013-02-15 18:00:00+00:00,0.43210601806640625,225.11618041992188,2.2894103501973437,219.84776306152344
2013-02-16 00:00:00+00:00,0.4285171627998352,111.8824462890625,2.09605153496009,107.95068359375
2013-02-16 06:00:00+00:00,0.4529876112937927,192.0562744140625,2.0348831866860215,186.46580505371094
2013-02-16 12:00:00+00:00,0.3729720115661621,70.17655944824219,2.742087560380609,67.12571716308594
2013-02-16 18:00:00+00:00,0.33953940868377686,112.5376968383789,2.1151071006299125,110.08399200439453
2013-02-17 00:00:00+00:00,0.491508424282074,196.27679443359375,2.1358855493378774,190.16001892089844
2013-02-17 06:00:00+00:00,0.4487496614456177,97.15474700927734,2.300419473085238,92.61087036132812
2013-02-17 12:00:00+00:00,0.3813472390174866,85.08524322509766,2.33031588637519,82.10332489013672
2013-02-17 18:00:00+00:00,0.39569091796875,77.15827178955078,2.3119285647411485,74.23977661132812
2013-02-18 00:00:00+00:00,0.4143924117088318,55.568119049072266,3.025194282160377,51.957130432128906
2013-02-18 06:00:00+00:00,0.46836036443710327,67.09146881103516,2.987718314617939,62.15187072753906
2013-02-18 12:00:00+00:00,0.403827428817749,60.70054244995117,2.8079177279787033,57.47686004638672
2013-02-18 18:00:00+00:00,0.4808412194252014,53.89352035522461,3.1730774783736675,48.89518356323242
2013-02-19 00:00:00+00:00,0.417924165725708,86.91607666015625,2.744365485771526,82.52583312988281
2013-02-19 06:00:00+00:00,0.4489150047302246,88.10922241210938,3.1232058949689625,82.05236053466797
2013-02-19 12:00:00+00:00,0.553112655878067,109.09639739990234,3.0063128191627584,100.0870361328125
2013-02-19 18:00:00+00:00,0.5331783592700958,78.08082580566406,2.9753187428334495,70.0576171875
2013-02-20 00:00:00+00:00,0.4962717294692993,72.6160888671875,3.1933397425809935,66.45188903808594
2013-02-20 06:00:00+00:00,0.5254308879375458,129.6630401611328,2.663159548802927,120.28622436523438
2013-02-20 12:00:00+00:00,0.5430666506290436,142.7195587158203,2.44263234058278,134.16656494140625
2013-02-20 18:00:00+00:00,0.5898242890834808,184.90921020507812,2.2818315373925855,172.88180541992188
2013-02-21 00:00:00+00:00,0.5602635145187378,142.6838836669922,2.8083836261903263,131.94244384765625
2013-02-21 06:00:00+00:00,0.4359833598136902,168.1332550048828,2.7446680143447195,160.34288024902344
2013-02-21 12:00:00+00:00,0.521701991558075,208.02639770507812,2.31421737374022,198.1660919189453
2013-02-21 18:00:00+00:00,0.46942561864852905,129.6121368408203,2.227147140213646,123.00223541259766
2013-02-22 00:00:00+00:00,0.5946242809295654,370.22314453125,2.066928119403231,353.8358154296875
2013-02-22 06:00:00+00:00,0.46210259199142456,237.98023986816406,2.5526833321293765,228.1199493408203
2013-02-22 12:00:00+00:00,0.46825528144836426,157.97293090820312,2.621626128103795,149.67576599121094
2013-02-22 18:00:00+00:00,0.44482892751693726,155.4989776611328,2.428839447410142,148.40402221679688
2013-02-23 00:00:00+00:00,0.5080431401729584,240.38711547851562,2.1705182119818196,230.10418701171875
2013-02-23 06:00:00+00:00,0.4407052993774414,214.3667449951172,2.4763663075066167,205.97056579589844
2013-02-23 12:00:00+00:00,0.501928061246872,242.47674560546875,2.312399579248152,231.40771484375
2013-02-23 18:00:00+00:00,0.4573472738265991,128.13946533203125,2.603457985247353,121.12569427490234
2013-02-24 00:00:00+00:00,0.375962495803833,107.5674057006836,2.771372815636104,103.17963409423828
2013-02-24 06:00:00+00:00,0.45235973596572876,182.7860107421875,2.5574891417686856,175.0336151123047
2013-02-24 12:00:00+00:00,0.45042961835861206,210.6464080810547,2.2122490563495765,203.59835815429688
2013-02-24 18:00:00+00:00,0.41369378566741943,132.25209045410156,2.562077627034009,127.01496124267578
2013-02-25 00:00:00+00:00,0.45970481634140015,171.200927734375,2.100546227289274,164.5650634765625
2013-02-25 06:00:00+00:00,0.4052662253379822,86.92652893066406,2.7755019119483877,82.52507781982422
2013-02-25 12:00:00+00:00,0.40595585107803345,112.19271850585938,2.448816921253451,107.88321685791016
2013-02-25 18:00:00+00:00,0.40304839611053467,131.7621612548828,2.259386703191124,127.10614776611328
2013-02-26 00:00:00+00:00,0.36769866943359375,100.75812530517578,2.515321036957258,97.30777740478516
2013-02-26 06:00:00+00:00,0.3304510712623596,102.24664306640625,2.441613124594652,99.47874450683594
2013-02-26 12:00:00+00:00,0.3195350766181946,102.3211898803711,2.1643208198163117,99.72078704833984
2013-02-26 18:00:00+00:00,0.2221786379814148,107.64762115478516,1.9961075438796774,106.32389831542969
2013-02-27 00:00:00+00:00,0.22748005390167236,77.91822052001953,2.657431464375017,76.59568786621094
2013-02-27 06:00:00+00:00,0.2687435746192932,266.47833251953125,1.1197055776514324,264.78997802734375
2013-02-27 12:00:00+00:00,0.2999327778816223,69.9004135131836,2.5548539487929682,68.05522155761719
2013-02-27 18:00:00+00:00,0.2514747977256775,67.34555053710938,2.5411717309697694,66.13111114501953
2013-02-28 00:00:00+00:00,0.13711988925933838,46.787174224853516,2.553368771891135,46.48149871826172
2013-02-28 06:00:00+00:00,0.2013169527053833,346.6278381347656,1.04663630477666,345.6821594238281
2013-02-28 12:00:00+00:00,0.23914450407028198,383.2966003417969,1.0650978653627037,382.0213928222656
2013-02-28 18:00:00+00:00,0.09954392910003662,37.200843811035156,3.0654369881544787,37.03178405761719
2013-03-01 00:00:00+00:00,0.16825830936431885,347.6166076660156,1.035548732876663,347.01483154296875
2013-03-01 06:00:00+00:00,0.01269519329071045,47.65583801269531,2.7349822462735074,47.65256881713867
2013-03-01 12:00:00+00:00,0.10904741287231445,45.60750198364258,2.7775747787050493,45.375606536865234
2013-03-01 18:00:00+00:00,0.07500565052032471,66.40591430664062,2.4050243261915867,66.27193450927734
2013-03-02 00:00:00+00:00,0.10239291191101074,52.19072341918945,2.7180112039186106,51.96200942993164
2013-03-02 06:00:00+00:00,0.20969128608703613,81.43753814697266,2.1458319564545083,80.41793060302734
2013-03-02 12:00:00+00:00,0.11662018299102783,58.801551818847656,2.366392711964919,58.53913497924805
2013-03-02 18:00:00+00:00,0.1944882869720459,67.85041046142578,2.191073747715838,67.01708221435547
2013-03-03 00:00:00+00:00,0.19720971584320068,78.7485122680664,2.3893980967947064,77.91857147216797
2013-03-03 06:00:00+00:00,0.20818018913269043,94.32933807373047,2.152536678049338,93.30706787109375
2013-03-03 12:00:00+00:00,0.247825026512146,75.33523559570312,2.2089288424734264,74.19501495361328
2013-03-03 18:00:00+00:00,0.22779929637908936,74.8004379272461,2.296175058964377,73.70077514648438
2013-03-04 00:00:00+00:00,0.19666671752929688,91.1433334350586,1.7055618335428375,90.37971496582031
2013-03-04 06:00:00+00:00,0.2533353567123413,111.41979217529297,1.8051534397843612,109.77503204345703
2013-03-04 12:00:00+00:00,0.25192713737487793,73.29312133789062,2.435666817367166,72.0272216796875
2013-03-04 18:00:00+00:00,0.24289917945861816,75.6573715209961,2.363734527441197,74.32771301269531
2013-03-05 00:00:00+00:00,0.24976468086242676,56.68220138549805,2.474120272974015,55.50637435913086
2013-03-05 06:00:00+00:00,0.18662190437316895,78.16649627685547,2.214807284865162,77.36687469482422
2013-03-05 12:00:00+00:00,0.14663851261138916,126.03013610839844,1.415006026693349,125.58534240722656
2013-03-05 18:00:00+00:00,0.13838565349578857,131.02651977539062,1.563137550129302,130.57350158691406
2013-03-06 00:00:00+00:00,0.13923180103302002,60.34720230102539,2.313522804487649,59.977195739746094
2013-03-06 06:00:00+00:00,0.1671152114868164,153.61317443847656,1.43846324743713,152.89193725585938
2013-03-06 12:00:00+00:00,0.1300572156906128,115.95585632324219,1.6686344025909947,115.57527923583984
2013-03-06 18:00:00+00:00,0.09422409534454346,92.4248275756836,2.1421333746953217,92.21273040771484
2013-03-07 00:00:00+00:00,0.07168793678283691,95.77039337158203,1.9300633792134396,95.65494537353516
2013-03-07 06:00:00+00:00,0.16112291812896729,71.33030700683594,2.1664499934896657,70.7760009765625
2013-03-07 12:00:00+00:00,0.17070114612579346,73.72871398925781,2.3496048196984365,73.14974212646484
2013-03-07 18:00:00+00:00,0.1833251714706421,72.54509735107422,2.2388279338206263,71.8287124633789
2013-03-08 00:00:00+00:00,0.21220648288726807,80.893310546875,2.217788858048295,80.03219604492188
2013-03-08 06:00:00+00:00,0.20792818069458008,49.534034729003906,2.7020095130506445,48.71622085571289
2013-03-08 12:00:00+00:00,0.2847391366958618,58.89047622680664,2.7933896216192773,57.43758010864258
2013-03-08 18:00:00+00:00,0.2562859058380127,52.06822204589844,2.71305074277057,50.91615676879883
2013-03-09 00:00:00+00:00,0.3548341989517212,65.31787109375,2.997731320160023,62.6859130859375
2013-03-09 06:00:00+00:00,0.3833075761795044,100.61254119873047,2.5624056051652064,96.7938461303711
2013-03-09 12:00:00+00:00,0.3205050230026245,130.50778198242188,2.3172522847724335,127.63345336914062
2013-03-09 18:00:00+00:00,0.19342243671417236,57.650718688964844,3.029437876699762,56.781288146972656
2013-03-10 00:00:00+00:00,0.26825952529907227,46.91847610473633,3.2151771608017032,45.56460952758789
2013-03-10 06:00:00+00:00,0.28487515449523926,59.21187210083008,3.1649076030019474,57.38554382324219
2013-03-10 12:00:00+00:00,0.3811681270599365,133.42604064941406,2.1331120602657836,130.24893188476562
2013-03-10 18:00:00+00:00,0.37640488147735596,46.38072967529297,3.7785449535879945,42.94297409057617
2013-03-11 00:00:00+00:00,0.15392553806304932,40.36833190917969,3.32025251616521,39.91071701049805
2013-03-11 06:00:00+00:00,0.13550090789794922,49.27231216430664,3.349626074163063,48.82481002807617
2013-03-11 12:00:00+00:00,0.2667243480682373,42.41697311401367,3.547309583930912,40.80270767211914
2013-03-11 18:00:00+00:00,0.10135471820831299,47.22982406616211,3.423116899405829,46.992855072021484
2013-03-12 00:00:00+00:00,0.1887596845626831,36.709163665771484,3.4766540018961507,36.057682037353516
2013-03-12 06:00:00+00:00,0.19059276580810547,72.84834289550781,2.5454717860237963,72.1092529296875
2013-03-12 12:00:00+00:00,0.13869214057922363,37.56991195678711,3.569858429523756,37.20375442504883
2013-03-12 18:00:00+00:00,0.12816965579986572,36.592567443847656,3.2555181457934736,36.29536819458008
2013-03-13 00:00:00+00:00,0.14905905723571777,35.58595657348633,3.60923087905691,35.166873931884766
2013-03-13 06:00:00+00:00,0.00022399425506591797,437.5987854003906,1.6197644627156127,437.5988464355469
2013-03-13 12:00:00+00:00,0.27121901512145996,37.196109771728516,2.9381136982303007,36.0993766784668
2013-03-13 18:00:00+00:00,0.32743561267852783,55.77128219604492,3.1228001691894884,53.48734664916992
2013-03-14 00:00:00+00:00,0.22360622882843018,56.46513366699219,3.1364207100557606,55.329078674316406
2013-03-14 06:00:00+00:00,0.19355320930480957,131.84751892089844,2.2337399048403603,130.7565155029297
2013-03-14 12:00:00+00:00,0.14450716972351074,81.91126251220703,2.609877099512146,81.44551086425781
2013-03-14 18:00:00+00:00,0.2812751531600952,190.21209716796875,1.5678872989618253,188.0352783203125
2013-03-15 00:00:00+00:00,0.28763347864151,150.00535583496094,1.8511084008851146,147.91905212402344
2013-03-15 06:00:00+00:00,0.41535162925720215,237.99765014648438,1.9901158895666244,231.7716827392578
2013-03-15 12:00:00+00:00,0.33170199394226074,103.18067169189453,1.9478352667312633,100.7115249633789
2013-03-15 18:00:00+00:00,0.3421823978424072,145.11685180664062,1.9994295189462308,141.8883819580078
2013-03-16 00:00:00+00:00,0.5164743661880493,110.0536117553711,2.569388283286793,103.7835922241211
2013-03-16 06:00:00+00:00,0.42881494760513306,199.59906005859375,2.309938567354221,193.57838439941406
2013-03-16 12:00:00+00:00,0.567005842924118,172.54832458496094,2.2584785946617183,163.09353637695312
2013-03-16 18:00:00+00:00,0.5545204281806946,134.3721160888672,2.6301322061145345,125.118408203125
2013-03-17 00:00:00+00:00,0.4703841209411621,130.23020935058594,2.367825605539474,124.76113891601562
2013-03-17 06:00:00+00:00,0.5293788015842438,185.96926879882812,2.423603764949575,176.697509765625
2013-03-17 12:00:00+00:00,0.43023252487182617,166.76889038085938,2.2939119644537946,161.19320678710938
2013-03-17 18:00:00+00:00,0.3142804503440857,508.1054382324219,1.1292949172056834,504.43780517578125
2013-03-18 00:00:00+00:00,0.43405163288116455,95.78144836425781,2.451669544487599,91.43342590332031
2013-03-18 06:00:00+00:00,0.4516350030899048,134.22874450683594,2.0456498164728867,128.76731872558594
2013-03-18 12:00:00+00:00,0.3245643973350525,91.93071746826172,2.595638316270454,89.3646240234375
2013-03-18 18:00:00+00:00,0.4325346350669861,53.11471176147461,3.2269831252409524,49.117244720458984
2013-03-19 00:00:00+00:00,0.49805134534835815,135.67921447753906,2.517247134685699,128.78021240234375
2013-03-19 06:00:00+00:00,0.4275384545326233,47.71736526489258,3.399123720508804,44.05437088012695
2013-03-19 12:00:00+00:00,0.5084042549133301,93.5802230834961,3.0903849737887845,86.52499389648438
2013-03-19 18:00:00+00:00,0.4603484272956848,71.03495025634766,3.3628076352848844,65.28855895996094
2013-03-20 00:00:00+00:00,0.4439570903778076,55.75661849975586,3.220758522407733,51.310237884521484
2013-03-20 06:00:00+00:00,0.3479650020599365,64.12039947509766,3.217999382403656,61.1751594543457
2013-03-20 12:00:00+00:00,0.325078547000885,73.16779327392578,3.0075003799765065,70.65478515625
2013-03-20 18:00:00+00:00,0.39027273654937744,53.23200607299805,3.511419186359161,49.34873580932617
2013-03-21 00:00:00+00:00,0.2925390601158142,49.06521987915039,3.333840422651375,47.06419372558594
2013-03-21 06:00:00+00:00,0.3192670941352844,46.171669006347656,3.469627168509124,43.88811492919922
2013-03-21 12:00:00+00:00,0.36230242252349854,53.05488967895508,3.2384576593824623,50.20236587524414
2013-03-21 18:00:00+00:00,0.30772513151168823,41.286922454833984,3.805734573905803,39.187744140625
2013-03-22 00:00:00+00:00,0.4055124521255493,63.618370056152344,3.4498106078763584,59.2973518371582
2013-03-22 06:00:00+00:00,0.3627058267593384,39.714744567871094,3.687599195124977,37.21332931518555
2013-03-22 12:00:00+00:00,0.44948679208755493,66.8077621459961,3.437176605712699,60.838653564453125
2013-03-22 18:00:00+00:00,0.36727917194366455,141.4871826171875,2.625983892208826,136.68890380859375
2013-03-23 00:00:00+00:00,0.3720434308052063,121.8394546508789,2.8240918941060515,117.20912170410156
2013-03-23 06:00:00+00:00,0.38206958770751953,183.25625610351562,2.6312887157502503,177.0340118408203
2013-03-23 12:00:00+00:00,0.4552871584892273,170.3311767578125,2.3814586786108896,163.2758331298828
2013-03-23 18:00:00+00:00,0.42165470123291016,98.08313751220703,2.911851306677984,92.37096405029297
2013-03-24 00:00:00+00:00,0.3963991403579712,74.58963012695312,2.833810058556172,71.07767486572266
2013-03-24 06:00:00+00:00,0.4691382646560669,177.5924530029297,2.078626619054448,171.54042053222656
2013-03-24 12:00:00+00:00,0.45038992166519165,211.40162658691406,1.8296100183838961,205.8975372314453
2013-03-24 18:00:00+00:00,0.5140779912471771,163.27586364746094,2.301114416878744,155.4099578857422
2013-03-25 00:00:00+00:00,0.42890840768814087,55.69805145263672,3.175329384466299,52.237674713134766
2013-03-25 06:00:00+00:00,0.4553337097167969,107.43639373779297,2.663899370863365,102.38864135742188
2013-03-25 12:00:00+00:00,0.5036016404628754,116.63794708251953,2.1734531641308594,110.66900634765625
2013-03-25 18:00:00+00:00,0.452345073223114,142.96458435058594,2.2714032527369783,136.74966430664062
2013-03-26 00:00:00+00:00,0.42792046070098877,91.22409057617188,2.6041033486337577,87.03927612304688
2013-03-26 06:00:00+00:00,0.46193480491638184,182.27581787109375,2.185213466105696,175.69720458984375
2013-03-26 12:00:00+00:00,0.33255183696746826,87.2008056640625,2.3983445388276494,84.83352661132812
2013-03-26 18:00:00+00:00,0.35725271701812744,110.54149627685547,2.3948829826119735,107.56975555419922
2013-03-27 00:00:00+00:00,0.3643173575401306,99.96634674072266,2.400195896115631,96.9077377319336
2013-03-27 06:00:00+00:00,0.3336893916130066,116.83170318603516,2.3896620933614585,114.14176940917969
2013-03-27 12:00:00+00:00,0.3575795888900757,71.79054260253906,2.566839639541534,69.32617950439453
2013-03-27 18:00:00+00:00,0.43470442295074463,54.322513580322266,2.8554777861190157,51.453819274902344
2013-03-28 00:00:00+00:00,0.45764899253845215,68.33101654052734,2.816084630026889,64.83430480957031
2013-03-28 06:00:00+00:00,0.38470757007598877,81.73052978515625,2.574769623907167,78.43704223632812
2013-03-28 12:00:00+00:00,0.3327977657318115,79.85054779052734,2.560518465051549,77.68522644042969
2013-03-28 18:00:00+00:00,0.42745137214660645,495.61688232421875,1.1457596705523387,491.0533447265625
2013-03-29 00:00:00+00:00,0.27948158979415894,79.14175415039062,2.347281510579191,77.52876281738281
2013-03-29 06:00:00+00:00,0.16271579265594482,32.414154052734375,3.607167064118329,31.94471549987793
2013-03-29 12:00:00+00:00,0.14131838083267212,32.0998649597168,3.6882804505308746,31.75540542602539
2013-03-29 18:00:00+00:00,0.23630118370056152,38.7905158996582,3.353318791805769,37.6817626953125
2013-03-30 00:00:00+00:00,0.16513663530349731,49.02820587158203,3.215148789581265,48.4208984375
2013-03-30 06:00:00+00:00,0.19776076078414917,49.24966812133789,3.0314863295174637,48.37738800048828
2013-03-30 12:00:00+00:00,0.2416473627090454,76.79705047607422,2.4208531292969298,75.48147583007812
2013-03-30 18:00:00+00:00,0.25612521171569824,345.0802917480469,1.1333163326653257,343.1562194824219
2013-03-31 00:00:00+00:00,0.22654372453689575,93.551025390625,2.2587845791882297,92.35078430175781
2013-03-31 06:00:00+00:00,0.15911811590194702,145.87255859375,1.7125114028520503,145.27040100097656
2013-03-31 12:00:00+00:00,0.08476471900939941,68.97489166259766,1.9148920993609668,68.83517456054688
2013-03-31 18:00:00+00:00,0.19642019271850586,100.45756530761719,1.7182886201421472,99.56800842285156
2013-04-01 00:00:00+00:00,0.1544145941734314,71.99999237060547,2.2571931204115225,71.5088882446289
2013-04-01 06:00:00+00:00,0.13844162225723267,88.65435791015625,2.208478858275777,88.20679473876953
2013-04-01 12:00:00+00:00,0.16247063875198364,87.01467895507812,2.3070781761383605,86.4127426147461
2013-04-01 18:00:00+00:00,0.17719268798828125,110.69217681884766,2.0484186982395767,109.8501205444336
2013-04-02 00:00:00+00:00,0.1824803352355957,105.28887176513672,1.7338981605494248,104.552001953125
2013-04-02 06:00:00+00:00,0.2736240029335022,88.90290069580078,2.467629624700083,87.03459930419922
2013-04-02 12:00:00+00:00,0.2558706998825073,118.29826354980469,2.1014018018050185,116.67121124267578
2013-04-02 18:00:00+00:00,0.14770829677581787,68.14647674560547,2.5316096571078224,67.6682357788086
2013-04-03 00:00:00+00:00,0.1137205958366394,89.3364028930664,1.7214548601565356,89.07939910888672
2013-04-04 00:00:00+00:00,0.037733614444732666,79.09371948242188,2.0680721299097526,79.0660400390625
2013-04-04 06:00:00+00:00,0.009737253189086914,59.3166389465332,2.085721675073939,59.31496047973633
2013-04-04 12:00:00+00:00,0.013707280158996582,100.84381103515625,1.9930844539628816,100.84017944335938
2013-04-04 18:00:00+00:00,0.0151747465133667,49.36304473876953,2.816291476294655,49.358489990234375
2013-04-05 00:00:00+00:00,0.058244943618774414,80.43919372558594,2.008503307762183,80.37676239013672
2013-04-05 06:00:00+00:00,0.16191387176513672,53.39921188354492,2.8160753228848687,52.8916015625
2013-04-05 12:00:00+00:00,0.27375543117523193,60.872535705566406,2.8603687054821996,59.3582878112793
2013-04-05 18:00:00+00:00,0.03325676918029785,81.6897964477539,2.2803452573322964,81.67029571533203
2013-04-06 00:00:00+00:00,0.16653215885162354,56.772953033447266,2.8568050000119545,56.24421310424805
2013-04-06 06:00:00+00:00,0.010651826858520508,28.438385009765625,3.458249425090992,28.436750411987305
2013-04-06 12:00:00+00:00,0.057149291038513184,43.183868408203125,3.249892344648868,43.12004470825195
2013-04-06 18:00:00+00:00,0.21396023035049438,29.79856300354004,3.988256653326313,28.990314483642578
2013-04-07 00:00:00+00:00,0.05127859115600586,37.17888641357422,3.3410114310414905,37.128597259521484
2013-04-07 06:00:00+00:00,0.10337960720062256,36.959800720214844,3.466902090426575,36.76785659790039
2013-04-07 12:00:00+00:00,0.07519733905792236,28.16153907775879,3.491819988001764,28.088645935058594
2013-04-07 18:00:00+00:00,0.1428905725479126,30.62635612487793,3.6684123664659607,30.329627990722656
2013-04-08 00:00:00+00:00,0.31234264373779297,34.13193893432617,3.5219300704249945,32.801025390625
2013-04-08 06:00:00+00:00,0.7667957544326782,82.94100952148438,3.362955955406967,68.940185546875
2013-04-08 12:00:00+00:00,0.49718356132507324,159.17922973632812,2.678265442493106,152.54080200195312
2013-04-08 18:00:00+00:00,0.42976367473602295,225.78546142578125,2.5018189359085685,219.17880249023438
2013-04-09 00:00:00+00:00,0.4145815372467041,70.11157989501953,2.96614573127429,67.39309692382812
2013-04-09 06:00:00+00:00,0.42844653129577637,34.10129928588867,3.6077529284210503,31.39436912536621
2013-04-09 12:00:00+00:00,0.6210910081863403,30.471431732177734,3.8895418343353,24.32301139831543
2013-04-09 18:00:00+00:00,0.39128243923187256,30.714412689208984,4.027748541993252,28.098926544189453
2013-04-10 00:00:00+00:00,0.28111982345581055,56.28754806518555,2.941147017446346,54.960960388183594
2013-04-10 06:00:00+00:00,0.28386759757995605,57.63505554199219,3.1423877273128897,55.81770324707031
2013-04-10 12:00:00+00:00,0.35646677017211914,69.35881805419922,3.3491611309244567,66.15290069580078
2013-04-11 00:00:00+00:00,0.16424942016601562,15.664548873901367,3.746119233959796,15.433745384216309
2013-04-11 06:00:00+00:00,0.12424921989440918,36.28636932373047,3.738730436798868,36.001495361328125
2013-04-11 12:00:00+00:00,0.23985755443572998,46.43559646606445,3.3788339113699415,45.42030334472656
2013-04-11 18:00:00+00:00,0.34918689727783203,31.462677001953125,3.5561258505967905,29.54337501525879
2013-04-12 00:00:00+00:00,0.31342577934265137,79.41669464111328,2.762796591100281,77.43812561035156
2013-04-12 06:00:00+00:00,0.11372315883636475,44.02198791503906,4.060841010643638,43.67724609375
2013-04-12 12:00:00+00:00,0.09145331382751465,35.25945281982422,4.024494368317201,35.078556060791016
2013-04-12 18:00:00+00:00,0.33570563793182373,99.07765197753906,2.878477609066784,96.20359802246094
2013-04-13 00:00:00+00:00,0.42750298976898193,51.771785736083984,3.5573329695597917,47.4587287902832
2013-04-13 06:00:00+00:00,0.17273402214050293,49.04982376098633,3.62835336539015,48.31550598144531
2013-04-13 12:00:00+00:00,0.09335803985595703,38.692630767822266,3.440074095605706,38.52783966064453
2013-04-13 18:00:00+00:00,0.21864253282546997,17.772197723388672,4.054749271008835,17.250030517578125
2013-04-14 00:00:00+00:00,0.041559696197509766,29.70882225036621,3.7564427335136923,29.68146514892578
2013-04-14 06:00:00+00:00,0.22363370656967163,45.48296356201172,2.859873543970645,44.732398986816406
2013-04-14 12:00:00+00:00,0.18061691522598267,30.055418014526367,3.7459267720242115,29.58009910583496
2013-04-14 18:00:00+00:00,0.2754672169685364,39.52959060668945,3.1639692642824717,38.15471649169922
2013-04-15 00:00:00+00:00,0.21498453617095947,38.69687271118164,3.327606967727641,37.83470916748047
2013-04-15 06:00:00+00:00,0.28618693351745605,73.33512878417969,2.594902095477589,71.7041244506836
2013-04-15 12:00:00+00:00,0.29654961824417114,53.2468376159668,2.7447336349480866,51.84764862060547
2013-04-15 18:00:00+00:00,0.4145500659942627,690.6104125976562,0.8408929332857846,686.7717895507812
2013-04-16 00:00:00+00:00,0.2845762372016907,37.135887145996094,3.2551603771340316,35.8398551940918
2013-04-16 06:00:00+00:00,0.2619195580482483,41.62089157104492,3.209768039093061,40.43886947631836
2013-04-16 12:00:00+00:00,0.2734883427619934,40.59151077270508,3.0329187140187774,39.38998794555664
2013-04-16 18:00:00+00:00,0.3785332441329956,52.72864532470703,2.776306967604339,50.170162200927734
2013-04-17 00:00:00+00:00,0.28833186626434326,44.838985443115234,2.7684305519554377,43.46279525756836
2013-04-17 06:00:00+00:00,0.33290791511535645,58.94504165649414,2.7823596355720803,56.741764068603516
2013-04-17 12:00:00+00:00,0.25813740491867065,50.05317687988281,2.466915389539568,48.909873962402344
2013-04-18 00:00:00+00:00,0.2749161124229431,37.390071868896484,2.9047502008503283,36.18246078491211
2013-04-18 06:00:00+00:00,0.32613444328308105,59.1568603515625,2.6254947937681448,56.83934783935547
2013-04-18 12:00:00+00:00,0.30586302280426025,65.14364624023438,2.0949661023788164,63.296939849853516
2013-04-18 18:00:00+00:00,0.29565101861953735,59.14231872558594,2.4025627640418135,57.43437957763672
2013-04-19 00:00:00+00:00,0.29909902811050415,49.223880767822266,2.357735287953074,47.539493560791016
2013-04-19 06:00:00+00:00,0.27584677934646606,48.935699462890625,2.753677753228834,47.424095153808594
2013-04-19 12:00:00+00:00,0.27129584550857544,50.65736389160156,2.8167495347291216,49.25334167480469
2013-04-19 18:00:00+00:00,0.3032733201980591,50.84003829956055,2.114578642052422,48.966644287109375
2013-04-20 00:00:00+00:00,0.28911006450653076,72.39208984375,2.0508125319726114,70.7066879272461
2013-04-20 06:00:00+00:00,0.3297366499900818,81.59319305419922,2.0886656854020518,79.2287826538086
2013-04-20 12:00:00+00:00,0.3098408579826355,65.38367462158203,2.1578237986541864,63.65221405029297
2013-04-20 18:00:00+00:00,0.29259777069091797,57.9935188293457,2.577791574027767,56.36793899536133
2013-04-21 00:00:00+00:00,0.30474209785461426,53.011741638183594,2.3450552829362032,51.32848358154297
2013-04-21 06:00:00+00:00,0.36655789613723755,78.6312255859375,2.094608212717506,75.94842529296875
2013-04-21 12:00:00+00:00,0.3534771800041199,61.13511276245117,2.1303695349122074,58.95948791503906
2013-04-21 18:00:00+00:00,0.3510352373123169,87.89563751220703,2.1803651635048626,85.36600494384766
2013-04-22 00:00:00+00:00,0.3690067529678345,87.01759338378906,2.206154186886738,84.252685546875
2013-04-22 06:00:00+00:00,0.37665557861328125,91.49491119384766,2.108771880220362,88.41263580322266
2013-04-22 12:00:00+00:00,0.4058549404144287,101.77955627441406,1.8901672931550118,98.24874877929688
2013-04-22 18:00:00+00:00,0.3608686327934265,104.74749755859375,1.7081448394655225,101.86991119384766
2013-04-23 00:00:00+00:00,0.4261699318885803,117.71597290039062,1.8793477065909787,113.6414794921875
2013-04-23 06:00:00+00:00,0.38930392265319824,96.52948760986328,2.217295529335594,93.30902099609375
2013-04-23 12:00:00+00:00,0.40958887338638306,117.72237396240234,1.9702770932748925,114.04226684570312
2013-04-23 18:00:00+00:00,0.3614550828933716,114.53959655761719,1.7465169167769548,111.6410140991211
2013-04-24 00:00:00+00:00,0.3566182255744934,93.98873138427734,1.816859406081782,91.43844604492188
2013-04-30 18:00:00+00:00,0.49140000343322754,75.8082275390625,2.943855342780929,70.62198638916016
2013-05-01 00:00:00+00:00,0.564767599105835,244.94334411621094,2.484392673045715,232.6404571533203
2013-05-01 06:00:00+00:00,0.21329617500305176,45.92890167236328,3.029229233046351,45.21579360961914
2013-05-01 12:00:00+00:00,0.4820939302444458,190.52879333496094,2.0216528305856483,183.8350372314453
2013-05-01 18:00:00+00:00,0.5113809108734131,82.54932403564453,2.8068082838642496,77.2040023803711
2013-05-02 00:00:00+00:00,0.48097991943359375,71.01749420166016,3.0641224932889113,66.2415771484375
2013-05-02 06:00:00+00:00,0.5281068086624146,127.28010559082031,2.447347978450989,120.69847106933594
2013-05-02 12:00:00+00:00,0.5737402439117432,221.05140686035156,1.8732801216402188,212.22474670410156
2013-05-02 18:00:00+00:00,0.5497018098831177,211.09385681152344,1.8615298632989192,202.56484985351562
2013-05-03 00:00:00+00:00,0.4700061082839966,69.93701171875,2.521664644847493,65.88541412353516
2013-05-03 06:00:00+00:00,0.6104913949966431,245.97125244140625,1.9502804574912087,234.00189208984375
2013-05-03 12:00:00+00:00,0.5333342552185059,139.2771759033203,2.318043336883675,132.44711303710938
2013-05-03 18:00:00+00:00,0.5469495058059692,145.87379455566406,3.094378936625239,133.45358276367188
2013-05-04 00:00:00+00:00,0.5795485973358154,101.41873168945312,2.5992513357270792,93.7895736694336
2013-05-04 06:00:00+00:00,0.0015153884887695312,18.61492919921875,3.598865365814254,18.614906311035156
2013-05-04 12:00:00+00:00,0.528251051902771,201.36569213867188,2.1104045522996513,193.0064697265625
2013-05-04 18:00:00+00:00,0.5660117864608765,239.8866729736328,1.7630877654374228,230.64651489257812
2013-05-05 00:00:00+00:00,0.5807102918624878,135.3624725341797,2.499037319464323,126.59278869628906
2013-05-05 06:00:00+00:00,0.5961170196533203,213.15237426757812,2.5348218773387488,199.19073486328125
2013-05-05 12:00:00+00:00,0.5759471654891968,107.21988677978516,2.853604361427541,97.75367736816406
2013-05-05 18:00:00+00:00,0.47825169563293457,136.49049377441406,2.905089229876001,129.63890075683594
2013-05-06 00:00:00+00:00,0.43044519424438477,159.6441192626953,2.5040540042875996,154.75267028808594
2013-05-06 06:00:00+00:00,0.04656505584716797,39.68183135986328,3.6544211991705278,39.6375732421875
2013-05-06 12:00:00+00:00,0.42551910877227783,40.79582977294922,3.3858921453952573,36.97685241699219
2013-05-06 18:00:00+00:00,0.038614749908447266,32.481590270996094,3.7777920936204357,32.45314025878906
2013-05-07 00:00:00+00:00,0.18503034114837646,39.06650161743164,3.313961701571687,38.43882369995117
2013-05-07 06:00:00+00:00,1.0,1657.5731201171875,0.5187031534880142,1657.0264892578125
2013-05-07 12:00:00+00:00,0.7413420975208282,7.332492828369141,1.6094379124341005,5.09902811050415
2013-05-07 18:00:00+00:00,1.0,1525.3079833984375,0.514883302888214,1525.055908203125
2013-05-08 00:00:00+00:00,0.9252814054489136,3.3367016315460205,1.0986122886681096,1.438727855682373
2013-05-08 06:00:00+00:00,1.0,14.046411514282227,2.2718685126965625,6.461053371429443
2013-05-08 12:00:00+00:00,1.0,1343.7801513671875,0.7514724677409291,1343.6341552734375
2013-05-08 18:00:00+00:00,0.08568966388702393,15.959511756896973,2.458311329683084,15.898578643798828
2013-05-09 00:00:00+00:00,0.13084328174591064,25.624588012695312,3.6924100080962377,25.345125198364258
2013-05-09 06:00:00+00:00,0.008581995964050293,35.919986724853516,3.7034636933276013,35.9184684753418
2013-05-09 12:00:00+00:00,0.03964143991470337,18.283084869384766,3.7044142401286386,18.26589012145996
2013-05-09 18:00:00+00:00,0.06018197536468506,15.289154052734375,3.000356566258827,15.258666038513184
2013-05-10 00:00:00+00:00,1.0,928.3948364257812,0.6341584550050317,928.3336181640625
2013-05-10 06:00:00+00:00,1.0,906.3130493164062,0.6316716048273179,906.2224731445312
2013-05-10 12:00:00+00:00,1.0,770.9212646484375,0.7508688256106187,770.8644409179688
2013-05-10 18:00:00+00:00,1.0,746.304931640625,0.4673748405355252,746.2997436523438
2013-05-11 00:00:00+00:00,1.0,774.2576293945312,0.5795704215143009,774.2551879882812
2013-05-11 06:00:00+00:00,1.0,796.1073608398438,0.792127537663496,796.0825805664062
2013-05-11 12:00:00+00:00,1.0,780.3965454101562,0.5447461945085624,780.386962890625
2013-05-11 18:00:00+00:00,1.0,914.4862670898438,0.8182073176516984,914.4860229492188
2013-05-12 00:00:00+00:00,0.23730933666229248,3.666332244873047,1.7478680974667573,3.4852499961853027
2013-05-12 06:00:00+00:00,1.0,1171.89111328125,0.6284326352052111,1171.8839111328125
2013-05-12 12:00:00+00:00,1.0,1320.9228515625,0.930948890938748,1320.9224853515625
2013-05-12 18:00:00+00:00,1.0,1567.296630859375,0.7787590184941479,1567.294189453125
2013-05-13 00:00:00+00:00,1.0,1788.447265625,0.40925041774187565,1788.4091796875
2013-05-13 06:00:00+00:00,1.0,1906.313720703125,0.5274414289667027,1906.3052978515625
2013-05-13 12:00:00+00:00,1.0,1917.032958984375,0.8317658901813656,1917.0054931640625
2013-05-13 18:00:00+00:00,1.0,2102.858154296875,0.4046424047775785,2102.7783203125
2013-05-14 00:00:00+00:00,1.0,2291.215576171875,0.39795076747854996,2291.149658203125
2013-05-14 06:00:00+00:00,1.0,2362.275146484375,0.41588959089641375,2362.143310546875
2013-05-14 12:00:00+00:00,1.0,2270.689697265625,0.3938804672370388,2270.532470703125
2013-05-14 18:00:00+00:00,1.0,2522.1025390625,0.6523538674257153,2522.012451171875
2013-05-15 00:00:00+00:00,1.0,2535.006591796875,0.8712892340810967,2534.86474609375
2013-05-15 06:00:00+00:00,1.0,2591.521484375,0.40243102180106055,2591.384033203125
2013-05-15 12:00:00+00:00,1.0,2498.904541015625,0.5097444287962728,2498.84716796875
2013-05-15 18:00:00+00:00,1.0,2708.695556640625,0.5524408891667185,2708.494140625
2013-05-16 00:00:00+00:00,1.0,2873.396728515625,0.39722357542739395,2873.28662109375
2013-05-16 06:00:00+00:00,1.0,2836.60791015625,0.6955310964265453,2836.5498046875
2013-05-16 12:00:00+00:00,1.0,2696.72607421875,0.8474081881362348,2696.59619140625
2013-05-16 18:00:00+00:00,0.2629445791244507,45.9877815246582,3.5346814129107345,44.346221923828125
2013-05-17 00:00:00+00:00,0.22505277395248413,53.294734954833984,3.2287645490111347,52.26536560058594
2013-05-17 06:00:00+00:00,0.34042584896087646,46.256752014160156,3.1488267934718746,44.18697738647461
2013-05-17 12:00:00+00:00,0.37297654151916504,74.35704040527344,3.1160432011354398,71.02120208740234
2013-05-17 18:00:00+00:00,0.2769390940666199,57.87987518310547,3.105102874436154,56.143489837646484
2013-05-18 00:00:00+00:00,0.38621336221694946,103.88813781738281,2.4540499536072,99.6778564453125
2013-05-18 06:00:00+00:00,0.32981300354003906,76.4604263305664,2.673893649835832,74.00695037841797
2013-05-18 12:00:00+00:00,0.3748084306716919,70.1269302368164,2.9499513064108394,67.00202178955078
2013-05-18 18:00:00+00:00,0.380959153175354,63.269771575927734,2.927951466876302,59.662662506103516
2013-05-19 00:00:00+00:00,0.3496439456939697,83.24578857421875,2.8028087084417947,80.31868743896484
2013-05-19 06:00:00+00:00,0.2910236716270447,47.93216323852539,2.5064612998253906,46.44249725341797
2013-05-19 12:00:00+00:00,0.2835163474082947,46.650367736816406,2.767587378646332,45.19695281982422
2013-05-19 18:00:00+00:00,0.2737541198730469,69.67942810058594,2.422771901468662,68.09729766845703
2013-05-20 00:00:00+00:00,0.28708791732788086,66.07371520996094,2.8921083460316774,64.30210876464844
2013-05-20 06:00:00+00:00,0.2729837894439697,39.446556091308594,3.1616636548146486,38.214561462402344
2013-05-20 12:00:00+00:00,0.2480679154396057,49.82917785644531,2.7088712907171284,48.69499588012695
2013-05-20 18:00:00+00:00,0.28794002532958984,57.98416519165039,2.795047594121131,56.42859649658203
2013-05-21 00:00:00+00:00,0.261793851852417,67.99650573730469,2.5300499810838564,66.44722747802734
2013-05-21 06:00:00+00:00,0.3408001661300659,87.05795288085938,2.4811166772743616,84.18073272705078
2013-05-21 12:00:00+00:00,0.2909102439880371,61.793609619140625,2.7675386523121883,60.14716339111328
2013-05-21 18:00:00+00:00,0.2811601161956787,71.14510345458984,2.4349986316063807,69.45572662353516
2013-05-22 00:00:00+00:00,0.3376806974411011,68.77479553222656,2.421018629839765,66.28675079345703
2013-05-22 06:00:00+00:00,0.33156460523605347,65.22747802734375,2.7525759780255474,62.935508728027344
2013-05-22 12:00:00+00:00,0.36660391092300415,68.08585357666016,2.605412692540978,65.36783599853516
2013-05-22 18:00:00+00:00,0.38564836978912354,83.53516387939453,2.532779764604939,80.29159545898438
2013-05-23 00:00:00+00:00,0.42124807834625244,89.8014144897461,2.242238824096747,85.65958404541016
2013-05-23 06:00:00+00:00,0.41422462463378906,111.39620208740234,2.189463402744393,107.3580551147461
2013-05-23 12:00:00+00:00,0.4179338216781616,76.52641296386719,2.529695882737931,72.8796157836914
2013-05-23 18:00:00+00:00,0.38859015703201294,63.42221450805664,2.6347823740335214,60.432823181152344
2013-05-24 00:00:00+00:00,0.35963183641433716,76.09376525878906,2.2982030733368704,73.50221252441406
2013-05-24 06:00:00+00:00,0.47701865434646606,106.43971252441406,1.9471089113763287,101.17623138427734
2013-05-24 12:00:00+00:00,0.4843568801879883,131.28997802734375,2.141407204973749,124.92489624023438
2013-05-24 18:00:00+00:00,0.4489879608154297,118.37452697753906,2.0732768143657685,113.5074462890625
2013-05-25 00:00:00+00:00,0.483440101146698,107.5324478149414,2.5072494301959605,101.3440933227539
2013-05-25 06:00:00+00:00,0.43647152185440063,99.47805786132812,2.4424803338732644,94.63935852050781
2013-05-25 12:00:00+00:00,0.45417362451553345,69.4715805053711,2.7442154637421936,64.94544219970703
2013-05-25 18:00:00+00:00,0.44919300079345703,89.9659652709961,2.413785300507539,85.63792419433594
2013-05-26 00:00:00+00:00,0.3822997212409973,61.400272369384766,2.453750052956494,58.42649459838867
2013-05-26 06:00:00+00:00,0.2821387052536011,62.56049728393555,2.775162691795278,60.857757568359375
2013-05-26 12:00:00+00:00,0.058585941791534424,86.41558837890625,2.1801306893457464,86.33548736572266
2013-05-26 18:00:00+00:00,0.054148316383361816,77.03797912597656,2.100075260805742,76.97449493408203
2013-05-27 00:00:00+00:00,0.18636620044708252,91.45812225341797,2.3475599007831884,90.68035888671875
2013-05-27 06:00:00+00:00,0.18058836460113525,110.14148712158203,1.713392051666374,109.32719421386719
2013-05-27 12:00:00+00:00,0.3226466178894043,163.27491760253906,1.7916848455837027,160.48098754882812
2013-05-27 18:00:00+00:00,0.36347055435180664,140.84925842285156,1.6303087609470772,137.38937377929688
2013-05-28 00:00:00+00:00,0.385761022567749,195.37677001953125,1.7712104768614405,190.76683044433594
2013-05-28 06:00:00+00:00,0.3999364376068115,153.67709350585938,2.058470529711274,149.3704071044922
2013-05-28 12:00:00+00:00,0.4723566770553589,181.05453491210938,1.7150404345887191,175.14903259277344
2013-05-28 18:00:00+00:00,0.44864583015441895,144.00909423828125,2.0049407894640163,138.88186645507812
2013-05-29 00:00:00+00:00,0.4621891975402832,158.597412109375,2.0137235266638616,152.16769409179688
2013-05-29 06:00:00+00:00,0.5035116672515869,203.96446228027344,1.357361970465951,197.67135620117188
2013-05-29 12:00:00+00:00,0.5676102638244629,226.0566864013672,1.8922770938336373,216.25099182128906
2013-05-29 18:00:00+00:00,0.559213399887085,191.0879669189453,1.801202981627469,182.56700134277344
2013-05-30 00:00:00+00:00,0.613071084022522,296.2757568359375,1.6475484799471682,282.64599609375
2013-05-30 06:00:00+00:00,0.6043534278869629,221.1782989501953,1.7461527136960178,210.98133850097656
2013-05-30 12:00:00+00:00,0.5551334619522095,273.9020080566406,1.4508086617847813,263.84283447265625
2013-05-30 18:00:00+00:00,0.5293822288513184,156.16456604003906,1.922117284572844,149.4832763671875
2013-05-31 00:00:00+00:00,0.5221388339996338,176.1826629638672,1.9323112194617902,168.9545440673828
2013-05-31 06:00:00+00:00,0.513883113861084,177.46656799316406,1.7892651109451245,169.80152893066406
2013-05-31 12:00:00+00:00,0.5083568096160889,131.70034790039062,2.3351393264830924,124.98138427734375
2013-05-31 18:00:00+00:00,0.5004287958145142,158.85694885253906,1.5657966227756943,152.4073486328125
2013-06-01 00:00:00+00:00,0.5061608552932739,136.92901611328125,2.087242205499538,130.4822540283203
2013-06-01 06:00:00+00:00,0.5009253025054932,156.71522521972656,2.3491866251819897,148.9228973388672
2013-06-01 12:00:00+00:00,0.45015251636505127,86.1163101196289,2.6947189563931735,80.95489501953125
2013-06-01 18:00:00+00:00,0.40725255012512207,98.929931640625,2.3084066565009893,94.77557373046875
2013-06-02 00:00:00+00:00,0.4760899543762207,111.031005859375,2.3636461745315875,105.55907440185547
2013-06-02 06:00:00+00:00,0.40684080123901367,91.42979431152344,2.284473262999055,87.57623291015625
2013-06-02 12:00:00+00:00,0.3256518840789795,54.1361198425293,2.654464970446616,51.937034606933594
2013-06-02 18:00:00+00:00,0.4049086570739746,59.21809005737305,2.6836574229095476,55.7946662902832
2013-06-03 00:00:00+00:00,0.42407095432281494,100.38355255126953,2.8007993658288672,95.95462036132812
2013-06-03 06:00:00+00:00,0.46665239334106445,100.78182220458984,2.5929653759366933,96.03722381591797
2013-06-03 12:00:00+00:00,0.42456650733947754,97.40035247802734,2.2079302515134533,94.0952377319336
2013-06-03 18:00:00+00:00,0.39624595642089844,104.14395141601562,2.1034177059450405,100.75511169433594
2013-06-04 00:00:00+00:00,0.4683724641799927,89.10639953613281,2.5925241028443184,83.7710189819336
2013-06-04 06:00:00+00:00,0.539401650428772,124.39537048339844,2.486901548836957,117.45386505126953
2013-06-04 12:00:00+00:00,0.3888932466506958,111.38923645019531,1.9108044778619655,108.2780532836914
2013-06-04 18:00:00+00:00,0.41552162170410156,85.18014526367188,2.1764262709232134,81.65380096435547
2013-06-05 00:00:00+00:00,0.4198129177093506,117.64167785644531,2.0781774031582536,113.4503173828125
2013-06-05 06:00:00+00:00,0.54761803150177,226.21775817871094,1.681410224194418,217.71246337890625
2013-06-05 12:00:00+00:00,0.3651381731033325,105.80853271484375,2.073019509700816,102.77545928955078
2013-06-05 18:00:00+00:00,0.345495343208313,66.74311828613281,2.7365455326905477,64.32775115966797
2013-06-06 00:00:00+00:00,0.30667030811309814,73.20117950439453,2.5601667072414243,71.17223358154297
2013-06-06 06:00:00+00:00,0.31764936447143555,69.4316635131836,2.4743924519045843,67.3973617553711
2013-06-06 12:00:00+00:00,0.3446309566497803,61.683284759521484,2.8344752962351465,59.2014274597168
2013-06-06 18:00:00+00:00,0.2516361474990845,37.4139518737793,3.287033864963856,36.400726318359375
2013-06-07 00:00:00+00:00,0.2500656843185425,42.64839553833008,2.874380680419,41.67839050292969
2013-06-07 06:00:00+00:00,0.23860061168670654,41.02949905395508,2.96954822818502,40.03260803222656
2013-06-07 12:00:00+00:00,0.21414220333099365,31.747114181518555,3.228576918577086,30.989410400390625
2013-06-07 18:00:00+00:00,0.19593656063079834,29.39910125732422,3.3925367395039014,28.837881088256836
2013-06-08 00:00:00+00:00,0.1353435516357422,24.000253677368164,3.5869649683620475,23.75127410888672
2013-06-08 06:00:00+00:00,0.12893903255462646,31.32367515563965,3.639245613593812,31.037139892578125
2013-06-08 12:00:00+00:00,0.1668165922164917,30.80495262145996,3.6685748745416724,30.328754425048828
2013-06-08 18:00:00+00:00,0.027699589729309082,27.683683395385742,3.7387283289606215,27.671545028686523
2013-06-09 00:00:00+00:00,0.08152234554290771,25.007490158081055,3.7739532465129386,24.923357009887695
2013-06-09 06:00:00+00:00,0.17708897590637207,31.419635772705078,3.312909684551452,30.9300537109375
2013-06-09 12:00:00+00:00,0.1991187334060669,20.048545837402344,4.00459378385561,19.53683853149414
2013-06-09 18:00:00+00:00,0.3480929136276245,14.807912826538086,3.5411461095876815,13.592283248901367
2013-06-10 00:00:00+00:00,0.7214733362197876,25.215917587280273,3.4040404339291137,16.20887565612793
2013-06-10 06:00:00+00:00,1.0,569.8446655273438,0.6349063831918909,569.8430786132812
2013-06-10 12:00:00+00:00,0.9386376142501831,7.0487494468688965,1.0986122886681096,4.387672424316406
2013-06-10 18:00:00+00:00,1.0,524.2400512695312,0.9542933267324575,524.22705078125
2013-06-11 00:00:00+00:00,1.0,513.3899536132812,0.7544385850415766,513.3843383789062
2013-06-11 06:00:00+00:00,1.0,483.0684814453125,0.7945906708573597,483.06781005859375
2013-06-11 12:00:00+00:00,1.0,449.33782958984375,1.0610443432820935,449.3335876464844
2013-06-11 18:00:00+00:00,1.0,540.5968627929688,1.0079332241440484,540.5846557617188
2013-06-12 00:00:00+00:00,1.0,532.2841186523438,1.0166443731082997,532.2698364257812
2013-06-12 06:00:00+00:00,1.0,640.4853515625,0.8929175506597262,640.4727783203125
2013-06-12 12:00:00+00:00,1.0,611.9497680664062,0.4841235059795262,611.9313354492188
2013-06-12 18:00:00+00:00,1.0,651.3952026367188,0.9058706357581398,651.38134765625
2013-06-13 00:00:00+00:00,1.0,610.220703125,0.5359282829862091,610.2199096679688
2013-06-13 06:00:00+00:00,0.05949622392654419,43.69856643676758,3.2444926304072963,43.58890914916992
2013-06-13 12:00:00+00:00,0.07419514656066895,25.772314071655273,3.5524947572766683,25.701284408569336
2013-06-13 18:00:00+00:00,0.26934814453125,61.84603500366211,3.5023771696171226,60.11533737182617
2013-06-14 00:00:00+00:00,0.219251811504364,42.60049819946289,3.110892048306599,41.72453689575195
2013-06-14 06:00:00+00:00,0.22521352767944336,56.329307556152344,2.979052811733698,55.30242156982422
2013-06-14 12:00:00+00:00,0.27967655658721924,38.98642349243164,2.9630358957140275,37.74375915527344
2013-06-14 18:00:00+00:00,0.3447479009628296,105.04127502441406,2.35448944920167,102.10755157470703
2013-06-15 00:00:00+00:00,0.36103934049606323,84.13629913330078,2.8856100878653304,80.66181945800781
2013-06-15 06:00:00+00:00,0.36810266971588135,93.95597076416016,2.27828989423301,90.75434112548828
2013-06-15 12:00:00+00:00,0.3929348587989807,109.34201049804688,2.4631047170466607,105.47708892822266
2013-06-15 18:00:00+00:00,0.3939180374145508,95.43586730957031,2.2443217983125954,91.6450424194336
2013-06-16 00:00:00+00:00,0.2922418713569641,59.317955017089844,2.738634141460906,57.469322204589844
2013-06-16 06:00:00+00:00,0.30217641592025757,56.84532165527344,2.4404126454948973,54.97372055053711
2013-06-16 12:00:00+00:00,0.33730262517929077,70.59905242919922,2.545632524298842,68.30851745605469
2013-06-16 18:00:00+00:00,0.33649927377700806,79.37162017822266,2.010265338473072,76.71109008789062
2013-06-17 00:00:00+00:00,0.37251466512680054,97.29849243164062,2.166139034510105,93.5538330078125
2013-06-17 06:00:00+00:00,0.4563559889793396,168.87290954589844,1.8085515293039758,162.82211303710938
2013-06-17 12:00:00+00:00,0.4482904076576233,134.21754455566406,2.0502105341249655,128.82704162597656
2013-06-17 18:00:00+00:00,0.39231622219085693,91.36767578125,2.3030503917189775,87.54978942871094
2013-06-18 00:00:00+00:00,0.40295881032943726,116.87555694580078,2.502325886181718,112.18792724609375
2013-06-18 06:00:00+00:00,0.4261084794998169,173.43263244628906,1.8623220014858817,168.7112579345703
2013-06-18 12:00:00+00:00,0.4673144221305847,135.05006408691406,1.9299459086530013,129.500732421875
2013-06-18 18:00:00+00:00,0.44177067279815674,133.29676818847656,2.1554327275308203,127.87553405761719
2013-06-19 00:00:00+00:00,0.4774675965309143,134.2432861328125,2.0463981931307944,127.81494140625
2013-06-19 06:00:00+00:00,0.48834139108657837,132.05577087402344,2.020606576611155,125.65715026855469
2013-06-19 12:00:00+00:00,0.49565863609313965,195.51858520507812,1.5485059493425932,188.82725524902344
2013-06-19 18:00:00+00:00,0.48211610317230225,129.17311096191406,1.8921039680158611,123.22303009033203
2013-06-20 00:00:00+00:00,0.5140253603458405,157.7377166748047,1.9098839566057335,150.2578125
2013-06-20 06:00:00+00:00,0.5205231010913849,179.766357421875,1.7634082922808076,172.22637939453125
2013-06-20 12:00:00+00:00,0.49211978912353516,117.47769927978516,2.3261839225549794,111.25360870361328
2013-06-20 18:00:00+00:00,0.48980170488357544,113.83119201660156,2.265502114959941,108.06607818603516
2013-06-21 00:00:00+00:00,0.4236556887626648,110.83558654785156,2.0482846654553013,106.47591400146484
2013-06-21 06:00:00+00:00,0.47817283868789673,106.4129638671875,2.1949736895553227,101.28400421142578
2013-06-21 12:00:00+00:00,0.4259687662124634,109.37554931640625,2.0427551389158443,105.11109161376953
2013-06-21 18:00:00+00:00,0.4526429772377014,92.49332427978516,2.3346222544983304,87.73588562011719
2013-06-22 00:00:00+00:00,0.38373100757598877,80.39215087890625,2.206529593122794,77.15765380859375
2013-06-22 06:00:00+00:00,0.3840155601501465,115.4591293334961,1.9814843119169334,111.87464904785156
2013-06-22 12:00:00+00:00,0.40435880422592163,96.50804901123047,2.309160645270041,92.5946044921875
2013-06-22 18:00:00+00:00,0.36024147272109985,93.36199951171875,1.9499936576103802,90.39988708496094
2013-06-23 00:00:00+00:00,0.3012555241584778,99.38505554199219,2.0178792493879465,97.17472839355469
2013-06-23 06:00:00+00:00,0.20622092485427856,164.1657257080078,1.664625317687304,162.85693359375
2013-06-23 12:00:00+00:00,0.12622946500778198,151.1417694091797,1.6466500236674713,150.6904754638672
2013-06-23 18:00:00+00:00,0.09207671880722046,125.6076889038086,1.6926198042577796,125.37673950195312
2013-06-24 00:00:00+00:00,0.007374882698059082,116.09566497802734,1.7856979811365483,116.09430694580078
2013-06-24 06:00:00+00:00,0.051856160163879395,136.72520446777344,1.6490400060856047,136.6538848876953
2013-06-24 12:00:00+00:00,0.07985925674438477,122.6045150756836,1.6481786263531284,122.45153045654297
2013-06-24 18:00:00+00:00,0.16499805450439453,110.97576904296875,2.024021104308028,110.25172424316406
2013-06-25 00:00:00+00:00,0.35193932056427,200.58145141601562,1.8809977309992112,196.73963928222656
2013-06-25 06:00:00+00:00,0.30156707763671875,177.1815643310547,1.355292091196765,174.7884979248047
2013-06-25 12:00:00+00:00,0.29634320735931396,177.30343627929688,1.5145394839661037,174.67025756835938
2013-06-25 18:00:00+00:00,0.3473381996154785,454.0958251953125,0.7618545736474243,450.10693359375
2013-06-26 00:00:00+00:00,0.46572864055633545,313.3455505371094,1.31524383618363,305.590576171875
2013-06-26 06:00:00+00:00,0.4541494846343994,136.18675231933594,1.9613058115869508,130.84449768066406
2013-06-26 12:00:00+00:00,0.5740113258361816,263.61102294921875,1.825985744669413,251.67393493652344
2013-06-26 18:00:00+00:00,0.48974037170410156,317.1669006347656,1.1139033084773686,309.45550537109375
2013-06-27 00:00:00+00:00,0.6261612176895142,252.95465087890625,1.8662235744385072,239.20266723632812
2013-06-27 06:00:00+00:00,0.5690686702728271,246.74282836914062,2.1708840191837178,234.7707061767578
2013-06-27 12:00:00+00:00,0.5973925590515137,306.8742370605469,2.272048474443584,290.521484375
2013-06-27 18:00:00+00:00,0.4485851526260376,272.0315246582031,1.5563444232614745,264.5279846191406
2013-06-28 00:00:00+00:00,0.5797492265701294,173.553955078125,2.2733514433966193,163.3399200439453
2013-06-28 06:00:00+00:00,0.5323126316070557,175.89389038085938,2.359285773798717,165.74139404296875
2013-06-28 12:00:00+00:00,0.43670403957366943,180.23931884765625,2.2984384678258776,173.972900390625
2013-06-28 18:00:00+00:00,0.4411982297897339,118.67107391357422,2.5654966726270376,112.47550201416016
2013-06-29 00:00:00+00:00,0.3687330484390259,68.79248046875,2.932484355456277,65.98902130126953
2013-06-29 06:00:00+00:00,0.4100276231765747,149.99365234375,2.321819390756885,145.5630340576172
2013-06-29 12:00:00+00:00,0.21967899799346924,39.00871276855469,2.6863443769228588,38.29691696166992
2013-06-29 18:00:00+00:00,0.2577836513519287,43.33695602416992,2.8874974723846423,42.155296325683594
2013-06-30 00:00:00+00:00,0.19861149787902832,50.99937438964844,2.6669543604598065,50.29312515258789
2013-06-30 06:00:00+00:00,0.31392157077789307,85.63720703125,2.3589459816684677,83.66226196289062
2013-06-30 12:00:00+00:00,0.2861272096633911,60.43696975708008,2.422168622861811,59.089385986328125
2013-06-30 18:00:00+00:00,0.2767059803009033,57.9504280090332,2.9062174433876704,56.402976989746094
2013-07-01 00:00:00+00:00,0.20254266262054443,58.44416809082031,2.363393294976487,57.716312408447266
2013-07-01 06:00:00+00:00,0.26327311992645264,64.1502456665039,2.0479657952643557,62.96171951293945
2013-07-01 12:00:00+00:00,0.25649726390838623,71.25308990478516,2.4792379580577393,69.99652862548828
2013-07-01 18:00:00+00:00,0.27912163734436035,62.65684509277344,2.363246700292925,61.14646530151367
2013-07-02 00:00:00+00:00,0.2701725959777832,77.43186950683594,2.3793688757029754,75.83692932128906
2013-07-02 06:00:00+00:00,0.2779815196990967,79.26589965820312,2.126201457088205,77.82056427001953
2013-07-02 12:00:00+00:00,0.27611243724823,54.962894439697266,1.9863384125626349,53.582881927490234
2013-07-02 18:00:00+00:00,0.22727227210998535,65.86978149414062,2.4091684512906975,64.85649108886719
2013-07-03 00:00:00+00:00,0.2801917791366577,72.0729751586914,2.4670158310177968,70.49649047851562
2013-07-03 06:00:00+00:00,0.24708378314971924,43.64324188232422,2.8565748295902504,42.58665466308594
2013-07-03 12:00:00+00:00,0.26130151748657227,68.69334411621094,2.354367242276928,67.31614685058594
2013-07-03 18:00:00+00:00,0.26103639602661133,54.543827056884766,2.3112189016189717,53.304386138916016
2013-07-04 00:00:00+00:00,0.20097136497497559,53.92049789428711,2.3952151097205965,53.173561096191406
2013-07-04 06:00:00+00:00,0.19922995567321777,58.16730499267578,2.3030159580401692,57.43675994873047
2013-07-04 12:00:00+00:00,0.23702120780944824,63.46662521362305,2.243975511777034,62.439762115478516
2013-07-04 18:00:00+00:00,0.22239744663238525,53.31083679199219,2.628602861424132,52.3900260925293
2013-07-05 00:00:00+00:00,0.2776726484298706,79.53422546386719,2.044623116898147,77.94580078125
2013-07-05 06:00:00+00:00,0.24438226222991943,74.01847839355469,2.465937073093661,72.72928619384766
2013-07-05 12:00:00+00:00,0.3671151399612427,83.59818267822266,2.2072798025522964,80.78002166748047
2013-07-05 18:00:00+00:00,0.3111053705215454,55.80964660644531,2.66180540991587,54.023128509521484
2013-07-06 00:00:00+00:00,0.2762354612350464,43.090023040771484,3.0615431117686303,41.69763946533203
2013-07-06 06:00:00+00:00,0.32627928256988525,75.08462524414062,2.617431836898234,72.77014923095703
2013-07-06 12:00:00+00:00,0.26250338554382324,72.34917449951172,2.5983117410518477,70.91118621826172
2013-07-06 18:00:00+00:00,0.2411133050918579,40.60172653198242,3.04478193794115,39.573204040527344
2013-07-07 00:00:00+00:00,0.33373379707336426,37.7869987487793,3.488918543960041,35.69684982299805
2013-07-07 06:00:00+00:00,0.25868380069732666,48.639163970947266,3.0273785866201295,47.37852478027344
2013-07-07 12:00:00+00:00,0.33463525772094727,61.805484771728516,3.2882295059215934,59.09421920776367
2013-07-07 18:00:00+00:00,0.32286763191223145,43.31351089477539,3.690876277666894,40.960845947265625
2013-07-08 00:00:00+00:00,0.3652071952819824,52.17112731933594,3.6305624166797292,48.79998779296875
2013-07-08 06:00:00+00:00,0.10721886157989502,22.900320053100586,3.874592884917285,22.727394104003906
2013-07-08 12:00:00+00:00,0.17935562133789062,23.11493492126465,3.9500582287409176,22.645214080810547
2013-07-08 18:00:00+00:00,0.33095240592956543,25.07429313659668,3.905157391441008,23.19382095336914
2013-07-09 00:00:00+00:00,0.7423255443572998,15.597370147705078,2.8133554045006157,10.382630348205566
2013-07-09 06:00:00+00:00,0.22359633445739746,5.866670608520508,1.0986122886681096,5.583099365234375
2013-07-09 12:00:00+00:00,1.0,1770.4451904296875,0.7546413013775439,1770.42919921875
2013-07-09 18:00:00+00:00,1.0,1686.84375,0.4726681050284011,1686.808349609375
2013-07-10 00:00:00+00:00,1.0,1574.746337890625,0.49953328624056065,1574.7178955078125
2013-07-10 06:00:00+00:00,1.0,1462.04052734375,0.7337276025895196,1462.0311279296875
2013-07-10 12:00:00+00:00,0.07213437557220459,14.89751148223877,1.945910149055313,14.844452857971191
2013-07-10 18:00:00+00:00,0.005240082740783691,36.41340255737305,3.464125513738362,36.412742614746094
2013-07-11 00:00:00+00:00,0.21435439586639404,40.588462829589844,4.024835558881306,39.452064514160156
2013-07-11 06:00:00+00:00,0.46195775270462036,55.443416595458984,3.812825087185134,49.328025817871094
2013-07-11 12:00:00+00:00,0.49645304679870605,97.09077453613281,3.049384247764819,89.65038299560547
2013-07-11 18:00:00+00:00,0.39467865228652954,85.31095886230469,2.845815911858177,81.56473541259766
2013-07-12 00:00:00+00:00,0.39685291051864624,87.1679916381836,3.0496054517502635,82.81039428710938
2013-07-12 06:00:00+00:00,0.44627267122268677,130.37794494628906,2.615442528764039,124.69379425048828
2013-07-12 12:00:00+00:00,0.41287761926651,77.44129180908203,3.130036077615971,73.17820739746094
2013-07-12 18:00:00+00:00,0.3593296408653259,78.82506561279297,2.67124318415903,75.83466339111328
2013-07-13 00:00:00+00:00,0.32759159803390503,110.14261627197266,2.265265616873492,107.433349609375
2013-07-13 06:00:00+00:00,0.3620387315750122,95.87456512451172,2.4486182986838396,92.66023254394531
2013-07-13 12:00:00+00:00,0.3787795901298523,105.978759765625,2.3871633523184834,102.59795379638672
2013-07-13 18:00:00+00:00,0.41933661699295044,145.0833740234375,2.2459619486393105,140.2029571533203
2013-07-14 00:00:00+00:00,0.4047337770462036,151.1781005859375,2.073906165548823,146.5057830810547
2013-07-14 06:00:00+00:00,0.40973836183547974,155.89230346679688,1.752309107808248,151.53684997558594
2013-07-14 12:00:00+00:00,0.4236322045326233,163.538818359375,1.8141355560704866,159.40078735351562
2013-07-14 18:00:00+00:00,0.47136813402175903,149.5684051513672,2.0784922487191033,143.62400817871094
2013-07-15 00:00:00+00:00,0.45321089029312134,140.7264862060547,1.9344232555148242,135.08139038085938
2013-07-15 06:00:00+00:00,0.46241122484207153,169.83975219726562,1.9183810701453672,164.09768676757812
2013-07-15 12:00:00+00:00,0.46681737899780273,148.0557098388672,2.0588637074313345,142.78460693359375
2013-07-15 18:00:00+00:00,0.4538319706916809,160.34210205078125,1.7930470886144292,155.0358123779297
2013-07-16 00:00:00+00:00,0.4915805459022522,189.38790893554688,2.041012622715014,182.18418884277344
2013-07-16 06:00:00+00:00,0.4980739951133728,156.96011352539062,1.9495266308294446,150.2003173828125
2013-07-16 12:00:00+00:00,0.469937801361084,117.71491241455078,2.1861727111925617,112.76827239990234
2013-07-16 18:00:00+00:00,0.5094159841537476,189.60789489746094,1.5672128471119406,182.69979858398438
2013-07-17 00:00:00+00:00,0.48970019817352295,127.30412292480469,2.032393933155732,121.40306091308594
2013-07-17 06:00:00+00:00,0.4833787679672241,102.75296783447266,2.2776545786212985,97.49871063232422
2013-07-17 12:00:00+00:00,0.5004124641418457,107.91645050048828,1.9022555878351668,102.7938232421875
2013-07-18 00:00:00+00:00,0.4864342212677002,111.6729965209961,2.2217445225627364,106.13955688476562
2013-07-18 06:00:00+00:00,0.4233059883117676,92.45506286621094,2.0584544753357266,88.66963958740234
2013-07-18 12:00:00+00:00,0.46264946460723877,135.4677276611328,2.1233509554407597,130.25965881347656
2013-07-18 18:00:00+00:00,0.45928359031677246,137.81956481933594,2.0202392915568423,132.6378631591797
2013-07-19 00:00:00+00:00,0.4298703074455261,121.3853988647461,1.9143064777396888,117.0782699584961
2013-07-19 06:00:00+00:00,0.4679356813430786,110.7531967163086,2.2916515406354283,105.46546173095703
2013-07-19 12:00:00+00:00,0.466880202293396,108.23035430908203,2.464206246113521,103.05620574951172
2013-07-19 18:00:00+00:00,0.40123629570007324,84.32250213623047,2.4722928831915936,80.98339080810547
2013-07-20 00:00:00+00:00,0.3599125146865845,75.59425354003906,2.4413960772979273,73.00425720214844
2013-07-20 06:00:00+00:00,0.3394838571548462,83.56124877929688,2.3548406588075275,81.11758422851562
2013-07-20 12:00:00+00:00,0.35735034942626953,87.88153076171875,2.1744845612720987,85.09838104248047
2013-07-20 18:00:00+00:00,0.2958318591117859,107.82852172851562,1.8975066957000404,105.81913757324219
2013-07-21 00:00:00+00:00,0.20062631368637085,91.22109985351562,1.567663411792652,90.40243530273438
2013-07-21 06:00:00+00:00,0.10126805305480957,124.49066162109375,1.501412452831209,124.24312591552734
2013-07-21 12:00:00+00:00,0.06137973070144653,96.43195343017578,2.067574304852527,96.34615325927734
2013-07-21 18:00:00+00:00,0.12340527772903442,87.78691864013672,1.8747649018019388,87.44788360595703
2013-07-22 00:00:00+00:00,0.09457683563232422,74.35067749023438,2.1535698883906824,74.16194915771484
2013-07-22 06:00:00+00:00,0.04513406753540039,90.18283081054688,1.8774958514533737,90.13780975341797
2013-07-22 12:00:00+00:00,0.024320125579833984,94.37614440917969,1.9276334033358835,94.3640365600586
2013-07-22 18:00:00+00:00,0.12408578395843506,98.79684448242188,1.7735070074022592,98.46990966796875
2013-07-23 00:00:00+00:00,0.24725008010864258,146.6773223876953,1.7172508832267626,145.25498962402344
2013-07-23 06:00:00+00:00,0.35669732093811035,182.5955352783203,1.887403995800079,178.89952087402344
2013-07-23 12:00:00+00:00,0.3715841770172119,203.890625,1.6770504868122305,199.75936889648438
2013-07-23 18:00:00+00:00,0.42392611503601074,148.1105499267578,2.179213284524788,142.48216247558594
2013-07-24 00:00:00+00:00,0.4347141981124878,169.4927978515625,1.8882591469700478,164.61050415039062
2013-07-24 06:00:00+00:00,0.43635380268096924,218.17056274414062,1.9122784250220821,211.54782104492188
2013-07-24 12:00:00+00:00,0.5586860179901123,209.1249542236328,2.36100383086352,196.6771697998047
2013-07-25 00:00:00+00:00,0.5328702926635742,225.85931396484375,2.3247839580395238,215.35557556152344
2013-07-25 06:00:00+00:00,0.5287157297134399,239.746826171875,2.1845767009110904,227.3125762939453
2013-07-25 12:00:00+00:00,0.43437063694000244,140.04202270507812,2.974149078575394,133.233642578125
2013-07-25 18:00:00+00:00,0.5310029983520508,167.82073974609375,2.5379931599006715,157.42051696777344
2013-07-26 00:00:00+00:00,0.553829550743103,285.8710632324219,1.9673735532425796,273.7123107910156
2013-07-26 06:00:00+00:00,0.34167778491973877,129.1475830078125,2.573189376646791,125.87513732910156
2013-07-26 12:00:00+00:00,0.4042928218841553,94.47980499267578,3.073561130245839,90.05914306640625
2013-07-26 18:00:00+00:00,0.4316467046737671,94.21403503417969,2.8134281223598503,90.02953338623047
2013-07-27 00:00:00+00:00,0.3051851987838745,43.61684799194336,3.2170862598542693,41.9810676574707
2013-07-27 06:00:00+00:00,0.3279228210449219,50.53924560546875,3.3798271470700305,48.30652618408203
2013-07-27 12:00:00+00:00,0.4321880340576172,50.9719352722168,3.242730556718258,47.48807907104492
2013-07-27 18:00:00+00:00,0.4345954656600952,94.95989227294922,2.7271200791132335,90.268310546875
2013-07-28 00:00:00+00:00,0.4459412097930908,69.28168487548828,3.0149015191418824,64.83576202392578
2013-07-28 06:00:00+00:00,0.373185396194458,82.73282623291016,2.5462841514305348,79.66405487060547
2013-07-28 12:00:00+00:00,0.3807159662246704,97.15259552001953,1.8669122585355784,94.21595764160156
2013-07-28 18:00:00+00:00,0.38763225078582764,83.18006134033203,2.12905391161805,80.25577545166016
2013-07-29 00:00:00+00:00,0.36304378509521484,100.0848159790039,2.0142339172775485,97.01466369628906
2013-07-29 06:00:00+00:00,0.2675633430480957,213.86444091796875,1.1627529636656102,212.12106323242188
2013-07-29 12:00:00+00:00,0.2661339044570923,224.31326293945312,1.0322478995091022,222.74148559570312
2013-07-29 18:00:00+00:00,0.25130438804626465,289.7413635253906,0.7708079289315316,288.3527526855469
2013-07-30 00:00:00+00:00,0.28983616828918457,314.96038818359375,0.9576152895697548,312.6904602050781
2013-07-30 06:00:00+00:00,0.3334333896636963,230.4625701904297,1.1524089596804057,227.6131591796875
2013-07-30 12:00:00+00:00,0.39056241512298584,71.4359130859375,2.386754662225943,68.77330780029297
2013-07-30 18:00:00+00:00,0.39207398891448975,111.27787780761719,2.039636826196861,107.89743041992188
2013-07-31 00:00:00+00:00,0.3332103490829468,345.4195251464844,0.797636164871565,342.3074951171875
2013-07-31 06:00:00+00:00,0.46867120265960693,124.7933120727539,1.9825359781656964,119.56287384033203
2013-07-31 12:00:00+00:00,0.4390372037887573,150.8770294189453,1.5962833831708263,146.5548553466797
2013-07-31 18:00:00+00:00,0.37149131298065186,87.02601623535156,2.206042567359202,83.7197494506836
2013-08-01 00:00:00+00:00,0.3859161138534546,92.0618896484375,2.3421212785624013,88.78639221191406
2013-08-01 06:00:00+00:00,0.4161863327026367,98.5269775390625,2.3860692696077397,94.5615234375
2013-08-01 12:00:00+00:00,0.38052093982696533,77.21299743652344,2.2884712120361272,74.38346862792969
2013-08-01 18:00:00+00:00,0.3964715003967285,111.95696258544922,2.294733007513773,108.37129211425781
2013-08-02 00:00:00+00:00,0.41158318519592285,91.90878295898438,2.390384556212549,88.13975524902344
2013-08-02 06:00:00+00:00,0.3738657236099243,100.32137298583984,2.3617603318425697,96.8411636352539
2013-08-02 12:00:00+00:00,0.4196270704269409,81.2718276977539,2.478227566798904,77.19610595703125
2013-08-02 18:00:00+00:00,0.46892058849334717,118.37930297851562,2.1928578840307615,112.39005279541016
2013-08-03 00:00:00+00:00,0.4168732166290283,54.50429153442383,3.0354670277757747,51.11375427246094
2013-08-03 06:00:00+00:00,0.427226185798645,75.75166320800781,2.7459023999464756,71.60724639892578
2013-08-03 12:00:00+00:00,0.3604581356048584,43.05522537231445,2.997292686832615,40.52410888671875
2013-08-03 18:00:00+00:00,0.33433496952056885,88.23194885253906,2.3832173190573758,85.84269714355469
2013-08-04 00:00:00+00:00,0.3301246166229248,36.31939697265625,3.1237911653639143,34.60435104370117
2013-08-04 06:00:00+00:00,0.3392738103866577,38.375160217285156,3.5456258063657162,36.234649658203125
2013-08-04 12:00:00+00:00,0.27518653869628906,23.665328979492188,3.8369176359567363,22.601659774780273
2013-08-04 18:00:00+00:00,1.0,1084.4854736328125,0.41293710279636375,1084.485107421875
2013-08-05 00:00:00+00:00,1.0,1035.1683349609375,0.8406480502297284,1035.1650390625
2013-08-05 06:00:00+00:00,1.0,1051.9947509765625,0.38339425867010507,1051.994384765625
2013-08-05 12:00:00+00:00,1.0,907.1954345703125,0.42839431718032633,907.195068359375
2013-08-05 18:00:00+00:00,1.0,868.8643188476562,0.3816369011304078,868.8587646484375
2013-08-06 00:00:00+00:00,1.0,888.2467041015625,0.5326219999553916,888.2462768554688
2013-08-06 06:00:00+00:00,1.0,891.733642578125,0.4300202038477947,891.7320556640625
2013-08-06 12:00:00+00:00,1.0,820.831298828125,0.5507076750227488,820.8176879882812
2013-08-06 18:00:00+00:00,1.0,813.3424072265625,0.40047248669232294,813.3408203125
2013-08-07 00:00:00+00:00,1.0,750.7584838867188,0.47422714384728204,750.7489013671875
2013-08-07 06:00:00+00:00,1.0,726.5559692382812,0.8343472091790365,726.5486450195312
2013-08-07 12:00:00+00:00,1.0,646.5947265625,0.400045135081127,646.5845336914062
2013-08-07 18:00:00+00:00,1.0,648.8819580078125,0.47331096360519326,648.8812866210938
2013-08-08 00:00:00+00:00,0.9255190938711166,159.47152709960938,2.639057329615258,87.53968048095703
2013-08-08 06:00:00+00:00,0.10635972023010254,26.427104949951172,3.589367144161593,26.275421142578125
2013-08-08 12:00:00+00:00,0.1987096071243286,58.37896728515625,3.121718389549175,57.56264114379883
2013-08-08 18:00:00+00:00,0.24384254217147827,61.85765838623047,2.912076965213546,60.48123550415039
2013-08-09 00:00:00+00:00,0.43021607398986816,72.22972869873047,3.141862359615496,67.42142486572266
2013-08-09 06:00:00+00:00,0.3372269868850708,68.2300796508789,3.025790631930073,65.42901611328125
2013-08-09 12:00:00+00:00,0.31145143508911133,44.57925033569336,3.3296357816061755,42.552555084228516
2013-08-09 18:00:00+00:00,0.3105729818344116,56.04244613647461,3.138320261734791,54.048343658447266
2013-08-10 00:00:00+00:00,0.3783395290374756,99.9356689453125,2.737574859299162,96.03427124023438
2013-08-10 06:00:00+00:00,0.30304038524627686,74.05183410644531,2.7854613096784404,71.87576293945312
2013-08-10 12:00:00+00:00,0.33203017711639404,73.3310775756836,2.4865513202402494,70.99334716796875
2013-08-10 18:00:00+00:00,0.34438854455947876,83.26792907714844,2.4820832755395967,80.60087585449219
2013-08-11 00:00:00+00:00,0.38251161575317383,111.73116302490234,2.352901068486375,107.92051696777344
2013-08-11 06:00:00+00:00,0.42865025997161865,137.53424072265625,2.0402188845353773,132.83152770996094
2013-08-11 12:00:00+00:00,0.4385807514190674,224.1339111328125,1.3698992189429788,219.20652770996094
2013-08-11 18:00:00+00:00,0.4221137762069702,113.0213623046875,2.028840352679902,108.74239349365234
2013-08-12 00:00:00+00:00,0.4199569821357727,104.61502838134766,2.417156395039857,100.10297393798828
2013-08-12 06:00:00+00:00,0.3976869583129883,109.89058685302734,1.8705870713062855,106.51532745361328
2013-08-12 12:00:00+00:00,0.38273799419403076,55.18138885498047,2.793640908356959,52.43254089355469
2013-08-12 18:00:00+00:00,0.43711328506469727,85.17088317871094,2.331367755221559,81.13194274902344
2013-08-13 00:00:00+00:00,0.45829206705093384,161.57415771484375,1.675273770860994,156.0801544189453
2013-08-13 06:00:00+00:00,0.5088527202606201,142.9091033935547,1.913400189913688,136.5138397216797
2013-08-13 12:00:00+00:00,0.5267241299152374,105.54084014892578,2.1854016678216337,99.96595001220703
2013-08-13 18:00:00+00:00,0.5171463787555695,137.48757934570312,2.15564979743863,130.56524658203125
2013-08-14 00:00:00+00:00,0.540613055229187,183.0370635986328,1.559671132400377,175.22412109375
2013-08-14 06:00:00+00:00,0.5154460668563843,146.84193420410156,1.8464264948624936,140.7990264892578
2013-08-14 12:00:00+00:00,0.45568686723709106,82.62679290771484,2.1018819457527886,78.90950775146484
2013-08-14 18:00:00+00:00,0.5358992218971252,201.54685974121094,1.9748403864724233,193.50831604003906
2013-08-15 00:00:00+00:00,0.4617048501968384,126.04347229003906,2.0501635399584544,120.6812973022461
2013-08-15 06:00:00+00:00,0.4589875340461731,123.0056381225586,2.312547509174464,117.70623779296875
2013-08-15 12:00:00+00:00,0.5059981942176819,118.09487915039062,1.6865801265309281,112.66168975830078
2013-08-15 18:00:00+00:00,0.4005526900291443,93.9748764038086,2.105283741893673,90.34700775146484
2013-08-16 00:00:00+00:00,0.27359968423843384,130.677490234375,1.9609607126153719,128.7123260498047
2013-08-16 06:00:00+00:00,0.27240389585494995,115.62056732177734,1.9087131569276223,113.742431640625
2013-08-16 12:00:00+00:00,0.11373347043991089,129.18699645996094,1.7362467375046138,128.86917114257812
2013-08-16 18:00:00+00:00,0.16888129711151123,140.72557067871094,1.9746176321011508,139.92262268066406
2013-08-17 00:00:00+00:00,0.11105877161026001,179.92454528808594,1.5812744938606385,179.58782958984375
2013-08-17 06:00:00+00:00,0.16097235679626465,163.7459716796875,1.704307595980947,162.95755004882812
2013-08-17 12:00:00+00:00,0.08447277545928955,140.90835571289062,1.9403344075442,140.71426391601562
2013-08-17 18:00:00+00:00,0.0229264497756958,192.4711456298828,1.8376327806997201,192.45346069335938
2013-08-18 00:00:00+00:00,0.15626287460327148,129.44647216796875,2.2475560430951935,128.7555694580078
2013-08-18 06:00:00+00:00,0.10924637317657471,180.18858337402344,1.9024769256778316,179.83554077148438
2013-08-18 12:00:00+00:00,0.00876009464263916,101.81526947021484,2.1331891483939405,101.81366729736328
2013-08-18 18:00:00+00:00,0.18608510494232178,159.2240753173828,1.813018533556917,158.20779418945312
2013-08-19 00:00:00+00:00,0.150201678276062,127.76262664794922,1.9261516255815958,127.25040435791016
2013-08-19 06:00:00+00:00,0.20573914051055908,241.36056518554688,1.7353288053785634,240.0287628173828
2013-08-19 12:00:00+00:00,0.16064953804016113,71.65343475341797,2.297262068529485,71.18319702148438
2013-08-19 18:00:00+00:00,0.3956789970397949,170.86985778808594,2.257883866553037,166.26309204101562
2013-08-20 00:00:00+00:00,0.3432044982910156,173.3904266357422,2.1883957279548856,169.93775939941406
2013-08-20 06:00:00+00:00,0.289196252822876,123.12564086914062,2.3701118831870978,120.90111541748047
2013-08-20 12:00:00+00:00,0.25801873207092285,97.33383178710938,2.4691850475671506,95.85615539550781
2013-08-20 18:00:00+00:00,0.2871330976486206,213.1975555419922,1.869436260944944,210.74717712402344
2013-08-21 00:00:00+00:00,0.26075541973114014,134.81265258789062,1.8181349314934416,133.53118896484375
2013-08-21 06:00:00+00:00,0.26430559158325195,46.18438720703125,3.29262206875122,44.867271423339844
2013-08-21 12:00:00+00:00,0.06976711750030518,57.5209846496582,2.62116888590995,57.448272705078125
2013-08-21 18:00:00+00:00,0.3316308259963989,88.15375518798828,2.828911768572292,85.86227416992188
2013-08-22 00:00:00+00:00,0.3127438426017761,31.119884490966797,3.5030680045009306,29.84272575378418
2013-08-22 06:00:00+00:00,0.5616524517536163,256.1551513671875,1.9476783451205837,248.07275390625
2013-08-22 12:00:00+00:00,0.33553653955459595,82.01361083984375,1.8818643079175434,80.58161926269531
2013-08-22 18:00:00+00:00,0.11849385499954224,49.00505065917969,2.6418752487296664,48.7832145690918
2013-08-23 00:00:00+00:00,0.08913558721542358,75.93866729736328,2.0218857860436072,75.80799102783203
2013-08-23 06:00:00+00:00,0.023935258388519287,67.91249084472656,2.6737994112752648,67.90093994140625
2013-08-23 12:00:00+00:00,0.03618514537811279,88.12138366699219,1.9951303448195592,88.10093688964844
2013-08-23 18:00:00+00:00,0.010816872119903564,50.524444580078125,2.947018844189305,50.522315979003906
2013-08-24 00:00:00+00:00,0.19400036334991455,63.460899353027344,2.4930298060004454,62.748924255371094
2013-08-24 06:00:00+00:00,0.1254434585571289,47.049842834472656,2.961865737063317,46.77303695678711
2013-08-24 12:00:00+00:00,0.22315871715545654,50.379032135009766,2.4890130832766513,49.532196044921875
2013-08-24 18:00:00+00:00,0.1711442470550537,52.330162048339844,2.6257824668736798,51.81640625
2013-08-25 00:00:00+00:00,0.23255622386932373,90.86650085449219,2.678179753385791,89.52728271484375
2013-08-25 06:00:00+00:00,0.44838011264801025,77.83609771728516,2.4897061671312564,73.55713653564453
2013-08-25 12:00:00+00:00,0.43153083324432373,56.10743713378906,3.2032809089964633,52.287628173828125
2013-08-25 18:00:00+00:00,0.37791287899017334,89.14678192138672,2.8807341534460207,85.62687683105469
2013-08-26 00:00:00+00:00,0.4846919775009155,104.06826782226562,2.8448488990953336,97.60114288330078
2013-08-26 06:00:00+00:00,0.4705839157104492,148.94577026367188,2.046943508962337,143.3114471435547
2013-08-26 12:00:00+00:00,0.5490264892578125,173.64987182617188,1.8507123740956493,166.2130126953125
2013-08-26 18:00:00+00:00,0.5183732509613037,165.26942443847656,1.9367567442793792,157.6077880859375
2013-08-27 00:00:00+00:00,0.527633786201477,187.98245239257812,2.1680051039111987,179.8038787841797
2013-08-27 06:00:00+00:00,0.4959590435028076,120.64820861816406,2.38977496981991,114.73162078857422
2013-08-27 12:00:00+00:00,0.4991554021835327,104.78915405273438,2.2946895508002605,99.7561264038086
2013-08-27 18:00:00+00:00,0.48662495613098145,139.61790466308594,2.399695512061976,133.08274841308594
2013-08-28 00:00:00+00:00,0.4854757785797119,151.74436950683594,2.1552144877469472,145.8166961669922
2013-08-28 06:00:00+00:00,0.46237802505493164,128.9461212158203,2.3551431236063824,123.37528228759766
2013-08-28 12:00:00+00:00,0.5254387855529785,146.44204711914062,2.174952920454739,140.1158447265625
2013-08-28 18:00:00+00:00,0.49530458450317383,143.93836975097656,2.4679116367583847,137.32444763183594
2013-08-29 00:00:00+00:00,0.45773112773895264,100.78096771240234,2.3571788992535603,96.286376953125
2013-08-29 06:00:00+00:00,0.44882357120513916,122.77567291259766,2.331776587634636,117.29325866699219
2013-08-29 12:00:00+00:00,0.3872206211090088,80.58965301513672,2.6804580142997674,77.37373352050781
2013-08-29 18:00:00+00:00,0.4071465730667114,88.52450561523438,2.3235708199542957,85.15304565429688
2013-08-30 00:00:00+00:00,0.3185725212097168,100.33427429199219,2.1281940951550706,98.34525299072266
2013-08-30 06:00:00+00:00,0.1916520595550537,38.937896728515625,3.1588031517000608,38.33076477050781
2013-08-30 12:00:00+00:00,0.2797720432281494,37.25482177734375,2.9049546731907303,36.23420715332031
2013-08-30 18:00:00+00:00,0.022243022918701172,30.01758575439453,3.448706184860727,30.010635375976562
2013-08-31 00:00:00+00:00,0.04776036739349365,48.909507751464844,2.6729555104317093,48.875083923339844
2013-08-31 06:00:00+00:00,0.006761789321899414,48.57439041137695,2.377829041192141,48.57383346557617
2013-08-31 12:00:00+00:00,0.004403889179229736,22.195871353149414,3.0597742158698664,22.195688247680664
2013-08-31 18:00:00+00:00,0.38766753673553467,72.72412872314453,2.5017522713555924,70.16709899902344
2013-09-01 00:00:00+00:00,0.4905610680580139,129.18124389648438,2.4003674329684026,122.2770004272461
2013-09-01 06:00:00+00:00,0.46723759174346924,76.74164581298828,2.6666331864720374,72.96121215820312
2013-09-01 12:00:00+00:00,0.36158180236816406,129.00111389160156,2.1159015997419006,127.12628173828125
2013-09-01 18:00:00+00:00,0.26001793146133423,55.91985321044922,2.9873180146053873,54.838958740234375
2013-09-02 00:00:00+00:00,0.2630581259727478,90.25031280517578,2.0864223216077447,89.22176361083984
2013-09-02 06:00:00+00:00,0.16909170150756836,53.50801086425781,2.58013734553475,53.07862091064453
2013-09-02 12:00:00+00:00,0.25744426250457764,59.86716079711914,2.5230986901635846,59.08939743041992
2013-09-02 18:00:00+00:00,0.06102097034454346,47.23834228515625,2.8034456098125853,47.17666244506836
2013-09-03 00:00:00+00:00,0.08522868156433105,24.65314483642578,3.221877916885653,24.564054489135742
2013-09-03 06:00:00+00:00,0.017125844955444336,43.2093505859375,2.447833749799793,43.205299377441406
2013-09-03 12:00:00+00:00,0.11353230476379395,36.42335510253906,2.9176534875968536,36.23672103881836
2013-09-03 18:00:00+00:00,0.17080068588256836,27.292932510375977,3.6615586516091714,26.849498748779297
2013-09-04 00:00:00+00:00,0.20160043239593506,23.959779739379883,3.528771733068802,23.4337158203125
2013-09-04 06:00:00+00:00,0.13244247436523438,25.819719314575195,3.4037280844461892,25.574737548828125
2013-09-04 12:00:00+00:00,0.0965719223022461,37.305660247802734,2.842217109088577,37.16330337524414
2013-09-04 18:00:00+00:00,0.012372136116027832,27.957059860229492,2.949892628922026,27.954992294311523
2013-09-05 00:00:00+00:00,0.09323608875274658,26.64546775817871,3.162586937373704,26.521076202392578
2013-09-05 06:00:00+00:00,0.10770463943481445,27.65282440185547,3.367225800061164,27.482208251953125
2013-09-05 12:00:00+00:00,0.07441854476928711,36.42764663696289,3.0463510865324155,36.33818054199219
2013-09-05 18:00:00+00:00,0.07584267854690552,38.88274002075195,2.8356260568362117,38.79001235961914
2013-09-06 00:00:00+00:00,0.13551312685012817,51.19615173339844,2.456905762318138,50.85452651977539
2013-09-06 06:00:00+00:00,0.15163934230804443,49.55967712402344,2.576920951224643,49.089744567871094
2013-09-06 12:00:00+00:00,0.17226803302764893,43.44064712524414,2.811726400837372,42.94013977050781
2013-09-06 18:00:00+00:00,0.1242946982383728,44.19232940673828,2.409231336653199,43.923370361328125
2013-09-07 00:00:00+00:00,0.13758611679077148,42.15465545654297,2.8956968310068354,41.80663299560547
2013-09-07 06:00:00+00:00,0.167727530002594,48.674713134765625,2.5185609566037437,48.15092468261719
2013-09-07 12:00:00+00:00,0.1746225357055664,49.134376525878906,2.3650067267186343,48.613807678222656
2013-09-07 18:00:00+00:00,0.3125752806663513,52.4000358581543,2.7808844669134154,50.609886169433594
2013-09-08 00:00:00+00:00,0.3450568914413452,155.01361083984375,1.8339505930240894,152.08865356445312
2013-09-08 06:00:00+00:00,0.3439963459968567,94.592041015625,1.8739428398931646,92.00222778320312
2013-09-08 12:00:00+00:00,0.2961474061012268,71.24134826660156,2.402499454271662,69.60691833496094
2013-09-08 18:00:00+00:00,0.351875364780426,65.13910675048828,2.4513765933317386,62.810760498046875
2013-09-09 00:00:00+00:00,0.382776141166687,146.02467346191406,1.8979571765134624,142.56884765625
2013-09-09 06:00:00+00:00,0.407909095287323,90.61096954345703,2.054502787244676,87.12663269042969
2013-09-09 12:00:00+00:00,0.43568718433380127,133.52098083496094,1.9704194146566887,129.11392211914062
2013-09-09 18:00:00+00:00,0.4292202591896057,104.83911895751953,1.966403438407712,100.67346954345703
2013-09-10 00:00:00+00:00,0.4152417778968811,127.59123992919922,2.078853403784766,123.54481506347656
2013-09-10 06:00:00+00:00,0.4259609580039978,91.28485870361328,2.389443385179195,87.35701751708984
2013-09-10 12:00:00+00:00,0.4638713598251343,131.876220703125,2.087686899119525,127.13567352294922
2013-09-10 18:00:00+00:00,0.4624524712562561,142.15406799316406,1.9585892168947687,136.641357421875
2013-09-11 00:00:00+00:00,0.5461742281913757,239.93600463867188,1.7046865063451169,231.71034240722656
2013-09-11 06:00:00+00:00,0.5339926481246948,178.4130859375,1.9241912520804956,171.1585235595703
2013-09-11 12:00:00+00:00,0.5402752757072449,189.25436401367188,1.4567329429054687,182.88511657714844
2013-09-11 18:00:00+00:00,0.6037257611751556,171.8728790283203,2.2743459665895793,160.95700073242188
2013-09-12 00:00:00+00:00,0.45586639642715454,105.96019744873047,2.1971929870248665,101.44571685791016
2013-09-12 06:00:00+00:00,0.464824378490448,119.65167236328125,2.1191928299010123,114.3076171875
2013-09-12 12:00:00+00:00,0.34773290157318115,111.05741119384766,2.010202117650116,108.3016586303711
2013-09-12 18:00:00+00:00,0.2837771773338318,200.85833740234375,1.6628606746242902,198.33778381347656
2013-09-13 00:00:00+00:00,0.2105255126953125,174.1771697998047,1.499528504234888,173.08938598632812
2013-09-13 06:00:00+00:00,0.2218378782272339,204.0174102783203,1.8627060611392963,202.3678741455078
2013-09-13 12:00:00+00:00,0.21236228942871094,82.9256820678711,2.005828882912925,82.05681610107422
2013-09-13 18:00:00+00:00,0.13013380765914917,110.54521942138672,2.1081555002474612,110.12340545654297
2013-09-14 00:00:00+00:00,0.09427839517593384,120.75470733642578,1.9568108901265053,120.54930877685547
2013-09-14 06:00:00+00:00,0.19236189126968384,108.39311981201172,2.257424816286051,107.44253540039062
2013-09-14 12:00:00+00:00,0.10927009582519531,119.7337646484375,2.11200885435749,119.44535064697266
2013-09-14 18:00:00+00:00,0.05257469415664673,121.8089828491211,1.6377460955390901,121.74042510986328
2013-09-15 00:00:00+00:00,0.10396713018417358,102.01676940917969,2.0026224771049805,101.78409576416016
2013-09-15 06:00:00+00:00,0.0005600452423095703,218.83987426757812,1.294402443417857,218.83987426757812
2013-09-15 12:00:00+00:00,0.0136183500289917,79.60871887207031,2.0955854871236728,79.60519409179688
2013-09-15 18:00:00+00:00,0.04505878686904907,78.97179412841797,2.261562604417491,78.92759704589844
2013-09-16 00:00:00+00:00,0.04459786415100098,125.97723388671875,1.9774422835842302,125.92615509033203
2013-09-16 12:00:00+00:00,0.09324276447296143,80.33419036865234,2.7560036514995834,80.1251220703125
2013-09-16 18:00:00+00:00,0.20473557710647583,104.08576965332031,2.3246028979987488,103.11660766601562
2013-09-17 00:00:00+00:00,0.2249566912651062,155.9086151123047,2.127784313188544,154.42539978027344
2013-09-17 12:00:00+00:00,0.3171532154083252,235.49169921875,1.2214201484208653,233.26998901367188
2013-09-17 18:00:00+00:00,0.37844884395599365,87.16740417480469,2.6197470328580836,84.0241470336914
2013-09-18 00:00:00+00:00,0.4257053732872009,77.4413070678711,2.7581103874134483,73.38389587402344
2013-09-18 12:00:00+00:00,0.46720075607299805,115.36412811279297,2.638626687503377,110.1139144897461
2013-09-18 18:00:00+00:00,0.4834418296813965,148.54981994628906,2.100523925811804,141.8839874267578
2013-09-19 00:00:00+00:00,0.5155184864997864,134.3883514404297,2.3167004614916493,127.57437896728516
2013-09-19 12:00:00+00:00,0.39189279079437256,97.02399444580078,2.242056041887544,94.12617492675781
2013-09-19 18:00:00+00:00,0.43003201484680176,206.4849395751953,1.9186511703507885,201.66140747070312
2013-09-20 00:00:00+00:00,0.4363095164299011,119.5306167602539,2.4281995521689366,115.44979095458984
2013-09-20 12:00:00+00:00,0.3891083598136902,83.55572509765625,2.4867374165032072,81.16314697265625
2013-09-20 18:00:00+00:00,0.4450913667678833,151.8606719970703,2.347171174299886,146.95626831054688
2013-09-21 00:00:00+00:00,0.3475263714790344,65.58026885986328,2.7650349401082335,63.494476318359375
2013-09-21 12:00:00+00:00,0.3777840733528137,74.36576843261719,2.1177817468133115,72.16048431396484
2013-09-21 18:00:00+00:00,0.3671268820762634,83.46078491210938,2.377291623355402,81.01444244384766
2013-09-22 00:00:00+00:00,0.4011046290397644,105.35877990722656,2.390669566818061,102.48309326171875
2013-09-22 06:00:00+00:00,0.3592303395271301,46.77312088012695,3.2785835822780234,44.5266227722168
2013-09-22 12:00:00+00:00,0.2074449062347412,26.25803565979004,3.6635509753249593,25.68000030517578
2013-09-22 18:00:00+00:00,0.2589350938796997,98.17465209960938,2.9032190401777536,96.67687225341797
2013-09-23 00:00:00+00:00,0.1857282519340515,28.888626098632812,3.6621595890426444,28.390653610229492
2013-09-23 06:00:00+00:00,0.447179913520813,23.67089080810547,3.352469878269462,20.906835556030273
2013-09-23 12:00:00+00:00,1.0,1045.3477783203125,0.6791406883829731,1045.34033203125
2013-09-23 18:00:00+00:00,1.0,1190.62255859375,0.8217353776388739,1190.564453125
2013-09-24 00:00:00+00:00,1.0,1197.3441162109375,0.34519131315513846,1197.322265625
2013-09-24 06:00:00+00:00,0.680732250213623,22.905384063720703,3.579349494662074,16.1625919342041
2013-09-24 12:00:00+00:00,0.3022226095199585,52.00209426879883,3.650766575322642,49.858314514160156
2013-09-24 18:00:00+00:00,0.396548867225647,21.21813201904297,3.756246900298644,19.338027954101562
2013-09-25 00:00:00+00:00,0.26241981983184814,39.76280212402344,3.0738594644911608,38.717933654785156
2013-09-25 06:00:00+00:00,0.3138312101364136,41.68437576293945,3.197728045723152,40.23212814331055
2013-09-25 12:00:00+00:00,0.08158576488494873,33.855735778808594,3.2171957883338336,33.76087188720703
2013-09-25 18:00:00+00:00,0.24062752723693848,64.9720687866211,2.6238225062857112,63.8936767578125
2013-09-26 00:00:00+00:00,0.024326980113983154,46.16023254394531,3.0974046544558624,46.15031433105469
2013-09-26 06:00:00+00:00,0.07283186912536621,72.85672760009766,2.4100045191604678,72.76821899414062
2013-09-26 12:00:00+00:00,0.2789865732192993,34.33323669433594,2.979125731092656,33.337074279785156
2013-09-26 18:00:00+00:00,0.47860419750213623,104.46746826171875,2.2596555739107016,100.39002227783203
2013-09-27 00:00:00+00:00,0.2561224699020386,38.6158447265625,3.0672364638270526,37.72391891479492
2013-09-27 06:00:00+00:00,0.3390069007873535,65.10346984863281,2.9170594752113144,62.95810317993164
2013-09-27 12:00:00+00:00,0.2526679039001465,66.38695526123047,2.515469983803797,65.37911987304688
2013-09-27 18:00:00+00:00,0.036592721939086914,99.07797241210938,2.570748524078662,99.04605865478516
2013-09-28 00:00:00+00:00,0.29149019718170166,76.08277130126953,3.017429438475932,74.32379913330078
2013-09-28 06:00:00+00:00,0.1500832438468933,53.71046447753906,3.1443733230743818,53.31431579589844
2013-09-28 12:00:00+00:00,0.011012673377990723,111.67236328125,2.102379144839041,111.67060089111328
2013-09-28 18:00:00+00:00,0.0626060962677002,83.32644653320312,2.2859247313776967,83.25811767578125
2013-09-29 00:00:00+00:00,0.04712653160095215,33.69968032836914,2.871468381230313,33.67141342163086
2013-09-29 06:00:00+00:00,0.28167420625686646,254.68699645996094,2.2267926199400456,252.42633056640625
2013-09-29 12:00:00+00:00,0.3313141465187073,101.87112426757812,2.535327087511715,99.7020263671875
2013-09-29 18:00:00+00:00,0.3919856548309326,348.25537109375,2.3768166785757834,341.1907043457031
2013-09-30 00:00:00+00:00,0.0030428171157836914,65.67920684814453,2.5367827611762697,65.67903900146484
2013-09-30 06:00:00+00:00,0.20100581645965576,124.38990783691406,2.307126847543759,123.61664581298828
2013-09-30 12:00:00+00:00,0.06873756647109985,40.467063903808594,3.249127408874743,40.3419189453125
2013-09-30 18:00:00+00:00,0.34604573249816895,40.139556884765625,3.3329205195635443,37.08551788330078
2013-10-01 00:00:00+00:00,0.1667051911354065,22.77294921875,3.9402977524561895,22.335512161254883
2013-10-01 06:00:00+00:00,0.053966403007507324,24.7353515625,3.9387875217315913,24.68836784362793
2013-10-01 12:00:00+00:00,0.3150806427001953,24.265029907226562,3.666054176019126,22.94415855407715
2013-10-01 18:00:00+00:00,0.21705055236816406,23.123790740966797,4.0142885380217015,22.45732879638672
2013-10-02 00:00:00+00:00,0.12839335203170776,29.479930877685547,3.8648725182731383,29.198686599731445
2013-10-02 06:00:00+00:00,0.295876681804657,59.598419189453125,2.9605289285964256,57.693641662597656
2013-10-02 12:00:00+00:00,0.1045117974281311,28.47869873046875,3.2073798031528926,28.335208892822266
2013-10-03 00:00:00+00:00,0.1993868350982666,55.39011764526367,2.829119357326433,54.59404754638672
2013-10-03 06:00:00+00:00,0.08067870140075684,41.6458625793457,3.1726064595919787,41.511173248291016
2013-10-03 12:00:00+00:00,0.14499175548553467,64.17005157470703,2.24690613813838,63.76009750366211
2013-10-03 18:00:00+00:00,0.19992923736572266,42.8608512878418,3.1663915064880257,42.097225189208984
2013-10-04 00:00:00+00:00,0.28086525201797485,66.54080200195312,2.7009783579645408,64.79953002929688
2013-10-04 06:00:00+00:00,0.3226287364959717,60.769962310791016,2.947201685325731,58.58930969238281
2013-10-04 12:00:00+00:00,0.34058433771133423,70.2730484008789,2.666444127249176,67.82353210449219
2013-10-04 18:00:00+00:00,0.34289300441741943,73.69732666015625,2.5874046400369015,71.0062255859375
2013-10-05 00:00:00+00:00,0.47011709213256836,119.38493347167969,2.1394953980154345,113.26526641845703
2013-10-05 06:00:00+00:00,0.5287126898765564,205.8146514892578,2.091977418553778,196.73345947265625
2013-10-05 12:00:00+00:00,0.47521865367889404,127.40215301513672,2.0235228075372262,122.28355407714844
2013-10-05 18:00:00+00:00,0.48718780279159546,139.126708984375,2.4496550127795484,132.34498596191406
2013-10-06 00:00:00+00:00,0.4234558939933777,108.48979187011719,2.7127835342236253,103.5851821899414
2013-10-06 06:00:00+00:00,0.4385783076286316,146.9118194580078,2.2121283388436526,141.73880004882812
2013-10-06 12:00:00+00:00,0.5018677413463593,172.29920959472656,1.9937106560278406,165.8070526123047
2013-10-06 18:00:00+00:00,0.4445728063583374,136.91880798339844,2.200388805687461,132.07269287109375
2013-10-07 00:00:00+00:00,0.5576558113098145,172.8240966796875,2.2866926303844433,163.11587524414062
2013-10-07 06:00:00+00:00,0.5520281493663788,223.04994201660156,1.9612918030445845,213.71990966796875
2013-10-07 12:00:00+00:00,0.5782912373542786,113.81550598144531,2.2324148196624414,106.29039001464844
2013-10-07 18:00:00+00:00,0.6144066452980042,141.21495056152344,2.620228482714942,130.91943359375
2013-10-08 00:00:00+00:00,0.60287806391716,399.7156066894531,1.6552805541082436,386.4595031738281
2013-10-08 06:00:00+00:00,0.49541032314300537,106.186279296875,2.4044367760236836,101.00578308105469
2013-10-08 12:00:00+00:00,0.5126089453697205,142.5984344482422,2.184595631959475,136.88595581054688
2013-10-08 18:00:00+00:00,0.26146620512008667,364.328369140625,1.5166215641941125,362.1255187988281
2013-10-09 00:00:00+00:00,0.3828432559967041,269.9157409667969,1.851844267273645,266.09674072265625
2013-10-09 06:00:00+00:00,0.3187599778175354,150.1652069091797,1.7533165608029133,147.7572784423828
2013-10-09 12:00:00+00:00,0.33701950311660767,93.37422943115234,2.2367132406627643,91.18700408935547
2013-10-10 00:00:00+00:00,0.24834811687469482,191.48065185546875,2.0003391947463562,189.74803161621094
2013-10-10 06:00:00+00:00,0.12369024753570557,107.31216430664062,2.064599474790647,106.97638702392578
2013-10-10 12:00:00+00:00,0.07402932643890381,116.83592987060547,1.9581920260150398,116.73114013671875
2013-10-10 18:00:00+00:00,0.06558239459991455,171.83587646484375,1.7136769894570225,171.73495483398438
2013-10-11 00:00:00+00:00,0.14534568786621094,141.8217010498047,1.817670135335251,141.30911254882812
2013-10-11 06:00:00+00:00,0.2947804927825928,162.55410766601562,2.2041063943734556,160.2662811279297
2013-10-11 12:00:00+00:00,0.46254920959472656,84.98863983154297,2.442879375457312,81.16515350341797
2013-10-11 18:00:00+00:00,0.6185455322265625,112.50331115722656,2.605775582069336,103.80988311767578
2013-10-12 00:00:00+00:00,0.5942234992980957,127.8610610961914,2.4449541264891277,120.54084014892578
2013-10-12 06:00:00+00:00,0.4425235986709595,128.16603088378906,2.3611204888165482,123.4703369140625
2013-10-12 12:00:00+00:00,0.30129528045654297,87.10380554199219,2.2893259150569905,85.43840789794922
2013-10-12 18:00:00+00:00,0.1956639289855957,60.95153045654297,2.689642381454371,60.19222640991211
2013-10-13 00:00:00+00:00,0.1613982915878296,81.38756561279297,2.2588326684952085,80.84719848632812
2013-10-13 06:00:00+00:00,0.1826547384262085,74.13146209716797,2.7927233331596977,73.37732696533203
2013-10-13 12:00:00+00:00,0.019718050956726074,37.95350646972656,2.9663411478033415,37.94691848754883
2013-10-13 18:00:00+00:00,0.07279711961746216,62.39224624633789,2.3083042281630077,62.280067443847656
2013-10-14 00:00:00+00:00,0.11424881219863892,29.20962142944336,3.1026172739928364,29.004980087280273
2013-10-14 06:00:00+00:00,0.10741007328033447,34.94469451904297,2.694102509818751,34.765377044677734
2013-10-14 12:00:00+00:00,0.2619526982307434,36.18616485595703,2.5616933442020753,35.17059326171875
2013-10-14 18:00:00+00:00,0.34329473972320557,41.71898651123047,2.977529129388629,39.64683532714844
2013-10-15 00:00:00+00:00,0.3049861192703247,58.807861328125,2.6110832076302555,57.099239349365234
2013-10-15 06:00:00+00:00,0.2820121645927429,54.92983627319336,2.665696030511756,53.44710159301758
2013-10-15 12:00:00+00:00,0.30501365661621094,235.77728271484375,1.5567042486141291,233.7532501220703
2013-10-15 18:00:00+00:00,0.31622642278671265,90.48451232910156,2.3399877578114925,88.3838119506836
2013-10-16 00:00:00+00:00,0.3072929382324219,75.24750518798828,2.347852164217697,73.4928970336914
2013-10-16 06:00:00+00:00,0.38807934522628784,58.7191276550293,2.8539879338086775,56.02553939819336
2013-10-16 12:00:00+00:00,0.4046328663825989,40.35179901123047,2.946634067632744,38.23125076293945
2013-10-16 18:00:00+00:00,0.37205833196640015,42.492698669433594,3.0203263533039,40.58197021484375
2013-10-17 00:00:00+00:00,0.35565435886383057,73.57332611083984,2.45777980105002,71.26642608642578
2013-10-17 06:00:00+00:00,0.3725855350494385,44.138675689697266,2.8831345986604435,42.118595123291016
2013-10-17 12:00:00+00:00,0.3469246029853821,54.90485763549805,2.7107387275677763,53.01112747192383
2013-10-17 18:00:00+00:00,0.2933628559112549,33.638423919677734,3.3246024957877793,32.43049240112305
2013-10-18 00:00:00+00:00,0.40341752767562866,52.40572738647461,2.952545043592467,49.743709564208984
2013-10-18 06:00:00+00:00,0.3098143935203552,47.19366455078125,2.966487653069297,45.79676055908203
2013-10-18 12:00:00+00:00,0.41346412897109985,46.05457305908203,3.0987002553858227,43.72181701660156
2013-10-18 18:00:00+00:00,0.3152441382408142,49.558650970458984,2.7743047575944413,48.028079986572266
2013-10-19 00:00:00+00:00,0.22096174955368042,24.975788116455078,3.0713025032700676,24.500152587890625
2013-10-19 06:00:00+00:00,0.24183779954910278,31.766944885253906,3.241739382355335,30.97018051147461
2013-10-19 12:00:00+00:00,0.3141537308692932,25.460800170898438,3.379306750600315,24.313514709472656
2013-10-19 18:00:00+00:00,0.35556042194366455,64.16563415527344,2.930473253912021,61.90375900268555
2013-10-20 00:00:00+00:00,0.39166051149368286,26.808582305908203,3.32854176031218,24.767330169677734
2013-10-20 06:00:00+00:00,0.2888302803039551,50.94206237792969,3.045612752194027,49.59035873413086
2013-10-20 12:00:00+00:00,0.25892311334609985,22.011734008789062,3.8307953022101398,21.211164474487305
2013-10-20 18:00:00+00:00,0.3267897963523865,22.209171295166016,3.7903974741412916,20.88733673095703
2013-10-21 00:00:00+00:00,0.2789660692214966,18.658884048461914,3.8912607290719596,17.87613296508789
2013-10-21 06:00:00+00:00,0.0027655363082885742,18.815486907958984,3.868757957464059,18.81540870666504
2013-10-21 12:00:00+00:00,1.0,1924.441162109375,0.9144531323530221,1924.3931884765625
2013-10-21 18:00:00+00:00,1.0,2168.73388671875,0.40114891317397006,2168.7109375
2013-10-22 00:00:00+00:00,1.0,2392.68798828125,0.7203226946034416,2392.670654296875
2013-10-22 06:00:00+00:00,1.0,2567.57275390625,0.3692924203810634,2567.501220703125
2013-10-22 12:00:00+00:00,1.0,2631.153564453125,0.36965438467157563,2631.130126953125
2013-10-22 18:00:00+00:00,1.0,3064.977294921875,0.44609877983231117,3064.968017578125
2013-10-23 00:00:00+00:00,1.0,3553.696044921875,0.8897606638177668,3553.64501953125
2013-10-23 06:00:00+00:00,1.0,3943.761962890625,0.3547347270387695,3943.7431640625
2013-10-23 12:00:00+00:00,1.0,3822.17529296875,0.3863776476692002,3822.168701171875
2013-10-23 18:00:00+00:00,1.0,4009.911865234375,0.3447215695222802,4009.8740234375
2013-10-24 00:00:00+00:00,1.0,3901.704345703125,0.3784033653041505,3901.69384765625
2013-10-24 06:00:00+00:00,1.0,3898.051025390625,0.3520128290418776,3897.964599609375
2013-10-24 12:00:00+00:00,1.0,3670.735595703125,0.3497509026455503,3670.71728515625
2013-10-25 00:00:00+00:00,1.0,3776.203369140625,0.40800230771447676,3776.203369140625
2013-10-25 06:00:00+00:00,1.0,3677.54931640625,0.3570869396080964,3677.531494140625
2013-10-25 12:00:00+00:00,1.0,3375.231689453125,0.3545539597468226,3375.216552734375
2013-10-25 18:00:00+00:00,1.0,3370.50830078125,0.3709500946123838,3370.50732421875
2013-10-26 00:00:00+00:00,1.0,3172.611572265625,0.458441026949651,3172.572265625
2013-10-26 06:00:00+00:00,1.0,2915.610595703125,0.3622398077917622,2915.560791015625
2013-10-26 12:00:00+00:00,1.0,2519.4169921875,0.37001588385271045,2519.36328125
2013-10-26 18:00:00+00:00,1.0,2567.466796875,0.7423692318246934,2567.466552734375
2013-10-27 00:00:00+00:00,1.0,2520.737548828125,0.4007449983268545,2520.736328125
2013-10-27 06:00:00+00:00,1.0,2331.409912109375,0.550711971648843,2331.408203125
2013-10-27 12:00:00+00:00,1.0,2095.764404296875,0.5569417952341215,2095.762451171875
2013-10-27 18:00:00+00:00,1.0,2175.428955078125,0.4320456855348937,2175.4248046875
2013-10-28 00:00:00+00:00,1.0,2233.593994140625,0.8837034067987962,2233.593994140625
2013-10-28 06:00:00+00:00,1.0,2169.363525390625,0.45460871843814504,2169.3603515625
2013-10-28 12:00:00+00:00,1.0,1885.7734375,0.6886913799482124,1885.755615234375
2013-10-28 18:00:00+00:00,1.0,1914.4337158203125,0.6473232645849374,1914.433349609375
2013-10-29 00:00:00+00:00,1.0,1849.8770751953125,0.7542428638405647,1849.8759765625
2013-10-29 06:00:00+00:00,0.035928189754486084,56.927974700927734,3.4145256937242823,56.888240814208984
2013-10-29 12:00:00+00:00,0.47857117652893066,55.225486755371094,3.4630113442366506,48.287017822265625
2013-10-29 18:00:00+00:00,0.3094475269317627,122.87537384033203,3.0888822916819723,119.5274658203125
2013-10-30 00:00:00+00:00,0.5576361119747162,126.12416076660156,2.931886329288915,117.02010345458984
2013-10-30 06:00:00+00:00,0.6762695014476776,148.66282653808594,3.0888425547105705,131.10546875
2013-10-30 12:00:00+00:00,0.5956529080867767,147.29196166992188,2.999189736390841,135.21299743652344
2013-10-30 18:00:00+00:00,0.5007908642292023,131.50601196289062,2.8743563474242766,124.57421875
2013-10-31 00:00:00+00:00,0.5717107653617859,125.9771728515625,2.9986261489155352,114.61886596679688
2013-10-31 06:00:00+00:00,0.5687253475189209,118.1618423461914,3.0464812074680028,108.16915893554688
2013-10-31 12:00:00+00:00,0.5715479552745819,131.8767852783203,2.566949873799648,121.72695922851562
2013-10-31 18:00:00+00:00,0.3852677345275879,80.57514953613281,2.8036516969714076,76.72615814208984
2013-11-01 00:00:00+00:00,0.5078996121883392,133.938232421875,2.499038893441858,126.45054626464844
2013-11-01 06:00:00+00:00,0.44315481185913086,121.7042465209961,2.4311792358992363,116.0808334350586
2013-11-01 12:00:00+00:00,0.4485553503036499,75.560302734375,2.6079459265846934,72.40975189208984
2013-11-01 18:00:00+00:00,0.43792879581451416,199.42295837402344,2.0270486046232676,194.84246826171875
2013-11-02 00:00:00+00:00,0.5597001314163208,59.20073318481445,2.9518634621740643,53.98897171020508
2013-11-02 06:00:00+00:00,0.5903316736221313,148.83106994628906,2.5938147512152603,139.49180603027344
2013-11-02 12:00:00+00:00,0.5357522666454315,92.81204223632812,2.5331969486478663,88.65538787841797
2013-11-02 18:00:00+00:00,0.31672346591949463,27.482776641845703,3.1726730462690265,26.322166442871094
2013-11-03 00:00:00+00:00,0.23965686559677124,28.16915512084961,3.1967122045692298,27.494474411010742
2013-11-03 06:00:00+00:00,0.4373670220375061,46.49147033691406,2.7512155238488205,44.12667465209961
2013-11-03 12:00:00+00:00,0.47810572385787964,63.89609909057617,2.556613415209818,60.698551177978516
2013-11-03 18:00:00+00:00,0.40815508365631104,82.14533996582031,2.640603474945222,79.1584243774414
2013-11-04 00:00:00+00:00,0.4874773621559143,104.51959228515625,2.3104113566505653,99.6240234375
2013-11-04 06:00:00+00:00,0.6899095177650452,90.35118865966797,2.58523792698175,81.7889633178711
2013-11-04 12:00:00+00:00,0.7130019962787628,171.0717010498047,2.3260516033230836,158.30662536621094
2013-11-04 18:00:00+00:00,0.43411022424697876,68.5798568725586,2.8159520234533435,65.51727294921875
2013-11-05 00:00:00+00:00,0.2629694938659668,103.26438903808594,2.4209588416561343,101.73851776123047
2013-11-05 06:00:00+00:00,0.18873751163482666,56.783363342285156,2.915179166681265,56.17733383178711
2013-11-05 12:00:00+00:00,1.0,2030.8338623046875,0.549564165932801,2030.8106689453125
2013-11-05 18:00:00+00:00,0.3016771078109741,27.135648727416992,3.540445103528485,26.00957489013672
2013-11-06 00:00:00+00:00,0.532225489616394,120.69723510742188,2.3812500428628782,114.51668548583984
2013-11-06 06:00:00+00:00,0.45329737663269043,78.86162567138672,2.572050884666124,75.0849838256836
2013-11-06 12:00:00+00:00,0.4266645908355713,60.29741668701172,2.380339714647083,58.32056427001953
2013-11-06 18:00:00+00:00,0.21699893474578857,39.0849494934082,2.6905422289830407,38.49423599243164
2013-11-07 00:00:00+00:00,0.42792224884033203,143.0910186767578,2.428086584789135,138.3070526123047
2013-11-07 06:00:00+00:00,0.5024768114089966,151.78419494628906,2.2234788511862345,145.6936492919922
2013-11-07 12:00:00+00:00,0.38235795497894287,83.07833862304688,2.2667692672918522,80.8702621459961
2013-11-07 18:00:00+00:00,0.4367845058441162,71.68807983398438,2.685406655036368,68.44820404052734
2013-11-08 00:00:00+00:00,0.40578460693359375,60.86635208129883,2.9309402445845643,58.244972229003906
2013-11-08 06:00:00+00:00,0.43992161750793457,78.7725830078125,2.499950232685536,75.97282409667969
2013-11-08 12:00:00+00:00,0.3776686191558838,59.229591369628906,2.996367101210987,57.05132293701172
2013-11-08 18:00:00+00:00,0.31948089599609375,41.55178451538086,3.07679251553507,40.12294387817383
2013-11-09 00:00:00+00:00,0.3587148189544678,57.56792449951172,2.9573157289911656,55.52562713623047
2013-11-09 06:00:00+00:00,0.44683218002319336,95.40150451660156,3.0253663952782577,89.91878509521484
2013-11-09 12:00:00+00:00,1.0,2081.601318359375,0.3800773605763817,2081.598388671875
2013-11-09 18:00:00+00:00,1.0,1957.7186279296875,0.8937936466323188,1957.7066650390625
2013-11-10 00:00:00+00:00,1.0,1903.950927734375,0.4823855792748626,1903.9466552734375
2013-11-10 06:00:00+00:00,0.41827332973480225,86.39116668701172,2.9837446281006472,81.51123809814453
2013-11-10 12:00:00+00:00,0.5067254900932312,83.48270416259766,2.6988357629787627,77.47327423095703
2013-11-10 18:00:00+00:00,0.5494217574596405,114.53279113769531,2.413130193939253,107.07352447509766
2013-11-11 00:00:00+00:00,0.377932071685791,74.2191390991211,2.858432677008848,70.72196197509766
2013-11-11 06:00:00+00:00,0.43269264698028564,115.80773162841797,2.265193573593797,111.12492370605469
2013-11-11 12:00:00+00:00,0.4331696033477783,115.92633819580078,2.0699318326723826,112.2601318359375
2013-11-11 18:00:00+00:00,0.43225592374801636,99.55147552490234,2.0583498609390514,95.67242431640625
2013-11-12 00:00:00+00:00,0.4138723611831665,83.47422790527344,2.619193122074586,79.58089447021484
2013-11-12 06:00:00+00:00,0.4314959645271301,100.44085693359375,2.272215682314501,96.68729400634766
2013-11-12 12:00:00+00:00,0.36966830492019653,62.046138763427734,2.092493126767731,60.07758712768555
2013-11-12 18:00:00+00:00,0.39806586503982544,63.8760986328125,2.6090456838479077,61.083980560302734
2013-11-13 00:00:00+00:00,0.4118523597717285,82.73375701904297,2.6315921313355095,79.17938995361328
2013-11-13 06:00:00+00:00,0.4018747806549072,80.96250915527344,2.0774461545583756,78.26910400390625
2013-11-13 12:00:00+00:00,0.4345165491104126,86.48255157470703,2.3934639152620654,83.33392333984375
2013-11-13 18:00:00+00:00,0.4250156879425049,146.78408813476562,2.196389975111478,142.6835174560547
2013-11-14 00:00:00+00:00,0.4551546573638916,103.26942443847656,2.4602300611486507,98.67799377441406
2013-11-14 06:00:00+00:00,0.4182395339012146,64.62278747558594,2.5007245633941246,61.564876556396484
2013-11-14 12:00:00+00:00,0.3584427833557129,61.0859260559082,2.5649602782541105,58.614646911621094
2013-11-14 18:00:00+00:00,0.35311686992645264,59.6063117980957,2.5463371379920066,57.399112701416016
2013-11-15 00:00:00+00:00,0.31146734952926636,58.65459060668945,2.527143340168599,56.899105072021484
2013-11-15 06:00:00+00:00,0.3158460259437561,61.312965393066406,2.801358526814091,59.55183410644531
2013-11-15 12:00:00+00:00,0.2792127728462219,66.3405532836914,2.2780084492585093,65.00472259521484
2013-11-15 18:00:00+00:00,0.27570998668670654,51.84404373168945,2.587024476882279,50.439125061035156
2013-11-16 00:00:00+00:00,0.34160661697387695,46.32594299316406,2.8030324719409574,44.34492874145508
2013-11-16 06:00:00+00:00,0.32596689462661743,35.553157806396484,3.2009877334618593,33.90142822265625
2013-11-16 12:00:00+00:00,0.3532426357269287,36.00487518310547,3.2174978610931952,33.98649978637695
2013-11-16 18:00:00+00:00,0.37456679344177246,29.561458587646484,3.5280447249755653,27.577394485473633
2013-11-17 00:00:00+00:00,0.37344682216644287,28.856584548950195,3.50715419592766,26.906936645507812
2013-11-17 06:00:00+00:00,0.4207921624183655,45.57415008544922,3.373989293140605,42.591400146484375
2013-11-17 12:00:00+00:00,0.3322363495826721,27.61506462097168,3.7552046985744347,26.017559051513672
2013-11-17 18:00:00+00:00,0.4521656036376953,32.73655700683594,3.5335754140161586,29.603525161743164
2013-11-18 00:00:00+00:00,0.2792358994483948,24.002761840820312,3.431028332385569,22.82915687561035
2013-11-18 06:00:00+00:00,1.0,4848.0322265625,0.7396819939282597,4847.72119140625
2013-11-18 12:00:00+00:00,1.0,4021.24560546875,0.7489553924282727,4020.704345703125
2013-11-18 18:00:00+00:00,1.0,4709.92431640625,0.7929430064781121,4709.40673828125
2013-11-19 00:00:00+00:00,1.0,4380.81298828125,0.7740422336532,4380.541015625
2013-11-19 06:00:00+00:00,1.0,4447.08837890625,0.37519009724466323,4446.6787109375
2013-11-19 12:00:00+00:00,1.0,3667.524658203125,0.963416196504572,3667.168212890625
2013-11-19 18:00:00+00:00,1.0,4282.5712890625,0.3746245727387455,4282.115234375
2013-11-20 00:00:00+00:00,1.0,3688.501953125,0.3916754023799318,3688.036865234375
2013-11-20 06:00:00+00:00,1.0,3589.43896484375,0.5546796485314283,3588.80419921875
2013-11-20 12:00:00+00:00,1.0,3013.48291015625,0.38417234191681665,3012.968505859375
2013-11-20 18:00:00+00:00,1.0,3186.931884765625,0.39419121379637095,3186.33740234375
2013-11-21 00:00:00+00:00,1.0,2938.21728515625,0.4067459212752369,2937.9208984375
2013-11-21 06:00:00+00:00,1.0,2762.85400390625,0.8354928605072532,2762.54638671875
2013-11-21 12:00:00+00:00,1.0,2451.412353515625,0.8802637944285413,2451.074951171875
2013-11-21 18:00:00+00:00,1.0,2393.4931640625,0.4065749783284067,2393.324951171875
2013-11-22 00:00:00+00:00,1.0,2086.087890625,0.35474596234228056,2085.945556640625
2013-11-22 06:00:00+00:00,1.0,1919.4688720703125,0.871518163764771,1919.3988037109375
2013-11-22 12:00:00+00:00,1.0,1767.8443603515625,0.3539216080866353,1767.8060302734375
2013-11-22 18:00:00+00:00,1.0,1774.0538330078125,0.8412704105344762,1774.006591796875
2013-11-23 00:00:00+00:00,1.0,1602.6866455078125,0.4312937727586718,1602.6671142578125
2013-11-23 06:00:00+00:00,1.0,1493.000244140625,0.33449118875279193,1492.9949951171875
2013-11-23 12:00:00+00:00,1.0,1301.7628173828125,0.3589760807320971,1301.755615234375
2013-11-23 18:00:00+00:00,1.0,1220.946533203125,0.3426405965221658,1220.9422607421875
2013-11-24 00:00:00+00:00,1.0,1104.75927734375,0.3537823016469531,1104.7540283203125
2013-11-24 06:00:00+00:00,1.0,1033.3614501953125,0.36959482913785763,1033.3416748046875
2013-11-24 12:00:00+00:00,1.0,867.0980224609375,0.6499493681950231,867.0872802734375
2013-11-24 18:00:00+00:00,0.3820922374725342,27.06163215637207,3.486881006984544,24.697355270385742
2013-11-25 00:00:00+00:00,0.5423427820205688,51.50171661376953,3.614636592593275,45.623905181884766
2013-11-25 06:00:00+00:00,0.3406050205230713,28.344205856323242,3.7922245937226804,26.78731918334961
2013-11-25 12:00:00+00:00,0.5390390157699585,232.56556701660156,2.332110514142924,225.35409545898438
2013-11-25 18:00:00+00:00,0.40516936779022217,65.81336975097656,3.280920283466707,62.385215759277344
2013-11-26 00:00:00+00:00,0.16255855560302734,23.09839630126953,3.69534227338735,22.783594131469727
2013-11-26 06:00:00+00:00,0.2821781635284424,47.695953369140625,3.3002900585779704,46.31641387939453
2013-11-26 12:00:00+00:00,0.4676992893218994,27.880525588989258,3.7171861693969066,24.64865493774414
2013-11-26 18:00:00+00:00,0.2236013412475586,21.488767623901367,3.749706353146635,20.8961124420166
2013-11-27 00:00:00+00:00,0.22611284255981445,20.8720645904541,3.736191437702872,20.313417434692383
2013-11-27 06:00:00+00:00,0.35473155975341797,25.59292984008789,3.4485826538570055,24.192951202392578
2013-11-27 12:00:00+00:00,0.07358801364898682,18.878704071044922,3.6624642348131324,18.821264266967773
2013-11-27 18:00:00+00:00,0.0867842435836792,33.36532211303711,3.330254213413564,33.270267486572266
2013-11-28 00:00:00+00:00,0.2858768701553345,16.23052215576172,3.889092806456464,15.499594688415527
2013-11-28 06:00:00+00:00,0.216194748878479,24.235858917236328,3.9783627733953737,23.542316436767578
2013-11-28 12:00:00+00:00,0.3094750642776489,22.061859130859375,3.9263085043560135,20.757600784301758
2013-11-29 00:00:00+00:00,1.0,1323.228759765625,0.40179863478040817,1323.2044677734375
2013-11-29 06:00:00+00:00,1.0,1367.9803466796875,0.4000071870215557,1367.923828125
2013-11-29 12:00:00+00:00,1.0,1240.4952392578125,0.5946935728151606,1240.47705078125
2013-11-29 18:00:00+00:00,1.0,1366.2347412109375,0.6798718565817315,1366.208984375
2013-11-30 00:00:00+00:00,1.0,1406.43408203125,0.3922717102433594,1406.4207763671875
2013-11-30 06:00:00+00:00,1.0,1432.512939453125,0.5762749040985048,1432.504638671875
2013-11-30 12:00:00+00:00,1.0,1478.2044677734375,0.5151777126474514,1478.1728515625
2013-11-30 18:00:00+00:00,0.20965445041656494,32.31081771850586,3.4777250949998963,31.62770652770996
2013-12-01 00:00:00+00:00,0.230779767036438,58.811546325683594,2.9640442856302895,57.862770080566406
2013-12-01 06:00:00+00:00,0.3518630266189575,117.41226959228516,2.3117016709737364,114.13976287841797
2013-12-01 12:00:00+00:00,0.2405456304550171,35.714752197265625,3.275418534100734,34.88304901123047
2013-12-01 18:00:00+00:00,0.3507521152496338,64.50209045410156,2.7941245823140495,62.02185821533203
2013-12-02 00:00:00+00:00,0.27469563484191895,68.13147735595703,2.552977608598685,66.69956970214844
2013-12-02 06:00:00+00:00,0.19817852973937988,68.96421813964844,2.5158329953918646,68.19112396240234
2013-12-02 12:00:00+00:00,0.40162360668182373,95.14181518554688,2.148165135951521,92.6015625
2013-12-02 18:00:00+00:00,0.35791218280792236,126.87689208984375,2.0903964357889104,123.83634948730469
2013-12-03 00:00:00+00:00,0.37874042987823486,128.71278381347656,1.9779707845894998,125.36429595947266
2013-12-03 06:00:00+00:00,0.3954911231994629,327.6148376464844,1.5534583689885946,323.7361755371094
2013-12-03 12:00:00+00:00,0.36411237716674805,107.5144271850586,2.3411541981319477,104.71459197998047
2013-12-03 18:00:00+00:00,0.46024835109710693,274.4068603515625,2.214094506943681,267.6448059082031
2013-12-04 00:00:00+00:00,0.4362391233444214,301.5257873535156,1.9202372155002316,294.8208923339844
2013-12-04 06:00:00+00:00,0.4078831672668457,120.97489166259766,2.2345525261987484,117.44873809814453
2013-12-04 12:00:00+00:00,0.3707304000854492,221.83216857910156,1.9549951669056582,218.34674072265625
2013-12-04 18:00:00+00:00,0.29008615016937256,97.8590316772461,2.3574799680205842,96.05099487304688
2013-12-05 00:00:00+00:00,0.41384780406951904,138.193359375,2.7116073619879395,133.55064392089844
2013-12-05 06:00:00+00:00,0.34229326248168945,77.6596450805664,3.1221693396452017,75.0611572265625
2013-12-05 12:00:00+00:00,0.24596166610717773,42.45392608642578,3.255421890003377,41.399410247802734
2013-12-05 18:00:00+00:00,0.46082448959350586,107.46463012695312,2.9071446389277695,102.33493041992188
2013-12-06 00:00:00+00:00,0.27534449100494385,62.833251953125,2.79816276599994,61.24873733520508
2013-12-06 06:00:00+00:00,0.2700697183609009,123.59004211425781,2.0441767855319224,121.84109497070312
2013-12-06 12:00:00+00:00,0.2832525968551636,116.23507690429688,2.2207731654896214,114.14307403564453
2013-12-06 18:00:00+00:00,0.08778417110443115,53.21458053588867,2.9190049673078025,53.05858612060547
2013-12-07 00:00:00+00:00,0.03374969959259033,70.42789459228516,2.504644009959496,70.40120697021484
2013-12-07 06:00:00+00:00,0.04732716083526611,85.10394287109375,2.668780085919356,85.04457092285156
2013-12-07 12:00:00+00:00,0.05829572677612305,57.07851028442383,2.897345137080972,57.00120544433594
2013-12-07 18:00:00+00:00,0.26490694284439087,66.58403015136719,2.397355916796941,65.00341796875
2013-12-08 00:00:00+00:00,0.2907053232192993,49.560760498046875,3.220558615950365,47.7388801574707
2013-12-08 06:00:00+00:00,0.2884543538093567,57.5434455871582,2.6754010744547325,55.80592346191406
2013-12-08 12:00:00+00:00,0.2303682565689087,55.112831115722656,2.6425492617755952,53.98521041870117
2013-12-08 18:00:00+00:00,0.28151482343673706,72.47013092041016,2.572567267125021,70.5925064086914
2013-12-09 00:00:00+00:00,0.3129749894142151,82.37398529052734,2.438258049602353,79.9622802734375
2013-12-09 06:00:00+00:00,0.3891543745994568,112.96638488769531,2.262621648612276,109.19618225097656
2013-12-09 12:00:00+00:00,0.40067821741104126,102.27252960205078,2.1438306820404103,98.37222290039062
2013-12-09 18:00:00+00:00,0.3594735860824585,158.72671508789062,1.7533145044288634,155.19436645507812
2013-12-10 00:00:00+00:00,0.2898603677749634,102.89278411865234,2.09717811630071,100.83988189697266
2013-12-10 06:00:00+00:00,0.3738710284233093,116.61592864990234,2.1636036367467972,113.27247619628906
2013-12-10 12:00:00+00:00,0.33472126722335815,94.4546890258789,2.082891402792702,91.95343780517578
2013-12-10 18:00:00+00:00,0.3836572766304016,162.34939575195312,1.8537620652489664,158.0774383544922
2013-12-11 00:00:00+00:00,0.3548462986946106,113.1706771850586,2.1492402634352574,109.72166442871094
2013-12-11 06:00:00+00:00,0.42659687995910645,342.0307312011719,1.330271768395774,336.4617919921875
2013-12-11 12:00:00+00:00,0.35172295570373535,133.58029174804688,1.6219359353535245,130.51730346679688
2013-12-11 18:00:00+00:00,0.3916580080986023,189.95791625976562,2.082990124075871,184.9229278564453
2013-12-12 00:00:00+00:00,0.37015336751937866,212.8485107421875,1.9689389572149127,207.95042419433594
2013-12-12 06:00:00+00:00,0.3167338967323303,134.7582550048828,2.0578122691002494,132.06704711914062
2013-12-12 12:00:00+00:00,0.36443477869033813,210.50926208496094,1.7793864133321362,206.32432556152344
2013-12-12 18:00:00+00:00,0.2866218090057373,172.2510223388672,1.8168760401831092,169.78131103515625
2013-12-13 00:00:00+00:00,0.38695406913757324,221.71878051757812,1.589728564361267,216.92111206054688
2013-12-13 06:00:00+00:00,0.2492530345916748,78.79869842529297,2.083782014987734,77.32599639892578
2013-12-13 12:00:00+00:00,0.27608025074005127,90.73291015625,2.2953116415072627,88.7101058959961
2013-12-13 18:00:00+00:00,0.301203191280365,85.1314926147461,2.732872266154621,82.7256088256836
2013-12-14 00:00:00+00:00,0.2915366291999817,96.90550231933594,2.244358016312925,94.5650634765625
2013-12-14 06:00:00+00:00,0.22403401136398315,58.34544372558594,2.9401833596886022,57.15167236328125
2013-12-14 12:00:00+00:00,0.29875731468200684,96.38317108154297,2.666558397617434,93.8909683227539
2013-12-14 18:00:00+00:00,0.269927442073822,82.08612823486328,2.443509576355467,80.17842864990234
2013-12-15 00:00:00+00:00,0.16791146993637085,44.408260345458984,3.277696511064923,43.808494567871094
2013-12-15 06:00:00+00:00,0.2299710512161255,50.51931381225586,3.162235136339937,49.39744186401367
2013-12-15 12:00:00+00:00,0.347439169883728,41.34416580200195,3.43538206371438,38.77461624145508
2013-12-15 18:00:00+00:00,0.2907266616821289,57.556522369384766,3.225337460524552,55.29315185546875
2013-12-16 00:00:00+00:00,0.22749274969100952,81.76300048828125,3.3173774977766275,80.20260620117188
2013-12-16 06:00:00+00:00,0.1857309341430664,26.086772918701172,3.7690854434084184,25.54847526550293
2013-12-16 12:00:00+00:00,0.10645425319671631,33.36918258666992,4.107328996350931,33.136375427246094
2013-12-16 18:00:00+00:00,0.10139942169189453,37.394405364990234,3.7918663199725176,37.17454528808594
2013-12-17 00:00:00+00:00,0.06929421424865723,34.561824798583984,3.8136160737830127,34.470245361328125
2013-12-17 06:00:00+00:00,0.3634352684020996,24.289901733398438,3.9233027953460735,22.337156295776367
2013-12-17 12:00:00+00:00,0.05579012632369995,35.034751892089844,3.932860961164492,34.9632682800293
2013-12-17 18:00:00+00:00,0.10049408674240112,34.18637466430664,3.93410740043534,33.97573471069336
2013-12-18 00:00:00+00:00,0.04767930507659912,29.74544906616211,3.672000198316919,29.706689834594727
2013-12-18 06:00:00+00:00,0.04675853252410889,34.69917297363281,4.09690156134318,34.650787353515625
2013-12-18 12:00:00+00:00,0.12178230285644531,36.72566604614258,3.6194581124041663,36.42580032348633
2013-12-18 18:00:00+00:00,0.1443488597869873,46.00914764404297,3.133276332163083,45.52916717529297
2013-12-19 00:00:00+00:00,0.21607625484466553,85.57646942138672,2.667317270068528,84.19749450683594
2013-12-19 06:00:00+00:00,0.20981371402740479,50.9116096496582,3.1382016191453546,49.91166687011719
2013-12-19 12:00:00+00:00,0.3048899173736572,125.78974914550781,2.223538811066441,123.18152618408203
2013-12-19 18:00:00+00:00,0.21844041347503662,174.33584594726562,1.7911437460285984,172.88551330566406
2013-12-20 00:00:00+00:00,0.18373286724090576,106.85730743408203,2.3245849489268826,105.82179260253906
2013-12-20 06:00:00+00:00,0.24679255485534668,90.53694915771484,2.5021840791717516,88.94017028808594
2013-12-20 12:00:00+00:00,0.0507206916809082,45.57467269897461,3.5856101596535788,45.51365661621094
2013-12-20 18:00:00+00:00,0.15920913219451904,97.80432891845703,2.1512545316615728,97.04951477050781
2013-12-21 00:00:00+00:00,0.29027724266052246,234.4470672607422,1.8815835491714799,231.39324951171875
2013-12-21 06:00:00+00:00,0.25225400924682617,130.86402893066406,2.03392480474841,128.92376708984375
2013-12-21 12:00:00+00:00,0.15360116958618164,79.98294830322266,2.2503958505726684,79.36783599853516
2013-12-21 18:00:00+00:00,0.23632991313934326,196.35643005371094,1.754772472664727,194.40765380859375
2013-12-22 00:00:00+00:00,0.19798719882965088,110.35285186767578,2.0922911899388774,109.07721710205078
2013-12-22 06:00:00+00:00,0.1893928050994873,97.27560424804688,2.185394917682526,96.210205078125
2013-12-22 12:00:00+00:00,0.21355819702148438,90.7456283569336,2.3988293132404683,89.43586730957031
2013-12-22 18:00:00+00:00,0.17643749713897705,106.33767700195312,2.426407889481083,105.2742919921875
2013-12-23 00:00:00+00:00,0.18955230712890625,135.0153350830078,2.1206008931649367,133.84500122070312
2013-12-23 06:00:00+00:00,0.15866506099700928,94.48715209960938,2.343814817154229,93.735595703125
2013-12-23 12:00:00+00:00,0.2263033390045166,121.23927307128906,2.2883201658535364,119.6303482055664
2013-12-23 18:00:00+00:00,0.23061788082122803,114.98934173583984,2.3791882793666197,113.20821380615234
2013-12-24 00:00:00+00:00,0.2632124423980713,202.9762725830078,2.0008703134184285,200.4631805419922
2013-12-24 06:00:00+00:00,0.22980618476867676,97.42119598388672,2.4380402696999814,95.8450698852539
2013-12-24 12:00:00+00:00,0.2220081090927124,119.24496459960938,2.331525469167786,117.71682739257812
2013-12-24 18:00:00+00:00,0.2096400260925293,114.14448547363281,2.632418205523633,112.67086029052734
2013-12-25 00:00:00+00:00,0.15107643604278564,129.861328125,2.0265431683479713,129.12139892578125
2013-12-25 06:00:00+00:00,0.13118672370910645,63.69858932495117,2.8063840943128913,63.21364212036133
2013-12-25 12:00:00+00:00,0.10532224178314209,54.245853424072266,3.206983920804322,53.9365348815918
2013-12-25 18:00:00+00:00,0.11546206474304199,65.36270141601562,2.913763774649661,64.97895050048828
2013-12-26 00:00:00+00:00,0.07734346389770508,52.24352264404297,3.3567116446428877,52.08413314819336
2013-12-26 06:00:00+00:00,0.07933926582336426,60.51769256591797,2.857467618466077,60.3379020690918
2013-12-26 12:00:00+00:00,0.11009335517883301,83.90357971191406,2.4339333680818918,83.5434799194336
2013-12-26 18:00:00+00:00,0.1456127166748047,61.92129135131836,3.3463132140689353,61.27684783935547
2013-12-27 00:00:00+00:00,0.171708345413208,77.93062591552734,2.8581293264669543,76.98910522460938
2013-12-27 06:00:00+00:00,0.24704885482788086,91.31551361083984,2.664547524092398,89.4128646850586
2013-12-27 12:00:00+00:00,0.3349320888519287,176.25624084472656,2.2680079791697194,172.37803649902344
2013-12-27 18:00:00+00:00,0.30500495433807373,103.43236541748047,3.2103113578711864,99.94053649902344
2013-12-28 00:00:00+00:00,0.3664240837097168,163.09426879882812,2.6042275975033657,157.92715454101562
2013-12-28 06:00:00+00:00,0.3387399911880493,124.54535675048828,2.8647720892126385,120.43266296386719
2013-12-28 12:00:00+00:00,0.4039093255996704,255.87155151367188,1.8927073000561139,250.17526245117188
2013-12-28 18:00:00+00:00,0.4413900375366211,116.41809844970703,3.164567820489986,110.22100830078125
2013-12-29 00:00:00+00:00,0.40034961700439453,225.3065185546875,1.8197095809407022,219.53990173339844
2013-12-29 06:00:00+00:00,0.4929898977279663,367.24542236328125,1.5611305152793888,357.8118591308594
2013-12-29 12:00:00+00:00,0.36981630325317383,239.15086364746094,1.6365806394682505,234.9542694091797
2013-12-29 18:00:00+00:00,0.4125860929489136,241.05105590820312,2.0028488556464845,234.8340606689453
2013-12-30 00:00:00+00:00,0.37653017044067383,314.317626953125,2.0383423245073944,308.3844909667969
2013-12-30 06:00:00+00:00,0.4433976411819458,250.28089904785156,1.748795401467994,244.24302673339844
2013-12-30 12:00:00+00:00,0.4850243330001831,483.1705017089844,1.5076665446814363,474.4412841796875
2013-12-30 18:00:00+00:00,0.42681610584259033,353.0404357910156,1.6214375337803306,345.1743469238281
2013-12-31 00:00:00+00:00,0.4717475175857544,484.45379638671875,1.7756538859375388,473.300537109375
2013-12-31 06:00:00+00:00,0.43354833126068115,234.02183532714844,1.7849518114154412,227.91783142089844
2013-12-31 12:00:00+00:00,0.40196049213409424,316.1639404296875,1.6998762482117964,310.4469299316406
2013-12-31 18:00:00+00:00,0.3930366039276123,225.4893035888672,1.8500758728051578,220.5369415283203
