timestamp,global_R2,global_energy,global_entropy,global_variance
2018-01-01 00:00:00+00:00,0.005354404449462891,70.82125091552734,2.0830383281079987,70.82044219970703
2018-01-01 06:00:00+00:00,0.002445697784423828,74.12800598144531,2.34150916424899,74.12783813476562
2018-01-01 12:00:00+00:00,0.0210343599319458,67.64332580566406,2.2379278861490746,67.63121032714844
2018-01-01 18:00:00+00:00,0.004175305366516113,62.34733200073242,2.5941317424415993,62.34683609008789
2018-01-02 00:00:00+00:00,0.00315016508102417,80.26085662841797,1.9293364380833922,80.26057434082031
2018-01-02 06:00:00+00:00,0.0040247440338134766,89.63784790039062,1.6942833111813715,89.63739013671875
2018-01-02 12:00:00+00:00,0.03646838665008545,76.58644104003906,2.3121393526601812,76.54911804199219
2018-01-02 18:00:00+00:00,0.011000990867614746,72.72621154785156,2.0134830995236523,72.72283172607422
2018-01-03 00:00:00+00:00,0.013911843299865723,84.49485778808594,1.604384984968053,84.48941802978516
2018-01-03 06:00:00+00:00,0.022591710090637207,85.3111572265625,1.6700186962220778,85.29759216308594
2018-01-03 12:00:00+00:00,0.006379961967468262,66.93064880371094,2.036098888853798,66.92962646484375
2018-01-03 18:00:00+00:00,0.03703570365905762,80.85944366455078,2.0885652578215046,80.82025146484375
2018-01-04 00:00:00+00:00,0.03023386001586914,79.80335998535156,1.6865203054557372,79.77836608886719
2018-01-04 06:00:00+00:00,0.07591390609741211,91.03804016113281,1.9740696367027804,90.88141632080078
2018-01-04 12:00:00+00:00,0.05302846431732178,74.47129821777344,2.047461859828844,74.39856719970703
2018-01-04 18:00:00+00:00,0.08209145069122314,113.41290283203125,1.8060301818174795,113.2118911743164
2018-01-05 00:00:00+00:00,0.05997610092163086,90.21098327636719,1.768337064559556,90.1077651977539
2018-01-05 06:00:00+00:00,0.06220996379852295,98.2547836303711,1.656645969887093,98.1469955444336
2018-01-05 12:00:00+00:00,0.0721825361251831,85.17881774902344,1.8981708488213294,85.03980255126953
2018-01-05 18:00:00+00:00,0.053511977195739746,86.66666412353516,2.074037176049591,86.5829849243164
2018-01-06 00:00:00+00:00,0.06572699546813965,111.46492767333984,1.4528241200263907,111.34141540527344
2018-01-06 06:00:00+00:00,0.06514358520507812,90.79454040527344,1.6924959031284152,90.67923736572266
2018-01-06 12:00:00+00:00,0.05724596977233887,94.00200653076172,1.7819046818416382,93.9107666015625
2018-01-06 18:00:00+00:00,0.06003260612487793,97.25550842285156,1.598614183611382,97.15242767333984
2018-01-07 00:00:00+00:00,0.038292527198791504,73.19063568115234,2.1028059030407307,73.15037536621094
2018-01-07 06:00:00+00:00,0.029363632202148438,59.264503479003906,2.505180641460424,59.242374420166016
2018-01-07 12:00:00+00:00,0.04221630096435547,76.98949432373047,2.1236274110510496,76.94023132324219
2018-01-07 18:00:00+00:00,0.061846375465393066,70.91328430175781,2.3907130194572703,70.80352783203125
2018-01-08 00:00:00+00:00,0.019898533821105957,75.68687438964844,2.0284966735777443,75.67565155029297
2018-01-08 06:00:00+00:00,0.033110737800598145,64.73538970947266,2.355495786467283,64.70733642578125
2018-01-08 12:00:00+00:00,0.034741759300231934,67.01457977294922,2.204538101375695,66.98284912109375
2018-01-08 18:00:00+00:00,0.006746411323547363,70.1723861694336,2.4411509115890984,70.17108917236328
2018-01-09 00:00:00+00:00,0.039884328842163086,126.3142318725586,1.2760309149033158,126.26907348632812
2018-01-09 06:00:00+00:00,0.046205997467041016,92.82527160644531,1.5832319932107906,92.77102661132812
2018-01-09 12:00:00+00:00,0.040349483489990234,54.81319046020508,2.5322767947351643,54.774269104003906
2018-01-09 18:00:00+00:00,0.0334399938583374,75.49360656738281,2.3191710330032373,75.4614486694336
2018-01-10 00:00:00+00:00,0.07911419868469238,260.94818115234375,0.9621296207583478,260.77093505859375
2018-01-10 06:00:00+00:00,0.024657011032104492,90.71144104003906,2.0338544121779085,90.69519805908203
2018-01-10 12:00:00+00:00,0.05056405067443848,77.2243423461914,2.147790017275205,77.15985107421875
2018-01-11 00:00:00+00:00,0.04071855545043945,66.05508422851562,2.3456238595006136,66.014404296875
2018-01-11 06:00:00+00:00,0.026321768760681152,168.8946990966797,1.0264345659541823,168.87709045410156
2018-01-11 12:00:00+00:00,0.0060797929763793945,62.52919006347656,2.054226461667052,62.528324127197266
2018-01-11 18:00:00+00:00,0.02966618537902832,91.56344604492188,1.7147400639428465,91.53878784179688
2018-01-12 00:00:00+00:00,0.02124929428100586,56.70662307739258,2.390684411817056,56.6955680847168
2018-01-12 06:00:00+00:00,0.020218968391418457,53.26558303833008,2.3207682740409177,53.256282806396484
2018-01-12 12:00:00+00:00,0.01043081283569336,68.9822998046875,1.8882042130253782,68.97970581054688
2018-01-12 18:00:00+00:00,0.022359609603881836,74.09722900390625,2.0372245775173488,74.08289337158203
2018-01-13 00:00:00+00:00,0.000545501708984375,52.073909759521484,2.7663178992581874,52.07390213012695
2018-01-13 06:00:00+00:00,0.057491183280944824,52.65877914428711,2.5901314049122655,52.582054138183594
2018-01-13 12:00:00+00:00,0.04320168495178223,53.934165954589844,2.2852392719980217,53.89073181152344
2018-01-13 18:00:00+00:00,0.06701260805130005,75.88724517822266,1.993582282180354,75.7612533569336
2018-01-14 00:00:00+00:00,0.07571637630462646,76.46524810791016,2.0809588352851582,76.31804656982422
2018-01-14 06:00:00+00:00,0.10655850172042847,64.635498046875,2.2462749939342213,64.36456298828125
2018-01-14 12:00:00+00:00,0.07127302885055542,71.13436889648438,2.32224901876981,71.00907897949219
2018-01-14 18:00:00+00:00,0.15376049280166626,118.3121566772461,2.362621659794216,117.55671691894531
2018-01-15 00:00:00+00:00,0.2074933648109436,141.59429931640625,2.001518921916879,140.33204650878906
2018-01-15 06:00:00+00:00,0.24204343557357788,124.03707122802734,1.8406397199905247,122.39382934570312
2018-01-15 12:00:00+00:00,0.23410701751708984,119.89154815673828,1.8743480378417865,118.58872985839844
2018-01-15 18:00:00+00:00,0.22136932611465454,138.86434936523438,1.8798189021323037,137.29193115234375
2018-01-16 00:00:00+00:00,0.299013614654541,128.02340698242188,1.746503023433048,125.50513458251953
2018-01-16 06:00:00+00:00,0.3052697777748108,158.1454315185547,1.7030232987634957,155.69583129882812
2018-01-16 12:00:00+00:00,0.3729468584060669,289.7420349121094,1.2754613871692477,285.9821472167969
2018-01-16 18:00:00+00:00,0.30671513080596924,156.90406799316406,1.865506330527769,154.06320190429688
2018-01-17 00:00:00+00:00,0.2979300022125244,167.905029296875,1.4098361383803502,165.36959838867188
2018-01-17 06:00:00+00:00,0.3470872640609741,164.58775329589844,1.9685178773937986,161.2073516845703
2018-01-17 12:00:00+00:00,0.38705915212631226,187.29501342773438,1.7306114243597563,183.58758544921875
2018-01-18 00:00:00+00:00,0.39460837841033936,218.6944122314453,1.637195113155247,214.21810913085938
2018-01-18 06:00:00+00:00,0.3764287829399109,160.37799072265625,2.0816982271038005,156.24557495117188
2018-01-18 12:00:00+00:00,0.35798490047454834,145.55198669433594,1.6327551142190022,142.19764709472656
2018-01-18 18:00:00+00:00,0.32617712020874023,142.3428955078125,1.857321511367216,139.27981567382812
2018-01-19 00:00:00+00:00,0.38152456283569336,121.42520141601562,2.2328771688678373,117.65287780761719
2018-01-19 06:00:00+00:00,0.35000288486480713,159.5158233642578,1.5914003451221337,156.27439880371094
2018-01-19 12:00:00+00:00,0.3757666349411011,113.63290405273438,2.1249728999548356,110.03719329833984
2018-01-19 18:00:00+00:00,0.3286169767379761,132.74949645996094,2.072280711511938,129.64027404785156
2018-01-20 00:00:00+00:00,0.33320891857147217,181.8480682373047,1.7489161081620779,178.92005920410156
2018-01-20 06:00:00+00:00,0.2838274836540222,150.5707550048828,1.3084734842048775,148.75131225585938
2018-01-20 12:00:00+00:00,0.25552117824554443,77.73696899414062,1.84857365310821,76.42265319824219
2018-01-20 18:00:00+00:00,0.21496891975402832,101.12770080566406,1.5286559094978673,100.0215835571289
2018-01-21 00:00:00+00:00,0.23118215799331665,68.11769104003906,2.1077997537904944,67.02363586425781
2018-01-21 06:00:00+00:00,0.20022642612457275,74.87640380859375,1.987164616417757,74.03389739990234
2018-01-21 12:00:00+00:00,0.18853580951690674,71.8453369140625,1.8736945158260798,71.14110565185547
2018-01-21 18:00:00+00:00,0.18470555543899536,97.2151107788086,1.3475694534445664,96.4144058227539
2018-01-22 00:00:00+00:00,0.14910590648651123,48.612796783447266,2.5387408564146736,48.18218231201172
2018-01-22 06:00:00+00:00,0.1987130045890808,45.49581527709961,2.599167857734023,44.750579833984375
2018-01-22 12:00:00+00:00,0.1792551875114441,42.22634506225586,2.558234609243523,41.67059326171875
2018-01-22 18:00:00+00:00,0.17224913835525513,56.08552169799805,2.0994212440166318,55.43684005737305
2018-01-23 00:00:00+00:00,0.14127957820892334,60.162105560302734,2.026886259853784,59.77812576293945
2018-01-23 06:00:00+00:00,0.1909530758857727,54.885528564453125,2.21962037815557,54.16777420043945
2018-01-23 12:00:00+00:00,0.13317573070526123,41.73344421386719,2.351008266484923,41.43577575683594
2018-01-23 18:00:00+00:00,0.12429887056350708,171.1577606201172,1.1310782788635063,170.77838134765625
2018-01-25 00:00:00+00:00,0.12935101985931396,77.73854064941406,1.4873703014911845,77.43161010742188
2018-01-25 06:00:00+00:00,0.09807425737380981,40.978885650634766,2.739690971255059,40.806915283203125
2018-01-25 12:00:00+00:00,0.11284416913986206,64.2784423828125,1.3403001178514635,64.05825805664062
2018-01-25 18:00:00+00:00,0.08983403444290161,78.89537048339844,1.30553691927955,78.72296142578125
2018-01-26 00:00:00+00:00,0.11271345615386963,39.96129608154297,2.6702983181459308,39.74358367919922
2018-01-26 06:00:00+00:00,0.09795564413070679,49.034610748291016,2.1270888506768526,48.85856628417969
2018-01-26 12:00:00+00:00,0.054550230503082275,39.03261184692383,2.3807519206395895,38.98426818847656
2018-01-26 18:00:00+00:00,0.14704763889312744,105.15913391113281,1.2146969165478998,104.7127914428711
2018-01-27 00:00:00+00:00,0.06874150037765503,47.54961395263672,1.8773839501031122,47.46875762939453
2018-01-27 06:00:00+00:00,0.09290248155593872,38.03581619262695,2.6384932676634976,37.89188766479492
2018-01-27 12:00:00+00:00,0.09608608484268188,60.1616096496582,1.3962832675719383,60.007171630859375
2018-01-27 18:00:00+00:00,0.10604578256607056,42.14240264892578,2.587727381795002,41.930816650390625
2018-01-28 00:00:00+00:00,0.1529424786567688,36.583980560302734,2.6382853057593127,36.211795806884766
2018-01-28 06:00:00+00:00,0.1357707977294922,38.408103942871094,2.1059999489016272,38.11263656616211
2018-01-28 12:00:00+00:00,0.08717882633209229,37.12691879272461,2.1655052288661816,37.0062370300293
2018-01-28 18:00:00+00:00,0.10297834873199463,42.81273651123047,2.386779030720028,42.62351608276367
2018-01-29 00:00:00+00:00,0.08488553762435913,31.816312789916992,2.7125259619520796,31.710739135742188
2018-01-29 06:00:00+00:00,0.09450006484985352,33.401973724365234,2.3146208608073904,33.27023696899414
2018-01-29 12:00:00+00:00,0.09073925018310547,44.3897590637207,2.0039781255793576,44.258026123046875
2018-01-29 18:00:00+00:00,0.02594459056854248,55.603515625,1.6772436671987778,55.591705322265625
2018-01-30 00:00:00+00:00,0.08290362358093262,35.10633087158203,2.161477175221943,35.00575256347656
2018-01-30 06:00:00+00:00,0.020251870155334473,34.47288513183594,2.59751346612347,34.46638870239258
2018-01-30 12:00:00+00:00,0.041721999645233154,34.15784454345703,1.8264853800521808,34.134361267089844
2018-01-30 18:00:00+00:00,0.04275006055831909,36.01552963256836,2.3369943512804845,35.98639678955078
2018-01-31 00:00:00+00:00,0.011454224586486816,34.89971160888672,2.4462009448443225,34.8978157043457
2018-01-31 06:00:00+00:00,0.008355259895324707,35.47145462036133,2.3890465825598737,35.47041320800781
2018-01-31 12:00:00+00:00,0.021534323692321777,36.147308349609375,2.07129739053471,36.14087677001953
2018-01-31 18:00:00+00:00,0.04546761512756348,51.81415557861328,1.7840587675616377,51.78020095825195
2018-02-01 00:00:00+00:00,0.007218599319458008,33.52759552001953,2.1320570891247734,33.52690505981445
2018-02-01 06:00:00+00:00,0.02841663360595703,42.13854217529297,1.682829198836253,42.12701416015625
2018-02-01 12:00:00+00:00,0.022704005241394043,31.736278533935547,2.376007496757816,31.72926902770996
2018-02-01 18:00:00+00:00,0.05011880397796631,39.06431579589844,2.167347129226659,39.02578353881836
2018-02-02 00:00:00+00:00,0.05582988262176514,46.482139587402344,1.6168923246878468,46.439632415771484
2018-02-02 06:00:00+00:00,0.05540144443511963,60.68170928955078,1.251225732960684,60.6347770690918
2018-02-02 12:00:00+00:00,0.03608667850494385,34.4349479675293,2.3383465375015704,34.4170036315918
2018-02-02 18:00:00+00:00,0.022742152214050293,37.81373977661133,2.1229580008875244,37.80581283569336
2018-02-03 00:00:00+00:00,0.00202178955078125,35.41513442993164,2.0667544893942145,35.41508483886719
2018-02-03 06:00:00+00:00,0.008571624755859375,49.822044372558594,1.4388165927581686,49.820980072021484
2018-02-03 12:00:00+00:00,0.07485067844390869,52.278018951416016,1.5416254554408244,52.19874572753906
2018-02-03 18:00:00+00:00,0.016908645629882812,36.70240020751953,1.8709995282236482,36.69820785522461
2018-02-04 00:00:00+00:00,0.00041675567626953125,29.399763107299805,2.2239330442243275,29.399763107299805
2018-02-04 06:00:00+00:00,0.02444756031036377,36.962181091308594,2.435718284638811,36.95317077636719
2018-02-04 12:00:00+00:00,0.024896860122680664,30.025440216064453,2.509049923659331,30.01700782775879
2018-02-04 18:00:00+00:00,0.04407918453216553,42.50625228881836,2.261622379183481,42.475799560546875
2018-02-05 00:00:00+00:00,0.017077207565307617,32.27430725097656,2.402263210661393,32.270530700683594
2018-02-05 06:00:00+00:00,0.007424354553222656,38.25888442993164,2.1787515906429107,38.25806427001953
2018-02-05 12:00:00+00:00,0.01753079891204834,54.7918701171875,1.5519126506718854,54.787330627441406
2018-02-05 18:00:00+00:00,0.00834953784942627,38.981842041015625,2.2448550870236947,38.98073959350586
2018-02-06 00:00:00+00:00,0.013357698917388916,36.87934112548828,2.1334198960217474,36.87700653076172
2018-02-06 06:00:00+00:00,0.01567232608795166,47.836524963378906,2.108971541361381,47.83258819580078
2018-02-06 12:00:00+00:00,0.006533145904541016,49.149147033691406,1.534435105289132,49.14851760864258
2018-02-06 18:00:00+00:00,0.04567897319793701,48.625301361083984,1.744812789222713,48.59254837036133
2018-02-07 00:00:00+00:00,0.03107738494873047,44.09888458251953,2.0821524322298797,44.085025787353516
2018-02-07 06:00:00+00:00,0.024330854415893555,32.70149230957031,2.5048185114480512,32.69303894042969
2018-02-07 12:00:00+00:00,0.004582881927490234,33.882789611816406,2.4143063917325724,33.88249588012695
2018-02-07 18:00:00+00:00,0.017362594604492188,30.375476837158203,2.9142448213059273,30.371116638183594
2018-02-08 00:00:00+00:00,0.009936928749084473,28.549936294555664,2.1849084291589693,28.548709869384766
2018-02-08 06:00:00+00:00,0.03674036264419556,33.36838150024414,2.4720501225244718,33.348793029785156
2018-02-08 12:00:00+00:00,0.07317280769348145,33.445430755615234,2.610302977006407,33.37099838256836
2018-02-08 18:00:00+00:00,0.033813655376434326,34.03699493408203,2.6419623844284947,34.020015716552734
2018-02-09 00:00:00+00:00,0.039142906665802,25.38311195373535,2.5562248669420207,25.36488151550293
2018-02-09 06:00:00+00:00,0.09886550903320312,40.574275970458984,2.430463915134718,40.42902374267578
2018-02-09 12:00:00+00:00,0.07161116600036621,37.435523986816406,2.2624429941695317,37.36251449584961
2018-02-09 18:00:00+00:00,0.08052778244018555,32.81622314453125,2.5750284102213037,32.724945068359375
2018-02-10 00:00:00+00:00,0.13529890775680542,44.19332504272461,2.166463522986121,43.927284240722656
2018-02-10 06:00:00+00:00,0.1510370969772339,43.91239929199219,2.354260682762226,43.54793930053711
2018-02-10 12:00:00+00:00,0.13265913724899292,58.32757568359375,1.4716170737670888,58.05679702758789
2018-02-10 18:00:00+00:00,0.21730458736419678,47.444244384765625,2.3658456308950884,46.6951789855957
2018-02-11 00:00:00+00:00,0.23332279920578003,53.63494873046875,2.1080362737824196,52.819149017333984
2018-02-11 06:00:00+00:00,0.26516276597976685,189.42715454101562,0.9406534202382927,188.1078338623047
2018-02-11 12:00:00+00:00,0.17979973554611206,209.83880615234375,0.8162490595994859,209.29627990722656
2018-02-11 18:00:00+00:00,0.2484779953956604,61.043277740478516,2.3854766789028545,59.939632415771484
2018-02-12 00:00:00+00:00,0.2684328556060791,64.63410186767578,2.214700520756599,63.46002197265625
2018-02-12 06:00:00+00:00,0.2909737825393677,68.13963317871094,2.181947642676187,66.54898834228516
2018-02-12 12:00:00+00:00,0.3680495619773865,50.45100021362305,2.617676378545341,48.436920166015625
2018-02-12 18:00:00+00:00,0.32067710161209106,208.02842712402344,0.8864214838416691,205.9229278564453
2018-02-13 00:00:00+00:00,0.3614014983177185,154.32025146484375,1.1220088851748768,152.14877319335938
2018-02-13 06:00:00+00:00,0.383356511592865,82.84143829345703,2.0431297459631077,80.21976470947266
2018-02-13 12:00:00+00:00,0.40445059537887573,87.1974868774414,1.7487489051666676,84.7934799194336
2018-02-13 18:00:00+00:00,0.37940412759780884,147.16827392578125,1.354113471516144,144.4854278564453
2018-02-14 00:00:00+00:00,0.3780651092529297,86.37425231933594,1.816046996236993,84.21025085449219
2018-02-14 06:00:00+00:00,0.340689480304718,80.59033203125,1.7688460102995978,78.52489471435547
2018-02-14 12:00:00+00:00,0.3704864978790283,145.11000061035156,1.0743325102037595,142.99026489257812
2018-02-14 18:00:00+00:00,0.35000133514404297,49.87799072265625,2.318468517394617,48.107662200927734
2018-02-15 00:00:00+00:00,0.3835363984107971,56.33230209350586,2.0951247184815145,54.40080642700195
2018-02-15 06:00:00+00:00,0.3699081540107727,338.4002990722656,0.9476322182877734,335.58111572265625
2018-02-15 12:00:00+00:00,0.3496176600456238,84.26689147949219,1.9693270407681507,82.19242858886719
2018-02-15 18:00:00+00:00,0.2840093970298767,65.96418762207031,1.8788114928424522,64.6567153930664
2018-02-16 00:00:00+00:00,0.3287174105644226,57.9640998840332,2.0636470407749927,56.42901611328125
2018-02-16 06:00:00+00:00,0.322807252407074,68.59672546386719,2.067725538081894,66.7074966430664
2018-02-16 12:00:00+00:00,0.3189505338668823,54.86008834838867,2.227883812923471,53.2379150390625
2018-02-16 18:00:00+00:00,0.2726607322692871,42.08449172973633,2.576676355988402,40.99977111816406
2018-02-17 00:00:00+00:00,0.286687970161438,53.1518440246582,1.8502040877114465,51.983280181884766
2018-02-17 06:00:00+00:00,0.28248757123947144,61.8720703125,1.9352162612151829,60.540401458740234
2018-02-17 12:00:00+00:00,0.1945323944091797,43.851158142089844,2.191945139006757,43.279823303222656
2018-02-17 18:00:00+00:00,0.23245370388031006,60.220306396484375,2.045202065710643,59.30694580078125
2018-02-18 00:00:00+00:00,0.1958332657814026,43.809410095214844,2.1382443329418246,43.258514404296875
2018-02-18 06:00:00+00:00,0.18722033500671387,47.746463775634766,2.197555791216933,47.15430450439453
2018-02-18 12:00:00+00:00,0.14660710096359253,34.52539825439453,2.692423765761625,34.20781707763672
2018-02-18 18:00:00+00:00,0.19903695583343506,40.28166198730469,2.5136454450001136,39.64563751220703
2018-02-19 00:00:00+00:00,0.16767901182174683,39.679935455322266,2.2435460697017064,39.26700210571289
2018-02-19 06:00:00+00:00,0.16708898544311523,44.054569244384766,2.2883318284212777,43.57954025268555
2018-02-19 12:00:00+00:00,0.18106788396835327,45.113624572753906,1.9681426099756851,44.59959411621094
2018-02-19 18:00:00+00:00,0.16620951890945435,41.38190841674805,2.5906710196951206,40.89706802368164
2018-02-20 00:00:00+00:00,0.17430460453033447,53.05222702026367,1.8221182956346174,52.544071197509766
2018-02-20 06:00:00+00:00,0.15329617261886597,43.80843734741211,2.4683505905952443,43.40289306640625
2018-02-20 12:00:00+00:00,0.19947755336761475,44.0974235534668,2.067463961905847,43.493717193603516
2018-02-20 18:00:00+00:00,0.1647074818611145,63.08966827392578,1.6321546945967036,62.596683502197266
2018-02-21 00:00:00+00:00,0.16323119401931763,41.975040435791016,2.4345158561327738,41.567813873291016
2018-02-21 06:00:00+00:00,0.18461090326309204,51.8386344909668,2.0070035828708,51.25445556640625
2018-02-21 12:00:00+00:00,0.19814825057983398,51.812408447265625,1.7157649573569014,51.2135009765625
2018-02-21 18:00:00+00:00,0.1710193157196045,56.4326286315918,2.05797230474334,55.9221076965332
2018-02-22 00:00:00+00:00,0.1753721833229065,43.069950103759766,2.1585721427678144,42.61491775512695
2018-02-22 06:00:00+00:00,0.18594598770141602,49.144134521484375,2.0839057184455867,48.59375762939453
2018-02-22 12:00:00+00:00,0.18126046657562256,46.57958221435547,1.9007326838628142,46.09317398071289
2018-02-22 18:00:00+00:00,0.13281679153442383,59.111083984375,2.131939148183411,58.7880973815918
2018-02-23 00:00:00+00:00,0.16322797536849976,52.681793212890625,1.6036500086200653,52.26018524169922
2018-02-23 06:00:00+00:00,0.19212132692337036,70.09212493896484,1.551685990226893,69.4442138671875
2018-02-23 12:00:00+00:00,0.14149367809295654,43.96809005737305,2.23500815325602,43.66643142700195
2018-02-23 18:00:00+00:00,0.15577644109725952,61.167236328125,1.8638796288946733,60.748138427734375
2018-02-24 00:00:00+00:00,0.15108346939086914,45.46082305908203,2.044341470035092,45.114627838134766
2018-02-24 06:00:00+00:00,0.13585621118545532,44.86983108520508,2.270816590714951,44.56943130493164
2018-02-24 12:00:00+00:00,0.11734479665756226,42.94514465332031,1.8198138007859195,42.73361587524414
2018-02-24 18:00:00+00:00,0.10466563701629639,52.04081726074219,1.844101186024696,51.84493637084961
2018-02-25 00:00:00+00:00,0.13428986072540283,39.52064895629883,2.1231961511456667,39.263084411621094
2018-02-25 06:00:00+00:00,0.0926063060760498,35.99170684814453,2.5172690530539357,35.86096954345703
2018-02-25 12:00:00+00:00,0.16925722360610962,64.0120849609375,1.5203990844870456,63.584381103515625
2018-02-25 18:00:00+00:00,0.09123498201370239,38.966217041015625,2.4794592761168412,38.829322814941406
2018-02-26 00:00:00+00:00,0.07407081127166748,30.86202049255371,2.2764797308740308,30.788379669189453
2018-02-26 06:00:00+00:00,0.09072607755661011,30.646163940429688,2.6648461843162465,30.53119659423828
2018-02-26 12:00:00+00:00,0.04341346025466919,30.223613739013672,2.3079220635725637,30.198312759399414
2018-02-26 18:00:00+00:00,0.05539441108703613,35.458038330078125,2.3825969960736644,35.4122200012207
2018-02-27 00:00:00+00:00,0.06279325485229492,33.493350982666016,2.142361232541912,33.44257736206055
2018-02-27 06:00:00+00:00,0.06095689535140991,32.05077362060547,2.2793922804591533,32.00082778930664
2018-02-27 12:00:00+00:00,0.05824780464172363,33.18449020385742,1.853254885285336,33.14256286621094
2018-02-27 18:00:00+00:00,0.06138390302658081,40.44856262207031,1.8456453121779723,40.39310073852539
2018-02-28 00:00:00+00:00,0.046375930309295654,46.489288330078125,1.5738703036704698,46.46268081665039
2018-02-28 06:00:00+00:00,0.0319061279296875,55.9747428894043,1.4505120473676596,55.9597282409668
2018-02-28 12:00:00+00:00,0.04157191514968872,36.10776138305664,1.8839378620988405,36.085533142089844
2018-02-28 18:00:00+00:00,0.013375163078308105,35.66575622558594,2.0772057394444525,35.6632080078125
2018-03-01 00:00:00+00:00,0.05353289842605591,35.60174560546875,1.5973828172422047,35.565887451171875
2018-03-01 06:00:00+00:00,0.05309498310089111,31.7678279876709,2.270875437855851,31.72921371459961
2018-03-01 12:00:00+00:00,0.015200376510620117,31.14691162109375,1.9812757034037796,31.14404296875
2018-03-01 18:00:00+00:00,0.018912315368652344,35.06913375854492,2.473635259910119,35.06389617919922
2018-03-02 00:00:00+00:00,0.03169441223144531,31.761512756347656,2.084741432397842,31.74919891357422
2018-03-02 06:00:00+00:00,0.022324085235595703,37.21135330200195,2.1971669267662137,37.20441436767578
2018-03-02 12:00:00+00:00,0.021110057830810547,36.715206146240234,1.7188605678841966,36.7094612121582
2018-03-02 18:00:00+00:00,0.02913641929626465,44.46574783325195,1.715532032122549,44.453643798828125
2018-03-03 00:00:00+00:00,0.028000593185424805,28.463594436645508,2.173665026648834,28.454381942749023
2018-03-03 06:00:00+00:00,0.009689092636108398,39.0373420715332,1.936570535735803,39.03604507446289
2018-03-03 12:00:00+00:00,0.009509801864624023,29.64088249206543,2.180076764529822,29.639799118041992
2018-03-03 18:00:00+00:00,0.007496953010559082,35.2859001159668,2.431988171286373,35.28511047363281
2018-03-04 00:00:00+00:00,0.059860825538635254,33.57003402709961,1.7103153495195929,33.527992248535156
2018-03-04 06:00:00+00:00,0.026791810989379883,38.42152404785156,1.811001283799756,38.4117431640625
2018-03-04 12:00:00+00:00,0.02147698402404785,30.99131965637207,2.2626896525743776,30.985595703125
2018-03-04 18:00:00+00:00,0.020271897315979004,33.04263687133789,2.270972663654543,33.03700256347656
2018-03-05 00:00:00+00:00,0.0008853673934936523,37.96421432495117,1.705744827349672,37.96420669555664
2018-03-05 06:00:00+00:00,0.03591698408126831,44.08082962036133,1.6700595553210158,44.062477111816406
2018-03-05 12:00:00+00:00,0.016905903816223145,29.770931243896484,2.0937400689801184,29.767465591430664
2018-03-05 18:00:00+00:00,0.026627063751220703,34.10309982299805,2.082069028456758,34.093563079833984
2018-03-06 00:00:00+00:00,0.007655978202819824,41.521915435791016,1.7084307433165988,41.521209716796875
2018-03-06 06:00:00+00:00,0.035697102546691895,35.4909782409668,2.151757340149842,35.47335433959961
2018-03-06 12:00:00+00:00,0.05657553672790527,36.06019973754883,2.016838081897286,36.018497467041016
2018-03-06 18:00:00+00:00,0.04587674140930176,33.126216888427734,2.261292490680924,33.09782409667969
2018-03-07 00:00:00+00:00,0.04210853576660156,32.78913879394531,2.0989930061575737,32.76801300048828
2018-03-07 06:00:00+00:00,0.012052059173583984,32.634010314941406,2.594246301953883,32.63191223144531
2018-03-07 12:00:00+00:00,0.01666116714477539,27.269577026367188,2.7105071713815745,27.26596450805664
2018-03-07 18:00:00+00:00,0.0029424428939819336,31.079683303833008,2.194312271464487,31.07956886291504
2018-03-08 00:00:00+00:00,0.020336031913757324,29.400108337402344,2.349350800981069,29.3948917388916
2018-03-08 06:00:00+00:00,0.02110123634338379,35.24502182006836,2.5507124030839408,35.238189697265625
2018-03-08 12:00:00+00:00,0.05484670400619507,33.536903381347656,2.4612290446395733,33.49406814575195
2018-03-08 18:00:00+00:00,0.03263652324676514,36.24242401123047,2.005343455747988,36.22697448730469
2018-03-09 00:00:00+00:00,0.07164782285690308,37.150146484375,2.123497443754898,37.08060073852539
2018-03-09 06:00:00+00:00,0.1185266375541687,39.13460159301758,2.4603155274792003,38.92023468017578
2018-03-09 12:00:00+00:00,0.08139055967330933,41.87257766723633,2.4891386953746206,41.77509689331055
2018-03-09 18:00:00+00:00,0.16038966178894043,60.642662048339844,1.6080815976260754,60.2601432800293
2018-03-10 00:00:00+00:00,0.1898714303970337,40.749210357666016,2.460264778467086,40.239585876464844
2018-03-10 06:00:00+00:00,0.22224777936935425,53.41495895385742,2.1197106689698915,52.60881423950195
2018-03-10 12:00:00+00:00,0.19456344842910767,68.17537689208984,1.3980351592805804,67.60167694091797
2018-03-10 18:00:00+00:00,0.18909788131713867,63.15653610229492,1.9624028144596182,62.59431838989258
2018-03-11 00:00:00+00:00,0.25462478399276733,54.074462890625,2.150673696290418,53.12657928466797
2018-03-11 06:00:00+00:00,0.2735363841056824,55.7905387878418,2.307106726146498,54.5501594543457
2018-03-11 12:00:00+00:00,0.26273590326309204,56.19131088256836,2.0060461048383376,55.165626525878906
2018-03-11 18:00:00+00:00,0.3361585736274719,72.25688934326172,2.211223006366229,70.24774169921875
2018-03-12 00:00:00+00:00,0.32608598470687866,73.88134765625,1.5445692634487096,72.14303588867188
2018-03-12 06:00:00+00:00,0.35403972864151,81.8038330078125,2.170810659030771,79.46021270751953
2018-03-12 12:00:00+00:00,0.3414231538772583,85.22905731201172,1.5689607301964772,83.20333862304688
2018-03-12 18:00:00+00:00,0.3344341516494751,79.50452423095703,2.0390611743104237,77.43202209472656
2018-03-13 00:00:00+00:00,0.2556125521659851,71.29537963867188,1.25605666040893,70.30945587158203
2018-03-13 06:00:00+00:00,0.2753906846046448,64.86917114257812,2.034586134593447,63.58677291870117
2018-03-13 12:00:00+00:00,0.31170886754989624,72.54006958007812,2.027541312768863,70.8743667602539
2018-03-13 18:00:00+00:00,0.2587854266166687,59.1368522644043,2.244035472121136,58.04770278930664
2018-03-14 00:00:00+00:00,0.3191014528274536,66.38937377929688,2.1099724050842537,64.71300506591797
2018-03-14 06:00:00+00:00,0.32386964559555054,66.7571792602539,2.0633782059439763,64.90601348876953
2018-03-14 12:00:00+00:00,0.31221485137939453,63.04555130004883,1.9776909714200825,61.54100799560547
2018-03-14 18:00:00+00:00,0.29131585359573364,61.17268753051758,2.376243780703858,59.73207473754883
2018-03-15 00:00:00+00:00,0.3119140863418579,52.89913558959961,2.106472621190263,51.41289138793945
2018-03-15 06:00:00+00:00,0.27590954303741455,60.320003509521484,2.0669872919022874,59.115562438964844
2018-03-15 12:00:00+00:00,0.2749786972999573,57.95163345336914,2.0648388751986495,56.76155090332031
2018-03-15 18:00:00+00:00,0.28363168239593506,48.954063415527344,2.3391636474861044,47.6251106262207
2018-03-16 00:00:00+00:00,0.2678413391113281,57.23773193359375,2.0989017439792677,56.163856506347656
2018-03-16 06:00:00+00:00,0.21754109859466553,46.21882247924805,2.0807312033824696,45.50504684448242
2018-03-16 12:00:00+00:00,0.24478137493133545,45.2776985168457,1.6817742411678491,44.42301940917969
2018-03-16 18:00:00+00:00,0.24554145336151123,45.567779541015625,2.2966285192948206,44.627960205078125
2018-03-17 00:00:00+00:00,0.15942001342773438,37.22858810424805,2.272799017685216,36.8863639831543
2018-03-17 06:00:00+00:00,0.2140330672264099,43.31174087524414,2.661101787462866,42.605953216552734
2018-03-17 12:00:00+00:00,0.17909693717956543,33.46095657348633,2.761103339826234,33.03742218017578
2018-03-17 18:00:00+00:00,0.18426352739334106,151.87184143066406,0.776300214848292,151.32386779785156
2018-03-18 00:00:00+00:00,0.1957545280456543,30.249391555786133,2.6231748243520085,29.765228271484375
2018-03-18 06:00:00+00:00,0.17408645153045654,39.93936538696289,2.018107225187271,39.51066207885742
2018-03-18 12:00:00+00:00,0.17158567905426025,40.43626403808594,2.004276118470537,40.05881118774414
2018-03-18 18:00:00+00:00,0.17642217874526978,34.56559371948242,2.4144378295405033,34.122802734375
2018-03-19 00:00:00+00:00,0.20759260654449463,43.98366165161133,1.8824078469240222,43.41297149658203
2018-03-19 06:00:00+00:00,0.19976288080215454,46.97850036621094,2.0904978329691604,46.40540313720703
2018-03-19 12:00:00+00:00,0.21478456258773804,38.448951721191406,1.725661188382618,37.89914321899414
2018-03-19 18:00:00+00:00,0.2099558711051941,44.8643913269043,1.925822055318609,44.25813293457031
2018-03-20 00:00:00+00:00,0.1628550887107849,31.993318557739258,2.5513471060603017,31.68095588684082
2018-03-20 06:00:00+00:00,0.2502468228340149,62.07664489746094,1.352550964176582,61.20303726196289
2018-03-20 12:00:00+00:00,0.2283903956413269,62.157955169677734,1.251984356650722,61.47231674194336
2018-03-20 18:00:00+00:00,0.21638226509094238,47.52063751220703,2.1392787211565376,46.828277587890625
2018-03-21 00:00:00+00:00,0.26128900051116943,51.58183670043945,1.8363263072000995,50.71872329711914
2018-03-21 06:00:00+00:00,0.2690132260322571,56.78123474121094,1.7855947751187922,55.710716247558594
2018-03-21 12:00:00+00:00,0.2289590835571289,36.67872619628906,2.009392727817461,36.039100646972656
2018-03-21 18:00:00+00:00,0.27296149730682373,53.19178771972656,2.013423370159499,52.09693908691406
2018-03-22 00:00:00+00:00,0.25526267290115356,43.6546630859375,1.9073246138942501,42.843841552734375
2018-03-22 06:00:00+00:00,0.25446563959121704,46.53662109375,2.2113723601380424,45.554786682128906
2018-03-22 12:00:00+00:00,0.26095205545425415,54.46446228027344,1.8572759785203066,53.50484085083008
2018-03-22 18:00:00+00:00,0.25134390592575073,73.55075073242188,1.4718000865232397,72.50743865966797
2018-03-23 00:00:00+00:00,0.25537943840026855,49.56553649902344,1.9289887225894589,48.62670135498047
2018-03-23 06:00:00+00:00,0.23573797941207886,51.9743766784668,2.1819150878709594,51.0537109375
2018-03-23 12:00:00+00:00,0.2626246213912964,50.24003601074219,2.08498334577112,49.16558074951172
2018-03-23 18:00:00+00:00,0.25084227323532104,52.327239990234375,1.9284337162143534,51.33325958251953
2018-03-24 00:00:00+00:00,0.22699838876724243,41.9795036315918,2.0179057241677527,41.26759719848633
2018-03-24 06:00:00+00:00,0.19042646884918213,38.46137237548828,2.4629547972236554,37.91300964355469
2018-03-24 12:00:00+00:00,0.18468934297561646,30.647119522094727,2.4443525932501236,30.181520462036133
2018-03-24 18:00:00+00:00,0.18184292316436768,45.366943359375,1.7377391269920774,44.885257720947266
2018-03-25 00:00:00+00:00,0.11615753173828125,34.89617156982422,2.3119273966759306,34.71547317504883
2018-03-25 06:00:00+00:00,0.09109961986541748,35.64694595336914,2.570906766163606,35.52396774291992
2018-03-25 12:00:00+00:00,0.07780152559280396,42.298526763916016,1.9825214407887615,42.21247100830078
2018-03-25 18:00:00+00:00,0.03901505470275879,35.773963928222656,2.2392912153438997,35.75257110595703
2018-03-26 00:00:00+00:00,0.06069153547286987,32.555728912353516,1.8744122909141476,32.5110969543457
2018-03-26 06:00:00+00:00,0.06909465789794922,34.37053298950195,2.208646268793812,34.30326461791992
2018-03-26 12:00:00+00:00,0.07458764314651489,26.944324493408203,2.617703735930116,26.875301361083984
2018-03-26 18:00:00+00:00,0.02799755334854126,29.40298080444336,2.8343295592459845,29.392274856567383
2018-03-27 00:00:00+00:00,0.0511854887008667,29.978500366210938,2.132630250479433,29.946510314941406
2018-03-27 06:00:00+00:00,0.01176828145980835,31.719621658325195,2.487522680745868,31.717641830444336
2018-03-27 12:00:00+00:00,0.03661149740219116,32.88917922973633,2.2528706535018896,32.87116622924805
2018-03-27 18:00:00+00:00,0.04297769069671631,31.04903221130371,2.1638790218455233,31.023603439331055
2018-03-28 00:00:00+00:00,0.007821083068847656,37.1163215637207,1.6333600281503011,37.115543365478516
2018-03-28 06:00:00+00:00,0.02274477481842041,48.16354751586914,1.557652632445112,48.155643463134766
2018-03-28 12:00:00+00:00,0.03471642732620239,34.25413131713867,2.377113339006917,34.23732376098633
2018-03-28 18:00:00+00:00,0.01919013261795044,34.58112335205078,2.3446057358880936,34.575775146484375
2018-03-29 00:00:00+00:00,0.004302859306335449,27.960651397705078,2.400461863967019,27.960407257080078
2018-03-29 06:00:00+00:00,0.016835927963256836,37.43244171142578,2.0492832597473574,37.428096771240234
2018-03-29 12:00:00+00:00,0.02372276782989502,32.22026062011719,2.2869047395518525,32.21223068237305
2018-03-29 18:00:00+00:00,0.02660471200942993,30.29119110107422,2.6241555002062955,30.280807495117188
2018-03-30 00:00:00+00:00,0.006945371627807617,34.42980194091797,2.115212836129262,34.42912673950195
2018-03-30 06:00:00+00:00,0.00482940673828125,37.733642578125,2.5334985564225083,37.7332649230957
2018-03-30 12:00:00+00:00,0.0684809684753418,33.08303451538086,2.509429688959533,33.01354217529297
2018-03-30 18:00:00+00:00,0.012840867042541504,38.60205078125,2.082426776902,38.59945297241211
2018-03-31 00:00:00+00:00,0.016665637493133545,32.30266571044922,2.123448508453118,32.29895782470703
2018-03-31 06:00:00+00:00,0.0020390748977661133,54.361751556396484,1.2787308582008634,54.3616828918457
2018-03-31 12:00:00+00:00,0.00836801528930664,35.01275634765625,1.9429646992253702,35.01171112060547
2018-03-31 18:00:00+00:00,0.008598566055297852,36.85905838012695,2.236621473781608,36.857940673828125
2018-04-01 00:00:00+00:00,0.04040813446044922,31.65951156616211,2.429215773859674,31.636775970458984
2018-04-01 06:00:00+00:00,0.04392343759536743,33.989105224609375,2.7363408985793636,33.958251953125
2018-04-01 12:00:00+00:00,0.008788228034973145,36.737972259521484,2.3858021083835057,36.736751556396484
2018-04-01 18:00:00+00:00,0.013694405555725098,33.88574981689453,2.442869509849465,33.88284683227539
2018-04-02 00:00:00+00:00,0.00643157958984375,29.6915283203125,2.7124378683827994,29.69095802307129
2018-04-02 06:00:00+00:00,0.007000923156738281,39.523658752441406,2.216396673739714,39.52285385131836
2018-04-02 12:00:00+00:00,0.038979411125183105,78.70539093017578,1.1139233169609515,78.67977905273438
2018-04-02 18:00:00+00:00,0.04978072643280029,40.25352478027344,2.3512865456197263,40.21151351928711
2018-04-03 00:00:00+00:00,0.009232699871063232,42.29441833496094,1.7150647133121228,42.293148040771484
2018-04-03 06:00:00+00:00,0.0028606653213500977,49.151973724365234,1.9016391716739416,49.15183639526367
2018-04-03 12:00:00+00:00,0.04095238447189331,43.329002380371094,2.479391259602676,43.300743103027344
2018-04-03 18:00:00+00:00,0.017046570777893066,45.529598236083984,1.9815690854401924,45.5246467590332
2018-04-04 00:00:00+00:00,0.05170798301696777,37.367210388183594,2.4616233456849375,37.32819366455078
2018-04-04 06:00:00+00:00,0.10151994228363037,40.61700439453125,2.5269744807193866,40.45076370239258
2018-04-04 12:00:00+00:00,0.11974602937698364,47.995758056640625,2.1041783568279353,47.77013397216797
2018-04-04 18:00:00+00:00,0.17007601261138916,109.27101135253906,1.477535789620676,108.71481323242188
2018-04-05 00:00:00+00:00,0.16020441055297852,61.35682678222656,1.6649846048564543,60.98000717163086
2018-04-05 06:00:00+00:00,0.20872098207473755,126.70037841796875,1.242911141717794,125.88153839111328
2018-04-05 12:00:00+00:00,0.21137094497680664,92.10392761230469,1.356381045514816,91.35444641113281
2018-04-05 18:00:00+00:00,0.21467387676239014,86.62578582763672,1.718461247073758,85.8413314819336
2018-04-06 00:00:00+00:00,0.17683333158493042,68.81778717041016,1.5674255393814305,68.34449768066406
2018-04-06 06:00:00+00:00,0.21884357929229736,123.40159606933594,1.1580508903293558,122.60249328613281
2018-04-06 12:00:00+00:00,0.22002506256103516,73.56900024414062,1.6665665785464627,72.81715393066406
2018-04-06 18:00:00+00:00,0.2915605902671814,121.45699310302734,1.6257023659092196,119.97177124023438
2018-04-07 00:00:00+00:00,0.2821502089500427,73.84349822998047,1.7481352624378272,72.70983123779297
2018-04-07 06:00:00+00:00,0.24888771772384644,114.55216979980469,1.2250225596074902,113.64041137695312
2018-04-07 12:00:00+00:00,0.3400236964225769,205.24301147460938,1.1382020023273647,203.03016662597656
2018-04-07 18:00:00+00:00,0.3122606873512268,101.21479034423828,1.739823991231864,99.63130950927734
2018-04-08 00:00:00+00:00,0.36911290884017944,75.0379638671875,1.9774818235625442,73.11693572998047
2018-04-08 06:00:00+00:00,0.3366774320602417,58.454185485839844,2.03182321864937,56.81435012817383
2018-04-08 12:00:00+00:00,0.3105663061141968,56.092063903808594,1.8800733467929065,54.7610969543457
2018-04-08 18:00:00+00:00,0.3619588017463684,99.13794708251953,1.6674743091012094,96.89702606201172
2018-04-09 00:00:00+00:00,0.3066864013671875,61.71756362915039,1.9270407494917685,60.42548751831055
2018-04-09 06:00:00+00:00,0.3481385111808777,74.82037353515625,1.9097758837679453,72.7765121459961
2018-04-09 12:00:00+00:00,0.3369668126106262,48.84455108642578,2.500126343656767,47.135902404785156
2018-04-09 18:00:00+00:00,0.296705424785614,55.894683837890625,2.0001019071780712,54.565250396728516
2018-04-10 00:00:00+00:00,0.33597224950790405,38.60702133178711,2.6829253214061874,37.26565933227539
2018-04-10 06:00:00+00:00,0.28735071420669556,54.56110763549805,2.2951105478605567,53.3033447265625
2018-04-10 12:00:00+00:00,0.27808278799057007,43.00743103027344,2.490425419810885,41.9153938293457
2018-04-10 18:00:00+00:00,0.2840220332145691,65.75691223144531,1.8962585396179328,64.56704711914062
2018-04-11 00:00:00+00:00,0.24506765604019165,32.43422317504883,2.7027039635475933,31.70097541809082
2018-04-11 06:00:00+00:00,0.2974241375923157,33.72822952270508,2.8505889464391165,32.472354888916016
2018-04-11 12:00:00+00:00,0.31327635049819946,36.77586364746094,2.551539706778697,35.444339752197266
2018-04-12 00:00:00+00:00,0.2848415970802307,25.164697647094727,2.6664822808334945,24.210552215576172
2018-04-12 06:00:00+00:00,0.28355807065963745,43.09221649169922,2.3568986407630836,41.85221862792969
2018-04-12 12:00:00+00:00,0.2107958197593689,29.78117561340332,2.4732718774623828,29.223304748535156
2018-04-12 18:00:00+00:00,0.22492551803588867,26.560932159423828,3.143696165604078,25.9047794342041
2018-04-13 00:00:00+00:00,0.10235434770584106,107.96358489990234,1.2641335491589705,107.82460021972656
2018-04-13 06:00:00+00:00,0.176116943359375,26.672494888305664,2.9815191333847433,26.246047973632812
2018-04-13 12:00:00+00:00,0.20247411727905273,38.480594635009766,2.294929436220642,37.906524658203125
2018-04-13 18:00:00+00:00,0.15646523237228394,29.266090393066406,3.066114520935507,28.91742706298828
2018-04-14 00:00:00+00:00,0.08961021900177002,29.921947479248047,2.847232052528682,29.81439781188965
2018-04-14 06:00:00+00:00,0.23496699333190918,43.474159240722656,2.4029770792198035,42.64602279663086
2018-04-14 12:00:00+00:00,0.22482085227966309,51.84623336791992,2.034786052980128,51.17830276489258
2018-04-14 18:00:00+00:00,0.20479577779769897,35.878997802734375,2.4203902860494013,35.29913330078125
2018-04-15 00:00:00+00:00,0.14475131034851074,38.93891525268555,2.1705260214276123,38.658390045166016
2018-04-15 06:00:00+00:00,0.2697463631629944,240.3292236328125,0.9106114662706422,239.1184844970703
2018-04-15 12:00:00+00:00,0.15148335695266724,40.510005950927734,1.874831019111558,40.22327423095703
2018-04-15 18:00:00+00:00,0.18214696645736694,59.65962219238281,1.7748638565694828,59.20393371582031
2018-04-16 00:00:00+00:00,0.16190147399902344,39.67966842651367,1.8205624439906472,39.37004089355469
2018-04-16 06:00:00+00:00,0.1822780966758728,48.87258529663086,1.918608775049547,48.41360855102539
2018-04-16 12:00:00+00:00,0.2316499948501587,70.9742660522461,1.3827226284363419,70.24966430664062
2018-04-16 18:00:00+00:00,0.19443267583847046,36.48914337158203,1.916986290558745,36.057743072509766
2018-04-17 00:00:00+00:00,0.21275603771209717,50.124717712402344,1.7075645236402957,49.592342376708984
2018-04-17 06:00:00+00:00,0.21079230308532715,45.41674041748047,1.9815515341908543,44.83344268798828
2018-04-17 12:00:00+00:00,0.22826248407363892,45.391841888427734,1.8463366283675435,44.673221588134766
2018-04-17 18:00:00+00:00,0.2295926809310913,46.14706802368164,2.273913574624781,45.46086120605469
2018-04-18 00:00:00+00:00,0.18800890445709229,50.67484664916992,1.791719127515674,50.237979888916016
2018-04-18 06:00:00+00:00,0.22720050811767578,103.03022003173828,1.1487353021258635,102.2231674194336
2018-04-18 12:00:00+00:00,0.24463671445846558,54.16223907470703,1.8505478278549674,53.22484588623047
2018-04-19 00:00:00+00:00,0.18145114183425903,40.648834228515625,2.2474664266465925,40.18990707397461
2018-04-19 06:00:00+00:00,0.20385712385177612,44.70623779296875,2.3208642324761524,44.050594329833984
2018-04-19 18:00:00+00:00,0.15449845790863037,38.15642547607422,2.359850684063111,37.77735137939453
2018-04-20 00:00:00+00:00,0.14449691772460938,38.0203857421875,2.2318428803047223,37.71641540527344
2018-04-20 06:00:00+00:00,0.11447447538375854,35.9741096496582,2.638928214870186,35.77309799194336
2018-04-20 12:00:00+00:00,0.11108142137527466,47.76422119140625,1.748975602258328,47.57350540161133
2018-04-20 18:00:00+00:00,0.16075646877288818,82.73297119140625,1.3921689212478918,82.31877899169922
2018-04-21 00:00:00+00:00,0.1413285732269287,75.50331115722656,0.9536424275172667,75.19904327392578
2018-04-21 06:00:00+00:00,0.08731186389923096,36.99067306518555,2.3716871297529165,36.872459411621094
2018-04-21 12:00:00+00:00,0.10874736309051514,111.49580383300781,0.9216884023021903,111.31111907958984
2018-04-21 18:00:00+00:00,0.11134845018386841,57.38877868652344,1.3442450958583003,57.1927490234375
2018-04-22 00:00:00+00:00,0.04650348424911499,34.70440673828125,2.0507798985864683,34.674495697021484
2018-04-22 06:00:00+00:00,0.11105149984359741,42.9062385559082,2.126076850587534,42.71202087402344
2018-04-22 12:00:00+00:00,0.10918235778808594,52.91337203979492,1.957611091268462,52.728275299072266
2018-04-22 18:00:00+00:00,0.08704572916030884,53.735774993896484,1.5850032372350285,53.61832809448242
2018-04-23 00:00:00+00:00,0.08060544729232788,39.153648376464844,1.7704176082367253,39.0600471496582
2018-04-23 06:00:00+00:00,0.1048848032951355,49.19469451904297,2.0020735970780033,49.017913818359375
2018-04-23 12:00:00+00:00,0.051575660705566406,34.526344299316406,2.504858052179493,34.4864387512207
2018-04-23 18:00:00+00:00,0.16100895404815674,100.13143920898438,1.1949538579762502,99.7255859375
2018-04-24 00:00:00+00:00,0.12876147031784058,37.11735153198242,1.9823975190566192,36.89093780517578
2018-04-24 06:00:00+00:00,0.1330738663673401,132.9241943359375,1.0108023926609453,132.6291046142578
2018-04-24 12:00:00+00:00,0.06546127796173096,57.493080139160156,1.5368802365662533,57.42476272583008
2018-04-24 18:00:00+00:00,0.051557838916778564,40.3731575012207,2.216628440888198,40.32944107055664
2018-04-25 00:00:00+00:00,0.10223162174224854,32.290122985839844,2.541062980490136,32.14377975463867
2018-04-25 06:00:00+00:00,0.10269200801849365,39.116416931152344,2.575413393027551,38.95016860961914
2018-04-25 12:00:00+00:00,0.11249643564224243,34.96931076049805,2.395634002018405,34.769203186035156
2018-04-25 18:00:00+00:00,0.10548710823059082,48.184539794921875,1.6988716556127628,48.003238677978516
2018-04-26 00:00:00+00:00,0.1424962282180786,34.46546173095703,2.1567197755027694,34.18585968017578
2018-04-26 06:00:00+00:00,0.080180823802948,49.29842758178711,1.5646320189667555,49.2030029296875
2018-04-26 12:00:00+00:00,0.07760947942733765,55.098976135253906,1.6039939514995398,55.006526947021484
2018-04-26 18:00:00+00:00,0.07621735334396362,44.5767707824707,1.7127362154051782,44.487701416015625
2018-04-27 00:00:00+00:00,0.09314930438995361,35.97087860107422,2.183135071121068,35.84492492675781
2018-04-27 06:00:00+00:00,0.07346701622009277,33.69989013671875,2.350251594298738,33.62128448486328
2018-04-27 12:00:00+00:00,0.05941581726074219,34.24661636352539,2.067692755945207,34.19578552246094
2018-04-27 18:00:00+00:00,0.07995957136154175,33.24772262573242,2.2961632495381084,33.155860900878906
2018-04-28 00:00:00+00:00,0.05063283443450928,29.591373443603516,2.5066137731319937,29.557010650634766
2018-04-28 06:00:00+00:00,0.02921426296234131,33.17253112792969,2.138661088730654,33.16010665893555
2018-04-28 12:00:00+00:00,0.016039013862609863,32.443416595458984,2.163817143877428,32.4398078918457
2018-04-28 18:00:00+00:00,0.03542613983154297,33.1727294921875,2.1902828415993985,33.15402603149414
2018-04-29 00:00:00+00:00,0.04442322254180908,31.850610733032227,1.981570403404552,31.82372283935547
2018-04-29 06:00:00+00:00,0.06285262107849121,34.652381896972656,2.253684316648392,34.592708587646484
2018-04-29 12:00:00+00:00,0.040984392166137695,32.13179016113281,2.590947233986089,32.10778045654297
2018-04-29 18:00:00+00:00,0.04663652181625366,48.6258430480957,1.5142592601553837,48.59196853637695
2018-04-30 00:00:00+00:00,0.029494643211364746,34.93545913696289,1.7602546214901156,34.92369842529297
2018-04-30 06:00:00+00:00,0.06583929061889648,36.15586853027344,2.464851951538832,36.093223571777344
2018-04-30 12:00:00+00:00,0.0566897988319397,36.56721115112305,2.1533230259047573,36.52030563354492
2018-04-30 18:00:00+00:00,0.03551340103149414,35.03562927246094,2.0989600277009406,35.01764678955078
2018-05-01 00:00:00+00:00,0.06414204835891724,36.01008987426758,2.343913169582031,35.955806732177734
2018-05-01 06:00:00+00:00,0.024702727794647217,40.740379333496094,1.7996423604846765,40.73160171508789
2018-05-01 12:00:00+00:00,0.05485260486602783,45.48248291015625,1.7388865488625147,45.437705993652344
2018-05-01 18:00:00+00:00,0.09232962131500244,50.24782943725586,1.8405058370898821,50.124000549316406
2018-05-02 00:00:00+00:00,0.08659940958023071,36.77095413208008,2.0510187797376034,36.67189025878906
2018-05-02 06:00:00+00:00,0.11826980113983154,47.20364761352539,1.6984874460126516,47.008811950683594
2018-05-02 12:00:00+00:00,0.12132227420806885,46.28940200805664,2.0246602350507565,46.08576202392578
2018-05-02 18:00:00+00:00,0.16181957721710205,61.36980056762695,1.7957887825824437,60.978485107421875
2018-05-03 00:00:00+00:00,0.20129460096359253,60.747840881347656,1.7157758066840982,60.170013427734375
2018-05-03 06:00:00+00:00,0.20307838916778564,105.28058624267578,1.3639659744651156,104.60909271240234
2018-05-03 12:00:00+00:00,0.18993550539016724,56.12147521972656,1.8467209887322489,55.607574462890625
2018-05-03 18:00:00+00:00,0.19084954261779785,58.63295364379883,1.9513428649986837,58.1224479675293
2018-05-04 00:00:00+00:00,0.24077200889587402,62.90380859375,1.7669977109158173,62.11875915527344
2018-05-04 06:00:00+00:00,0.1980181336402893,64.6439437866211,1.98713319581747,64.01181030273438
2018-05-04 12:00:00+00:00,0.2319735288619995,56.477989196777344,1.8711698850892968,55.69382095336914
2018-05-04 18:00:00+00:00,0.18472719192504883,76.23095703125,1.6301291803466496,75.71634674072266
2018-05-05 00:00:00+00:00,0.17860227823257446,52.42319107055664,1.976557587902237,51.97905731201172
2018-05-05 06:00:00+00:00,0.20983433723449707,54.099945068359375,1.9572119379288409,53.40037536621094
2018-05-05 12:00:00+00:00,0.1998225450515747,69.93182373046875,1.5440716617598866,69.2788314819336
2018-05-05 18:00:00+00:00,0.1874365210533142,72.33283996582031,1.5595302727275058,71.78033447265625
2018-05-06 00:00:00+00:00,0.1764853596687317,42.55908966064453,1.8875013110324415,42.1589469909668
2018-05-06 06:00:00+00:00,0.1543644666671753,88.06810760498047,1.153611642899917,87.66143798828125
2018-05-06 12:00:00+00:00,0.1271054744720459,54.10015869140625,1.9961891865356673,53.83854675292969
2018-05-06 18:00:00+00:00,0.14784181118011475,45.851871490478516,2.2720241622832535,45.49853515625
2018-05-07 00:00:00+00:00,0.11595112085342407,48.161865234375,1.7498419615885874,47.96572494506836
2018-05-07 06:00:00+00:00,0.17382913827896118,108.32212829589844,1.1123541504663075,107.79423522949219
2018-05-07 12:00:00+00:00,0.13992315530776978,40.430763244628906,2.0960471262584486,40.135841369628906
2018-05-07 18:00:00+00:00,0.14544439315795898,42.88463592529297,2.1193988049830232,42.55339813232422
2018-05-08 00:00:00+00:00,0.1104326844215393,37.42277908325195,2.002045942494374,37.252105712890625
2018-05-08 06:00:00+00:00,0.039095163345336914,40.20431900024414,1.9236729309652052,40.181060791015625
2018-05-08 12:00:00+00:00,0.07476300001144409,36.811309814453125,2.5477605345904797,36.72286605834961
2018-05-08 18:00:00+00:00,0.052239954471588135,32.7193603515625,2.572258811631972,32.677913665771484
2018-05-09 00:00:00+00:00,0.07061886787414551,31.079723358154297,2.657344588947946,31.008031845092773
2018-05-09 06:00:00+00:00,0.08987587690353394,33.624603271484375,2.735243303143936,33.501678466796875
2018-05-09 12:00:00+00:00,0.05514591932296753,34.67306900024414,2.3313929949733874,34.62648010253906
2018-05-09 18:00:00+00:00,0.014684200286865234,36.14028549194336,2.2003675555004736,36.13691711425781
2018-05-10 00:00:00+00:00,0.0385013222694397,30.76761245727539,2.6996370667008756,30.746519088745117
2018-05-10 06:00:00+00:00,0.04866290092468262,38.045013427734375,2.2953596615198686,38.008399963378906
2018-05-10 12:00:00+00:00,0.04738450050354004,35.19759750366211,2.497639739479498,35.16156768798828
2018-05-10 18:00:00+00:00,0.060444414615631104,34.94712448120117,2.648790847962963,34.88859939575195
2018-05-11 00:00:00+00:00,0.06239616870880127,35.598873138427734,3.013759328553599,35.53715896606445
2018-05-11 06:00:00+00:00,0.027026712894439697,43.5963020324707,2.595036445057974,43.58370590209961
2018-05-11 12:00:00+00:00,0.10524094104766846,40.70115661621094,2.7106402490512096,40.51634979248047
2018-05-11 18:00:00+00:00,0.008147001266479492,39.26627731323242,2.707445288523589,39.26520538330078
2018-05-12 00:00:00+00:00,0.05221492052078247,97.83499145507812,1.3089941579240147,97.79513549804688
2018-05-12 06:00:00+00:00,0.07881665229797363,37.20722198486328,2.1658086941201695,37.12382507324219
2018-05-12 12:00:00+00:00,0.04016667604446411,29.619287490844727,2.837655286552204,29.598669052124023
2018-05-12 18:00:00+00:00,0.06099802255630493,42.06877517700195,2.145339321925144,42.01823425292969
2018-05-13 00:00:00+00:00,0.025037765502929688,143.35227966308594,0.9686062513906025,143.34385681152344
2018-05-13 06:00:00+00:00,0.12223470211029053,33.32655334472656,2.6652166218048485,33.14118576049805
2018-05-13 12:00:00+00:00,0.08722597360610962,40.6561393737793,2.1542953655686543,40.551517486572266
2018-05-13 18:00:00+00:00,0.16909289360046387,224.1336212158203,1.3577633244199154,223.63755798339844
2018-05-14 00:00:00+00:00,0.0748147964477539,28.767906188964844,2.5857860064300526,28.700780868530273
2018-05-14 06:00:00+00:00,0.06699329614639282,33.182857513427734,2.519837557553568,33.1225700378418
2018-05-14 12:00:00+00:00,0.12624019384384155,47.896671295166016,2.007811880708834,47.67420196533203
2018-05-14 18:00:00+00:00,0.08068376779556274,44.9847412109375,1.8443041485129805,44.900028228759766
2018-05-15 00:00:00+00:00,0.08127260208129883,33.738590240478516,2.225888369093581,33.65463638305664
2018-05-15 06:00:00+00:00,0.1554497480392456,41.228973388671875,2.209037920598389,40.88935852050781
2018-05-15 12:00:00+00:00,0.08835411071777344,46.87860870361328,1.9907583586201603,46.765830993652344
2018-05-15 18:00:00+00:00,0.06161004304885864,47.12856674194336,1.8560539240004017,47.070194244384766
2018-05-16 00:00:00+00:00,0.08880233764648438,33.881046295166016,2.052495530346742,33.774497985839844
2018-05-16 06:00:00+00:00,0.04827725887298584,33.74913787841797,2.218797511483266,33.71738815307617
2018-05-16 12:00:00+00:00,0.0244520902633667,46.4437370300293,1.9580899516566843,46.43447494506836
2018-05-16 18:00:00+00:00,0.05005013942718506,32.089378356933594,2.7604857765571573,32.0517578125
2018-05-17 00:00:00+00:00,0.005907177925109863,31.346088409423828,2.182905370057532,31.345611572265625
2018-05-17 06:00:00+00:00,0.002825498580932617,34.22226333618164,2.216121852691869,34.22215270996094
2018-05-17 12:00:00+00:00,0.005241036415100098,32.61183166503906,2.8516007965641976,32.61142349243164
2018-05-17 18:00:00+00:00,0.006478548049926758,43.22114944458008,1.8501352335941532,43.220523834228516
2018-05-18 00:00:00+00:00,0.0516817569732666,42.924781799316406,1.8201303191846467,42.886444091796875
2018-05-18 06:00:00+00:00,0.04154562950134277,39.92204284667969,1.8362661229712618,39.89677047729492
2018-05-18 12:00:00+00:00,0.007655739784240723,51.11878204345703,1.603162890622978,51.117916107177734
2018-05-18 18:00:00+00:00,0.011069297790527344,37.12229537963867,1.986085209827682,37.12059020996094
2018-05-19 00:00:00+00:00,0.0010951757431030273,37.230918884277344,1.850752388646962,37.230899810791016
2018-05-19 06:00:00+00:00,0.04500138759613037,39.715576171875,2.2633837449368044,39.6865234375
2018-05-19 12:00:00+00:00,0.06470286846160889,40.09440612792969,1.9228154868185738,40.03496551513672
2018-05-19 18:00:00+00:00,0.02792060375213623,32.3570442199707,2.224699218054499,32.34678268432617
2018-05-20 00:00:00+00:00,0.08958804607391357,37.619834899902344,1.749142740180685,37.51552200317383
2018-05-20 06:00:00+00:00,0.07816421985626221,50.94798278808594,1.6874331311191069,50.856422424316406
2018-05-20 12:00:00+00:00,0.10435783863067627,39.03091812133789,2.229858072803096,38.877803802490234
2018-05-20 18:00:00+00:00,0.029972076416015625,27.895366668701172,2.6977177084146136,27.883359909057617
2018-05-21 00:00:00+00:00,0.06082189083099365,31.661069869995117,2.003517207444074,31.613615036010742
2018-05-21 06:00:00+00:00,0.017751455307006836,31.964502334594727,2.0491204619100754,31.9602108001709
2018-05-21 12:00:00+00:00,0.03269696235656738,35.227901458740234,1.8965875577607572,35.212955474853516
2018-05-21 18:00:00+00:00,0.007802486419677734,55.63869094848633,1.314103518663084,55.6378173828125
2018-05-22 00:00:00+00:00,0.0294225811958313,25.618423461914062,2.4797287326658033,25.607662200927734
2018-05-22 06:00:00+00:00,0.011542677879333496,28.141836166381836,2.5214830228799854,28.14005470275879
2018-05-22 12:00:00+00:00,0.04073888063430786,35.446861267089844,2.1044129235174127,35.42266082763672
2018-05-22 18:00:00+00:00,0.0025475025177001953,38.7349739074707,2.404326838164767,38.73487091064453
2018-05-23 00:00:00+00:00,0.00041115283966064453,45.40230941772461,1.6804287377152447,45.402305603027344
2018-05-23 06:00:00+00:00,0.022528767585754395,35.97126770019531,1.9442318343475602,35.96410369873047
2018-05-23 12:00:00+00:00,0.03946530818939209,51.58626937866211,1.5655050254142362,51.56412887573242
2018-05-23 18:00:00+00:00,0.018487870693206787,44.540775299072266,1.8736575085234215,44.53571319580078
2018-05-24 00:00:00+00:00,0.005118250846862793,53.12947463989258,1.4505739866426568,53.12908172607422
2018-05-24 06:00:00+00:00,0.019420921802520752,30.679494857788086,2.3164158499061007,30.6743106842041
2018-05-24 12:00:00+00:00,0.013391435146331787,31.00938606262207,2.639594869713297,31.006872177124023
2018-05-24 18:00:00+00:00,0.02576977014541626,33.12614059448242,2.4184973361387185,33.1165885925293
2018-05-25 00:00:00+00:00,0.07125937938690186,32.63929748535156,2.1311874545248513,32.569068908691406
2018-05-25 06:00:00+00:00,0.03154444694519043,47.9756965637207,1.647925739336328,47.96022033691406
2018-05-25 12:00:00+00:00,0.005106568336486816,38.59703826904297,2.1892408172017843,38.59663772583008
2018-05-25 18:00:00+00:00,0.03500300645828247,38.07646560668945,1.9994865529473378,38.05828857421875
2018-05-26 00:00:00+00:00,0.0421375036239624,35.63908767700195,2.180766655863996,35.61273956298828
2018-05-26 06:00:00+00:00,0.06946074962615967,38.818363189697266,2.379713513066144,38.74192428588867
2018-05-26 12:00:00+00:00,0.07357722520828247,57.10277557373047,1.592394879985413,57.014671325683594
2018-05-26 18:00:00+00:00,0.09634184837341309,49.12049865722656,1.9821976914346189,48.96849822998047
2018-05-27 00:00:00+00:00,0.10042482614517212,38.80600357055664,2.256915275564194,38.65637969970703
2018-05-27 06:00:00+00:00,0.09602057933807373,126.10688781738281,0.953798222561402,125.9560317993164
2018-05-27 12:00:00+00:00,0.1175374984741211,39.05067825317383,2.24566819203373,38.846900939941406
2018-05-27 18:00:00+00:00,0.15677374601364136,46.356693267822266,2.1552230459382,45.98375701904297
2018-05-28 00:00:00+00:00,0.17147111892700195,56.185569763183594,1.6914232420640296,55.75346374511719
2018-05-28 06:00:00+00:00,0.13053417205810547,38.2998161315918,2.4085364778774565,38.05216598510742
2018-05-28 12:00:00+00:00,0.20061850547790527,114.70832061767578,0.9542858976507264,114.07575225830078
2018-05-28 18:00:00+00:00,0.2373751401901245,63.49578857421875,2.1351655772125127,62.59618377685547
2018-05-29 00:00:00+00:00,0.1599697470664978,341.4186706542969,0.7876289571826102,340.98516845703125
2018-05-29 06:00:00+00:00,0.2630508542060852,52.34187316894531,2.1063858610861717,51.29611587524414
2018-05-29 12:00:00+00:00,0.283904492855072,58.46666717529297,2.2703342995625837,57.2325439453125
2018-05-29 18:00:00+00:00,0.2840518355369568,76.6781234741211,1.7078044038447966,75.48316192626953
2018-05-30 00:00:00+00:00,0.3182874321937561,95.4146957397461,1.6864728313828705,93.6360092163086
2018-05-30 06:00:00+00:00,0.23505377769470215,49.58481979370117,2.071253270897426,48.80352020263672
2018-05-30 12:00:00+00:00,0.1667541265487671,193.0849609375,0.886827065884821,192.62367248535156
2018-05-30 18:00:00+00:00,0.23550498485565186,86.017333984375,1.6311592083264699,85.16629028320312
2018-05-31 00:00:00+00:00,0.19835889339447021,63.57237243652344,2.049091981209982,62.98225402832031
2018-05-31 06:00:00+00:00,0.19666874408721924,72.15576171875,1.8041441075277747,71.52670288085938
2018-05-31 12:00:00+00:00,0.14674949645996094,64.1607437133789,1.8052318603873503,63.8250617980957
2018-05-31 18:00:00+00:00,0.15376520156860352,81.8838119506836,1.6678802950728475,81.50189971923828
2018-06-01 00:00:00+00:00,0.14853549003601074,60.89174270629883,1.5589024117116583,60.56926727294922
2018-06-01 06:00:00+00:00,0.11953389644622803,55.348331451416016,1.6961762337208022,55.127174377441406
2018-06-01 12:00:00+00:00,0.10839956998825073,68.89756774902344,1.4052538043061675,68.71055603027344
2018-06-01 18:00:00+00:00,0.09201240539550781,50.40121841430664,1.7908966698980315,50.27119445800781
2018-06-02 00:00:00+00:00,0.08214074373245239,66.60436248779297,1.3855413605901359,66.50148010253906
2018-06-02 06:00:00+00:00,0.08274054527282715,40.99369430541992,2.5064286994684615,40.88827133178711
2018-06-02 12:00:00+00:00,0.04836851358413696,43.24388885498047,2.1488938254120233,43.20721435546875
2018-06-02 18:00:00+00:00,0.012772858142852783,35.306541442871094,2.3641155151967856,35.30409240722656
2018-06-03 00:00:00+00:00,0.010910630226135254,36.04806137084961,2.449899807439119,36.04630661010742
2018-06-03 06:00:00+00:00,0.05895078182220459,46.034423828125,1.7989982894269974,45.978790283203125
2018-06-03 12:00:00+00:00,0.031175673007965088,39.82402420043945,1.985563227255699,39.80893325805664
2018-06-03 18:00:00+00:00,0.040454745292663574,38.94678497314453,2.3723666126033662,38.92127227783203
2018-06-04 00:00:00+00:00,0.03524315357208252,31.89151954650879,2.260127620734231,31.874135971069336
2018-06-04 06:00:00+00:00,0.04318130016326904,33.391109466552734,2.3912327537765643,33.362239837646484
2018-06-04 12:00:00+00:00,0.06309080123901367,31.445079803466797,2.755885256562562,31.38540267944336
2018-06-04 18:00:00+00:00,0.08487045764923096,31.82286262512207,2.4865232149509082,31.7171630859375
2018-06-05 00:00:00+00:00,0.12867355346679688,27.344778060913086,2.981057077183018,27.115083694458008
2018-06-05 06:00:00+00:00,0.13878464698791504,33.50749206542969,2.4985520861379973,33.22052001953125
2018-06-05 12:00:00+00:00,0.1458989381790161,34.40825653076172,2.6204005398215506,34.086544036865234
2018-06-05 18:00:00+00:00,0.1523817777633667,37.36983871459961,2.4283453132329047,37.0223503112793
2018-06-06 00:00:00+00:00,0.12605500221252441,30.405195236206055,2.608506858020873,30.183399200439453
2018-06-06 06:00:00+00:00,0.057947397232055664,110.68290710449219,1.2137140658596721,110.62947082519531
2018-06-06 12:00:00+00:00,0.15926504135131836,30.212373733520508,2.9914223399899447,29.832683563232422
2018-06-06 18:00:00+00:00,0.12759017944335938,33.3449592590332,2.6854940275029593,33.10280227661133
2018-06-07 00:00:00+00:00,0.13523316383361816,26.12962532043457,3.2935117363407977,25.88553810119629
2018-06-07 06:00:00+00:00,0.08597004413604736,41.383243560791016,2.327374517842481,41.262638092041016
2018-06-07 12:00:00+00:00,0.19459950923919678,39.87822341918945,2.43156560571832,39.30991744995117
2018-06-07 18:00:00+00:00,0.1478104591369629,26.052371978759766,3.565445869368875,25.738483428955078
2018-06-08 00:00:00+00:00,0.033635854721069336,26.911577224731445,3.5547482277844917,26.895456314086914
2018-06-08 06:00:00+00:00,0.07751250267028809,33.43968200683594,2.802343307835338,33.3465461730957
2018-06-08 12:00:00+00:00,0.09427833557128906,25.298063278198242,3.3874883151727193,25.180889129638672
2018-06-08 18:00:00+00:00,0.07776463031768799,30.77538299560547,2.707545701356999,30.69443702697754
2018-06-09 00:00:00+00:00,0.005935370922088623,28.899539947509766,3.2322010493596944,28.899066925048828
2018-06-09 06:00:00+00:00,0.08966231346130371,28.548646926879883,2.807024318945011,28.449087142944336
2018-06-09 12:00:00+00:00,0.004755795001983643,36.691650390625,2.3607728919914286,36.69135284423828
2018-06-09 18:00:00+00:00,0.021680891513824463,38.21265411376953,2.396412221873563,38.20623016357422
2018-06-10 00:00:00+00:00,0.01532125473022461,30.236650466918945,2.8025626168779403,30.23348045349121
2018-06-10 06:00:00+00:00,0.007506847381591797,26.849985122680664,3.04047515662533,26.849239349365234
2018-06-10 12:00:00+00:00,0.06544554233551025,28.334897994995117,3.1343930276468037,28.275096893310547
2018-06-10 18:00:00+00:00,0.05716907978057861,28.160476684570312,2.937158977770838,28.117034912109375
2018-06-11 00:00:00+00:00,0.0748291015625,25.93057632446289,3.2480761048161915,25.85841941833496
2018-06-11 06:00:00+00:00,0.11823785305023193,34.843772888183594,2.3839743267270435,34.64715576171875
2018-06-11 12:00:00+00:00,0.12323522567749023,28.749813079833984,3.0360676377485483,28.545246124267578
2018-06-11 18:00:00+00:00,0.1300588846206665,31.12159538269043,2.839655333696305,30.879899978637695
2018-06-12 00:00:00+00:00,0.1301051378250122,34.13982391357422,2.490893133136298,33.88823699951172
2018-06-12 06:00:00+00:00,0.1302405595779419,33.319705963134766,2.34355850105775,33.093379974365234
2018-06-12 12:00:00+00:00,0.13550126552581787,31.724153518676758,2.879581516241407,31.465307235717773
2018-06-12 18:00:00+00:00,0.10795021057128906,41.460121154785156,2.37239508764571,41.27690887451172
2018-06-13 00:00:00+00:00,0.10804104804992676,32.07747268676758,2.599783172475738,31.91292953491211
2018-06-13 06:00:00+00:00,0.09164154529571533,35.66242599487305,2.2868150398514784,35.54497146606445
2018-06-13 12:00:00+00:00,0.13475990295410156,37.11647415161133,2.4813932319047343,36.84517288208008
2018-06-13 18:00:00+00:00,0.1074666976928711,39.31729507446289,2.3517176627343384,39.14189529418945
2018-06-14 00:00:00+00:00,0.16203570365905762,43.926292419433594,2.172924152526524,43.52381134033203
2018-06-14 06:00:00+00:00,0.16416871547698975,36.97887420654297,2.308213515723197,36.58621597290039
2018-06-14 12:00:00+00:00,0.19495725631713867,32.98448181152344,2.6878823292170075,32.45058822631836
2018-06-14 18:00:00+00:00,0.13080108165740967,36.09332275390625,2.449612447840045,35.84123611450195
2018-06-15 00:00:00+00:00,0.18100666999816895,37.909847259521484,2.4012951612155766,37.43246841430664
2018-06-15 06:00:00+00:00,0.16513359546661377,33.79701232910156,2.5228683802171536,33.42240524291992
2018-06-15 12:00:00+00:00,0.2075291872024536,37.18978500366211,2.5781542905099806,36.55121612548828
2018-06-15 18:00:00+00:00,0.1930760145187378,41.74148941040039,2.30541693385397,41.1748161315918
2018-06-16 00:00:00+00:00,0.14937925338745117,37.68952178955078,2.553040613715592,37.351409912109375
2018-06-16 06:00:00+00:00,0.1940845251083374,41.8337516784668,2.2279657736806193,41.23186111450195
2018-06-16 12:00:00+00:00,0.16479742527008057,36.46240234375,2.363998523684826,36.0692024230957
2018-06-16 18:00:00+00:00,0.1594698429107666,36.92720031738281,2.3076011863232853,36.5552864074707
2018-06-17 00:00:00+00:00,0.06496310234069824,36.617794036865234,2.252922451684672,36.55393600463867
2018-06-17 06:00:00+00:00,0.13238978385925293,45.43262481689453,1.9888814910797694,45.14848327636719
2018-06-17 12:00:00+00:00,0.11370265483856201,38.76504135131836,2.484872719973085,38.56010437011719
2018-06-17 18:00:00+00:00,0.11086952686309814,42.20964431762695,2.665808114493848,41.999576568603516
2018-06-18 00:00:00+00:00,0.07405376434326172,32.64335632324219,2.7318277650527882,32.564903259277344
2018-06-18 06:00:00+00:00,0.14703905582427979,36.226688385009766,2.430717650118144,35.89649200439453
2018-06-18 12:00:00+00:00,0.07763671875,99.45576477050781,1.295088262642734,99.35929870605469
2018-06-18 18:00:00+00:00,0.11728835105895996,30.96088981628418,2.701796172345771,30.761991500854492
2018-06-19 00:00:00+00:00,0.1297377347946167,51.63869857788086,1.6125219849115533,51.36677551269531
2018-06-19 06:00:00+00:00,0.14849233627319336,37.863521575927734,2.3447023953138686,37.53228759765625
2018-06-19 12:00:00+00:00,0.1577693223953247,115.30276489257812,0.7612820916423585,114.91812133789062
2018-06-19 18:00:00+00:00,0.12773752212524414,33.169471740722656,2.3979093872438138,32.933746337890625
2018-06-20 00:00:00+00:00,0.13219022750854492,38.38687515258789,1.8931733782893478,38.136959075927734
2018-06-20 06:00:00+00:00,0.12329447269439697,34.1022834777832,2.595716801499846,33.89021301269531
2018-06-20 12:00:00+00:00,0.1225273609161377,35.792850494384766,2.2538452717418345,35.58127975463867
2018-06-20 18:00:00+00:00,0.09613466262817383,45.2204704284668,1.7771105275146553,45.08112716674805
2018-06-21 00:00:00+00:00,0.05748629570007324,32.61403274536133,2.713642224913988,32.56608200073242
2018-06-21 06:00:00+00:00,0.031742215156555176,37.48377227783203,2.2863340209985585,37.46798324584961
2018-06-21 12:00:00+00:00,0.06069648265838623,39.3917121887207,1.7258041256147334,39.33860778808594
2018-06-21 18:00:00+00:00,0.03289514780044556,185.40887451171875,1.0042409098848093,185.39068603515625
2018-06-22 00:00:00+00:00,0.005543231964111328,283.2707214355469,0.3535144640384918,283.27020263671875
2018-06-22 06:00:00+00:00,0.030777692794799805,36.17068862915039,2.4670634319133944,36.15644454956055
2018-06-22 12:00:00+00:00,0.023499727249145508,36.64851760864258,1.8946008983882827,36.64067459106445
2018-06-22 18:00:00+00:00,0.03946042060852051,44.85102462768555,1.727496313024437,44.82648468017578
2018-06-23 00:00:00+00:00,0.053099632263183594,34.31028747558594,2.2183448308386655,34.269622802734375
2018-06-23 06:00:00+00:00,0.07817816734313965,40.30519485473633,2.2080118103388076,40.21631622314453
2018-06-23 12:00:00+00:00,0.06945997476577759,35.868896484375,2.41391159633946,35.79996871948242
2018-06-23 18:00:00+00:00,0.11828923225402832,41.06409454345703,2.1703044704546417,40.86403274536133
2018-06-24 00:00:00+00:00,0.09662383794784546,38.440303802490234,2.1884103606914187,38.31412887573242
2018-06-24 06:00:00+00:00,0.09169042110443115,32.54051971435547,2.7213842976564977,32.42425537109375
2018-06-24 12:00:00+00:00,0.13118606805801392,39.60498046875,2.4067143423191726,39.35541915893555
2018-06-24 18:00:00+00:00,0.11915719509124756,33.72337341308594,2.8115838034355622,33.511390686035156
2018-06-25 00:00:00+00:00,0.15366441011428833,32.96794128417969,2.6591857057102244,32.62587356567383
2018-06-25 06:00:00+00:00,0.11628174781799316,27.849576950073242,2.982164864793017,27.671106338500977
2018-06-25 12:00:00+00:00,0.1144360899925232,28.257295608520508,2.8485346360677317,28.084789276123047
2018-06-25 18:00:00+00:00,0.12246108055114746,31.244976043701172,2.7904632045139515,31.036148071289062
2018-06-26 00:00:00+00:00,0.13339924812316895,30.754711151123047,2.708583367330023,30.50395393371582
2018-06-26 06:00:00+00:00,0.1313626766204834,35.89483642578125,2.2988652208831715,35.63715362548828
2018-06-26 12:00:00+00:00,0.07060497999191284,30.65633201599121,2.6242085195551104,30.58600425720215
2018-06-26 18:00:00+00:00,0.07304209470748901,41.68849182128906,2.158468289844041,41.60388946533203
2018-06-27 00:00:00+00:00,0.06707173585891724,32.385318756103516,2.705206729039804,32.31984329223633
2018-06-27 06:00:00+00:00,0.06904000043869019,35.66368865966797,2.0682936350039767,35.59619140625
2018-06-27 12:00:00+00:00,0.006021380424499512,32.885040283203125,2.109440432131614,32.884559631347656
2018-06-28 00:00:00+00:00,0.024328529834747314,27.21698570251465,2.8818645407745835,27.209007263183594
2018-06-29 00:00:00+00:00,0.04759418964385986,28.937807083129883,2.424026123267472,28.908109664916992
2018-06-29 06:00:00+00:00,0.05162692070007324,32.62300491333008,2.4646017723821574,32.58509826660156
2018-06-29 12:00:00+00:00,0.046048521995544434,59.00630187988281,1.347180022506295,58.97465896606445
2018-06-29 18:00:00+00:00,0.09973156452178955,44.768150329589844,1.8507511446410914,44.622764587402344
2018-06-30 00:00:00+00:00,0.0871269702911377,29.14439582824707,2.7044701965387627,29.043222427368164
2018-06-30 06:00:00+00:00,0.09119236469268799,30.422040939331055,2.5253838241155044,30.31092643737793
2018-06-30 12:00:00+00:00,0.09238743782043457,36.55321502685547,1.8398498356871305,36.43442916870117
2018-06-30 18:00:00+00:00,0.08427822589874268,30.660085678100586,2.4714389486740043,30.55902671813965
2018-07-01 00:00:00+00:00,0.03208744525909424,46.90571975708008,1.2902182315467097,46.89253616333008
2018-07-01 06:00:00+00:00,0.09814941883087158,31.010038375854492,2.636241267838229,30.87238883972168
2018-07-01 12:00:00+00:00,0.15018093585968018,33.565101623535156,2.348045334811418,33.255191802978516
2018-07-01 18:00:00+00:00,0.12119114398956299,28.827543258666992,2.812145982067438,28.621763229370117
2018-07-02 00:00:00+00:00,0.12890708446502686,30.743526458740234,2.710811670896665,30.518537521362305
2018-07-02 06:00:00+00:00,0.16001451015472412,29.346656799316406,2.671100248646222,29.001314163208008
2018-07-02 12:00:00+00:00,0.19609057903289795,32.262630462646484,2.8771778628066778,31.725433349609375
2018-07-02 18:00:00+00:00,0.15484750270843506,30.76732635498047,2.6402312221891115,30.432458877563477
2018-07-03 00:00:00+00:00,0.16576480865478516,27.21547508239746,3.0153460313426086,26.859159469604492
2018-07-03 06:00:00+00:00,0.19545376300811768,31.732595443725586,2.8049460123779895,31.190906524658203
2018-07-03 12:00:00+00:00,0.24009931087493896,37.865631103515625,2.558561194671914,37.03072738647461
2018-07-03 18:00:00+00:00,0.17197775840759277,32.29103088378906,2.5500971545992464,31.863412857055664
2018-07-04 00:00:00+00:00,0.20078754425048828,32.37972640991211,2.6995613820910545,31.83462142944336
2018-07-04 06:00:00+00:00,0.20714545249938965,32.29174041748047,2.4402222540556058,31.707412719726562
2018-07-04 12:00:00+00:00,0.2670419216156006,43.9306640625,2.6248265215314,42.85429000854492
2018-07-04 18:00:00+00:00,0.247289776802063,38.80179214477539,2.4635920682807844,37.889678955078125
2018-07-05 00:00:00+00:00,0.22588872909545898,35.528663635253906,2.6293435917802483,34.81637191772461
2018-07-05 06:00:00+00:00,0.1957460641860962,36.821475982666016,2.597241960553987,36.24412536621094
2018-07-05 12:00:00+00:00,0.2771492004394531,31.47702407836914,2.9005832418863586,30.390913009643555
2018-07-05 18:00:00+00:00,0.21718132495880127,33.202754974365234,2.5046260970023537,32.52195358276367
2018-07-06 00:00:00+00:00,0.16902697086334229,30.239721298217773,2.320853267131516,29.877220153808594
2018-07-06 06:00:00+00:00,0.24130260944366455,29.561336517333984,3.355910863409039,28.707313537597656
2018-07-06 12:00:00+00:00,0.25509142875671387,27.773374557495117,3.1679369436106843,26.85191535949707
2018-07-06 18:00:00+00:00,0.2553708553314209,33.476261138916016,3.055392617684229,32.46788787841797
2018-07-07 00:00:00+00:00,0.1323765516281128,29.782758712768555,2.6088860550984743,29.54843521118164
2018-07-07 06:00:00+00:00,0.18995285034179688,30.418106079101562,3.163995420398221,29.902894973754883
2018-07-07 12:00:00+00:00,0.27820491790771484,31.083242416381836,3.0230937202888715,30.0167236328125
2018-07-07 18:00:00+00:00,0.19379889965057373,34.55860137939453,2.1893757752555096,34.051422119140625
2018-07-08 00:00:00+00:00,0.21986675262451172,36.941226959228516,2.4553322444028964,36.23688507080078
2018-07-08 06:00:00+00:00,0.21665918827056885,34.630313873291016,2.8984882935675347,33.92510986328125
2018-07-08 12:00:00+00:00,0.23438143730163574,26.920400619506836,3.2729062082694,26.16725730895996
2018-07-08 18:00:00+00:00,0.22958171367645264,30.939605712890625,2.765157169514114,30.198179244995117
2018-07-09 00:00:00+00:00,0.20289361476898193,29.94622802734375,2.745843422980157,29.40288543701172
2018-07-09 06:00:00+00:00,0.16100215911865234,33.588409423828125,2.6911693574690636,33.230770111083984
2018-07-09 12:00:00+00:00,0.19032442569732666,29.117351531982422,2.475953879157223,28.647136688232422
2018-07-09 18:00:00+00:00,0.19895875453948975,28.349763870239258,3.1440228856883787,27.816997528076172
2018-07-10 00:00:00+00:00,0.1805664300918579,27.168102264404297,2.81187984124782,26.74134635925293
2018-07-10 06:00:00+00:00,0.13931870460510254,28.621000289916992,2.977462159588684,28.34720230102539
2018-07-10 12:00:00+00:00,0.16915357112884521,32.98995590209961,2.227808338990998,32.59016418457031
2018-07-10 18:00:00+00:00,0.18617892265319824,32.68684768676758,2.736634464644304,32.2130126953125
2018-07-11 00:00:00+00:00,0.1685398817062378,30.228300094604492,2.386645313873066,29.85443878173828
2018-07-11 06:00:00+00:00,0.16729342937469482,31.892587661743164,2.764872470412677,31.495746612548828
2018-07-11 12:00:00+00:00,0.18415355682373047,29.466365814208984,2.558560554593522,29.026277542114258
2018-07-12 00:00:00+00:00,0.14323782920837402,29.90648651123047,2.9303623684072067,29.629886627197266
2018-07-12 06:00:00+00:00,0.19589996337890625,30.981021881103516,2.7340941164368378,30.422021865844727
2018-07-12 12:00:00+00:00,0.17091619968414307,35.58220291137695,2.2647738952821683,35.15755844116211
2018-07-12 18:00:00+00:00,0.20215892791748047,34.1314697265625,2.776858394363975,33.50609588623047
2018-07-13 00:00:00+00:00,0.1873875856399536,35.911170959472656,2.617601588683446,35.3856201171875
2018-07-13 06:00:00+00:00,0.18523132801055908,31.49083137512207,2.885889860320648,31.001996994018555
2018-07-13 12:00:00+00:00,0.20452260971069336,39.31522750854492,2.0620331879547784,38.73902893066406
2018-07-13 18:00:00+00:00,0.24565184116363525,30.545305252075195,3.131098310756059,29.650856018066406
2018-07-14 00:00:00+00:00,0.213370680809021,34.55675506591797,2.451375405076222,33.91267013549805
2018-07-14 06:00:00+00:00,0.2517803907394409,31.763757705688477,2.8456057427855916,30.859346389770508
2018-07-14 12:00:00+00:00,0.20385873317718506,29.189884185791016,2.7317277695976276,28.621105194091797
2018-07-14 18:00:00+00:00,0.2434983253479004,31.954999923706055,2.938091330702229,31.04136848449707
2018-07-15 00:00:00+00:00,0.27680838108062744,36.73139190673828,2.915667398924531,35.594078063964844
2018-07-15 06:00:00+00:00,0.26154613494873047,36.06923294067383,2.7136492764981517,35.041664123535156
2018-07-15 12:00:00+00:00,0.2989223003387451,31.33388900756836,2.9284092105512998,30.079545974731445
2018-07-15 18:00:00+00:00,0.2810494899749756,33.71712112426758,3.0508709662934157,32.51760482788086
2018-07-16 00:00:00+00:00,0.25634944438934326,44.50050354003906,1.8532562440379605,43.53153991699219
2018-07-16 06:00:00+00:00,0.2384740114212036,30.3227596282959,2.9755932479605915,29.509368896484375
2018-07-16 12:00:00+00:00,0.27672266960144043,33.73192596435547,2.7133906323951815,32.645145416259766
2018-07-16 18:00:00+00:00,0.266849160194397,42.73897171020508,2.5959881358981742,41.57522964477539
2018-07-17 00:00:00+00:00,0.25089728832244873,40.314693450927734,2.589973697041559,39.35012435913086
2018-07-17 06:00:00+00:00,0.25668013095855713,40.74910354614258,2.3410242075822394,39.73734664916992
2018-07-17 12:00:00+00:00,0.2340627908706665,45.253475189208984,2.128893156266051,44.42283630371094
2018-07-17 18:00:00+00:00,0.2445775270462036,37.841426849365234,2.578132387334509,36.8758659362793
2018-07-18 00:00:00+00:00,0.18223536014556885,38.03359603881836,2.611490171776306,37.54495620727539
2018-07-18 06:00:00+00:00,0.1903550624847412,37.16218948364258,2.6864822065288574,36.610172271728516
2018-07-18 12:00:00+00:00,0.19641602039337158,32.170902252197266,2.7318657952946785,31.632312774658203
2018-07-18 18:00:00+00:00,0.20500242710113525,38.95699691772461,2.7003578868458833,38.27066421508789
2018-07-19 00:00:00+00:00,0.21121597290039062,37.77212905883789,2.5946737132340423,37.100589752197266
2018-07-19 06:00:00+00:00,0.1632455587387085,35.101715087890625,2.563598133694858,34.71428680419922
2018-07-19 12:00:00+00:00,0.12253260612487793,47.41938018798828,1.7908789939716472,47.19013214111328
2018-07-19 18:00:00+00:00,0.07166314125061035,55.40200424194336,1.7773020323360151,55.32051467895508
2018-07-20 00:00:00+00:00,0.019391775131225586,40.702308654785156,2.312283005639245,40.696739196777344
2018-07-20 06:00:00+00:00,0.04462313652038574,43.06561279296875,2.04577936291351,43.0356330871582
2018-07-20 12:00:00+00:00,0.04975783824920654,33.37534713745117,2.242348523345499,33.34415817260742
2018-07-20 18:00:00+00:00,0.021795034408569336,41.266292572021484,2.240973096885329,41.25923538208008
2018-07-21 00:00:00+00:00,0.00734788179397583,34.76511764526367,2.097003432770179,34.76441955566406
2018-07-21 06:00:00+00:00,0.04640066623687744,47.311222076416016,2.0049664944481322,47.27975845336914
2018-07-21 12:00:00+00:00,0.009073734283447266,47.359100341796875,1.7109652703169207,47.35802459716797
2018-07-21 18:00:00+00:00,0.013275682926177979,38.62177658081055,2.4690473296203725,38.61920166015625
2018-07-22 00:00:00+00:00,0.06324416399002075,44.91585159301758,1.7141842910142986,44.86305236816406
2018-07-22 06:00:00+00:00,0.032172441482543945,39.61616134643555,2.2086533467675666,39.601837158203125
2018-07-22 12:00:00+00:00,0.03388410806655884,34.83639907836914,1.689156942246169,34.82265853881836
2018-07-22 18:00:00+00:00,0.048896610736846924,38.747314453125,2.4603441056826396,38.71300506591797
2018-07-23 00:00:00+00:00,0.1051378846168518,30.799230575561523,2.447508924408625,30.655975341796875
2018-07-23 06:00:00+00:00,0.05729645490646362,30.981996536254883,2.3202313427293233,30.93764877319336
2018-07-23 12:00:00+00:00,0.014708876609802246,39.332279205322266,1.8932803977529087,39.3294563293457
2018-07-23 18:00:00+00:00,0.010622620582580566,39.24567413330078,2.1179407091870273,39.2440071105957
2018-07-24 00:00:00+00:00,0.024232566356658936,57.385257720947266,1.3689272090604507,57.37673568725586
2018-07-24 06:00:00+00:00,0.011403560638427734,40.190834045410156,1.9538423807214857,40.18887710571289
2018-07-24 12:00:00+00:00,0.0008887052536010742,39.67147445678711,2.0352896462739887,39.67146682739258
2018-07-24 18:00:00+00:00,0.06197619438171387,43.65949249267578,2.149389543928212,43.59830093383789
2018-07-25 00:00:00+00:00,0.003928184509277344,30.383499145507812,2.4274348487576756,30.383291244506836
2018-07-25 06:00:00+00:00,5.5730342864990234e-05,39.063507080078125,2.4713911089214418,39.063507080078125
2018-07-25 12:00:00+00:00,0.049588918685913086,44.631011962890625,1.856765003407332,44.595489501953125
2018-07-25 18:00:00+00:00,0.02881789207458496,43.372840881347656,2.000452646476832,43.36006546020508
2018-07-26 00:00:00+00:00,0.04907119274139404,35.489105224609375,2.439008928614901,35.454280853271484
2018-07-26 06:00:00+00:00,0.009713888168334961,44.49326705932617,1.746715639508792,44.491844177246094
2018-07-26 12:00:00+00:00,0.06636261940002441,37.52621078491211,2.36982420887771,37.46201705932617
2018-07-26 18:00:00+00:00,0.09087908267974854,39.15798568725586,2.4043302790691157,39.02851867675781
2018-07-27 00:00:00+00:00,0.13386094570159912,41.09374237060547,2.1289343143089074,40.82914352416992
2018-07-27 06:00:00+00:00,0.09760844707489014,38.246437072753906,2.521815278989458,38.0980224609375
2018-07-27 12:00:00+00:00,0.10446131229400635,60.40310287475586,1.310942281886508,60.24223327636719
2018-07-27 18:00:00+00:00,0.13679444789886475,35.690860748291016,2.7924849703823673,35.398372650146484
2018-07-28 00:00:00+00:00,0.12680935859680176,43.39650344848633,1.8913018220192388,43.1667366027832
2018-07-28 06:00:00+00:00,0.1405630111694336,44.56911849975586,2.24790879631836,44.265899658203125
2018-07-28 12:00:00+00:00,0.11582756042480469,33.84645080566406,2.2594517040380864,33.65680694580078
2018-07-28 18:00:00+00:00,0.07799673080444336,36.22245788574219,2.4898012436071015,36.128074645996094
2018-07-29 00:00:00+00:00,0.08673250675201416,30.931859970092773,2.6290064838340585,30.83064079284668
2018-07-29 06:00:00+00:00,0.14469242095947266,39.8140983581543,2.302558571862597,39.505592346191406
2018-07-29 12:00:00+00:00,0.1300281286239624,31.032827377319336,2.4641395353118427,30.807645797729492
2018-07-29 18:00:00+00:00,0.13071513175964355,30.375137329101562,3.0364622409696933,30.131324768066406
2018-07-30 00:00:00+00:00,0.0878363847732544,33.812835693359375,2.1841004422917383,33.70648193359375
2018-07-30 06:00:00+00:00,0.1337876319885254,33.77906036376953,2.3856821044985157,33.533390045166016
2018-07-30 12:00:00+00:00,0.12471508979797363,35.52365493774414,2.087738373558653,35.31135177612305
2018-07-30 18:00:00+00:00,0.09549331665039062,35.757545471191406,2.084656052291136,35.6254768371582
2018-07-31 00:00:00+00:00,0.09583640098571777,36.801513671875,1.8024366049857456,36.6801872253418
2018-07-31 06:00:00+00:00,0.14351582527160645,35.21810531616211,1.9961574615145565,34.93601989746094
2018-07-31 12:00:00+00:00,0.12148785591125488,29.042377471923828,2.3578740202013457,28.856185913085938
2018-07-31 18:00:00+00:00,0.15469908714294434,40.62825012207031,1.9433134794267897,40.255126953125
2018-08-01 00:00:00+00:00,0.15388023853302002,35.07088088989258,2.216952613139389,34.747901916503906
2018-08-01 06:00:00+00:00,0.11756336688995361,35.58775329589844,2.2198165633605935,35.3868408203125
2018-08-01 12:00:00+00:00,0.11341607570648193,24.932506561279297,2.7048946641877154,24.782028198242188
2018-08-01 18:00:00+00:00,0.18286657333374023,32.506568908691406,2.5254277902947,32.029605865478516
2018-08-02 00:00:00+00:00,0.13043153285980225,26.930152893066406,2.5662850839552505,26.719398498535156
2018-08-02 06:00:00+00:00,0.16574132442474365,32.518760681152344,2.254743411697232,32.14824676513672
2018-08-02 12:00:00+00:00,0.20890259742736816,32.21916961669922,2.7359695135442106,31.66168975830078
2018-08-02 18:00:00+00:00,0.2028900384902954,30.470735549926758,2.9841086633933616,29.89289665222168
2018-08-03 00:00:00+00:00,0.18222224712371826,27.695253372192383,2.4621584183547265,27.284704208374023
2018-08-03 06:00:00+00:00,0.18505346775054932,32.47509002685547,2.459171303446609,32.01576614379883
2018-08-03 12:00:00+00:00,0.196677565574646,35.70856475830078,2.3846782420317223,35.19086456298828
2018-08-03 18:00:00+00:00,0.1892017126083374,33.09543991088867,2.721486441146853,32.59138870239258
2018-08-04 00:00:00+00:00,0.19947612285614014,27.520299911499023,2.4706669884040102,27.043859481811523
2018-08-04 06:00:00+00:00,0.19770371913909912,53.14915084838867,1.6958474302287438,52.572731018066406
2018-08-04 12:00:00+00:00,0.22264635562896729,31.99856948852539,2.650917525394205,31.349567413330078
2018-08-04 18:00:00+00:00,0.20056748390197754,28.77738380432129,2.7137917883352625,28.237279891967773
2018-08-05 00:00:00+00:00,0.20049571990966797,26.3223876953125,2.7349878471071034,25.82377052307129
2018-08-05 06:00:00+00:00,0.22011756896972656,34.4425048828125,2.258198049467399,33.77262496948242
2018-08-05 12:00:00+00:00,0.2093212604522705,28.165468215942383,2.4986239129755097,27.609426498413086
2018-08-05 18:00:00+00:00,0.16395986080169678,32.91670608520508,2.540495573016127,32.53966522216797
2018-08-06 00:00:00+00:00,0.09962677955627441,43.13467025756836,1.9478030352273372,42.990238189697266
2018-08-06 06:00:00+00:00,0.15999603271484375,39.054771423339844,2.436952595464119,38.6738395690918
2018-08-06 12:00:00+00:00,0.09805500507354736,47.49928665161133,1.6309135188899042,47.3720588684082
2018-08-06 18:00:00+00:00,0.10323917865753174,42.020416259765625,2.038386338180541,41.853538513183594
2018-08-07 00:00:00+00:00,0.05574369430541992,53.16438293457031,1.8235418136302415,53.116817474365234
2018-08-07 06:00:00+00:00,0.09315145015716553,42.72431945800781,2.3541586489311133,42.59579849243164
2018-08-07 12:00:00+00:00,0.07381665706634521,74.82150268554688,1.216018826939278,74.74539184570312
2018-08-07 18:00:00+00:00,0.07691144943237305,37.10626220703125,2.4134344853397183,37.020015716552734
2018-08-08 00:00:00+00:00,0.05769169330596924,38.96942138671875,2.317464684617895,38.923526763916016
2018-08-08 06:00:00+00:00,0.0777742862701416,54.70201110839844,1.60555058902078,54.61256408691406
2018-08-08 12:00:00+00:00,0.14744436740875244,35.578399658203125,2.137053418023274,35.30577850341797
2018-08-08 18:00:00+00:00,0.10404598712921143,64.45877838134766,1.591761561972041,64.28793334960938
2018-08-09 00:00:00+00:00,0.1126476526260376,33.28352737426758,2.0642455180181325,33.122833251953125
2018-08-09 06:00:00+00:00,0.10092902183532715,36.450035095214844,2.405994740229012,36.299930572509766
2018-08-09 12:00:00+00:00,0.10555088520050049,34.11050033569336,2.4725055788424317,33.96742248535156
2018-08-09 18:00:00+00:00,0.1745988130569458,35.27790069580078,2.417682288270556,34.83783721923828
2018-08-10 00:00:00+00:00,0.1642853021621704,46.9412841796875,1.75779729935278,46.56233596801758
2018-08-10 06:00:00+00:00,0.198050856590271,34.24155044555664,2.536106228466393,33.66874694824219
2018-08-10 12:00:00+00:00,0.26791906356811523,36.639827728271484,2.203164969642798,35.69695281982422
2018-08-10 18:00:00+00:00,0.3217346668243408,44.01313018798828,2.520539156653608,42.38710403442383
2018-08-11 00:00:00+00:00,0.3318023681640625,58.980430603027344,1.7368803744703327,57.34031295776367
2018-08-11 06:00:00+00:00,0.3120391368865967,48.66947555541992,2.530302734328851,47.11603927612305
2018-08-11 12:00:00+00:00,0.3236868381500244,37.36731719970703,2.24567184694017,36.0840950012207
2018-08-11 18:00:00+00:00,0.3111274242401123,81.63934326171875,1.8025238014858846,80.0016860961914
2018-08-12 00:00:00+00:00,0.28419697284698486,61.659156799316406,1.6023633993004307,60.51105499267578
2018-08-12 06:00:00+00:00,0.3283292055130005,66.624267578125,2.0145469097388355,64.9270248413086
2018-08-12 12:00:00+00:00,0.2908438444137573,54.983116149902344,1.9064657091826736,53.83024215698242
2018-08-12 18:00:00+00:00,0.2956172227859497,64.32918548583984,1.9355165535458216,62.87031173706055
2018-08-13 00:00:00+00:00,0.30276989936828613,51.5945930480957,1.8860958926682387,50.37602996826172
2018-08-13 06:00:00+00:00,0.28715336322784424,52.93354415893555,1.8027322073940584,51.65727233886719
2018-08-13 12:00:00+00:00,0.3300989866256714,60.40163803100586,1.8876739258343564,58.779701232910156
2018-08-13 18:00:00+00:00,0.2953829765319824,55.73358154296875,2.0706936064669446,54.34223556518555
2018-08-14 00:00:00+00:00,0.2441166639328003,52.67704391479492,1.9686256499746089,51.80491256713867
2018-08-14 06:00:00+00:00,0.23105669021606445,53.31248474121094,2.053030525169294,52.464168548583984
2018-08-14 12:00:00+00:00,0.20914018154144287,37.52134704589844,2.2198623144191356,36.909400939941406
2018-08-14 18:00:00+00:00,0.1974548101425171,43.746883392333984,1.9966683477047857,43.15459442138672
2018-08-15 00:00:00+00:00,0.13097810745239258,38.79521179199219,2.148774827116169,38.55555725097656
2018-08-15 06:00:00+00:00,0.10082423686981201,45.40555953979492,2.0187090441220494,45.24222183227539
2018-08-15 12:00:00+00:00,0.16839706897735596,45.25529479980469,2.197617540784515,44.82821273803711
2018-08-15 18:00:00+00:00,0.0813744068145752,43.028282165527344,1.93710703628664,42.92827224731445
2018-08-16 00:00:00+00:00,0.08710312843322754,33.381500244140625,2.2278119575460034,33.283729553222656
2018-08-16 06:00:00+00:00,0.0643090009689331,46.22627258300781,1.727876257951684,46.16683578491211
2018-08-16 12:00:00+00:00,0.006106376647949219,42.2725715637207,1.671223245451306,42.272090911865234
2018-08-16 18:00:00+00:00,0.017428874969482422,48.815895080566406,1.7719872792828708,48.81125259399414
2018-08-17 00:00:00+00:00,0.027560770511627197,68.99464416503906,1.137371811771594,68.98460388183594
2018-08-17 06:00:00+00:00,0.02733403444290161,44.573997497558594,2.126699165706245,44.56344223022461
2018-08-17 12:00:00+00:00,0.07747679948806763,46.0599250793457,1.8382537295647448,45.9844856262207
2018-08-17 18:00:00+00:00,0.08442836999893188,47.96070098876953,1.8237584396492128,47.85810852050781
2018-08-18 00:00:00+00:00,0.1103547215461731,34.302947998046875,2.2651532603132516,34.15520095825195
2018-08-18 06:00:00+00:00,0.06892579793930054,107.96591186523438,0.88211953039335,107.89618682861328
2018-08-18 12:00:00+00:00,0.08566337823867798,37.63088607788086,2.142955197471337,37.54778289794922
2018-08-18 18:00:00+00:00,0.1204909086227417,48.06070327758789,1.7783609388937511,47.868255615234375
2018-08-19 00:00:00+00:00,0.16645491123199463,65.34730529785156,1.664277798651336,64.9825210571289
2018-08-19 06:00:00+00:00,0.13998669385910034,63.18680191040039,1.6683532962403276,62.90351104736328
2018-08-19 12:00:00+00:00,0.05288630723953247,33.433040618896484,2.052995231680215,33.40268325805664
2018-08-19 18:00:00+00:00,0.10140001773834229,47.17764663696289,1.7112384568339025,47.03805923461914
2018-08-20 00:00:00+00:00,0.02906733751296997,40.02036666870117,1.6608189734048338,40.009605407714844
2018-08-20 06:00:00+00:00,0.055533647537231445,63.51521301269531,1.4187255101525822,63.47015380859375
2018-08-20 12:00:00+00:00,0.0007642507553100586,76.62466430664062,1.067896941514129,76.62466430664062
2018-08-20 18:00:00+00:00,0.07466411590576172,44.43968963623047,2.32619007506823,44.357608795166016
2018-08-21 00:00:00+00:00,0.14308881759643555,40.997005462646484,2.0244752766951732,40.722293853759766
2018-08-21 06:00:00+00:00,0.09438180923461914,36.96085739135742,2.278128330236636,36.834693908691406
2018-08-21 12:00:00+00:00,0.14235568046569824,35.88676071166992,2.0458238191605376,35.635009765625
2018-08-21 18:00:00+00:00,0.18911969661712646,65.80379486083984,1.504623439006998,65.23596954345703
2018-08-22 00:00:00+00:00,0.13402152061462402,98.75328826904297,1.299816603046837,98.4491195678711
2018-08-22 06:00:00+00:00,0.19208502769470215,52.945858001708984,1.8446403007342336,52.34483337402344
2018-08-22 12:00:00+00:00,0.21911120414733887,44.39350128173828,2.067942508178318,43.72162628173828
2018-08-22 18:00:00+00:00,0.20980334281921387,43.91471481323242,2.377782551127774,43.207763671875
2018-08-23 00:00:00+00:00,0.21559512615203857,40.55268859863281,2.544185470735429,39.847084045410156
2018-08-23 06:00:00+00:00,0.16321980953216553,86.6209945678711,1.5469191999728475,86.15300750732422
2018-08-23 12:00:00+00:00,0.22671723365783691,55.926429748535156,1.9724729026998948,55.0943603515625
2018-08-23 18:00:00+00:00,0.21866321563720703,60.71601104736328,1.847350473123298,59.837013244628906
2018-08-24 00:00:00+00:00,0.21192991733551025,39.718589782714844,2.0623496040650515,39.06215286254883
2018-08-24 06:00:00+00:00,0.2316797971725464,47.46470260620117,2.2162433129994734,46.53137969970703
2018-08-24 12:00:00+00:00,0.19213366508483887,192.7314453125,0.45514204901871935,192.124755859375
2018-08-24 18:00:00+00:00,0.17525827884674072,44.666839599609375,2.249598217251413,44.141571044921875
2018-08-25 00:00:00+00:00,0.19938135147094727,89.62332153320312,0.9756553318514595,88.96540069580078
2018-08-25 06:00:00+00:00,0.22086739540100098,47.749595642089844,2.090574148765329,46.94729995727539
2018-08-25 12:00:00+00:00,0.16841042041778564,41.40944290161133,2.377305920788473,40.97722244262695
2018-08-25 18:00:00+00:00,0.1946566104888916,48.69438171386719,2.2878318282693,48.051170349121094
2018-08-26 00:00:00+00:00,0.13797283172607422,49.696537017822266,2.012805626578987,49.3931999206543
2018-08-26 06:00:00+00:00,0.1819537878036499,50.46760559082031,2.2891621867221987,49.90977096557617
2018-08-26 12:00:00+00:00,0.19555413722991943,36.00660705566406,2.2089696533173107,35.47941589355469
2018-08-26 18:00:00+00:00,0.2063518762588501,41.22691345214844,2.3724847495526413,40.561737060546875
2018-08-27 00:00:00+00:00,0.1889629364013672,35.72584533691406,2.0104997601626082,35.2247200012207
2018-08-27 06:00:00+00:00,0.19944846630096436,35.98737335205078,2.749670819390426,35.390438079833984
2018-08-27 12:00:00+00:00,0.1908712387084961,32.875572204589844,2.4685535378368493,32.38895797729492
2018-08-27 18:00:00+00:00,0.22218728065490723,34.63633346557617,2.6717534638871143,33.8638801574707
2018-08-28 00:00:00+00:00,0.1910107135772705,31.668676376342773,2.727893001336348,31.159454345703125
2018-08-28 06:00:00+00:00,0.178810715675354,38.117774963378906,2.4036978483983935,37.62861633300781
2018-08-28 12:00:00+00:00,0.1978524923324585,30.024015426635742,2.8079995243599343,29.505727767944336
2018-08-28 18:00:00+00:00,0.2263202667236328,34.071475982666016,2.958933044573179,33.28508377075195
2018-08-29 00:00:00+00:00,0.19752609729766846,33.129432678222656,2.2738208612835193,32.60649871826172
2018-08-29 06:00:00+00:00,0.24894368648529053,68.9312973022461,1.460423829536825,67.87071990966797
2018-08-29 12:00:00+00:00,0.2683480978012085,45.37846755981445,1.8970391166068898,44.33226013183594
2018-08-29 18:00:00+00:00,0.26419544219970703,45.26671600341797,2.4285202450096675,44.10200119018555
2018-08-30 00:00:00+00:00,0.21895360946655273,34.083648681640625,2.6039879190283624,33.41114044189453
2018-08-30 06:00:00+00:00,0.17532765865325928,41.98111343383789,2.516993119957533,41.48098373413086
2018-08-30 12:00:00+00:00,0.29564642906188965,34.000003814697266,2.6832503483528343,32.778385162353516
2018-08-30 18:00:00+00:00,0.27188658714294434,50.152408599853516,1.8128014864350692,48.95404815673828
2018-08-31 00:00:00+00:00,0.23232126235961914,29.213397979736328,3.2036100943653514,28.465492248535156
2018-08-31 06:00:00+00:00,0.24856364727020264,60.06970977783203,1.699876286087292,59.042625427246094
2018-08-31 12:00:00+00:00,0.2603191137313843,35.798728942871094,2.5678480825515764,34.77406311035156
2018-08-31 18:00:00+00:00,0.22608208656311035,37.22759246826172,2.686893430433131,36.40995407104492
2018-09-01 00:00:00+00:00,0.13960635662078857,36.68986511230469,2.6283576567253597,36.403770446777344
2018-09-01 06:00:00+00:00,0.1747760772705078,44.15286636352539,1.735010290099071,43.690673828125
2018-09-01 12:00:00+00:00,0.1747356653213501,37.58613586425781,2.227277577833316,37.151119232177734
2018-09-01 18:00:00+00:00,0.15916764736175537,46.105045318603516,2.33197767446344,45.684837341308594
2018-09-02 00:00:00+00:00,0.11961913108825684,38.44779586791992,2.105461538443543,38.24653244018555
2018-09-02 06:00:00+00:00,0.14990293979644775,44.5297966003418,2.172471118591828,44.1881217956543
2018-09-02 12:00:00+00:00,0.2051684856414795,40.917423248291016,2.0340452552272343,40.318519592285156
2018-09-02 18:00:00+00:00,0.11027944087982178,39.876712799072266,2.2903173615408634,39.691505432128906
2018-09-03 00:00:00+00:00,0.13302719593048096,30.308582305908203,2.5673299559159135,30.083364486694336
2018-09-03 06:00:00+00:00,0.12607407569885254,40.10635757446289,2.009885749799678,39.894771575927734
2018-09-03 12:00:00+00:00,0.10603415966033936,30.533918380737305,2.3739002726243905,30.401790618896484
2018-09-03 18:00:00+00:00,0.07979857921600342,44.15629959106445,2.062197050095967,44.06590270996094
2018-09-04 00:00:00+00:00,0.058170318603515625,29.113868713378906,2.408486024830839,29.07406234741211
2018-09-04 06:00:00+00:00,0.1324911117553711,37.33702087402344,2.1766625787222567,37.11012649536133
2018-09-04 12:00:00+00:00,0.1393446922302246,31.092731475830078,2.43249249179566,30.871639251708984
2018-09-04 18:00:00+00:00,0.09322190284729004,53.72700881958008,1.8099115453558938,53.60253143310547
2018-09-05 00:00:00+00:00,0.13236308097839355,58.76451110839844,1.4657837631913975,58.52027130126953
2018-09-05 06:00:00+00:00,0.12782645225524902,46.891292572021484,2.219817663178948,46.642539978027344
2018-09-05 12:00:00+00:00,0.18873357772827148,42.306617736816406,1.9506098227224087,41.83494186401367
2018-09-05 18:00:00+00:00,0.2157970666885376,61.04425811767578,1.412231981452082,60.312862396240234
2018-09-06 00:00:00+00:00,0.22356665134429932,69.15320587158203,1.8323598067252442,68.38019561767578
2018-09-06 06:00:00+00:00,0.21545910835266113,78.60294342041016,1.784032308448444,77.80464172363281
2018-09-06 12:00:00+00:00,0.24750959873199463,61.82984161376953,1.9161486940680377,60.91035461425781
2018-09-06 18:00:00+00:00,0.28870320320129395,74.00160217285156,1.7885916659386525,72.60726165771484
2018-09-07 00:00:00+00:00,0.2735828161239624,92.78759765625,1.4076813403667587,91.60369110107422
2018-09-07 06:00:00+00:00,0.2851186990737915,63.33650207519531,2.1884462268020735,62.076873779296875
2018-09-07 12:00:00+00:00,0.3382192850112915,68.2305908203125,1.9748914398908324,66.62316131591797
2018-09-07 18:00:00+00:00,0.3398745059967041,100.46920013427734,1.7252569905152366,98.48023986816406
2018-09-08 00:00:00+00:00,0.35163426399230957,60.24506759643555,1.8392573967126258,58.4418830871582
2018-09-08 06:00:00+00:00,0.3485851287841797,56.19196701049805,2.0126289532902413,54.355350494384766
2018-09-08 12:00:00+00:00,0.2845350503921509,48.98611068725586,1.4768556688534633,48.00875473022461
2018-09-08 18:00:00+00:00,0.2832069396972656,51.903751373291016,2.1064355167987974,50.67100143432617
2018-09-09 00:00:00+00:00,0.22214984893798828,148.05352783203125,0.8480865336153005,147.32176208496094
2018-09-09 06:00:00+00:00,0.308801531791687,83.91455841064453,1.3313221166014602,82.52726745605469
2018-09-09 12:00:00+00:00,0.27528178691864014,54.98316192626953,1.9107771869549954,53.96565628051758
2018-09-09 18:00:00+00:00,0.2529757022857666,46.847835540771484,2.2912444158765624,45.82908630371094
2018-09-10 00:00:00+00:00,0.2461777925491333,39.23616027832031,2.421820570832682,38.37964630126953
2018-09-10 06:00:00+00:00,0.23426496982574463,58.5272331237793,1.9106319851153268,57.673179626464844
2018-09-10 12:00:00+00:00,0.2386096715927124,47.6483154296875,1.9907870770497493,46.85823440551758
2018-09-10 18:00:00+00:00,0.23798608779907227,47.968101501464844,2.2347236053589836,47.04823303222656
2018-09-11 00:00:00+00:00,0.20540261268615723,40.1975212097168,2.421142192477944,39.560691833496094
2018-09-11 06:00:00+00:00,0.2161010503768921,39.229007720947266,2.5452632275223275,38.507659912109375
2018-09-11 12:00:00+00:00,0.20109784603118896,44.614070892333984,1.740618424612586,44.01603317260742
2018-09-11 18:00:00+00:00,0.1655815839767456,44.844093322753906,1.9776635876838582,44.4033203125
2018-09-12 00:00:00+00:00,0.17792201042175293,45.95037078857422,1.8950981935626299,45.47767639160156
2018-09-12 06:00:00+00:00,0.08278954029083252,48.02473449707031,1.8775878233033523,47.91554260253906
2018-09-12 12:00:00+00:00,0.08603239059448242,44.06830596923828,2.05755369802473,43.96250534057617
2018-09-13 00:00:00+00:00,0.02937173843383789,53.03620147705078,1.6291765453703266,53.024234771728516
2018-09-13 06:00:00+00:00,0.06454253196716309,48.95749282836914,1.949539961122933,48.89921951293945
2018-09-13 12:00:00+00:00,0.02368330955505371,46.761409759521484,1.9669410800340252,46.75419616699219
2018-09-13 18:00:00+00:00,0.028798937797546387,57.456077575683594,1.8652718193864284,57.44329833984375
2018-09-14 00:00:00+00:00,0.012454867362976074,56.69831085205078,1.7474998541595963,56.696189880371094
2018-09-14 06:00:00+00:00,0.016321122646331787,48.10153579711914,2.226968611318063,48.09766387939453
2018-09-14 12:00:00+00:00,0.05736052989959717,48.947052001953125,1.8297669381174535,48.90570831298828
2018-09-14 18:00:00+00:00,0.01694631576538086,59.392948150634766,1.6242089169514526,59.388824462890625
2018-09-15 00:00:00+00:00,0.06701982021331787,43.76470947265625,2.0328877983046136,43.70505905151367
2018-09-15 06:00:00+00:00,0.04829603433609009,56.97028350830078,1.9658710138919255,56.93584060668945
2018-09-15 12:00:00+00:00,0.020494937896728516,31.52653694152832,2.127104243389882,31.521785736083984
2018-09-15 18:00:00+00:00,0.09332239627838135,39.3474006652832,2.356176564712221,39.227787017822266
2018-09-16 00:00:00+00:00,0.07562553882598877,44.13528823852539,1.6622046644915776,44.06282424926758
2018-09-16 06:00:00+00:00,0.019340097904205322,40.47136688232422,2.229809424211091,40.465965270996094
2018-09-16 12:00:00+00:00,0.013491153717041016,40.788368225097656,1.8481273489645296,40.785953521728516
2018-09-16 18:00:00+00:00,0.013206720352172852,47.580631256103516,2.12944863258896,47.57805252075195
2018-09-17 00:00:00+00:00,0.011805236339569092,33.245967864990234,2.5106723360324925,33.243919372558594
2018-09-17 06:00:00+00:00,0.0485454797744751,33.44734573364258,2.467995248981344,33.41389465332031
2018-09-17 12:00:00+00:00,0.062243103981018066,50.58377456665039,1.3602078616745086,50.5329475402832
2018-09-17 18:00:00+00:00,0.03188788890838623,31.758403778076172,2.4151845650531194,31.743932723999023
2018-09-18 00:00:00+00:00,0.0933607816696167,34.899627685546875,2.2150575949829303,34.77531051635742
2018-09-18 06:00:00+00:00,0.09608542919158936,56.649444580078125,1.378515646790393,56.512474060058594
2018-09-18 12:00:00+00:00,0.12637770175933838,29.45279884338379,2.3699086689235056,29.244640350341797
2018-09-18 18:00:00+00:00,0.12676012516021729,34.334835052490234,2.2703257096411846,34.102176666259766
2018-09-19 00:00:00+00:00,0.1422562599182129,35.41175842285156,1.989234790532745,35.13436508178711
2018-09-19 06:00:00+00:00,0.17229199409484863,39.59999465942383,2.3081295773928803,39.15215301513672
2018-09-19 12:00:00+00:00,0.2073063850402832,31.23358917236328,3.0332098080389773,30.647579193115234
2018-09-19 18:00:00+00:00,0.14023303985595703,38.043556213378906,2.134556189668844,37.749019622802734
2018-09-20 00:00:00+00:00,0.12325572967529297,32.71217346191406,2.664050724939055,32.49028015136719
2018-09-20 06:00:00+00:00,0.20357978343963623,39.67351150512695,2.1163671811823628,39.034690856933594
2018-09-20 12:00:00+00:00,0.1963353157043457,35.2340087890625,2.241655101199235,34.69194412231445
2018-09-20 18:00:00+00:00,0.17317748069763184,40.585506439208984,2.2052235117407677,40.098384857177734
2018-09-21 00:00:00+00:00,0.1588369607925415,30.34684944152832,2.601908196109221,29.999422073364258
2018-09-21 06:00:00+00:00,0.14808976650238037,40.259742736816406,2.0060296640355877,39.93303680419922
2018-09-21 12:00:00+00:00,0.1696920394897461,28.310928344726562,2.764031123791183,27.935855865478516
2018-09-21 18:00:00+00:00,0.17722797393798828,34.029109954833984,2.683023639007007,33.551414489746094
2018-09-22 00:00:00+00:00,0.1679002046585083,32.66141128540039,2.596997943595483,32.26189422607422
2018-09-22 06:00:00+00:00,0.13289833068847656,33.83036804199219,2.6627235898025496,33.56157684326172
2018-09-22 12:00:00+00:00,0.1476355791091919,33.171630859375,2.4097330520335247,32.869911193847656
2018-09-22 18:00:00+00:00,0.17958331108093262,31.498788833618164,2.743045182486732,31.05305290222168
2018-09-23 00:00:00+00:00,0.14819741249084473,29.80270004272461,2.878278114061317,29.50244140625
2018-09-23 06:00:00+00:00,0.15159916877746582,36.313018798828125,2.5304115705497434,35.97182083129883
2018-09-23 12:00:00+00:00,0.1760643720626831,31.101253509521484,2.8103729109165867,30.668928146362305
2018-09-23 18:00:00+00:00,0.18750953674316406,30.443037033081055,2.485750417140392,29.947460174560547
2018-09-24 00:00:00+00:00,0.17193233966827393,30.410051345825195,3.067344619369432,29.983539581298828
2018-09-24 06:00:00+00:00,0.193151593208313,34.62298583984375,2.6631342485052363,34.069679260253906
2018-09-24 12:00:00+00:00,0.18674123287200928,28.189613342285156,2.9857353798077795,27.728506088256836
2018-09-24 18:00:00+00:00,0.2127518653869629,33.45084762573242,2.930661809241248,32.77500915527344
2018-09-25 00:00:00+00:00,0.23181462287902832,34.1689338684082,2.8053896674829693,33.407470703125
2018-09-25 06:00:00+00:00,0.17292606830596924,33.6893424987793,2.9752678237027315,33.24433135986328
2018-09-25 12:00:00+00:00,0.23647987842559814,32.027889251708984,2.791410092449862,31.285606384277344
2018-09-25 18:00:00+00:00,0.2022308111190796,38.148948669433594,2.1020555702769377,37.53972625732422
2018-09-26 00:00:00+00:00,0.21825802326202393,29.490182876586914,2.9746143402987917,28.86945343017578
2018-09-26 06:00:00+00:00,0.21531319618225098,31.984037399291992,2.5730369566383633,31.330854415893555
2018-09-26 12:00:00+00:00,0.2860260009765625,28.223228454589844,2.92849890208351,27.173648834228516
2018-09-26 18:00:00+00:00,0.24041390419006348,36.06137466430664,2.1504146878851653,35.25630569458008
2018-09-27 00:00:00+00:00,0.27141571044921875,34.33940887451172,2.353029534978315,33.36064147949219
2018-09-27 06:00:00+00:00,0.25450456142425537,37.24586486816406,2.6563384763715967,36.268211364746094
2018-09-27 12:00:00+00:00,0.2762211561203003,30.152910232543945,2.7104250526718587,29.1628475189209
2018-09-27 18:00:00+00:00,0.23792338371276855,49.11799240112305,1.8682594624666762,48.256103515625
2018-09-28 00:00:00+00:00,0.2847585678100586,48.69994354248047,1.9149064042797528,47.51668167114258
2018-09-28 06:00:00+00:00,0.2453709840774536,34.43595886230469,2.6643152371058956,33.577598571777344
2018-09-28 12:00:00+00:00,0.24411368370056152,34.31427764892578,2.379741791625669,33.51108932495117
2018-09-28 18:00:00+00:00,0.23746061325073242,56.53170394897461,1.853087047382326,55.590476989746094
2018-09-29 00:00:00+00:00,0.21226119995117188,50.72189712524414,1.765497372918668,50.054901123046875
2018-09-29 06:00:00+00:00,0.21195852756500244,48.02351760864258,1.8816249969124508,47.317665100097656
2018-09-29 12:00:00+00:00,0.23747694492340088,35.33504104614258,2.49728392595437,34.56501388549805
2018-09-29 18:00:00+00:00,0.18324697017669678,46.56584548950195,2.1898917638987174,46.01837921142578
2018-09-30 00:00:00+00:00,0.11964356899261475,44.20254135131836,1.9993190939037193,43.99482345581055
2018-09-30 06:00:00+00:00,0.15272414684295654,41.589500427246094,2.1866399781830137,41.26533508300781
2018-09-30 12:00:00+00:00,0.16378557682037354,43.65751647949219,1.9445748295521177,43.298683166503906
2018-09-30 18:00:00+00:00,0.1974349021911621,60.059879302978516,1.8888141986242966,59.40233612060547
2018-10-01 00:00:00+00:00,0.17022371292114258,51.8909912109375,1.737493938759459,51.44709014892578
2018-10-01 06:00:00+00:00,0.19154798984527588,75.07360076904297,1.40906991863783,74.46685028076172
2018-10-01 12:00:00+00:00,0.20510923862457275,49.79411697387695,1.6787337746166273,49.203712463378906
2018-10-01 18:00:00+00:00,0.18795037269592285,40.9766960144043,2.2707855563381196,40.47783279418945
2018-10-02 00:00:00+00:00,0.259499192237854,59.69962692260742,1.7933502750272776,58.59515380859375
2018-10-02 06:00:00+00:00,0.22335278987884521,46.81543731689453,2.4082313507817896,46.01151657104492
2018-10-02 12:00:00+00:00,0.32370197772979736,50.55592727661133,2.263834673279829,48.9541015625
2018-10-02 18:00:00+00:00,0.3087732791900635,79.54729461669922,1.8443934781439617,77.80714416503906
2018-10-03 00:00:00+00:00,0.29105138778686523,83.90580749511719,1.6131404929341309,82.4978256225586
2018-10-03 06:00:00+00:00,0.32675600051879883,92.29339599609375,1.6428440156455886,90.45565032958984
2018-10-03 12:00:00+00:00,0.29383158683776855,56.35684585571289,1.9643785141068077,55.16850662231445
2018-10-04 00:00:00+00:00,0.30818378925323486,68.75678253173828,1.8331789605624726,67.23804473876953
2018-10-04 06:00:00+00:00,0.2827495336532593,61.29778289794922,1.5951840611717851,60.15333557128906
2018-10-04 12:00:00+00:00,0.3350604772567749,53.45608139038086,1.703128059009982,52.16667556762695
2018-10-04 18:00:00+00:00,0.3035600185394287,62.761192321777344,1.8473538966986935,61.39867401123047
2018-10-05 00:00:00+00:00,0.3447549343109131,94.14212799072266,1.3485189753619287,92.22063446044922
2018-10-05 06:00:00+00:00,0.3753519058227539,97.69207000732422,1.6103962899285116,95.4586181640625
2018-10-05 12:00:00+00:00,0.3624076843261719,61.375587463378906,1.6988934299806002,59.69327926635742
2018-10-05 18:00:00+00:00,0.30242061614990234,75.1741943359375,1.7357808571990265,73.69721221923828
2018-10-06 00:00:00+00:00,0.3403533697128296,69.3134765625,2.0162514126054423,67.3809585571289
2018-10-06 06:00:00+00:00,0.31940996646881104,73.82357025146484,1.9888762440449157,72.08261108398438
2018-10-06 12:00:00+00:00,0.31913697719573975,78.41282653808594,1.8745703133696643,76.7099380493164
2018-10-06 18:00:00+00:00,0.3268857002258301,84.7930908203125,1.8043952235855476,82.78914642333984
2018-10-07 00:00:00+00:00,0.27946794033050537,66.34523010253906,1.8270808288824345,65.05099487304688
2018-10-07 06:00:00+00:00,0.24795520305633545,72.891845703125,1.7625478055995876,71.73966979980469
2018-10-07 12:00:00+00:00,0.2496870756149292,62.671878814697266,1.8559381477764774,61.60318374633789
2018-10-07 18:00:00+00:00,0.24058759212493896,51.040061950683594,2.4525480806984694,50.02466583251953
2018-10-08 00:00:00+00:00,0.2503706216812134,49.437870025634766,2.4624908441899533,48.3967399597168
2018-10-08 06:00:00+00:00,0.16502511501312256,59.38855743408203,1.8380045354546901,58.89426040649414
2018-10-08 12:00:00+00:00,0.20757627487182617,48.3925895690918,2.1637110044694534,47.66516876220703
2018-10-08 18:00:00+00:00,0.16762793064117432,47.035438537597656,2.2365891537378855,46.548152923583984
2018-10-09 00:00:00+00:00,0.14078807830810547,47.60541534423828,1.976014065394946,47.29474639892578
2018-10-09 06:00:00+00:00,0.1462390422821045,44.958839416503906,2.2406609052720903,44.58506774902344
2018-10-09 12:00:00+00:00,0.10676443576812744,45.413639068603516,2.3254058490022484,45.22443771362305
2018-10-09 18:00:00+00:00,0.10089218616485596,41.94068145751953,2.5150542751691276,41.773189544677734
2018-10-10 00:00:00+00:00,0.07793378829956055,44.570770263671875,2.2547519514759,44.473419189453125
2018-10-10 06:00:00+00:00,0.027247309684753418,71.9876708984375,1.6415576897682371,71.97386932373047
2018-10-10 12:00:00+00:00,0.025679469108581543,42.68083572387695,2.0230989865872786,42.671531677246094
2018-10-10 18:00:00+00:00,0.008803367614746094,42.94549560546875,2.1596001373693428,42.9443359375
2018-10-11 00:00:00+00:00,0.08284598588943481,57.39976119995117,1.9274093143286402,57.29310989379883
2018-10-11 06:00:00+00:00,0.011252880096435547,53.93597412109375,1.9411345918479324,53.93400573730469
2018-10-11 12:00:00+00:00,0.05733078718185425,64.62681579589844,1.3358332166248814,64.58409118652344
2018-10-11 18:00:00+00:00,0.09814435243606567,60.6394157409668,1.8327969680909535,60.49711608886719
2018-10-12 00:00:00+00:00,0.06599366664886475,37.96599578857422,2.3928370591295103,37.901554107666016
2018-10-12 06:00:00+00:00,0.07398992776870728,52.45987319946289,2.0564575408021013,52.37348556518555
2018-10-12 12:00:00+00:00,0.05673336982727051,58.987545013427734,1.4555456059735965,58.94169616699219
2018-10-12 18:00:00+00:00,0.018691539764404297,38.78156280517578,1.9146291862648388,38.77667236328125
2018-10-13 18:00:00+00:00,0.05454409122467041,37.516319274902344,2.5086234564424905,37.473812103271484
2018-10-14 00:00:00+00:00,0.003287792205810547,31.928508758544922,2.3957012423667763,31.928354263305664
2018-10-14 06:00:00+00:00,0.0010849237442016602,31.188566207885742,2.706444146125083,31.188549041748047
2018-10-14 12:00:00+00:00,0.01588606834411621,60.27199172973633,1.7839833938683654,60.26837921142578
2018-10-14 18:00:00+00:00,0.01979196071624756,32.9809684753418,2.4344144497529117,32.975372314453125
2018-10-15 00:00:00+00:00,0.02797842025756836,27.3007755279541,2.876258276001874,27.29045295715332
2018-10-15 06:00:00+00:00,0.014913380146026611,34.888771057128906,2.420931957989503,34.885589599609375
2018-10-15 12:00:00+00:00,0.05816197395324707,38.97780990600586,1.8057244322447927,38.935550689697266
2018-10-15 18:00:00+00:00,0.10527753829956055,30.462215423583984,2.8062440975087513,30.312910079956055
2018-10-16 00:00:00+00:00,0.13148832321166992,30.73113441467285,2.715359786584188,30.512033462524414
2018-10-16 06:00:00+00:00,0.1172870397567749,30.6292724609375,2.202339159124137,30.458398818969727
2018-10-17 00:00:00+00:00,0.130975604057312,28.83576202392578,2.706946741707755,28.6219539642334
2018-10-17 06:00:00+00:00,0.15111494064331055,38.471744537353516,2.1005132449580617,38.15613555908203
2018-10-17 12:00:00+00:00,0.19534790515899658,31.156999588012695,2.4801319333850342,30.690593719482422
2018-10-17 18:00:00+00:00,0.18644845485687256,81.05155944824219,1.422595359789593,80.50421142578125
2018-10-18 00:00:00+00:00,0.1597745418548584,33.863224029541016,2.4523858791534527,33.497196197509766
2018-10-18 06:00:00+00:00,0.16880512237548828,31.21507453918457,2.9333585078641207,30.826013565063477
2018-10-18 12:00:00+00:00,0.18161308765411377,36.16130065917969,2.3383160396076725,35.71052551269531
2018-10-18 18:00:00+00:00,0.1909726858139038,27.548686981201172,2.928911884768367,27.076234817504883
2018-10-19 00:00:00+00:00,0.17015600204467773,34.235477447509766,2.59373554873495,33.8275260925293
2018-10-19 06:00:00+00:00,0.14898014068603516,32.17533493041992,2.3941003684894495,31.87801170349121
2018-10-19 12:00:00+00:00,0.1315087080001831,25.347431182861328,2.808154759969597,25.146738052368164
2018-10-19 18:00:00+00:00,0.1589365005493164,31.936288833618164,2.929901161294844,31.573463439941406
2018-10-20 00:00:00+00:00,0.1307671070098877,30.342832565307617,2.236459694806699,30.124370574951172
2018-10-20 06:00:00+00:00,0.1349499225616455,37.83184814453125,1.863505378517186,37.59519577026367
2018-10-20 12:00:00+00:00,0.08225142955780029,29.234350204467773,2.1092259848863497,29.154664993286133
2018-10-20 18:00:00+00:00,0.06477212905883789,40.67687225341797,2.1405948521343974,40.614959716796875
2018-10-21 00:00:00+00:00,0.1080629825592041,55.05451965332031,1.450800713984322,54.86921691894531
2018-10-21 06:00:00+00:00,0.0759662389755249,38.85614013671875,2.1577125300190385,38.77201843261719
2018-10-21 12:00:00+00:00,0.13080430030822754,29.373085021972656,2.487492988510531,29.156023025512695
2018-10-21 18:00:00+00:00,0.049085140228271484,51.786563873291016,1.800755537250452,51.75102233886719
2018-10-22 00:00:00+00:00,0.10265159606933594,41.262142181396484,1.9461339970075737,41.10662841796875
2018-10-22 06:00:00+00:00,0.1003732681274414,32.95247268676758,2.4129211109807946,32.808074951171875
2018-10-22 12:00:00+00:00,0.1011132001876831,42.86000442504883,2.1167875858939653,42.70872497558594
2018-10-22 18:00:00+00:00,0.08486735820770264,41.02566909790039,2.126214288038609,40.91456604003906
2018-10-23 00:00:00+00:00,0.1378920078277588,35.826881408691406,2.307933857234462,35.5440673828125
2018-10-23 06:00:00+00:00,0.16227388381958008,32.97218322753906,2.4188109302178478,32.58218765258789
2018-10-23 12:00:00+00:00,0.13760638236999512,55.03398132324219,1.5503260234966612,54.73350524902344
2018-10-23 18:00:00+00:00,0.16788232326507568,48.12555694580078,2.3602067395595405,47.628997802734375
2018-10-24 00:00:00+00:00,0.1332322359085083,35.60697555541992,2.6734985791304764,35.3253173828125
2018-10-24 06:00:00+00:00,0.17653870582580566,32.17726516723633,2.844406546268964,31.704265594482422
2018-10-24 12:00:00+00:00,0.15375053882598877,47.54669952392578,2.0092440694550167,47.13982009887695
2018-10-24 18:00:00+00:00,0.18355214595794678,44.737762451171875,2.566047443194722,44.116661071777344
2018-10-25 00:00:00+00:00,0.14496946334838867,45.58406066894531,2.252795151654884,45.23295211791992
2018-10-25 06:00:00+00:00,0.14745604991912842,34.84691619873047,2.9440591504657174,34.4952507019043
2018-10-25 12:00:00+00:00,0.14629638195037842,36.88109588623047,2.396744984494351,36.54151153564453
2018-10-25 18:00:00+00:00,0.1278529167175293,41.75602722167969,2.2877684479595626,41.48020553588867
2018-10-26 00:00:00+00:00,0.1322314739227295,39.80506134033203,2.7613462579800263,39.50791931152344
2018-10-26 06:00:00+00:00,0.1270899772644043,59.99555969238281,1.5917819510756581,59.71677780151367
2018-10-26 12:00:00+00:00,0.09948205947875977,40.534461975097656,2.075079441686972,40.37852478027344
2018-10-26 18:00:00+00:00,0.10351932048797607,42.556190490722656,2.4740540924135397,42.37405776977539
2018-10-27 00:00:00+00:00,0.13904166221618652,61.712162017822266,1.8378049598608968,61.3393440246582
2018-10-27 06:00:00+00:00,0.12598860263824463,41.5406379699707,2.6206690240438415,41.25741958618164
2018-10-27 12:00:00+00:00,0.11777222156524658,55.08278274536133,1.800515927403631,54.84607696533203
2018-10-27 18:00:00+00:00,0.1545557975769043,59.16268539428711,1.9730888350447877,58.72767639160156
2018-10-28 00:00:00+00:00,0.14485859870910645,44.261348724365234,2.666306734683113,43.88919448852539
2018-10-28 06:00:00+00:00,0.14964842796325684,36.24298095703125,2.5265637596027255,35.885459899902344
2018-10-28 12:00:00+00:00,0.24915575981140137,58.054508209228516,1.9871780651875959,56.996307373046875
2018-10-28 18:00:00+00:00,0.16675841808319092,37.78858184814453,2.859670348117332,37.34090805053711
2018-10-29 00:00:00+00:00,0.24624502658843994,66.44856262207031,1.9237843318961212,65.35250091552734
2018-10-29 06:00:00+00:00,0.15600073337554932,56.82539749145508,2.143051054125764,56.39871597290039
2018-10-29 12:00:00+00:00,0.26740598678588867,44.959632873535156,2.1675449552958153,43.81360626220703
2018-10-29 18:00:00+00:00,0.3189758062362671,61.775577545166016,2.2488753715147394,59.89875411987305
2018-10-30 00:00:00+00:00,0.2663407325744629,57.71015930175781,2.034828067860568,56.458011627197266
2018-10-30 06:00:00+00:00,0.2835499048233032,61.660736083984375,1.9966242103041416,60.314754486083984
2018-10-30 12:00:00+00:00,0.3079817295074463,51.102760314941406,2.028677008636906,49.841163635253906
2018-10-30 18:00:00+00:00,0.317302942276001,52.16184997558594,1.9920643515376533,50.67529296875
2018-10-31 00:00:00+00:00,0.3201807737350464,86.75347900390625,1.5500878305060513,84.96662902832031
2018-10-31 06:00:00+00:00,0.32256126403808594,72.99099731445312,1.7341360109317805,71.33858489990234
2018-10-31 12:00:00+00:00,0.2820166349411011,39.60028839111328,2.0037707244945593,38.68257522583008
2018-10-31 18:00:00+00:00,0.3842247724533081,69.07439422607422,1.691953010805418,66.95138549804688
2018-11-01 00:00:00+00:00,0.34405291080474854,56.8202018737793,2.0875011649491655,55.058448791503906
2018-11-01 06:00:00+00:00,0.36076462268829346,86.66983795166016,1.574419520722759,84.70315551757812
2018-11-01 12:00:00+00:00,0.3938347101211548,68.40178680419922,2.1504263807540713,66.33781433105469
2018-11-01 18:00:00+00:00,0.36207330226898193,72.61509704589844,1.650931761591706,70.72259521484375
2018-11-02 00:00:00+00:00,0.3629798889160156,65.35737609863281,1.9770410307949189,63.33190155029297
2018-11-02 06:00:00+00:00,0.34237587451934814,52.42995834350586,1.9244820135929417,50.88173294067383
2018-11-02 12:00:00+00:00,0.31998884677886963,42.407737731933594,1.8716629836999954,41.107948303222656
2018-11-02 18:00:00+00:00,0.3270007371902466,90.93881225585938,1.1386390789692893,89.31179809570312
2018-11-03 00:00:00+00:00,0.277154803276062,50.59086608886719,2.2608596529913716,49.463768005371094
2018-11-03 06:00:00+00:00,0.3507431745529175,56.58068084716797,2.1922498148456855,54.60028076171875
2018-11-03 12:00:00+00:00,0.31640493869781494,59.24675750732422,2.0582925565221037,57.588260650634766
2018-11-03 18:00:00+00:00,0.27437639236450195,43.848915100097656,1.9975036470022616,42.72193145751953
2018-11-04 00:00:00+00:00,0.25395846366882324,40.67414093017578,2.3674907245167147,39.719017028808594
2018-11-04 06:00:00+00:00,0.3089703321456909,51.221038818359375,2.1611566519888052,49.698890686035156
2018-11-04 12:00:00+00:00,0.32800114154815674,40.63215637207031,1.9797486240423954,39.07182693481445
2018-11-04 18:00:00+00:00,0.21650183200836182,36.49162673950195,2.2631649143165147,35.831600189208984
2018-11-05 00:00:00+00:00,0.20202386379241943,42.8211784362793,2.111497011695261,42.19589614868164
2018-11-05 06:00:00+00:00,0.12671232223510742,42.65167999267578,2.062534927456068,42.417415618896484
2018-11-05 12:00:00+00:00,0.12649691104888916,61.464473724365234,1.8014303187317957,61.22349166870117
2018-11-05 18:00:00+00:00,0.061032891273498535,51.47887420654297,1.8907662161453729,51.42442321777344
2018-11-06 00:00:00+00:00,0.0171205997467041,59.930572509765625,1.801739300796299,59.926300048828125
2018-11-06 06:00:00+00:00,0.03905189037322998,58.59186935424805,1.8448701688498943,58.569095611572266
2018-11-06 12:00:00+00:00,0.01314997673034668,41.21543884277344,2.1151929201680373,41.21329879760742
2018-11-06 18:00:00+00:00,0.009851574897766113,43.57685470581055,1.8939791586742363,43.575504302978516
2018-11-07 00:00:00+00:00,0.030070900917053223,45.933799743652344,2.08004958412607,45.92074966430664
2018-11-07 06:00:00+00:00,0.06760913133621216,50.389774322509766,1.7218392656003996,50.3310546875
2018-11-07 12:00:00+00:00,0.08588224649429321,40.464019775390625,1.9385854857598048,40.380149841308594
2018-11-07 18:00:00+00:00,0.07828664779663086,37.116580963134766,2.129599408528218,37.039344787597656
2018-11-08 00:00:00+00:00,0.12591403722763062,51.98915100097656,2.100283503263647,51.7611198425293
2018-11-08 06:00:00+00:00,0.1252956986427307,57.607261657714844,1.8564940110525203,57.403934478759766
2018-11-08 12:00:00+00:00,0.10175091028213501,55.236534118652344,1.2077537531324118,55.112850189208984
2018-11-08 18:00:00+00:00,0.08607280254364014,43.65760040283203,2.105284355185083,43.558353424072266
2018-11-09 00:00:00+00:00,0.14584565162658691,58.67965316772461,1.5628779686254233,58.369110107421875
2018-11-09 06:00:00+00:00,0.11234879493713379,41.471961975097656,2.1799670183819924,41.308937072753906
2018-11-09 12:00:00+00:00,0.08182144165039062,39.33457565307617,2.0627681428955387,39.24762725830078
2018-11-09 18:00:00+00:00,0.10843759775161743,43.97258758544922,2.1409975092633755,43.811893463134766
2018-11-10 00:00:00+00:00,0.13206195831298828,53.60097885131836,1.6091086396148402,53.35258102416992
2018-11-10 06:00:00+00:00,0.1424492597579956,36.4387092590332,2.341089850625819,36.177879333496094
2018-11-10 12:00:00+00:00,0.13649529218673706,49.271602630615234,1.9073781168263253,49.018951416015625
2018-11-10 18:00:00+00:00,0.1491352915763855,38.46896743774414,2.112751271845165,38.16010284423828
2018-11-11 00:00:00+00:00,0.12313073873519897,40.6174430847168,1.9038323664894377,40.411067962646484
2018-11-11 06:00:00+00:00,0.07485395669937134,35.65159606933594,2.457583565181811,35.57233810424805
2018-11-11 12:00:00+00:00,0.10287851095199585,33.536895751953125,2.564380951948252,33.391502380371094
2018-11-11 18:00:00+00:00,0.05339092016220093,36.40917205810547,2.4197140535877066,36.36606216430664
2018-11-12 00:00:00+00:00,0.042249441146850586,33.156166076660156,2.5022146480083993,33.13166427612305
2018-11-12 06:00:00+00:00,0.03680533170700073,179.1946563720703,0.8509013305207562,179.17344665527344
2018-11-12 12:00:00+00:00,0.0070497989654541016,47.550350189208984,1.7044463708775792,47.549625396728516
2018-11-12 18:00:00+00:00,0.034151315689086914,34.5179443359375,2.5938527124137845,34.49984359741211
2018-11-13 00:00:00+00:00,0.03278017044067383,35.25613021850586,2.3331803807388387,35.240352630615234
2018-11-13 06:00:00+00:00,0.04794585704803467,31.447290420532227,2.2950314476865183,31.414520263671875
2018-11-13 12:00:00+00:00,0.017072558403015137,64.5282211303711,1.557712361715391,64.52398681640625
2018-11-13 18:00:00+00:00,0.034456491470336914,40.1811408996582,2.6490996948330903,40.16071701049805
2018-11-14 00:00:00+00:00,0.010526537895202637,35.027748107910156,2.648418961674237,35.02595138549805
2018-11-14 06:00:00+00:00,0.07522821426391602,35.77001190185547,2.31086131087366,35.682247161865234
2018-11-14 12:00:00+00:00,0.0841062068939209,82.60264587402344,1.170811253698842,82.49156188964844
2018-11-14 18:00:00+00:00,0.09642195701599121,72.18463897705078,1.3299047598868214,72.0259780883789
2018-11-15 00:00:00+00:00,0.06368446350097656,45.61812973022461,2.2248139973779564,45.54633331298828
2018-11-15 06:00:00+00:00,0.06407356262207031,79.61152648925781,1.177362839674492,79.54409790039062
2018-11-15 12:00:00+00:00,0.03448379039764404,98.72151947021484,1.059038265117035,98.7009506225586
2018-11-15 18:00:00+00:00,0.04842054843902588,39.90856170654297,2.5969429458640247,39.866363525390625
2018-11-16 00:00:00+00:00,0.06698358058929443,43.22229766845703,2.2418994853095064,43.143035888671875
2018-11-16 06:00:00+00:00,0.0588078498840332,42.05441665649414,2.3762723391899305,41.99424362182617
2018-11-16 12:00:00+00:00,0.06737220287322998,44.00797653198242,2.0804665132638425,43.927894592285156
2018-11-16 18:00:00+00:00,0.047473788261413574,48.584957122802734,2.3893791200580523,48.54050064086914
2018-11-17 00:00:00+00:00,0.02722799777984619,50.80387496948242,2.4490013566458764,50.789119720458984
2018-11-17 06:00:00+00:00,0.04078066349029541,45.75450897216797,2.2129569843521075,45.72307205200195
2018-11-17 12:00:00+00:00,0.018215060234069824,58.87226867675781,1.6814244081613032,58.865882873535156
2018-11-17 18:00:00+00:00,0.03788793087005615,49.60245895385742,2.1097147190740206,49.57422637939453
2018-11-18 00:00:00+00:00,0.00974726676940918,66.69774627685547,1.9486785658035684,66.69569396972656
2018-11-18 06:00:00+00:00,0.000988781452178955,53.939453125,2.0922790656279995,53.93943405151367
2018-11-18 12:00:00+00:00,0.04758155345916748,163.17506408691406,0.9632934760632261,163.12911987304688
2018-11-18 18:00:00+00:00,0.006755471229553223,43.0068244934082,2.498432380276102,43.00603103637695
2018-11-19 00:00:00+00:00,0.03546333312988281,47.35617446899414,2.341521835172501,47.333106994628906
2018-11-19 06:00:00+00:00,0.009464144706726074,44.83028030395508,2.1614657578740113,44.82868576049805
2018-11-19 12:00:00+00:00,0.03218722343444824,37.81678771972656,2.5363206884089893,37.799095153808594
2018-11-19 18:00:00+00:00,0.008643507957458496,42.867008209228516,2.307883259919541,42.865726470947266
2018-11-20 00:00:00+00:00,0.003840327262878418,41.07635498046875,2.1354661166518705,41.07609939575195
2018-11-20 06:00:00+00:00,0.01912367343902588,129.19747924804688,1.2417801332222724,129.1903076171875
2018-11-20 12:00:00+00:00,0.03197753429412842,40.8633918762207,2.5755876829838247,40.84560012817383
2018-11-20 18:00:00+00:00,0.009772300720214844,33.22256088256836,2.668424309486131,33.2210578918457
2018-11-21 00:00:00+00:00,0.011866509914398193,37.141998291015625,2.66693865311115,37.13971710205078
2018-11-21 06:00:00+00:00,0.03786647319793701,36.658477783203125,2.6455662747446795,36.634124755859375
2018-11-21 12:00:00+00:00,0.05782639980316162,43.90398025512695,2.37152579346239,43.847129821777344
2018-11-21 18:00:00+00:00,0.07267975807189941,36.32200622558594,2.648141176633992,36.2353401184082
2018-11-22 00:00:00+00:00,0.03880965709686279,37.745418548583984,2.3151865630444943,37.720436096191406
2018-11-22 06:00:00+00:00,0.099373459815979,46.63276290893555,2.0239116543294275,46.46435546875
2018-11-22 12:00:00+00:00,0.10194122791290283,38.656639099121094,2.476364863449549,38.4924201965332
2018-11-22 18:00:00+00:00,0.028670549392700195,50.52691650390625,1.7974652132632816,50.51293182373047
2018-11-23 00:00:00+00:00,0.02890777587890625,69.5306396484375,1.6392060031007765,69.51513671875
2018-11-23 06:00:00+00:00,6.74128532409668e-05,51.756752014160156,1.8762536350052783,51.756752014160156
2018-11-23 12:00:00+00:00,0.054160237312316895,44.530296325683594,2.323750489463098,44.48221969604492
2018-11-23 18:00:00+00:00,0.018069982528686523,60.3823127746582,1.8919173384114796,60.376434326171875
2018-11-24 00:00:00+00:00,0.02137279510498047,52.10675048828125,2.2698384284068904,52.09851837158203
2018-11-24 06:00:00+00:00,0.011771082878112793,48.02666091918945,2.2086540040949814,48.0241584777832
2018-11-24 12:00:00+00:00,0.03330433368682861,39.01969909667969,2.4805177629333146,39.00137710571289
2018-11-24 18:00:00+00:00,0.07203984260559082,48.33057403564453,2.084156471958231,48.24235916137695
2018-11-25 00:00:00+00:00,0.04780840873718262,35.834049224853516,2.6831180176495915,35.79774856567383
2018-11-25 06:00:00+00:00,0.0018078088760375977,43.28305435180664,2.088683446942885,43.28300094604492
2018-11-25 12:00:00+00:00,0.04523003101348877,31.829423904418945,2.40223929904347,31.801387786865234
2018-11-25 18:00:00+00:00,0.06778991222381592,38.054847717285156,2.4796770977291756,37.98578643798828
2018-11-26 00:00:00+00:00,0.12200236320495605,71.18834686279297,1.6995935921378789,70.94541931152344
2018-11-26 06:00:00+00:00,0.1766829490661621,50.78858184814453,2.1923270795194316,50.31966018676758
2018-11-26 12:00:00+00:00,0.17519879341125488,43.950679779052734,2.036627384658399,43.55644226074219
2018-11-26 18:00:00+00:00,0.19298768043518066,65.94308471679688,1.6695841043365611,65.35094451904297
2018-11-27 00:00:00+00:00,0.13714969158172607,54.71701431274414,1.5233036038062429,54.444976806640625
2018-11-27 06:00:00+00:00,0.20407378673553467,54.11713409423828,1.837011621092421,53.5406379699707
2018-11-27 12:00:00+00:00,0.15960216522216797,49.48649215698242,1.4789504671038876,49.17471694946289
2018-11-27 18:00:00+00:00,0.20512008666992188,95.93112182617188,1.515829582956525,95.32698059082031
2018-11-28 00:00:00+00:00,0.20242202281951904,107.08475494384766,1.282700495486854,106.47054290771484
2018-11-28 06:00:00+00:00,0.1798785924911499,43.98383331298828,2.2024271842702468,43.57681655883789
2018-11-28 12:00:00+00:00,0.20563268661499023,48.588932037353516,1.7250554579871233,48.04761505126953
2018-11-28 18:00:00+00:00,0.15487051010131836,37.331817626953125,1.9638980714118783,37.03196716308594
2018-11-29 00:00:00+00:00,0.1885911226272583,39.451927185058594,2.2739442979828146,38.98761749267578
2018-11-29 06:00:00+00:00,0.20131206512451172,45.58770751953125,1.7072643588414864,45.02790069580078
2018-11-29 12:00:00+00:00,0.22231566905975342,60.47855758666992,1.6375554102136443,59.70957565307617
2018-11-29 18:00:00+00:00,0.17362868785858154,51.871299743652344,1.6473004363075807,51.439937591552734
2018-11-30 00:00:00+00:00,0.19362342357635498,46.01055145263672,1.9472610791009153,45.50368118286133
2018-11-30 06:00:00+00:00,0.19707953929901123,61.938297271728516,1.6811589314849982,61.333126068115234
2018-11-30 12:00:00+00:00,0.18851888179779053,44.0484733581543,1.884647224309993,43.54433059692383
2018-11-30 18:00:00+00:00,0.19618892669677734,51.5186882019043,1.9739218890013779,50.934776306152344
2018-12-01 00:00:00+00:00,0.1711423397064209,42.05180358886719,2.1012963743809903,41.63114929199219
2018-12-01 06:00:00+00:00,0.2241520881652832,45.198699951171875,2.022815669914276,44.427215576171875
2018-12-01 12:00:00+00:00,0.22840309143066406,35.16456985473633,2.432986701077712,34.45072555541992
2018-12-01 18:00:00+00:00,0.20408952236175537,33.3121452331543,2.7285966933472836,32.71698760986328
2018-12-02 00:00:00+00:00,0.18437540531158447,26.30189323425293,2.917097717369577,25.878271102905273
2018-12-02 06:00:00+00:00,0.12851262092590332,34.0324592590332,2.245004168596099,33.814117431640625
2018-12-02 12:00:00+00:00,0.09718263149261475,26.494508743286133,2.625208057860466,26.378938674926758
2018-12-02 18:00:00+00:00,0.027369201183319092,49.4731330871582,1.7767124816021909,49.462867736816406
2018-12-03 00:00:00+00:00,0.012805938720703125,36.30839920043945,1.8873490909515618,36.30622100830078
2018-12-03 06:00:00+00:00,0.04581165313720703,43.43068313598633,2.022288705666421,43.40327835083008
2018-12-03 12:00:00+00:00,0.032300472259521484,40.39986801147461,1.8252275135032934,40.387638092041016
2018-12-03 18:00:00+00:00,0.058939337730407715,38.868385314941406,2.293035184444415,38.81926345825195
2018-12-04 00:00:00+00:00,0.03543132543563843,54.94112777709961,1.7408911712923856,54.92301559448242
2018-12-04 06:00:00+00:00,0.10491341352462769,51.49122619628906,1.6526570809077454,51.34752655029297
2018-12-04 12:00:00+00:00,0.08401012420654297,42.2210693359375,1.668612875701981,42.13666915893555
2018-12-04 18:00:00+00:00,0.06315475702285767,53.13553237915039,1.6920760705947084,53.07489013671875
2018-12-05 00:00:00+00:00,0.10667544603347778,60.63282775878906,1.8086467110917777,60.454647064208984
2018-12-05 06:00:00+00:00,0.09389066696166992,63.85288619995117,1.3242373489926695,63.72603988647461
2018-12-05 12:00:00+00:00,0.1244921088218689,55.26483917236328,1.821506209619881,55.052818298339844
2018-12-05 18:00:00+00:00,0.11222827434539795,50.14423751831055,1.9772358772585346,49.95073699951172
2018-12-06 00:00:00+00:00,0.16043442487716675,90.65946960449219,1.3505327751468874,90.22372436523438
2018-12-06 06:00:00+00:00,0.13031929731369019,80.84270477294922,1.0759333812247578,80.58574676513672
2018-12-06 12:00:00+00:00,0.11211729049682617,50.18611145019531,1.709374686473246,50.00491714477539
2018-12-06 18:00:00+00:00,0.12368112802505493,58.73588562011719,1.6599158359904904,58.493228912353516
2018-12-07 00:00:00+00:00,0.12184083461761475,60.758209228515625,1.7346792833639904,60.50767517089844
2018-12-07 06:00:00+00:00,0.0971752405166626,58.58833694458008,1.706980103408658,58.43771743774414
2018-12-07 12:00:00+00:00,0.11243557929992676,53.12871170043945,1.6380686985201354,52.92087173461914
2018-12-07 18:00:00+00:00,0.11810040473937988,81.5510025024414,1.022119516942362,81.30692291259766
2018-12-08 00:00:00+00:00,0.1120905876159668,56.19589614868164,1.8141386777524804,55.98766326904297
2018-12-08 06:00:00+00:00,0.11553138494491577,76.75325012207031,1.167990056552524,76.53150177001953
2018-12-08 12:00:00+00:00,0.04674285650253296,37.793701171875,2.36848181915479,37.75904846191406
2018-12-08 18:00:00+00:00,0.10903334617614746,75.29398345947266,1.3662742252552338,75.08000946044922
2018-12-09 00:00:00+00:00,0.05440610647201538,37.00485610961914,2.535834605892071,36.95677185058594
2018-12-09 06:00:00+00:00,0.06472736597061157,39.73590850830078,1.8739106312998892,39.672481536865234
2018-12-09 12:00:00+00:00,0.08608949184417725,54.963687896728516,1.4931404072968844,54.84517288208008
2018-12-09 18:00:00+00:00,0.06273263692855835,34.74542999267578,2.7212994646861453,34.679176330566406
2018-12-10 00:00:00+00:00,0.049351513385772705,33.600677490234375,2.7824683749523773,33.55924987792969
2018-12-10 06:00:00+00:00,0.06261992454528809,33.77294158935547,2.307925643269992,33.71337127685547
2018-12-10 12:00:00+00:00,0.005037069320678711,31.457134246826172,3.1119394471697386,31.456722259521484
2018-12-10 18:00:00+00:00,0.057665467262268066,41.497318267822266,2.3129829466324114,41.4370231628418
2018-12-11 00:00:00+00:00,0.06604093313217163,40.210693359375,2.657575189381897,40.129364013671875
2018-12-11 06:00:00+00:00,0.04221975803375244,37.728458404541016,2.736051753872971,37.69723892211914
2018-12-11 12:00:00+00:00,0.03668999671936035,51.555625915527344,1.6114344989013287,51.53269958496094
2018-12-11 18:00:00+00:00,0.012996792793273926,40.483985900878906,2.852486465729383,40.480751037597656
2018-12-12 00:00:00+00:00,0.03279519081115723,41.553443908691406,2.4673279418305722,41.534217834472656
2018-12-12 06:00:00+00:00,0.030859291553497314,40.292049407958984,2.4871316583197522,40.27546310424805
2018-12-12 12:00:00+00:00,0.028844773769378662,40.14559555053711,2.1411832352464986,40.13182067871094
2018-12-12 18:00:00+00:00,0.021724343299865723,48.147212982177734,2.259687405563472,48.138057708740234
2018-12-13 00:00:00+00:00,0.05054837465286255,45.067813873291016,2.312124112582259,45.01875686645508
2018-12-13 06:00:00+00:00,0.059732019901275635,49.026092529296875,1.7679521218396954,48.963348388671875
2018-12-13 12:00:00+00:00,0.040158987045288086,39.365203857421875,2.4072921871060573,39.337642669677734
2018-12-13 18:00:00+00:00,0.07346773147583008,49.15464401245117,2.3171191075518855,49.048091888427734
2018-12-14 00:00:00+00:00,0.05448108911514282,44.978729248046875,2.5723411236860882,44.920509338378906
2018-12-14 06:00:00+00:00,0.07825684547424316,49.908329010009766,2.302445221780533,49.79020690917969
2018-12-14 12:00:00+00:00,0.09381121397018433,53.34937286376953,2.0611126337908616,53.176605224609375
2018-12-14 18:00:00+00:00,0.04120993614196777,44.78477096557617,2.5046043251868437,44.74983596801758
2018-12-15 00:00:00+00:00,0.06905043125152588,50.725547790527344,2.2162523996850645,50.62577438354492
2018-12-15 06:00:00+00:00,0.07594317197799683,48.03152084350586,2.4837653045044066,47.92034149169922
2018-12-15 12:00:00+00:00,0.06052333116531372,46.83041763305664,2.2690959799409876,46.76191329956055
2018-12-15 18:00:00+00:00,0.0630347728729248,58.98093795776367,2.442393114161042,58.89043045043945
2018-12-16 00:00:00+00:00,0.10477292537689209,58.61105728149414,1.8834430357456302,58.3759880065918
2018-12-16 06:00:00+00:00,0.08556729555130005,55.009220123291016,1.9679308473096204,54.8671875
2018-12-16 12:00:00+00:00,0.04472631216049194,48.317100524902344,2.468613411194253,48.27634048461914
2018-12-16 18:00:00+00:00,0.05592435598373413,49.32258987426758,2.4638529091110164,49.25436782836914
2018-12-17 00:00:00+00:00,0.10452407598495483,54.89214324951172,2.4524142102932354,54.65182876586914
2018-12-17 06:00:00+00:00,0.08422017097473145,60.65628433227539,1.8346255576142019,60.51531982421875
2018-12-17 12:00:00+00:00,0.05052536725997925,46.54994201660156,2.5057763792863,46.50041198730469
2018-12-17 18:00:00+00:00,0.04285985231399536,61.759437561035156,1.8902406643253549,61.71700668334961
2018-12-18 00:00:00+00:00,0.04315465688705444,50.38418960571289,2.2320194803945754,50.344444274902344
2018-12-18 06:00:00+00:00,0.03213191032409668,111.74977111816406,1.2153598320771124,111.72794342041016
2018-12-18 12:00:00+00:00,0.07720273733139038,138.7269744873047,1.0145603760218214,138.5954132080078
2018-12-18 18:00:00+00:00,0.04535907506942749,101.98109436035156,1.4673237587346124,101.92756652832031
2018-12-19 00:00:00+00:00,0.025951504707336426,67.43112182617188,1.7054132139148,67.41559600830078
2018-12-19 06:00:00+00:00,0.014440298080444336,47.687660217285156,2.4680520510864956,47.683441162109375
2018-12-19 12:00:00+00:00,0.0025711655616760254,47.61798095703125,2.3962689337083596,47.61784744262695
2018-12-19 18:00:00+00:00,0.03931593894958496,65.10714721679688,2.1154272299407837,65.06854248046875
2018-12-20 00:00:00+00:00,0.02987504005432129,51.73854446411133,2.6117727578079384,51.718414306640625
2018-12-20 06:00:00+00:00,0.019486606121063232,43.31571960449219,2.660673031654478,43.30807876586914
2018-12-20 12:00:00+00:00,0.012499988079071045,47.03038024902344,2.7178790610519634,47.02708435058594
2018-12-20 18:00:00+00:00,0.011824309825897217,53.76234436035156,2.487204785071086,53.758880615234375
2018-12-21 00:00:00+00:00,0.010071396827697754,59.17648696899414,2.2885304207351456,59.17396545410156
2018-12-21 06:00:00+00:00,0.0705103874206543,61.47799301147461,2.350461108944959,61.36316680908203
2018-12-21 12:00:00+00:00,0.016212821006774902,94.4498062133789,1.4550948275927083,94.4435043334961
2018-12-21 18:00:00+00:00,0.04113268852233887,68.79972076416016,2.484104090234001,68.75177001953125
2018-12-22 00:00:00+00:00,0.038849592208862305,66.5729751586914,2.4175058248472134,66.53357696533203
2018-12-22 06:00:00+00:00,0.041909217834472656,68.33771514892578,1.8588177073352774,68.29700469970703
2018-12-22 12:00:00+00:00,0.04969334602355957,58.52550506591797,2.2881573570044678,58.47126770019531
2018-12-22 18:00:00+00:00,0.03944098949432373,99.18526458740234,1.6541309077732875,99.14081573486328
2018-12-23 00:00:00+00:00,0.08293437957763672,95.51966094970703,2.1373837423395226,95.32881927490234
2018-12-23 06:00:00+00:00,0.09509885311126709,102.19290924072266,1.832520726800991,101.96443176269531
2018-12-23 12:00:00+00:00,0.05386078357696533,72.19349670410156,1.8102928491510648,72.13196563720703
2018-12-23 18:00:00+00:00,0.042107462882995605,107.25959014892578,1.6975976384803448,107.20735931396484
2018-12-24 00:00:00+00:00,0.08660697937011719,112.0749740600586,1.8925635933081097,111.87541961669922
2018-12-24 06:00:00+00:00,0.08986687660217285,98.58797454833984,1.729700326481838,98.40414428710938
2018-12-24 12:00:00+00:00,0.10520291328430176,79.0450668334961,1.6559044578114144,78.79962921142578
2018-12-24 18:00:00+00:00,0.08906733989715576,139.4593048095703,1.3188668960526044,139.24160766601562
2018-12-25 00:00:00+00:00,0.10423886775970459,121.75933074951172,1.4225963601712035,121.46524810791016
2018-12-25 06:00:00+00:00,0.10127043724060059,83.47232055664062,2.0221157107549264,83.22248077392578
2018-12-25 12:00:00+00:00,0.053125977516174316,70.80209350585938,2.0421316204985387,70.73615264892578
2018-12-25 18:00:00+00:00,0.07328414916992188,74.78076934814453,2.179606921359433,74.63256072998047
2018-12-26 00:00:00+00:00,0.08924508094787598,98.27352142333984,1.862314707457036,98.05583953857422
2018-12-26 06:00:00+00:00,0.07928204536437988,85.7008056640625,1.8461168715920484,85.53755950927734
2018-12-26 12:00:00+00:00,0.08226203918457031,72.7431640625,2.2620733998738216,72.57331085205078
2018-12-26 18:00:00+00:00,0.08071613311767578,100.00044250488281,1.8194711585196304,99.81426239013672
2018-12-27 00:00:00+00:00,0.08036684989929199,88.61785888671875,1.8545174209687554,88.44284057617188
2018-12-27 06:00:00+00:00,0.11276066303253174,79.778564453125,2.232422620660123,79.44982147216797
2018-12-27 12:00:00+00:00,0.0875474214553833,68.13862609863281,2.3976484021409674,67.94274139404297
2018-12-27 18:00:00+00:00,0.08153772354125977,75.3011474609375,2.421722575125147,75.1090087890625
2018-12-28 00:00:00+00:00,0.09866750240325928,65.03785705566406,2.4269430623531036,64.77305603027344
2018-12-28 06:00:00+00:00,0.09608936309814453,57.51436996459961,2.738378024068915,57.277034759521484
2018-12-28 12:00:00+00:00,0.09591209888458252,61.80838394165039,2.623151111480583,61.56483459472656
2018-12-28 18:00:00+00:00,0.07997512817382812,71.64525604248047,2.0282305252865713,71.47015380859375
2018-12-29 00:00:00+00:00,0.051410794258117676,66.0438461303711,2.2801620850674458,65.9718017578125
2018-12-29 06:00:00+00:00,0.13345885276794434,62.44009017944336,2.424599753649769,61.98480987548828
2018-12-29 12:00:00+00:00,0.029558658599853516,63.192420959472656,2.2482506427714837,63.171653747558594
2018-12-29 18:00:00+00:00,0.05282402038574219,64.21219635009766,2.502563827592553,64.13766479492188
2018-12-30 00:00:00+00:00,0.0016031861305236816,67.841064453125,2.1792819880713066,67.84099578857422
2018-12-30 06:00:00+00:00,0.007434070110321045,82.80896759033203,2.3324550719016437,82.8076171875
2018-12-30 12:00:00+00:00,0.024547278881072998,60.00835418701172,2.2037538597147455,59.995906829833984
2018-12-30 18:00:00+00:00,0.11229950189590454,171.45068359375,1.2229645655685606,171.11746215820312
2018-12-31 00:00:00+00:00,0.09021037817001343,66.08570861816406,2.5631240096778996,65.89634704589844
2018-12-31 06:00:00+00:00,0.037314772605895996,88.27605438232422,1.6875746137212113,88.24603271484375
2018-12-31 12:00:00+00:00,0.11292308568954468,104.154296875,1.7534841596742874,103.89691162109375
2018-12-31 18:00:00+00:00,0.08474600315093994,268.3123474121094,0.6695612472265762,268.1408386230469
