timestamp,global_R2,global_energy,global_entropy,global_variance
2019-01-01 00:00:00+00:00,0.14464718103408813,124.062255859375,1.4300088239836772,123.55614471435547
2019-01-01 06:00:00+00:00,0.13260656595230103,98.2586669921875,1.705625215399034,97.8623046875
2019-01-01 12:00:00+00:00,0.13897216320037842,89.98871612548828,1.8545187326423789,89.59877014160156
2019-01-01 18:00:00+00:00,0.19823944568634033,435.08746337890625,0.5080649417415847,434.13714599609375
2019-01-02 00:00:00+00:00,0.16457337141036987,92.11183166503906,1.7273585021503643,91.50423431396484
2019-01-02 06:00:00+00:00,0.1422119140625,67.60833740234375,2.3845359408881435,67.18287658691406
2019-01-02 12:00:00+00:00,0.12944644689559937,89.83566284179688,1.7680390131882104,89.4736557006836
2019-01-03 00:00:00+00:00,0.16302937269210815,77.7418441772461,1.8713102634185597,77.14561462402344
2019-01-03 06:00:00+00:00,0.18077653646469116,103.22771453857422,1.8368772483895661,102.4288558959961
2019-01-03 12:00:00+00:00,0.150712251663208,104.59232330322266,1.731810177475293,104.06399536132812
2019-01-03 18:00:00+00:00,0.12802302837371826,67.17533874511719,2.248883431505935,66.7861557006836
2019-01-04 00:00:00+00:00,0.1268700361251831,63.95231246948242,2.0912813969773763,63.57785415649414
2019-01-04 06:00:00+00:00,0.1507827639579773,61.57588195800781,2.395266890341151,61.042877197265625
2019-01-04 18:00:00+00:00,0.1135147213935852,66.37265014648438,2.50631644454729,66.04332733154297
2019-01-05 00:00:00+00:00,0.1087304949760437,71.80940246582031,2.246003492735897,71.4955825805664
2019-01-05 06:00:00+00:00,0.12485730648040771,84.78850555419922,1.9419222956020479,84.3908920288086
2019-01-05 12:00:00+00:00,0.12712883949279785,74.77342224121094,2.486498343845396,74.3388671875
2019-01-05 18:00:00+00:00,0.08465641736984253,71.08745574951172,2.333090019412657,70.89232635498047
2019-01-06 00:00:00+00:00,0.07486814260482788,69.77381134033203,2.293900762375548,69.61796569824219
2019-01-06 06:00:00+00:00,0.07077109813690186,59.51078796386719,2.697008048122207,59.37858200073242
2019-01-06 12:00:00+00:00,0.07651335000991821,53.696006774902344,2.6850316530015053,53.55051803588867
2019-01-06 18:00:00+00:00,0.055418193340301514,61.900970458984375,2.3182642424299615,61.81869888305664
2019-01-07 00:00:00+00:00,0.07779395580291748,69.97379302978516,2.4343352334254895,69.79904174804688
2019-01-07 06:00:00+00:00,0.10081547498703003,76.46363830566406,2.207498373566347,76.18718719482422
2019-01-07 12:00:00+00:00,0.04278230667114258,57.34651184082031,2.682568472553788,57.30052947998047
2019-01-07 18:00:00+00:00,0.0659341812133789,65.7563705444336,2.4921000559557918,65.63087463378906
2019-01-08 00:00:00+00:00,0.0698365569114685,69.77735137939453,2.3906832270877088,69.63520050048828
2019-01-08 06:00:00+00:00,0.06369346380233765,71.32286834716797,2.067567919703779,71.22066497802734
2019-01-08 12:00:00+00:00,0.02692514657974243,58.433834075927734,2.271462161320109,58.41644287109375
2019-01-08 18:00:00+00:00,0.04899102449417114,86.9202651977539,1.7228726834330321,86.85116577148438
2019-01-09 00:00:00+00:00,0.06048041582107544,69.15232849121094,2.0540715123049713,69.05233001708984
2019-01-09 06:00:00+00:00,0.06753009557723999,63.87162399291992,2.546872341833054,63.74997329711914
2019-01-09 12:00:00+00:00,0.035928189754486084,60.12879180908203,2.105369523712331,60.096920013427734
2019-01-09 18:00:00+00:00,0.0645492672920227,77.16390228271484,1.9719561346738848,77.04277038574219
2019-01-10 00:00:00+00:00,0.08813458681106567,71.60742950439453,2.473087759215664,71.39073181152344
2019-01-10 06:00:00+00:00,0.07381272315979004,72.6467514038086,1.8303975402982477,72.50695037841797
2019-01-10 12:00:00+00:00,0.06764620542526245,72.18673706054688,2.194251044239909,72.06786346435547
2019-01-10 18:00:00+00:00,0.06134533882141113,94.27886199951172,1.7210797701413945,94.15904998779297
2019-01-11 00:00:00+00:00,0.06636935472488403,98.83058166503906,1.457710709779775,98.70271301269531
2019-01-11 06:00:00+00:00,0.06352740526199341,71.48711395263672,2.43994115957056,71.37206268310547
2019-01-11 12:00:00+00:00,0.06150639057159424,68.07576751708984,2.2109165530862747,67.97846984863281
2019-01-11 18:00:00+00:00,0.036036908626556396,115.99978637695312,1.326822891716108,115.95946502685547
2019-01-12 00:00:00+00:00,0.0647122859954834,81.98877716064453,1.9551131682054996,81.8691635131836
2019-01-12 06:00:00+00:00,0.06345862150192261,72.87274932861328,2.141578669232958,72.76683807373047
2019-01-12 12:00:00+00:00,0.07123613357543945,64.29186248779297,2.4756318025001516,64.16776275634766
2019-01-12 18:00:00+00:00,0.05665236711502075,74.70303344726562,2.2241710832729393,74.60467529296875
2019-01-13 00:00:00+00:00,0.07692378759384155,67.86836242675781,2.499070625599199,67.71121978759766
2019-01-13 06:00:00+00:00,0.056279122829437256,61.63999557495117,2.208863729261715,61.56203842163086
2019-01-13 12:00:00+00:00,0.07519567012786865,53.81475830078125,2.4897211536809962,53.681396484375
2019-01-13 18:00:00+00:00,0.07466089725494385,68.37115478515625,2.209998707360823,68.21305084228516
2019-01-14 00:00:00+00:00,0.08213430643081665,60.15388870239258,2.306511992357015,59.98836135864258
2019-01-14 06:00:00+00:00,0.08876734972000122,66.8490219116211,2.0649068267282957,66.64730072021484
2019-01-14 12:00:00+00:00,0.06046736240386963,58.82826232910156,2.435747637480888,58.736507415771484
2019-01-14 18:00:00+00:00,0.09199482202529907,78.65277862548828,2.070182407195527,78.39813995361328
2019-01-15 00:00:00+00:00,0.08915352821350098,65.0011978149414,2.061750949415784,64.79779052734375
2019-01-15 06:00:00+00:00,0.12426704168319702,67.2199478149414,2.4026953705470464,66.84227752685547
2019-01-15 12:00:00+00:00,0.1087334156036377,61.37446212768555,2.5199793144143507,61.0827751159668
2019-01-15 18:00:00+00:00,0.09132754802703857,78.86064147949219,2.5240585711254977,78.6078872680664
2019-01-16 00:00:00+00:00,0.06551378965377808,56.01570510864258,2.0975830619386575,55.917640686035156
2019-01-16 06:00:00+00:00,0.14348244667053223,62.549922943115234,2.349339687664379,62.05615997314453
2019-01-16 12:00:00+00:00,0.13165652751922607,63.99114990234375,2.3953725518534177,63.57794189453125
2019-01-16 18:00:00+00:00,0.10167014598846436,67.90119171142578,2.6399975113259186,67.61616516113281
2019-01-17 00:00:00+00:00,0.1008862853050232,49.553245544433594,2.7123394307214292,49.32432556152344
2019-01-17 06:00:00+00:00,0.13332831859588623,50.118343353271484,2.435238813248371,49.715171813964844
2019-01-17 12:00:00+00:00,0.0900806188583374,51.45968246459961,2.650195756662785,51.274044036865234
2019-01-17 18:00:00+00:00,0.042709946632385254,74.67223358154297,2.2487109403232353,74.6217041015625
2019-01-18 00:00:00+00:00,0.004135251045227051,149.87257385253906,1.1375770932261509,149.8721160888672
2019-01-18 06:00:00+00:00,0.00895833969116211,64.37409973144531,1.8884290138016764,64.37232971191406
2019-01-18 12:00:00+00:00,0.040071964263916016,65.99526977539062,2.1240170294188574,65.96160888671875
2019-01-18 18:00:00+00:00,0.023775339126586914,88.44091796875,1.7872215746387292,88.4262924194336
2019-01-19 00:00:00+00:00,0.04700195789337158,63.839237213134766,2.0353893352549024,63.790321350097656
2019-01-19 06:00:00+00:00,0.078346848487854,72.47650146484375,2.15376837283723,72.34136962890625
2019-01-19 12:00:00+00:00,0.04189777374267578,56.616336822509766,2.2997412954471623,56.58379364013672
2019-01-19 18:00:00+00:00,0.053687214851379395,75.30601501464844,2.150088273798093,75.23603057861328
2019-01-20 00:00:00+00:00,0.013814330101013184,98.19103240966797,1.1079077278256522,98.187255859375
2019-01-20 06:00:00+00:00,0.032111406326293945,73.16394805908203,1.466208575823556,73.14374542236328
2019-01-20 12:00:00+00:00,0.06430137157440186,98.23392486572266,1.3393799510845816,98.15572357177734
2019-01-20 18:00:00+00:00,0.04680955410003662,68.36046600341797,2.069363834922391,68.3133773803711
2019-01-21 00:00:00+00:00,0.04264652729034424,82.01423645019531,1.447353879312279,81.97938537597656
2019-01-21 06:00:00+00:00,0.05338096618652344,135.49790954589844,1.0166517057652409,135.43777465820312
2019-01-21 12:00:00+00:00,0.076729416847229,63.03221893310547,2.0438089185323896,62.92758560180664
2019-01-21 18:00:00+00:00,0.05804586410522461,76.66661834716797,1.6057918291956224,76.59392547607422
2019-01-22 00:00:00+00:00,0.07123041152954102,55.69419479370117,2.260689297700052,55.60154342651367
2019-01-22 06:00:00+00:00,0.02342987060546875,46.211692810058594,2.2149902402913932,46.20149612426758
2019-01-22 12:00:00+00:00,0.04271233081817627,140.9106903076172,0.981551636998059,140.87265014648438
2019-01-22 18:00:00+00:00,0.009550333023071289,221.6103973388672,0.686156189344766,221.60830688476562
2019-01-23 00:00:00+00:00,0.034090399742126465,364.90771484375,0.601936344361455,364.8801574707031
2019-01-23 06:00:00+00:00,0.05656909942626953,63.171043395996094,1.911522362260444,63.1082649230957
2019-01-23 12:00:00+00:00,0.02793145179748535,51.397071838378906,2.197817691712547,51.38196563720703
2019-01-23 18:00:00+00:00,0.032794952392578125,120.85511779785156,1.1806646466414925,120.82991790771484
2019-01-24 00:00:00+00:00,0.02012932300567627,56.650169372558594,1.9515834540678385,56.64221954345703
2019-01-24 06:00:00+00:00,0.032730042934417725,43.74186325073242,2.324997896840378,43.72258377075195
2019-01-24 12:00:00+00:00,0.003501296043395996,39.46109390258789,2.7931326074183405,39.46086120605469
2019-01-24 18:00:00+00:00,0.07796639204025269,56.989112854003906,2.1832995674875955,56.85466384887695
2019-01-25 00:00:00+00:00,0.05094587802886963,34.93220901489258,2.821600880161758,34.888023376464844
2019-01-25 06:00:00+00:00,0.12331849336624146,41.21139907836914,2.3958320473750585,40.947853088378906
2019-01-25 12:00:00+00:00,0.11217755079269409,37.85774612426758,2.7182434490870753,37.655982971191406
2019-01-25 18:00:00+00:00,0.041945576667785645,195.03213500976562,0.8684722734379375,194.99356079101562
2019-01-26 00:00:00+00:00,0.08885383605957031,40.229736328125,2.2650452567153287,40.097110748291016
2019-01-26 06:00:00+00:00,0.163571298122406,204.4636993408203,0.9775953491758169,203.97280883789062
2019-01-26 12:00:00+00:00,0.07927060127258301,48.995479583740234,1.8485591049237338,48.90277099609375
2019-01-26 18:00:00+00:00,0.09373724460601807,52.29389572143555,2.0871148645775057,52.134422302246094
2019-01-27 00:00:00+00:00,0.09080034494400024,46.839317321777344,1.6587618630913419,46.7105598449707
2019-01-27 06:00:00+00:00,0.09751147031784058,52.14888000488281,1.9746691054103627,51.98590850830078
2019-01-27 12:00:00+00:00,0.07655704021453857,52.77879333496094,1.857874234606792,52.688114166259766
2019-01-27 18:00:00+00:00,0.14891314506530762,77.66645050048828,1.9548907538255524,77.21825408935547
2019-01-28 00:00:00+00:00,0.14478731155395508,62.53456497192383,1.713788436846669,62.186798095703125
2019-01-28 06:00:00+00:00,0.1306668519973755,68.43779754638672,1.539047099701553,68.14435577392578
2019-01-28 12:00:00+00:00,0.1484203338623047,69.21417999267578,1.4075814510266444,68.8707504272461
2019-01-28 18:00:00+00:00,0.1868724822998047,66.15331268310547,2.2776955352315946,65.50350952148438
2019-01-29 00:00:00+00:00,0.18353968858718872,95.5868911743164,1.15084514505049,95.04267120361328
2019-01-29 06:00:00+00:00,0.17112380266189575,59.21542739868164,1.9942737186249422,58.7197380065918
2019-01-29 12:00:00+00:00,0.14765435457229614,67.46018981933594,1.2289238626657721,67.13525390625
2019-01-29 18:00:00+00:00,0.14476734399795532,59.68126678466797,1.872665707490792,59.33552169799805
2019-01-30 00:00:00+00:00,0.16079318523406982,62.46855926513672,1.503772916158579,62.10075759887695
2019-01-30 06:00:00+00:00,0.17853379249572754,46.56221008300781,1.9919447351072177,46.100730895996094
2019-01-30 12:00:00+00:00,0.16351187229156494,60.10406494140625,1.6875302835841146,59.70427322387695
2019-01-30 18:00:00+00:00,0.20028072595596313,107.9732894897461,1.1893633498684468,107.30687713623047
2019-01-31 00:00:00+00:00,0.2021089792251587,82.82987976074219,1.7187025784611127,82.18272399902344
2019-01-31 06:00:00+00:00,0.18889296054840088,51.160648345947266,1.8793987404641666,50.63194274902344
2019-01-31 12:00:00+00:00,0.15672141313552856,43.62860870361328,1.9694079725688178,43.292179107666016
2019-01-31 18:00:00+00:00,0.19762462377548218,60.97928237915039,1.9396624014794681,60.3304443359375
2019-02-01 00:00:00+00:00,0.18367397785186768,59.88597106933594,1.6847689331312796,59.387001037597656
2019-02-01 06:00:00+00:00,0.188640296459198,51.55024719238281,1.9920889123670027,51.005210876464844
2019-02-01 12:00:00+00:00,0.22269517183303833,48.07931900024414,1.8645777068225635,47.361572265625
2019-02-01 18:00:00+00:00,0.2710680365562439,91.07635498046875,1.604149418549779,89.83596801757812
2019-02-02 00:00:00+00:00,0.203538715839386,46.768463134765625,1.7265358229721715,46.17703628540039
2019-02-02 06:00:00+00:00,0.1817825436592102,33.721649169921875,2.7997327721218817,33.262577056884766
2019-02-02 12:00:00+00:00,0.21847373247146606,50.44115447998047,1.7818305989533163,49.75941848754883
2019-02-02 18:00:00+00:00,0.21616363525390625,55.946903228759766,1.870581516108892,55.185516357421875
2019-02-03 00:00:00+00:00,0.20633214712142944,30.42830467224121,2.697705480700717,29.849355697631836
2019-02-03 06:00:00+00:00,0.16822707653045654,31.03981590270996,2.595279252188515,30.652433395385742
2019-02-03 12:00:00+00:00,0.20642870664596558,35.04967498779297,2.1317709744245166,34.50493240356445
2019-02-03 18:00:00+00:00,0.19236266613006592,45.88441848754883,1.6587856064286601,45.344932556152344
2019-02-04 00:00:00+00:00,0.20271843671798706,33.35551071166992,2.4994782873150667,32.833160400390625
2019-02-04 06:00:00+00:00,0.20605534315109253,37.55582046508789,2.252475111894416,36.95252227783203
2019-02-04 12:00:00+00:00,0.1454930305480957,32.11112976074219,1.9633139352121893,31.85996437072754
2019-02-04 18:00:00+00:00,0.1675196886062622,38.49925231933594,1.7608905308770315,38.11320495605469
2019-02-05 00:00:00+00:00,0.20050102472305298,33.56013107299805,2.275066928613358,33.07493591308594
2019-02-05 06:00:00+00:00,0.17221719026565552,38.61135482788086,1.780983939297486,38.21096420288086
2019-02-05 12:00:00+00:00,0.15562230348587036,37.662071228027344,1.9473164846412385,37.3704948425293
2019-02-05 18:00:00+00:00,0.14561998844146729,36.36177444458008,2.139886498221576,36.07648849487305
2019-02-06 00:00:00+00:00,0.14300739765167236,32.106910705566406,2.0465498414290564,31.86600112915039
2019-02-06 06:00:00+00:00,0.14696282148361206,33.60105895996094,2.381553707988439,33.308013916015625
2019-02-06 12:00:00+00:00,0.08765244483947754,26.91345977783203,2.5446440831228654,26.81886863708496
2019-02-06 18:00:00+00:00,0.10964697599411011,40.397605895996094,1.8455807069264485,40.22540283203125
2019-02-07 00:00:00+00:00,0.13729411363601685,37.12592697143555,2.13682926784987,36.88332748413086
2019-02-07 06:00:00+00:00,0.0986211895942688,35.46026611328125,2.3985933481924335,35.31001281738281
2019-02-07 12:00:00+00:00,0.09778642654418945,47.995826721191406,1.4892109817492327,47.862953186035156
2019-02-07 18:00:00+00:00,0.10796928405761719,30.530620574951172,2.5263685888054983,30.367738723754883
2019-02-08 00:00:00+00:00,0.09217900037765503,23.7191219329834,2.898159404414375,23.617462158203125
2019-02-08 06:00:00+00:00,0.09357839822769165,28.633806228637695,2.70058678815451,28.512617111206055
2019-02-08 12:00:00+00:00,0.10816967487335205,28.70602035522461,2.6956786970442272,28.55012321472168
2019-02-08 18:00:00+00:00,0.0740395188331604,32.78575134277344,2.5622516316197044,32.70625305175781
2019-02-09 00:00:00+00:00,0.1061524748802185,24.17163848876953,2.730508347467919,24.036725997924805
2019-02-09 06:00:00+00:00,0.13547497987747192,34.750179290771484,2.2886833888186255,34.47917175292969
2019-02-09 12:00:00+00:00,0.11210900545120239,31.71750831604004,2.4576836777398787,31.55019760131836
2019-02-09 18:00:00+00:00,0.11692637205123901,36.55982208251953,2.2645783694531585,36.362430572509766
2019-02-10 00:00:00+00:00,0.12288635969161987,31.673004150390625,1.9464408569234841,31.475555419921875
2019-02-10 06:00:00+00:00,0.11446911096572876,35.85809326171875,2.099783714780579,35.65607833862305
2019-02-10 12:00:00+00:00,0.13613557815551758,30.815542221069336,2.5975540163334947,30.570545196533203
2019-02-10 18:00:00+00:00,0.10509127378463745,36.02766799926758,2.1278142519563166,35.86378860473633
2019-02-11 00:00:00+00:00,0.12286436557769775,33.473609924316406,1.9476731159115803,33.28273010253906
2019-02-11 06:00:00+00:00,0.10208946466445923,34.84837341308594,2.7171633684969616,34.68953323364258
2019-02-11 12:00:00+00:00,0.1423100233078003,35.3667106628418,2.366424769571649,35.07888412475586
2019-02-11 18:00:00+00:00,0.17827647924423218,32.31060791015625,2.7691180570609166,31.841951370239258
2019-02-12 00:00:00+00:00,0.17330729961395264,30.429357528686523,2.6376665013004073,30.036495208740234
2019-02-12 06:00:00+00:00,0.14522242546081543,33.999305725097656,2.721580285735226,33.67547607421875
2019-02-12 12:00:00+00:00,0.132870614528656,30.807117462158203,2.3508083466372818,30.56248664855957
2019-02-12 18:00:00+00:00,0.18443691730499268,36.19171142578125,2.6332951146384604,35.66341781616211
2019-02-13 00:00:00+00:00,0.155742347240448,29.838796615600586,2.5988048811170854,29.512372970581055
2019-02-13 06:00:00+00:00,0.2102223038673401,75.45384979248047,1.443855101973097,74.66943359375
2019-02-13 12:00:00+00:00,0.169366717338562,43.77792739868164,2.554102282149798,43.320438385009766
2019-02-13 18:00:00+00:00,0.14277338981628418,45.79414367675781,1.9514902274862427,45.457645416259766
2019-02-14 00:00:00+00:00,0.1987621784210205,34.36522674560547,2.1660762147554413,33.80725860595703
2019-02-14 06:00:00+00:00,0.06934994459152222,38.95205307006836,2.391253459277949,38.873451232910156
2019-02-14 12:00:00+00:00,0.15270376205444336,43.934322357177734,2.1708315824224753,43.565589904785156
2019-02-14 18:00:00+00:00,0.1031256914138794,47.94601058959961,2.0031914449327646,47.76615905761719
2019-02-15 00:00:00+00:00,0.11042183637619019,41.78324890136719,2.043218511476372,41.60017776489258
2019-02-15 06:00:00+00:00,0.07103973627090454,42.38889694213867,2.443633909791269,42.29978561401367
2019-02-15 12:00:00+00:00,0.09346747398376465,42.7412223815918,2.148505822081215,42.608497619628906
2019-02-15 18:00:00+00:00,0.08829647302627563,50.05570602416992,1.8439301387832383,49.92427444458008
2019-02-16 00:00:00+00:00,0.07197540998458862,37.741180419921875,2.1732119921037114,37.66686248779297
2019-02-16 06:00:00+00:00,0.06680542230606079,56.396175384521484,1.7788576438470711,56.308170318603516
2019-02-16 12:00:00+00:00,0.05215936899185181,42.792633056640625,2.5514690253697028,42.744789123535156
2019-02-16 18:00:00+00:00,0.03537684679031372,75.27010345458984,1.6709028237679644,75.2459945678711
2019-02-17 00:00:00+00:00,0.002369403839111328,43.98240280151367,2.2855901988985887,43.98231506347656
2019-02-17 06:00:00+00:00,0.0027424097061157227,66.63690948486328,1.7968866323868213,66.63674926757812
2019-02-17 12:00:00+00:00,0.016040027141571045,46.163543701171875,2.692865735927465,46.15862274169922
2019-02-17 18:00:00+00:00,0.01701986789703369,51.99181365966797,2.2928228748896036,51.98649597167969
2019-02-18 00:00:00+00:00,0.0614544153213501,44.29957962036133,2.531851492472965,44.23273849487305
2019-02-18 06:00:00+00:00,0.022807300090789795,81.03313446044922,1.6535463373233912,81.02239990234375
2019-02-18 12:00:00+00:00,0.029784739017486572,49.07197189331055,2.3379278953795466,49.055694580078125
2019-02-18 18:00:00+00:00,0.034818410873413086,49.200103759765625,2.197814481125325,49.17790222167969
2019-02-19 00:00:00+00:00,0.1159021258354187,85.2799072265625,1.4488202759721032,85.03688049316406
2019-02-19 06:00:00+00:00,0.07432818412780762,38.77857208251953,2.8750941642408407,38.68036651611328
2019-02-19 12:00:00+00:00,0.10396552085876465,43.586509704589844,2.3429706305281566,43.38727569580078
2019-02-19 18:00:00+00:00,0.09745019674301147,52.35095977783203,2.0872319231769527,52.17775344848633
2019-02-20 00:00:00+00:00,0.09383594989776611,38.4320068359375,2.9173412866049837,38.28218078613281
2019-02-20 06:00:00+00:00,0.1410035490989685,34.554012298583984,2.8485001204878824,34.21642303466797
2019-02-20 12:00:00+00:00,0.1625356674194336,39.56010437011719,2.8609722715140604,39.11132049560547
2019-02-20 18:00:00+00:00,0.11537337303161621,39.36475372314453,2.650817506324863,39.13595962524414
2019-02-21 00:00:00+00:00,0.16717040538787842,35.52908706665039,2.7819872349099444,35.089988708496094
2019-02-21 06:00:00+00:00,0.17540299892425537,38.600887298583984,2.5774442813927485,38.101470947265625
2019-02-21 12:00:00+00:00,0.10566800832748413,32.75928497314453,3.029143711635724,32.60063552856445
2019-02-21 18:00:00+00:00,0.16254496574401855,41.666805267333984,2.6664842869827967,41.19295120239258
2019-02-22 00:00:00+00:00,0.21216517686843872,87.41229248046875,1.209488484040075,86.72007751464844
2019-02-22 06:00:00+00:00,0.17327231168746948,79.86178588867188,1.2630397345064892,79.42733001708984
2019-02-22 12:00:00+00:00,0.22885370254516602,73.51995849609375,1.2758782759126304,72.82238006591797
2019-02-22 18:00:00+00:00,0.1694905161857605,37.908355712890625,2.6937192773729763,37.45289993286133
2019-02-23 00:00:00+00:00,0.16850066184997559,39.785762786865234,1.996603660785676,39.386199951171875
2019-02-23 06:00:00+00:00,0.1667613983154297,71.53502655029297,1.4534360370215735,71.0860824584961
2019-02-23 12:00:00+00:00,0.15124833583831787,46.48958206176758,2.1154888101248424,46.16853713989258
2019-02-23 18:00:00+00:00,0.17165017127990723,46.1841926574707,2.0572384373599415,45.73182678222656
2019-02-24 00:00:00+00:00,0.16769492626190186,43.982967376708984,1.782685804589857,43.59622573852539
2019-02-24 06:00:00+00:00,0.16365939378738403,48.50984573364258,1.6367767223739675,48.116851806640625
2019-02-24 12:00:00+00:00,0.1903703808784485,45.79047775268555,1.773744929094229,45.310302734375
2019-02-24 18:00:00+00:00,0.1835128664970398,57.74721908569336,1.9664968246724706,57.19445037841797
2019-02-25 00:00:00+00:00,0.17441093921661377,47.45294952392578,1.9275832267375637,47.03385543823242
2019-02-25 06:00:00+00:00,0.21045279502868652,45.84577560424805,2.0502830760978705,45.19192123413086
2019-02-25 12:00:00+00:00,0.19057238101959229,49.10001754760742,1.8415669142321982,48.62289047241211
2019-02-25 18:00:00+00:00,0.20931392908096313,71.00700378417969,1.7053982902243707,70.31371307373047
2019-02-26 00:00:00+00:00,0.20895028114318848,53.92183303833008,1.3995434056153706,53.31599807739258
2019-02-26 06:00:00+00:00,0.16713643074035645,46.602508544921875,1.7392590337328762,46.199710845947266
2019-02-26 12:00:00+00:00,0.20964103937149048,37.669044494628906,2.428833467394199,37.0743522644043
2019-02-26 18:00:00+00:00,0.1597328782081604,47.71723937988281,1.8204739896552293,47.350257873535156
2019-02-27 00:00:00+00:00,0.2490520477294922,43.28847885131836,2.0377924721416565,42.47752380371094
2019-02-27 06:00:00+00:00,0.21939587593078613,41.35975646972656,2.2069300071279074,40.68187713623047
2019-02-27 12:00:00+00:00,0.19942820072174072,54.750362396240234,1.815996499812648,54.212215423583984
2019-02-27 18:00:00+00:00,0.2275562286376953,45.180389404296875,2.2810019379196316,44.41850662231445
2019-02-28 00:00:00+00:00,0.23503488302230835,38.25778579711914,2.2329981266047296,37.54986572265625
2019-02-28 06:00:00+00:00,0.2393561601638794,42.50288391113281,2.2313971923785587,41.67128372192383
2019-02-28 12:00:00+00:00,0.213128924369812,34.458492279052734,2.5141641074869985,33.88603591918945
2019-02-28 18:00:00+00:00,0.21599030494689941,48.80298614501953,1.753393491954226,48.144046783447266
2019-03-01 00:00:00+00:00,0.18481415510177612,31.227420806884766,2.605753981057993,30.8195858001709
2019-03-01 06:00:00+00:00,0.22678261995315552,32.3442497253418,2.3967555014049178,31.655298233032227
2019-03-01 12:00:00+00:00,0.253368079662323,39.73687744140625,2.288468693506286,38.9301643371582
2019-03-01 18:00:00+00:00,0.21673089265823364,36.26938247680664,2.4812983772740664,35.621334075927734
2019-03-02 00:00:00+00:00,0.2547606825828552,41.03186798095703,1.6267022274862932,40.248435974121094
2019-03-02 06:00:00+00:00,0.2130502462387085,42.42441940307617,2.1023032742917507,41.83244705200195
2019-03-02 12:00:00+00:00,0.21729528903961182,30.633729934692383,2.424120795417067,30.067848205566406
2019-03-02 18:00:00+00:00,0.1936095952987671,30.454219818115234,2.54820009666229,29.985454559326172
2019-03-03 00:00:00+00:00,0.21494007110595703,25.761938095092773,2.893821407997865,25.251558303833008
2019-03-03 06:00:00+00:00,0.19959992170333862,34.622711181640625,2.3173278594007694,34.1081657409668
2019-03-03 12:00:00+00:00,0.26213014125823975,39.384639739990234,2.072278072387674,38.58108901977539
2019-03-03 18:00:00+00:00,0.2528361678123474,39.12415313720703,2.408000521636236,38.25425338745117
2019-03-04 00:00:00+00:00,0.27568405866622925,33.460872650146484,2.6031984800706938,32.53594207763672
2019-03-04 06:00:00+00:00,0.32586485147476196,36.29594039916992,2.274889875793247,34.829795837402344
2019-03-04 12:00:00+00:00,0.29925239086151123,29.09630012512207,2.9652534025347426,27.92486572265625
2019-03-04 18:00:00+00:00,0.40938496589660645,109.87247467041016,1.7851543036056325,107.12181091308594
2019-03-05 00:00:00+00:00,0.3016534447669983,68.63084411621094,1.4499798133392088,67.30669403076172
2019-03-05 06:00:00+00:00,0.25879400968551636,34.32381820678711,2.8074774342298476,33.3749885559082
2019-03-05 12:00:00+00:00,0.3009435534477234,56.48938751220703,1.9385909726427224,55.142845153808594
2019-03-05 18:00:00+00:00,0.31343626976013184,51.27552032470703,2.0871172875208384,49.844268798828125
2019-03-06 00:00:00+00:00,0.3111073970794678,38.091209411621094,2.645749090907335,36.79827117919922
2019-03-06 06:00:00+00:00,0.3198729157447815,50.74707794189453,2.368236191393958,49.12762451171875
2019-03-06 12:00:00+00:00,0.29415202140808105,42.797752380371094,2.6228185581098433,41.533424377441406
2019-03-06 18:00:00+00:00,0.30657583475112915,91.03884887695312,1.3840284621137928,89.66912841796875
2019-03-07 06:00:00+00:00,0.24656152725219727,55.59663772583008,1.8823509560411658,54.56781005859375
2019-03-07 12:00:00+00:00,0.22541075944900513,137.65652465820312,0.8402139862888072,136.88558959960938
2019-03-07 18:00:00+00:00,0.2547115087509155,34.68223190307617,2.534561392385299,33.80366516113281
2019-03-08 00:00:00+00:00,0.19759023189544678,29.760221481323242,2.584109280912383,29.234535217285156
2019-03-08 06:00:00+00:00,0.17978578805923462,37.342586517333984,2.726693956702716,36.80534362792969
2019-03-08 12:00:00+00:00,0.17795270681381226,37.579627990722656,2.367872502504107,37.08852005004883
2019-03-08 18:00:00+00:00,0.14505833387374878,39.379180908203125,2.2677311808687968,39.05232620239258
2019-03-09 00:00:00+00:00,0.21404600143432617,57.733665466308594,2.018220610900843,57.02933120727539
2019-03-09 06:00:00+00:00,0.20468592643737793,43.327476501464844,2.5102142073021976,42.6099853515625
2019-03-09 12:00:00+00:00,0.20925474166870117,43.46446990966797,2.1322048833774963,42.80405807495117
2019-03-09 18:00:00+00:00,0.18500256538391113,40.75574493408203,2.254563463589654,40.24259948730469
2019-03-10 00:00:00+00:00,0.24662137031555176,36.44164276123047,2.2924455010317795,35.585201263427734
2019-03-10 06:00:00+00:00,0.21563118696212769,40.45083999633789,2.6394162909267838,39.66570281982422
2019-03-10 12:00:00+00:00,0.2144877314567566,95.81983184814453,1.2809268888706737,95.08837890625
2019-03-10 18:00:00+00:00,0.25073927640914917,44.71915054321289,1.9726251885244506,43.748748779296875
2019-03-11 00:00:00+00:00,0.25110703706741333,43.52239990234375,2.1013674073084845,42.60206604003906
2019-03-11 06:00:00+00:00,0.181562602519989,54.8577995300293,2.223559688029125,54.260826110839844
2019-03-11 12:00:00+00:00,0.16761869192123413,42.17102813720703,2.071836780107163,41.74184036254883
2019-03-11 18:00:00+00:00,0.1957266926765442,37.159019470214844,2.3295872522025287,36.581787109375
2019-03-12 00:00:00+00:00,0.17676222324371338,83.15585327148438,1.4198631539211404,82.66435241699219
2019-03-12 06:00:00+00:00,0.14900881052017212,41.86582946777344,2.542304991632511,41.474300384521484
2019-03-12 12:00:00+00:00,0.1355680227279663,40.13152313232422,2.313656508950228,39.83308792114258
2019-03-12 18:00:00+00:00,0.12006115913391113,37.15006637573242,2.48931477345611,36.91594314575195
2019-03-13 00:00:00+00:00,0.09690767526626587,35.5898323059082,2.6025436831125055,35.44748306274414
2019-03-13 06:00:00+00:00,0.08163350820541382,52.876441955566406,1.6843277697959074,52.76125717163086
2019-03-13 12:00:00+00:00,0.08103406429290771,41.620052337646484,2.501096369704424,41.507137298583984
2019-03-14 00:00:00+00:00,0.09739184379577637,76.83366394042969,1.3200849305233677,76.67449951171875
2019-03-14 06:00:00+00:00,0.07576435804367065,45.46844482421875,2.128792856591705,45.36394119262695
2019-03-14 12:00:00+00:00,0.07594424486160278,36.933387756347656,2.486997393264965,36.84172058105469
2019-03-14 18:00:00+00:00,0.026192069053649902,37.28187942504883,2.475134547921471,37.2705078125
2019-03-15 00:00:00+00:00,0.017261028289794922,50.58494567871094,1.5665182884744238,50.580440521240234
2019-03-15 06:00:00+00:00,0.012326300144195557,40.799957275390625,2.0750852896779173,40.79752731323242
2019-03-15 12:00:00+00:00,0.0186842679977417,40.27487564086914,2.0266428583956837,40.26941680908203
2019-03-15 18:00:00+00:00,0.012641370296478271,37.250953674316406,2.7283026810823623,37.248226165771484
2019-03-16 00:00:00+00:00,0.0242576003074646,34.06695556640625,2.435590043549985,34.058353424072266
2019-03-16 06:00:00+00:00,0.05125683546066284,50.810428619384766,2.06254352877945,50.766075134277344
2019-03-16 12:00:00+00:00,0.05686914920806885,35.58201217651367,2.3214132198437607,35.53289031982422
2019-03-16 18:00:00+00:00,0.005568265914916992,36.770626068115234,2.2839474841179452,36.77012634277344
2019-03-17 00:00:00+00:00,0.0821651816368103,32.01239776611328,2.3749265512444877,31.92128562927246
2019-03-17 06:00:00+00:00,0.07935047149658203,46.11266326904297,1.7560045271431197,46.02079772949219
2019-03-17 12:00:00+00:00,0.004132986068725586,30.207979202270508,2.691514531448364,30.20773696899414
2019-03-17 18:00:00+00:00,0.06340527534484863,38.3569221496582,2.0791576158999976,38.29341125488281
2019-03-18 00:00:00+00:00,0.07807117700576782,29.633453369140625,2.629838745801485,29.55303192138672
2019-03-18 06:00:00+00:00,0.08728790283203125,32.135711669921875,2.3045217213115112,32.02460861206055
2019-03-18 12:00:00+00:00,0.012863397598266602,37.01316452026367,1.954470921285933,37.010772705078125
2019-03-18 18:00:00+00:00,0.09442061185836792,40.63059616088867,2.1881509141613797,40.492942810058594
2019-03-19 00:00:00+00:00,0.15922516584396362,46.22585678100586,2.0842602600835094,45.8851432800293
2019-03-19 06:00:00+00:00,0.14011430740356445,27.781818389892578,2.6504628968258412,27.527877807617188
2019-03-19 12:00:00+00:00,0.111461341381073,24.256505966186523,3.0228422055843263,24.10135841369629
2019-03-19 18:00:00+00:00,0.1648387312889099,24.42656707763672,3.2621487061270544,24.076526641845703
2019-03-20 00:00:00+00:00,0.15702861547470093,21.880634307861328,3.1082249718275268,21.609268188476562
2019-03-20 06:00:00+00:00,0.04875373840332031,194.77294921875,1.131720350253199,194.73675537109375
2019-03-20 12:00:00+00:00,0.1327933669090271,22.106828689575195,3.3898891646657496,21.901262283325195
2019-03-20 18:00:00+00:00,0.09711986780166626,52.52732467651367,1.8585477867516245,52.396209716796875
2019-03-21 00:00:00+00:00,0.10007977485656738,25.575366973876953,2.643965161841966,25.458507537841797
2019-03-21 06:00:00+00:00,0.16109710931777954,28.69070053100586,2.695792981344438,28.347497940063477
2019-03-21 12:00:00+00:00,0.12711495161056519,120.80096435546875,0.8651971783954522,120.58734130859375
2019-03-21 18:00:00+00:00,0.08625280857086182,44.252769470214844,1.6485237281208094,44.14487075805664
2019-03-22 00:00:00+00:00,0.14057034254074097,29.191373825073242,2.2870499528458845,28.94987678527832
2019-03-22 06:00:00+00:00,0.14737164974212646,45.86959457397461,1.825257586183753,45.561012268066406
2019-03-22 12:00:00+00:00,0.10141760110855103,27.28352165222168,2.6067764415441994,27.152698516845703
2019-03-22 18:00:00+00:00,0.0759623646736145,26.890975952148438,2.9796435014176215,26.813173294067383
2019-03-23 00:00:00+00:00,0.150313138961792,77.2947998046875,1.3488357742097796,76.97887420654297
2019-03-23 06:00:00+00:00,0.1635400652885437,44.21535873413086,2.0767307032760627,43.820152282714844
2019-03-23 12:00:00+00:00,0.14310616254806519,44.46922302246094,1.452600763199667,44.20335388183594
2019-03-23 18:00:00+00:00,0.14891302585601807,53.0325813293457,1.4233726324137121,52.721675872802734
2019-03-24 00:00:00+00:00,0.11808991432189941,53.1209716796875,1.234817792353172,52.952571868896484
2019-03-24 06:00:00+00:00,0.14793264865875244,40.038516998291016,2.1354078017502154,39.736175537109375
2019-03-24 12:00:00+00:00,0.11640506982803345,34.72373962402344,2.1994650987110167,34.5468864440918
2019-03-24 18:00:00+00:00,0.10511738061904907,31.12941551208496,2.3527603757542015,30.993810653686523
2019-03-25 00:00:00+00:00,0.1415603756904602,25.17613983154297,2.878663025605653,24.94780158996582
2019-03-25 06:00:00+00:00,0.15261483192443848,100.59723663330078,1.226784485106063,100.25669860839844
2019-03-25 12:00:00+00:00,0.13282138109207153,34.89055633544922,2.2490769749705404,34.65992736816406
2019-03-25 18:00:00+00:00,0.12684118747711182,36.91880416870117,1.9556337836361872,36.71146774291992
2019-03-26 00:00:00+00:00,0.14401483535766602,28.092195510864258,2.5262724143047497,27.852481842041016
2019-03-26 06:00:00+00:00,0.2074694037437439,33.67675018310547,2.4346080456853456,33.06976318359375
2019-03-26 12:00:00+00:00,0.194288969039917,34.389949798583984,2.2779720796150054,33.893028259277344
2019-03-26 18:00:00+00:00,0.13727211952209473,32.90717697143555,2.635620031440463,32.64519119262695
2019-03-27 00:00:00+00:00,0.1446295976638794,30.13201332092285,2.341473541790964,29.859010696411133
2019-03-27 06:00:00+00:00,0.1451823115348816,36.378902435302734,2.866834294669267,36.05131149291992
2019-03-27 12:00:00+00:00,0.14174020290374756,35.10627746582031,2.1351069638912095,34.82979202270508
2019-03-27 18:00:00+00:00,0.15637898445129395,48.349693298339844,1.835507154471905,47.993927001953125
2019-03-28 00:00:00+00:00,0.16938263177871704,31.862218856811523,2.6090604213339335,31.488773345947266
2019-03-28 06:00:00+00:00,0.15694975852966309,41.14799499511719,2.2684300681773135,40.76647186279297
2019-03-28 12:00:00+00:00,0.14767271280288696,35.04572296142578,2.471736957432328,34.7269287109375
2019-03-28 18:00:00+00:00,0.17648571729660034,31.456157684326172,2.4426005120363437,31.01460838317871
2019-03-29 00:00:00+00:00,0.19051635265350342,30.40605926513672,2.9760100168912893,29.924814224243164
2019-03-29 06:00:00+00:00,0.19177472591400146,39.84524917602539,2.6351407861870286,39.26027297973633
2019-03-29 12:00:00+00:00,0.19313204288482666,36.7188720703125,2.802679124673473,36.13321304321289
2019-03-29 18:00:00+00:00,0.2607688307762146,44.87870788574219,2.656521284607145,43.75590515136719
2019-03-30 00:00:00+00:00,0.19849294424057007,33.555660247802734,2.991458167010091,32.973854064941406
2019-03-30 06:00:00+00:00,0.19047945737838745,42.91727066040039,2.332543365044395,42.278629302978516
2019-03-30 12:00:00+00:00,0.18158167600631714,42.79816818237305,2.445789698030383,42.254058837890625
2019-03-30 18:00:00+00:00,0.1968175172805786,46.938472747802734,2.1853956265540724,46.26563262939453
2019-03-31 00:00:00+00:00,0.14776355028152466,36.787723541259766,2.3544501263670554,36.46389389038086
2019-03-31 12:00:00+00:00,0.20546966791152954,38.859100341796875,2.5660899435535467,38.21418762207031
2019-03-31 18:00:00+00:00,0.16073572635650635,33.9040412902832,2.7102806159284594,33.52215576171875
2019-04-01 00:00:00+00:00,0.19164776802062988,37.91029357910156,2.049107347146754,37.39391326904297
2019-04-01 06:00:00+00:00,0.12531644105911255,200.02487182617188,0.844523662854779,199.7518768310547
2019-04-01 12:00:00+00:00,0.20133614540100098,49.79854965209961,2.2765204462790822,49.139522552490234
2019-04-01 18:00:00+00:00,0.19993799924850464,40.77654266357422,2.4754006481758126,40.157470703125
2019-04-02 00:00:00+00:00,0.15734100341796875,221.69882202148438,0.5079591031920886,221.28167724609375
2019-04-02 06:00:00+00:00,0.2032729983329773,39.60540771484375,2.498627021665587,38.96057891845703
2019-04-02 12:00:00+00:00,0.2601509094238281,140.79437255859375,0.9885692021735907,139.68148803710938
2019-04-02 18:00:00+00:00,0.19769376516342163,125.55303955078125,0.9791025433291396,124.88692474365234
2019-04-03 00:00:00+00:00,0.23090523481369019,41.47359085083008,2.244238471766433,40.70875930786133
2019-04-03 06:00:00+00:00,0.22494208812713623,53.92428207397461,1.8290487343034747,53.10348892211914
2019-04-03 12:00:00+00:00,0.17915505170822144,56.15116882324219,1.6579035286079509,55.65737533569336
2019-04-03 18:00:00+00:00,0.14543932676315308,146.3330535888672,1.0211415664480568,145.97247314453125
2019-04-04 00:00:00+00:00,0.1998230218887329,111.98904418945312,0.9519374747077184,111.4135513305664
2019-04-04 06:00:00+00:00,0.22080957889556885,50.224609375,2.2765791730856964,49.44438552856445
2019-04-04 12:00:00+00:00,0.23095601797103882,76.9615249633789,1.4294634941786497,76.08415222167969
2019-04-04 18:00:00+00:00,0.23766356706619263,52.921958923339844,2.1468077786488795,51.89560317993164
2019-04-05 00:00:00+00:00,0.1851322054862976,49.09788513183594,1.816148592946477,48.60423278808594
2019-04-05 06:00:00+00:00,0.23689919710159302,92.94905090332031,1.3895852511524596,91.95687866210938
2019-04-05 12:00:00+00:00,0.26453787088394165,48.908782958984375,2.5025370734813825,47.639015197753906
2019-04-05 18:00:00+00:00,0.18738514184951782,58.41592788696289,2.140381275516424,57.788169860839844
2019-04-06 00:00:00+00:00,0.20876938104629517,42.39999771118164,2.6516901435213476,41.701927185058594
2019-04-06 06:00:00+00:00,0.25826674699783325,53.459564208984375,2.116686476986281,52.257720947265625
2019-04-06 12:00:00+00:00,0.2528473138809204,38.4566764831543,2.902669759384706,37.4186897277832
2019-04-06 18:00:00+00:00,0.2307274341583252,54.305747985839844,2.0620571018685303,53.387351989746094
2019-04-07 00:00:00+00:00,0.2558806538581848,37.33525848388672,2.674073760649446,36.374427795410156
2019-04-07 06:00:00+00:00,0.1968238353729248,41.93173599243164,2.2906235353121605,41.29139709472656
2019-04-07 12:00:00+00:00,0.20255190134048462,43.62029266357422,2.697199511985685,42.95290756225586
2019-04-07 18:00:00+00:00,0.2049030065536499,57.13180160522461,1.8845091223962442,56.39354705810547
2019-04-08 00:00:00+00:00,0.19561618566513062,41.16773223876953,2.422650777598619,40.60533905029297
2019-04-08 06:00:00+00:00,0.16210663318634033,39.664180755615234,2.430350216563005,39.24848556518555
2019-04-08 12:00:00+00:00,0.127488374710083,33.956356048583984,2.5262936709860324,33.707618713378906
2019-04-08 18:00:00+00:00,0.0995631217956543,40.55316925048828,2.15404511810491,40.39642333984375
2019-04-09 00:00:00+00:00,0.11233603954315186,57.9105110168457,1.4304051825233368,57.72871017456055
2019-04-09 06:00:00+00:00,0.17112118005752563,53.36415481567383,1.8583963023699122,52.8984489440918
2019-04-09 12:00:00+00:00,0.18006449937820435,36.576683044433594,2.6768323441653665,36.089176177978516
2019-04-09 18:00:00+00:00,0.16529053449630737,36.234954833984375,2.8218798438550965,35.817039489746094
2019-04-10 00:00:00+00:00,0.17784267663955688,65.25146484375,1.2753461529219312,64.76515197753906
2019-04-10 06:00:00+00:00,0.15537124872207642,41.778629302978516,2.302785358696796,41.3740234375
2019-04-10 12:00:00+00:00,0.19568932056427002,149.75253295898438,1.1765002484842793,149.08099365234375
2019-04-10 18:00:00+00:00,0.16555345058441162,34.073333740234375,2.4734920179750226,33.65414047241211
2019-04-11 00:00:00+00:00,0.1601027250289917,71.13629150390625,1.2782932905545015,70.75291442871094
2019-04-11 06:00:00+00:00,0.21331924200057983,68.5255126953125,1.5847700763621477,67.78528594970703
2019-04-11 12:00:00+00:00,0.23692595958709717,161.7152099609375,1.053968391958109,160.7796630859375
2019-04-11 18:00:00+00:00,0.19479870796203613,46.192832946777344,2.5503505166543925,45.547420501708984
2019-04-12 00:00:00+00:00,0.15230518579483032,45.06015396118164,1.9659393231735498,44.74659729003906
2019-04-12 06:00:00+00:00,0.14312011003494263,38.19856262207031,2.768823160538278,37.87709045410156
2019-04-12 12:00:00+00:00,0.1380884051322937,30.3010196685791,2.5289522934730155,30.042980194091797
2019-04-12 18:00:00+00:00,0.196810781955719,34.1602668762207,2.2452731279305205,33.59659194946289
2019-04-13 00:00:00+00:00,0.16104048490524292,26.91851043701172,2.8106551973506972,26.594980239868164
2019-04-13 06:00:00+00:00,0.16228920221328735,33.75106430053711,2.7561962799102826,33.36308288574219
2019-04-13 12:00:00+00:00,0.09043937921524048,27.830310821533203,2.761000153330481,27.71704864501953
2019-04-13 18:00:00+00:00,0.08467715978622437,61.096309661865234,1.596671413095732,60.99533462524414
2019-04-14 00:00:00+00:00,0.07571882009506226,30.457456588745117,2.185550683143384,30.388015747070312
2019-04-14 06:00:00+00:00,0.09360307455062866,32.06581115722656,2.909361915236306,31.93610954284668
2019-04-14 12:00:00+00:00,0.1381170153617859,196.09124755859375,0.9973557161241187,195.77574157714844
2019-04-14 18:00:00+00:00,0.18863129615783691,582.1405639648438,0.5343982241699413,581.4723510742188
2019-04-15 00:00:00+00:00,0.05077451467514038,48.65233612060547,1.5544701476868863,48.61995315551758
2019-04-15 06:00:00+00:00,0.0070667266845703125,103.59195709228516,1.3479153154933947,103.5911865234375
2019-04-15 12:00:00+00:00,0.06922149658203125,246.14266967773438,0.9118390597271094,246.0649871826172
2019-04-15 18:00:00+00:00,0.034894466400146484,29.576763153076172,2.8191870400458385,29.559640884399414
2019-04-16 00:00:00+00:00,0.01623821258544922,25.981233596801758,2.8248168390092,25.97791862487793
2019-04-16 06:00:00+00:00,0.0008926987648010254,31.980606079101562,2.8860574463148687,31.9805965423584
2019-04-16 12:00:00+00:00,0.005340635776519775,32.639522552490234,2.9090019367813014,32.639095306396484
2019-04-16 18:00:00+00:00,0.02628469467163086,30.435333251953125,2.590465374010337,30.425395965576172
2019-04-17 00:00:00+00:00,0.03748291730880737,26.730480194091797,2.9153036984573832,26.71192169189453
2019-04-17 06:00:00+00:00,0.07965731620788574,36.37641143798828,2.5430167476136556,36.27595520019531
2019-04-17 12:00:00+00:00,0.16546273231506348,271.109375,0.8323298919922925,270.6032409667969
2019-04-17 18:00:00+00:00,0.01651179790496826,32.872825622558594,2.4771627533720872,32.86872863769531
2019-04-18 00:00:00+00:00,0.11062180995941162,107.2881851196289,1.1952714358073164,107.09407806396484
2019-04-18 06:00:00+00:00,0.11950105428695679,38.47026443481445,2.208438858514361,38.24210739135742
2019-04-18 12:00:00+00:00,0.04778164625167847,36.66069030761719,2.653788242049651,36.62515640258789
2019-04-18 18:00:00+00:00,0.05795985460281372,38.2166748046875,2.4424148189509474,38.16554641723633
2019-04-19 00:00:00+00:00,0.05078369379043579,32.268924713134766,2.5873591011665202,32.23109817504883
2019-04-19 06:00:00+00:00,0.14441430568695068,54.426273345947266,1.615343197753231,54.09117889404297
2019-04-19 12:00:00+00:00,0.13918745517730713,237.1507110595703,0.8752602847703215,236.8011016845703
2019-04-19 18:00:00+00:00,0.1271185278892517,102.39913940429688,1.298969961815508,102.13032531738281
2019-04-20 00:00:00+00:00,0.1701018214225769,86.33512878417969,1.195539125338786,85.86626434326172
2019-04-20 06:00:00+00:00,0.12768667936325073,87.2009506225586,1.4620051586012979,86.91934204101562
2019-04-20 12:00:00+00:00,0.16024208068847656,96.32241821289062,1.487453248929052,95.86920928955078
2019-04-20 18:00:00+00:00,0.13711941242218018,44.91497802734375,1.8910762477407388,44.62842559814453
2019-04-21 00:00:00+00:00,0.11054468154907227,43.9410285949707,2.0747597666279454,43.756980895996094
2019-04-21 06:00:00+00:00,0.10881733894348145,47.07386779785156,2.0960182026121426,46.88608169555664
2019-04-21 12:00:00+00:00,0.08572369813919067,46.601722717285156,2.2464875541915412,46.481346130371094
2019-04-21 18:00:00+00:00,0.10202831029891968,58.88006591796875,1.5714131029844471,58.71068572998047
2019-04-22 00:00:00+00:00,0.10598564147949219,33.52589416503906,2.4772956285180414,33.3687858581543
2019-04-22 06:00:00+00:00,0.12437617778778076,48.54087829589844,2.0440783485155265,48.29524612426758
2019-04-22 12:00:00+00:00,0.08805453777313232,34.89547348022461,2.89131272864402,34.77680587768555
2019-04-22 18:00:00+00:00,0.09235358238220215,39.335350036621094,2.3754642720072003,39.19890213012695
2019-04-23 00:00:00+00:00,0.09769672155380249,34.99577331542969,2.1324554447500206,34.86880874633789
2019-04-23 06:00:00+00:00,0.11094093322753906,49.34418487548828,1.8016502978390616,49.151363372802734
2019-04-23 18:00:00+00:00,0.08275783061981201,37.95100784301758,2.380404627934384,37.84244918823242
2019-04-25 00:00:00+00:00,0.03611600399017334,45.454124450683594,1.829063464927257,45.436065673828125
2019-04-25 06:00:00+00:00,0.08287078142166138,34.16184997558594,2.339470071755396,34.064002990722656
2019-04-25 12:00:00+00:00,0.10947835445404053,38.19538879394531,2.242348540780633,38.024024963378906
2019-04-25 18:00:00+00:00,0.06790107488632202,29.021808624267578,2.9120624214404636,28.95633888244629
2019-04-26 00:00:00+00:00,0.10350567102432251,30.01325225830078,2.557172069339581,29.87303924560547
2019-04-26 06:00:00+00:00,0.0813179612159729,37.32059097290039,2.213981285411918,37.22700119018555
2019-04-26 12:00:00+00:00,0.08625525236129761,33.56077194213867,2.1943714956707754,33.460697174072266
2019-04-26 18:00:00+00:00,0.09582549333572388,30.05307388305664,2.6458768862484696,29.93086814880371
2019-04-27 00:00:00+00:00,0.08232557773590088,24.024581909179688,2.917618583344675,23.946815490722656
2019-04-27 06:00:00+00:00,0.12018173933029175,31.864076614379883,2.3646419457962136,31.684268951416016
2019-04-27 12:00:00+00:00,0.08278548717498779,30.7271785736084,2.3846212698499616,30.640789031982422
2019-04-27 18:00:00+00:00,0.1287020444869995,39.19839096069336,1.9652669488744592,38.98415756225586
2019-04-28 00:00:00+00:00,0.12858498096466064,30.45526885986328,2.0366119360947668,30.265121459960938
2019-04-28 06:00:00+00:00,0.17163455486297607,29.797292709350586,2.21157756833818,29.457115173339844
2019-04-28 12:00:00+00:00,0.12013494968414307,33.349266052246094,2.26450618777136,33.174137115478516
2019-04-28 18:00:00+00:00,0.1560894250869751,31.129465103149414,2.366819848656818,30.836654663085938
2019-04-29 00:00:00+00:00,0.15094882249832153,32.387874603271484,2.2447233436670833,32.116493225097656
2019-04-29 06:00:00+00:00,0.15395718812942505,46.45121383666992,1.7310900968182508,46.13364028930664
2019-04-29 12:00:00+00:00,0.16789937019348145,69.7900619506836,1.591167084851618,69.37748718261719
2019-04-29 18:00:00+00:00,0.22340542078018188,35.21919631958008,2.675370207232579,34.538726806640625
2019-04-30 00:00:00+00:00,0.21914130449295044,32.55806350708008,2.631649965559164,31.945903778076172
2019-04-30 06:00:00+00:00,0.19930511713027954,39.38338088989258,2.629166505891505,38.797916412353516
2019-04-30 12:00:00+00:00,0.1829109787940979,34.633724212646484,2.4814868442372715,34.17146301269531
2019-04-30 18:00:00+00:00,0.19451630115509033,28.679826736450195,2.7384123306201333,28.188215255737305
2019-05-01 00:00:00+00:00,0.14256924390792847,26.42992401123047,2.52324851701776,26.181795120239258
2019-05-01 06:00:00+00:00,0.1474248766899109,30.73978614807129,2.8306479633510917,30.4305477142334
2019-05-01 12:00:00+00:00,0.1653631329536438,54.33584213256836,1.6181860315369312,53.923580169677734
2019-05-01 18:00:00+00:00,0.15510135889053345,39.38639831542969,2.3458545676868385,39.035152435302734
2019-05-02 00:00:00+00:00,0.1460435390472412,31.443952560424805,2.8951940383900836,31.151437759399414
2019-05-02 06:00:00+00:00,0.134843111038208,33.12623596191406,2.9300895738508235,32.85740661621094
2019-05-02 12:00:00+00:00,0.14554905891418457,31.134517669677734,2.6515909735383008,30.827707290649414
2019-05-02 18:00:00+00:00,0.11921018362045288,73.44258117675781,1.5757817139759778,73.21288299560547
2019-05-03 00:00:00+00:00,0.2435874342918396,40.277164459228516,2.4969397065273453,39.395286560058594
2019-05-03 06:00:00+00:00,0.20666569471359253,35.66044235229492,2.967882427375679,34.9915771484375
2019-05-03 12:00:00+00:00,0.21184760332107544,40.43497085571289,2.5056232269482277,39.74586486816406
2019-05-03 18:00:00+00:00,0.16612839698791504,42.60171890258789,2.194438355877034,42.19761276245117
2019-05-04 00:00:00+00:00,0.16638237237930298,36.063941955566406,2.531921169859232,35.65398025512695
2019-05-04 06:00:00+00:00,0.1753300428390503,37.86896896362305,2.5823717455253448,37.383018493652344
2019-05-04 12:00:00+00:00,0.1337425708770752,37.107566833496094,2.552447488692602,36.836753845214844
2019-05-04 18:00:00+00:00,0.18603646755218506,92.5653305053711,1.280760545591081,92.01103973388672
2019-05-05 00:00:00+00:00,0.13769274950027466,31.058853149414062,2.4377286845955357,30.80759048461914
2019-05-05 06:00:00+00:00,0.07887983322143555,33.59321594238281,2.6046255589022818,33.49943542480469
2019-05-05 12:00:00+00:00,0.1546056866645813,197.58453369140625,0.8619472706209526,197.17886352539062
2019-05-05 18:00:00+00:00,0.11375546455383301,40.62484359741211,2.1020480126257555,40.4215202331543
2019-05-06 00:00:00+00:00,0.15216898918151855,34.076053619384766,2.7714806360691635,33.72477340698242
2019-05-06 06:00:00+00:00,0.11892193555831909,49.837989807128906,1.7042813742644591,49.613285064697266
2019-05-06 12:00:00+00:00,0.14749401807785034,33.996803283691406,2.8671504930940954,33.6566162109375
2019-05-06 18:00:00+00:00,0.10028177499771118,32.25931930541992,2.7886378221642647,32.105350494384766
2019-05-07 00:00:00+00:00,0.045808255672454834,126.99442291259766,1.073164739834841,126.95934295654297
2019-05-07 06:00:00+00:00,0.12786483764648438,45.770694732666016,2.1680801634048135,45.49361801147461
2019-05-07 12:00:00+00:00,0.15583550930023193,65.31403350830078,1.6440102387533542,64.8980484008789
2019-05-07 18:00:00+00:00,0.11024826765060425,35.35942840576172,2.7374240511534187,35.16680908203125
2019-05-08 00:00:00+00:00,0.13431990146636963,35.233924865722656,2.6869939477646727,34.95309829711914
2019-05-08 06:00:00+00:00,0.19208389520645142,401.0972900390625,0.5461463784721764,400.3682861328125
2019-05-08 12:00:00+00:00,0.1537455916404724,39.25062561035156,2.429824621868188,38.863983154296875
2019-05-08 18:00:00+00:00,0.10447955131530762,37.86711883544922,2.668733570625094,37.684600830078125
2019-05-09 00:00:00+00:00,0.1589692234992981,66.99639892578125,1.6534248066979558,66.54151153564453
2019-05-09 06:00:00+00:00,0.12255758047103882,41.03823471069336,2.549738753314119,40.78030014038086
2019-05-09 12:00:00+00:00,0.10631048679351807,69.91828918457031,1.5588926779239114,69.72148895263672
2019-05-09 18:00:00+00:00,0.1271660327911377,42.231101989746094,2.531095187413772,41.95121383666992
2019-05-10 00:00:00+00:00,0.09878700971603394,34.870018005371094,2.55277098518942,34.718204498291016
2019-05-10 06:00:00+00:00,0.079365074634552,34.782466888427734,2.8681403928616716,34.6761360168457
2019-05-10 12:00:00+00:00,0.04665011167526245,66.5170669555664,1.690513146192409,66.47836303710938
2019-05-10 18:00:00+00:00,0.03767883777618408,39.341453552246094,2.8484680204170445,39.31801223754883
2019-05-11 00:00:00+00:00,0.10529488325119019,36.52157974243164,2.5356167489531556,36.347923278808594
2019-05-11 06:00:00+00:00,0.005367457866668701,33.43318176269531,2.6920112798689053,33.432735443115234
2019-05-11 12:00:00+00:00,0.07173728942871094,32.79779815673828,2.82388114765263,32.72157287597656
2019-05-11 18:00:00+00:00,0.025599420070648193,50.24985885620117,1.7523437344565533,50.23970031738281
2019-05-12 00:00:00+00:00,0.13221341371536255,301.1448669433594,0.814940946458216,300.8483581542969
2019-05-12 06:00:00+00:00,0.04245257377624512,33.430660247802734,2.8897424837936816,33.40264129638672
2019-05-12 12:00:00+00:00,0.14923304319381714,31.99488639831543,2.6920487104280473,31.664608001708984
2019-05-12 18:00:00+00:00,0.012607455253601074,31.718250274658203,3.0015181190075513,31.715883255004883
2019-05-13 00:00:00+00:00,0.019726693630218506,28.639860153198242,3.0357860833325154,28.63416290283203
2019-05-13 06:00:00+00:00,0.06283235549926758,34.6226806640625,2.2853359102431323,34.56420135498047
2019-05-13 12:00:00+00:00,0.03919684886932373,30.059547424316406,2.961088132936336,30.036527633666992
2019-05-13 18:00:00+00:00,0.05563485622406006,33.12529373168945,2.6193673326120703,33.079769134521484
2019-05-14 00:00:00+00:00,0.01721632480621338,29.765295028686523,2.7514028479842687,29.761075973510742
2019-05-14 06:00:00+00:00,0.06719851493835449,30.304750442504883,2.746475570881812,30.240148544311523
2019-05-14 12:00:00+00:00,0.02088218927383423,34.24394607543945,2.2263774233740734,34.23739242553711
2019-05-14 18:00:00+00:00,0.011175394058227539,43.19745635986328,1.9910768210589618,43.19533157348633
2019-05-15 00:00:00+00:00,0.02689450979232788,139.7865447998047,0.8677810902872504,139.77516174316406
2019-05-15 06:00:00+00:00,0.011556386947631836,41.825740814208984,1.989009043754347,41.823665618896484
2019-05-15 12:00:00+00:00,0.01423192024230957,35.27969741821289,2.374623773443553,35.27661895751953
2019-05-15 18:00:00+00:00,0.021493077278137207,33.38695526123047,2.7712708072001124,33.37986755371094
2019-05-16 00:00:00+00:00,0.021548867225646973,35.76597595214844,2.3292237628259707,35.75917434692383
2019-05-16 06:00:00+00:00,0.024387598037719727,34.908607482910156,2.272617066461481,34.89952850341797
2019-05-16 12:00:00+00:00,0.019707679748535156,34.65991973876953,2.4802590667295075,34.65372848510742
2019-05-16 18:00:00+00:00,0.0069640278816223145,33.01481628417969,2.3443198304912944,33.01408004760742
2019-05-17 00:00:00+00:00,0.01601231098175049,32.51955795288086,2.5898773705893774,32.51579666137695
2019-05-17 06:00:00+00:00,0.04579055309295654,45.28216552734375,1.706148600515536,45.249366760253906
2019-05-17 12:00:00+00:00,0.0853920578956604,81.11412048339844,1.2122912913160504,81.00028228759766
2019-05-17 18:00:00+00:00,0.02039361000061035,32.88254928588867,2.7288282386297817,32.87599182128906
2019-05-18 00:00:00+00:00,0.08017563819885254,34.17664337158203,2.431097498527343,34.084938049316406
2019-05-18 06:00:00+00:00,0.07384860515594482,34.5625114440918,2.5483513569595413,34.48046112060547
2019-05-18 12:00:00+00:00,0.046031653881073,35.356563568115234,2.326944672066255,35.325862884521484
2019-05-18 18:00:00+00:00,0.04928290843963623,38.67070770263672,2.635931454904559,38.63224411010742
2019-05-19 00:00:00+00:00,0.08127707242965698,31.723257064819336,2.486203003476463,31.630374908447266
2019-05-19 06:00:00+00:00,0.015884578227996826,36.90083312988281,2.174282914161349,36.89717483520508
2019-05-19 12:00:00+00:00,0.08747398853302002,34.414852142333984,2.490449670927481,34.301944732666016
2019-05-19 18:00:00+00:00,0.04497718811035156,35.24635314941406,2.350564759948354,35.21662902832031
2019-05-20 00:00:00+00:00,0.056937336921691895,28.511009216308594,2.5325626783196578,28.46722984313965
2019-05-20 06:00:00+00:00,0.07304519414901733,32.21430969238281,2.2656315332404717,32.139678955078125
2019-05-20 12:00:00+00:00,0.0028409361839294434,31.20769691467285,2.1796402779398187,31.20758819580078
2019-05-20 18:00:00+00:00,0.009915828704833984,33.43507385253906,2.4579012832999565,33.43363952636719
2019-05-21 00:00:00+00:00,0.02212202548980713,28.54945182800293,2.6539011717687746,28.542940139770508
2019-05-21 06:00:00+00:00,0.007215976715087891,38.160160064697266,1.6748284060684748,38.15943145751953
2019-05-21 12:00:00+00:00,0.050406038761138916,30.160968780517578,2.3502736054261497,30.126262664794922
2019-05-21 18:00:00+00:00,0.038154661655426025,31.35375213623047,2.4072547885261737,31.33399772644043
2019-05-22 00:00:00+00:00,0.05551266670227051,26.719627380371094,2.2716868803282386,26.682525634765625
2019-05-22 06:00:00+00:00,0.05271881818771362,30.329301834106445,2.257612413372379,30.292499542236328
2019-05-22 12:00:00+00:00,0.019865691661834717,31.238035202026367,2.488458193565538,31.232715606689453
2019-05-22 18:00:00+00:00,0.06540632247924805,31.708467483520508,2.401560377905567,31.649526596069336
2019-05-23 00:00:00+00:00,0.046475350856781006,31.25071144104004,2.364767092399265,31.221609115600586
2019-05-23 06:00:00+00:00,0.08278673887252808,35.125606536865234,2.2822893389977557,35.029659271240234
2019-05-23 12:00:00+00:00,0.12484550476074219,28.48366928100586,2.657317001929808,28.288686752319336
2019-05-23 18:00:00+00:00,0.08880889415740967,32.314666748046875,2.523369731891344,32.2078857421875
2019-05-24 00:00:00+00:00,0.1405048370361328,38.2877311706543,2.1830393666354873,38.02123260498047
2019-05-25 00:00:00+00:00,0.042933523654937744,29.378965377807617,2.6453790893072906,29.35631561279297
2019-05-25 06:00:00+00:00,0.05374938249588013,32.29806137084961,2.715257216311604,32.259864807128906
2019-05-25 12:00:00+00:00,0.08498674631118774,41.00613784790039,2.242398010114138,40.903106689453125
2019-05-25 18:00:00+00:00,0.09379661083221436,29.609464645385742,2.4278742775655107,29.496686935424805
2019-05-26 00:00:00+00:00,0.1062016487121582,49.23513412475586,1.7673869491575718,49.08626937866211
2019-05-26 06:00:00+00:00,0.10080093145370483,46.30332565307617,1.9373183435371792,46.161460876464844
2019-05-26 12:00:00+00:00,0.10166341066360474,42.79612350463867,1.9835756971804144,42.65066909790039
2019-05-26 18:00:00+00:00,0.06492483615875244,34.94533157348633,2.6871040923006397,34.88650131225586
2019-05-27 00:00:00+00:00,0.10846048593521118,40.28988265991211,2.17131230221284,40.13544464111328
2019-05-27 06:00:00+00:00,0.07946532964706421,37.536258697509766,2.2519152008131824,37.445980072021484
2019-05-27 12:00:00+00:00,0.03241056203842163,27.13827896118164,3.1350256956061857,27.124351501464844
2019-05-27 18:00:00+00:00,0.03133809566497803,43.41814422607422,1.7563979866088821,43.4052848815918
2019-05-28 00:00:00+00:00,0.055750131607055664,26.741931915283203,2.6151427708887467,26.70386505126953
2019-05-28 06:00:00+00:00,0.019106268882751465,26.963150024414062,2.769860740745602,26.958425521850586
2019-05-28 12:00:00+00:00,0.026806235313415527,27.705585479736328,2.6386449025914915,27.695911407470703
2019-05-28 18:00:00+00:00,0.04478186368942261,27.30889129638672,2.905292262101089,27.282920837402344
2019-05-29 00:00:00+00:00,0.022025108337402344,29.303218841552734,2.443317427376757,29.297008514404297
2019-05-29 06:00:00+00:00,0.044108688831329346,44.60249328613281,1.6722606956133106,44.576011657714844
2019-05-29 12:00:00+00:00,0.010196208953857422,34.852413177490234,2.248470195285452,34.850887298583984
2019-05-29 18:00:00+00:00,0.031917452812194824,29.36402702331543,2.559705482612213,29.34919548034668
2019-05-30 00:00:00+00:00,0.012709736824035645,26.19141960144043,2.781075354737468,26.189340591430664
2019-05-30 06:00:00+00:00,0.02265453338623047,24.199098587036133,3.2391925805447546,24.192432403564453
2019-05-30 12:00:00+00:00,0.022074103355407715,28.38161277770996,2.7172306293432222,28.37479591369629
2019-05-30 18:00:00+00:00,0.02490556240081787,25.601247787475586,3.067327589491662,25.592845916748047
2019-05-31 00:00:00+00:00,0.02447652816772461,26.853731155395508,3.1288816481545707,26.845705032348633
2019-05-31 06:00:00+00:00,0.01042938232421875,28.77113914489746,2.8720550725275165,28.769624710083008
2019-05-31 12:00:00+00:00,0.040002405643463135,57.33537292480469,1.7078847702689393,57.31027603149414
2019-05-31 18:00:00+00:00,0.07410037517547607,27.867416381835938,2.8459061700297243,27.793298721313477
2019-06-01 12:00:00+00:00,0.054800212383270264,30.764019012451172,2.698006094122076,30.72003746032715
2019-06-01 18:00:00+00:00,0.0028294920921325684,24.289968490600586,3.025469900425966,24.289865493774414
2019-06-02 00:00:00+00:00,0.00066375732421875,27.935638427734375,2.937865391834159,27.935632705688477
2019-06-02 06:00:00+00:00,0.004831254482269287,31.69877052307129,2.4625145056909497,31.698427200317383
2019-06-02 12:00:00+00:00,0.02489328384399414,30.636676788330078,2.8354104017137614,30.62762451171875
2019-06-02 18:00:00+00:00,0.008278250694274902,34.51860427856445,2.682974943427718,34.517520904541016
2019-06-03 00:00:00+00:00,0.006285607814788818,28.501619338989258,2.7705618540034314,28.501066207885742
2019-06-03 06:00:00+00:00,0.05192530155181885,31.455888748168945,2.6625310859859894,31.415571212768555
2019-06-03 12:00:00+00:00,0.03997468948364258,33.46598434448242,2.5504948662812117,33.441925048828125
2019-06-03 18:00:00+00:00,0.09343063831329346,33.11585998535156,2.5477706348845413,32.984989166259766
2019-06-04 00:00:00+00:00,0.06257748603820801,27.587791442871094,2.791852083724294,27.5333251953125
2019-06-04 06:00:00+00:00,0.07656097412109375,33.71104049682617,2.5360154814268783,33.61994171142578
2019-06-04 12:00:00+00:00,0.046316564083099365,36.49091339111328,2.5546725061959603,36.456336975097656
2019-06-04 18:00:00+00:00,0.054965436458587646,34.117637634277344,2.7104872169234833,34.070770263671875
2019-06-05 00:00:00+00:00,0.03900271654129028,27.184898376464844,2.9365653476958076,27.164125442504883
2019-06-05 06:00:00+00:00,0.04774731397628784,34.5863037109375,2.87082925564381,34.55039978027344
2019-06-05 12:00:00+00:00,0.09134775400161743,40.07461929321289,2.4533344666878834,39.935550689697266
2019-06-05 18:00:00+00:00,0.06715637445449829,40.04020690917969,2.74225772612364,39.9624137878418
2019-06-06 00:00:00+00:00,0.07392364740371704,31.260255813598633,3.2666364812505373,31.17580223083496
2019-06-06 06:00:00+00:00,0.04815751314163208,36.6739616394043,2.725840021396934,36.63536834716797
2019-06-06 12:00:00+00:00,0.0008377432823181152,33.1412353515625,2.5227255927279693,33.1412239074707
2019-06-06 18:00:00+00:00,0.01977074146270752,52.56891632080078,1.915390436910009,52.562618255615234
2019-06-07 00:00:00+00:00,0.0009409189224243164,29.94882583618164,2.6410653304861476,29.948816299438477
2019-06-07 06:00:00+00:00,0.029976606369018555,33.63237762451172,2.8902165562122453,33.61849594116211
2019-06-07 12:00:00+00:00,0.05933332443237305,36.111236572265625,2.325122762416097,36.055686950683594
2019-06-07 18:00:00+00:00,0.048193931579589844,33.38056945800781,2.511800021251345,33.346370697021484
2019-06-08 00:00:00+00:00,0.03166043758392334,29.88602066040039,2.938888703074992,29.871952056884766
2019-06-08 06:00:00+00:00,0.07774686813354492,30.323076248168945,2.6107305036076447,30.23472023010254
2019-06-08 12:00:00+00:00,0.09532308578491211,37.391292572021484,2.1455634923949964,37.25836944580078
2019-06-08 18:00:00+00:00,0.11031639575958252,37.207603454589844,2.5174442306504803,37.01570510864258
2019-06-09 00:00:00+00:00,0.10274994373321533,32.533321380615234,2.9812791557622838,32.3768424987793
2019-06-09 06:00:00+00:00,0.08147668838500977,32.12485122680664,3.014089110042614,32.02632141113281
2019-06-09 12:00:00+00:00,0.11970937252044678,35.95166778564453,2.439773125260792,35.74197769165039
2019-06-09 18:00:00+00:00,0.07167112827301025,41.24797821044922,2.1214495993725704,41.168601989746094
2019-06-10 00:00:00+00:00,0.11638903617858887,41.37078094482422,2.198487650682334,41.163856506347656
2019-06-10 06:00:00+00:00,0.12545561790466309,55.87647247314453,1.4481073814408005,55.6369743347168
2019-06-10 12:00:00+00:00,0.17444753646850586,39.95827865600586,2.367008835054733,39.491477966308594
2019-06-10 18:00:00+00:00,0.09576952457427979,51.53114700317383,1.346041920565944,51.392669677734375
2019-06-11 00:00:00+00:00,0.07755208015441895,34.26036071777344,2.128895574391529,34.17580032348633
2019-06-11 06:00:00+00:00,0.11465764045715332,39.521949768066406,2.1928731501072063,39.31871795654297
2019-06-11 12:00:00+00:00,0.06921494007110596,58.41017532348633,1.4515337482383242,58.33424377441406
2019-06-11 18:00:00+00:00,0.0704810619354248,29.220909118652344,2.7401617219196694,29.148771286010742
2019-06-12 00:00:00+00:00,0.028855204582214355,30.339826583862305,2.5725478748759376,30.32809066772461
2019-06-12 06:00:00+00:00,0.042250752449035645,41.58586502075195,1.7993213223563842,41.55794906616211
2019-06-12 12:00:00+00:00,0.08773553371429443,83.4233627319336,1.162133807435818,83.29385375976562
2019-06-12 18:00:00+00:00,0.07306849956512451,39.42161178588867,2.0153147692531186,39.337425231933594
2019-06-13 00:00:00+00:00,0.06432008743286133,34.452674865722656,2.324567314427949,34.39244079589844
2019-06-13 06:00:00+00:00,0.01628422737121582,48.04961013793945,1.719268736408494,48.04533386230469
2019-06-13 12:00:00+00:00,0.008301973342895508,35.766807556152344,2.1037903966635767,35.76575469970703
2019-06-13 18:00:00+00:00,0.030120372772216797,35.13254928588867,2.3002699517329415,35.1185302734375
2019-06-14 00:00:00+00:00,0.008905231952667236,33.54689407348633,2.7130074777031368,33.54568099975586
2019-06-14 06:00:00+00:00,0.019889116287231445,34.557167053222656,2.247684103266647,34.55107879638672
2019-06-14 12:00:00+00:00,0.029013395309448242,36.1614875793457,2.397242286957949,36.148250579833984
2019-06-14 18:00:00+00:00,0.03140747547149658,35.83506774902344,2.6229588852133228,35.819854736328125
2019-06-15 00:00:00+00:00,0.025395333766937256,37.84737777709961,1.9522988863402124,37.837886810302734
2019-06-15 06:00:00+00:00,0.00982666015625,59.19013977050781,1.3102126519360089,59.188629150390625
2019-06-15 12:00:00+00:00,0.015378355979919434,54.925689697265625,1.47371623351565,54.92192840576172
2019-06-15 18:00:00+00:00,0.025062620639801025,32.55533981323242,2.659221175410407,32.54583740234375
2019-06-16 00:00:00+00:00,0.017699897289276123,35.734073638916016,2.5637863423459137,35.729305267333984
2019-06-16 06:00:00+00:00,0.05525398254394531,49.016807556152344,1.7847809539289319,48.96841812133789
2019-06-16 12:00:00+00:00,0.015993595123291016,34.13948059082031,2.6863580105393123,34.13545227050781
2019-06-16 18:00:00+00:00,0.0184553861618042,44.12406921386719,1.8211932380038875,44.118526458740234
2019-06-17 00:00:00+00:00,0.017876029014587402,33.73814010620117,2.3130070559285345,33.7335205078125
2019-06-17 06:00:00+00:00,0.02461850643157959,35.363609313964844,2.303842639031636,35.3544921875
2019-06-17 12:00:00+00:00,0.04739302396774292,51.666481018066406,1.6426960402656543,51.63024139404297
2019-06-17 18:00:00+00:00,0.03233909606933594,37.65052795410156,2.2668417171002213,37.6341667175293
2019-06-18 00:00:00+00:00,0.04743528366088867,34.95875930786133,1.9472810155698836,34.92635726928711
2019-06-18 06:00:00+00:00,0.01340341567993164,33.86670684814453,2.3792581927039578,33.864017486572266
2019-06-18 12:00:00+00:00,0.04334002733230591,35.70347213745117,2.3502760817505117,35.6759033203125
2019-06-18 18:00:00+00:00,0.03163641691207886,30.842817306518555,2.7808773097774617,30.82796287536621
2019-06-19 00:00:00+00:00,0.012775897979736328,27.731403350830078,2.7812660332879857,27.729225158691406
2019-06-19 06:00:00+00:00,0.052632808685302734,33.860748291015625,2.2417695707323864,33.81916809082031
2019-06-19 12:00:00+00:00,0.02166593074798584,43.480621337890625,1.879672267006131,43.47334289550781
2019-06-19 18:00:00+00:00,0.0014799833297729492,34.35438919067383,2.5264933942435004,34.35435104370117
2019-06-20 00:00:00+00:00,0.001235663890838623,29.98847007751465,2.5783340195792035,29.988449096679688
2019-06-20 06:00:00+00:00,0.029410958290100098,32.74573516845703,2.2961509892560716,32.7341423034668
2019-06-20 12:00:00+00:00,0.04907429218292236,29.301128387451172,2.6369888530975527,29.268653869628906
2019-06-20 18:00:00+00:00,0.0032404661178588867,37.91621017456055,2.1324596143196226,37.916053771972656
2019-06-21 00:00:00+00:00,0.011869549751281738,30.714954376220703,2.4692022063695633,30.713029861450195
2019-06-21 06:00:00+00:00,0.04938554763793945,55.0145149230957,1.6837947400230044,54.97689437866211
2019-06-21 12:00:00+00:00,0.02876734733581543,37.119903564453125,1.9280177472169744,37.10834884643555
2019-06-21 18:00:00+00:00,0.0030063986778259277,42.968421936035156,1.7405934941811072,42.96828842163086
2019-06-22 00:00:00+00:00,0.014415740966796875,36.321170806884766,2.0589120132493495,36.31831741333008
2019-06-22 06:00:00+00:00,0.02576988935470581,36.18458557128906,2.1369179814158468,36.17500305175781
2019-06-22 12:00:00+00:00,0.0012891888618469238,33.16193771362305,2.221677017353851,33.16191482543945
2019-06-22 18:00:00+00:00,0.029828786849975586,34.721309661865234,2.387015500076381,34.70852279663086
2019-06-23 00:00:00+00:00,0.05147576332092285,35.624691009521484,2.400205545977097,35.58694839477539
2019-06-23 06:00:00+00:00,0.033135294914245605,33.483245849609375,2.3849283180389387,33.467750549316406
2019-06-23 12:00:00+00:00,0.06937336921691895,31.298749923706055,2.427324541804322,31.23447036743164
2019-06-23 18:00:00+00:00,0.05716294050216675,70.0094985961914,1.2668136177117155,69.96255493164062
2019-06-24 00:00:00+00:00,0.10607421398162842,52.05107879638672,1.6130987192465172,51.897525787353516
2019-06-24 06:00:00+00:00,0.08459031581878662,38.25395965576172,2.3330705081216943,38.14864730834961
2019-06-24 12:00:00+00:00,0.03259158134460449,36.45603561401367,1.9614207073231467,36.44076156616211
2019-06-24 18:00:00+00:00,0.02727067470550537,49.587982177734375,1.9589428028541294,49.57605743408203
2019-06-25 00:00:00+00:00,0.0028809309005737305,31.463592529296875,2.3755912490678663,31.46347999572754
2019-06-25 06:00:00+00:00,0.0026703476905822754,33.16439437866211,2.517279725278283,33.16429138183594
2019-06-25 12:00:00+00:00,0.0442049503326416,31.943811416625977,2.687815166754161,31.917083740234375
2019-06-25 18:00:00+00:00,0.02900683879852295,46.54945373535156,2.1023179693949277,46.53615188598633
2019-06-26 00:00:00+00:00,0.02293682098388672,30.213294982910156,2.8879816810751757,30.2056884765625
2019-06-26 06:00:00+00:00,0.021588444709777832,34.5135612487793,2.273359808464655,34.5067253112793
2019-06-26 12:00:00+00:00,0.056035399436950684,29.286476135253906,2.6312786584430152,29.24270248413086
2019-06-26 18:00:00+00:00,0.013015270233154297,31.525842666625977,2.6502589144419235,31.523283004760742
2019-06-27 00:00:00+00:00,0.030181884765625,34.71308517456055,2.2807003583713596,34.6994514465332
2019-06-27 06:00:00+00:00,0.03165745735168457,32.971153259277344,2.6203771857132137,32.95627975463867
2019-06-27 12:00:00+00:00,0.048041582107543945,37.977901458740234,2.0405861690968217,37.94481658935547
2019-06-27 18:00:00+00:00,0.08663177490234375,39.28816604614258,2.1411094667997483,39.16956329345703
2019-06-28 00:00:00+00:00,0.025875568389892578,35.10468292236328,2.093728924756762,35.095008850097656
2019-06-28 06:00:00+00:00,0.07720255851745605,35.29678726196289,2.4978753024860785,35.20650100708008
2019-06-28 12:00:00+00:00,0.07267844676971436,32.03872299194336,2.4385029830844926,31.96568489074707
2019-06-28 18:00:00+00:00,0.08666765689849854,37.261592864990234,2.200295335283888,37.14540481567383
2019-06-29 00:00:00+00:00,0.1364809274673462,76.17103576660156,1.3869133062627612,75.90071105957031
2019-06-29 06:00:00+00:00,0.010556221008300781,88.7033920288086,1.1943786864057697,88.70165252685547
2019-06-29 12:00:00+00:00,0.07176685333251953,32.25424575805664,2.750626052781119,32.178524017333984
2019-06-29 18:00:00+00:00,0.11665534973144531,34.15126037597656,2.6280555663093628,33.95002746582031
2019-06-30 00:00:00+00:00,0.02456963062286377,48.1373176574707,2.0964557581944536,48.12823486328125
2019-06-30 06:00:00+00:00,0.01317751407623291,42.336029052734375,1.9274483624239884,42.33346176147461
2019-06-30 12:00:00+00:00,0.018613338470458984,40.896549224853516,2.245137857340668,40.89188766479492
2019-06-30 18:00:00+00:00,0.03192460536956787,44.35533905029297,2.0108079320754713,44.34021759033203
2019-07-01 00:00:00+00:00,0.030483484268188477,55.12202072143555,1.652007538270807,55.108219146728516
2019-07-01 06:00:00+00:00,0.03698599338531494,39.47147750854492,2.2264557561371383,39.45293426513672
2019-07-01 12:00:00+00:00,0.04073667526245117,37.794456481933594,2.1259015897167224,37.772552490234375
2019-07-01 18:00:00+00:00,0.003541231155395508,42.32558822631836,2.2837522218203237,42.325401306152344
2019-07-02 00:00:00+00:00,0.12772774696350098,78.61174774169922,1.333953769972211,78.36864471435547
2019-07-02 06:00:00+00:00,0.05011343955993652,42.731239318847656,2.48235293215636,42.695526123046875
2019-07-02 12:00:00+00:00,0.005014777183532715,53.346580505371094,2.207426090685991,53.346195220947266
2019-07-03 06:00:00+00:00,0.022662878036499023,31.511079788208008,2.7953377385718357,31.504047393798828
2019-07-03 12:00:00+00:00,0.07238340377807617,56.92283630371094,1.9250447796439951,56.84455490112305
2019-07-04 00:00:00+00:00,0.12772750854492188,35.97246551513672,2.58167046006048,35.74259948730469
2019-07-04 06:00:00+00:00,0.15646982192993164,41.67116928100586,2.2974351857033044,41.300296783447266
2019-07-04 12:00:00+00:00,0.19614148139953613,35.21433639526367,2.2022046974588636,34.71574783325195
2019-07-04 18:00:00+00:00,0.17858600616455078,34.40945053100586,2.408297435267954,33.982723236083984
2019-07-05 00:00:00+00:00,0.22294402122497559,40.8902702331543,2.2849608645994985,40.173519134521484
2019-07-05 06:00:00+00:00,0.20475757122039795,37.195770263671875,2.6298020782800786,36.62070846557617
2019-07-05 12:00:00+00:00,0.27485454082489014,34.656822204589844,2.6086128527462633,33.6829833984375
2019-07-05 18:00:00+00:00,0.25181877613067627,46.63721466064453,2.2682291710894567,45.68833541870117
2019-07-06 00:00:00+00:00,0.2771749496459961,44.22224044799805,2.3002633554560106,43.10392379760742
2019-07-06 06:00:00+00:00,0.2383955717086792,68.63627624511719,1.2396540636072697,67.82154083251953
2019-07-06 12:00:00+00:00,0.24172472953796387,48.00364303588867,1.8572939198900182,47.18146514892578
2019-07-06 18:00:00+00:00,0.2736067771911621,46.99690628051758,2.2230535946301893,45.90493392944336
2019-07-07 00:00:00+00:00,0.20497369766235352,42.02027893066406,1.9085974122065303,41.432559967041016
2019-07-07 06:00:00+00:00,0.21690058708190918,44.007144927978516,2.215965891709082,43.33491516113281
2019-07-07 12:00:00+00:00,0.20061850547790527,35.365562438964844,2.3598542454828957,34.82667541503906
2019-07-07 18:00:00+00:00,0.190230131149292,44.32469177246094,1.809686034391853,43.77414321899414
2019-07-08 00:00:00+00:00,0.19662117958068848,42.45630645751953,1.8765602116878046,41.928863525390625
2019-07-08 06:00:00+00:00,0.24786818027496338,89.84859466552734,1.2771268575878068,88.84046936035156
2019-07-08 12:00:00+00:00,0.13578617572784424,60.403743743896484,1.7475572615663602,60.11854553222656
2019-07-08 18:00:00+00:00,0.22611939907073975,50.698822021484375,1.63386580012162,49.93059158325195
2019-07-09 00:00:00+00:00,0.14828312397003174,33.325801849365234,2.755276988142909,33.00654983520508
2019-07-09 06:00:00+00:00,0.2321692705154419,39.3449821472168,2.4358601667770445,38.54014587402344
2019-07-09 12:00:00+00:00,0.15498042106628418,137.75006103515625,0.909874578259058,137.36325073242188
2019-07-09 18:00:00+00:00,0.18700289726257324,36.706851959228516,2.224603096166436,36.196189880371094
2019-07-10 00:00:00+00:00,0.12653064727783203,32.35955810546875,2.527427591189753,32.13824462890625
2019-07-10 06:00:00+00:00,0.138566255569458,44.580650329589844,1.85688534666682,44.29877471923828
2019-07-10 12:00:00+00:00,0.12789452075958252,35.29587936401367,2.2903783007564487,35.062400817871094
2019-07-10 18:00:00+00:00,0.13683342933654785,36.56868362426758,2.5343439015308156,36.28322982788086
2019-07-11 00:00:00+00:00,0.05389869213104248,27.871957778930664,2.658941231808637,27.834379196166992
2019-07-11 06:00:00+00:00,0.07459557056427002,44.86939239501953,1.5994672121494777,44.789676666259766
2019-07-11 12:00:00+00:00,0.1119765043258667,27.692235946655273,2.404900497189729,27.5372371673584
2019-07-11 18:00:00+00:00,0.09825277328491211,35.579898834228516,2.392872917871639,35.4310302734375
2019-07-12 00:00:00+00:00,0.11807358264923096,31.240903854370117,2.643936482371758,31.05224609375
2019-07-12 06:00:00+00:00,0.061760544776916504,30.97017478942871,2.582667217564314,30.916067123413086
2019-07-12 12:00:00+00:00,0.10795307159423828,30.857032775878906,2.5885902568386645,30.695297241210938
2019-07-12 18:00:00+00:00,0.12085258960723877,33.64512252807617,2.3140627359071857,33.428733825683594
2019-07-13 00:00:00+00:00,0.11160480976104736,30.22484588623047,2.4800833478673416,30.056812286376953
2019-07-13 06:00:00+00:00,0.08506941795349121,63.69031524658203,1.438487909811586,63.57638931274414
2019-07-13 12:00:00+00:00,0.10506534576416016,34.06117248535156,2.3018488193689466,33.90351486206055
2019-07-13 18:00:00+00:00,0.11234986782073975,34.530025482177734,2.5547433388461083,34.33945083618164
2019-07-14 00:00:00+00:00,0.06862401962280273,30.267799377441406,2.6776367833578876,30.203977584838867
2019-07-14 06:00:00+00:00,0.11974096298217773,34.70477294921875,2.4346005848046017,34.494075775146484
2019-07-14 12:00:00+00:00,0.08084070682525635,30.761320114135742,2.44504762040065,30.67253875732422
2019-07-14 18:00:00+00:00,0.06879055500030518,43.21376037597656,1.8675913879998198,43.14097213745117
2019-07-15 00:00:00+00:00,0.0254744291305542,29.492229461669922,2.634055334154192,29.48313331604004
2019-07-15 06:00:00+00:00,0.0720365047454834,33.365325927734375,2.7607402052377625,33.28601837158203
2019-07-15 12:00:00+00:00,0.07791638374328613,35.58704376220703,2.1441209744000447,35.500125885009766
2019-07-15 18:00:00+00:00,0.07077264785766602,38.99297332763672,2.0363819558859912,38.9111213684082
2019-07-16 00:00:00+00:00,0.06033480167388916,33.54803466796875,2.660747840392319,33.49332809448242
2019-07-16 06:00:00+00:00,0.07988536357879639,37.32830047607422,2.498914732236582,37.22818374633789
2019-07-16 12:00:00+00:00,0.058360934257507324,39.241336822509766,1.8486712907508556,39.19137191772461
2019-07-16 18:00:00+00:00,0.09633362293243408,38.071739196777344,2.4330835688347316,37.92158889770508
2019-07-17 00:00:00+00:00,0.0741502046585083,41.92737579345703,1.8126522960196425,41.84614562988281
2019-07-17 06:00:00+00:00,0.07550251483917236,34.82365798950195,2.4677019651989647,34.735565185546875
2019-07-17 12:00:00+00:00,0.05572307109832764,34.661170959472656,2.4902083430209934,34.61571502685547
2019-07-18 00:00:00+00:00,0.04749298095703125,33.08173751831055,2.218501044855907,33.05088806152344
2019-07-18 06:00:00+00:00,0.04942619800567627,45.39755630493164,1.7331933532974373,45.358428955078125
2019-07-18 12:00:00+00:00,0.06328809261322021,39.37871170043945,1.7694757358510143,39.32191467285156
2019-07-18 18:00:00+00:00,0.015427470207214355,37.78818893432617,2.2878051438873315,37.7845573425293
2019-07-19 00:00:00+00:00,0.0061261653900146484,32.619285583496094,2.2291624489097916,32.61878204345703
2019-07-19 06:00:00+00:00,0.017521977424621582,36.025875091552734,2.301864240327789,36.02155685424805
2019-07-19 12:00:00+00:00,0.028365492820739746,32.59791946411133,2.2913012010440363,32.586936950683594
2019-07-19 18:00:00+00:00,0.019460082054138184,42.17135238647461,2.059618883500977,42.16548538208008
2019-07-20 00:00:00+00:00,0.013088226318359375,32.8840217590332,2.38310062696344,32.88166427612305
2019-07-20 06:00:00+00:00,0.01996392011642456,54.745487213134766,1.5348838521172676,54.73944854736328
2019-07-20 12:00:00+00:00,0.005244255065917969,32.26029968261719,2.3712510680347316,32.259918212890625
2019-07-20 18:00:00+00:00,0.04430818557739258,29.25426483154297,3.0309065867941767,29.225360870361328
2019-07-21 00:00:00+00:00,0.049052536487579346,29.170804977416992,2.167689128661771,29.140134811401367
2019-07-21 06:00:00+00:00,0.03106623888015747,30.027545928955078,2.4250450984093956,30.014291763305664
2019-07-21 12:00:00+00:00,0.025197267532348633,28.239355087280273,2.8351778089491173,28.230897903442383
2019-07-21 18:00:00+00:00,0.0499800443649292,30.35881233215332,2.718063079216819,30.322254180908203
2019-07-22 00:00:00+00:00,0.07985496520996094,84.32677459716797,1.0759804210284791,84.23857879638672
2019-07-22 06:00:00+00:00,0.043825626373291016,25.595975875854492,3.0741672383195735,25.570602416992188
2019-07-22 12:00:00+00:00,0.019918322563171387,36.93880844116211,2.0353602276099294,36.93317794799805
2019-07-22 18:00:00+00:00,0.040362000465393066,30.63913917541504,2.8191169678789665,30.615554809570312
2019-07-23 00:00:00+00:00,0.07927799224853516,43.83696365356445,1.7359880992149974,43.74658203125
2019-07-23 06:00:00+00:00,0.03349125385284424,28.38365364074707,2.5490818739843273,28.36859893798828
2019-07-23 12:00:00+00:00,0.04522860050201416,26.942974090576172,2.5576245128646873,26.916976928710938
2019-07-23 18:00:00+00:00,0.09066939353942871,29.409812927246094,2.4030556080670333,29.293621063232422
2019-07-24 00:00:00+00:00,0.07150542736053467,33.08540725708008,2.2816123646496727,33.01482391357422
2019-07-24 06:00:00+00:00,0.06610870361328125,42.33222198486328,1.7872429481916612,42.267822265625
2019-07-24 18:00:00+00:00,0.003674626350402832,28.40030860900879,3.2257299035317937,28.400110244750977
2019-07-25 00:00:00+00:00,0.058483004570007324,31.890090942382812,2.7892052788998343,31.841270446777344
2019-07-25 06:00:00+00:00,0.10251212120056152,34.50884246826172,2.6515621472792708,34.349693298339844
2019-07-25 12:00:00+00:00,0.06664550304412842,38.90497970581055,1.9402876107523768,38.84196853637695
2019-07-25 18:00:00+00:00,0.07919502258300781,35.67329025268555,2.3646490283090906,35.575965881347656
2019-07-26 00:00:00+00:00,0.024901866912841797,40.13640213012695,2.0052247332023856,40.127197265625
2019-07-26 06:00:00+00:00,0.08036351203918457,61.33992385864258,1.4279157673827867,61.23515701293945
2019-07-26 12:00:00+00:00,0.03534364700317383,36.45812225341797,2.289012535841457,36.44003677368164
2019-07-26 18:00:00+00:00,0.05528402328491211,35.36000061035156,2.7857930122539205,35.313026428222656
2019-07-27 00:00:00+00:00,0.003082752227783203,46.2401008605957,2.0317573448547472,46.239952087402344
2019-07-27 06:00:00+00:00,0.06669127941131592,42.73252487182617,2.3010558855828056,42.665348052978516
2019-07-27 12:00:00+00:00,0.04952430725097656,162.04519653320312,0.9427826391321583,162.00692749023438
2019-07-27 18:00:00+00:00,0.007895171642303467,48.82499694824219,2.0792995978059334,48.82402420043945
2019-07-28 00:00:00+00:00,0.03605610132217407,47.904541015625,2.035954716259197,47.885658264160156
2019-07-28 06:00:00+00:00,0.046318888664245605,44.015769958496094,1.971587043274873,43.98366928100586
2019-07-28 12:00:00+00:00,0.03344440460205078,33.472137451171875,2.1180097886916,33.45878982543945
2019-07-28 18:00:00+00:00,0.010512709617614746,57.93635177612305,1.8780883101242472,57.934608459472656
2019-07-29 00:00:00+00:00,0.0021418333053588867,36.607120513916016,2.2400962358686556,36.60706329345703
2019-07-29 06:00:00+00:00,0.03495895862579346,40.180782318115234,2.4765790725056354,40.1628303527832
2019-07-29 12:00:00+00:00,0.0622866153717041,47.758140563964844,1.8452032640990896,47.705711364746094
2019-07-29 18:00:00+00:00,0.12425005435943604,43.35441589355469,2.0673289292357495,43.115875244140625
2019-07-30 00:00:00+00:00,0.19331347942352295,43.51839065551758,2.1495595187664707,42.9561767578125
2019-07-30 06:00:00+00:00,0.20479238033294678,44.58848571777344,2.3388481177545155,43.92097854614258
2019-07-30 12:00:00+00:00,0.18316435813903809,49.79691696166992,1.6749520436540875,49.3071403503418
2019-07-30 18:00:00+00:00,0.21810972690582275,46.54325485229492,2.234163933189124,45.80435562133789
2019-07-31 00:00:00+00:00,0.23853754997253418,75.2862548828125,1.1278217084544881,74.41326141357422
2019-07-31 06:00:00+00:00,0.2745194435119629,63.358612060546875,1.5335506098634935,62.11384201049805
2019-07-31 12:00:00+00:00,0.2965102195739746,37.96902847290039,2.450836355870579,36.78517150878906
2019-07-31 18:00:00+00:00,0.2933390140533447,61.19057083129883,2.1730066794486134,59.72331237792969
2019-08-01 00:00:00+00:00,0.30046749114990234,61.19003677368164,1.6977145946605212,59.79653549194336
2019-08-01 06:00:00+00:00,0.33733069896698,63.488929748535156,1.9218701505229,61.76300048828125
2019-08-01 12:00:00+00:00,0.35869741439819336,48.02556610107422,2.0151967906365487,46.41631317138672
2019-08-01 18:00:00+00:00,0.37828052043914795,61.394596099853516,2.223847406459854,58.99679183959961
2019-08-02 00:00:00+00:00,0.3237302303314209,51.911407470703125,2.216078333228805,50.340885162353516
2019-08-02 06:00:00+00:00,0.31226181983947754,64.97682189941406,1.9896563972878756,63.39934158325195
2019-08-02 12:00:00+00:00,0.3735485076904297,72.23025512695312,2.0686328774090645,70.26114654541016
2019-08-02 18:00:00+00:00,0.3283712863922119,65.86800384521484,1.7917284329873278,64.06304168701172
2019-08-03 00:00:00+00:00,0.30582356452941895,64.9686050415039,1.7025959895813245,63.559879302978516
2019-08-03 06:00:00+00:00,0.32970762252807617,58.90601348876953,1.9464641893303718,57.08071517944336
2019-08-03 12:00:00+00:00,0.32616126537323,65.98390197753906,1.8385115599269677,64.32027435302734
2019-08-03 18:00:00+00:00,0.27176201343536377,68.69384002685547,1.7013174871440202,67.35186767578125
2019-08-04 00:00:00+00:00,0.2700495719909668,54.58237075805664,1.9414733277383263,53.46845245361328
2019-08-04 06:00:00+00:00,0.28249621391296387,83.30776977539062,1.2832005206165846,81.86481475830078
2019-08-04 12:00:00+00:00,0.29861223697662354,71.23435974121094,1.7234719290253748,69.74674987792969
2019-08-04 18:00:00+00:00,0.2556271553039551,56.37237548828125,2.1192964301579345,55.200279235839844
2019-08-05 00:00:00+00:00,0.20305287837982178,50.74279022216797,1.7541731428209255,50.09468078613281
2019-08-05 06:00:00+00:00,0.21733629703521729,44.12656784057617,2.6809181251926475,43.31196594238281
2019-08-05 12:00:00+00:00,0.20116400718688965,51.216041564941406,1.6825998889134142,50.5827522277832
2019-08-05 18:00:00+00:00,0.18383824825286865,43.37816619873047,2.5704213217680656,42.82477569580078
2019-08-06 00:00:00+00:00,0.18963372707366943,37.223236083984375,2.246347453948694,36.67801284790039
2019-08-06 06:00:00+00:00,0.2181025743484497,43.042030334472656,2.136337922656372,42.26176452636719
2019-08-06 12:00:00+00:00,0.16766834259033203,35.61568832397461,2.308408517659207,35.2127685546875
2019-08-06 18:00:00+00:00,0.18825387954711914,41.716793060302734,2.3492580452732343,41.12477493286133
2019-08-07 00:00:00+00:00,0.15064740180969238,41.6861572265625,1.9814399933149387,41.34218978881836
2019-08-07 06:00:00+00:00,0.1466987133026123,61.6230583190918,1.9133489109185564,61.23353958129883
2019-08-07 12:00:00+00:00,0.1684858798980713,40.59767532348633,2.032331949822612,40.18855285644531
2019-08-07 18:00:00+00:00,0.15885460376739502,44.030677795410156,2.1878053819566636,43.609622955322266
2019-08-08 00:00:00+00:00,0.13797616958618164,40.544254302978516,2.1246344887376507,40.26661682128906
2019-08-08 06:00:00+00:00,0.14322936534881592,46.7908935546875,2.088526708180025,46.44116973876953
2019-08-08 12:00:00+00:00,0.07723808288574219,34.475860595703125,2.437667550004475,34.39155197143555
2019-08-08 18:00:00+00:00,0.1617792844772339,44.83433532714844,2.199886467863875,44.40640640258789
2019-08-09 00:00:00+00:00,0.1367025375366211,34.02861022949219,2.583530947702508,33.759307861328125
2019-08-09 06:00:00+00:00,0.09718203544616699,33.80328369140625,2.5953894568937836,33.66240310668945
2019-08-09 12:00:00+00:00,0.18019914627075195,36.02610397338867,2.0953070134148706,35.56349182128906
2019-08-09 18:00:00+00:00,0.15972554683685303,33.46812438964844,2.3118032818959677,33.09654235839844
2019-08-10 00:00:00+00:00,0.1646273136138916,52.5692024230957,1.8546222469259335,52.143672943115234
2019-08-10 06:00:00+00:00,0.15047264099121094,41.35796356201172,2.1137200876966364,41.019981384277344
2019-08-10 12:00:00+00:00,0.19388771057128906,29.800199508666992,2.67545925016435,29.27983856201172
2019-08-10 18:00:00+00:00,0.17466390132904053,34.83838653564453,2.295108159257337,34.379940032958984
2019-08-11 00:00:00+00:00,0.1876542568206787,29.550796508789062,2.739549996271119,29.05989646911621
2019-08-11 06:00:00+00:00,0.20547521114349365,36.75914001464844,2.6244721142505516,36.12733840942383
2019-08-11 12:00:00+00:00,0.20033586025238037,31.455585479736328,2.524863576853801,30.910411834716797
2019-08-11 18:00:00+00:00,0.14514994621276855,35.21013259887695,2.2115977454282048,34.902706146240234
2019-08-12 00:00:00+00:00,0.14300870895385742,29.004257202148438,2.6355768677730436,28.727418899536133
2019-08-12 06:00:00+00:00,0.19308865070343018,39.798946380615234,2.39347471271826,39.24716567993164
2019-08-12 12:00:00+00:00,0.19534099102020264,30.45816421508789,2.77422435489384,29.954280853271484
2019-08-12 18:00:00+00:00,0.172454833984375,31.911996841430664,2.6565593627285518,31.486988067626953
2019-08-13 00:00:00+00:00,0.13815367221832275,30.064910888671875,2.652414854018583,29.802223205566406
2019-08-13 06:00:00+00:00,0.1513441801071167,55.480281829833984,1.612907201102926,55.12766647338867
2019-08-13 12:00:00+00:00,0.16192924976348877,28.907466888427734,2.92951511533354,28.561595916748047
2019-08-13 18:00:00+00:00,0.17725133895874023,37.34818649291992,2.5118307785346548,36.87015151977539
2019-08-14 00:00:00+00:00,0.1439507007598877,33.02522659301758,2.2886383702718716,32.74277114868164
2019-08-14 06:00:00+00:00,0.1765986680984497,32.690242767333984,2.4569759624195617,32.25330352783203
2019-08-14 12:00:00+00:00,0.15167713165283203,36.31236267089844,2.054837913730238,35.998104095458984
2019-08-14 18:00:00+00:00,0.15624010562896729,45.689231872558594,1.9718523320431292,45.288185119628906
2019-08-15 00:00:00+00:00,0.13278865814208984,32.06919479370117,2.376276071048278,31.82644271850586
2019-08-15 12:00:00+00:00,0.09803175926208496,32.97542953491211,2.659245360836013,32.8464469909668
2019-08-15 18:00:00+00:00,0.12293994426727295,34.966102600097656,2.806821947130832,34.7352294921875
2019-08-16 00:00:00+00:00,0.06094098091125488,27.22340965270996,3.0009336592108298,27.174732208251953
2019-08-16 06:00:00+00:00,0.0963510274887085,35.55385971069336,2.5306474568139854,35.41249465942383
2019-08-16 12:00:00+00:00,0.10429370403289795,29.179792404174805,2.272907631151978,29.04475975036621
2019-08-16 18:00:00+00:00,0.036163926124572754,35.569522857666016,2.6008315460882407,35.54920196533203
2019-08-17 00:00:00+00:00,0.002961099147796631,34.77839279174805,2.2268254151662643,34.77826690673828
2019-08-17 06:00:00+00:00,0.03271520137786865,40.04510498046875,2.055444359539344,40.028602600097656
2019-08-17 12:00:00+00:00,0.07129347324371338,45.5023307800293,1.5824861435272068,45.433074951171875
2019-08-17 18:00:00+00:00,0.052459120750427246,40.93293762207031,2.2502298445268725,40.88784408569336
2019-08-18 00:00:00+00:00,0.012676596641540527,34.6713752746582,2.4019601748090085,34.669185638427734
2019-08-18 06:00:00+00:00,0.07555723190307617,38.458255767822266,2.6109175342554014,38.373023986816406
2019-08-18 12:00:00+00:00,0.04965698719024658,55.78086853027344,1.513196047689426,55.74432373046875
2019-08-18 18:00:00+00:00,0.06987917423248291,32.30596923828125,2.7039079465691183,32.23453140258789
2019-08-19 00:00:00+00:00,0.00010263919830322266,30.503509521484375,2.407588280237286,30.503511428833008
2019-08-19 06:00:00+00:00,0.10194611549377441,35.64719009399414,2.2468894300996687,35.49201583862305
2019-08-19 12:00:00+00:00,0.08503890037536621,32.101234436035156,2.3947195233338983,32.00302505493164
2019-08-19 18:00:00+00:00,0.011907339096069336,40.50682067871094,2.0849178560761037,40.50459289550781
2019-08-20 00:00:00+00:00,0.07946372032165527,36.954437255859375,1.9760483027080917,36.86742401123047
2019-08-20 06:00:00+00:00,0.04970526695251465,34.17621612548828,2.469785534529425,34.13983154296875
2019-08-20 12:00:00+00:00,0.04160594940185547,26.583532333374023,2.473739836186117,26.561908721923828
2019-08-20 18:00:00+00:00,0.08892619609832764,32.131553649902344,2.463941526229654,32.019561767578125
2019-08-21 00:00:00+00:00,0.06641817092895508,32.527442932128906,2.3086019223535867,32.4665412902832
2019-08-21 06:00:00+00:00,0.04826760292053223,41.486167907714844,1.6759105645864483,41.452945709228516
2019-08-21 12:00:00+00:00,0.060955047607421875,45.05082702636719,1.934666412191834,44.99567413330078
2019-08-21 18:00:00+00:00,0.04137718677520752,44.001808166503906,2.0535753279447215,43.97454071044922
2019-08-22 00:00:00+00:00,0.019996047019958496,43.994266510009766,1.9225564213394037,43.98836135864258
2019-08-22 06:00:00+00:00,0.01756000518798828,79.84176635742188,1.4783389437785504,79.83638763427734
2019-08-22 12:00:00+00:00,0.08440792560577393,62.26033020019531,2.048756834257884,62.14252853393555
2019-08-22 18:00:00+00:00,0.00859767198562622,42.002445220947266,2.1963166957849896,42.00123596191406
2019-08-23 00:00:00+00:00,0.048880934715270996,60.5068473815918,2.0496147484013734,60.46821212768555
2019-08-23 06:00:00+00:00,0.08045399188995361,53.78789138793945,2.0534272021004183,53.6874885559082
2019-08-23 12:00:00+00:00,0.06290507316589355,54.64037322998047,2.006736346533983,54.585575103759766
2019-08-23 18:00:00+00:00,0.08837062120437622,88.48316955566406,1.8240286470880405,88.3484115600586
2019-08-24 00:00:00+00:00,0.09236752986907959,86.7359390258789,1.4168454695802921,86.61844635009766
2019-08-24 06:00:00+00:00,0.12180715799331665,92.1090316772461,1.4463786452372014,91.88099670410156
2019-08-24 12:00:00+00:00,0.016166627407073975,73.5999984741211,1.6160021695326612,73.5963363647461
2019-08-24 18:00:00+00:00,0.043492794036865234,44.53569793701172,2.2043857098243396,44.506813049316406
2019-08-25 00:00:00+00:00,0.025212883949279785,77.64066314697266,1.5964043424379133,77.63052368164062
2019-08-25 06:00:00+00:00,0.02646005153656006,41.505271911621094,2.393480226208313,41.494564056396484
2019-08-25 12:00:00+00:00,0.11601710319519043,55.993221282958984,1.8033413561532603,55.79201889038086
2019-08-25 18:00:00+00:00,0.04379129409790039,67.10403442382812,1.9484171865492645,67.07131958007812
2019-08-26 00:00:00+00:00,0.0534205436706543,48.601314544677734,2.1582571433756352,48.55989456176758
2019-08-26 06:00:00+00:00,0.03811347484588623,76.33533477783203,1.5243206920506036,76.31118774414062
2019-08-26 12:00:00+00:00,0.11633062362670898,60.560768127441406,1.7270108886611402,60.36148452758789
2019-08-26 18:00:00+00:00,0.15794992446899414,60.94600296020508,1.7780104789345725,60.55657196044922
2019-08-27 00:00:00+00:00,0.20369946956634521,68.68475341796875,1.713761046383876,68.01541137695312
2019-08-27 06:00:00+00:00,0.2563927173614502,76.015869140625,1.5281330965005073,74.94673919677734
2019-08-27 12:00:00+00:00,0.26806414127349854,69.6932144165039,1.4525004356714208,68.72219848632812
2019-08-27 18:00:00+00:00,0.35693490505218506,80.26573181152344,1.9904795486316298,78.02056884765625
2019-08-28 00:00:00+00:00,0.26528215408325195,56.7740364074707,1.8055705972055585,55.797157287597656
2019-08-28 06:00:00+00:00,0.31954097747802734,87.28641510009766,1.658924227164474,85.65144348144531
2019-08-28 12:00:00+00:00,0.32697880268096924,43.38690185546875,2.2022094660655878,42.166236877441406
2019-08-28 18:00:00+00:00,0.3246879577636719,74.04638671875,1.8867696157247684,72.40645599365234
2019-08-29 00:00:00+00:00,0.319535493850708,51.56595993041992,1.8075814613357708,50.21795654296875
2019-08-29 06:00:00+00:00,0.3588217496871948,72.24118041992188,1.6888123166459534,70.36067962646484
2019-08-29 12:00:00+00:00,0.3032773733139038,56.50840377807617,1.488179091091633,55.371910095214844
2019-08-29 18:00:00+00:00,0.31297898292541504,92.77022552490234,1.443552490992347,91.21680450439453
2019-08-30 00:00:00+00:00,0.33356988430023193,49.026039123535156,2.172720730201386,47.527496337890625
2019-08-30 06:00:00+00:00,0.30855393409729004,64.73129272460938,2.1208628963554967,63.242393493652344
2019-08-30 12:00:00+00:00,0.30062246322631836,56.3811149597168,1.6806097999443472,55.2127685546875
2019-08-30 18:00:00+00:00,0.2866482734680176,53.64833450317383,2.2027367254492924,52.3662109375
2019-08-31 00:00:00+00:00,0.30656158924102783,38.63665771484375,2.0501401726223905,37.35429763793945
2019-08-31 06:00:00+00:00,0.3274667263031006,45.64767837524414,2.4749897091157878,43.954833984375
2019-08-31 12:00:00+00:00,0.2572845220565796,45.2978515625,2.203952017800401,44.365116119384766
2019-08-31 18:00:00+00:00,0.3043479919433594,49.46875762939453,2.081532870066959,47.99122619628906
2019-09-01 00:00:00+00:00,0.2646651268005371,37.9500846862793,2.7467410034486823,36.939308166503906
2019-09-01 06:00:00+00:00,0.28663134574890137,40.13968276977539,2.7034200911342143,38.81689453125
2019-09-01 12:00:00+00:00,0.2947021722793579,38.10356903076172,2.759998904180219,36.783851623535156
2019-09-01 18:00:00+00:00,0.2639068365097046,37.35197448730469,2.7812168940661675,36.2515983581543
2019-09-02 00:00:00+00:00,0.19754493236541748,37.47245407104492,2.2769832508588155,36.890079498291016
2019-09-02 06:00:00+00:00,0.20319724082946777,34.87033462524414,2.4151437209749944,34.219730377197266
2019-09-02 12:00:00+00:00,0.20353364944458008,34.77236557006836,2.5408925701572342,34.18902587890625
2019-09-02 18:00:00+00:00,0.2271132469177246,36.22977066040039,2.7212304018997333,35.42552185058594
2019-09-03 00:00:00+00:00,0.20765483379364014,35.128116607666016,2.4928254008488526,34.509700775146484
2019-09-03 06:00:00+00:00,0.17960822582244873,41.499549865722656,2.307142422291697,40.980594635009766
2019-09-03 12:00:00+00:00,0.20442497730255127,32.827293395996094,2.659528971889734,32.25410842895508
2019-09-03 18:00:00+00:00,0.18311333656311035,32.50656509399414,2.5916346087568005,32.020076751708984
2019-09-04 00:00:00+00:00,0.14435875415802002,31.550153732299805,2.636405492557234,31.27332878112793
2019-09-04 06:00:00+00:00,0.1810626983642578,44.13618850708008,2.096305772656836,43.644248962402344
2019-09-04 12:00:00+00:00,0.12531089782714844,28.58965492248535,2.5293129408764963,28.402536392211914
2019-09-04 18:00:00+00:00,0.07985401153564453,35.79014587402344,2.513723396539652,35.69894027709961
2019-09-05 00:00:00+00:00,0.12242341041564941,34.837276458740234,2.0857293315436483,34.63782501220703
2019-09-05 06:00:00+00:00,0.13229382038116455,33.803340911865234,2.431628822404739,33.56067657470703
2019-09-05 12:00:00+00:00,0.1682908535003662,87.97081756591797,0.9788945017778843,87.5745849609375
2019-09-05 18:00:00+00:00,0.17288827896118164,33.47134017944336,2.6863244726354405,33.03676223754883
2019-09-06 00:00:00+00:00,0.10685551166534424,31.824941635131836,2.64364185923573,31.669408798217773
2019-09-06 06:00:00+00:00,0.12669694423675537,33.16115951538086,2.7463078258453484,32.92090606689453
2019-09-06 12:00:00+00:00,0.23283517360687256,30.990333557128906,2.383355337916076,30.27301788330078
2019-09-06 18:00:00+00:00,0.2352510690689087,65.12728881835938,1.5771809723064172,64.24105834960938
2019-09-07 00:00:00+00:00,0.2067631483078003,31.6612606048584,2.8777278553361754,31.05175018310547
2019-09-07 06:00:00+00:00,0.20764875411987305,37.9398078918457,2.575470279297887,37.250144958496094
2019-09-07 12:00:00+00:00,0.2612431049346924,39.5157356262207,2.0300529085355614,38.529823303222656
2019-09-07 18:00:00+00:00,0.2059626579284668,38.873016357421875,2.382949588018627,38.248260498046875
2019-09-08 00:00:00+00:00,0.2423313856124878,34.73054504394531,2.6928556164452964,33.892578125
2019-09-08 06:00:00+00:00,0.2068028450012207,40.971885681152344,2.043000139786902,40.33422088623047
2019-09-08 12:00:00+00:00,0.23985505104064941,33.72479248046875,2.528339829929833,32.93092727661133
2019-09-08 18:00:00+00:00,0.2636418342590332,37.41482162475586,2.9418931657949665,36.3224983215332
2019-09-09 00:00:00+00:00,0.294309139251709,40.20817184448242,2.741436294013422,38.869720458984375
2019-09-09 06:00:00+00:00,0.24037957191467285,34.623626708984375,2.7295623912495572,33.76074981689453
2019-09-09 12:00:00+00:00,0.2755502462387085,36.27077865600586,2.6344575764359957,35.165252685546875
2019-09-09 18:00:00+00:00,0.258439302444458,40.710205078125,2.9256070708034896,39.63338088989258
2019-09-10 00:00:00+00:00,0.2546858787536621,32.37411880493164,2.9943337954224782,31.46415138244629
2019-09-10 06:00:00+00:00,0.2447587251663208,39.502891540527344,2.345197239842998,38.578590393066406
2019-09-10 12:00:00+00:00,0.2667146921157837,33.741546630859375,2.7083231684170013,32.7525749206543
2019-09-10 18:00:00+00:00,0.29938650131225586,39.65961456298828,2.813422664307869,38.25906753540039
2019-09-11 00:00:00+00:00,0.269439697265625,37.418521881103516,2.5609421835526804,36.321311950683594
2019-09-11 06:00:00+00:00,0.2674189805984497,51.463172912597656,2.2901471748665396,50.27123260498047
2019-09-11 12:00:00+00:00,0.22820675373077393,46.93197250366211,1.8384880749595354,46.169456481933594
2019-09-11 18:00:00+00:00,0.22790133953094482,59.99430465698242,1.9163733148962065,59.06747055053711
2019-09-12 00:00:00+00:00,0.21868181228637695,47.12617874145508,2.5356732008069836,46.35300064086914
2019-09-12 06:00:00+00:00,0.17733561992645264,38.7418098449707,2.577296856895816,38.27439880371094
2019-09-12 12:00:00+00:00,0.22787761688232422,50.26572799682617,1.612277506490679,49.50809097290039
2019-09-12 18:00:00+00:00,0.22304880619049072,42.14316940307617,2.518215288036693,41.329856872558594
2019-09-13 00:00:00+00:00,0.15094518661499023,40.59568786621094,2.0651599319588643,40.26506042480469
2019-09-13 06:00:00+00:00,0.18890869617462158,37.40953063964844,2.6193492185281673,36.84241485595703
2019-09-13 12:00:00+00:00,0.0992593765258789,33.97366714477539,2.3431332470683772,33.83883285522461
2019-09-13 18:00:00+00:00,0.15188872814178467,45.07539367675781,2.333989104027478,44.69713592529297
2019-09-14 00:00:00+00:00,0.15260207653045654,43.55279541015625,2.0423758778047816,43.187965393066406
2019-09-14 06:00:00+00:00,0.13294672966003418,43.57267761230469,2.1327191343881298,43.28620147705078
2019-09-14 12:00:00+00:00,0.12590432167053223,49.262210845947266,1.7044512735875281,49.03413009643555
2019-09-14 18:00:00+00:00,0.11114907264709473,40.650455474853516,2.1054337954705495,40.44108581542969
2019-09-15 00:00:00+00:00,0.03177058696746826,63.7337760925293,1.5343934399400752,63.717735290527344
2019-09-15 06:00:00+00:00,0.1194542646408081,44.39665603637695,1.8299478179208712,44.15524673461914
2019-09-15 12:00:00+00:00,0.08322668075561523,33.71138000488281,2.5323008937324114,33.608917236328125
2019-09-15 18:00:00+00:00,0.09530270099639893,37.77921676635742,2.647504679501443,37.63002395629883
2019-09-16 00:00:00+00:00,0.04932248592376709,35.48136901855469,2.360905272660588,35.44359588623047
2019-09-16 06:00:00+00:00,0.07217109203338623,35.631126403808594,2.630383950461951,35.54749298095703
2019-09-16 12:00:00+00:00,0.11964726448059082,35.26858139038086,2.4595517099682955,35.05830764770508
2019-09-16 18:00:00+00:00,0.10484004020690918,37.9821662902832,2.4766062828097453,37.79952621459961
2019-09-17 00:00:00+00:00,0.08417284488677979,36.16634750366211,2.4985619152917957,36.05548095703125
2019-09-17 06:00:00+00:00,0.07948410511016846,38.612831115722656,2.3243694928083314,38.51044464111328
2019-09-17 12:00:00+00:00,0.07447779178619385,35.152347564697266,2.3163323548602905,35.06793212890625
2019-09-17 18:00:00+00:00,0.08111417293548584,34.0668830871582,2.793582182765751,33.960533142089844
2019-09-18 00:00:00+00:00,0.04098188877105713,32.280250549316406,2.8941095815098734,32.25495147705078
2019-09-18 06:00:00+00:00,0.10813939571380615,50.25910186767578,1.6030136971474047,50.07011795043945
2019-09-18 12:00:00+00:00,0.08755922317504883,29.324203491210938,2.884016295198081,29.214385986328125
2019-09-18 18:00:00+00:00,0.08775568008422852,36.45445251464844,2.6423378579590153,36.32875061035156
2019-09-19 00:00:00+00:00,0.06396245956420898,34.06205749511719,2.2487951015814236,34.004859924316406
2019-09-19 06:00:00+00:00,0.046398162841796875,37.05046081542969,2.4771045315495086,37.016578674316406
2019-09-19 12:00:00+00:00,0.07302367687225342,46.80076599121094,1.929175775255612,46.71406936645508
2019-09-19 18:00:00+00:00,0.04632771015167236,52.75646209716797,1.9078687528488532,52.71965789794922
2019-09-20 00:00:00+00:00,0.020059585571289062,44.69578170776367,2.1706580901229287,44.68950653076172
2019-09-20 06:00:00+00:00,0.04348886013031006,37.649986267089844,2.4223166495567865,37.619789123535156
2019-09-20 12:00:00+00:00,0.13425874710083008,34.245750427246094,2.3309934987321794,33.9990119934082
2019-09-20 18:00:00+00:00,0.06455528736114502,49.59025955200195,1.8543538991866995,49.52442932128906
2019-09-21 00:00:00+00:00,0.025997281074523926,50.00654602050781,1.6335252641135756,49.996795654296875
2019-09-21 06:00:00+00:00,0.12637066841125488,52.38715362548828,2.044314599451789,52.121028900146484
2019-09-21 12:00:00+00:00,0.12055850028991699,44.027442932128906,2.0196161120447758,43.81393814086914
2019-09-21 18:00:00+00:00,0.08797192573547363,46.4427604675293,2.1754743340188964,46.3221549987793
2019-09-22 00:00:00+00:00,0.10668408870697021,42.58013153076172,2.4183699991844767,42.40300369262695
2019-09-22 06:00:00+00:00,0.12109649181365967,46.960792541503906,2.0609027788359113,46.73146438598633
2019-09-22 12:00:00+00:00,0.26288461685180664,42.965702056884766,2.278828259204437,41.90357971191406
2019-09-22 18:00:00+00:00,0.2632930278778076,69.45558166503906,1.7616606768762435,68.23347473144531
2019-09-23 00:00:00+00:00,0.23422670364379883,57.54427719116211,2.1076083094269595,56.613155364990234
2019-09-23 06:00:00+00:00,0.23783111572265625,61.125022888183594,1.5306581684931444,60.20553207397461
2019-09-23 12:00:00+00:00,0.2919245958328247,40.44544982910156,2.3590602084982155,39.3089714050293
2019-09-23 18:00:00+00:00,0.30513739585876465,50.114540100097656,2.271364063105338,48.66584014892578
2019-09-24 00:00:00+00:00,0.28843414783477783,52.68674087524414,2.4399076001360167,51.41969299316406
2019-09-24 06:00:00+00:00,0.2957134246826172,58.674339294433594,1.955914385757684,57.356388092041016
2019-09-24 12:00:00+00:00,0.29776203632354736,53.38175964355469,1.4943535052173755,52.37528610229492
2019-09-24 18:00:00+00:00,0.31972479820251465,54.12263488769531,2.2344283496037685,52.67498779296875
2019-09-25 00:00:00+00:00,0.3102377653121948,73.22990417480469,1.4657577573406564,71.8519058227539
2019-09-25 06:00:00+00:00,0.296364426612854,55.65549087524414,1.8639365977909448,54.459747314453125
2019-09-25 12:00:00+00:00,0.3621772527694702,53.96424865722656,1.609791605569775,52.502708435058594
2019-09-25 18:00:00+00:00,0.32311320304870605,55.715423583984375,2.13238208022963,54.28517150878906
2019-09-26 00:00:00+00:00,0.2732495069503784,39.218482971191406,2.476388960776654,38.26225280761719
2019-09-26 06:00:00+00:00,0.27187788486480713,46.8099250793457,2.101873484253608,45.80376434326172
2019-09-26 12:00:00+00:00,0.31538689136505127,43.73994445800781,2.0393778008455303,42.470523834228516
2019-09-26 18:00:00+00:00,0.2646481990814209,75.1999282836914,1.406819019279381,74.14908599853516
2019-09-27 00:00:00+00:00,0.27359509468078613,40.02021408081055,2.3559094424186573,39.06112289428711
2019-09-27 06:00:00+00:00,0.25166547298431396,40.15251541137695,2.3317113740186945,39.27930450439453
2019-09-27 12:00:00+00:00,0.2575249671936035,37.40904235839844,2.43897523789907,36.54896545410156
2019-09-27 18:00:00+00:00,0.23986601829528809,45.69122314453125,2.176934518336897,44.83235168457031
2019-09-28 00:00:00+00:00,0.23771584033966064,54.31100845336914,2.0870373554218897,53.469608306884766
2019-09-28 06:00:00+00:00,0.23767006397247314,42.35971450805664,2.1520033407481005,41.53125
2019-09-28 12:00:00+00:00,0.2082139253616333,29.524274826049805,2.5085867260113397,28.983749389648438
2019-09-28 18:00:00+00:00,0.21315836906433105,33.98337936401367,2.498820945564504,33.322540283203125
2019-09-29 00:00:00+00:00,0.12989330291748047,34.34743881225586,2.0170173033795296,34.12601089477539
2019-09-29 06:00:00+00:00,0.16920948028564453,35.41815948486328,2.528090633751047,35.009002685546875
2019-09-29 12:00:00+00:00,0.12174201011657715,29.048927307128906,2.2291837362090794,28.867433547973633
2019-09-29 18:00:00+00:00,0.1323469877243042,35.22550582885742,2.231900751064558,34.97098159790039
2019-09-30 00:00:00+00:00,0.14106178283691406,32.28789520263672,2.254109249007109,32.02358627319336
2019-09-30 06:00:00+00:00,0.11438560485839844,36.079063415527344,2.357587111850154,35.893680572509766
2019-09-30 12:00:00+00:00,0.14412689208984375,33.8359489440918,2.1188187899788735,33.5673942565918
2019-09-30 18:00:00+00:00,0.07035362720489502,32.539024353027344,2.444192459378832,32.46750259399414
2019-10-01 00:00:00+00:00,0.10853815078735352,36.61075210571289,2.12785191961167,36.44580078125
2019-10-01 06:00:00+00:00,0.12717127799987793,32.00105285644531,2.38339940840529,31.782880783081055
2019-10-01 12:00:00+00:00,0.09594976902008057,26.36155128479004,2.595505741773627,26.252485275268555
2019-10-01 18:00:00+00:00,0.14967691898345947,43.5062141418457,1.877977450616042,43.15977096557617
2019-10-02 00:00:00+00:00,0.12802767753601074,35.54561996459961,2.424889394535872,35.316505432128906
2019-10-02 06:00:00+00:00,0.11293649673461914,35.497459411621094,2.4379646807239976,35.313377380371094
2019-10-02 12:00:00+00:00,0.16183316707611084,30.858339309692383,2.352903543489669,30.517324447631836
2019-10-02 18:00:00+00:00,0.1390131711959839,37.66215133666992,2.6526113892911125,37.36753845214844
2019-10-03 00:00:00+00:00,0.12563610076904297,33.925628662109375,2.4689713334419174,33.692691802978516
2019-10-03 06:00:00+00:00,0.20900094509124756,38.1864013671875,2.3483827536254216,37.52695846557617
2019-10-03 12:00:00+00:00,0.1253807544708252,32.883480072021484,2.5272213624713733,32.66581344604492
2019-10-03 18:00:00+00:00,0.14012455940246582,40.35056686401367,2.0613848005791846,40.0511360168457
2019-10-04 00:00:00+00:00,0.17033147811889648,39.765438079833984,2.50716499839561,39.32971954345703
2019-10-04 06:00:00+00:00,0.19033563137054443,33.39031219482422,2.7193310461810416,32.84722137451172
2019-10-04 12:00:00+00:00,0.25096940994262695,34.666831970214844,2.887072204816032,33.73591613769531
2019-10-04 18:00:00+00:00,0.20141386985778809,55.6419563293457,2.029096869464872,54.9254264831543
2019-10-05 00:00:00+00:00,0.15920817852020264,59.70529556274414,1.5076460607582283,59.311500549316406
2019-10-05 06:00:00+00:00,0.18784475326538086,45.620155334472656,1.856932461092686,45.054019927978516
2019-10-05 12:00:00+00:00,0.17934691905975342,30.366165161132812,2.910151791262578,29.912824630737305
2019-10-05 18:00:00+00:00,0.20390748977661133,39.12148666381836,2.48798135939131,38.46757888793945
2019-10-06 00:00:00+00:00,0.1868957281112671,41.12465286254883,2.176940844362298,40.56160354614258
2019-10-06 06:00:00+00:00,0.2056671380996704,63.26982116699219,1.5149331060072044,62.56705856323242
2019-10-06 12:00:00+00:00,0.2020857334136963,33.992835998535156,2.8222580207854437,33.37740707397461
2019-10-06 18:00:00+00:00,0.16674745082855225,39.58619689941406,2.4642620626402785,39.09838104248047
2019-10-07 00:00:00+00:00,0.21095943450927734,50.9548454284668,2.5563354643205614,50.187713623046875
2019-10-07 06:00:00+00:00,0.20566809177398682,35.45603561401367,3.0095984102406095,34.749488830566406
2019-10-07 12:00:00+00:00,0.22340881824493408,34.98979568481445,2.9019345039744664,34.20165252685547
2019-10-07 18:00:00+00:00,0.20156455039978027,33.2999382019043,3.292631766532926,32.63357162475586
2019-10-08 00:00:00+00:00,0.22651803493499756,40.26907730102539,2.5082042540899385,39.37893295288086
2019-10-08 06:00:00+00:00,0.2034837007522583,35.51607894897461,3.0262342702109972,34.819393157958984
2019-10-08 12:00:00+00:00,0.16351675987243652,34.735755920410156,2.8410983268326158,34.31300735473633
2019-10-09 06:00:00+00:00,0.1379796266555786,36.31569290161133,2.8873186534777666,35.99964141845703
2019-10-09 12:00:00+00:00,0.12884938716888428,38.12152099609375,2.1192627525177823,37.85871505737305
2019-10-10 00:00:00+00:00,0.13476300239562988,34.41019058227539,2.8621039618614708,34.11666488647461
2019-10-10 06:00:00+00:00,0.1167377233505249,36.11894226074219,2.8300424304381684,35.889991760253906
2019-10-10 12:00:00+00:00,0.16801917552947998,36.377506256103516,2.3321586252760387,35.95501708984375
2019-10-10 18:00:00+00:00,0.09986734390258789,29.93484115600586,2.8120684390046704,29.78560447692871
2019-10-11 00:00:00+00:00,0.09755861759185791,33.75394058227539,2.8952194822019903,33.599998474121094
2019-10-11 06:00:00+00:00,0.1384488344192505,36.92283630371094,2.750240397268907,36.597068786621094
2019-10-11 12:00:00+00:00,0.21108365058898926,47.982295989990234,1.7678855029063134,47.28916549682617
2019-10-11 18:00:00+00:00,0.1682889461517334,31.6470947265625,2.9613798652039707,31.229074478149414
2019-10-12 00:00:00+00:00,0.11034023761749268,37.048492431640625,2.4189065500314997,36.85965347290039
2019-10-12 06:00:00+00:00,0.1853104829788208,43.99187088012695,2.4457233539498535,43.404720306396484
2019-10-12 12:00:00+00:00,0.21230101585388184,34.011993408203125,2.3157759023924935,33.344337463378906
2019-10-12 18:00:00+00:00,0.21197783946990967,32.605133056640625,2.869978765986871,31.921110153198242
2019-10-13 00:00:00+00:00,0.19077694416046143,36.77580642700195,2.4933449818438236,36.20643997192383
2019-10-13 06:00:00+00:00,0.17498278617858887,33.9075813293457,2.7204263258894557,33.4433708190918
2019-10-13 12:00:00+00:00,0.16276311874389648,30.917299270629883,2.6676580728664177,30.55788230895996
2019-10-13 18:00:00+00:00,0.19059252738952637,29.24940299987793,2.593943118886655,28.765893936157227
2019-10-14 00:00:00+00:00,0.18124747276306152,36.37641525268555,2.506516731589758,35.889930725097656
2019-10-14 06:00:00+00:00,0.1619875431060791,34.41990280151367,2.85196909675183,34.033447265625
2019-10-14 12:00:00+00:00,0.18077993392944336,32.53645324707031,2.3908149643355197,32.08845520019531
2019-10-14 18:00:00+00:00,0.16177713871002197,35.05893325805664,2.1091515664808758,34.68586349487305
2019-10-15 00:00:00+00:00,0.1509723663330078,33.74721908569336,2.7641843128326236,33.4184684753418
2019-10-15 06:00:00+00:00,0.13764500617980957,34.145416259765625,2.2712130964754493,33.86907196044922
2019-10-15 12:00:00+00:00,0.11434495449066162,33.71726608276367,2.3819981336068814,33.54086685180664
2019-10-15 18:00:00+00:00,0.12796247005462646,33.23440933227539,2.551910349892051,33.0055046081543
2019-10-16 00:00:00+00:00,0.1394590139389038,31.026792526245117,2.5545666194703545,30.7653865814209
2019-10-16 06:00:00+00:00,0.11679208278656006,32.343536376953125,2.656484022063699,32.14927673339844
2019-10-16 12:00:00+00:00,0.14555764198303223,27.678619384765625,2.753305138011245,27.41636085510254
2019-10-16 18:00:00+00:00,0.13406896591186523,37.30067443847656,1.9696484567173058,37.05439376831055
2019-10-17 00:00:00+00:00,0.14280998706817627,31.275930404663086,2.539253342077014,31.006025314331055
2019-10-17 06:00:00+00:00,0.1288156509399414,30.380050659179688,2.7591177249574654,30.146867752075195
2019-10-17 12:00:00+00:00,0.15608453750610352,32.2385368347168,2.1798539900039984,31.92499351501465
2019-10-17 18:00:00+00:00,0.08816027641296387,41.07695388793945,2.005608224396293,40.96403503417969
2019-10-18 00:00:00+00:00,0.05510973930358887,43.23061752319336,1.8761851791701354,43.18788146972656
2019-10-18 06:00:00+00:00,0.08351314067840576,30.08223533630371,2.3420835034002305,29.996410369873047
2019-10-18 12:00:00+00:00,0.11112594604492188,38.901756286621094,1.7319078648417667,38.74516677856445
2019-10-18 18:00:00+00:00,0.11843502521514893,40.102298736572266,1.747075744425822,39.908607482910156
2019-10-19 00:00:00+00:00,0.11411964893341064,29.011184692382812,2.514084235779364,28.845212936401367
2019-10-19 06:00:00+00:00,0.12983691692352295,36.821319580078125,1.6396343982484516,36.60893249511719
2019-10-19 12:00:00+00:00,0.18003392219543457,28.780488967895508,2.3711826775029308,28.391647338867188
2019-10-19 18:00:00+00:00,0.18294012546539307,36.274051666259766,2.356052569634692,35.80754852294922
2019-10-20 00:00:00+00:00,0.15919697284698486,35.02316665649414,2.3298707715747016,34.68104934692383
2019-10-20 06:00:00+00:00,0.20768725872039795,41.97336959838867,2.076037396862027,41.40147018432617
2019-10-20 12:00:00+00:00,0.2636282444000244,40.85381317138672,1.4031220410561902,40.06535339355469
2019-10-20 18:00:00+00:00,0.21140503883361816,43.48251724243164,2.1445571342330196,42.853816986083984
2019-10-21 00:00:00+00:00,0.24411892890930176,36.55729293823242,2.5011983702611102,35.78108596801758
2019-10-21 06:00:00+00:00,0.27598416805267334,46.952972412109375,1.9400107382591603,46.00201416015625
2019-10-21 12:00:00+00:00,0.26470839977264404,38.94789123535156,2.031628558416288,38.23928451538086
2019-10-21 18:00:00+00:00,0.2429947853088379,40.61316680908203,2.115146457988142,39.87063217163086
2019-10-22 00:00:00+00:00,0.27748918533325195,48.5246467590332,1.8966350064540825,47.48405456542969
2019-10-22 06:00:00+00:00,0.33211517333984375,66.35177612304688,1.4303080817602198,64.9096450805664
2019-10-22 12:00:00+00:00,0.26087486743927,38.13594055175781,1.9087097336911798,37.43207550048828
2019-10-22 18:00:00+00:00,0.3008275032043457,67.882080078125,1.5566539914943194,66.61412811279297
2019-10-23 00:00:00+00:00,0.23055434226989746,45.43873596191406,2.141023445148946,44.71421813964844
2019-10-23 06:00:00+00:00,0.23037827014923096,51.68942642211914,1.897711923931131,50.978302001953125
2019-10-23 12:00:00+00:00,0.21949708461761475,31.974384307861328,2.6640047349487452,31.397520065307617
2019-10-23 18:00:00+00:00,0.2244410514831543,44.73689270019531,2.261235045459923,44.0218620300293
2019-10-24 00:00:00+00:00,0.1978302001953125,44.55583190917969,2.3768590347244323,44.00275802612305
2019-10-24 06:00:00+00:00,0.22404146194458008,47.150413513183594,1.818503658546698,46.41250228881836
2019-10-24 12:00:00+00:00,0.21371424198150635,41.106082916259766,1.9680237846170405,40.497764587402344
2019-10-24 18:00:00+00:00,0.18705308437347412,51.81415939331055,1.7887168211428655,51.29570007324219
2019-10-25 00:00:00+00:00,0.1575073003768921,39.82427978515625,2.1784061898847553,39.45864486694336
2019-10-25 06:00:00+00:00,0.19457435607910156,42.388938903808594,1.946190746717579,41.833580017089844
2019-10-25 12:00:00+00:00,0.1708296537399292,34.013221740722656,2.372199666329908,33.60787582397461
2019-10-25 18:00:00+00:00,0.09838759899139404,33.95011520385742,2.5538501971195133,33.805870056152344
2019-10-26 00:00:00+00:00,0.07903683185577393,43.327449798583984,2.1297151233976668,43.23137283325195
2019-10-26 06:00:00+00:00,0.11051297187805176,32.55782699584961,2.6204279914795627,32.38090896606445
2019-10-26 12:00:00+00:00,0.054612040519714355,31.4675350189209,2.5858219863272507,31.426603317260742
2019-10-26 18:00:00+00:00,0.04963266849517822,35.27382278442383,2.1963494856637595,35.23744583129883
2019-10-27 00:00:00+00:00,0.008841753005981445,35.1933479309082,2.791095219358915,35.19211196899414
2019-10-27 06:00:00+00:00,0.0001322031021118164,34.349212646484375,2.3107427542671406,34.349212646484375
2019-10-27 12:00:00+00:00,0.020969152450561523,32.05254364013672,2.582378102630348,32.046478271484375
2019-10-27 18:00:00+00:00,0.00014603137969970703,41.32236099243164,2.4192360565779727,41.32236099243164
2019-10-28 00:00:00+00:00,0.029433846473693848,37.57294845581055,2.1903603723843954,37.55961990356445
2019-10-28 06:00:00+00:00,0.01318049430847168,40.257408142089844,2.2204202660252106,40.25462341308594
2019-10-28 12:00:00+00:00,0.0038584470748901367,35.79330825805664,2.3403205341263256,35.793087005615234
2019-10-28 18:00:00+00:00,0.018178582191467285,39.43830108642578,2.298266132850095,39.433013916015625
2019-10-29 00:00:00+00:00,0.007405638694763184,36.08563995361328,2.7138409115123285,36.0847282409668
2019-10-29 06:00:00+00:00,0.0732048749923706,40.45093536376953,2.657569609490476,40.359840393066406
2019-10-29 12:00:00+00:00,0.043062448501586914,33.193241119384766,2.476538812484682,33.16531753540039
2019-10-29 18:00:00+00:00,0.009270071983337402,37.259666442871094,2.4595293600068864,37.258296966552734
2019-10-30 00:00:00+00:00,0.03070998191833496,36.50864028930664,2.3163451350028,36.493553161621094
2019-10-30 06:00:00+00:00,0.06377971172332764,42.482025146484375,2.316149437900311,42.41263198852539
2019-10-30 12:00:00+00:00,0.11120760440826416,44.31636428833008,2.1803057473969027,44.108028411865234
2019-10-31 00:00:00+00:00,0.030823945999145508,39.084991455078125,2.245980721710875,39.069820404052734
2019-10-31 06:00:00+00:00,0.0792546272277832,35.774810791015625,2.7700882910603677,35.67219543457031
2019-10-31 12:00:00+00:00,0.08945977687835693,33.04832458496094,2.71051322244354,32.93545150756836
2019-10-31 18:00:00+00:00,0.15819787979125977,31.601409912109375,2.8659152221652295,31.229541778564453
2019-11-01 00:00:00+00:00,0.12814462184906006,32.60653305053711,2.69644870879561,32.350852966308594
2019-11-01 06:00:00+00:00,0.14431846141815186,32.4993896484375,2.8094308945105406,32.186641693115234
2019-11-01 12:00:00+00:00,0.17791390419006348,37.989593505859375,2.361516243208767,37.52464294433594
2019-11-01 18:00:00+00:00,0.10023558139801025,28.4207820892334,2.7293114906876554,28.288082122802734
2019-11-02 00:00:00+00:00,0.16536736488342285,71.64404296875,1.3806885586241424,71.24418640136719
2019-11-02 06:00:00+00:00,0.15834641456604004,34.19291687011719,2.555743769519057,33.83428192138672
2019-11-02 12:00:00+00:00,0.11397683620452881,32.48548889160156,2.815453009928679,32.31013107299805
2019-11-02 18:00:00+00:00,0.08297896385192871,35.821929931640625,2.0081891890764516,35.727813720703125
2019-11-03 00:00:00+00:00,0.15071046352386475,40.10244369506836,1.813406945751142,39.79821014404297
2019-11-03 06:00:00+00:00,0.11934804916381836,30.32253646850586,2.605812470531269,30.128995895385742
2019-11-03 12:00:00+00:00,0.15139317512512207,35.09907150268555,2.4166405288998387,34.782859802246094
2019-11-03 18:00:00+00:00,0.15520715713500977,29.786653518676758,2.519540194261939,29.480411529541016
2019-11-04 00:00:00+00:00,0.1285630464553833,27.463665008544922,2.8650430134170497,27.242794036865234
2019-11-04 06:00:00+00:00,0.2015972137451172,30.171409606933594,2.8735632695799245,29.613771438598633
2019-11-04 12:00:00+00:00,0.22158527374267578,26.387502670288086,2.7084813471019773,25.83214569091797
2019-11-04 18:00:00+00:00,0.2054377794265747,29.04011344909668,2.8872597709192815,28.488893508911133
2019-11-05 00:00:00+00:00,0.15041935443878174,27.206098556518555,2.855293410012148,26.919218063354492
2019-11-05 06:00:00+00:00,0.08973729610443115,23.52749252319336,3.1274701369783364,23.432449340820312
2019-11-05 12:00:00+00:00,0.11071348190307617,23.33713722229004,3.0316664397553788,23.20396614074707
2019-11-05 18:00:00+00:00,0.06338346004486084,49.93864440917969,1.7463176370733722,49.888816833496094
2019-11-06 00:00:00+00:00,0.0676274299621582,30.718097686767578,2.4531201195791974,30.657941818237305
2019-11-06 06:00:00+00:00,0.09881269931793213,24.35285758972168,2.953639070191859,24.234861373901367
2019-11-06 12:00:00+00:00,0.03228199481964111,53.106597900390625,1.7082090027726669,53.09379577636719
2019-11-06 18:00:00+00:00,0.023093223571777344,31.987333297729492,2.268784393277124,31.980520248413086
2019-11-07 00:00:00+00:00,0.01856231689453125,23.698572158813477,2.88810595396535,23.694528579711914
2019-11-07 06:00:00+00:00,0.10831856727600098,23.59231948852539,2.9055967597148564,23.457643508911133
2019-11-07 12:00:00+00:00,0.01652824878692627,63.743934631347656,1.7358763559130426,63.74058151245117
2019-11-07 18:00:00+00:00,0.08000612258911133,24.162216186523438,2.87186080680447,24.084884643554688
2019-11-09 00:00:00+00:00,0.02285480499267578,29.113534927368164,2.488378054289365,29.10666847229004
2019-11-09 06:00:00+00:00,0.06335514783859253,35.17593765258789,1.9245409676691319,35.126338958740234
2019-11-09 12:00:00+00:00,0.03526461124420166,23.25334930419922,2.787084446965536,23.239023208618164
2019-11-09 18:00:00+00:00,0.042389750480651855,27.767881393432617,2.563103146525643,27.74437713623047
2019-11-10 00:00:00+00:00,0.027860403060913086,35.0577507019043,1.8916361809384665,35.04734420776367
2019-11-10 06:00:00+00:00,0.026659727096557617,24.508380889892578,2.813706192141388,24.49959373474121
2019-11-10 12:00:00+00:00,0.07025384902954102,25.312427520751953,2.9126003806538083,25.251110076904297
2019-11-10 18:00:00+00:00,0.085685133934021,28.751131057739258,2.8661723124549816,28.648862838745117
2019-11-11 00:00:00+00:00,0.05788397789001465,40.35264587402344,1.9918304395279263,40.30392837524414
2019-11-11 06:00:00+00:00,0.06707561016082764,36.38456726074219,1.8739206971483788,36.323455810546875
2019-11-11 12:00:00+00:00,0.009363055229187012,43.086448669433594,1.8332778846653681,43.08522033691406
2019-11-11 18:00:00+00:00,0.014661192893981934,31.818750381469727,2.5927396152222606,31.81557846069336
2019-11-12 00:00:00+00:00,0.02622520923614502,33.070064544677734,2.5420305698163936,33.060367584228516
2019-11-12 06:00:00+00:00,0.015418529510498047,34.298675537109375,1.9725361677315618,34.295562744140625
2019-11-12 12:00:00+00:00,0.020847082138061523,34.726078033447266,2.0941615759745678,34.72052001953125
2019-11-12 18:00:00+00:00,0.02263319492340088,35.531517028808594,2.3765092110022983,35.52399826049805
2019-11-13 00:00:00+00:00,0.02291351556777954,36.39460754394531,2.412468301646449,36.386837005615234
2019-11-13 06:00:00+00:00,0.02378106117248535,34.44135284423828,2.6401243473969305,34.43351745605469
2019-11-13 12:00:00+00:00,0.01967567205429077,31.83824920654297,2.620949548822979,31.832918167114258
2019-11-13 18:00:00+00:00,0.008903324604034424,35.988059997558594,2.361643344743096,35.986846923828125
2019-11-14 00:00:00+00:00,0.015822529792785645,69.56739807128906,1.5735114302479816,69.5630111694336
2019-11-14 06:00:00+00:00,0.040036559104919434,38.385009765625,2.3358127296955575,38.3604736328125
2019-11-14 12:00:00+00:00,0.03921306133270264,37.327308654785156,2.2658692921568893,37.30384826660156
2019-11-14 18:00:00+00:00,0.028733372688293457,38.82827377319336,2.7203254925586817,38.81393051147461
2019-11-15 00:00:00+00:00,0.018957853317260742,45.07869338989258,1.942085500435165,45.07269287109375
2019-11-15 06:00:00+00:00,0.04095613956451416,36.6572265625,2.7494511138084947,36.63057327270508
2019-11-15 12:00:00+00:00,0.041751980781555176,42.73687744140625,2.315056356956026,42.70824432373047
2019-11-15 18:00:00+00:00,0.04175913333892822,63.9235954284668,1.4864534451497375,63.892696380615234
2019-11-16 00:00:00+00:00,0.09486949443817139,34.304351806640625,2.385987283116281,34.16587829589844
2019-11-16 06:00:00+00:00,0.11377322673797607,34.864105224609375,2.4542390662105116,34.66995620727539
2019-11-16 12:00:00+00:00,0.11101305484771729,32.83197021484375,2.7857593715585,32.65462875366211
2019-11-17 00:00:00+00:00,0.16717660427093506,39.41731262207031,2.6642657572070534,38.96030044555664
2019-11-17 06:00:00+00:00,0.11233997344970703,37.33855438232422,2.5808589439011054,37.143829345703125
2019-11-17 12:00:00+00:00,0.1445307731628418,41.56843185424805,2.5071995367061137,41.23793411254883
2019-11-17 18:00:00+00:00,0.16406524181365967,52.56068420410156,2.3211413837029733,52.07316589355469
2019-11-18 00:00:00+00:00,0.13577532768249512,54.52959060668945,1.9378121178245087,54.21320343017578
2019-11-18 06:00:00+00:00,0.18592596054077148,144.06161499023438,0.9989648096219907,143.38072204589844
2019-11-18 12:00:00+00:00,0.21928513050079346,66.40956115722656,1.6436723676221339,65.51043701171875
2019-11-18 18:00:00+00:00,0.18399274349212646,57.30580139160156,2.615985226862681,56.6286506652832
2019-11-19 00:00:00+00:00,0.23525643348693848,72.30040740966797,2.0741938906982784,71.09098052978516
2019-11-19 06:00:00+00:00,0.19221913814544678,53.14698028564453,2.5731228075336285,52.415740966796875
2019-11-19 12:00:00+00:00,0.18358302116394043,45.146995544433594,2.8986897489912504,44.506046295166016
2019-11-19 18:00:00+00:00,0.2384803295135498,48.81621551513672,2.7947429562792205,47.69729232788086
2019-11-20 00:00:00+00:00,0.17555248737335205,50.21572494506836,2.026379412829029,49.609188079833984
2019-11-20 06:00:00+00:00,0.16840827465057373,58.3369026184082,2.247159349370074,57.73064422607422
2019-11-20 12:00:00+00:00,0.1963557004928589,46.34798812866211,2.780744052854226,45.59981155395508
2019-11-20 18:00:00+00:00,0.17200851440429688,48.05891418457031,2.691698865553222,47.46043014526367
2019-11-21 00:00:00+00:00,0.22862672805786133,47.000850677490234,2.8001174872241377,45.96541213989258
2019-11-21 06:00:00+00:00,0.18193519115447998,47.0397834777832,2.817795220237996,46.39159393310547
2019-11-21 12:00:00+00:00,0.16742801666259766,43.9288444519043,2.7833448076224077,43.379554748535156
2019-11-21 18:00:00+00:00,0.17994964122772217,37.97722244262695,2.7331616224332556,37.40766525268555
2019-11-22 00:00:00+00:00,0.17623662948608398,55.83108901977539,2.2591956928555255,55.2429084777832
2019-11-22 06:00:00+00:00,0.14208340644836426,44.39112091064453,2.6861718634713867,44.01874542236328
2019-11-22 12:00:00+00:00,0.1568005084991455,37.044925689697266,2.467824965918151,36.65296936035156
2019-11-22 18:00:00+00:00,0.13629639148712158,43.455318450927734,1.8988967937338448,43.16376876831055
2019-11-23 00:00:00+00:00,0.13461196422576904,36.11623764038086,2.569507886787797,35.8395881652832
2019-11-23 06:00:00+00:00,0.12018156051635742,35.58123779296875,2.6487370687685154,35.37020492553711
2019-11-23 12:00:00+00:00,0.14650428295135498,31.334896087646484,2.5275892665640356,31.04250144958496
2019-11-23 18:00:00+00:00,0.12818336486816406,37.23752212524414,2.649776565198249,36.989864349365234
2019-11-24 00:00:00+00:00,0.043303489685058594,35.570167541503906,2.51392781988085,35.54278564453125
2019-11-24 06:00:00+00:00,0.012640714645385742,36.196014404296875,2.343999704419272,36.19367980957031
2019-11-24 12:00:00+00:00,0.06405341625213623,29.91674041748047,2.4220133174859333,29.86227035522461
2019-11-24 18:00:00+00:00,0.020163416862487793,31.75041961669922,2.746854852434513,31.74456214904785
2019-11-25 00:00:00+00:00,0.016523301601409912,34.56143569946289,2.1781981940175315,34.5577278137207
2019-11-25 06:00:00+00:00,0.016607701778411865,41.30868911743164,1.9959105466391405,41.304725646972656
2019-11-25 12:00:00+00:00,0.03910130262374878,39.20039749145508,1.9336203565352956,39.18000411987305
2019-11-25 18:00:00+00:00,0.014874458312988281,30.779457092285156,2.700426084961914,30.776277542114258
2019-11-26 00:00:00+00:00,0.012381792068481445,67.46417999267578,1.3300751761548615,67.4618148803711
2019-11-26 06:00:00+00:00,0.029946088790893555,33.84430694580078,2.5660110215105085,33.83057403564453
2019-11-26 12:00:00+00:00,0.012409806251525879,68.74559783935547,1.3347660717053635,68.74331665039062
2019-11-26 18:00:00+00:00,0.03041219711303711,29.122108459472656,2.8421961622556813,29.108638763427734
2019-11-27 00:00:00+00:00,0.026807725429534912,32.65130615234375,2.405175261900726,32.640541076660156
2019-11-27 06:00:00+00:00,0.025964081287384033,29.62066650390625,2.8601347379577797,29.61092185974121
2019-11-27 12:00:00+00:00,0.019006669521331787,33.32070541381836,2.2954486906779628,33.315673828125
2019-11-27 18:00:00+00:00,0.0168306827545166,30.664255142211914,2.4827779297010317,30.66014289855957
2019-11-28 00:00:00+00:00,0.052432894706726074,28.380807876586914,2.6443699800398726,28.341461181640625
2019-11-28 06:00:00+00:00,0.050250113010406494,34.446067810058594,2.4582242374955476,34.406795501708984
2019-11-28 12:00:00+00:00,0.03846198320388794,26.84082794189453,2.8597829094171625,26.820449829101562
2019-11-28 18:00:00+00:00,0.05787956714630127,36.891212463378906,2.266127572526854,36.8396110534668
2019-11-29 00:00:00+00:00,0.027634084224700928,31.206356048583984,2.7074001663976053,31.194963455200195
2019-11-29 06:00:00+00:00,0.06187784671783447,33.81675338745117,2.6179651529690195,33.761260986328125
2019-11-29 12:00:00+00:00,0.01991492509841919,28.43326187133789,2.6134432660191287,28.427833557128906
2019-11-29 18:00:00+00:00,0.014039337635040283,36.931461334228516,2.4430072968009577,36.928348541259766
2019-11-30 00:00:00+00:00,0.02191978693008423,36.87575912475586,2.3131196759433865,36.868499755859375
2019-11-30 06:00:00+00:00,0.029207944869995117,41.026851654052734,2.313057010441892,41.01297378540039
2019-11-30 12:00:00+00:00,0.03682446479797363,30.53718376159668,2.6733752888002105,30.517681121826172
2019-11-30 18:00:00+00:00,0.047316014766693115,32.93064498901367,2.7568860621180407,32.89558029174805
2019-12-01 00:00:00+00:00,0.028088748455047607,32.58509063720703,2.428303253640069,32.5731086730957
2019-12-01 06:00:00+00:00,0.03933197259902954,29.41442108154297,3.0200296490829723,29.39200782775879
2019-12-01 12:00:00+00:00,0.0639529824256897,26.44453239440918,2.8498945888684104,26.38993263244629
2019-12-01 18:00:00+00:00,0.09549522399902344,37.43602752685547,2.2328414013952433,37.2996826171875
2019-12-02 00:00:00+00:00,0.07796931266784668,55.156898498535156,1.784662372468829,55.06504440307617
2019-12-02 06:00:00+00:00,0.05342662334442139,34.45488739013672,2.256337265566028,34.413387298583984
2019-12-02 12:00:00+00:00,0.09072613716125488,28.570158004760742,2.9703683029712606,28.46105194091797
2019-12-02 18:00:00+00:00,0.03231370449066162,27.755430221557617,2.777418141788604,27.740930557250977
2019-12-03 00:00:00+00:00,0.10047388076782227,28.414094924926758,2.8334166938584247,28.274280548095703
2019-12-03 06:00:00+00:00,0.0005791187286376953,28.728561401367188,2.5754240383321005,28.72855567932129
2019-12-03 12:00:00+00:00,0.05439108610153198,32.46345138549805,2.3764697124847736,32.425140380859375
2019-12-03 18:00:00+00:00,0.03307616710662842,27.204622268676758,2.9725079878074574,27.189678192138672
2019-12-04 00:00:00+00:00,0.037778258323669434,35.9287109375,2.0533098105710463,35.90896224975586
2019-12-04 06:00:00+00:00,0.08693748712539673,33.38302230834961,2.6046881503468264,33.276912689208984
2019-12-04 12:00:00+00:00,0.03351646661758423,33.215023040771484,2.352026168809413,33.20021438598633
2019-12-04 18:00:00+00:00,0.027130961418151855,52.0612678527832,1.741880071644264,52.0498161315918
2019-12-05 00:00:00+00:00,0.0629892349243164,29.634685516357422,2.7743488923352,29.578275680541992
2019-12-05 06:00:00+00:00,0.08130019903182983,26.98216438293457,2.9759802406812805,26.892330169677734
2019-12-05 12:00:00+00:00,0.013370633125305176,28.907583236694336,2.6787141407312203,28.905128479003906
2019-12-05 18:00:00+00:00,0.02789360284805298,31.576444625854492,2.9103498790308504,31.56432342529297
2019-12-06 00:00:00+00:00,0.12576961517333984,36.760311126708984,2.431727463157073,36.51025390625
2019-12-06 06:00:00+00:00,0.03298830986022949,51.794883728027344,1.6186837936081702,51.77839660644531
2019-12-06 12:00:00+00:00,0.04287630319595337,31.22194480895996,2.728231021550962,31.194917678833008
2019-12-06 18:00:00+00:00,0.06837105751037598,38.57599639892578,2.309091744935693,38.497032165527344
2019-12-07 00:00:00+00:00,0.02335822582244873,31.931171417236328,2.892597019831062,31.922513961791992
2019-12-07 06:00:00+00:00,0.07826632261276245,41.43045425415039,1.8653055115296333,41.33232498168945
2019-12-07 12:00:00+00:00,0.10183113813400269,31.08582878112793,2.751824380911236,30.929594039916992
2019-12-07 18:00:00+00:00,0.03595125675201416,33.93670654296875,2.8847959376251815,33.915794372558594
2019-12-08 00:00:00+00:00,0.06556600332260132,37.48601150512695,2.3950523578838374,37.41707992553711
2019-12-08 06:00:00+00:00,0.11024165153503418,33.37369918823242,2.4796332902400158,33.18389892578125
2019-12-08 12:00:00+00:00,0.06682103872299194,29.98356056213379,2.7949733782939497,29.919424057006836
2019-12-08 18:00:00+00:00,0.04512292146682739,59.184085845947266,1.6641343093186782,59.148223876953125
2019-12-09 00:00:00+00:00,0.033517539501190186,45.275333404541016,1.8977795013311058,45.25672912597656
2019-12-09 06:00:00+00:00,0.057684242725372314,35.82486343383789,2.220810684740597,35.77413558959961
2019-12-09 12:00:00+00:00,0.06224071979522705,29.369943618774414,2.6169462983062717,29.314029693603516
2019-12-09 18:00:00+00:00,0.04871869087219238,35.06591796875,2.6601938209903513,35.02595901489258
2019-12-10 00:00:00+00:00,0.04155856370925903,34.52785873413086,2.383306468065232,34.50069046020508
2019-12-10 06:00:00+00:00,0.05139082670211792,34.761234283447266,2.6106152700400465,34.71919250488281
2019-12-10 12:00:00+00:00,0.025659263134002686,32.52145767211914,2.8674223603564015,32.51108169555664
2019-12-10 18:00:00+00:00,0.043292224407196045,37.891334533691406,2.7489588774861176,37.85723114013672
2019-12-11 00:00:00+00:00,0.027044475078582764,39.070068359375,2.579809570608173,39.05691146850586
2019-12-11 06:00:00+00:00,0.03994351625442505,39.12995147705078,2.081809686486947,39.10255432128906
2019-12-11 12:00:00+00:00,0.056621253490448,68.82294464111328,1.3238765130202652,68.77059173583984
2019-12-11 18:00:00+00:00,0.023551523685455322,39.505897521972656,2.5827234743682936,39.495304107666016
2019-12-12 00:00:00+00:00,0.010027289390563965,41.41292190551758,2.1978857971686683,41.41103744506836
2019-12-12 06:00:00+00:00,0.00783759355545044,39.07819747924805,2.111530533413819,39.07718276977539
2019-12-12 12:00:00+00:00,0.04150032997131348,39.62468719482422,2.6226829470330526,39.5953483581543
2019-12-12 18:00:00+00:00,0.007020473480224609,46.77571487426758,2.257019982097888,46.77475357055664
2019-12-13 00:00:00+00:00,0.05206954479217529,52.21538162231445,2.2049020642888717,52.16197204589844
2019-12-13 06:00:00+00:00,0.026367545127868652,42.948707580566406,2.381077523722484,42.93686294555664
2019-12-13 12:00:00+00:00,0.024409890174865723,35.421241760253906,2.7263076390427536,35.411598205566406
2019-12-13 18:00:00+00:00,0.04202830791473389,50.03387451171875,2.398398878675552,49.998592376708984
2019-12-14 00:00:00+00:00,0.06501603126525879,88.39525604248047,1.431506923146292,88.30851745605469
2019-12-14 06:00:00+00:00,0.008435368537902832,38.69059371948242,2.3717002349862675,38.68940353393555
2019-12-14 12:00:00+00:00,0.001643538475036621,43.630619049072266,2.04823246301109,43.630577087402344
2019-12-14 18:00:00+00:00,0.04379010200500488,40.90731430053711,2.856047426564062,40.87010955810547
2019-12-15 00:00:00+00:00,0.043170809745788574,63.873207092285156,1.633495865386056,63.837928771972656
2019-12-15 06:00:00+00:00,0.04679286479949951,59.70450973510742,1.6364987003374587,59.66663360595703
2019-12-15 12:00:00+00:00,0.08182954788208008,45.097450256347656,2.408498064876815,44.98440170288086
2019-12-15 18:00:00+00:00,0.09518027305603027,56.6634521484375,2.081748649637685,56.479862213134766
2019-12-16 00:00:00+00:00,0.07635164260864258,139.980224609375,1.2881615607419579,139.8521728515625
2019-12-16 06:00:00+00:00,0.09876549243927002,44.91669845581055,2.6345608682969193,44.733516693115234
2019-12-16 12:00:00+00:00,0.0771033763885498,44.66771697998047,2.377489942641029,44.55881881713867
2019-12-16 18:00:00+00:00,0.09061551094055176,83.45323181152344,1.656188005256443,83.2669677734375
2019-12-17 00:00:00+00:00,0.07548129558563232,48.97518539428711,2.1870853978240246,48.863033294677734
2019-12-17 06:00:00+00:00,0.09405076503753662,42.70948028564453,2.3018839505730355,42.54856491088867
2019-12-17 12:00:00+00:00,0.11557924747467041,48.975502014160156,2.3806499331017292,48.71643829345703
2019-12-17 18:00:00+00:00,0.11906278133392334,59.986534118652344,2.3385454568687805,59.65602493286133
2019-12-18 00:00:00+00:00,0.061254262924194336,48.232303619384766,2.771697127222674,48.15055465698242
2019-12-18 06:00:00+00:00,0.08222734928131104,43.47516632080078,2.4351753267761294,43.34502029418945
2019-12-18 12:00:00+00:00,0.07019925117492676,46.234928131103516,2.3676887391347514,46.13591003417969
2019-12-18 18:00:00+00:00,0.06620490550994873,56.0777702331543,2.402996632174804,55.973419189453125
2019-12-19 00:00:00+00:00,0.02887415885925293,43.31439971923828,2.9440531253635642,43.29679870605469
2019-12-19 06:00:00+00:00,0.04359090328216553,43.91242218017578,2.611094020792417,43.87520980834961
2019-12-19 12:00:00+00:00,0.002691805362701416,42.4722785949707,2.6717966138867526,42.472137451171875
2019-12-19 18:00:00+00:00,0.04068422317504883,55.473670959472656,2.2885874968801265,55.434104919433594
2019-12-20 00:00:00+00:00,0.012801647186279297,49.097434997558594,2.834403938022336,49.093692779541016
2019-12-20 06:00:00+00:00,0.019921064376831055,48.37641906738281,2.355106510800164,48.3681755065918
2019-12-20 12:00:00+00:00,0.013456344604492188,44.69514083862305,2.6599589856168184,44.69148635864258
2019-12-20 18:00:00+00:00,0.008840501308441162,59.450706481933594,2.0274198745623253,59.44887161254883
2019-12-21 00:00:00+00:00,0.0010952949523925781,51.22357177734375,2.429197684164972,51.223541259765625
2019-12-21 06:00:00+00:00,0.02468276023864746,45.748355865478516,2.6261648854780493,45.73575973510742
2019-12-21 12:00:00+00:00,0.012733638286590576,50.468143463134766,2.2170797353593357,50.46476745605469
2019-12-21 18:00:00+00:00,0.003925442695617676,57.652618408203125,2.46855545049508,57.65224075317383
2019-12-22 00:00:00+00:00,0.031205177307128906,58.539459228515625,2.5725805729782456,58.51668167114258
2019-12-22 06:00:00+00:00,0.058382630348205566,71.30397033691406,1.834436206084013,71.23233032226562
2019-12-22 12:00:00+00:00,0.029583096504211426,49.35655212402344,2.4588935732506454,49.338722229003906
2019-12-22 18:00:00+00:00,0.005735337734222412,56.12584686279297,2.5708347738240103,56.12502670288086
2019-12-23 00:00:00+00:00,0.019664883613586426,53.0895881652832,2.4319737622215025,53.08084487915039
2019-12-23 06:00:00+00:00,0.062282681465148926,42.7309684753418,2.8112928637445056,42.651161193847656
2019-12-23 12:00:00+00:00,0.04637753963470459,55.20808792114258,2.3780478609958946,55.15967559814453
2019-12-23 18:00:00+00:00,0.04062539339065552,68.3100814819336,2.526630124986818,68.26323699951172
2019-12-24 00:00:00+00:00,0.0005428791046142578,58.367855072021484,2.337960967232958,58.367855072021484
2019-12-24 06:00:00+00:00,0.021436452865600586,85.13733673095703,1.6144738116153567,85.12626647949219
2019-12-24 12:00:00+00:00,0.017546892166137695,60.909576416015625,2.105484543013072,60.902286529541016
2019-12-24 18:00:00+00:00,0.005579233169555664,60.65337371826172,2.4441800639706055,60.65251159667969
2019-12-25 00:00:00+00:00,0.02758967876434326,56.67378616333008,2.5692496388544903,56.65332794189453
2019-12-25 06:00:00+00:00,0.052863240242004395,52.449703216552734,2.6136086748710112,52.38297653198242
2019-12-25 12:00:00+00:00,0.019310414791107178,49.33113098144531,2.6275391620968698,49.3227653503418
2019-12-25 18:00:00+00:00,0.03670758008956909,62.712467193603516,2.7336558702415776,62.673946380615234
2019-12-26 00:00:00+00:00,0.10370856523513794,83.69335174560547,1.765370013144605,83.3856430053711
2019-12-26 06:00:00+00:00,0.03583115339279175,62.045040130615234,2.0535835485111567,62.014102935791016
2019-12-26 12:00:00+00:00,0.00455927848815918,48.85237121582031,2.8554623688698717,48.85188293457031
2019-12-26 18:00:00+00:00,0.050472140312194824,107.91582489013672,1.6231769096483892,107.84196472167969
2019-12-27 00:00:00+00:00,0.04993516206741333,62.349952697753906,2.615944430482492,62.2783317565918
2019-12-27 06:00:00+00:00,0.06723123788833618,56.93898391723633,2.5638501617172302,56.8232421875
2019-12-27 12:00:00+00:00,0.10708349943161011,67.39481353759766,2.1853249801388146,67.10823822021484
2019-12-27 18:00:00+00:00,0.0440710186958313,71.7057113647461,2.3124930680285045,71.64746856689453
2019-12-28 00:00:00+00:00,0.05476784706115723,64.87753295898438,2.6716421530123378,64.78866577148438
2019-12-28 06:00:00+00:00,0.12229126691818237,120.90906524658203,1.3765114868155477,120.51895904541016
2019-12-28 12:00:00+00:00,0.08285653591156006,90.22650146484375,1.6804380901089193,90.04548645019531
2019-12-28 18:00:00+00:00,0.06893271207809448,70.79517364501953,2.5241549243380748,70.6510009765625
2019-12-29 00:00:00+00:00,0.09325402975082397,69.3050537109375,2.3226438215377914,69.05156707763672
2019-12-29 06:00:00+00:00,0.06321930885314941,71.16351318359375,1.982403169550702,71.05622100830078
2019-12-29 12:00:00+00:00,0.055468738079071045,63.177066802978516,2.243775798609985,63.09708023071289
2019-12-29 18:00:00+00:00,0.0939180850982666,75.78533935546875,2.448017678260695,75.5135726928711
2019-12-30 00:00:00+00:00,0.12807589769363403,131.86917114257812,1.454995324924564,131.3740997314453
2019-12-30 06:00:00+00:00,0.09290140867233276,58.09843063354492,2.857170008503863,57.870033264160156
2019-12-30 12:00:00+00:00,0.10133618116378784,58.35813522338867,2.6177498925700515,58.09499740600586
2019-12-30 18:00:00+00:00,0.0415724515914917,60.532012939453125,2.569735700219071,60.48264694213867
2019-12-31 00:00:00+00:00,0.09126633405685425,56.982688903808594,2.7471432227122357,56.7576904296875
2019-12-31 06:00:00+00:00,0.09496849775314331,57.73140335083008,2.6861873460528307,57.49312210083008
2019-12-31 12:00:00+00:00,0.0905916690826416,60.38737106323242,2.481793834666131,60.171302795410156
2019-12-31 18:00:00+00:00,0.07942628860473633,78.2557601928711,2.2994339211226906,78.06535339355469
