timestamp,global_R2,global_energy,global_entropy,global_variance
2017-01-01 00:00:00+00:00,0.19079357385635376,182.81251525878906,1.3260474409366336,181.59474182128906
2017-01-01 06:00:00+00:00,0.1909160614013672,121.95036315917969,1.7049635825583065,120.95854187011719
2017-01-01 12:00:00+00:00,0.20366531610488892,132.6358642578125,1.320808169036047,131.61903381347656
2017-01-01 18:00:00+00:00,0.2098383903503418,149.0867919921875,1.626624231303191,147.74417114257812
2017-01-02 00:00:00+00:00,0.20920002460479736,173.1785430908203,1.0375410158312817,171.83836364746094
2017-01-02 06:00:00+00:00,0.21262383460998535,127.96797943115234,1.6701469825987765,126.735107421875
2017-01-02 12:00:00+00:00,0.22026711702346802,138.01025390625,1.5090529945515339,136.7875213623047
2017-01-02 18:00:00+00:00,0.23136544227600098,171.6948699951172,1.372684540121202,170.12657165527344
2017-01-03 00:00:00+00:00,0.2286849021911621,250.9381103515625,0.9150349193079368,249.33436584472656
2017-01-03 06:00:00+00:00,0.2575840353965759,147.53353881835938,1.6165551497184323,145.59622192382812
2017-01-03 12:00:00+00:00,0.27125197649002075,167.32711791992188,1.3590568881605245,165.20529174804688
2017-01-03 18:00:00+00:00,0.25155872106552124,130.8806610107422,1.3168947591886035,129.14126586914062
2017-01-04 00:00:00+00:00,0.2702915668487549,234.7324676513672,1.3859409998116192,232.39918518066406
2017-01-04 06:00:00+00:00,0.2546062469482422,132.9046630859375,1.8817192184945535,130.95082092285156
2017-01-04 12:00:00+00:00,0.2482013702392578,135.3263397216797,1.7329023913479051,133.49139404296875
2017-01-04 18:00:00+00:00,0.22623604536056519,131.21458435058594,1.7233081821743323,129.67185974121094
2017-01-05 00:00:00+00:00,0.2402973175048828,148.79330444335938,1.8809065600918178,146.93820190429688
2017-01-05 06:00:00+00:00,0.21463173627853394,119.44444274902344,1.8941792403703381,118.04345703125
2017-01-05 12:00:00+00:00,0.21032190322875977,113.57894134521484,1.8070397133336056,112.25810241699219
2017-01-05 18:00:00+00:00,0.1959972381591797,123.43357849121094,1.743148795282731,122.18836975097656
2017-01-06 00:00:00+00:00,0.17200744152069092,141.4038848876953,1.5616231245410381,140.45692443847656
2017-01-06 06:00:00+00:00,0.20311570167541504,147.40240478515625,1.383014074194787,146.06576538085938
2017-01-06 12:00:00+00:00,0.20877301692962646,125.28203582763672,1.771800847039909,123.89881896972656
2017-01-06 18:00:00+00:00,0.18150347471237183,109.3819580078125,1.7692220580880589,108.33809661865234
2017-01-07 00:00:00+00:00,0.1739993691444397,162.03916931152344,1.3659970029783322,161.0555419921875
2017-01-07 06:00:00+00:00,0.16621220111846924,165.16119384765625,1.3405482375086013,164.30227661132812
2017-01-07 12:00:00+00:00,0.1430947184562683,106.14588928222656,1.6975605848997382,105.56742095947266
2017-01-07 18:00:00+00:00,0.12336474657058716,138.2059783935547,1.49781999829655,137.7208709716797
2017-01-08 00:00:00+00:00,0.10320162773132324,125.36547088623047,1.7277116497504188,125.03118896484375
2017-01-08 06:00:00+00:00,0.16174763441085815,96.05058288574219,1.8174942251504083,95.34785461425781
2017-01-08 12:00:00+00:00,0.1457257866859436,77.23387145996094,2.1897512718685244,76.68824768066406
2017-01-08 18:00:00+00:00,0.14296060800552368,107.8688735961914,1.480021758087088,107.28877258300781
2017-01-09 00:00:00+00:00,0.07739698886871338,74.99105834960938,2.2326183693550954,74.83209228515625
2017-01-09 06:00:00+00:00,0.04060488939285278,88.62921142578125,1.9166056857344982,88.58784484863281
2017-01-09 12:00:00+00:00,0.0173262357711792,105.40479278564453,1.6693117452747863,105.39710998535156
2017-01-09 18:00:00+00:00,0.07597315311431885,141.9412384033203,1.2060649721245862,141.7765350341797
2017-01-10 00:00:00+00:00,0.04388701915740967,168.0600128173828,1.0019087486768599,168.00437927246094
2017-01-10 06:00:00+00:00,0.03555715084075928,68.84866333007812,1.8807397333899891,68.81871032714844
2017-01-10 12:00:00+00:00,0.025573551654815674,60.77365493774414,2.5293816419603914,60.758018493652344
2017-01-10 18:00:00+00:00,0.032076895236968994,69.26419830322266,2.221034489046678,69.2364501953125
2017-01-11 00:00:00+00:00,0.0011420249938964844,62.67786407470703,2.2700429415397827,62.677825927734375
2017-01-11 06:00:00+00:00,0.03631627559661865,72.31561279296875,1.796626742412812,72.28517150878906
2017-01-11 12:00:00+00:00,0.013904094696044922,61.72719955444336,2.2271000150721445,61.722816467285156
2017-01-12 00:00:00+00:00,0.09626281261444092,88.43844604492188,1.9461772410639782,88.18209838867188
2017-01-12 06:00:00+00:00,0.06255459785461426,65.63678741455078,2.0896354769130814,65.54093170166016
2017-01-12 12:00:00+00:00,0.08433878421783447,69.02499389648438,2.2608774589354956,68.861328125
2017-01-12 18:00:00+00:00,0.08990848064422607,88.8227310180664,2.018876133149606,88.60736846923828
2017-01-13 00:00:00+00:00,0.1273198127746582,84.36358642578125,2.154120349312281,83.92645263671875
2017-01-13 06:00:00+00:00,0.11953496932983398,96.39430236816406,1.9277475493107021,96.03251647949219
2017-01-13 12:00:00+00:00,0.1411592960357666,104.29917907714844,1.7164861388391053,103.80968475341797
2017-01-13 18:00:00+00:00,0.10498464107513428,79.9511947631836,2.1719436465176205,79.64685821533203
2017-01-14 00:00:00+00:00,0.11703455448150635,89.32726287841797,1.7110109483720894,88.97919464111328
2017-01-14 06:00:00+00:00,0.16349327564239502,129.5323944091797,1.6405605204575742,128.86070251464844
2017-01-14 12:00:00+00:00,0.11079609394073486,116.24983978271484,1.0433152957285252,115.9687728881836
2017-01-14 18:00:00+00:00,0.1684126853942871,118.74771881103516,1.8630966145615282,117.96204376220703
2017-01-15 00:00:00+00:00,0.16917943954467773,122.65336608886719,1.576752361220473,121.91561889648438
2017-01-15 06:00:00+00:00,0.1806638240814209,100.0154037475586,1.7536114532195397,99.25747680664062
2017-01-15 12:00:00+00:00,0.18331491947174072,115.29285430908203,1.3380797524713859,114.57793426513672
2017-01-15 18:00:00+00:00,0.16811120510101318,107.11852264404297,1.4994343811665078,106.40840148925781
2017-01-16 00:00:00+00:00,0.20804941654205322,116.71401977539062,1.8154184305641097,115.67839813232422
2017-01-16 06:00:00+00:00,0.17138206958770752,182.48858642578125,0.8173284743478245,181.78543090820312
2017-01-16 12:00:00+00:00,0.24121546745300293,163.04673767089844,1.1177088170636742,161.73057556152344
2017-01-16 18:00:00+00:00,0.22529983520507812,130.4108123779297,1.4367415707882114,129.13487243652344
2017-01-17 00:00:00+00:00,0.209264874458313,132.37535095214844,1.5090538764959691,131.39244079589844
2017-01-17 06:00:00+00:00,0.19270646572113037,143.0784149169922,1.4411671216745372,142.19517517089844
2017-01-17 12:00:00+00:00,0.22057604789733887,343.92218017578125,0.4486324149968907,342.70965576171875
2017-01-17 18:00:00+00:00,0.20691120624542236,121.91710662841797,1.5659540711564466,120.86632537841797
2017-01-18 00:00:00+00:00,0.19534754753112793,93.599609375,1.8119787868948036,92.85188293457031
2017-01-18 06:00:00+00:00,0.22961139678955078,98.42974090576172,1.7744889578678595,97.31458282470703
2017-01-18 12:00:00+00:00,0.2507416009902954,121.3123779296875,1.7491383800405556,119.92770385742188
2017-01-19 00:00:00+00:00,0.2869875431060791,134.5657501220703,1.7193087297509118,132.68545532226562
2017-01-19 06:00:00+00:00,0.19427478313446045,80.6127700805664,2.0898575297595086,79.81028747558594
2017-01-19 12:00:00+00:00,0.16867244243621826,246.7356414794922,0.8262290776471185,246.11038208007812
2017-01-19 18:00:00+00:00,0.2226637601852417,119.29914855957031,1.6956225397426852,118.07617950439453
2017-01-20 00:00:00+00:00,0.22276794910430908,101.49837493896484,1.8126695525754764,100.4675521850586
2017-01-20 06:00:00+00:00,0.23206400871276855,83.49586486816406,2.1995541118770525,82.34087371826172
2017-01-20 12:00:00+00:00,0.22243237495422363,83.3656997680664,1.97637732016903,82.33515930175781
2017-01-20 18:00:00+00:00,0.16818881034851074,64.60550689697266,2.3915850503331995,63.98664855957031
2017-01-21 00:00:00+00:00,0.12023007869720459,550.3218383789062,0.6415485635905283,549.9514770507812
2017-01-21 06:00:00+00:00,0.18376660346984863,61.680110931396484,2.079345029071713,61.03768539428711
2017-01-21 12:00:00+00:00,0.20154941082000732,77.5051040649414,1.7889536840182934,76.68732452392578
2017-01-21 18:00:00+00:00,0.15756738185882568,120.69538116455078,1.9397232434223215,120.10765075683594
2017-01-22 00:00:00+00:00,0.13314902782440186,58.33864974975586,2.2943508359925455,57.9864616394043
2017-01-22 06:00:00+00:00,0.14487552642822266,85.81941986083984,2.0450320842429894,85.38032531738281
2017-01-22 12:00:00+00:00,0.12196314334869385,68.62491607666016,2.1650592954372705,68.36743927001953
2017-01-22 18:00:00+00:00,0.08539736270904541,191.78662109375,0.9196308298438789,191.63755798339844
2017-01-23 00:00:00+00:00,0.12695574760437012,97.78396606445312,1.6173023810080944,97.47002410888672
2017-01-23 06:00:00+00:00,0.21173954010009766,139.7864227294922,1.1103524257777844,138.9865264892578
2017-01-23 12:00:00+00:00,0.15680348873138428,90.9771957397461,1.5055091621462884,90.6052474975586
2017-01-23 18:00:00+00:00,0.17949295043945312,118.84322357177734,1.4969013493112027,118.16199493408203
2017-01-24 00:00:00+00:00,0.1393519639968872,96.98307800292969,1.5261443980113765,96.66144561767578
2017-01-24 06:00:00+00:00,0.09152412414550781,81.37516021728516,1.6343615773097913,81.2316665649414
2017-01-24 12:00:00+00:00,0.12170207500457764,56.67461013793945,1.893820430401253,56.461669921875
2017-01-24 18:00:00+00:00,0.11587679386138916,79.64875030517578,1.5751213260002412,79.41299438476562
2017-01-25 00:00:00+00:00,0.06573057174682617,66.52887725830078,1.725288888167914,66.46244049072266
2017-01-25 06:00:00+00:00,0.05347156524658203,560.3446655273438,0.3011623772890299,560.2861328125
2017-01-25 12:00:00+00:00,0.08498668670654297,59.9754524230957,1.8520667897814889,59.86408615112305
2017-01-26 00:00:00+00:00,0.04909592866897583,76.05795288085938,1.492224641530317,76.01520538330078
2017-01-26 06:00:00+00:00,0.09863519668579102,100.3636703491211,1.2314912248928196,100.17179870605469
2017-01-26 12:00:00+00:00,0.11370766162872314,54.53131103515625,2.0278671112905307,54.30866241455078
2017-01-26 18:00:00+00:00,0.10592478513717651,68.81702423095703,1.5470390714124527,68.60037994384766
2017-01-27 00:00:00+00:00,0.16039538383483887,68.06993103027344,1.7953199563874498,67.55013275146484
2017-01-27 06:00:00+00:00,0.2120380997657776,72.89076232910156,1.8141605908660852,72.01705932617188
2017-01-27 12:00:00+00:00,0.19305217266082764,66.0242691040039,1.7903693190541936,65.36104583740234
2017-01-27 18:00:00+00:00,0.16145581007003784,90.66917419433594,1.1312991218515178,90.11851501464844
2017-01-28 00:00:00+00:00,0.19750916957855225,81.13378143310547,1.4792412658874934,80.38416290283203
2017-01-28 06:00:00+00:00,0.22751253843307495,89.43743133544922,1.6483859979418476,88.47348022460938
2017-01-28 12:00:00+00:00,0.24313688278198242,68.52737426757812,1.755951821616259,67.57501983642578
2017-01-28 18:00:00+00:00,0.23377853631973267,105.41973876953125,1.5853130041785926,104.27226257324219
2017-01-29 00:00:00+00:00,0.2558915615081787,80.44783020019531,1.7009349464109713,79.24736785888672
2017-01-29 06:00:00+00:00,0.3215685486793518,209.7656707763672,0.8346479905051885,207.6748504638672
2017-01-29 12:00:00+00:00,0.2717985510826111,77.8704833984375,1.6897794675618671,76.71528625488281
2017-01-29 18:00:00+00:00,0.26514720916748047,96.75132751464844,1.467453952447043,95.28414154052734
2017-01-30 00:00:00+00:00,0.3125636577606201,119.09615325927734,1.4382155790750433,117.29425811767578
2017-01-30 06:00:00+00:00,0.2947274446487427,121.55535888671875,1.2510572602948113,119.72958374023438
2017-01-30 12:00:00+00:00,0.3297460675239563,144.1016082763672,1.020566072301483,142.0260467529297
2017-01-30 18:00:00+00:00,0.3056080937385559,114.9556655883789,1.4336190329127743,113.00865173339844
2017-01-31 00:00:00+00:00,0.2996252775192261,106.9122314453125,1.2220393870649657,105.28094482421875
2017-01-31 06:00:00+00:00,0.3350774049758911,110.40260314941406,1.4955071223665115,108.08235168457031
2017-01-31 12:00:00+00:00,0.32802486419677734,161.0851287841797,1.0679722549123416,158.85325622558594
2017-01-31 18:00:00+00:00,0.3110318183898926,96.36238861083984,1.7849306979128539,94.33895111083984
2017-02-01 00:00:00+00:00,0.3317708373069763,173.4071044921875,0.7867100411652501,171.27685546875
2017-02-01 06:00:00+00:00,0.2993417978286743,70.9524154663086,1.884614993513183,69.27786254882812
2017-02-01 12:00:00+00:00,0.30871057510375977,90.05422973632812,1.3485454864068531,88.27921295166016
2017-02-01 18:00:00+00:00,0.24610936641693115,73.86237335205078,1.5466121295074964,72.68748474121094
2017-02-02 00:00:00+00:00,0.28475427627563477,57.29807662963867,2.294249784574942,55.89492416381836
2017-02-02 06:00:00+00:00,0.2808634042739868,86.10784912109375,1.2644757377462463,84.64904022216797
2017-02-02 12:00:00+00:00,0.27488601207733154,54.276268005371094,2.2329017718290967,52.99980163574219
2017-02-02 18:00:00+00:00,0.2772027254104614,56.110591888427734,2.0618811122172787,54.68235778808594
2017-02-03 00:00:00+00:00,0.27695679664611816,58.181095123291016,1.6767956584458377,56.91670608520508
2017-02-03 06:00:00+00:00,0.24761730432510376,46.22966766357422,1.8616187723109585,45.217994689941406
2017-02-03 12:00:00+00:00,0.24405044317245483,39.666324615478516,2.2416868789276516,38.7830924987793
2017-02-03 18:00:00+00:00,0.1962805986404419,66.8585205078125,1.5457096075673653,66.16343688964844
2017-02-04 00:00:00+00:00,0.2242642641067505,40.29221725463867,1.9663916212318076,39.573307037353516
2017-02-04 06:00:00+00:00,0.16846376657485962,51.10772705078125,1.6311718646012898,50.670406341552734
2017-02-04 12:00:00+00:00,0.19377583265304565,69.47098541259766,1.1966597330035036,68.9094467163086
2017-02-04 18:00:00+00:00,0.18170994520187378,43.87389373779297,2.2231811001431963,43.351409912109375
2017-02-05 00:00:00+00:00,0.1671220064163208,46.70701599121094,1.5570133387473908,46.32865524291992
2017-02-05 06:00:00+00:00,0.1523303985595703,41.93229293823242,1.9789127096204366,41.583919525146484
2017-02-05 12:00:00+00:00,0.1416642665863037,40.45337677001953,2.1153715405745195,40.17069625854492
2017-02-05 18:00:00+00:00,0.08475637435913086,46.10302734375,1.9151206102595197,45.99292755126953
2017-02-06 00:00:00+00:00,0.17863821983337402,49.19386672973633,1.5580207469093685,48.775291442871094
2017-02-06 06:00:00+00:00,0.19739001989364624,44.7022819519043,2.3251970687304104,44.08491134643555
2017-02-06 12:00:00+00:00,0.16956526041030884,44.51969909667969,1.9790357365355558,44.11097717285156
2017-02-06 18:00:00+00:00,0.18163537979125977,39.5742301940918,1.9000613305633156,39.09791564941406
2017-02-08 00:00:00+00:00,0.09241008758544922,29.468467712402344,2.2265531786929627,29.365249633789062
2017-02-08 06:00:00+00:00,0.1607404351234436,85.21183013916016,1.266302737391752,84.79380798339844
2017-02-08 12:00:00+00:00,0.12429249286651611,33.484291076660156,2.182189168984053,33.27457809448242
2017-02-08 18:00:00+00:00,0.03144305944442749,55.90105056762695,1.4138211382930792,55.886390686035156
2017-02-09 00:00:00+00:00,0.07279866933822632,35.228065490722656,1.987037543560859,35.15852737426758
2017-02-09 06:00:00+00:00,0.07786446809768677,105.5545425415039,1.0199002721434016,105.45651245117188
2017-02-09 12:00:00+00:00,0.020945191383361816,61.953392028808594,1.2482332789309623,61.947269439697266
2017-02-09 18:00:00+00:00,0.0733029842376709,36.41758728027344,2.3941876518741245,36.3398323059082
2017-02-10 00:00:00+00:00,0.050352513790130615,48.12854766845703,1.3462149419406129,48.09522247314453
2017-02-10 06:00:00+00:00,0.12206196784973145,101.8318862915039,0.7969135246553922,101.59651947021484
2017-02-10 12:00:00+00:00,0.05574721097946167,195.2786102294922,0.8139328154516517,195.2307891845703
2017-02-10 18:00:00+00:00,0.004778742790222168,33.030006408691406,2.5455404289707033,33.029666900634766
2017-02-11 00:00:00+00:00,0.00606536865234375,43.70799255371094,1.728748618588769,43.70747756958008
2017-02-11 06:00:00+00:00,0.03365778923034668,43.854034423828125,2.0968132344371684,43.83589172363281
2017-02-11 12:00:00+00:00,0.004686415195465088,49.108482360839844,1.6941224257370355,49.10816192626953
2017-02-11 18:00:00+00:00,0.007724881172180176,41.126487731933594,2.2240853927961832,41.12553787231445
2017-02-12 00:00:00+00:00,0.038385748863220215,41.669490814208984,2.0266069501087514,41.64857864379883
2017-02-12 06:00:00+00:00,0.051225900650024414,44.571205139160156,2.2713278627184654,44.52761459350586
2017-02-12 12:00:00+00:00,0.007701754570007324,33.897727966308594,2.2505849354364544,33.89693832397461
2017-02-12 18:00:00+00:00,0.0606691837310791,67.69635772705078,1.5671901748517996,67.63713073730469
2017-02-13 00:00:00+00:00,0.10327327251434326,54.7420654296875,1.8479319234620901,54.590457916259766
2017-02-13 06:00:00+00:00,0.10244715213775635,66.3857192993164,1.812519973981332,66.20795440673828
2017-02-13 12:00:00+00:00,0.06342613697052002,45.47262191772461,1.980203768670577,45.41443634033203
2017-02-13 18:00:00+00:00,0.14619624614715576,56.772274017333984,1.8271694177321163,56.45523452758789
2017-02-14 00:00:00+00:00,0.0824965238571167,39.453067779541016,2.1099449493395595,39.36869430541992
2017-02-14 06:00:00+00:00,0.10687625408172607,59.564720153808594,1.9343054829149513,59.38145446777344
2017-02-14 12:00:00+00:00,0.11794638633728027,87.19728088378906,1.0034974485394068,86.99620819091797
2017-02-15 00:00:00+00:00,0.1297316551208496,61.29148483276367,1.3886397617608919,61.079647064208984
2017-02-15 06:00:00+00:00,0.11706006526947021,74.83304595947266,1.5278727264642575,74.61550903320312
2017-02-15 12:00:00+00:00,0.136421799659729,55.57914352416992,1.7943178977590972,55.315643310546875
2017-02-15 18:00:00+00:00,0.10692489147186279,48.72349166870117,1.693369858875326,48.56044387817383
2017-02-16 00:00:00+00:00,0.16397786140441895,61.05730056762695,1.5936924500487195,60.66078567504883
2017-02-16 06:00:00+00:00,0.16099762916564941,78.15863037109375,1.8534916552978133,77.67874145507812
2017-02-16 12:00:00+00:00,0.1824876070022583,71.58417510986328,1.3368227106710693,71.03700256347656
2017-02-16 18:00:00+00:00,0.1973479986190796,54.020668029785156,2.101708001909111,53.382423400878906
2017-02-17 00:00:00+00:00,0.13537073135375977,111.00247192382812,1.1027065749813008,110.67704010009766
2017-02-17 06:00:00+00:00,0.20779430866241455,55.63823318481445,2.386500778093864,54.86473083496094
2017-02-17 12:00:00+00:00,0.201119065284729,55.717323303222656,2.1599044224884807,55.02537536621094
2017-02-17 18:00:00+00:00,0.22188329696655273,55.52568054199219,2.3334001559901214,54.6739616394043
2017-02-18 00:00:00+00:00,0.23871338367462158,55.82789993286133,2.2429566639030654,54.82780075073242
2017-02-18 06:00:00+00:00,0.18663203716278076,62.860713958740234,2.187829932830194,62.21244430541992
2017-02-18 12:00:00+00:00,0.18396329879760742,54.44466018676758,2.0197974918958814,53.89665603637695
2017-02-18 18:00:00+00:00,0.15980982780456543,49.85533142089844,2.1249597460555547,49.445770263671875
2017-02-19 00:00:00+00:00,0.23440659046173096,71.52808380126953,1.66059248482197,70.65741729736328
2017-02-19 06:00:00+00:00,0.26899755001068115,436.6080322265625,0.40520463830636616,435.2449951171875
2017-02-19 12:00:00+00:00,0.23632705211639404,79.81336212158203,1.7567957094338928,78.97579193115234
2017-02-19 18:00:00+00:00,0.23427629470825195,81.97050476074219,1.7615202557243792,80.98477935791016
2017-02-20 00:00:00+00:00,0.23058664798736572,80.2701187133789,1.8596448103003016,79.42382049560547
2017-02-20 06:00:00+00:00,0.2016305923461914,70.88020324707031,1.5925035893418462,70.2190933227539
2017-02-20 12:00:00+00:00,0.23607468605041504,84.11676788330078,1.5671649860023567,83.24443054199219
2017-02-20 18:00:00+00:00,0.23628640174865723,142.59010314941406,1.2125497356097876,141.60244750976562
2017-02-21 00:00:00+00:00,0.19223642349243164,69.37841033935547,1.7394909969214651,68.84496307373047
2017-02-21 06:00:00+00:00,0.16993844509124756,84.28722381591797,1.4168978569974895,83.8155517578125
2017-02-21 12:00:00+00:00,0.19734549522399902,106.35291290283203,1.3041701388459632,105.75810241699219
2017-02-21 18:00:00+00:00,0.173475980758667,95.20364379882812,1.5173871306283986,94.71900939941406
2017-02-22 00:00:00+00:00,0.16750574111938477,55.19819259643555,1.7289361755976655,54.796897888183594
2017-02-22 06:00:00+00:00,0.16165030002593994,73.67923736572266,1.6313971818119646,73.24112701416016
2017-02-22 12:00:00+00:00,0.1737217903137207,55.08781051635742,2.0684656336301748,54.629913330078125
2017-02-22 18:00:00+00:00,0.07909035682678223,54.998538970947266,2.0721306595415427,54.89414596557617
2017-02-23 00:00:00+00:00,0.026171445846557617,46.48555374145508,1.8573845349654416,46.475643157958984
2017-02-23 06:00:00+00:00,0.0032684803009033203,43.35459899902344,2.034225130937321,43.354434967041016
2017-02-23 12:00:00+00:00,0.031103849411010742,42.18069076538086,2.0899997056945856,42.16638946533203
2017-02-23 18:00:00+00:00,0.07664757966995239,47.262996673583984,2.043994387036178,47.16604232788086
2017-02-24 00:00:00+00:00,0.14690858125686646,108.14378356933594,1.0081726105425084,107.78998565673828
2017-02-24 06:00:00+00:00,0.14290428161621094,46.88917922973633,2.4178882282523193,46.564666748046875
2017-02-24 12:00:00+00:00,0.17611265182495117,46.69478225708008,2.1288646250284162,46.244537353515625
2017-02-24 18:00:00+00:00,0.17036175727844238,46.52773666381836,1.8957284049450611,46.07268142700195
2017-02-25 00:00:00+00:00,0.2462216019630432,56.49150085449219,2.1141876119678944,55.603248596191406
2017-02-25 06:00:00+00:00,0.24566346406936646,71.44501495361328,1.8671372707307923,70.43963623046875
2017-02-25 12:00:00+00:00,0.29117798805236816,50.26039123535156,2.086470383078935,49.17062759399414
2017-02-25 18:00:00+00:00,0.29146093130111694,56.367820739746094,2.0592159133276478,55.028961181640625
2017-02-26 00:00:00+00:00,0.3134157061576843,82.99727630615234,1.4469753139812043,81.42019653320312
2017-02-26 06:00:00+00:00,0.3162091374397278,115.72981262207031,1.2243361084829916,113.86717987060547
2017-02-26 12:00:00+00:00,0.30810314416885376,61.71052551269531,1.6951398429922628,60.35833740234375
2017-02-26 18:00:00+00:00,0.30768704414367676,83.72576141357422,1.7700815973319945,82.12039184570312
2017-02-27 00:00:00+00:00,0.334425687789917,56.5897102355957,1.6229438367289495,54.95250701904297
2017-02-27 06:00:00+00:00,0.31607121229171753,73.1288833618164,1.8923600836296637,71.35037994384766
2017-02-27 12:00:00+00:00,0.3523178696632385,93.0273666381836,1.6245863748003795,90.99857330322266
2017-02-27 18:00:00+00:00,0.33455270528793335,78.32423400878906,1.5819531759706391,76.40243530273438
2017-02-28 00:00:00+00:00,0.3168291449546814,59.86301803588867,2.0872641932107197,58.28472900390625
2017-02-28 06:00:00+00:00,0.3335343599319458,88.94780731201172,1.5179476585429375,86.89307403564453
2017-02-28 12:00:00+00:00,0.3350670337677002,73.95263671875,1.5909553615527718,72.13075256347656
2017-02-28 18:00:00+00:00,0.3265727162361145,88.37061309814453,1.419923029055339,86.36905670166016
2017-03-01 00:00:00+00:00,0.3311556577682495,73.34669494628906,1.6900590051255437,71.44960021972656
2017-03-01 06:00:00+00:00,0.35754913091659546,81.83283996582031,1.820586753300076,79.29346466064453
2017-03-01 12:00:00+00:00,0.32397329807281494,84.47703552246094,1.4401698320061258,82.53231811523438
2017-03-01 18:00:00+00:00,0.2941659092903137,49.18842697143555,2.409813963293859,47.66717529296875
2017-03-02 00:00:00+00:00,0.2879963517189026,51.17242431640625,2.181339466984483,49.80622482299805
2017-03-02 06:00:00+00:00,0.26503050327301025,67.37144470214844,1.4840238625271756,66.129150390625
2017-03-02 12:00:00+00:00,0.2910783886909485,52.788909912109375,2.147834384578641,51.43984603881836
2017-03-02 18:00:00+00:00,0.286925733089447,49.564517974853516,1.8883733804236082,48.20063018798828
2017-03-03 00:00:00+00:00,0.29511600732803345,38.19662857055664,2.5218650069859305,36.968238830566406
2017-03-03 06:00:00+00:00,0.3140609860420227,101.7441177368164,1.2956779719828908,100.08843231201172
2017-03-03 12:00:00+00:00,0.3117855191230774,35.991416931152344,2.8283059051891843,34.53764343261719
2017-03-03 18:00:00+00:00,0.29932355880737305,39.31043243408203,2.254526276686385,37.89564514160156
2017-03-04 00:00:00+00:00,0.2719630002975464,32.552528381347656,2.833241631698481,31.55767822265625
2017-03-04 06:00:00+00:00,0.2976920008659363,46.55677032470703,2.3436856312705006,45.11946487426758
2017-03-04 12:00:00+00:00,0.2729032039642334,31.935813903808594,2.8177200716428272,30.88539695739746
2017-03-04 18:00:00+00:00,0.302290141582489,35.35213851928711,2.2911960291258837,34.003448486328125
2017-03-05 00:00:00+00:00,0.27431315183639526,37.29924011230469,2.457355805320148,36.227943420410156
2017-03-05 06:00:00+00:00,0.24427008628845215,38.41775894165039,2.512075833436966,37.49126052856445
2017-03-05 12:00:00+00:00,0.22878515720367432,45.528961181640625,1.814199075444874,44.75979995727539
2017-03-05 18:00:00+00:00,0.2755584716796875,35.57020568847656,2.6372123242089445,34.446075439453125
2017-03-06 00:00:00+00:00,0.2727293372154236,32.333187103271484,2.5946674393732754,31.37110137939453
2017-03-06 06:00:00+00:00,0.26904571056365967,47.106624603271484,2.3923391538406586,45.933223724365234
2017-03-06 12:00:00+00:00,0.28837674856185913,50.594486236572266,1.944363006838826,49.296669006347656
2017-03-06 18:00:00+00:00,0.30434226989746094,41.11199188232422,2.5750898231265484,39.75524139404297
2017-03-07 00:00:00+00:00,0.23846948146820068,37.158992767333984,2.540570941951276,36.33527374267578
2017-03-07 06:00:00+00:00,0.24716788530349731,35.95480728149414,2.8128263804465305,35.00634765625
2017-03-07 12:00:00+00:00,0.19910717010498047,29.889339447021484,2.970736865978941,29.333585739135742
2017-03-07 18:00:00+00:00,0.21642804145812988,40.28392791748047,1.9283134579963894,39.61222457885742
2017-03-08 00:00:00+00:00,0.21175628900527954,45.67262268066406,1.6144922748329233,45.07362747192383
2017-03-08 06:00:00+00:00,0.12551510334014893,38.944644927978516,2.3180031128659455,38.690185546875
2017-03-08 12:00:00+00:00,0.1746181845664978,40.13926315307617,2.2792817516125465,39.67624282836914
2017-03-08 18:00:00+00:00,0.15859180688858032,46.833518981933594,1.919759331308334,46.436256408691406
2017-03-09 00:00:00+00:00,0.17387408018112183,39.53567123413086,1.8113730762824396,39.12373733520508
2017-03-09 06:00:00+00:00,0.17007392644882202,53.924476623535156,1.7947541793527182,53.40616989135742
2017-03-09 12:00:00+00:00,0.12615805864334106,36.369468688964844,2.4404939274189617,36.13079071044922
2017-03-09 18:00:00+00:00,0.10806393623352051,37.083396911621094,2.4943322011834947,36.9030647277832
2017-03-10 00:00:00+00:00,0.1144951581954956,38.90184783935547,2.381049140338203,38.704193115234375
2017-03-10 06:00:00+00:00,0.08590483665466309,50.07230758666992,2.4473481209249415,49.93327713012695
2017-03-10 12:00:00+00:00,0.05980491638183594,43.95079803466797,2.2392221221062396,43.89118957519531
2017-03-10 18:00:00+00:00,0.062367379665374756,53.945804595947266,1.844197040135492,53.87553787231445
2017-03-11 00:00:00+00:00,0.028840839862823486,44.030738830566406,2.1665177828060247,44.017032623291016
2017-03-11 06:00:00+00:00,0.06321239471435547,67.17669677734375,1.656260074316127,67.0954360961914
2017-03-11 12:00:00+00:00,0.0436396598815918,66.42346954345703,1.5967274323260516,66.38860321044922
2017-03-11 18:00:00+00:00,0.031095147132873535,47.009063720703125,2.2553212402286427,46.9919548034668
2017-03-12 00:00:00+00:00,0.01989680528640747,40.3770751953125,2.3409520219910065,40.37062072753906
2017-03-12 06:00:00+00:00,0.03671741485595703,57.86491775512695,1.8645786190404576,57.83973693847656
2017-03-12 12:00:00+00:00,0.01967763900756836,42.74797058105469,2.2759185440443033,42.74138641357422
2017-03-12 18:00:00+00:00,0.017612338066101074,47.6938362121582,2.0519106306538686,47.688232421875
2017-03-13 00:00:00+00:00,0.07324230670928955,40.51515579223633,2.5557212748701663,40.428810119628906
2017-03-13 06:00:00+00:00,0.027573108673095703,37.20330047607422,2.455064405180661,37.190616607666016
2017-03-13 12:00:00+00:00,0.024750351905822754,40.995079040527344,2.82766767301976,40.984092712402344
2017-03-13 18:00:00+00:00,0.02961432933807373,39.77254104614258,2.66493926131972,39.75720977783203
2017-03-14 00:00:00+00:00,0.026752173900604248,31.58206558227539,2.608346123173634,31.571115493774414
2017-03-14 06:00:00+00:00,0.04401755332946777,79.46260070800781,1.5036223222954697,79.42644500732422
2017-03-14 12:00:00+00:00,0.0018671751022338867,65.7767562866211,1.4132806343927375,65.7767105102539
2017-03-14 18:00:00+00:00,0.014333248138427734,37.248722076416016,2.8663008460301955,37.24513626098633
2017-03-15 00:00:00+00:00,0.02514714002609253,37.630489349365234,2.2123712935865987,37.62092590332031
2017-03-15 06:00:00+00:00,0.0026177167892456055,31.443069458007812,2.433911139016218,31.442974090576172
2017-03-15 12:00:00+00:00,0.11398494243621826,38.50966262817383,2.366689075688478,38.316104888916016
2017-03-15 18:00:00+00:00,0.10651957988739014,74.09955596923828,1.5964050709307083,73.899169921875
2017-03-16 00:00:00+00:00,0.0645451545715332,54.445674896240234,1.6480036299730494,54.377777099609375
2017-03-16 06:00:00+00:00,0.11116111278533936,38.1540412902832,2.6428251866923596,37.961326599121094
2017-03-16 12:00:00+00:00,0.1656177043914795,48.89795684814453,2.2787552746484314,48.47028732299805
2017-03-16 18:00:00+00:00,0.11970210075378418,43.492027282714844,2.568718751776514,43.254295349121094
2017-03-17 00:00:00+00:00,0.16072499752044678,59.38111114501953,1.5756807346762898,59.02263641357422
2017-03-17 06:00:00+00:00,0.18128323554992676,50.071571350097656,1.9611171233270366,49.59751510620117
2017-03-17 12:00:00+00:00,0.21637797355651855,49.72576904296875,1.830033052719863,49.11946105957031
2017-03-17 18:00:00+00:00,0.21944856643676758,90.2103042602539,1.3341787983781974,89.40570068359375
2017-03-18 00:00:00+00:00,0.18752264976501465,61.50844192504883,1.7530662779613864,61.011863708496094
2017-03-18 06:00:00+00:00,0.19866180419921875,81.7466812133789,1.4679273350422362,81.10237121582031
2017-03-18 12:00:00+00:00,0.2433854341506958,80.9909439086914,1.3908712950524915,80.18690490722656
2017-03-18 18:00:00+00:00,0.27404284477233887,78.02722930908203,1.7123434186517323,76.95122528076172
2017-03-19 00:00:00+00:00,0.22366249561309814,49.45804977416992,1.8068874501045844,48.87914276123047
2017-03-19 06:00:00+00:00,0.27116477489471436,93.05658721923828,1.3617726097854195,91.933837890625
2017-03-19 12:00:00+00:00,0.28021860122680664,60.36205291748047,1.704390824016976,59.47781753540039
2017-03-19 18:00:00+00:00,0.24345886707305908,71.92361450195312,1.7175810210930609,71.1427230834961
2017-03-20 00:00:00+00:00,0.25110721588134766,75.02088165283203,1.5161550910021582,74.17816925048828
2017-03-20 06:00:00+00:00,0.269264817237854,77.60928344726562,1.3892384554797788,76.54771423339844
2017-03-20 12:00:00+00:00,0.3101896047592163,89.37397766113281,1.2985909874993993,88.0677490234375
2017-03-20 18:00:00+00:00,0.29605042934417725,75.40497589111328,1.4301162706776371,74.21092987060547
2017-03-21 00:00:00+00:00,0.26772189140319824,70.2163314819336,1.61017756426791,69.25756072998047
2017-03-21 06:00:00+00:00,0.1962125301361084,54.916011810302734,1.8592365592209243,54.354705810546875
2017-03-21 12:00:00+00:00,0.17138981819152832,72.34234619140625,1.5227800480190972,71.87677001953125
2017-03-21 18:00:00+00:00,0.13603222370147705,80.66541290283203,1.5894780227734993,80.34310150146484
2017-03-22 00:00:00+00:00,0.08278489112854004,74.60246276855469,1.516735275096094,74.48816680908203
2017-03-22 06:00:00+00:00,0.03963279724121094,66.39640045166016,1.8532502008342007,66.36924743652344
2017-03-22 12:00:00+00:00,0.05282950401306152,71.96812438964844,1.5900248351652804,71.92235565185547
2017-03-22 18:00:00+00:00,0.03398144245147705,82.98844909667969,1.6290678430120413,82.96766662597656
2017-03-23 00:00:00+00:00,0.0649573802947998,64.30836486816406,1.8782995004174186,64.2377700805664
2017-03-23 06:00:00+00:00,0.11176788806915283,80.77137756347656,1.6803825586582182,80.55897521972656
2017-03-23 12:00:00+00:00,0.1341639757156372,74.73756408691406,1.561551870567929,74.4609146118164
2017-03-23 18:00:00+00:00,0.17104655504226685,83.90079498291016,1.6491159571629666,83.38782501220703
2017-03-24 00:00:00+00:00,0.2830347418785095,108.09852600097656,1.2701345612803365,106.84259033203125
2017-03-24 06:00:00+00:00,0.2965373992919922,137.649169921875,1.3294055778670304,136.0723114013672
2017-03-24 12:00:00+00:00,0.34499871730804443,108.44824981689453,1.5681959649801673,106.7795639038086
2017-03-24 18:00:00+00:00,0.35258305072784424,149.2425537109375,1.0252071032752685,147.01304626464844
2017-03-25 00:00:00+00:00,0.3740367889404297,109.954345703125,1.4911476736858105,107.84077453613281
2017-03-25 06:00:00+00:00,0.4135162830352783,137.32415771484375,1.7501215566302364,134.11129760742188
2017-03-25 12:00:00+00:00,0.391282320022583,94.6246109008789,1.585699285319429,92.39092254638672
2017-03-25 18:00:00+00:00,0.3855211138725281,78.82804870605469,1.5362079231878027,76.58863067626953
2017-03-26 00:00:00+00:00,0.3816719651222229,100.41854095458984,1.3076565020947706,98.20186614990234
2017-03-26 06:00:00+00:00,0.34021884202957153,70.27194213867188,1.9676203675525483,68.30484008789062
2017-03-26 12:00:00+00:00,0.34475404024124146,132.5221710205078,1.095462279643195,130.53025817871094
2017-03-26 18:00:00+00:00,0.345706045627594,88.8880386352539,1.1252339479817879,86.87008666992188
2017-03-27 00:00:00+00:00,0.379446804523468,84.52217102050781,1.4754065298765136,82.22736358642578
2017-03-27 06:00:00+00:00,0.3119497299194336,64.36145782470703,1.8533837731775331,62.63440704345703
2017-03-27 12:00:00+00:00,0.3188050389289856,55.832767486572266,2.284852866152522,54.17856216430664
2017-03-27 18:00:00+00:00,0.27550292015075684,171.22039794921875,0.6366885616155761,169.8179931640625
2017-03-28 00:00:00+00:00,0.3001136779785156,57.68080139160156,1.975297115968935,56.174644470214844
2017-03-28 06:00:00+00:00,0.2596933841705322,53.80236053466797,2.2586353845055767,52.604949951171875
2017-03-28 12:00:00+00:00,0.2748435139656067,79.96409606933594,1.4399596646060735,78.6700210571289
2017-03-28 18:00:00+00:00,0.2606743574142456,59.153987884521484,1.5619392390300093,57.96105194091797
2017-03-29 00:00:00+00:00,0.26930010318756104,55.13140106201172,1.6097642308381575,53.998531341552734
2017-03-29 06:00:00+00:00,0.34034109115600586,426.4053039550781,0.6026957626825055,424.0691223144531
2017-03-29 12:00:00+00:00,0.21335148811340332,66.37897491455078,1.3010023427120472,65.68254089355469
2017-03-29 18:00:00+00:00,0.255803644657135,333.8746032714844,0.4931756340432983,332.69500732421875
2017-03-30 00:00:00+00:00,0.15285128355026245,110.70310974121094,0.8340087712707157,110.35637664794922
2017-03-30 06:00:00+00:00,0.21113014221191406,193.6944580078125,0.8157696042786726,192.9971923828125
2017-03-30 12:00:00+00:00,0.20465922355651855,119.39449310302734,1.0410347235141373,118.77912139892578
2017-03-30 18:00:00+00:00,0.20146292448043823,79.62532806396484,1.1746462070823436,78.97200012207031
2017-03-31 00:00:00+00:00,0.14732897281646729,57.97746658325195,1.4889137042989349,57.65446853637695
2017-03-31 06:00:00+00:00,0.1754661202430725,51.650428771972656,2.105031275900206,51.13423156738281
2017-03-31 12:00:00+00:00,0.22867625951766968,51.254390716552734,1.8424932856815437,50.44169235229492
2017-03-31 18:00:00+00:00,0.22688019275665283,51.94965744018555,2.271615551158331,51.05079650878906
2017-04-01 00:00:00+00:00,0.21092969179153442,39.408180236816406,2.3496517965449177,38.73491668701172
2017-04-01 06:00:00+00:00,0.2246307134628296,51.18218994140625,2.0662129125153603,50.32805633544922
2017-04-01 12:00:00+00:00,0.16606467962265015,68.88888549804688,1.1266452723066116,68.45252227783203
2017-04-01 18:00:00+00:00,0.20218616724014282,45.970157623291016,2.115023803911803,45.289398193359375
2017-04-02 00:00:00+00:00,0.22860771417617798,40.19569778442383,2.4467741375090544,39.42313003540039
2017-04-02 06:00:00+00:00,0.1867578625679016,274.59234619140625,0.24599953887282291,273.94122314453125
2017-04-02 12:00:00+00:00,0.1539878249168396,78.24894714355469,1.1020701435218734,77.86448669433594
2017-04-02 18:00:00+00:00,0.17880243062973022,55.8419189453125,1.5924411676146761,55.28050994873047
2017-04-03 00:00:00+00:00,0.17925578355789185,98.7951889038086,0.9136765752136221,98.29771423339844
2017-04-03 06:00:00+00:00,0.17569971084594727,40.27812576293945,2.288948984572153,39.775535583496094
2017-04-03 12:00:00+00:00,0.19765132665634155,40.0002326965332,2.2122275336995596,39.38844680786133
2017-04-03 18:00:00+00:00,0.1723262071609497,83.9930648803711,1.0438862773107824,83.48509979248047
2017-04-04 00:00:00+00:00,0.15661311149597168,154.13868713378906,0.6819474501357903,153.74562072753906
2017-04-04 06:00:00+00:00,0.16388380527496338,41.1778678894043,2.326218602990741,40.74045181274414
2017-04-04 12:00:00+00:00,0.10458016395568848,106.21673583984375,0.9034235807820333,106.03491973876953
2017-04-04 18:00:00+00:00,0.11933112144470215,47.718994140625,1.960169569369286,47.48275375366211
2017-04-05 00:00:00+00:00,0.12922853231430054,35.1248893737793,2.3323152247484455,34.883426666259766
2017-04-05 06:00:00+00:00,0.12595081329345703,45.65847396850586,2.1647347914194617,45.40023422241211
2017-04-05 12:00:00+00:00,0.1005590558052063,45.0753059387207,1.8170271582922064,44.91764831542969
2017-04-05 18:00:00+00:00,0.1434881091117859,61.72510528564453,1.0935319522260765,61.389991760253906
2017-04-06 00:00:00+00:00,0.10577595233917236,44.29935073852539,1.792986437317623,44.136775970458984
2017-04-06 06:00:00+00:00,0.10262352228164673,43.424007415771484,2.0879742181059755,43.26097106933594
2017-04-06 12:00:00+00:00,0.10157310962677002,41.22024154663086,2.0260293654810773,41.06378936767578
2017-04-06 18:00:00+00:00,0.1378086805343628,45.91255187988281,1.9581893690383467,45.60454559326172
2017-04-07 00:00:00+00:00,0.11139470338821411,61.88514709472656,1.2126807480542117,61.701629638671875
2017-04-07 06:00:00+00:00,0.14530503749847412,37.423789978027344,2.2673556565009036,37.10390090942383
2017-04-07 12:00:00+00:00,0.1444527506828308,50.96299743652344,1.531193586483347,50.64138412475586
2017-04-07 18:00:00+00:00,0.17239296436309814,57.452293395996094,1.5633148774066026,56.96720504760742
2017-04-08 00:00:00+00:00,0.15616905689239502,62.00776290893555,1.3031513812310154,61.65461730957031
2017-04-08 06:00:00+00:00,0.20640021562576294,204.0673065185547,1.0458810205260691,203.31082153320312
2017-04-08 12:00:00+00:00,0.19900572299957275,41.22148513793945,2.5897143303673476,40.63743209838867
2017-04-08 18:00:00+00:00,0.16710245609283447,44.35280227661133,1.9781394257158698,43.93316650390625
2017-04-09 00:00:00+00:00,0.19020497798919678,102.23695373535156,1.0189763515231052,101.7594223022461
2017-04-09 06:00:00+00:00,0.16252630949020386,50.99354934692383,1.6488909038464628,50.60950469970703
2017-04-09 12:00:00+00:00,0.13905221223831177,31.026613235473633,2.747474861332703,30.773242950439453
2017-04-09 18:00:00+00:00,0.18629366159439087,30.3773193359375,2.564916517428951,29.90568733215332
2017-04-10 00:00:00+00:00,0.09828823804855347,27.90861701965332,2.777962678141192,27.789121627807617
2017-04-10 06:00:00+00:00,0.09831380844116211,69.8753433227539,1.3317116380295162,69.73143005371094
2017-04-10 12:00:00+00:00,0.14519989490509033,58.0941162109375,1.468170462010007,57.80216598510742
2017-04-10 18:00:00+00:00,0.08900254964828491,30.49051284790039,2.768289361457746,30.38020896911621
2017-04-11 00:00:00+00:00,0.08810114860534668,32.96126937866211,2.081585934054292,32.860328674316406
2017-04-11 06:00:00+00:00,0.022152960300445557,33.20960235595703,2.7156954122154042,33.20243453979492
2017-04-11 12:00:00+00:00,0.04041612148284912,30.512432098388672,2.4987706103599097,30.490549087524414
2017-04-11 18:00:00+00:00,0.026820659637451172,35.88508605957031,2.645825108366593,35.874454498291016
2017-04-12 00:00:00+00:00,0.05700761079788208,26.990829467773438,2.7237631090482535,26.94998550415039
2017-04-12 06:00:00+00:00,0.0029183626174926758,37.08108901977539,1.8843112174007928,37.08096694946289
2017-04-12 12:00:00+00:00,0.029449939727783203,38.91292953491211,1.8494819283447326,38.90092849731445
2017-04-13 00:00:00+00:00,0.05534088611602783,34.37862014770508,2.6570417146514407,34.33688735961914
2017-04-13 06:00:00+00:00,0.058601975440979004,39.616172790527344,2.306613701960121,39.567047119140625
2017-04-13 12:00:00+00:00,0.12803292274475098,36.02771759033203,2.5131127919386125,35.808319091796875
2017-04-13 18:00:00+00:00,0.05742955207824707,34.72684860229492,2.595407941080161,34.68065643310547
2017-04-14 00:00:00+00:00,0.0864403247833252,45.98975372314453,2.06926041657565,45.888938903808594
2017-04-14 06:00:00+00:00,0.06697249412536621,43.67829513549805,1.7781739107964813,43.61583709716797
2017-04-14 12:00:00+00:00,0.07349801063537598,59.33250427246094,1.4984982479757645,59.25946807861328
2017-04-14 18:00:00+00:00,0.09650921821594238,39.303504943847656,2.217407580993802,39.17356872558594
2017-04-15 00:00:00+00:00,0.086922287940979,56.442440032958984,1.4888704746504386,56.34379959106445
2017-04-15 06:00:00+00:00,0.041840553283691406,55.744544982910156,1.5434530345831188,55.717979431152344
2017-04-15 12:00:00+00:00,0.15045201778411865,58.75043487548828,2.1945147305131174,58.409942626953125
2017-04-15 18:00:00+00:00,0.09625136852264404,36.39854431152344,2.3182701300198256,36.27505874633789
2017-04-16 00:00:00+00:00,0.13586080074310303,39.00547409057617,2.148369353824736,38.77769088745117
2017-04-16 06:00:00+00:00,0.17387843132019043,70.7527084350586,1.8594834993208544,70.26647186279297
2017-04-16 12:00:00+00:00,0.14813029766082764,80.88278198242188,1.4255737212024375,80.5164566040039
2017-04-16 18:00:00+00:00,0.1012568473815918,60.88546371459961,1.8757101552321767,60.72505569458008
2017-04-17 00:00:00+00:00,0.11073744297027588,74.56544494628906,1.2918127908404307,74.38736724853516
2017-04-17 06:00:00+00:00,0.14074981212615967,48.51262283325195,2.341414460744358,48.20102310180664
2017-04-17 12:00:00+00:00,0.15867102146148682,67.58722686767578,1.7317790530040669,67.16167449951172
2017-04-17 18:00:00+00:00,0.09464025497436523,53.053157806396484,1.7162628132604425,52.910980224609375
2017-04-18 00:00:00+00:00,0.026407599449157715,48.74515151977539,1.941914518194235,48.734779357910156
2017-04-18 06:00:00+00:00,0.04385817050933838,59.66923141479492,1.7273885356287142,59.63562774658203
2017-04-18 12:00:00+00:00,0.009325504302978516,52.958805084228516,2.2323343529131345,52.95738220214844
2017-04-18 18:00:00+00:00,0.04544806480407715,57.997398376464844,1.8518644494241143,57.96370315551758
2017-04-19 00:00:00+00:00,0.1615411639213562,82.34264373779297,1.5973320083653153,81.90289306640625
2017-04-19 06:00:00+00:00,0.17818862199783325,57.436805725097656,2.1094795515918694,56.91115951538086
2017-04-19 12:00:00+00:00,0.14982962608337402,45.55720901489258,2.171065705103455,45.2117919921875
2017-04-20 00:00:00+00:00,0.22582393884658813,112.53538513183594,1.1047153272919132,111.7158432006836
2017-04-20 06:00:00+00:00,0.21443051099777222,57.702999114990234,2.0402543777303133,56.98762512207031
2017-04-20 12:00:00+00:00,0.2458745837211609,76.66658020019531,1.332669395229457,75.77007293701172
2017-04-20 18:00:00+00:00,0.28564465045928955,84.52266693115234,1.6874449907745706,83.1728744506836
2017-04-21 00:00:00+00:00,0.2523030638694763,62.45398712158203,1.7770334546854547,61.568023681640625
2017-04-21 06:00:00+00:00,0.32269972562789917,93.54943084716797,1.62344467195177,91.9043197631836
2017-04-21 12:00:00+00:00,0.30272096395492554,77.46599578857422,1.561550698433348,76.14025115966797
2017-04-21 18:00:00+00:00,0.313240647315979,95.190673828125,1.5436261487648617,93.61011505126953
2017-04-22 00:00:00+00:00,0.2992171049118042,60.47763442993164,2.1179629370148394,59.2389030456543
2017-04-22 06:00:00+00:00,0.34957361221313477,127.53382873535156,1.2934266364920641,125.60363006591797
2017-04-22 12:00:00+00:00,0.312460720539093,78.84234619140625,1.723948968587345,77.33114624023438
2017-04-22 18:00:00+00:00,0.33542150259017944,72.28865814208984,1.8381427177566827,70.51644897460938
2017-04-23 00:00:00+00:00,0.31516170501708984,49.729148864746094,2.308741938051165,48.43134307861328
2017-04-23 06:00:00+00:00,0.3180215358734131,66.25430297851562,1.7199868222548398,64.71808624267578
2017-04-23 12:00:00+00:00,0.3275350332260132,68.52035522460938,1.6614499954396107,66.75943756103516
2017-04-23 18:00:00+00:00,0.310110867023468,70.72552490234375,1.9407675770444606,69.05974578857422
2017-04-24 00:00:00+00:00,0.2968946099281311,280.44952392578125,0.4344754451163376,279.0905456542969
2017-04-24 06:00:00+00:00,0.25805675983428955,86.42832946777344,1.2886685804127356,85.28443145751953
2017-04-24 12:00:00+00:00,0.2812538146972656,53.23341751098633,2.1622563302554223,51.94698715209961
2017-04-24 18:00:00+00:00,0.24663150310516357,56.14942932128906,2.0812718887493764,55.130271911621094
2017-04-25 00:00:00+00:00,0.2521998882293701,41.155696868896484,2.5014966251272956,40.161949157714844
2017-04-25 06:00:00+00:00,0.32117730379104614,168.8950653076172,0.9311117935634861,166.99603271484375
2017-04-25 12:00:00+00:00,0.28415828943252563,596.8966064453125,0.46736781702969227,595.282958984375
2017-04-25 18:00:00+00:00,0.19793164730072021,43.481971740722656,2.070118815448302,42.8604850769043
2017-04-26 00:00:00+00:00,0.2475033402442932,40.148109436035156,2.4355329376919257,39.286231994628906
2017-04-26 06:00:00+00:00,0.0540461540222168,466.7576904296875,0.7388390909757541,466.69915771484375
2017-04-26 12:00:00+00:00,0.14744925498962402,37.20746994018555,2.35497488846876,36.87942886352539
2017-04-26 18:00:00+00:00,0.20555782318115234,46.898433685302734,2.359095474788365,46.2024040222168
2017-04-27 00:00:00+00:00,0.12174540758132935,41.0008659362793,2.4216571965114406,40.78582763671875
2017-04-27 06:00:00+00:00,0.19280385971069336,243.7180633544922,0.8044005911833343,243.0841064453125
2017-04-27 12:00:00+00:00,0.1260398030281067,37.908607482910156,2.5690158936942087,37.66973114013672
2017-04-27 18:00:00+00:00,0.1474892497062683,34.872989654541016,2.5861569553701687,34.54509353637695
2017-04-28 00:00:00+00:00,0.16220557689666748,29.147523880004883,2.855878983700666,28.794099807739258
2017-04-28 06:00:00+00:00,0.1633114218711853,45.06391525268555,1.7760505872696501,44.67189407348633
2017-04-28 12:00:00+00:00,0.14680391550064087,31.469846725463867,2.327908008324498,31.170162200927734
2017-04-28 18:00:00+00:00,0.09385186433792114,144.33407592773438,1.0009353156637353,144.19161987304688
2017-04-29 00:00:00+00:00,0.13171714544296265,69.4912338256836,1.5718031926518026,69.24005889892578
2017-04-29 06:00:00+00:00,0.13392400741577148,38.368614196777344,2.3159788292763555,38.112728118896484
2017-04-29 12:00:00+00:00,0.125616192817688,28.238183975219727,2.62964677945343,28.027626037597656
2017-04-29 18:00:00+00:00,0.15904688835144043,41.10625457763672,2.28286465364504,40.71992492675781
2017-04-30 00:00:00+00:00,0.0634889006614685,163.4484405517578,0.8063862428147244,163.38877868652344
2017-04-30 06:00:00+00:00,0.13403546810150146,39.4000244140625,1.8442571243222134,39.15034103393555
2017-04-30 12:00:00+00:00,0.10602879524230957,27.993444442749023,2.5651061122141314,27.843097686767578
2017-04-30 18:00:00+00:00,0.1301702857017517,36.74166488647461,2.155915802116673,36.49464797973633
2017-05-01 06:00:00+00:00,0.09270715713500977,28.328563690185547,2.7067033543050405,28.21229362487793
2017-05-01 12:00:00+00:00,0.1264217495918274,31.949214935302734,2.3830376431789313,31.727571487426758
2017-05-01 18:00:00+00:00,0.07566869258880615,41.497459411621094,1.8283523035236307,41.41084671020508
2017-05-02 00:00:00+00:00,0.1116567850112915,57.85834884643555,1.1502294734569496,57.690311431884766
2017-05-02 06:00:00+00:00,0.13809877634048462,34.33563995361328,2.384786441074974,34.056697845458984
2017-05-02 12:00:00+00:00,0.11954998970031738,29.574230194091797,2.9670999803835176,29.37354850769043
2017-05-02 18:00:00+00:00,0.10964387655258179,35.22461700439453,2.6669150316617634,35.04848098754883
2017-05-03 00:00:00+00:00,0.11191868782043457,28.362672805786133,2.8149951852948942,28.193593978881836
2017-05-03 06:00:00+00:00,0.12397944927215576,45.49497985839844,1.6344742433371795,45.270050048828125
2017-05-03 12:00:00+00:00,0.13636481761932373,37.5286750793457,2.1999784459465936,37.25270080566406
2017-05-03 18:00:00+00:00,0.08602845668792725,29.848421096801758,2.8961247251596665,29.741416931152344
2017-05-04 00:00:00+00:00,0.12634754180908203,27.83802604675293,2.706951093271291,27.621341705322266
2017-05-04 06:00:00+00:00,0.08886831998825073,32.219337463378906,2.666575899275233,32.10325622558594
2017-05-04 12:00:00+00:00,0.1466463804244995,37.501155853271484,2.0431408811433744,37.186344146728516
2017-05-04 18:00:00+00:00,0.1750827431678772,93.85257720947266,1.221835599982232,93.39118957519531
2017-05-05 00:00:00+00:00,0.15372097492218018,51.941654205322266,1.6682484368512873,51.587791442871094
2017-05-05 06:00:00+00:00,0.1537705659866333,87.88349914550781,1.3775000552971426,87.50487518310547
2017-05-05 12:00:00+00:00,0.12555426359176636,33.83915328979492,2.4252162397454455,33.6059684753418
2017-05-05 18:00:00+00:00,0.09870821237564087,33.24138641357422,2.39692309806133,33.10085678100586
2017-05-06 00:00:00+00:00,0.13645285367965698,66.92607879638672,1.266125862893164,66.64250183105469
2017-05-06 06:00:00+00:00,0.12900066375732422,36.81379699707031,2.510383485361805,36.55046844482422
2017-05-06 12:00:00+00:00,0.11345398426055908,35.23400115966797,2.4747419949489213,35.036258697509766
2017-05-06 18:00:00+00:00,0.13044089078903198,33.499183654785156,2.7178500487195043,33.24167251586914
2017-05-07 00:00:00+00:00,0.14000344276428223,31.646482467651367,2.817246980659948,31.368600845336914
2017-05-07 06:00:00+00:00,0.13885462284088135,36.988914489746094,2.691773078614133,36.682701110839844
2017-05-07 12:00:00+00:00,0.19182568788528442,200.19578552246094,0.8432923202416651,199.5786895751953
2017-05-07 18:00:00+00:00,0.10041677951812744,33.089027404785156,2.850523175420328,32.93997573852539
2017-05-08 00:00:00+00:00,0.12003201246261597,33.77695083618164,2.2472428296969325,33.57698059082031
2017-05-08 06:00:00+00:00,0.03666365146636963,34.774940490722656,2.3418808360334697,34.754371643066406
2017-05-08 12:00:00+00:00,0.11217421293258667,71.82968139648438,1.6198707636461749,71.62265014648438
2017-05-08 18:00:00+00:00,0.10212361812591553,39.70509338378906,2.339783352209443,39.54259490966797
2017-05-09 00:00:00+00:00,0.09730815887451172,38.342769622802734,2.2605549316708404,38.203189849853516
2017-05-09 06:00:00+00:00,0.051115989685058594,38.91130828857422,2.447616058997191,38.8688850402832
2017-05-09 12:00:00+00:00,0.021776795387268066,31.956457138061523,2.752757878543025,31.949325561523438
2017-05-09 18:00:00+00:00,0.0137176513671875,41.00588607788086,2.059398280321097,41.00276184082031
2017-05-10 00:00:00+00:00,0.00022810697555541992,74.20681762695312,1.3318748053384628,74.20682525634766
2017-05-10 06:00:00+00:00,0.0070421695709228516,54.4948844909668,1.9739891055212255,54.49403762817383
2017-05-10 12:00:00+00:00,0.0895535945892334,46.29314422607422,2.0145449611830952,46.166099548339844
2017-05-10 18:00:00+00:00,0.015235066413879395,53.51934051513672,1.9058354208256505,53.51543426513672
2017-05-11 00:00:00+00:00,0.02133643627166748,40.36552047729492,2.2351976217806078,40.35859680175781
2017-05-11 06:00:00+00:00,0.02570211887359619,39.2150993347168,2.552457742526643,39.205013275146484
2017-05-11 12:00:00+00:00,0.07010960578918457,41.785858154296875,2.090080501884472,41.71236038208008
2017-05-11 18:00:00+00:00,0.03315079212188721,35.417724609375,2.0216948587427055,35.402244567871094
2017-05-12 00:00:00+00:00,0.06939542293548584,43.81779861450195,2.032106578249875,43.7513313293457
2017-05-12 06:00:00+00:00,0.10870933532714844,53.55226516723633,2.2853370323080493,53.378238677978516
2017-05-12 12:00:00+00:00,0.12477123737335205,75.07737731933594,1.7140504593011268,74.82400512695312
2017-05-12 18:00:00+00:00,0.1713312864303589,91.8124008178711,1.3586141272858159,91.339599609375
2017-05-13 00:00:00+00:00,0.11711955070495605,42.556983947753906,2.306502679129773,42.362648010253906
2017-05-13 06:00:00+00:00,0.19281387329101562,67.09684753417969,1.9631219236269393,66.46116638183594
2017-05-13 12:00:00+00:00,0.15065860748291016,56.52176284790039,2.0689055226181012,56.144649505615234
2017-05-13 18:00:00+00:00,0.16370129585266113,70.81396484375,1.609790458794913,70.35496520996094
2017-05-14 00:00:00+00:00,0.16917085647583008,58.31882858276367,1.9479954367102261,57.89684295654297
2017-05-14 06:00:00+00:00,0.15222501754760742,70.4269790649414,1.3771479305609247,70.06272888183594
2017-05-14 12:00:00+00:00,0.15728986263275146,58.81788635253906,1.7185051933085003,58.43705368041992
2017-05-14 18:00:00+00:00,0.13388526439666748,63.82227325439453,1.5562243607292314,63.53528594970703
2017-05-15 00:00:00+00:00,0.12993097305297852,79.92953491210938,1.1418612164999027,79.67356872558594
2017-05-15 06:00:00+00:00,0.11945962905883789,71.55939483642578,1.6864634817625928,71.31065368652344
2017-05-15 12:00:00+00:00,0.11540913581848145,57.89228057861328,1.7678419531836058,57.67518997192383
2017-05-15 18:00:00+00:00,0.041525959968566895,56.30461883544922,1.787795091331827,56.276710510253906
2017-05-16 00:00:00+00:00,0.015850365161895752,70.18898010253906,1.6233637565461074,70.18473815917969
2017-05-16 06:00:00+00:00,0.06925976276397705,83.37169647216797,1.4953260351067819,83.29157257080078
2017-05-16 12:00:00+00:00,0.07361537218093872,63.34674835205078,1.750050282499391,63.26506042480469
2017-05-16 18:00:00+00:00,0.11738717555999756,72.72801208496094,1.3968255023968723,72.51847076416016
2017-05-17 00:00:00+00:00,0.1562274694442749,47.12131881713867,1.9628595915709162,46.778507232666016
2017-05-17 06:00:00+00:00,0.2030087113380432,95.87635803222656,1.355225054562644,95.24713134765625
2017-05-17 12:00:00+00:00,0.17716914415359497,71.9253921508789,1.9392177309938279,71.45574188232422
2017-05-17 18:00:00+00:00,0.21423351764678955,82.76724243164062,1.475993301991111,82.1175308227539
2017-05-18 00:00:00+00:00,0.2778370976448059,113.65262603759766,1.6026319072854847,112.36991882324219
2017-05-18 06:00:00+00:00,0.3131914734840393,97.34934997558594,1.4470574629575677,95.7877197265625
2017-05-18 12:00:00+00:00,0.3094075918197632,66.25664520263672,1.9020769398818058,64.8022232055664
2017-05-18 18:00:00+00:00,0.34234464168548584,80.86602020263672,1.701804751552635,79.10264587402344
2017-05-19 00:00:00+00:00,0.2893664836883545,61.92294692993164,1.988708574369831,60.743133544921875
2017-05-19 06:00:00+00:00,0.3609659671783447,94.61614990234375,1.6582407622352149,92.3936538696289
2017-05-19 12:00:00+00:00,0.3674183487892151,104.5877456665039,1.8578876684929058,102.1409912109375
2017-05-19 18:00:00+00:00,0.3248700499534607,61.634334564208984,2.264360445711543,59.983726501464844
2017-05-20 00:00:00+00:00,0.3662853240966797,62.08056640625,2.164120637220344,60.070499420166016
2017-05-20 06:00:00+00:00,0.3510338068008423,66.59261322021484,1.6995472534614338,64.65218353271484
2017-05-20 12:00:00+00:00,0.3221416473388672,57.11599349975586,2.359674105518522,55.462459564208984
2017-05-20 18:00:00+00:00,0.3532319664955139,56.434165954589844,2.4157374700727656,54.49211120605469
2017-05-21 00:00:00+00:00,0.3096323609352112,57.490867614746094,2.1247654650613748,56.00053405761719
2017-05-21 06:00:00+00:00,0.31797659397125244,56.27975845336914,2.423239064209038,54.52185821533203
2017-05-21 12:00:00+00:00,0.3688892126083374,59.93260192871094,2.511222761944876,57.50353240966797
2017-05-21 18:00:00+00:00,0.29771775007247925,38.84685516357422,2.910767384750609,37.45448684692383
2017-05-22 00:00:00+00:00,0.25879138708114624,40.76854705810547,2.7777490965183,39.71590805053711
2017-05-22 06:00:00+00:00,0.33855515718460083,51.608924865722656,2.2934581372660805,49.6358642578125
2017-05-22 12:00:00+00:00,0.30300718545913696,53.48135757446289,1.9531467073463418,51.92101287841797
2017-05-22 18:00:00+00:00,0.26599329710006714,50.32728958129883,2.3553121640166585,49.09933853149414
2017-05-23 00:00:00+00:00,0.1519031524658203,40.129722595214844,2.666738550767147,39.77257537841797
2017-05-23 06:00:00+00:00,0.16824358701705933,50.26469421386719,2.3653656523131463,49.784271240234375
2017-05-23 12:00:00+00:00,0.11983227729797363,48.55069351196289,2.4180261706514874,48.307891845703125
2017-05-23 18:00:00+00:00,0.025789499282836914,56.95478439331055,2.222850844570738,56.94404983520508
2017-05-24 00:00:00+00:00,0.044740915298461914,35.88920593261719,2.596567110786041,35.860347747802734
2017-05-24 06:00:00+00:00,0.026659011840820312,29.181671142578125,2.943874719612208,29.172256469726562
2017-05-24 12:00:00+00:00,0.012634754180908203,39.6392936706543,2.3509351603804305,39.636932373046875
2017-05-24 18:00:00+00:00,0.03847569227218628,37.69179153442383,2.297716045496082,37.6705436706543
2017-05-25 00:00:00+00:00,0.04674774408340454,198.14749145507812,0.8755602445864595,198.11155700683594
2017-05-25 06:00:00+00:00,0.05446279048919678,126.78645324707031,1.1001087688826252,126.74095153808594
2017-05-25 12:00:00+00:00,0.022945046424865723,29.80614471435547,2.7617473214489037,29.799001693725586
2017-05-25 18:00:00+00:00,0.10466450452804565,176.20172119140625,0.8899691051426998,176.0206756591797
2017-05-26 00:00:00+00:00,0.03131681680679321,55.78496551513672,1.4396417396045782,55.77064895629883
2017-05-26 06:00:00+00:00,0.006404995918273926,35.20952606201172,2.2630367544568477,35.208927154541016
2017-05-26 12:00:00+00:00,0.006989836692810059,32.21624755859375,2.4369401774174477,32.21552658081055
2017-05-26 18:00:00+00:00,0.11028116941452026,220.7961883544922,1.0621933306407287,220.58787536621094
2017-05-27 00:00:00+00:00,0.011667490005493164,78.69610595703125,0.9881879760535862,78.69405364990234
2017-05-27 06:00:00+00:00,0.054376840591430664,104.0273666381836,1.08691333152521,103.98331451416016
2017-05-27 12:00:00+00:00,0.009129881858825684,41.59162521362305,1.6851769070376013,41.59034729003906
2017-05-27 18:00:00+00:00,0.03614330291748047,41.42764663696289,1.757014203302504,41.40900421142578
2017-05-28 00:00:00+00:00,0.006494760513305664,31.110637664794922,2.671866015033596,31.110042572021484
2017-05-28 06:00:00+00:00,0.0024080276489257812,34.01524353027344,2.3888006536597706,34.015159606933594
2017-05-28 12:00:00+00:00,0.027961790561676025,31.60633659362793,2.6680726917862123,31.5949764251709
2017-05-28 18:00:00+00:00,0.0030927658081054688,32.658363342285156,2.182802618455171,32.65822982788086
2017-05-29 00:00:00+00:00,0.006869077682495117,37.09771728515625,1.914116960175219,37.0970344543457
2017-05-29 06:00:00+00:00,0.005990266799926758,34.97914505004883,1.9685252462217302,34.978633880615234
2017-05-29 12:00:00+00:00,0.033858537673950195,30.54412078857422,2.6846801471320827,30.52823257446289
2017-05-29 18:00:00+00:00,0.01295250654220581,28.239582061767578,2.6055941451599107,28.23735809326172
2017-05-30 00:00:00+00:00,0.039831340312957764,56.43449783325195,1.3741049569791943,56.41188049316406
2017-05-30 06:00:00+00:00,0.0009480714797973633,48.32209014892578,1.3081969050861206,48.322078704833984
2017-05-30 12:00:00+00:00,0.015173077583312988,28.584684371948242,2.3935998681146096,28.581588745117188
2017-05-30 18:00:00+00:00,0.05442345142364502,32.56748580932617,2.142496201165364,32.52768325805664
2017-05-31 00:00:00+00:00,0.015496909618377686,32.2391357421875,2.570956257250235,32.23583984375
2017-05-31 06:00:00+00:00,0.005358457565307617,49.16439437866211,1.6110349202239107,49.163970947265625
2017-05-31 12:00:00+00:00,0.02410876750946045,31.25055694580078,2.2609172379019045,31.242572784423828
2017-05-31 18:00:00+00:00,0.013987481594085693,39.86949157714844,1.9949251818062814,39.86663818359375
2017-06-01 00:00:00+00:00,0.04261434078216553,36.22356033325195,2.0919528551637248,36.197471618652344
2017-06-01 06:00:00+00:00,0.04187983274459839,93.70006561279297,1.2318739618945274,93.67145538330078
2017-06-01 12:00:00+00:00,0.037497520446777344,35.33555603027344,2.1191767612007286,35.314353942871094
2017-06-01 18:00:00+00:00,0.0510023832321167,29.46626091003418,2.7575577027392146,29.429950714111328
2017-06-02 00:00:00+00:00,0.042406558990478516,30.7016544342041,2.2789069351402484,30.676597595214844
2017-06-02 06:00:00+00:00,0.03841155767440796,31.15736961364746,2.724123940232499,31.135883331298828
2017-06-02 12:00:00+00:00,0.04388165473937988,68.18414306640625,1.5959401453865047,68.15531921386719
2017-06-02 18:00:00+00:00,0.07148760557174683,29.798349380493164,3.064373872957551,29.724496841430664
2017-06-03 00:00:00+00:00,0.03452181816101074,32.54316329956055,2.4207766879100063,32.52632522583008
2017-06-03 06:00:00+00:00,0.05578148365020752,35.055076599121094,2.4198553490390005,35.00801086425781
2017-06-03 12:00:00+00:00,0.023042738437652588,36.757110595703125,2.2376117261211967,36.74888229370117
2017-06-03 18:00:00+00:00,0.05725884437561035,30.564565658569336,2.8073081470642474,30.517173767089844
2017-06-04 00:00:00+00:00,0.03537386655807495,28.45895767211914,2.84474643073069,28.441251754760742
2017-06-04 06:00:00+00:00,0.05095505714416504,36.32855987548828,2.6578629616300353,36.28754806518555
2017-06-04 12:00:00+00:00,0.06230658292770386,32.97121810913086,2.295648439215754,32.91412353515625
2017-06-04 18:00:00+00:00,0.029295921325683594,31.264896392822266,2.6509875530694287,31.252391815185547
2017-06-05 00:00:00+00:00,0.08071595430374146,28.344558715820312,2.709630145290808,28.25705337524414
2017-06-05 06:00:00+00:00,0.003919720649719238,64.74791717529297,1.4028886193776833,64.7476806640625
2017-06-05 12:00:00+00:00,0.06305277347564697,30.114757537841797,2.7019272394427354,30.058488845825195
2017-06-05 18:00:00+00:00,0.003733217716217041,31.20521354675293,2.618888507954496,31.20500946044922
2017-06-06 00:00:00+00:00,0.014448225498199463,43.786705017089844,2.0149354345135184,43.78369140625
2017-06-06 06:00:00+00:00,0.030912458896636963,34.26930618286133,2.6689675637109955,34.25482177734375
2017-06-06 12:00:00+00:00,0.06646859645843506,28.34984588623047,2.8578805575581385,28.289222717285156
2017-06-06 18:00:00+00:00,0.21751832962036133,855.8960571289062,0.8000566287451596,854.9308471679688
2017-06-07 00:00:00+00:00,0.046145081520080566,29.349477767944336,2.850253032479568,29.320829391479492
2017-06-07 06:00:00+00:00,0.12837398052215576,37.11634826660156,2.351822736260871,36.88352966308594
2017-06-07 12:00:00+00:00,0.10132801532745361,44.67304992675781,1.8280039336655856,44.521278381347656
2017-06-07 18:00:00+00:00,0.07300460338592529,101.50494384765625,1.1431292829322328,101.42471313476562
2017-06-08 00:00:00+00:00,0.10516238212585449,45.2829704284668,2.199632967364927,45.1269416809082
2017-06-08 06:00:00+00:00,0.10144150257110596,33.138607025146484,2.5924544002553906,32.98954391479492
2017-06-08 12:00:00+00:00,0.12023210525512695,28.922447204589844,2.8431859661135572,28.71907615661621
2017-06-08 18:00:00+00:00,0.12457621097564697,30.1408634185791,2.708237106507341,29.926729202270508
2017-06-09 00:00:00+00:00,0.05740094184875488,30.180564880371094,2.4063616818482494,30.137863159179688
2017-06-09 06:00:00+00:00,0.08197176456451416,45.27912521362305,1.7553733373320548,45.19037628173828
2017-06-09 12:00:00+00:00,0.2008678913116455,29.873764038085938,2.724955007206569,29.346529006958008
2017-06-09 18:00:00+00:00,0.16898620128631592,54.1120719909668,1.642242548741896,53.69211196899414
2017-06-10 00:00:00+00:00,0.11213481426239014,52.40312576293945,1.4176066614853347,52.23884963989258
2017-06-10 06:00:00+00:00,0.09199154376983643,33.076297760009766,2.2989315143518354,32.95956039428711
2017-06-10 12:00:00+00:00,0.06523525714874268,42.575016021728516,2.1270037615792363,42.51408767700195
2017-06-10 18:00:00+00:00,0.06632530689239502,32.330467224121094,2.358862218852215,32.270721435546875
2017-06-11 00:00:00+00:00,0.005137026309967041,40.82704162597656,2.150608155820351,40.82667922973633
2017-06-11 06:00:00+00:00,0.025742650032043457,37.665260314941406,2.081100795585054,37.655921936035156
2017-06-11 12:00:00+00:00,0.04394960403442383,43.44716262817383,1.9642533984747228,43.41904830932617
2017-06-11 18:00:00+00:00,0.03658849000930786,46.83034133911133,1.856068858418276,46.8099250793457
2017-06-12 00:00:00+00:00,0.09104251861572266,44.9434814453125,2.0838874918319883,44.819637298583984
2017-06-12 06:00:00+00:00,0.13640636205673218,66.97813415527344,1.8915141948108563,66.67561340332031
2017-06-12 12:00:00+00:00,0.1826978325843811,65.77339935302734,1.7107648409854108,65.25875854492188
2017-06-12 18:00:00+00:00,0.19471746683120728,69.21774291992188,1.513585883404593,68.59642028808594
2017-06-13 00:00:00+00:00,0.25660401582717896,73.49906921386719,1.907168701176125,72.41507720947266
2017-06-13 06:00:00+00:00,0.272594153881073,116.45928955078125,1.6043214762675058,115.12366485595703
2017-06-13 12:00:00+00:00,0.2426140308380127,69.60743713378906,1.9322924541076683,68.69682312011719
2017-06-13 18:00:00+00:00,0.2621154189109802,62.82129669189453,1.8765321634750123,61.75423049926758
2017-06-14 00:00:00+00:00,0.2820529341697693,72.11668395996094,2.076499437903072,70.76126861572266
2017-06-14 06:00:00+00:00,0.26355230808258057,78.28846740722656,1.5053446186108954,77.19956970214844
2017-06-14 12:00:00+00:00,0.23058050870895386,62.63472366333008,2.0212027570841187,61.784854888916016
2017-06-14 18:00:00+00:00,0.2553757429122925,79.8136215209961,1.678396874055515,78.7343521118164
2017-06-15 00:00:00+00:00,0.3061758279800415,139.88922119140625,1.339022609845038,138.21438598632812
2017-06-15 06:00:00+00:00,0.2480916976928711,67.73986053466797,2.0957224303277977,66.7358627319336
2017-06-15 12:00:00+00:00,0.30050498247146606,76.69527435302734,1.9740328960880267,75.20240020751953
2017-06-15 18:00:00+00:00,0.2581244707107544,90.69374084472656,1.7849995007709714,89.6194076538086
2017-06-16 00:00:00+00:00,0.2440699338912964,59.22126770019531,2.0105381399438214,58.374786376953125
2017-06-16 06:00:00+00:00,0.20508253574371338,50.5339469909668,2.1410842576280813,49.84236526489258
2017-06-16 12:00:00+00:00,0.2204585075378418,59.26810836791992,2.041492601224152,58.51802062988281
2017-06-16 18:00:00+00:00,0.2375340461730957,75.81879425048828,1.6017375716117193,74.86044311523438
2017-06-17 00:00:00+00:00,0.24308687448501587,51.375038146972656,2.6244869844657885,50.44399642944336
2017-06-17 06:00:00+00:00,0.2572168707847595,60.819488525390625,2.7585430596140683,59.668128967285156
2017-06-17 12:00:00+00:00,0.24901986122131348,45.721378326416016,2.479137005841008,44.75897216796875
2017-06-17 18:00:00+00:00,0.1925075650215149,36.881500244140625,3.02385296338325,36.32002258300781
2017-06-18 00:00:00+00:00,0.12702548503875732,22.358592987060547,3.109139071078343,22.180437088012695
2017-06-18 06:00:00+00:00,0.21489006280899048,33.147037506103516,3.1604844772699274,32.53660583496094
2017-06-18 12:00:00+00:00,0.16616374254226685,39.871646881103516,2.5269729868406103,39.58429718017578
2017-06-18 18:00:00+00:00,0.021074652671813965,25.85799217224121,3.2656551392534237,25.852256774902344
2017-06-19 00:00:00+00:00,0.024699091911315918,18.683849334716797,3.6830898830466845,18.677431106567383
2017-06-19 06:00:00+00:00,0.07400095462799072,30.52924156188965,2.6448231610300543,30.459440231323242
2017-06-19 12:00:00+00:00,0.21963298320770264,43.30606460571289,2.0632958929993572,42.688270568847656
2017-06-19 18:00:00+00:00,0.24844574928283691,60.70664978027344,2.157099678772633,59.77103805541992
2017-06-20 00:00:00+00:00,0.21840262413024902,50.012508392333984,2.2164341928138755,49.27764129638672
2017-06-20 06:00:00+00:00,0.2242143154144287,38.47525405883789,2.2236438345268144,37.751617431640625
2017-06-20 12:00:00+00:00,0.24378228187561035,46.85920333862305,2.012675228710531,45.98290252685547
2017-06-20 18:00:00+00:00,0.22330248355865479,50.7104606628418,2.381221966504725,49.9481315612793
2017-06-21 00:00:00+00:00,0.17431962490081787,69.19168853759766,1.3501728949502554,68.71537017822266
2017-06-21 06:00:00+00:00,0.15211999416351318,102.18621826171875,1.0292281310129687,101.81526947021484
2017-06-21 12:00:00+00:00,0.2084817886352539,121.12692260742188,0.9900851553528269,120.39859008789062
2017-06-21 18:00:00+00:00,0.1295565366744995,41.29813766479492,2.4229966563464576,41.047096252441406
2017-06-22 00:00:00+00:00,0.1748049259185791,115.10614013671875,1.0841376904926572,114.59003448486328
2017-06-22 06:00:00+00:00,0.1632770299911499,78.40630340576172,1.1833959334937654,77.9727783203125
2017-06-22 12:00:00+00:00,0.13609755039215088,55.08993148803711,1.8615447082349785,54.79176330566406
2017-06-22 18:00:00+00:00,0.12531912326812744,44.908233642578125,2.0449629923172687,44.65666198730469
2017-06-23 00:00:00+00:00,0.12866556644439697,41.12810516357422,2.2578572389865785,40.88410949707031
2017-06-23 06:00:00+00:00,0.1539679765701294,49.12879943847656,1.8041704069025468,48.75661849975586
2017-06-23 12:00:00+00:00,0.15793907642364502,41.02981948852539,2.329132431837326,40.65448760986328
2017-06-23 18:00:00+00:00,0.1196204423904419,45.85319519042969,1.7235536389867265,45.633419036865234
2017-06-24 00:00:00+00:00,0.16040217876434326,38.24354553222656,2.402464100312187,37.8612174987793
2017-06-24 06:00:00+00:00,0.1864546537399292,55.05329513549805,1.6506344915706759,54.4667854309082
2017-06-24 12:00:00+00:00,0.22690093517303467,137.27798461914062,1.1808157258281615,136.4075164794922
2017-06-24 18:00:00+00:00,0.18973946571350098,47.50640869140625,2.3837704070307586,46.91672134399414
2017-06-25 00:00:00+00:00,0.11934959888458252,45.26589584350586,1.906603908143218,45.053443908691406
2017-06-25 06:00:00+00:00,0.10943162441253662,58.95079040527344,1.3845486481476332,58.76621627807617
2017-06-25 12:00:00+00:00,0.10080552101135254,33.186424255371094,2.581814218595821,33.03949737548828
2017-06-25 18:00:00+00:00,0.1118927001953125,38.05153274536133,2.35316164828055,37.85708236694336
2017-06-26 00:00:00+00:00,0.05903482437133789,30.501230239868164,2.5139150276680624,30.452438354492188
2017-06-26 06:00:00+00:00,0.03697764873504639,56.97520065307617,1.3846829262713916,56.95550537109375
2017-06-26 12:00:00+00:00,0.031954169273376465,30.490358352661133,2.2849405500376463,30.476091384887695
2017-06-26 18:00:00+00:00,0.017758488655090332,48.31322479248047,1.4988775786692503,48.30856704711914
2017-06-27 00:00:00+00:00,0.029473185539245605,59.32289123535156,1.3791207019440952,59.3106689453125
2017-06-27 06:00:00+00:00,0.0010300278663635254,82.76304626464844,1.2705062102571054,82.76302337646484
2017-06-27 12:00:00+00:00,0.01582092046737671,72.89990234375,1.3324713639003303,72.89620208740234
2017-06-27 18:00:00+00:00,0.004885852336883545,32.897274017333984,2.569298377467341,32.89692687988281
2017-06-28 00:00:00+00:00,0.009137988090515137,29.623680114746094,2.878324720506404,29.62249183654785
2017-06-28 06:00:00+00:00,0.05297446250915527,33.7526969909668,2.0699241286594474,33.71501922607422
2017-06-28 12:00:00+00:00,0.027591228485107422,26.672325134277344,2.9126485956714165,26.662466049194336
2017-06-28 18:00:00+00:00,0.038050174713134766,28.598827362060547,2.6091348416985096,28.578678131103516
2017-06-29 00:00:00+00:00,0.08291280269622803,28.841188430786133,3.147610800178253,28.74384117126465
2017-06-29 06:00:00+00:00,0.06649541854858398,223.44451904296875,0.8281541443113657,223.3734588623047
2017-06-29 12:00:00+00:00,0.018021345138549805,31.145811080932617,2.5534973382387283,31.14142608642578
2017-06-29 18:00:00+00:00,0.008570075035095215,36.01416778564453,2.373926169428014,36.013038635253906
2017-06-30 00:00:00+00:00,0.0011993646621704102,39.54438400268555,1.933736019240507,39.54436111450195
2017-06-30 06:00:00+00:00,0.016875267028808594,36.55292892456055,2.2940518161878605,36.5486946105957
2017-06-30 12:00:00+00:00,0.010199546813964844,40.290992736816406,2.183708787571224,40.28944778442383
2017-06-30 18:00:00+00:00,0.05619549751281738,62.95624923706055,1.8596823341724946,62.90278625488281
2017-07-01 00:00:00+00:00,0.04399073123931885,35.827388763427734,2.33854483247839,35.79877471923828
2017-07-01 06:00:00+00:00,0.008414149284362793,49.67464828491211,1.5888804509456262,49.67354965209961
2017-07-01 12:00:00+00:00,0.061809659004211426,37.85017776489258,2.50937576646578,37.79597091674805
2017-07-01 18:00:00+00:00,0.053366780281066895,40.034507751464844,2.10202334092378,39.991329193115234
2017-07-02 00:00:00+00:00,0.055379509925842285,33.78044509887695,2.5116344253128067,33.73588562011719
2017-07-02 06:00:00+00:00,0.0707249641418457,37.25041198730469,2.1233133189450433,37.17893981933594
2017-07-02 12:00:00+00:00,0.08019649982452393,31.97107696533203,2.058625905466717,31.884885787963867
2017-07-02 18:00:00+00:00,0.06728124618530273,30.42823028564453,2.5261080507520566,30.363178253173828
2017-07-03 00:00:00+00:00,0.05960536003112793,34.280738830566406,2.414522485602987,34.228477478027344
2017-07-03 06:00:00+00:00,0.1414928436279297,35.994300842285156,2.5023279912801133,35.696964263916016
2017-07-03 12:00:00+00:00,0.151902437210083,51.922828674316406,1.91372636827492,51.57046890258789
2017-07-03 18:00:00+00:00,0.1504882574081421,51.938446044921875,1.8605614758327325,51.576786041259766
2017-07-04 00:00:00+00:00,0.21580350399017334,42.3870964050293,2.179527934931888,41.71027755737305
2017-07-04 06:00:00+00:00,0.2129279375076294,65.79557037353516,1.7019995761217448,65.02765655517578
2017-07-04 12:00:00+00:00,0.22575902938842773,59.85039520263672,1.763420589842019,59.04973602294922
2017-07-04 18:00:00+00:00,0.2289571762084961,54.22580337524414,2.2439975138261468,53.36259078979492
2017-07-05 00:00:00+00:00,0.19493281841278076,70.38771057128906,1.5287455545718127,69.74951934814453
2017-07-05 06:00:00+00:00,0.2616513967514038,72.6192398071289,1.7549660211112221,71.49347686767578
2017-07-05 12:00:00+00:00,0.24453675746917725,73.35021209716797,1.2655135633688221,72.47219848632812
2017-07-06 00:00:00+00:00,0.2792102098464966,72.05902099609375,1.7624617081473541,70.7864990234375
2017-07-06 06:00:00+00:00,0.23350906372070312,81.83961486816406,1.4994158393604429,80.9511947631836
2017-07-06 12:00:00+00:00,0.2941439151763916,74.18265533447266,1.7523349965662183,72.94114685058594
2017-07-06 18:00:00+00:00,0.24717259407043457,98.6436996459961,1.1212242690036036,97.64470672607422
2017-07-07 00:00:00+00:00,0.28412818908691406,66.39058685302734,1.523438694440371,65.16427612304688
2017-07-07 06:00:00+00:00,0.28444409370422363,88.57682800292969,1.740451079675764,87.26774597167969
2017-07-07 12:00:00+00:00,0.2992664575576782,72.6520767211914,1.44441355668759,71.26258087158203
2017-07-07 18:00:00+00:00,0.29763197898864746,72.78193664550781,1.713639972036643,71.38697052001953
2017-07-08 00:00:00+00:00,0.2986612319946289,82.88551330566406,1.9409224867700599,81.44294738769531
2017-07-08 06:00:00+00:00,0.29791152477264404,113.82831573486328,1.0550330350384225,112.18777465820312
2017-07-08 12:00:00+00:00,0.3071860074996948,101.91962432861328,1.3142160705817847,100.3511734008789
2017-07-08 18:00:00+00:00,0.2979024648666382,75.54873657226562,1.9651892296831879,73.97647857666016
2017-07-09 00:00:00+00:00,0.23864269256591797,53.81809616088867,2.2729789175557658,52.915931701660156
2017-07-09 06:00:00+00:00,0.251023530960083,87.2766342163086,1.7941336547071467,86.11200714111328
2017-07-09 12:00:00+00:00,0.2267225980758667,65.91786193847656,1.8748724517047681,65.06256103515625
2017-07-09 18:00:00+00:00,0.19978773593902588,35.42061996459961,2.2597717081031066,34.84846115112305
2017-07-10 00:00:00+00:00,0.14464974403381348,29.54882049560547,2.3572181310090126,29.288084030151367
2017-07-10 06:00:00+00:00,0.09628307819366455,39.74995040893555,2.0906134463709307,39.613040924072266
2017-07-10 12:00:00+00:00,0.044225454330444336,732.54345703125,0.7735586773244651,732.5068359375
2017-07-10 18:00:00+00:00,0.021498441696166992,295.9884948730469,0.6240876642621337,295.9814758300781
2017-07-11 00:00:00+00:00,0.02758967876434326,29.003339767456055,2.602898493613027,28.993680953979492
2017-07-11 06:00:00+00:00,0.02164900302886963,36.93540954589844,2.528839641758725,36.92878341674805
2017-07-11 12:00:00+00:00,0.013405799865722656,54.80107879638672,1.513894196220979,54.798667907714844
2017-07-11 18:00:00+00:00,0.11893188953399658,192.2958221435547,0.9911700528842058,192.07199096679688
2017-07-12 00:00:00+00:00,0.08229446411132812,28.441383361816406,2.3332228883687245,28.357101440429688
2017-07-12 06:00:00+00:00,0.009710490703582764,48.39420700073242,1.769711224614916,48.392845153808594
2017-07-12 12:00:00+00:00,0.01646965742111206,41.75883102416992,2.0413609698885034,41.755279541015625
2017-07-13 00:00:00+00:00,0.06270825862884521,31.72650718688965,2.333460944695717,31.676973342895508
2017-07-13 06:00:00+00:00,0.05054426193237305,46.01300811767578,1.9075934182565615,45.978511810302734
2017-07-13 12:00:00+00:00,0.05213409662246704,38.018280029296875,1.9537521250761296,37.98600387573242
2017-07-13 18:00:00+00:00,0.0027778148651123047,38.889766693115234,2.6250179529875313,38.88965606689453
2017-07-14 00:00:00+00:00,0.016667604446411133,35.24929428100586,2.7684441143017096,35.24556350708008
2017-07-14 06:00:00+00:00,0.10816705226898193,212.6343536376953,1.1705936337065062,212.41981506347656
2017-07-14 12:00:00+00:00,0.0831831693649292,57.064903259277344,1.930653429244464,56.9664421081543
2017-07-14 18:00:00+00:00,0.18168580532073975,56.37771224975586,2.2282683002044035,55.843170166015625
2017-07-15 00:00:00+00:00,0.13875174522399902,62.651763916015625,2.3057645481158895,62.34351348876953
2017-07-15 06:00:00+00:00,0.14634621143341064,87.66632843017578,1.989377997560358,87.25298309326172
2017-07-15 12:00:00+00:00,0.2552739381790161,74.06465911865234,2.043663955986215,72.87376403808594
2017-07-15 18:00:00+00:00,0.28965961933135986,60.91079330444336,2.641952952129316,59.4046630859375
2017-07-16 00:00:00+00:00,0.3700629472732544,128.6127471923828,2.00692987002036,125.5162124633789
2017-07-16 06:00:00+00:00,0.26419758796691895,72.81755828857422,1.6627559669479335,71.60462188720703
2017-07-16 12:00:00+00:00,0.26947498321533203,114.39820098876953,1.1033344982337743,113.16741943359375
2017-07-16 18:00:00+00:00,0.3512991666793823,106.90949249267578,1.8584264840104245,104.46865844726562
2017-07-17 00:00:00+00:00,0.36089396476745605,135.37950134277344,1.2546360423969733,132.85597229003906
2017-07-17 06:00:00+00:00,0.3373293876647949,85.4875259399414,1.7344539539681887,83.4831314086914
2017-07-17 12:00:00+00:00,0.3653820753097534,87.69155883789062,1.5810367357761594,85.5501708984375
2017-07-17 18:00:00+00:00,0.30202043056488037,75.47689056396484,1.8956562323624389,73.88982391357422
2017-07-18 00:00:00+00:00,0.316129207611084,84.78824615478516,1.6684695717805509,83.06478118896484
2017-07-18 06:00:00+00:00,0.34711992740631104,84.42281341552734,1.7136228443852604,82.28983306884766
2017-07-18 12:00:00+00:00,0.325597882270813,111.8617172241211,1.4658170286110115,110.04104614257812
2017-07-18 18:00:00+00:00,0.32421791553497314,93.78084564208984,1.8065288772990113,91.86495971679688
2017-07-19 00:00:00+00:00,0.3572814464569092,65.33576965332031,2.0130243286759444,63.2380485534668
2017-07-19 06:00:00+00:00,0.3307795524597168,84.36972045898438,1.7414344228130683,82.46894073486328
2017-07-19 12:00:00+00:00,0.27633988857269287,70.4625473022461,1.697840911269311,69.32037353515625
2017-07-20 00:00:00+00:00,0.28875553607940674,67.93869018554688,1.7421508140648556,66.64055633544922
2017-07-20 06:00:00+00:00,0.30259501934051514,66.5525894165039,1.7636282141007145,65.01416778564453
2017-07-20 12:00:00+00:00,0.28959226608276367,69.00538635253906,1.4361842556787208,67.753662109375
2017-07-20 18:00:00+00:00,0.31732356548309326,89.73870849609375,1.6025051176013645,88.00569152832031
2017-07-21 00:00:00+00:00,0.22388625144958496,60.904685974121094,1.3378540156487295,60.15296173095703
2017-07-21 06:00:00+00:00,0.24909818172454834,59.450191497802734,1.5611962885303878,58.43794250488281
2017-07-21 12:00:00+00:00,0.27492499351501465,57.220550537109375,1.9756617622652968,56.09475326538086
2017-07-21 18:00:00+00:00,0.23597264289855957,48.65236282348633,1.9537195572396384,47.78318786621094
2017-07-22 00:00:00+00:00,0.24766290187835693,54.94148635864258,1.7191262484492587,54.021156311035156
2017-07-22 06:00:00+00:00,0.20274531841278076,42.57586669921875,2.3208594287976347,41.95404815673828
2017-07-22 12:00:00+00:00,0.2311384677886963,40.86412048339844,2.310423890179322,40.07106018066406
2017-07-22 18:00:00+00:00,0.23415899276733398,41.528770446777344,2.3000355723820833,40.665130615234375
2017-07-23 00:00:00+00:00,0.23098409175872803,39.15207290649414,2.165808846790915,38.396514892578125
2017-07-23 06:00:00+00:00,0.2161571979522705,35.803428649902344,2.364409475840686,35.118560791015625
2017-07-23 12:00:00+00:00,0.17796099185943604,30.697853088378906,2.703167210743728,30.262636184692383
2017-07-23 18:00:00+00:00,0.15466856956481934,34.58146286010742,2.6856423563440663,34.226776123046875
2017-07-24 00:00:00+00:00,0.17388951778411865,33.349525451660156,2.318388907197551,32.94130325317383
2017-07-24 06:00:00+00:00,0.13843154907226562,30.02747917175293,2.786186578729291,29.75925636291504
2017-07-24 12:00:00+00:00,0.1712799072265625,27.82030487060547,2.7470577867858017,27.42840003967285
2017-07-24 18:00:00+00:00,0.1089777946472168,32.16329574584961,2.3538612992683343,31.988662719726562
2017-07-25 00:00:00+00:00,0.09632539749145508,25.314363479614258,3.0508860788970096,25.195175170898438
2017-07-25 06:00:00+00:00,0.10234260559082031,31.03777503967285,2.6753392116736188,30.888578414916992
2017-07-25 12:00:00+00:00,0.08059883117675781,31.383956909179688,2.7400310637527063,31.292800903320312
2017-07-25 18:00:00+00:00,0.09191310405731201,32.87252426147461,2.5740299097518964,32.74835968017578
2017-07-26 00:00:00+00:00,0.04869043827056885,29.121963500976562,2.4048203218939754,29.090627670288086
2017-07-26 06:00:00+00:00,0.058573246002197266,37.4682731628418,1.8448360996450388,37.4193000793457
2017-07-26 12:00:00+00:00,0.05047178268432617,37.191654205322266,1.7514962454207454,37.157264709472656
2017-07-26 18:00:00+00:00,0.009601593017578125,34.88352584838867,2.044106746179271,34.882225036621094
2017-07-27 00:00:00+00:00,0.0012155771255493164,36.68428039550781,2.235019787471584,36.684261322021484
2017-07-27 06:00:00+00:00,0.021002233028411865,42.829437255859375,1.7850204982970985,42.82341003417969
2017-07-27 12:00:00+00:00,0.006126046180725098,36.32236099243164,1.6167775155045783,36.32190704345703
2017-07-27 18:00:00+00:00,0.02718675136566162,38.91878128051758,2.1775993951544264,38.908233642578125
2017-07-28 00:00:00+00:00,0.021058857440948486,44.103633880615234,1.8603311149397452,44.097633361816406
2017-07-28 06:00:00+00:00,0.02498030662536621,38.036956787109375,1.778959738546821,38.0281982421875
2017-07-28 12:00:00+00:00,0.0493544340133667,31.29879379272461,2.2834546628607804,31.26873779296875
2017-07-28 18:00:00+00:00,0.034642696380615234,45.242435455322266,1.8147713959123408,45.224761962890625
2017-07-29 00:00:00+00:00,0.02341175079345703,38.7828483581543,1.8159921952110185,38.775238037109375
2017-07-29 06:00:00+00:00,0.07347440719604492,47.633949279785156,1.7425534897829276,47.5518913269043
2017-07-29 12:00:00+00:00,0.045409202575683594,54.281532287597656,1.4950229305183103,54.25422668457031
2017-07-29 18:00:00+00:00,0.0765453577041626,34.31623840332031,2.4207470655272734,34.2331657409668
2017-07-30 00:00:00+00:00,0.08416306972503662,43.339778900146484,1.6669961900895702,43.241092681884766
2017-07-30 06:00:00+00:00,0.12856459617614746,54.726173400878906,1.9204879770102274,54.46637725830078
2017-07-30 12:00:00+00:00,0.12271714210510254,33.133262634277344,2.2401834819588835,32.937408447265625
2017-07-30 18:00:00+00:00,0.16136384010314941,39.479190826416016,1.9574573978302257,39.10299301147461
2017-07-31 00:00:00+00:00,0.19940459728240967,47.076934814453125,1.9631071818877728,46.484989166259766
2017-07-31 06:00:00+00:00,0.2020026445388794,54.09525680541992,1.5153878938596401,53.51236343383789
2017-07-31 12:00:00+00:00,0.1900641918182373,38.112266540527344,2.299196614976692,37.66039276123047
2017-07-31 18:00:00+00:00,0.1952199935913086,62.48152542114258,1.3930961664885269,61.890560150146484
2017-08-01 00:00:00+00:00,0.18193566799163818,38.71609878540039,2.139477823196215,38.26805114746094
2017-08-01 06:00:00+00:00,0.23571288585662842,55.596466064453125,1.692365952421582,54.8190803527832
2017-08-01 12:00:00+00:00,0.18081343173980713,38.30860900878906,1.9428988145261157,37.931640625
2017-08-01 18:00:00+00:00,0.22775864601135254,43.655433654785156,2.013230813937411,42.906070709228516
2017-08-02 00:00:00+00:00,0.2418200969696045,74.92666625976562,1.0637568136021802,74.10562133789062
2017-08-02 06:00:00+00:00,0.19495618343353271,40.98329162597656,2.1387127897248193,40.46891784667969
2017-08-02 12:00:00+00:00,0.19799578189849854,40.108341217041016,1.6798635171352927,39.65537643432617
2017-08-02 18:00:00+00:00,0.2249511480331421,47.34229278564453,2.001153986860014,46.64768981933594
2017-08-03 00:00:00+00:00,0.2313307523727417,36.85264205932617,2.2434641123621977,36.185585021972656
2017-08-03 06:00:00+00:00,0.25812411308288574,54.498939514160156,1.8403198520574684,53.511592864990234
2017-08-03 12:00:00+00:00,0.28498315811157227,53.40452194213867,1.6072851495941873,52.34157943725586
2017-08-03 18:00:00+00:00,0.23923802375793457,49.21318054199219,1.786131976871841,48.38386535644531
2017-08-04 00:00:00+00:00,0.23310279846191406,44.20154571533203,1.7353420594665665,43.49079895019531
2017-08-04 06:00:00+00:00,0.24790382385253906,57.6563720703125,1.7506346788230294,56.707969665527344
2017-08-04 12:00:00+00:00,0.21452224254608154,47.630733489990234,1.6289829102286426,47.015010833740234
2017-08-04 18:00:00+00:00,0.28962600231170654,620.288330078125,0.7830228058941026,618.7628173828125
2017-08-05 00:00:00+00:00,0.19926655292510986,62.5298957824707,1.3628782736177298,61.992488861083984
2017-08-05 06:00:00+00:00,0.22812771797180176,38.48043441772461,2.528319516149958,37.68782424926758
2017-08-05 12:00:00+00:00,0.2691028118133545,33.681488037109375,2.37477010789022,32.72917556762695
2017-08-05 18:00:00+00:00,0.26865899562835693,34.381507873535156,2.8060543539672187,33.296287536621094
2017-08-06 00:00:00+00:00,0.24029886722564697,33.13603210449219,2.870018759125167,32.342960357666016
2017-08-06 06:00:00+00:00,0.19432318210601807,41.53471374511719,2.2607288854376386,40.913291931152344
2017-08-06 12:00:00+00:00,0.18005669116973877,30.96765899658203,2.5150593646872457,30.532772064208984
2017-08-06 18:00:00+00:00,0.20158278942108154,37.5395622253418,2.374600813714487,36.909881591796875
2017-08-07 00:00:00+00:00,0.08610224723815918,33.9124641418457,2.3431967538063065,33.81155776977539
2017-08-07 06:00:00+00:00,0.08115804195404053,38.222145080566406,2.375459491843179,38.12390899658203
2017-08-07 12:00:00+00:00,0.12498676776885986,35.47629928588867,2.5256996648729793,35.25524139404297
2017-08-07 18:00:00+00:00,0.12599289417266846,34.33774185180664,2.7257230231769594,34.10920715332031
2017-08-08 00:00:00+00:00,0.045656681060791016,66.75733947753906,1.7550224418282527,66.72652435302734
2017-08-08 06:00:00+00:00,0.060663461685180664,39.11445236206055,2.3013045985884935,39.05922317504883
2017-08-08 12:00:00+00:00,0.0407257080078125,47.5799674987793,2.2690608893691553,47.55669403076172
2017-08-08 18:00:00+00:00,0.027816057205200195,39.68568801879883,2.4807272972649272,39.674163818359375
2017-08-09 00:00:00+00:00,0.039252281188964844,39.39939498901367,2.2964367178406744,39.37866973876953
2017-08-09 06:00:00+00:00,0.057157695293426514,66.17036437988281,2.026097822187309,66.11505889892578
2017-08-09 12:00:00+00:00,0.022320330142974854,41.636783599853516,2.296129984023822,41.630428314208984
2017-08-09 18:00:00+00:00,0.010758638381958008,116.00762176513672,1.325116772917898,116.00553131103516
2017-08-10 00:00:00+00:00,0.04172182083129883,107.0457992553711,1.2278911551033114,107.01944732666016
2017-08-10 06:00:00+00:00,0.02104008197784424,39.705474853515625,2.3841584805823763,39.69898223876953
2017-08-10 12:00:00+00:00,0.15524685382843018,49.55160903930664,2.099289118866588,49.194007873535156
2017-08-10 18:00:00+00:00,0.1550370454788208,58.17399597167969,2.297952762680965,57.77887725830078
2017-08-11 00:00:00+00:00,0.18165993690490723,77.44781494140625,2.070057263160109,76.84223937988281
2017-08-11 06:00:00+00:00,0.24802827835083008,69.35448455810547,2.110027407968378,68.1839599609375
2017-08-11 12:00:00+00:00,0.31090521812438965,74.32770538330078,2.129340654628226,72.59795379638672
2017-08-11 18:00:00+00:00,0.2991783618927002,64.25489807128906,2.3197589008937047,62.608699798583984
2017-08-12 00:00:00+00:00,0.3099442720413208,72.3216323852539,1.9769963394616257,70.49839782714844
2017-08-12 06:00:00+00:00,0.2942018508911133,69.79601287841797,2.2960943846917194,68.1620101928711
2017-08-12 12:00:00+00:00,0.2857152223587036,63.934471130371094,1.8708239174414505,62.57332992553711
2017-08-12 18:00:00+00:00,0.3388936519622803,79.69941711425781,2.3032033518192674,77.53288269042969
2017-08-13 00:00:00+00:00,0.3969975709915161,140.12274169921875,1.454823750589128,136.68479919433594
2017-08-13 06:00:00+00:00,0.34993839263916016,112.6364974975586,1.8491930752534964,110.07388305664062
2017-08-13 12:00:00+00:00,0.4211636781692505,115.48662567138672,1.5482696144987855,112.23110961914062
2017-08-13 18:00:00+00:00,0.44172465801239014,130.9318084716797,2.045784372460845,126.4383544921875
2017-08-14 00:00:00+00:00,0.3823506832122803,122.51105499267578,1.7460341670632138,119.41832733154297
2017-08-14 06:00:00+00:00,0.40555429458618164,134.27281188964844,1.5120158587109636,130.7469940185547
2017-08-14 12:00:00+00:00,0.389359712600708,91.0837631225586,1.63523187048083,88.46717071533203
2017-08-14 18:00:00+00:00,0.3674459457397461,79.09732818603516,1.7099475113128153,76.5179443359375
2017-08-15 00:00:00+00:00,0.36031413078308105,91.01759338378906,1.8315100209164412,88.55130004882812
2017-08-15 06:00:00+00:00,0.36519086360931396,122.02033233642578,1.7979033532437918,119.36575317382812
2017-08-15 12:00:00+00:00,0.3217686414718628,83.3652114868164,1.6610705613613221,81.66988372802734
2017-08-15 18:00:00+00:00,0.32106101512908936,119.13673400878906,0.9797734700032354,117.27745056152344
2017-08-16 00:00:00+00:00,0.3928351402282715,121.1665267944336,1.1331223953302354,118.12982940673828
2017-08-16 06:00:00+00:00,0.3961219787597656,103.04579162597656,1.8352267859050617,100.0266342163086
2017-08-16 12:00:00+00:00,0.37189316749572754,116.86397552490234,0.8916354643026672,114.38572692871094
2017-08-16 18:00:00+00:00,0.36514389514923096,129.7791748046875,1.185630498597284,126.93451690673828
2017-08-17 00:00:00+00:00,0.36790168285369873,144.29347229003906,1.1176630045422267,141.55870056152344
2017-08-17 06:00:00+00:00,0.361777663230896,94.505859375,1.4986625494593553,91.8281478881836
2017-08-17 12:00:00+00:00,0.3551371097564697,73.59876251220703,1.919713624531065,71.5607681274414
2017-08-17 18:00:00+00:00,0.3687300682067871,72.83695220947266,2.140130634794879,70.32434844970703
2017-08-18 00:00:00+00:00,0.3539915084838867,76.19599151611328,1.4026572841198448,74.2535171508789
2017-08-18 06:00:00+00:00,0.2785303592681885,164.96580505371094,1.022764368961579,163.40638732910156
2017-08-18 12:00:00+00:00,0.3880840539932251,72.07331085205078,2.079283139866763,69.48198699951172
2017-08-18 18:00:00+00:00,0.35015809535980225,73.22332763671875,2.124541415900282,70.93836212158203
2017-08-19 00:00:00+00:00,0.31138789653778076,83.3760757446289,1.5677110608914493,81.65632629394531
2017-08-19 06:00:00+00:00,0.2581559419631958,61.365447998046875,1.7959062797379428,60.234840393066406
2017-08-19 12:00:00+00:00,0.33987605571746826,174.77630615234375,1.0163894251288592,172.77069091796875
2017-08-19 18:00:00+00:00,0.3270193338394165,46.71297836303711,2.448135198021559,44.87850570678711
2017-08-20 00:00:00+00:00,0.31927311420440674,127.84032440185547,1.3065998017761065,126.10581970214844
2017-08-20 06:00:00+00:00,0.23862004280090332,37.578365325927734,2.9144277797058744,36.69224166870117
2017-08-20 12:00:00+00:00,0.2905616760253906,70.65787506103516,1.4059146118720682,69.48212432861328
2017-08-20 18:00:00+00:00,0.23571717739105225,41.34498977661133,2.438164365319672,40.485565185546875
2017-08-21 00:00:00+00:00,0.07304179668426514,80.42317199707031,1.512146622843584,80.34321594238281
2017-08-21 06:00:00+00:00,0.04539048671722412,747.1651611328125,0.31572688685798755,747.12646484375
2017-08-21 12:00:00+00:00,0.19440960884094238,29.14827537536621,3.039545708907756,28.626047134399414
2017-08-21 18:00:00+00:00,0.16029298305511475,27.710281372070312,3.0176222768514975,27.372350692749023
2017-08-22 00:00:00+00:00,0.1149522066116333,26.775602340698242,3.0063566960777512,26.605873107910156
2017-08-22 06:00:00+00:00,0.28689467906951904,367.0631408691406,0.8850650464638806,365.5638122558594
2017-08-22 12:00:00+00:00,0.19950652122497559,24.269338607788086,2.943241005613503,23.802597045898438
2017-08-22 18:00:00+00:00,0.08275365829467773,24.404260635375977,3.3272158220734713,24.313785552978516
2017-08-23 00:00:00+00:00,0.05209684371948242,43.4249382019043,1.689891120493301,43.38836669921875
2017-08-23 06:00:00+00:00,0.06476616859436035,29.029592514038086,2.5903187879364764,28.973901748657227
2017-08-23 12:00:00+00:00,0.07653403282165527,204.65078735351562,0.6641049796598318,204.56173706054688
2017-08-23 18:00:00+00:00,0.062384843826293945,35.33177185058594,2.4130115901667835,35.27521896362305
2017-08-24 00:00:00+00:00,0.03577303886413574,28.433956146240234,2.7839740776956696,28.417213439941406
2017-08-24 06:00:00+00:00,0.0668872594833374,32.38801574707031,2.572938105611596,32.32815170288086
2017-08-24 12:00:00+00:00,0.08277809619903564,25.948013305664062,2.7598072276304118,25.86385726928711
2017-08-24 18:00:00+00:00,0.10263478755950928,157.5142822265625,0.9108645543943429,157.3429412841797
2017-08-25 00:00:00+00:00,0.05961024761199951,98.60324096679688,1.0213298679894207,98.55155944824219
2017-08-25 06:00:00+00:00,0.0706256628036499,36.286651611328125,2.064454406514475,36.2142333984375
2017-08-25 12:00:00+00:00,0.03928780555725098,27.56856918334961,2.6313890717113813,27.54869842529297
2017-08-25 18:00:00+00:00,0.06598269939422607,125.82064056396484,0.8843863044854139,125.75438690185547
2017-08-26 00:00:00+00:00,0.08355677127838135,30.606870651245117,2.4362104846769475,30.511903762817383
2017-08-26 06:00:00+00:00,0.1063605546951294,32.863582611083984,2.5223326696195096,32.70366668701172
2017-08-26 12:00:00+00:00,0.16874682903289795,94.920654296875,0.8813201854678789,94.5263900756836
2017-08-26 18:00:00+00:00,0.17610633373260498,61.4892578125,1.3155339979937162,61.03963088989258
2017-08-27 00:00:00+00:00,0.18266332149505615,40.573753356933594,1.8563490399726035,40.09674835205078
2017-08-27 06:00:00+00:00,0.17181682586669922,39.56416320800781,1.9291926411322637,39.163230895996094
2017-08-27 12:00:00+00:00,0.16294622421264648,47.1373176574707,1.918008302062108,46.785179138183594
2017-08-27 18:00:00+00:00,0.19639813899993896,64.69322204589844,1.3265726779354048,64.08509826660156
2017-08-28 00:00:00+00:00,0.18378639221191406,78.61856842041016,1.046115304809766,78.11865234375
2017-08-28 06:00:00+00:00,0.20927715301513672,42.024620056152344,1.990080295072707,41.466026306152344
2017-08-28 12:00:00+00:00,0.19507312774658203,38.297218322753906,1.3678809480313092,37.8680534362793
2017-08-28 18:00:00+00:00,0.22140324115753174,43.18806457519531,2.386844853337564,42.468441009521484
2017-08-29 00:00:00+00:00,0.20017528533935547,33.64971160888672,2.338916049652604,33.13705062866211
2017-08-29 06:00:00+00:00,0.2035219669342041,62.0496711730957,1.2035784834738348,61.46619415283203
2017-08-29 12:00:00+00:00,0.2076733112335205,50.187652587890625,1.7513678951137983,49.68547821044922
2017-08-29 18:00:00+00:00,0.20564472675323486,43.5677604675293,2.011056156784982,42.962684631347656
2017-08-30 00:00:00+00:00,0.19582831859588623,37.17238998413086,1.8901042411830993,36.69017028808594
2017-08-30 06:00:00+00:00,0.18720364570617676,45.062992095947266,1.8556663254647225,44.574241638183594
2017-08-30 12:00:00+00:00,0.22157716751098633,48.844051361083984,1.8215415902090564,48.210018157958984
2017-08-30 18:00:00+00:00,0.19765472412109375,210.5161590576172,0.42013168902908093,209.9033203125
2017-08-31 00:00:00+00:00,0.15594041347503662,36.681243896484375,2.2893496214253988,36.34818649291992
2017-08-31 06:00:00+00:00,0.19853174686431885,44.18443298339844,2.324793028431171,43.596214294433594
2017-08-31 12:00:00+00:00,0.1860417127609253,33.64218521118164,2.2096245535336814,33.202430725097656
2017-08-31 18:00:00+00:00,0.1837470531463623,44.951053619384766,2.0434281783004486,44.43501281738281
2017-09-01 00:00:00+00:00,0.18497228622436523,33.55567169189453,2.100716978836262,33.12118911743164
2017-09-01 06:00:00+00:00,0.19328749179840088,49.24967575073242,1.989619421843096,48.6282958984375
2017-09-01 12:00:00+00:00,0.2113935947418213,36.945823669433594,2.36513671587507,36.32450866699219
2017-09-01 18:00:00+00:00,0.21215903759002686,44.601463317871094,1.923942572087165,43.91489791870117
2017-09-02 00:00:00+00:00,0.10884618759155273,62.271705627441406,1.210427525195751,62.09397506713867
2017-09-02 06:00:00+00:00,0.22288763523101807,33.69786071777344,2.8801235402096563,32.912620544433594
2017-09-02 12:00:00+00:00,0.1430809497833252,29.774396896362305,2.957829930765954,29.478384017944336
2017-09-02 18:00:00+00:00,0.24063777923583984,88.6043701171875,1.3265481448552576,87.55146026611328
2017-09-03 00:00:00+00:00,0.16999280452728271,41.74443817138672,2.1461680792417637,41.28455352783203
2017-09-03 06:00:00+00:00,0.16773498058319092,32.83525085449219,2.96526833965241,32.382686614990234
2017-09-03 12:00:00+00:00,0.18357157707214355,27.68964195251465,2.8024983973821573,27.2377986907959
2017-09-03 18:00:00+00:00,0.18065321445465088,32.52082061767578,2.584008866671676,32.00878143310547
2017-09-04 00:00:00+00:00,0.1745065450668335,30.547853469848633,2.857868836513988,30.10946273803711
2017-09-04 06:00:00+00:00,0.2605651617050171,35.73591613769531,3.1953019614124454,34.60216522216797
2017-09-04 12:00:00+00:00,0.19980883598327637,32.353370666503906,2.780336855276534,31.768091201782227
2017-09-04 18:00:00+00:00,0.2245032787322998,37.569862365722656,2.6554733362893437,36.75334167480469
2017-09-05 00:00:00+00:00,0.18636929988861084,31.69955062866211,2.8240792341918803,31.180696487426758
2017-09-05 06:00:00+00:00,0.18554449081420898,39.650169372558594,2.5516700373746164,39.07473373413086
2017-09-05 12:00:00+00:00,0.21648097038269043,46.64406204223633,2.083673382637886,45.92828369140625
2017-09-05 18:00:00+00:00,0.23751163482666016,41.312408447265625,2.6372976150060636,40.392826080322266
2017-09-06 00:00:00+00:00,0.2145761251449585,46.43257141113281,2.289236289669473,45.64836883544922
2017-09-06 06:00:00+00:00,0.22764551639556885,57.032310485839844,2.0554939238964898,56.044097900390625
2017-09-06 12:00:00+00:00,1.0,3300.234375,0.2685302803368195,3300.167236328125
2017-09-06 18:00:00+00:00,0.26023125648498535,50.29798126220703,2.387383699885632,49.08855438232422
2017-09-07 00:00:00+00:00,0.267075777053833,42.250667572021484,2.4100598416739976,41.0257682800293
2017-09-07 06:00:00+00:00,0.30391180515289307,58.85496520996094,2.284958234521616,57.04167556762695
2017-09-07 12:00:00+00:00,0.25471794605255127,48.44981384277344,2.5300994113725617,47.2743034362793
2017-09-07 18:00:00+00:00,0.32723867893218994,57.883243560791016,2.6084159421514332,55.797725677490234
2017-09-08 00:00:00+00:00,0.3168978691101074,47.27125549316406,2.528742930126871,45.5285530090332
2017-09-08 06:00:00+00:00,0.31677067279815674,69.35469055175781,2.4048037405061833,67.17567443847656
2017-09-08 12:00:00+00:00,0.3326587677001953,64.86888885498047,2.1893404402851218,62.78914260864258
2017-09-08 18:00:00+00:00,0.39916086196899414,117.92992401123047,1.7321385151453155,114.24592590332031
2017-09-09 00:00:00+00:00,0.2793300151824951,74.83332061767578,2.207335397779002,73.24663543701172
2017-09-09 06:00:00+00:00,0.38160932064056396,87.99797058105469,2.2029198851295364,84.66813659667969
2017-09-09 12:00:00+00:00,0.4137413501739502,115.15000915527344,1.6916361798039339,111.4559326171875
2017-09-09 18:00:00+00:00,0.34360814094543457,145.64724731445312,1.3884672977549788,142.7213897705078
2017-09-10 00:00:00+00:00,0.36192965507507324,94.07733154296875,2.1316419415130516,91.10210418701172
2017-09-10 06:00:00+00:00,0.3568607568740845,145.8822784423828,1.1510351852020102,142.89361572265625
2017-09-10 12:00:00+00:00,0.3936460018157959,86.90386962890625,1.935597578517401,84.00285339355469
2017-09-10 18:00:00+00:00,0.33224499225616455,88.26129150390625,2.1387103585260676,85.87751770019531
2017-09-11 00:00:00+00:00,0.32177186012268066,106.70171356201172,1.230339953858353,104.37450408935547
2017-09-11 06:00:00+00:00,0.335074782371521,82.29878997802734,2.1103081428796586,79.8797836303711
2017-09-11 12:00:00+00:00,0.3249763250350952,74.70243835449219,1.6726528558092357,72.89100646972656
2017-09-11 18:00:00+00:00,0.3557250499725342,109.31468963623047,1.337048616250193,106.6087646484375
2017-09-12 00:00:00+00:00,0.35228586196899414,100.21675872802734,1.973042070624058,97.62528228759766
2017-09-12 06:00:00+00:00,0.370036244392395,172.79791259765625,0.9925349473452442,169.8116912841797
2017-09-12 12:00:00+00:00,0.3595536947250366,82.08116149902344,1.7051361339375923,79.88925170898438
2017-09-12 18:00:00+00:00,0.3412092924118042,86.96685028076172,1.7169439567021185,84.57569122314453
2017-09-13 00:00:00+00:00,0.3118652105331421,70.02792358398438,2.20664183586949,68.19998931884766
2017-09-13 06:00:00+00:00,0.3244147300720215,83.67147827148438,2.051643065812891,81.59689331054688
2017-09-13 12:00:00+00:00,0.2959641218185425,63.47712707519531,2.1058928280172027,61.998043060302734
2017-09-13 18:00:00+00:00,0.32860779762268066,66.46452331542969,1.8293291111078085,64.38712310791016
2017-09-14 00:00:00+00:00,0.2984960079193115,85.54254150390625,1.4688423072798251,83.8193359375
2017-09-14 06:00:00+00:00,0.2900359630584717,66.40663146972656,2.1437707525276184,64.74056243896484
2017-09-14 12:00:00+00:00,0.2952558994293213,52.1480827331543,2.288068376851273,50.65627670288086
2017-09-14 18:00:00+00:00,0.30041730403900146,63.039146423339844,2.409034240803463,61.26121520996094
2017-09-15 00:00:00+00:00,0.2894819974899292,63.501190185546875,1.9584436294097753,61.97825622558594
2017-09-15 06:00:00+00:00,0.2804974317550659,47.70751190185547,2.7357607495617993,46.24836349487305
2017-09-15 12:00:00+00:00,0.30214762687683105,43.459938049316406,2.39354234827956,41.972412109375
2017-09-15 18:00:00+00:00,0.30496227741241455,51.45439529418945,2.254761738217435,49.74724197387695
2017-09-16 00:00:00+00:00,0.25085628032684326,50.12699508666992,2.363290588730864,48.987857818603516
2017-09-16 06:00:00+00:00,0.3029547929763794,47.818321228027344,2.535013445576999,46.119232177734375
2017-09-16 12:00:00+00:00,0.277363657951355,126.38368225097656,0.8584460552314598,125.05001068115234
2017-09-16 18:00:00+00:00,0.2744513750076294,50.12104034423828,2.2073365415584987,48.73048782348633
2017-09-17 00:00:00+00:00,0.23710739612579346,48.09224319458008,1.897546741605487,47.13079833984375
2017-09-17 06:00:00+00:00,0.24598264694213867,42.76311492919922,2.4090850966685955,41.713600158691406
2017-09-17 12:00:00+00:00,0.2585132122039795,46.81831359863281,2.018648263766834,45.75307846069336
2017-09-17 18:00:00+00:00,0.19814419746398926,52.63960266113281,1.5363488057839698,51.96159744262695
2017-09-18 00:00:00+00:00,0.2284841537475586,41.292198181152344,2.3497227440062742,40.444664001464844
2017-09-18 06:00:00+00:00,0.18864595890045166,40.03373336791992,2.6362018255593207,39.42985534667969
2017-09-18 12:00:00+00:00,0.18227553367614746,38.340538024902344,2.1552266156581803,37.831912994384766
2017-09-18 18:00:00+00:00,0.20702850818634033,52.29612350463867,2.2298419144013177,51.51967239379883
2017-09-19 00:00:00+00:00,0.11362588405609131,34.168582916259766,2.693365879896703,33.96110153198242
2017-09-19 06:00:00+00:00,0.1046057939529419,59.05302429199219,1.8023838784218318,58.84808349609375
2017-09-19 12:00:00+00:00,0.1356598138809204,45.88737487792969,2.106849525551555,45.5810546875
2017-09-19 18:00:00+00:00,0.10592412948608398,41.96613311767578,2.536471783071698,41.768310546875
2017-09-20 00:00:00+00:00,0.0749133825302124,39.37820053100586,2.146508833157789,39.28687286376953
2017-09-20 06:00:00+00:00,0.035178542137145996,59.832069396972656,1.6789316988460532,59.809329986572266
2017-09-20 12:00:00+00:00,0.06756460666656494,39.964447021484375,2.0284012602403543,39.89552688598633
2017-09-20 18:00:00+00:00,0.05845153331756592,39.84314727783203,2.302903300455913,39.78600311279297
2017-09-21 00:00:00+00:00,0.06042361259460449,44.4189567565918,1.7213142652333915,44.358787536621094
2017-09-21 06:00:00+00:00,0.08022439479827881,43.99726486206055,2.1980652454148304,43.88579177856445
2017-09-21 12:00:00+00:00,0.1248781681060791,171.31964111328125,0.8541720290168608,171.04759216308594
2017-09-21 18:00:00+00:00,0.03338432312011719,58.5726432800293,1.5718590196292854,58.552364349365234
2017-09-22 00:00:00+00:00,0.08698320388793945,53.07416915893555,1.9235200553049017,52.942527770996094
2017-09-22 06:00:00+00:00,0.10583639144897461,58.31970977783203,1.6622609925999718,58.112735748291016
2017-09-22 12:00:00+00:00,0.17452740669250488,55.80030059814453,1.8771373139470497,55.297035217285156
2017-09-22 18:00:00+00:00,0.15470921993255615,59.957340240478516,1.4593704301436075,59.555442810058594
2017-09-23 00:00:00+00:00,0.16112291812896729,94.73296356201172,1.0801276220496705,94.28321838378906
2017-09-23 06:00:00+00:00,0.22603905200958252,49.38541030883789,2.3860984386336375,48.551570892333984
2017-09-23 12:00:00+00:00,0.21989977359771729,111.83763885498047,1.1208853252275917,111.09431457519531
2017-09-23 18:00:00+00:00,0.2403930425643921,63.70989227294922,1.952219753014203,62.748863220214844
2017-09-24 00:00:00+00:00,0.23769831657409668,69.08486938476562,1.7134365192405154,68.09209442138672
2017-09-24 06:00:00+00:00,0.22295057773590088,59.378273010253906,1.8748480922560877,58.58368682861328
2017-09-24 12:00:00+00:00,0.2524590492248535,51.193603515625,1.7544304878980892,50.394676208496094
2017-09-24 18:00:00+00:00,0.21260285377502441,56.84565734863281,1.7865054405887628,56.165260314941406
2017-09-25 00:00:00+00:00,0.20856797695159912,46.70508575439453,1.8465658547859825,46.065277099609375
2017-09-25 06:00:00+00:00,0.22080910205841064,51.736534118652344,1.7265909104384982,51.00924301147461
2017-09-25 12:00:00+00:00,0.21837270259857178,40.652286529541016,1.8504652441449647,40.07391357421875
2017-09-25 18:00:00+00:00,0.24096143245697021,63.732826232910156,2.0282506316568623,62.79617691040039
2017-09-26 00:00:00+00:00,0.2456223964691162,54.17399597167969,1.8183286268606742,53.283931732177734
2017-09-26 06:00:00+00:00,0.21428334712982178,38.17517852783203,2.326529162686026,37.53704071044922
2017-09-26 12:00:00+00:00,0.244781494140625,53.68202209472656,1.5804373809250472,52.873287200927734
2017-09-26 18:00:00+00:00,0.22626423835754395,61.15537643432617,1.5053775897821027,60.32963180541992
2017-09-27 00:00:00+00:00,0.2717282772064209,49.94999313354492,2.1059600969051657,48.8155517578125
2017-09-27 06:00:00+00:00,0.20502185821533203,39.02317428588867,2.3039740416713146,38.38804626464844
2017-09-27 12:00:00+00:00,0.25738024711608887,33.03358840942383,2.5959139117328394,32.1075325012207
2017-09-27 18:00:00+00:00,0.2283414602279663,47.059730529785156,2.309203714578777,46.169254302978516
2017-09-28 00:00:00+00:00,0.21217703819274902,38.41889190673828,2.321955787742553,37.756526947021484
2017-09-28 06:00:00+00:00,0.23631513118743896,38.33404541015625,2.7725914242577936,37.411903381347656
2017-09-28 12:00:00+00:00,0.23324263095855713,34.112396240234375,2.924631685031058,33.269493103027344
2017-09-28 18:00:00+00:00,0.2218477725982666,53.478782653808594,2.004306058675474,52.60390090942383
2017-09-29 00:00:00+00:00,0.14293599128723145,142.89854431152344,1.0366443751232841,142.54547119140625
2017-09-29 06:00:00+00:00,0.23587918281555176,40.0919303894043,2.628385505563418,39.20508575439453
2017-09-29 12:00:00+00:00,0.22441279888153076,82.96583557128906,1.508016590618452,82.17919921875
2017-09-29 18:00:00+00:00,0.3056764602661133,39.63970947265625,2.82063153882208,38.080562591552734
2017-09-30 00:00:00+00:00,0.25559568405151367,35.65073013305664,2.9621913510312305,34.66107177734375
2017-09-30 06:00:00+00:00,0.21915197372436523,33.75358200073242,2.8592527329364685,33.04852294921875
2017-09-30 12:00:00+00:00,0.25203442573547363,32.140357971191406,2.5587627759701137,31.260883331298828
2017-09-30 18:00:00+00:00,0.18498587608337402,39.02180099487305,2.45421858251225,38.47660446166992
2017-10-01 00:00:00+00:00,0.15523576736450195,34.90336990356445,2.407852018049746,34.57147216796875
2017-10-01 06:00:00+00:00,0.06833171844482422,56.55686950683594,1.6553875842555912,56.48103713989258
2017-10-01 12:00:00+00:00,0.033190250396728516,43.28794479370117,2.1785808453431144,43.27122497558594
2017-10-01 18:00:00+00:00,0.009928107261657715,51.9640007019043,2.0312418722549865,51.96239471435547
2017-10-02 00:00:00+00:00,0.026781439781188965,56.00603103637695,1.6336143790773576,55.995506286621094
2017-10-02 06:00:00+00:00,0.01722615957260132,71.99321746826172,1.8040527158249269,71.98831939697266
2017-10-02 12:00:00+00:00,0.08078521490097046,290.1902770996094,0.6253587740554433,290.0914001464844
2017-10-02 18:00:00+00:00,0.10499507188796997,59.0313720703125,2.0560023234115183,58.85750961303711
2017-10-03 00:00:00+00:00,0.0694388747215271,38.76716232299805,2.4709075383605645,38.6945915222168
2017-10-03 06:00:00+00:00,0.13626301288604736,41.8695182800293,2.3374563010766245,41.59646224975586
2017-10-03 12:00:00+00:00,0.17992573976516724,77.92797088623047,1.700008182005247,77.418212890625
2017-10-03 18:00:00+00:00,0.049440741539001465,57.055084228515625,2.3226241633551226,57.011131286621094
2017-10-04 00:00:00+00:00,0.15114861726760864,66.82244873046875,2.214424637562294,66.40990447998047
2017-10-04 06:00:00+00:00,0.03029334545135498,62.98375701904297,2.1757175673122826,62.966793060302734
2017-10-04 12:00:00+00:00,0.031350016593933105,47.744022369384766,2.115456432957192,47.72823715209961
2017-10-05 00:00:00+00:00,0.10267937183380127,82.21800994873047,1.6211441180906667,81.99752807617188
2017-10-05 06:00:00+00:00,0.16704142093658447,81.32183837890625,1.7718684395128197,80.70629119873047
2017-10-05 12:00:00+00:00,0.15702581405639648,63.51240158081055,2.2555365886338508,62.99928665161133
2017-10-05 18:00:00+00:00,0.1980506181716919,76.49187469482422,1.9857330248421545,75.56507110595703
2017-10-06 00:00:00+00:00,0.23562121391296387,72.54273986816406,2.238282704849093,71.30964660644531
2017-10-06 06:00:00+00:00,0.19389617443084717,64.81635284423828,2.336743031860018,64.04456329345703
2017-10-06 12:00:00+00:00,0.24462103843688965,78.05391693115234,1.831101299916323,76.8448257446289
2017-10-06 18:00:00+00:00,0.23218679428100586,108.77776336669922,1.2625509321243515,107.51899719238281
2017-10-07 00:00:00+00:00,0.28120505809783936,76.9444580078125,2.2732883244015656,75.38109588623047
2017-10-07 06:00:00+00:00,0.25946688652038574,62.44059753417969,2.1489004666328277,61.198341369628906
2017-10-07 12:00:00+00:00,0.3277047872543335,64.66232299804688,2.078591746598906,62.85957717895508
2017-10-07 18:00:00+00:00,0.31296098232269287,80.2213363647461,2.2037248464039525,78.23224639892578
2017-10-08 00:00:00+00:00,0.35008978843688965,84.04883575439453,2.178124191019349,81.46910858154297
2017-10-08 06:00:00+00:00,0.3403923511505127,85.57740783691406,1.9076108495626218,83.28855895996094
2017-10-08 12:00:00+00:00,0.35145998001098633,72.35685729980469,2.470235579217888,70.09456634521484
2017-10-08 18:00:00+00:00,0.3209570646286011,72.91172790527344,2.0762749147617328,70.97616577148438
2017-10-09 00:00:00+00:00,0.3250410556793213,61.771514892578125,2.4555691975842002,59.83171844482422
2017-10-09 06:00:00+00:00,0.2991551160812378,64.45523834228516,1.65046264025748,62.86912155151367
2017-10-09 12:00:00+00:00,0.32070624828338623,62.90239334106445,2.1495877487098642,61.27019500732422
2017-10-09 18:00:00+00:00,0.3313790559768677,66.10293579101562,2.057730912022849,64.20608520507812
2017-10-10 00:00:00+00:00,0.269008994102478,55.72637176513672,2.1812793979179963,54.529296875
2017-10-10 06:00:00+00:00,0.28955912590026855,48.064361572265625,2.1988966453569465,46.714290618896484
2017-10-10 12:00:00+00:00,0.25544798374176025,48.48643493652344,2.2395547809692484,47.55268096923828
2017-10-10 18:00:00+00:00,0.3082449436187744,55.009849548339844,2.5356512274647707,53.49122619628906
2017-10-11 00:00:00+00:00,0.26072824001312256,85.1248779296875,1.1451237413515183,84.03211975097656
2017-10-11 06:00:00+00:00,0.2730065584182739,53.809967041015625,2.244041071646868,52.551334381103516
2017-10-11 12:00:00+00:00,0.31506311893463135,44.82257843017578,2.305795615586242,43.39936447143555
2017-10-12 00:00:00+00:00,0.2423769235610962,68.13253021240234,1.7586140482299364,67.1819076538086
2017-10-12 06:00:00+00:00,0.272419810295105,48.03350830078125,2.4458285955823804,46.79802322387695
2017-10-12 12:00:00+00:00,0.30293309688568115,45.23164749145508,2.5087316718900006,43.817291259765625
2017-10-12 18:00:00+00:00,0.2650083303451538,51.15610885620117,1.968088800532678,50.07283020019531
2017-10-13 00:00:00+00:00,0.2375577688217163,33.2922248840332,2.562509830578076,32.525672912597656
2017-10-13 06:00:00+00:00,0.23689723014831543,37.54941940307617,2.5877946408387684,36.739627838134766
2017-10-13 12:00:00+00:00,0.24988114833831787,30.581064224243164,2.4051864301336163,29.790674209594727
2017-10-13 18:00:00+00:00,0.25569796562194824,34.69113540649414,2.597093077638974,33.78718948364258
2017-10-14 00:00:00+00:00,0.2773324251174927,33.834815979003906,2.7478026286589197,32.77632522583008
2017-10-14 06:00:00+00:00,0.22925984859466553,29.28620719909668,2.639330367042609,28.58234214782715
2017-10-14 12:00:00+00:00,0.2058638334274292,28.871631622314453,2.4490274194951365,28.320758819580078
2017-10-14 18:00:00+00:00,0.18204045295715332,33.719093322753906,2.361777462471485,33.25003433227539
2017-10-15 00:00:00+00:00,0.1960541009902954,34.9945068359375,2.1992500345457646,34.46188735961914
2017-10-15 06:00:00+00:00,0.2186037302017212,40.49258804321289,1.8730904964167951,39.789207458496094
2017-10-15 12:00:00+00:00,0.1106729507446289,33.55889892578125,2.433461592075999,33.3984489440918
2017-10-15 18:00:00+00:00,0.09952116012573242,49.554351806640625,1.9278379515453412,49.40446472167969
2017-10-16 00:00:00+00:00,0.06624984741210938,46.114356994628906,2.2723277051132555,46.051090240478516
2017-10-16 06:00:00+00:00,0.035124778747558594,70.40301513671875,1.5624300829151807,70.38430786132812
2017-10-16 12:00:00+00:00,0.07182371616363525,51.58666229248047,1.775976721868425,51.52174377441406
2017-10-16 18:00:00+00:00,0.007607698440551758,75.52967071533203,1.5135450312717842,75.52876281738281
2017-10-17 00:00:00+00:00,0.013159513473510742,69.91771697998047,1.5470647037161211,69.91515350341797
2017-10-17 06:00:00+00:00,0.029636859893798828,51.05101776123047,1.8980644478568718,51.038665771484375
2017-10-17 12:00:00+00:00,0.07010960578918457,38.69125747680664,1.9409666842552666,38.6308708190918
2017-10-17 18:00:00+00:00,0.06851506233215332,62.958290100097656,1.581313520933743,62.887168884277344
2017-10-18 00:00:00+00:00,0.0035848617553710938,58.12288284301758,1.8957578888130404,58.12268829345703
2017-10-18 06:00:00+00:00,0.020770907402038574,61.314476013183594,1.5735416723995668,61.30843734741211
2017-10-18 12:00:00+00:00,0.09714412689208984,45.58673095703125,1.679238340942054,45.46895217895508
2017-10-18 18:00:00+00:00,0.029422760009765625,42.502159118652344,1.881279114433565,42.49060821533203
2017-10-19 00:00:00+00:00,0.01448678970336914,53.96531677246094,1.575987528019219,53.96245574951172
2017-10-19 06:00:00+00:00,0.08416545391082764,44.777565002441406,2.1896493651820115,44.6733283996582
2017-10-19 12:00:00+00:00,0.10462522506713867,57.96181869506836,1.6072655267954377,57.807777404785156
2017-10-19 18:00:00+00:00,0.11788082122802734,60.78337860107422,1.6505839916004685,60.565185546875
2017-10-20 00:00:00+00:00,0.1895618438720703,53.20689392089844,1.6417091246984847,52.69355773925781
2017-10-20 06:00:00+00:00,0.20214879512786865,44.270774841308594,1.9243961807362,43.69066619873047
2017-10-20 12:00:00+00:00,0.24686598777770996,34.13748550415039,2.448328938317464,33.380855560302734
2017-10-20 18:00:00+00:00,0.1812683343887329,69.2083511352539,1.3327324042205646,68.73406219482422
2017-10-21 00:00:00+00:00,0.22448575496673584,58.218116760253906,2.1235774027596266,57.51826858520508
2017-10-21 06:00:00+00:00,0.19694983959197998,40.71488952636719,2.0391533204067986,40.22045135498047
2017-10-21 12:00:00+00:00,0.1765913963317871,37.10968017578125,2.0279882572621233,36.75210189819336
2017-10-21 18:00:00+00:00,0.21849346160888672,53.120121002197266,2.0475215335435455,52.434104919433594
2017-10-22 00:00:00+00:00,0.21662795543670654,49.62688064575195,1.8867342721903717,48.95207214355469
2017-10-22 06:00:00+00:00,0.18774211406707764,38.26472473144531,1.857578049023893,37.812313079833984
2017-10-22 12:00:00+00:00,0.22775685787200928,34.931480407714844,2.3892159143570337,34.291873931884766
2017-10-22 18:00:00+00:00,0.21475303173065186,36.60988235473633,2.629487717756634,35.95856857299805
2017-10-23 00:00:00+00:00,0.17545998096466064,43.75695037841797,2.3352219085720893,43.27805709838867
2017-10-23 06:00:00+00:00,0.17353546619415283,41.238834381103516,2.129000194349566,40.808929443359375
2017-10-23 12:00:00+00:00,0.2592959403991699,41.62667465209961,2.5999023452686796,40.61247634887695
2017-10-23 18:00:00+00:00,0.19406795501708984,42.068355560302734,2.535665297699285,41.454376220703125
2017-10-24 00:00:00+00:00,0.16827404499053955,42.27582550048828,2.2255887433871857,41.854618072509766
2017-10-24 06:00:00+00:00,0.13981842994689941,31.840726852416992,2.644480367365919,31.560243606567383
2017-10-24 12:00:00+00:00,0.17251408100128174,43.47988510131836,2.329312993418791,43.00700378417969
2017-10-24 18:00:00+00:00,0.2737264633178711,44.76520538330078,2.5263789830058236,43.43334197998047
2017-10-25 00:00:00+00:00,0.18754589557647705,46.3705940246582,2.0943943498012634,45.781368255615234
2017-10-25 06:00:00+00:00,0.1785215139389038,37.91776657104492,2.180607439366288,37.421966552734375
2017-10-25 12:00:00+00:00,0.24851369857788086,38.05941390991211,2.5993045127728256,37.052879333496094
2017-10-25 18:00:00+00:00,0.21382951736450195,39.75159454345703,2.584073731870855,38.985904693603516
2017-10-26 00:00:00+00:00,0.13798856735229492,32.63359069824219,2.8455873488923995,32.33269119262695
2017-10-26 06:00:00+00:00,0.15410995483398438,39.56494903564453,2.7293272588165927,39.16661834716797
2017-10-26 12:00:00+00:00,0.10207760334014893,38.54700469970703,2.5213180033588296,38.37163162231445
2017-10-26 18:00:00+00:00,0.17190265655517578,37.514137268066406,2.75739476386167,37.013553619384766
2017-10-27 00:00:00+00:00,0.14498579502105713,44.226749420166016,2.4132720441500384,43.85920715332031
2017-10-27 06:00:00+00:00,0.07843708992004395,37.92146682739258,2.545294851680011,37.81452560424805
2017-10-27 12:00:00+00:00,0.12956464290618896,44.68205642700195,2.531930225563552,44.38020706176758
2017-10-27 18:00:00+00:00,0.059691667556762695,46.974708557128906,2.401000724872574,46.90851593017578
2017-10-28 00:00:00+00:00,0.012234687805175781,59.788509368896484,2.117069347824698,59.785823822021484
2017-10-28 06:00:00+00:00,0.006290555000305176,84.05966186523438,1.475121141500019,84.05891418457031
2017-10-28 12:00:00+00:00,0.10468906164169312,177.22113037109375,0.8837594225208896,177.04835510253906
2017-10-28 18:00:00+00:00,0.12621986865997314,76.24198913574219,1.967847149213614,75.92488861083984
2017-10-29 00:00:00+00:00,0.14188939332962036,90.32473754882812,2.0473143615157308,89.92526245117188
2017-10-29 06:00:00+00:00,0.2086085081100464,98.54362487792969,1.9035582728898781,97.66533660888672
2017-10-29 12:00:00+00:00,0.18694162368774414,66.71065521240234,1.802513494101585,66.16484069824219
2017-10-29 18:00:00+00:00,0.16545307636260986,92.7484359741211,1.7525600232340173,92.2243423461914
2017-10-30 00:00:00+00:00,0.22402632236480713,188.70819091796875,1.1276387898272924,187.5770721435547
2017-10-30 06:00:00+00:00,0.17229020595550537,111.93677520751953,1.2760160203336528,111.33780670166016
2017-10-30 12:00:00+00:00,0.19749540090560913,85.80894470214844,1.5668788905110094,85.1227798461914
2017-10-30 18:00:00+00:00,0.24429863691329956,73.26622009277344,2.25162833026206,72.18074035644531
2017-10-31 00:00:00+00:00,0.23995548486709595,84.1260986328125,1.9075214768209448,83.02845764160156
2017-10-31 06:00:00+00:00,0.18995881080627441,57.027191162109375,2.027886722512673,56.38261032104492
2017-10-31 12:00:00+00:00,0.17972606420516968,58.908329010009766,2.3500931784282058,58.34757614135742
2017-10-31 18:00:00+00:00,0.14601296186447144,56.24505615234375,2.1744882838034347,55.86916732788086
2017-11-01 00:00:00+00:00,0.17645490169525146,76.73189544677734,2.0241117973104874,76.147216796875
2017-11-01 06:00:00+00:00,0.1175767183303833,71.82366180419922,2.034558488731293,71.56279754638672
2017-11-01 12:00:00+00:00,0.0825570821762085,64.18511199951172,1.9012796504653657,64.0654067993164
2017-11-01 18:00:00+00:00,0.020232439041137695,70.34495544433594,1.7986233512837049,70.33698272705078
2017-11-02 00:00:00+00:00,0.03524303436279297,69.05152130126953,1.4060199338846848,69.029541015625
2017-11-02 06:00:00+00:00,0.05422794818878174,56.107357025146484,1.9218881966016639,56.05559158325195
2017-11-02 12:00:00+00:00,0.05212998390197754,41.364810943603516,2.4498909156905913,41.32300567626953
2017-11-02 18:00:00+00:00,0.12137937545776367,53.60363006591797,1.8763066862023163,53.35004806518555
2017-11-03 00:00:00+00:00,0.12619459629058838,68.88931274414062,1.6011006575823754,68.61441802978516
2017-11-03 06:00:00+00:00,0.1283799409866333,77.13158416748047,1.3774446962073175,76.83422088623047
2017-11-03 12:00:00+00:00,0.19918692111968994,62.90157699584961,2.224093416409956,62.270179748535156
2017-11-03 18:00:00+00:00,0.23886263370513916,56.95399475097656,2.1626137236334393,56.0168342590332
2017-11-04 00:00:00+00:00,0.28581297397613525,89.15786743164062,1.920640856247818,87.7313232421875
2017-11-04 06:00:00+00:00,0.283833384513855,90.78125762939453,1.5090037717441314,89.36717224121094
2017-11-04 12:00:00+00:00,0.28984320163726807,50.256103515625,1.8662263810640893,49.185733795166016
2017-11-04 18:00:00+00:00,0.34896135330200195,67.50141143798828,2.055456049804797,65.61630249023438
2017-11-05 00:00:00+00:00,0.3675328493118286,73.1451416015625,2.005056740702608,70.765625
2017-11-05 06:00:00+00:00,0.37598252296447754,83.24236297607422,1.747769189078284,80.87322998046875
2017-11-05 12:00:00+00:00,0.3804941177368164,73.92767333984375,1.666229431474513,71.7291030883789
2017-11-05 18:00:00+00:00,0.3964695930480957,98.72673797607422,1.5405585356599594,96.01005554199219
2017-11-06 00:00:00+00:00,0.3167698383331299,72.35692596435547,1.3893793847169316,70.70316314697266
2017-11-06 06:00:00+00:00,0.36840057373046875,103.19937896728516,1.663862442269728,100.72699737548828
2017-11-06 12:00:00+00:00,0.34197723865509033,67.14913940429688,1.7786837030532572,65.35218048095703
2017-11-06 18:00:00+00:00,0.3639439344406128,81.9460220336914,1.994914567548715,79.5679702758789
2017-11-07 00:00:00+00:00,0.3387320041656494,57.93965530395508,2.1202514036385782,55.97858428955078
2017-11-07 06:00:00+00:00,0.2955068349838257,76.93901062011719,1.429945978534914,75.47102355957031
2017-11-07 12:00:00+00:00,0.2642260789871216,43.039161682128906,2.1660520772539273,42.091819763183594
2017-11-08 18:00:00+00:00,0.27943456172943115,42.750770568847656,2.2733508386383816,41.594120025634766
2017-11-09 00:00:00+00:00,0.21089494228363037,59.83533477783203,1.4892474653840895,59.144142150878906
2017-11-09 06:00:00+00:00,0.2655646800994873,58.18848419189453,2.394654249902823,57.035648345947266
2017-11-09 12:00:00+00:00,0.26798152923583984,38.8466911315918,2.518246450075493,37.83494186401367
2017-11-09 18:00:00+00:00,0.29752862453460693,55.94483184814453,2.268635510699746,54.45576477050781
2017-11-10 00:00:00+00:00,0.21055614948272705,61.65983581542969,1.5866177822179814,60.95563507080078
2017-11-10 06:00:00+00:00,0.2558242082595825,44.08247375488281,2.38671675552738,43.05463790893555
2017-11-10 12:00:00+00:00,0.2631324529647827,52.95083236694336,1.8309029698058044,51.88127899169922
2017-11-10 18:00:00+00:00,0.26559197902679443,77.5334243774414,1.9436734057228124,76.23963165283203
2017-11-11 00:00:00+00:00,0.19776320457458496,78.64201354980469,1.7794276043866932,77.89542388916016
2017-11-11 06:00:00+00:00,0.20359253883361816,62.05793762207031,1.7869784046066641,61.363197326660156
2017-11-11 12:00:00+00:00,0.20067334175109863,51.92752456665039,2.2902040900876717,51.32093048095703
2017-11-11 18:00:00+00:00,0.18289411067962646,60.65190887451172,2.3287790855397525,60.04813766479492
2017-11-12 00:00:00+00:00,0.18026256561279297,63.04884338378906,1.940941877739254,62.48141098022461
2017-11-12 06:00:00+00:00,0.15856945514678955,50.2158317565918,2.1008947047657074,49.818538665771484
2017-11-12 12:00:00+00:00,0.13909900188446045,46.265907287597656,2.174332874892081,45.98227310180664
2017-11-12 18:00:00+00:00,0.1945730447769165,67.66657257080078,1.90228860044965,67.0016098022461
2017-11-13 00:00:00+00:00,0.17596566677093506,55.20121765136719,2.3280697843044837,54.649085998535156
2017-11-13 06:00:00+00:00,0.1712871789932251,46.28517150878906,1.8687397812575912,45.84095764160156
2017-11-13 12:00:00+00:00,0.1777116060256958,56.523494720458984,2.052057867038081,56.02702713012695
2017-11-13 18:00:00+00:00,0.128015398979187,51.61922836303711,2.266601780022703,51.330013275146484
2017-11-14 00:00:00+00:00,0.05276167392730713,50.40729904174805,1.7735068877839049,50.36236572265625
2017-11-14 06:00:00+00:00,0.10428082942962646,39.68651580810547,2.389495411367284,39.52022933959961
2017-11-14 12:00:00+00:00,0.02819192409515381,46.591957092285156,2.059088309494318,46.57988739013672
2017-11-14 18:00:00+00:00,0.06481754779815674,50.38518142700195,2.1050860722542044,50.31270980834961
2017-11-15 00:00:00+00:00,0.01716029644012451,54.359947204589844,1.815996809601069,54.35515213012695
2017-11-15 06:00:00+00:00,0.07223892211914062,46.479793548583984,2.040842411697142,46.397613525390625
2017-11-15 12:00:00+00:00,0.13494646549224854,40.70365524291992,2.4035957281504503,40.42505645751953
2017-11-15 18:00:00+00:00,0.11140263080596924,50.05498504638672,2.333126095816562,49.84202575683594
2017-11-16 00:00:00+00:00,0.052392005920410156,38.703590393066406,2.3195660993951153,38.66123580932617
2017-11-16 06:00:00+00:00,0.18674588203430176,134.5010223388672,1.3046456544716523,133.89125061035156
2017-11-16 12:00:00+00:00,0.12223482131958008,53.1187744140625,2.21154927806646,52.897029876708984
2017-11-16 18:00:00+00:00,0.19909656047821045,404.0035095214844,0.8740091018837903,403.2156066894531
2017-11-17 00:00:00+00:00,0.19305205345153809,297.95550537109375,0.8672385879094692,297.18017578125
2017-11-17 06:00:00+00:00,0.15814661979675293,53.44691848754883,2.1939242182830423,53.04738235473633
2017-11-17 12:00:00+00:00,0.20562374591827393,67.44773864746094,1.9260586994674602,66.77770233154297
2017-11-17 18:00:00+00:00,0.15483736991882324,46.00886535644531,2.249150734827205,45.639400482177734
2017-11-18 00:00:00+00:00,0.1388159990310669,163.3304443359375,0.9472735241227225,162.98379516601562
2017-11-18 06:00:00+00:00,0.2186347246170044,34.13269805908203,2.586093084791986,33.46360778808594
2017-11-18 12:00:00+00:00,0.2353498935699463,45.42904281616211,2.2150865539225673,44.591556549072266
2017-11-18 18:00:00+00:00,0.21584594249725342,57.50344467163086,2.186469589673961,56.73762893676758
2017-11-19 00:00:00+00:00,0.26314377784729004,43.45817184448242,2.5334961531381808,42.33717727661133
2017-11-19 06:00:00+00:00,0.22014689445495605,40.562843322753906,2.7288458652007406,39.77912521362305
2017-11-19 12:00:00+00:00,0.19834697246551514,43.15970993041992,2.392841491776637,42.502288818359375
2017-11-19 18:00:00+00:00,0.21974599361419678,42.173301696777344,2.702003180554067,41.35900115966797
2017-11-20 00:00:00+00:00,0.21201276779174805,54.403018951416016,1.7157056435629352,53.61689758300781
2017-11-20 06:00:00+00:00,0.13883769512176514,67.43771362304688,1.6534578169091765,67.07139587402344
2017-11-20 12:00:00+00:00,0.15393877029418945,65.53177642822266,1.6732029147976644,65.09075164794922
2017-11-20 18:00:00+00:00,0.23811805248260498,36.28671646118164,3.0405005353405357,35.28125
2017-11-21 00:00:00+00:00,0.20484280586242676,43.630165100097656,2.4474811119564017,42.873897552490234
2017-11-21 06:00:00+00:00,0.16057562828063965,39.25083923339844,2.9688111170717093,38.77238845825195
2017-11-21 12:00:00+00:00,0.22944200038909912,36.34849166870117,3.09541183810001,35.48899841308594
2017-11-21 18:00:00+00:00,0.20361554622650146,35.83867645263672,3.19924731412901,35.10898208618164
2017-11-22 00:00:00+00:00,0.16295719146728516,49.3006591796875,2.274166826762681,48.784385681152344
2017-11-22 06:00:00+00:00,0.13313543796539307,50.11753845214844,2.6230496887840102,49.77033233642578
2017-11-22 12:00:00+00:00,0.09139668941497803,41.003719329833984,2.772008995348666,40.85855484008789
2017-11-22 18:00:00+00:00,0.14432644844055176,47.636348724365234,2.7281130399723446,47.27085876464844
2017-11-23 00:00:00+00:00,0.0738457441329956,45.27727127075195,2.572980640260354,45.178565979003906
2017-11-23 06:00:00+00:00,0.031005144119262695,70.2215805053711,1.8398739054141933,70.20337677001953
2017-11-23 12:00:00+00:00,0.13065969944000244,43.73545455932617,2.0791193726985386,43.476806640625
2017-11-23 18:00:00+00:00,0.04080486297607422,51.693538665771484,2.0382559088955214,51.66641616821289
2017-11-24 00:00:00+00:00,0.02512836456298828,50.84473419189453,1.950759765684317,50.834774017333984
2017-11-24 06:00:00+00:00,0.02950310707092285,48.46796417236328,2.0105324700817215,48.45432662963867
2017-11-24 12:00:00+00:00,0.20596826076507568,60.632572174072266,2.307090855797982,59.926490783691406
2017-11-24 18:00:00+00:00,0.25395625829696655,100.14849853515625,2.0665883376502845,98.87527465820312
2017-11-25 00:00:00+00:00,0.21645838022232056,72.03871154785156,1.8984119460167994,71.20240020751953
2017-11-25 06:00:00+00:00,0.2701457738876343,89.92847442626953,2.0352360636191484,88.54342651367188
2017-11-25 12:00:00+00:00,0.17870253324508667,82.0818862915039,1.5353812066636388,81.5347671508789
2017-11-25 18:00:00+00:00,0.24313151836395264,92.21017456054688,1.7372734986472163,91.17473602294922
2017-11-26 00:00:00+00:00,0.25427377223968506,157.70899963378906,1.1374646660638605,156.33740234375
2017-11-26 06:00:00+00:00,0.3147939443588257,130.8178253173828,1.313259333143435,128.91529846191406
2017-11-26 12:00:00+00:00,0.3392295837402344,92.41058349609375,1.6563958229480256,90.4231948852539
2017-11-26 18:00:00+00:00,0.336544394493103,82.91100311279297,2.1867824799494566,80.76776885986328
2017-11-27 00:00:00+00:00,0.29325979948043823,71.21768188476562,2.2906907218840566,69.62266540527344
2017-11-27 06:00:00+00:00,0.35102009773254395,103.20250701904297,1.8084612349939957,100.9360122680664
2017-11-27 12:00:00+00:00,0.28166264295578003,61.52595138549805,2.2206749606461087,60.224090576171875
2017-11-27 18:00:00+00:00,0.2747794985771179,88.18280792236328,1.7783412336582964,86.79187774658203
2017-11-28 00:00:00+00:00,0.2289494276046753,52.1948127746582,2.1166897910257414,51.36249923706055
2017-11-28 06:00:00+00:00,0.1867467164993286,55.62078857421875,2.010802973814958,55.05350875854492
2017-11-28 12:00:00+00:00,0.13351047039031982,41.070274353027344,2.381442213485437,40.801937103271484
2017-11-28 18:00:00+00:00,0.11296457052230835,60.24282455444336,1.8714154466144406,60.025943756103516
2017-11-29 00:00:00+00:00,0.060174763202667236,65.39927673339844,1.7422935202688068,65.33711242675781
2017-11-29 06:00:00+00:00,0.046276628971099854,37.36562728881836,2.4151846189888686,37.3332405090332
2017-11-29 12:00:00+00:00,0.09261268377304077,50.52759552001953,1.8180649333824754,50.39097213745117
2017-11-29 18:00:00+00:00,0.009644865989685059,44.032291412353516,2.1630382742494905,44.030765533447266
2017-11-30 00:00:00+00:00,0.009748220443725586,46.77604675292969,2.1452745451240953,46.774478912353516
2017-11-30 06:00:00+00:00,0.0607295036315918,47.418724060058594,1.9930447708692154,47.360633850097656
2017-11-30 12:00:00+00:00,0.0728987455368042,41.83358383178711,2.120369365938297,41.75468826293945
2017-11-30 18:00:00+00:00,0.12658751010894775,64.35833740234375,2.105824826594345,64.07825469970703
2017-12-01 00:00:00+00:00,0.1250770092010498,72.62271881103516,1.7194754626002462,72.35430145263672
2017-12-01 06:00:00+00:00,0.12026834487915039,60.80109786987305,1.73501982106071,60.562442779541016
2017-12-01 12:00:00+00:00,0.14572536945343018,59.98343276977539,1.8450942231090162,59.66431427001953
2017-12-01 18:00:00+00:00,0.16238367557525635,58.598297119140625,1.960253705656965,58.14466094970703
2017-12-02 00:00:00+00:00,0.18164610862731934,53.616031646728516,2.2068584359583223,53.076595306396484
2017-12-02 06:00:00+00:00,0.18871402740478516,51.79582977294922,2.068503416978271,51.23299026489258
2017-12-02 12:00:00+00:00,0.21292662620544434,59.80270004272461,1.9033216123230154,59.04800796508789
2017-12-02 18:00:00+00:00,0.1375659704208374,44.231689453125,2.340443931961839,43.923683166503906
2017-12-03 00:00:00+00:00,0.18218791484832764,53.65496063232422,1.7400706314168612,53.121212005615234
2017-12-03 06:00:00+00:00,0.1782534122467041,78.8519515991211,1.2266414221220119,78.34339904785156
2017-12-03 12:00:00+00:00,0.20148849487304688,57.73860549926758,2.151589537452696,57.07712936401367
2017-12-03 18:00:00+00:00,0.17371881008148193,53.59047317504883,2.1517633261156224,53.082706451416016
2017-12-04 00:00:00+00:00,0.17518651485443115,42.80173873901367,2.1234313794059396,42.33610916137695
2017-12-04 06:00:00+00:00,0.19654476642608643,68.08464050292969,1.949670312364506,67.442626953125
2017-12-04 12:00:00+00:00,0.15838623046875,37.3513069152832,2.0516184061684184,36.989044189453125
2017-12-04 18:00:00+00:00,0.16674065589904785,40.502159118652344,1.9457172098043782,40.0775260925293
2017-12-05 00:00:00+00:00,0.1082679033279419,49.42988967895508,1.9288149110674737,49.24067687988281
2017-12-05 06:00:00+00:00,0.19851481914520264,54.22882080078125,1.6110273952089187,53.59577560424805
2017-12-05 12:00:00+00:00,0.1453416347503662,35.061988830566406,2.4324442568773126,34.74723434448242
2017-12-05 18:00:00+00:00,0.1332087516784668,55.252532958984375,1.5701626340246497,54.97241973876953
2017-12-06 00:00:00+00:00,0.15937507152557373,35.33671569824219,2.534572976406987,34.95481491088867
2017-12-06 06:00:00+00:00,0.13205087184906006,29.20157241821289,2.527304222277865,28.966081619262695
2017-12-06 12:00:00+00:00,0.12749624252319336,41.838539123535156,1.754677853567675,41.60953140258789
2017-12-06 18:00:00+00:00,0.047037720680236816,131.62037658691406,1.0554160263636476,131.58335876464844
2017-12-07 00:00:00+00:00,0.07728540897369385,81.60448455810547,1.217358908663156,81.52159118652344
2017-12-07 06:00:00+00:00,0.25367796421051025,96.73115539550781,1.500104052475926,95.72185516357422
2017-12-07 12:00:00+00:00,0.2137143611907959,70.52346801757812,1.6516025464418944,69.83634185791016
2017-12-07 18:00:00+00:00,0.19440698623657227,62.02988815307617,1.7568537290354322,61.3658332824707
2017-12-08 00:00:00+00:00,0.17348253726959229,75.71894073486328,1.5041908792298104,75.19102478027344
2017-12-08 06:00:00+00:00,0.14993762969970703,39.08928680419922,2.5144352223065245,38.750972747802734
2017-12-08 12:00:00+00:00,0.15864121913909912,48.5169792175293,1.8597809961351133,48.12886047363281
2017-12-08 18:00:00+00:00,0.12126028537750244,59.3406982421875,1.655194071844326,59.086997985839844
2017-12-09 00:00:00+00:00,0.09570729732513428,54.88341522216797,1.784427282216305,54.720672607421875
2017-12-09 06:00:00+00:00,0.11769211292266846,52.93965148925781,1.6744319294631178,52.71400451660156
2017-12-09 12:00:00+00:00,0.10492837429046631,70.58357238769531,1.23954827995804,70.40078735351562
2017-12-09 18:00:00+00:00,0.09191524982452393,44.82564163208008,2.0704784079235856,44.679473876953125
2017-12-10 00:00:00+00:00,0.0841670036315918,43.1668701171875,1.9081330692020955,43.04840087890625
2017-12-10 06:00:00+00:00,0.10307049751281738,40.84593200683594,2.026749568254114,40.682613372802734
2017-12-10 12:00:00+00:00,0.07383167743682861,48.29305648803711,1.8210806796219154,48.20742416381836
2017-12-10 18:00:00+00:00,0.03963816165924072,54.468997955322266,1.7296996471221486,54.44014358520508
2017-12-11 00:00:00+00:00,0.051238417625427246,42.52811050415039,2.229061113271491,42.48244857788086
2017-12-11 06:00:00+00:00,0.06605064868927002,40.804264068603516,2.3701653402861287,40.73170471191406
2017-12-11 12:00:00+00:00,0.07662296295166016,47.890411376953125,1.6537409296610839,47.795711517333984
2017-12-11 18:00:00+00:00,0.054818034172058105,56.47312545776367,2.207810045416349,56.413753509521484
2017-12-12 00:00:00+00:00,0.013682126998901367,79.88551330566406,1.2106117465225277,79.88204193115234
2017-12-12 06:00:00+00:00,0.09390473365783691,52.80055618286133,1.841295637472257,52.64852523803711
2017-12-12 12:00:00+00:00,0.05183136463165283,49.926048278808594,1.5873400585974375,49.88198471069336
2017-12-12 18:00:00+00:00,0.06752419471740723,59.34716033935547,1.7226647199908756,59.26021957397461
2017-12-13 00:00:00+00:00,0.05385541915893555,70.38158416748047,1.3767712611437748,70.32782745361328
2017-12-13 06:00:00+00:00,0.09882116317749023,61.34874725341797,1.7616354918588626,61.181156158447266
2017-12-13 12:00:00+00:00,0.11631953716278076,60.736083984375,1.5158849912893435,60.50798416137695
2017-12-13 18:00:00+00:00,0.09156942367553711,82.17840576171875,1.4985025575610413,82.0090560913086
2017-12-14 00:00:00+00:00,0.07368063926696777,53.89484786987305,1.9174647240783613,53.79487609863281
2017-12-14 06:00:00+00:00,0.09915006160736084,69.74514770507812,1.6460599352691871,69.56723022460938
2017-12-14 12:00:00+00:00,0.10992860794067383,54.92687225341797,2.08074980464122,54.70397186279297
2017-12-14 18:00:00+00:00,0.1173480749130249,162.89813232421875,0.9281048972949895,162.59405517578125
2017-12-15 00:00:00+00:00,0.11156094074249268,55.121559143066406,2.164334338373928,54.89003372192383
2017-12-15 06:00:00+00:00,0.10491454601287842,68.13685607910156,1.7736678730416031,67.92593383789062
2017-12-15 12:00:00+00:00,0.1213909387588501,90.11853790283203,1.5567015347811766,89.83260345458984
2017-12-15 18:00:00+00:00,0.0906057357788086,66.46858215332031,2.054573697567581,66.3017807006836
2017-12-16 00:00:00+00:00,0.10670340061187744,76.36972045898438,1.6069052934806465,76.13726806640625
2017-12-16 06:00:00+00:00,0.1162186861038208,51.5643310546875,2.383266467911617,51.296993255615234
2017-12-16 12:00:00+00:00,0.08268821239471436,53.80662536621094,2.499162611737729,53.669921875
2017-12-16 18:00:00+00:00,0.025532007217407227,47.99388885498047,2.5940431822697647,47.980342864990234
2017-12-17 00:00:00+00:00,0.04423797130584717,45.55714416503906,2.354675038719687,45.51961898803711
2017-12-17 06:00:00+00:00,0.035346031188964844,54.60471725463867,2.0316258395662437,54.579769134521484
2017-12-17 12:00:00+00:00,0.045474886894226074,38.18928909301758,2.9031507969082617,38.15064239501953
2017-12-17 18:00:00+00:00,0.01768326759338379,46.24607467651367,2.4237649623644075,46.239280700683594
2017-12-18 00:00:00+00:00,0.04712843894958496,36.882022857666016,3.49197047957161,36.837955474853516
2017-12-18 06:00:00+00:00,0.031155109405517578,46.77398681640625,2.41586418279378,46.75612258911133
2017-12-18 12:00:00+00:00,0.08071070909500122,51.79302215576172,2.7389071823490476,51.659610748291016
2017-12-18 18:00:00+00:00,0.1061200499534607,60.63151168823242,2.2685557856864946,60.36624526977539
2017-12-19 00:00:00+00:00,0.17005062103271484,111.8510513305664,2.1324391025611136,111.12052917480469
2017-12-19 06:00:00+00:00,0.1907234787940979,203.12310791015625,1.4794505709779986,202.21234130859375
2017-12-19 12:00:00+00:00,0.20272952318191528,58.25584411621094,2.4777583654878312,57.44944763183594
2017-12-19 18:00:00+00:00,0.23303461074829102,229.7245330810547,1.1858220647037967,228.28929138183594
2017-12-20 00:00:00+00:00,0.17336595058441162,78.65597534179688,2.359903114525174,77.92573547363281
2017-12-20 06:00:00+00:00,0.269428551197052,182.148193359375,1.699174079998542,180.26620483398438
2017-12-20 12:00:00+00:00,0.17784637212753296,77.3450698852539,2.0855274477139814,76.73727416992188
2017-12-20 18:00:00+00:00,0.21770524978637695,120.91319274902344,2.074435756923715,119.69221496582031
2017-12-21 00:00:00+00:00,0.16879326105117798,101.000244140625,1.9439389309258368,100.29606628417969
2017-12-21 06:00:00+00:00,0.17045718431472778,135.3623504638672,1.4837389645199794,134.7111358642578
2017-12-21 12:00:00+00:00,0.19612723588943481,117.08142852783203,1.4161011401948143,116.31145477294922
2017-12-21 18:00:00+00:00,0.24416685104370117,145.7229461669922,1.5765435732976976,144.1742706298828
2017-12-22 00:00:00+00:00,0.2548792362213135,109.05845642089844,2.2754706698870244,107.439697265625
2017-12-22 06:00:00+00:00,0.24027419090270996,130.46104431152344,1.69853151706725,129.09217834472656
2017-12-22 12:00:00+00:00,0.18376117944717407,104.51033020019531,1.7302060378688358,103.7699966430664
2017-12-22 18:00:00+00:00,0.1522802710533142,81.70032501220703,2.1959276143909516,81.14191436767578
2017-12-23 00:00:00+00:00,0.25301802158355713,206.65267944335938,1.5624957167904485,204.7942657470703
2017-12-23 06:00:00+00:00,0.2607167959213257,200.1521453857422,1.390033741346335,198.30392456054688
2017-12-23 12:00:00+00:00,0.2431849241256714,132.71905517578125,1.7016051635469893,131.2293701171875
2017-12-23 18:00:00+00:00,0.24801725149154663,136.4824981689453,1.650373455179212,134.79393005371094
2017-12-24 00:00:00+00:00,0.22784793376922607,134.9241943359375,1.9805642302250297,133.38307189941406
2017-12-24 06:00:00+00:00,0.30426454544067383,158.2197265625,1.7685565490447535,155.64889526367188
2017-12-24 12:00:00+00:00,0.26430457830429077,147.18234252929688,1.6889510576353295,145.37547302246094
2017-12-24 18:00:00+00:00,0.22968751192092896,756.3406982421875,0.4020137647272144,754.4567260742188
2017-12-25 00:00:00+00:00,0.23976314067840576,161.13682556152344,1.7792585768168379,159.3632354736328
2017-12-25 06:00:00+00:00,0.2287808656692505,177.18270874023438,1.2985077846314808,175.7034912109375
2017-12-25 12:00:00+00:00,0.18186801671981812,122.66532897949219,1.734284766898245,121.75166320800781
2017-12-25 18:00:00+00:00,0.19111204147338867,140.5684356689453,1.8999160673065587,139.33462524414062
2017-12-26 00:00:00+00:00,0.14580130577087402,151.21949768066406,1.257176911741272,150.56329345703125
2017-12-26 06:00:00+00:00,0.1349608302116394,91.68846893310547,2.107333738265005,91.17080688476562
2017-12-26 12:00:00+00:00,0.13828188180923462,91.7694320678711,1.8478921594275075,91.26859283447266
2017-12-26 18:00:00+00:00,0.08330363035202026,103.08170318603516,1.710687361429907,102.8664779663086
2017-12-27 00:00:00+00:00,0.0028214454650878906,104.07506561279297,1.8300359680026392,104.07481384277344
2017-12-27 06:00:00+00:00,0.03230082988739014,70.48313903808594,2.1096418260258765,70.45591735839844
2017-12-27 12:00:00+00:00,0.027982056140899658,66.05290222167969,2.038904942534912,66.03327941894531
2017-12-27 18:00:00+00:00,0.04893118143081665,91.34156799316406,1.5623615010507472,91.26859283447266
2017-12-28 00:00:00+00:00,0.0010646581649780273,70.30024719238281,2.4718671172332862,70.30021667480469
2017-12-28 06:00:00+00:00,0.002080261707305908,71.65583801269531,1.9817910272614656,71.65572357177734
2017-12-28 12:00:00+00:00,0.005083560943603516,73.74671936035156,1.7473188850426198,73.74604797363281
2017-12-28 18:00:00+00:00,0.00366365909576416,93.38574981689453,1.7093976140074973,93.38534545898438
2017-12-29 00:00:00+00:00,0.008387327194213867,89.14290618896484,1.5961454235075745,89.1408462524414
2017-12-29 06:00:00+00:00,0.010556221008300781,74.91503143310547,2.1411972569126907,74.91209411621094
2017-12-29 12:00:00+00:00,0.047592759132385254,93.72021484375,1.5627684369793584,93.6594467163086
2017-12-29 18:00:00+00:00,0.021506309509277344,97.98617553710938,1.8828110174346544,97.9725570678711
2017-12-30 00:00:00+00:00,0.020371437072753906,73.6732406616211,2.3324257299009057,73.6615219116211
2017-12-30 06:00:00+00:00,0.04445159435272217,97.22079467773438,1.5183807513226155,97.16627502441406
2017-12-30 12:00:00+00:00,0.02774643898010254,78.91464233398438,2.0348547670500596,78.8934555053711
2017-12-30 18:00:00+00:00,0.024014830589294434,92.80168151855469,1.6874498015133188,92.784912109375
2017-12-31 00:00:00+00:00,0.048570871353149414,75.62972259521484,2.164484203766335,75.56283569335938
2017-12-31 06:00:00+00:00,0.0523838996887207,105.0395736694336,1.4575200031517792,104.96383666992188
2017-12-31 12:00:00+00:00,0.014609217643737793,83.18572235107422,2.2163671372611207,83.17951965332031
2017-12-31 18:00:00+00:00,0.014998912811279297,83.70953369140625,2.1468203920931144,83.70282745361328
