timestamp,R2_1_1,skew_1_1,R2_1_2,skew_1_2,R2_1_3,skew_1_3,R2_2_1,skew_2_1,R2_2_2,skew_2_2,R2_2_3,skew_2_3,R2_3_1,skew_3_1,R2_3_2,skew_3_2,R2_3_3,skew_3_3,R2_4_1,skew_4_1,R2_4_2,skew_4_2,R2_4_3,skew_4_3,n_ch_total,n_ch_kept
2020-01-01 00:00:00+00:00,,,0.20495635271072388,-12.842285602044079,,,,,,,,,,,,,,,,,0.16407251358032227,0.8658656330812591,,,2,2
2020-01-01 06:00:00+00:00,,,0.2083415985107422,-2.6052478988321797,,,,,,,,,,,,,,,,,0.04014790058135986,0.4421445862557971,,,2,2
2020-01-01 12:00:00+00:00,,,0.1391690969467163,-1.7962420210014185,,,,,,,,,,,,,,,,,0.16039860248565674,0.7417074935071493,,,2,2
2020-01-01 18:00:00+00:00,,,0.17409676313400269,-2.915395324691168,,,,,,,,,,,,,,,,,0.16558992862701416,1.9945531159018806,,,2,2
2020-01-02 00:00:00+00:00,,,0.19772601127624512,-7.136322194778087,,,,,,,,,,,,,,,,,0.16140198707580566,2.070627978710767,,,2,2
2020-01-02 06:00:00+00:00,,,0.195492684841156,-3.7354105502127255,,,,,,,,,,,,,,,,,0.09252643585205078,1.0774306004478567,,,2,2
2020-01-02 12:00:00+00:00,,,0.16685253381729126,-2.7400768079612297,,,,,,,,,,,,,,,,,0.13647127151489258,0.3969018729786515,,,2,2
2020-01-02 18:00:00+00:00,,,0.14963936805725098,-3.1011275823571567,,,,,,,,,,,,,,,,,0.17471694946289062,0.3109657885901433,,,2,2
2020-01-03 00:00:00+00:00,,,0.16891175508499146,-8.074801565582206,0.5877713561058044,-0.5574641964151005,,,,,,,,,,,,,,,0.08534765243530273,1.0817022768268085,,,3,3
2020-01-03 06:00:00+00:00,,,0.18209952116012573,-12.117673410921308,,,,,,,,,,,,,,,,,0.07233357429504395,1.3297264830126247,,,2,2
2020-01-03 12:00:00+00:00,,,0.17012488842010498,-4.755400697357341,,,,,,,,,,,,,,,,,0.19254648685455322,0.9343419384997945,,,2,2
2020-01-03 18:00:00+00:00,,,0.17489296197891235,-6.101800806334915,,,,,,,,,,,,,,,,,0.11046206951141357,0.183493068953104,,,3,2
2020-01-04 00:00:00+00:00,,,0.1747637391090393,-2.756304373680788,,,,,,,,,,,,,,,,,0.17761826515197754,1.7576192992521251,,,2,2
2020-01-04 06:00:00+00:00,,,0.21253782510757446,-5.785573488475773,,,,,,,,,,,,,,,,,0.18051660060882568,0.9025515316519326,,,2,2
2020-01-04 12:00:00+00:00,,,0.15867489576339722,-7.658855673595439,,,,,,,,,,,,,,,,,0.16265428066253662,1.5928431750909149,,,2,2
2020-01-04 18:00:00+00:00,,,0.20242422819137573,-4.488858834267196,,,,,,,,,,,,,,,,,0.1478053331375122,0.47175065497206,,,2,2
2020-01-05 00:00:00+00:00,,,0.24698883295059204,-12.17569258316851,0.13201624155044556,-5.080758319483174,,,,,,,,,,,,,,,0.15745890140533447,2.0679560086763282,,,3,3
2020-01-05 06:00:00+00:00,,,0.20280611515045166,-3.116372649394143,,,,,,,,,,,,,,,,,0.18913507461547852,5.29342468633909,,,2,2
2020-01-05 12:00:00+00:00,,,0.18302792310714722,-2.7831411946470284,,,,,0.2908063530921936,-3.850233428765602,,,,,,,,,,,0.18983590602874756,0.8356946700217147,,,3,3
2020-01-05 18:00:00+00:00,,,0.13688969612121582,-2.2143460601419993,,,,,0.16425806283950806,3.0094357136291237,,,,,,,,,,,0.15568697452545166,0.6422233048116444,,,3,3
2020-01-06 00:00:00+00:00,,,0.18714463710784912,-7.567018727241345,,,,,0.23517203330993652,-0.8914872116753587,,,,,,,,,,,0.12447357177734375,0.7445744971580011,,,4,4
2020-01-06 06:00:00+00:00,,,0.16121095418930054,-4.124823984274915,,,,,0.17026931047439575,-1.1499404919349505,,,,,,,,,,,0.19640719890594482,4.434582723422416,,,3,3
2020-01-06 12:00:00+00:00,,,0.17669236660003662,-2.8147745804680255,,,,,0.3215826153755188,-11.833059455014853,,,,,,,,,,,0.16368019580841064,1.3467259754023657,,,3,3
2020-01-06 18:00:00+00:00,,,0.1744232177734375,-3.45466182418483,,,,,0.2319534420967102,-3.783897075519187,,,,,,,,,,,0.11758589744567871,0.733935268729816,,,3,3
2020-01-07 00:00:00+00:00,,,0.17853593826293945,-3.235645798123424,,,,,0.15790975093841553,-4.4285386470872234,,,,,,,,,,,0.1746671199798584,0.31282105294865625,,,3,3
2020-01-07 06:00:00+00:00,,,0.22512155771255493,-4.953471748141034,,,,,0.27468615770339966,-3.6805332722734176,,,,,,,,,,,0.17004072666168213,1.59214714492528,,,3,3
2020-01-07 12:00:00+00:00,,,0.15490949153900146,-3.8558304855350727,,,,,,,0.03783154487609863,-0.7859362591148181,,,,,,,,,0.19325780868530273,2.755889782965105,,,3,3
2020-01-08 06:00:00+00:00,,,0.18441087007522583,-3.7866201323146487,,,,,,,,,0.28519749641418457,-2.163695742878407,,,,,,,0.10979020595550537,1.0309890580261714,,,3,3
2020-01-08 12:00:00+00:00,,,0.1900222897529602,-3.2272808930767507,,,,,,,,,0.0880577564239502,2.8955150301127923,,,,,,,0.14354705810546875,0.5098356424627184,,,3,3
2020-01-09 00:00:00+00:00,,,0.1716955304145813,-11.067769599412257,,,,,,,,,0.3129690885543823,1.5589525427416127,,,,,,,0.04331934452056885,0.07434992819201881,,,3,3
2020-01-09 06:00:00+00:00,,,0.21056699752807617,-4.873982941754254,,,,,,,,,0.3621633052825928,4.80286608285934,,,,,,,0.11839568614959717,0.40863737530588323,,,4,3
2020-01-09 12:00:00+00:00,,,0.1946626901626587,-3.621276937078497,,,,,,,,,,,0.17770445346832275,2.6897474673733077,,,,,0.09195554256439209,0.7525319789566932,,,3,3
2020-01-09 18:00:00+00:00,,,0.16981005668640137,-3.955268839017256,,,,,,,,,,,0.35604166984558105,9.633300249659445,,,,,0.1319715976715088,1.587704552007898,,,3,3
2020-01-10 00:00:00+00:00,,,0.15904200077056885,-2.6061130486472592,,,,,,,,,,,0.2216111421585083,-0.23952275690006078,,,,,0.11612987518310547,1.9670500801484951,,,3,3
2020-01-10 06:00:00+00:00,,,0.1644749641418457,-6.519548341760164,,,,,,,,,,,0.2145768404006958,3.2946337419071705,,,,,0.1591048240661621,0.8738812870118084,,,4,4
2020-01-10 12:00:00+00:00,,,0.19733458757400513,-5.461797988486166,,,,,,,,,,,0.2318260669708252,3.6600212349734536,,,,,0.14781856536865234,2.2168237621255145,,,4,4
2020-01-10 18:00:00+00:00,,,0.15296709537506104,-26.319941225399432,,,,,,,,,,,0.29293298721313477,10.72539242672396,,,,,0.16192710399627686,0.7685876614994485,,,4,4
2020-01-11 00:00:00+00:00,,,0.1746734380722046,-2.6251589751531834,,,,,,,,,,,0.3022735118865967,5.643606349543302,,,,,0.12711548805236816,3.602498735649115,,,4,4
2020-01-11 06:00:00+00:00,,,0.17648077011108398,-6.318632763335504,,,,,,,,,,,0.22947430610656738,5.77054221164677,,,,,0.185707688331604,1.2754372967239915,,,4,4
2020-01-11 12:00:00+00:00,,,0.1423221230506897,-3.273025133203524,,,,,,,,,,,0.30232954025268555,16.37170925594536,,,,,0.15896260738372803,0.8759150940481617,0.6189193725585938,0.2292274854663931,6,5
2020-01-11 18:00:00+00:00,,,0.22064894437789917,-31.8496776455067,,,,,,,,,,,0.19408702850341797,3.0104493632194385,,,,,0.19323110580444336,1.8913273022242705,,,4,4
2020-01-12 00:00:00+00:00,,,0.15627115964889526,-2.9017631159355313,,,,,,,,,,,0.27988481521606445,18.809977713854902,,,,,0.09135377407073975,0.5856315566344188,,,3,3
2020-01-12 06:00:00+00:00,,,0.18895888328552246,-3.509987053993211,,,,,,,,,,,0.27221477031707764,12.892986259436348,,,,,0.12503278255462646,1.043349451153931,,,4,4
2020-01-12 12:00:00+00:00,,,0.1856023073196411,-6.263512151092516,,,,,,,,,,,0.12673163414001465,2.3083995708405975,,,,,0.2212296724319458,2.1416181738983298,,,4,4
2020-01-12 18:00:00+00:00,,,0.1295807957649231,-2.6319326406460473,,,,,,,,,,,0.27009737491607666,5.295959029352508,,,,,0.15349888801574707,1.8310629623311891,,,3,3
2020-01-13 00:00:00+00:00,,,0.1540389060974121,-2.195819014456668,,,,,,,,,,,0.27059292793273926,9.407883540593824,,,,,0.10639667510986328,0.3731936463104481,,,3,3
2020-01-13 06:00:00+00:00,,,0.15445208549499512,-4.512265893517099,,,,,,,,,,,0.33301377296447754,7.912155337900539,,,,,0.11233794689178467,1.2004455491905044,,,3,3
2020-01-13 12:00:00+00:00,,,0.1400420069694519,23.22390594558857,,,,,,,,,,,0.20266759395599365,0.17043429612988936,,,,,0.1067814826965332,2.7486286078655917,,,3,3
2020-01-13 18:00:00+00:00,,,0.21326667070388794,-8.623664848626305,,,,,,,,,,,0.37011659145355225,7.216381791151826,,,,,0.13179850578308105,0.8659130580282681,,,3,3
2020-01-14 00:00:00+00:00,,,0.17432290315628052,-3.5284028570029484,,,,,,,,,,,,,0.11866915225982666,0.5509343623462666,,,0.1295560598373413,0.586098611661183,,,4,3
2020-01-14 06:00:00+00:00,,,0.22987604141235352,-2.1717269798194088,,,,,,,,,,,,,,,,,0.10080444812774658,0.7103482354993774,,,2,2
2020-01-14 12:00:00+00:00,,,0.14364248514175415,-1.1704352394094493,,,,,,,,,,,,,,,,,0.13403809070587158,0.7274018148244954,0.2076810598373413,1.5376897828175853,3,3
2020-01-14 18:00:00+00:00,,,0.1616855263710022,-2.82016932616241,,,,,,,,,,,,,,,,,0.1495131254196167,0.6983149562769232,,,2,2
2020-01-15 00:00:00+00:00,,,0.18102139234542847,-4.294965262221238,,,,,,,,,,,,,,,,,0.21137118339538574,2.145265197191575,0.13332796096801758,3.790942269573886,3,3
2020-01-15 06:00:00+00:00,,,0.1883259415626526,-4.378622291369214,,,,,,,,,,,,,,,,,0.1569122076034546,2.338751134672659,0.1501697301864624,1.0246630865476316,3,3
2020-01-15 12:00:00+00:00,,,0.18800824880599976,-8.837349557411512,,,,,,,,,,,,,,,,,0.21853375434875488,10.033171538015065,0.3419266939163208,-0.7563114503754166,3,3
2020-01-16 00:00:00+00:00,,,0.1560361385345459,-20.942169466971645,,,,,,,,,,,,,,,,,0.09570252895355225,4.417450657584013,,,2,2
2020-01-16 06:00:00+00:00,,,0.20734131336212158,-0.9932695662079636,,,,,,,,,,,,,,,,,0.1831984519958496,2.8583941117010028,0.05769944190979004,0.15649983133792267,3,3
2020-01-16 12:00:00+00:00,0.12164771556854248,0.4135700867686918,0.19533193111419678,-3.7692534574673893,,,,,0.09888172149658203,0.27533355987530994,,,,,,,,,,,0.19876742362976074,2.0186814423229253,,,4,4
2020-01-16 18:00:00+00:00,,,0.16157519817352295,-3.3558813852064926,,,,,0.4612582325935364,-5.951669650444932,,,,,,,,,,,0.12845873832702637,0.8921326710214473,,,3,3
2020-01-17 00:00:00+00:00,,,0.19749665260314941,-2.5536207874629495,,,,,,,,,,,,,,,,,0.06580650806427002,0.9444071486545114,0.3095818758010864,-0.04662847269178172,3,3
2020-01-17 06:00:00+00:00,,,0.17543965578079224,0.7450400534267655,,,,,0.05305063724517822,-1.6946641714999449,,,,,,,,,,,0.1802380084991455,1.5180906840872326,,,3,3
2020-01-17 12:00:00+00:00,,,0.15088361501693726,-0.9379004885575952,,,,,0.14867258071899414,-1.6656894916615417,,,,,,,,,,,0.14480578899383545,1.0804660757696047,,,4,4
2020-01-17 18:00:00+00:00,,,0.11711418628692627,-2.5511915658500928,,,,,0.047781527042388916,-2.8929308105833735,,,,,,,,,,,0.16023290157318115,0.9518909455241569,,,3,3
2020-01-18 00:00:00+00:00,,,0.14092034101486206,-2.7881533756543986,,,,,0.07526195049285889,-1.3463247321019463,,,,,,,,,,,0.08981478214263916,0.7707202895774233,,,3,3
2020-01-18 06:00:00+00:00,,,0.1664726734161377,-1.6888433282753013,,,,,0.27666282653808594,-20.572949432418675,,,,,,,,,,,0.10332417488098145,0.7409172676128262,,,4,3
2020-01-18 12:00:00+00:00,,,0.19955235719680786,-4.620260121524354,,,,,0.07011789083480835,0.4835344461864767,,,,,,,,,,,0.14776957035064697,1.2533188724176565,,,4,4
2020-01-18 18:00:00+00:00,,,0.15540969371795654,-1.1903514897398584,,,,,0.19945061206817627,-1.4580300939713475,,,,,,,,,,,0.18921947479248047,1.3522525317044385,,,4,4
2020-01-19 00:00:00+00:00,,,0.17021286487579346,-3.642258261095519,,,,,0.531645655632019,-6.758886093369502,,,,,,,,,,,0.1735590696334839,0.9645272290052335,,,3,3
2020-01-19 06:00:00+00:00,,,0.21105968952178955,-12.3039291783071,,,,,0.4301426410675049,-11.63415308242444,,,,,,,,,,,0.05322122573852539,0.7868414608872417,,,3,3
2020-01-19 12:00:00+00:00,,,0.14358258247375488,-1.8025360790002953,,,,,,,0.06493622064590454,0.4758683066851449,,,,,,,,,0.15575015544891357,1.0712093445407291,,,3,3
2020-01-19 18:00:00+00:00,,,0.21180158853530884,-7.347643827391536,,,,,,,0.15393668413162231,-1.199879743797812,,,,,,,,,0.10439372062683105,0.6659142633422308,,,3,3
2020-01-20 00:00:00+00:00,,,0.19244486093521118,-2.629999840516794,,,,,,,0.4378392696380615,-5.324718103425046,,,,,,,,,0.09555220603942871,1.3166096970089032,,,4,4
2020-01-20 06:00:00+00:00,,,0.19818133115768433,-5.844227752708802,,,,,,,,,,,,,,,,,0.1407843828201294,0.6693534816050274,,,3,3
2020-01-20 12:00:00+00:00,,,0.1818939447402954,-2.546894162583177,,,,,,,0.19290095567703247,0.013972515377273231,,,,,,,,,0.1532810926437378,1.5203208289587058,,,4,4
2020-01-20 18:00:00+00:00,,,0.15833663940429688,-20.304008115828047,,,,,,,,,,,,,,,,,0.11148715019226074,4.215272964513971,,,2,2
2020-01-21 00:00:00+00:00,0.24896997213363647,-0.2658623677660682,0.12455737590789795,-2.7043169709099315,0.301708459854126,-0.3070658640223701,,,,,,,,,,,,,,,0.10033655166625977,0.9081719874491797,,,5,5
2020-01-21 06:00:00+00:00,,,0.24339157342910767,-1.2284102775630474,,,,,,,,,,,,,,,,,0.17127954959869385,1.2657245000165411,,,2,2
2020-01-21 12:00:00+00:00,,,0.1884934902191162,-4.46836578518057,,,,,,,,,,,,,,,,,0.10845470428466797,0.47060951099992393,,,3,2
2020-01-21 18:00:00+00:00,,,0.16680794954299927,-4.099606077361288,,,,,,,,,,,,,,,,,0.16238582134246826,0.4642758162149175,,,3,2
2020-01-22 00:00:00+00:00,,,0.23981082439422607,-46.586074316833994,,,,,,,,,,,,,,,,,0.15728473663330078,1.3614215787642667,,,2,2
2020-01-22 06:00:00+00:00,,,0.1321128010749817,-1.290595371933316,,,,,,,,,,,,,,,,,0.20024442672729492,1.4568948680145588,,,2,2
2020-01-22 12:00:00+00:00,,,0.18007248640060425,-1.9895541637910366,,,,,,,,,,,,,,,,,0.17763495445251465,0.8274352636635892,,,2,2
2020-01-23 00:00:00+00:00,,,0.17121344804763794,-2.277660234317616,,,,,,,,,,,,,,,,,0.08241617679595947,1.504539977555047,,,2,2
2020-01-23 06:00:00+00:00,,,0.2790290117263794,-5.468662064342387,,,,,,,,,,,,,,,,,0.155373215675354,11.315395378855223,,,2,2
2020-01-23 12:00:00+00:00,,,0.1425788402557373,-1.669700343477221,,,,,,,,,,,,,,,,,0.2747044563293457,3.484201572620174,,,2,2
2020-01-23 18:00:00+00:00,,,0.17037588357925415,-2.8850221414487667,,,,,,,,,,,,,,,,,0.17537784576416016,0.8865297273302896,,,2,2
2020-01-24 00:00:00+00:00,,,0.12311524152755737,4.76104029247773,,,,,,,,,,,,,,,,,0.18060266971588135,1.4409019345415592,,,2,2
2020-01-24 06:00:00+00:00,,,0.1315981149673462,-0.6775231423158817,,,,,,,,,,,,,,,,,0.18449676036834717,0.36580746579642526,,,2,2
2020-01-24 12:00:00+00:00,,,0.16585689783096313,-1.633070409854228,,,,,,,,,,,,,,,,,0.2521347999572754,1.2263265374404595,,,2,2
2020-01-24 18:00:00+00:00,,,0.16308629512786865,-1.035423184034022,,,,,,,,,,,,,,,,,0.09228396415710449,0.49053709134118395,,,2,2
2020-01-25 00:00:00+00:00,0.14998996257781982,0.9152448337458089,0.15319007635116577,10.174324967157279,,,,,,,,,,,,,,,,,0.10268092155456543,0.3673287548601174,,,4,3
2020-01-25 06:00:00+00:00,,,0.12727028131484985,-3.1902029978295054,,,,,,,,,,,,,,,,,0.19147849082946777,0.5152210582549459,,,2,2
2020-01-25 12:00:00+00:00,,,0.17573946714401245,-3.6935662642017855,,,,,,,,,,,,,,,,,0.21045923233032227,0.4506952170876735,,,2,2
2020-01-25 18:00:00+00:00,,,0.16338813304901123,-2.22517567183306,,,,,,,,,,,,,,,,,0.066184401512146,-0.016457757497991703,,,2,2
2020-01-26 00:00:00+00:00,0.08649861812591553,-1.3180247366775089,0.1910949945449829,-4.4636762273468555,,,,,,,,,,,,,,,,,0.0644533634185791,0.2543216239069957,,,4,4
2020-01-26 06:00:00+00:00,,,0.21041977405548096,-3.097010667333066,,,,,,,,,,,,,,,,,0.09248518943786621,12.034796713827431,,,2,2
2020-01-26 12:00:00+00:00,,,0.2189934253692627,-55.691651155189966,,,,,,,,,,,,,,,,,0.21674489974975586,0.3064047528923362,,,2,2
2020-01-26 18:00:00+00:00,,,0.20001375675201416,-1.8432742924537693,,,,,,,,,,,,,,,,,0.12002205848693848,-0.023332176790135824,,,2,2
2020-01-27 00:00:00+00:00,,,0.1580650806427002,-3.457568137162034,,,,,,,,,,,,,,,,,0.0922544002532959,-0.09144448616818827,,,2,2
2020-01-27 06:00:00+00:00,,,0.17131972312927246,-2.4394696132895803,,,,,,,,,,,,,,,,,0.09228968620300293,0.13750043511580187,,,2,2
2020-01-27 12:00:00+00:00,,,0.21322453022003174,-3.1322712313182346,,,,,,,,,,,,,,,,,0.22719264030456543,0.4286058718629774,,,2,2
2020-01-27 18:00:00+00:00,,,0.1783631443977356,-56.492942786185026,,,,,,,,,,,,,,,,,0.24123215675354004,0.3290133176090586,,,3,2
2020-01-28 00:00:00+00:00,,,0.16314959526062012,-1.3929902093333533,,,,,,,,,,,,,,,,,0.22543680667877197,0.4820099635890217,,,2,2
2020-01-28 06:00:00+00:00,,,0.2223341464996338,-5.992674908873443,,,,,,,,,,,,,,,,,0.16638755798339844,0.24551221656607458,,,2,2
2020-01-28 12:00:00+00:00,,,0.20124691724777222,-2.179689836497599,,,,,,,,,,,,,,,,,0.2894493341445923,0.9003837237867963,,,2,2
2020-01-28 18:00:00+00:00,,,0.18155837059020996,-6.623150408082632,,,,,,,,,,,,,,,,,0.244553804397583,1.1717260750081437,,,2,2
2020-01-29 00:00:00+00:00,,,0.19897174835205078,-1.4692650882699811,,,,,,,,,,,,,,,,,0.04896676540374756,-0.44448069221431746,,,4,3
2020-01-29 06:00:00+00:00,,,0.16570216417312622,-6.989842267007792,,,,,,,,,,,,,,,,,0.1520770788192749,0.40680605976943135,,,2,2
2020-01-29 12:00:00+00:00,,,0.2116416096687317,-45.30097845675394,,,,,,,,,,,,,,,,,0.2782106399536133,3.2827640058337018,,,3,3
2020-01-29 18:00:00+00:00,,,0.16734552383422852,-1.4721505618106483,,,,,,,,,,,,,,,,,0.14411938190460205,3.13038774364848,,,3,3
2020-01-30 00:00:00+00:00,,,0.20240885019302368,-2.500564227187763,,,,,,,,,,,,,,,,,0.17771828174591064,0.5980914996747064,,,2,2
2020-01-30 06:00:00+00:00,,,0.1573891043663025,9.961003854913661,,,,,,,,,,,,,,,,,0.15754055976867676,0.31804082424714947,,,2,2
2020-01-30 12:00:00+00:00,,,0.1868641972541809,-2.389279219292057,,,,,,,,,,,,,,,,,0.2783818244934082,1.8248861319799488,,,2,2
2020-01-30 18:00:00+00:00,,,0.18672698736190796,-1.9356936978769075,,,,,,,,,,,,,,,,,0.2988860607147217,1.7014258262070432,,,2,2
2020-01-31 00:00:00+00:00,,,0.22117412090301514,-3.8077915098722044,,,,,,,,,,,,,,,,,0.20475053787231445,0.7906923669385554,,,2,2
2020-01-31 06:00:00+00:00,,,0.19487988948822021,-6.685594770599998,,,,,,,,,,,,,,,,,0.12440979480743408,0.37159564518323174,,,2,2
2020-01-31 12:00:00+00:00,,,0.23069530725479126,-25.105728626825456,,,,,,,,,,,,,,,,,0.15639734268188477,0.42188096657401275,,,2,2
2020-01-31 18:00:00+00:00,,,0.19477862119674683,-2.9519322944500526,,,,,,,,,,,,,,,,,0.19119489192962646,1.0426998915879337,,,2,2
2020-02-01 00:00:00+00:00,,,0.23596882820129395,-4.65609669212856,,,,,,,,,,,,,,,,,0.2386319637298584,0.972521653717601,,,2,2
2020-02-01 06:00:00+00:00,,,0.2377091646194458,-4.6802379731750765,,,,,,,,,,,,,,,,,0.13966012001037598,0.32547496854782654,,,2,2
2020-02-01 12:00:00+00:00,,,0.19441747665405273,-3.6108079884975726,,,,,,,,,,,,,,,,,0.1923426389694214,-11.646080553820195,,,2,2
2020-02-01 18:00:00+00:00,,,0.23532617092132568,-2.1498595140554864,,,,,,,,,,,,,,,,,0.09032416343688965,0.29152468975603485,,,2,2
2020-02-02 00:00:00+00:00,,,0.2261732816696167,-2.2690310142780894,,,,,,,,,,,,,,,,,0.21466946601867676,0.39933847874898004,,,2,2
2020-02-02 06:00:00+00:00,,,0.22717386484146118,-3.057299560320568,,,,,,,,,,,,,,,,,0.2554144859313965,1.102131717774246,,,2,2
2020-02-02 12:00:00+00:00,,,0.1919826865196228,-2.077457692847358,,,,,,,,,,,,,,,,,0.09355449676513672,0.2646401538213617,,,2,2
2020-02-02 18:00:00+00:00,,,0.24206507205963135,-18.486278258285935,,,,,0.22619330883026123,-2.7361478141271145,,,,,,,,,0.4538569450378418,0.33815792907891035,0.15242528915405273,0.5976239108830175,,,5,5
2020-02-03 00:00:00+00:00,,,0.20074784755706787,-1.8799278880526116,,,,,,,,,0.02322530746459961,0.5399735480277837,,,,,0.2904205322265625,0.5494183744420611,,,0.18270516395568848,0.23869482989160173,4,4
2020-02-03 06:00:00+00:00,,,0.20813143253326416,-9.150556301821313,,,,,,,,,0.22271490097045898,-0.2995424440705432,,,,,0.06202256679534912,0.09068791789170566,,,0.07464182376861572,-0.291874788141355,4,4
2020-02-03 12:00:00+00:00,,,0.22291582822799683,-2.6357007319134134,,,,,,,,,0.5240192413330078,2.9715588766101075,,,,,,,0.20646226406097412,1.4948005667686848,,,3,3
2020-02-03 18:00:00+00:00,,,0.209369957447052,-1.867216403570931,,,,,,,,,0.15893852710723877,0.6901821128827137,,,,,,,0.11062407493591309,0.09082996367574331,,,3,3
2020-02-04 00:00:00+00:00,,,0.2926027178764343,-5.2222796380750305,,,,,,,,,0.45281052589416504,1.5930005127713553,,,,,,,0.03847610950469971,0.1725106941722006,,,3,3
2020-02-04 06:00:00+00:00,,,0.2567595839500427,-5.073616786487334,,,,,,,,,0.13536500930786133,0.2620346097789401,,,,,,,0.060956597328186035,-0.15365693974769032,,,3,3
2020-02-04 12:00:00+00:00,,,0.2902739644050598,-6.573466161352811,,,,,,,,,0.20912957191467285,1.5184927898999512,,,,,,,0.19112730026245117,0.37307798485347843,,,4,3
2020-02-04 18:00:00+00:00,,,0.21891367435455322,-2.8541984843623784,,,,,,,,,0.15208745002746582,1.161585588580316,,,,,,,0.16328954696655273,0.448173224060462,,,3,3
2020-02-05 00:00:00+00:00,,,0.2503740191459656,-4.618392002804722,,,,,,,,,0.26342999935150146,2.2950950175733356,,,,,,,0.11532866954803467,-10.165886971529979,,,4,4
2020-02-05 06:00:00+00:00,,,0.30449724197387695,-6.324634862618737,,,,,,,,,0.5306318998336792,5.531486860539575,,,,,,,0.32721853256225586,0.7581639129926007,,,4,4
2020-02-05 12:00:00+00:00,,,0.23848402500152588,-10.956413553179,,,,,,,,,0.5355042219161987,2.194655997916416,,,,,,,0.39002013206481934,24.872306527219717,,,3,3
2020-02-05 18:00:00+00:00,,,0.20761263370513916,-1.6446378088266904,0.3664676547050476,-9.694789556546016,,,,,,,,,0.2629157304763794,5.795008381794198,,,,,0.29031312465667725,0.13601213497426146,0.8229930400848389,0.9940730604031466,5,5
2020-02-06 00:00:00+00:00,,,0.25442349910736084,-3.1763652710592685,0.19052046537399292,-1.4637434446842508,,,,,,,,,0.11637341976165771,4.7451148665770315,,,,,0.26212573051452637,-0.019983704809503174,,,6,5
2020-02-06 06:00:00+00:00,,,0.31360113620758057,-4.860286986195715,0.2072383165359497,-0.7517848187845907,,,,,,,,,0.30125975608825684,0.5433430410752438,,,,,0.1777963638305664,0.4404786914318968,,,5,5
2020-02-06 12:00:00+00:00,,,0.28868865966796875,-2.0352876748334077,0.07058674097061157,-0.12986611223777508,,,,,,,,,0.23611605167388916,5.257588267821417,,,,,0.2732623815536499,1.5211349818593758,,,5,5
2020-02-06 18:00:00+00:00,,,0.29393529891967773,-3.2577036865523015,,,,,,,,,,,0.21549904346466064,5.0276913448816405,,,,,0.2793419361114502,1.6924683277719859,,,5,5
2020-02-07 00:00:00+00:00,,,0.25377702713012695,-3.6850960428045982,,,,,,,,,,,0.44257235527038574,10.244783443324232,,,,,0.2062840461730957,1.2868706180085554,,,3,3
2020-02-07 06:00:00+00:00,,,0.26781779527664185,-2.2146107518602656,,,,,,,,,,,0.2802598476409912,4.362556938340064,,,,,0.27977120876312256,0.29371499670230355,,,3,3
2020-02-07 12:00:00+00:00,,,0.2833653688430786,-3.302122766649844,,,,,,,,,,,0.21160125732421875,5.405951979761257,,,,,0.20067107677459717,0.34209901126661474,,,3,3
2020-02-07 18:00:00+00:00,,,0.26716721057891846,-5.7218168214913785,0.05104672908782959,-0.29875379370062377,,,,,,,,,0.3660513162612915,7.673116124038691,,,,,0.26106905937194824,0.6481706899270681,,,4,4
2020-02-08 00:00:00+00:00,,,0.23499000072479248,-1.5776663750483317,0.15683257579803467,-0.22818405368444483,,,,,,,,,0.21035146713256836,6.272380073661806,,,,,0.2299579381942749,0.7266015037611123,,,4,4
2020-02-08 06:00:00+00:00,,,0.29783767461776733,-2.829967357753352,0.24695748090744019,0.08640156223468606,,,,,,,,,0.4332391023635864,4.823041815677516,,,,,0.2142043113708496,0.5985382122133864,,,4,4
2020-02-08 12:00:00+00:00,,,0.2986941337585449,-1.619199894514541,,,,,,,,,,,0.2803654670715332,6.761780143663944,,,,,0.12186574935913086,0.6589744864979897,,,3,3
2020-02-08 18:00:00+00:00,,,0.29384052753448486,-1.8328469303087787,,,,,,,,,,,0.30634617805480957,2.981350938445207,,,,,0.3071228265762329,0.7983300877015198,,,3,3
2020-02-09 00:00:00+00:00,,,0.3126204013824463,-3.529621125224496,,,,,,,,,,,0.20329082012176514,1.63304922100348,,,,,0.21660840511322021,1.2843087114233718,,,4,4
2020-02-09 06:00:00+00:00,,,0.30011898279190063,-2.600029366067635,,,,,,,,,,,0.3841136693954468,1.0029395438907098,,,,,0.23962974548339844,0.8585480519790609,,,4,4
2020-02-09 12:00:00+00:00,,,0.3193533420562744,-3.8181883745674274,,,,,,,,,,,0.17115342617034912,1.3231469980528834,,,,,0.1854715347290039,0.8384293687242113,0.5695102214813232,0.900582097616576,4,4
2020-02-09 18:00:00+00:00,,,0.2623755931854248,-2.4834727182454364,,,,,,,,,,,,,,,,,0.2688990831375122,0.43131267529026796,,,2,2
2020-02-10 00:00:00+00:00,,,0.24571126699447632,-2.9287071997057836,,,,,,,,,,,,,,,,,0.22986948490142822,0.5216757669231038,,,2,2
2020-02-10 06:00:00+00:00,,,0.3027852773666382,-3.3646308627762944,,,,,,,,,,,,,,,,,0.13463115692138672,0.4133209399920154,,,2,2
2020-02-10 12:00:00+00:00,,,0.26032114028930664,-2.7661802761633494,,,,,,,,,,,,,,,,,0.16627049446105957,0.632170282433023,,,2,2
2020-02-10 18:00:00+00:00,,,0.2917925715446472,-2.9438231929100955,0.15287578105926514,0.13451995323663019,,,,,,,,,,,,,,,0.19350433349609375,8.82765090811895,,,4,4
2020-02-11 00:00:00+00:00,,,0.30647116899490356,-7.490508565421036,0.11907923221588135,0.11989560650589082,,,,,,,,,,,,,,,0.09266138076782227,-2.0058300862034355,,,3,3
2020-02-11 06:00:00+00:00,,,0.30841559171676636,-12.510352474389345,,,,,,,,,,,,,,,,,0.1460968255996704,3.230771356414092,,,2,2
2020-02-11 12:00:00+00:00,,,0.279945969581604,-3.8228087237648656,,,,,,,,,,,,,,,,,0.21367478370666504,0.4551418837713994,,,2,2
2020-02-11 18:00:00+00:00,,,0.2845115661621094,-2.2963357761373726,,,,,,,,,,,,,,,,,0.348791241645813,4.736435036963759,,,2,2
2020-02-12 00:00:00+00:00,,,0.3097710609436035,-4.084405923056202,,,,,,,,,,,,,,,,,0.11148190498352051,0.2621036769003786,,,2,2
2020-02-12 06:00:00+00:00,,,0.3159935474395752,-4.413943647333,,,,,,,,,,,,,,,,,0.2282634973526001,1.9470890308473578,,,2,2
2020-02-12 12:00:00+00:00,,,0.27713507413864136,-3.568166430862465,,,,,,,,,,,,,,,,,0.14820384979248047,-0.7201787131779885,,,2,2
2020-02-12 18:00:00+00:00,,,0.33939021825790405,-3.5336078378718687,,,,,,,,,,,,,,,,,0.2074674367904663,0.45040846002355617,,,2,2
2020-02-13 00:00:00+00:00,,,0.2618727684020996,-1.8820611763612864,,,,,,,,,,,,,,,,,0.2374887466430664,0.7223455960449814,,,2,2
2020-02-13 06:00:00+00:00,,,0.30768340826034546,-2.1300959413212017,,,,,,,,,,,,,,,,,0.14274203777313232,2.118211056760885,,,2,2
2020-02-13 12:00:00+00:00,,,0.26800328493118286,-3.172173137659085,,,,,,,,,,,,,,,,,0.23416626453399658,0.8383331714619597,,,2,2
2020-02-13 18:00:00+00:00,,,0.2154025435447693,-2.0006564893309045,,,,,,,,,,,,,,,,,0.2914092540740967,0.8880613373397069,,,2,2
2020-02-14 00:00:00+00:00,,,0.2513459324836731,-3.592578508453162,,,,,,,,,,,,,,,,,0.19425630569458008,0.2938694475980871,,,2,2
2020-02-14 06:00:00+00:00,,,0.22921669483184814,-4.9099865981499695,,,,,,,,,,,,,,,,,0.14248311519622803,0.4993708713858491,,,2,2
2020-02-14 12:00:00+00:00,,,0.2410198450088501,-3.470710825189882,,,,,,,,,,,,,,,,,0.053105950355529785,0.3525121965537749,,,2,2
2020-02-14 18:00:00+00:00,,,0.2262471318244934,-1.8107967628546766,,,,,,,,,,,,,,,,,0.20559775829315186,0.19763600967166847,,,2,2
2020-02-15 00:00:00+00:00,,,0.26563429832458496,-12.105335117267597,,,,,,,,,,,,,,,,,0.13665175437927246,0.12839674872588266,,,2,2
2020-02-15 06:00:00+00:00,,,0.2308618426322937,-4.919494142953627,,,,,,,,,,,,,,,0.09005820751190186,0.2627375116673124,0.15493464469909668,0.3216439707873804,,,3,3
2020-02-15 12:00:00+00:00,,,0.288143515586853,-4.567838545027408,,,,,,,,,,,,,,,0.13359349966049194,-0.18737657425227083,0.25888752937316895,0.34476630343788617,,,3,3
2020-02-15 18:00:00+00:00,,,0.25332111120224,-6.422770935608984,,,,,,,,,,,,,,,,,0.18437838554382324,0.2977964627281308,,,2,2
2020-02-16 00:00:00+00:00,,,0.25775760412216187,-6.413033624728865,,,,,,,,,,,,,,,,,0.20468544960021973,0.5908078071415285,,,2,2
2020-02-16 06:00:00+00:00,,,0.23325002193450928,-5.899789954769668,,,,,,,,,,,,,,,,,0.08998537063598633,0.4309541695760938,,,2,2
2020-02-16 12:00:00+00:00,,,0.28222131729125977,-2.598201319682126,,,,,,,,,,,,,,,,,0.0790175199508667,0.502647787328217,,,2,2
2020-02-16 18:00:00+00:00,,,0.1743451952934265,-2.1984209148283202,,,,,,,,,,,,,,,,,0.21431422233581543,0.969337603671052,,,2,2
2020-02-17 00:00:00+00:00,,,0.25857144594192505,-3.1004731223989155,,,,,,,,,,,,,,,,,0.09052872657775879,-0.19098190410878832,,,2,2
2020-02-17 06:00:00+00:00,,,0.26327258348464966,-3.157485252142134,,,,,,,,,,,,,,,,,0.18487882614135742,0.6077206105093087,,,2,2
2020-02-17 12:00:00+00:00,,,0.2627190947532654,-4.4184955833565525,,,,,,,,,,,,,,,,,0.13276910781860352,0.3869663290046812,,,2,2
2020-02-17 18:00:00+00:00,,,0.2637776732444763,-5.859778761960121,,,,,,,,,,,,,,,,,0.10994553565979004,0.24620678212224345,,,2,2
2020-02-18 00:00:00+00:00,,,0.2032182812690735,-4.882830269446749,,,,,,,,,,,,,,,,,0.11843609809875488,0.21176272143763702,,,2,2
2020-02-18 06:00:00+00:00,,,0.21446245908737183,-1.4783097749044134,,,,,,,,,,,,,,,,,0.11376631259918213,1.7777001329212714,,,2,2
2020-02-18 12:00:00+00:00,,,0.23409712314605713,-4.287192824416592,,,,,,,,,,,,,,,,,0.18238353729248047,-0.05861878775229837,,,2,2
2020-02-18 18:00:00+00:00,,,0.22442853450775146,-6.792505521472085,,,,,,,,,,,,,,,,,0.08442401885986328,0.465011869877987,,,2,2
2020-02-19 00:00:00+00:00,,,0.21454185247421265,-3.628099808831005,,,,,,,,,,,,,,,,,0.11457538604736328,1.0830288826970498,,,2,2
2020-02-19 06:00:00+00:00,,,0.23874694108963013,-3.413492182569815,,,,,,,,,,,,,,,,,0.031623125076293945,2.136700088589397,,,2,2
2020-02-19 12:00:00+00:00,,,0.18247824907302856,-0.8600735005043537,,,,,,,,,,,,,,,,,0.06966733932495117,0.03363734237377082,,,2,2
2020-02-19 18:00:00+00:00,,,0.19619977474212646,-1.797396505264757,,,,,,,,,,,,,,,,,0.17348599433898926,0.5280839138804252,,,2,2
2020-02-20 00:00:00+00:00,,,0.23825979232788086,-2.1691155624576717,,,,,,,,,,,,,,,,,0.045671701431274414,0.24188515232692975,,,2,2
2020-02-20 06:00:00+00:00,,,0.19840121269226074,-0.9317665694200059,,,,,,,,,,,,,,,,,0.06326103210449219,0.06185074332951087,,,2,2
2020-02-20 12:00:00+00:00,,,0.23776036500930786,-2.9939439642115384,,,,,,,,,,,,,,,,,0.18420004844665527,0.7771889336428617,,,2,2
2020-02-20 18:00:00+00:00,,,0.2314128875732422,-15.61623545204789,,,,,,,,,,,,,,,,,0.24696290493011475,0.41802619384917294,,,2,2
2020-02-21 00:00:00+00:00,,,0.1875617504119873,-2.1239683366711275,,,,,,,,,,,,,,,,,0.0888681411743164,0.9809635939389572,,,2,2
2020-02-21 06:00:00+00:00,,,0.1979128122329712,-3.0733507506043853,,,,,,,,,,,,,,,,,0.2537567615509033,3.599212968787404,,,2,2
2020-02-21 12:00:00+00:00,,,0.19840586185455322,-8.216049808067499,,,,,,,,,,,,,,,,,0.18995094299316406,3.1952236835457413,,,2,2
2020-02-21 18:00:00+00:00,,,0.18212038278579712,19.86803265026217,,,,,,,,,,,,,,,,,0.23759770393371582,1.9962136956130423,,,3,2
2020-02-22 00:00:00+00:00,,,0.18173748254776,-3.6853837140540424,,,,,,,,,,,,,,,,,0.12660717964172363,1.4140810286783962,,,2,2
2020-02-22 06:00:00+00:00,,,0.2131165862083435,-7.482117481618947,,,,,,,,,,,,,,,,,0.1285538673400879,0.3405364229198748,,,2,2
2020-02-22 12:00:00+00:00,,,0.1318950653076172,-7.808672900948208,,,,,,,,,,,,,,,,,0.21569228172302246,1.247436764077177,,,2,2
2020-02-22 18:00:00+00:00,,,0.18121862411499023,-4.017380110206063,,,,,,,,,,,,,,,,,0.1919955015182495,1.5684676769124375,,,2,2
2020-02-23 00:00:00+00:00,,,0.18155449628829956,-1.501032651834485,,,,,,,,,,,,,,,,,0.20716500282287598,0.8375412098695145,,,2,2
2020-02-23 06:00:00+00:00,,,0.20358490943908691,-1.5559465881310823,,,,,,,,,,,,,,,,,0.17709124088287354,-4.437283703255063,,,2,2
2020-02-23 12:00:00+00:00,,,0.22235196828842163,-5.421535386187727,0.282936155796051,-0.40658106226428625,,,,,,,,,,,,,,,0.196447491645813,-0.05428761467861307,,,4,4
2020-02-23 18:00:00+00:00,,,0.1570754051208496,-2.9654487733374055,,,,,,,,,,,,,,,,,0.11720526218414307,0.38056488090095586,,,2,2
2020-02-24 06:00:00+00:00,,,0.22178101539611816,-2.2996774982267296,,,,,,,,,,,,,,,,,0.15860867500305176,0.14923182596926438,,,3,2
2020-02-24 12:00:00+00:00,,,0.21435606479644775,-5.140667791976507,,,,,,,,,,,,,,,,,0.3279479742050171,0.8031981294689157,,,3,2
2020-02-24 18:00:00+00:00,,,0.22520989179611206,-12.695490458274353,,,,,,,,,,,,,,,,,0.23485231399536133,0.6001071334969448,0.3387598395347595,0.7198654625275537,3,3
2020-02-25 00:00:00+00:00,,,0.1915668249130249,-2.3345727985458526,,,,,,,,,,,,,,,,,0.1499958038330078,0.22472189592941194,0.6000146865844727,-0.07516837114206766,3,3
2020-02-25 06:00:00+00:00,,,0.18752944469451904,-3.2303578423923556,,,,,,,,,,,,,,,,,0.2012423276901245,1.6088799426408418,,,3,3
2020-02-25 12:00:00+00:00,,,0.16762304306030273,-3.875413337478731,,,,,,,,,,,,,,,,,0.1839005947113037,0.09841976101775396,,,3,3
2020-02-25 18:00:00+00:00,,,0.20012426376342773,-2.9228915216231135,,,,,,,,,,,,,,,,,0.12290477752685547,0.21661140227337095,,,3,3
2020-02-26 00:00:00+00:00,,,0.1984063982963562,-2.3069111081788702,,,,,,,,,,,,,,,0.5642494261264801,0.09893810437984879,0.029518842697143555,-0.2583137886502773,,,3,3
2020-02-26 06:00:00+00:00,,,0.21037471294403076,-3.0434124036123844,,,,,,,,,,,,,,,0.639755129814148,-0.05387756924214156,,,0.1950511932373047,0.7574153862843161,3,3
2020-02-26 12:00:00+00:00,,,0.16290134191513062,-3.2781972777300297,,,,,,,,,,,,,,,0.2108304500579834,0.2850832200010409,,,0.4159829616546631,0.48562920091219225,3,3
2020-02-26 18:00:00+00:00,,,0.2629201412200928,-14.766084098146802,,,,,,,,,,,,,,,0.24831223487854004,-0.07897307203981142,,,0.06467294692993164,0.11456792602841277,3,3
2020-02-27 00:00:00+00:00,,,0.17336511611938477,-1.7247774469537163,,,,,,,,,,,,,,,0.11248570680618286,0.3745775504284194,,,0.2853773832321167,1.186499859978866,3,3
2020-02-27 06:00:00+00:00,,,0.19036996364593506,-3.791419421211563,,,,,,,,,,,,,,,0.11368465423583984,0.12377881018759984,,,0.09709060192108154,-0.014122799072521052,3,3
2020-02-27 12:00:00+00:00,,,0.20600557327270508,-2.2008245199407512,,,,,,,,,,,,,,,0.4649142026901245,1.7352233538194708,,,0.003609776496887207,-0.3624945538823551,4,3
2020-02-27 18:00:00+00:00,,,0.22997307777404785,-2.24259913216545,,,,,,,,,,,,,,,0.0821833610534668,0.09278612941754323,,,0.3630107641220093,-0.050574196165016794,3,3
2020-02-28 00:00:00+00:00,,,0.198752760887146,-3.4418391610145824,,,,,,,,,,,,,,,0.030112922191619873,-0.1457859391143314,,,0.10812616348266602,0.6523408785341815,5,4
2020-02-28 06:00:00+00:00,,,0.19760465621948242,-2.112885102522367,,,,,,,,,,,,,,,,,0.05668598413467407,-0.032899859267594714,0.02752208709716797,0.43406026361394817,3,3
2020-02-28 12:00:00+00:00,,,0.22790682315826416,-3.456305828889515,,,,,,,,,,,,,,,,,0.13971614837646484,0.21022839855298278,0.7363437414169312,0.13298398178322604,3,3
2020-02-28 18:00:00+00:00,,,0.23038047552108765,-5.623977270543992,,,,,,,,,,,,,,,,,0.19104671478271484,-0.8536264906854054,0.04310405254364014,-0.13289621244824623,3,3
2020-02-29 00:00:00+00:00,,,0.17973941564559937,-10.213430596661196,,,,,,,,,,,,,,,,,0.10984981060028076,1.2669496292972686,0.41861116886138916,0.3051005628015184,4,4
2020-02-29 06:00:00+00:00,,,0.2552173137664795,-2.417529646519332,,,,,,,,,,,,,,,,,0.2678661346435547,0.18761807919288975,0.1594693660736084,0.44179778034351785,3,3
2020-02-29 12:00:00+00:00,,,0.2685275077819824,-2.831657866601195,,,,,,,,,,,,,,,,,0.13088548183441162,0.2737800512177371,0.13135910034179688,0.968940108862871,3,3
2020-02-29 18:00:00+00:00,,,0.2254074215888977,-2.891130272285016,,,,,,,,,,,,,,,,,0.2878239154815674,-0.018291744211064113,,,3,2
2020-03-01 00:00:00+00:00,,,0.26330018043518066,-3.2558664971114952,,,,,,,,,,,,,,,,,0.1629725694656372,0.6266295395413158,,,2,2
2020-03-01 06:00:00+00:00,,,0.16205275058746338,-3.9194336587269527,0.2275705337524414,0.3026332553545519,,,,,,,,,,,,,,,0.20361924171447754,-0.20825079753146855,,,3,3
2020-03-01 12:00:00+00:00,,,0.2749292850494385,-5.569868269211303,0.0342402458190918,0.22415863170299316,,,,,,,,,,,,,,,0.18426060676574707,0.6857948007615836,,,3,3
2020-03-01 18:00:00+00:00,,,0.2323514223098755,-4.571705907614414,0.21264678239822388,-0.3292872861519127,,,,,,,,,,,,,,,0.2539438009262085,1.0170572544072072,,,3,3
2020-03-02 00:00:00+00:00,,,0.2197830080986023,-0.868024173461893,0.03369009494781494,0.6646525341974537,,,,,,,,,,,,,,,0.14596199989318848,0.22916758220078196,,,3,3
2020-03-02 06:00:00+00:00,,,0.272210955619812,-12.4337225903169,0.1464269757270813,-0.18243756839601982,,,,,,,,,,,,,,,0.16170775890350342,0.5560492874010475,,,4,3
2020-03-02 12:00:00+00:00,,,0.24699914455413818,-3.2464134459677743,,,,,,,,,,,,,,,,,0.19811689853668213,0.5146796265808615,,,2,2
2020-03-02 18:00:00+00:00,,,0.20656979084014893,-5.782357580399398,0.1747831106185913,1.0668138824231042,,,,,,,,,,,,,,,0.22313177585601807,0.4427453907017515,,,3,3
2020-03-03 00:00:00+00:00,,,0.24974548816680908,-7.124124736194147,0.281089186668396,0.3125109555101059,,,,,,,,,,,,,,,0.08167636394500732,0.5181258205478985,,,3,3
2020-03-03 06:00:00+00:00,,,0.21141493320465088,-6.471281813377517,0.0656784176826477,-0.5829341517613189,,,,,,,,,,,,,,,0.14155113697052002,0.7420980773236319,,,3,3
2020-03-03 12:00:00+00:00,,,0.2496669888496399,-2.8468240934698272,,,,,,,,,,,,,,,,,0.2975132465362549,0.3231390564292654,,,3,2
2020-03-03 18:00:00+00:00,,,0.2372412085533142,-1.31609424164131,,,,,,,,,,,,,,,,,0.1728578805923462,0.3780002849237764,,,2,2
2020-03-04 00:00:00+00:00,,,0.2038511037826538,-2.8305792403254455,,,,,,,,,,,,,,,,,0.21421170234680176,0.4702392475673178,,,2,2
2020-03-04 06:00:00+00:00,,,0.22847133874893188,-1.6400514356255653,,,,,,,,,,,,,,,,,0.13975059986114502,0.5966969574877646,,,2,2
2020-03-04 12:00:00+00:00,0.6490803956985474,-2.942107770620288,0.20798349380493164,-2.0072485132840674,,,,,,,,,,,,,,,,,0.13604068756103516,0.7014082032696897,,,3,3
2020-03-04 18:00:00+00:00,0.20595896244049072,-0.5693050143873959,0.25566160678863525,-3.908392043808116,,,,,,,,,,,,,,,,,0.1837865114212036,0.26440961712511546,0.4169352054595947,-0.3107488876410591,5,5
2020-03-05 00:00:00+00:00,,,0.22715765237808228,-3.8434512880476275,,,,,,,,,,,,,,,,,0.14289426803588867,0.179975037901361,0.8329873085021973,0.4529713475096885,5,5
2020-03-05 06:00:00+00:00,,,0.26305651664733887,-1.966130305395513,,,,,,,,,,,,,,,,,0.2830542325973511,3.9138051874142716,0.24227511882781982,0.14143415427391537,4,4
2020-03-05 12:00:00+00:00,,,0.2623215317726135,-1.7326095521051308,,,,,,,,,,,,,,,,,0.24498331546783447,0.9637912812261649,,,4,4
2020-03-05 18:00:00+00:00,,,0.22110337018966675,-2.6375825178647223,,,,,,,,,,,,,,,,,0.1458454132080078,0.368171823020956,,,3,3
2020-03-06 00:00:00+00:00,,,0.2830160856246948,-4.592170606545035,,,,,0.4063457250595093,-0.8408451690178897,,,,,,,,,,,0.23191142082214355,0.5410600778407799,,,4,4
2020-03-06 06:00:00+00:00,,,0.26753246784210205,-4.677853103340317,,,,,0.27019035816192627,-2.119874994153457,,,,,,,,,,,0.12396538257598877,1.237879017315295,,,3,3
2020-03-06 12:00:00+00:00,,,0.23266786336898804,-1.1880210737458887,,,,,0.006509542465209961,1.5498837236891498,,,,,,,,,,,0.17233264446258545,0.5373383623498827,,,3,3
2020-03-06 18:00:00+00:00,,,0.2481709122657776,-0.8050548642068138,,,,,0.1555560827255249,2.1522979951378476,,,,,,,,,,,0.23446857929229736,0.4210592047248722,0.23417985439300537,-0.46129187905185765,4,4
2020-03-07 00:00:00+00:00,,,0.2570282220840454,-2.9489835280933967,,,,,0.26341116428375244,-0.483238333874203,,,,,,,,,,,0.1946645975112915,0.6544538711648538,0.7225426435470581,-0.09529093056329803,4,4
2020-03-07 06:00:00+00:00,,,0.24382126331329346,-2.909985694160936,,,,,0.08827441930770874,0.09742207768668817,,,,,,,,,,,0.22041845321655273,0.4579678878906421,,,4,3
2020-03-07 12:00:00+00:00,,,0.21777313947677612,-2.2299405693643,0.08043724298477173,1.0324543338967658,,,0.07955276966094971,-1.0141972403543735,,,,,,,,,,,0.08807837963104248,0.7083970810968799,,,5,4
2020-03-07 18:00:00+00:00,,,0.2624797224998474,-34.826622362889964,0.2736840844154358,-1.0396185568283964,,,0.034726858139038086,2.5970874719470824,,,,,,,,,,,0.140297532081604,-7.7506432963470155,,,5,5
2020-03-08 00:00:00+00:00,,,0.2708343267440796,-18.330709811154744,0.3837164640426636,-0.616057635507533,,,0.038154006004333496,2.4718522191740333,,,,,,,,,,,0.2156963348388672,1.1114962302376377,,,5,5
2020-03-08 06:00:00+00:00,,,0.24476486444473267,-2.594018163105325,0.6065711677074432,-0.8293621255816988,,,0.055989086627960205,0.3938857472550367,,,,,,,,,,,0.009461760520935059,1.0129076883291868,,,4,4
2020-03-08 12:00:00+00:00,,,0.27300673723220825,-12.474399659642291,0.009721636772155762,0.3041234352118505,,,0.18052250146865845,-0.4454351590825217,,,,,,,,,,,0.1322953701019287,0.4344553490221681,,,4,4
2020-03-08 18:00:00+00:00,,,0.21169286966323853,-1.4932437121670072,0.345159649848938,0.10791785503870686,,,0.005581855773925781,2.885139778620156,,,,,,,,,,,0.1827327013015747,0.15386119833479084,,,4,4
2020-03-09 00:00:00+00:00,,,0.2575591802597046,-2.9483219359010593,0.1406046748161316,-0.28007227658845285,,,0.24937015771865845,-1.7182512414421063,,,,,,,,,,,0.07121992111206055,-2.9073058883046943,,,4,4
2020-03-09 06:00:00+00:00,,,0.22644835710525513,-2.0334736779802833,0.44167470932006836,0.4174695571417828,,,,,,,,,,,,,,,0.1603761911392212,0.5704624854479172,,,3,3
2020-03-09 12:00:00+00:00,,,0.17326956987380981,11.85727048647567,,,,,,,,,,,,,,,,,0.30183660984039307,2.229703444800749,,,2,2
2020-03-09 18:00:00+00:00,,,0.2681316137313843,-45.56408093707686,,,,,,,,,,,,,,,,,0.13145184516906738,1.6391678493545851,,,2,2
2020-03-10 00:00:00+00:00,,,0.2505432367324829,-9.320854657085949,0.1693512201309204,0.036111037103983,,,,,,,,,,,,,,,0.03621780872344971,0.6753847486616609,,,3,3
2020-03-10 06:00:00+00:00,,,0.2292153239250183,-2.4787241188950713,,,,,,,,,,,,,,,,,0.08275556564331055,1.5456857853071782,,,2,2
2020-03-10 12:00:00+00:00,,,0.2684140205383301,-3.6448318307839016,,,,,,,,,,,,,,,,,0.19127821922302246,0.4496768494786051,,,2,2
2020-03-10 18:00:00+00:00,,,0.2603217363357544,-8.108528613043337,,,,,,,,,,,,,,,,,0.10811805725097656,3.021133539068478,,,2,2
2020-03-11 00:00:00+00:00,,,0.20798784494400024,-3.41982065836396,,,,,,,,,,,0.2880181074142456,0.4165132932571386,,,,,0.10127544403076172,1.1294482983055527,,,3,3
2020-03-11 06:00:00+00:00,,,0.2159000039100647,-2.887464408126308,,,,,,,,,,,,,,,,,0.20116007328033447,1.029159843226749,,,2,2
2020-03-11 12:00:00+00:00,,,0.2504699230194092,-1.6975018646278828,,,,,,,,,,,,,,,,,0.15177369117736816,2.040300078175232,,,2,2
2020-03-11 18:00:00+00:00,,,0.26428449153900146,-3.501117200148686,,,,,,,,,,,,,,,,,0.2216200828552246,1.2605412412207853,,,2,2
2020-03-12 00:00:00+00:00,,,0.22483807802200317,-1.6305810843841027,,,,,,,,,,,,,,,,,0.2155705690383911,1.4809442300881974,,,2,2
2020-03-12 06:00:00+00:00,,,0.19939863681793213,-1.7674831613277122,,,,,,,,,,,0.1764436960220337,0.1707993853900342,,,,,0.08581554889678955,0.5369629301066989,,,3,3
2020-03-12 12:00:00+00:00,,,0.25415223836898804,-4.922609882346615,,,,,,,,,,,0.38963639736175537,0.557558471650805,,,,,0.2086697816848755,0.5240336419643399,0.3306000232696533,0.5154339362040395,4,4
2020-03-12 18:00:00+00:00,,,0.22743093967437744,-1.9685459985696763,,,,,,,,,,,,,,,,,0.20712149143218994,1.3362350865523058,,,3,3
2020-03-13 00:00:00+00:00,,,0.21807199716567993,-5.4375426230992066,,,,,,,,,,,,,,,,,0.03268575668334961,-0.18061728592266565,,,4,3
2020-03-13 06:00:00+00:00,,,0.229986310005188,-2.346049868037418,,,,,,,,,,,,,,,,,0.22153103351593018,0.6707897077281503,,,3,2
2020-03-13 12:00:00+00:00,,,0.1802634596824646,-6.4169823606085,,,,,,,,,,,,,,,,,0.24284374713897705,0.8631171098514816,0.04427289962768555,-0.3253117169595993,4,4
2020-03-13 18:00:00+00:00,,,0.24887120723724365,-8.216033050898863,,,,,,,,,,,,,0.07373011112213135,0.4894444814805072,,,0.10084497928619385,0.20205200933515757,,,3,3
2020-03-14 00:00:00+00:00,,,0.1899278163909912,-1.9344252593394962,,,,,,,,,,,,,0.42329537868499756,0.7754067186521973,,,0.08220338821411133,3.6717546091482456,,,3,3
2020-03-14 06:00:00+00:00,,,0.21163040399551392,-4.61350187715047,,,,,,,,,,,,,0.38308441638946533,-0.08449499478533558,,,0.12535440921783447,1.3480160705524056,,,4,3
2020-03-14 12:00:00+00:00,,,0.21072304248809814,-3.7581972908017893,,,,,,,,,,,,,0.11962449550628662,-0.15523470201467326,,,0.20309197902679443,0.7856449204266702,,,4,3
2020-03-14 18:00:00+00:00,,,0.21325796842575073,-2.3978911982901088,,,,,,,,,,,,,0.5836251974105835,-1.1576743067808226,,,0.19543099403381348,0.36836846230813325,,,3,3
2020-03-15 00:00:00+00:00,,,0.20531803369522095,-2.4037713929334985,,,,,,,,,,,,,,,,,0.1118394136428833,0.4438958734491381,0.9663857221603394,0.7530148138425798,3,3
2020-03-15 06:00:00+00:00,,,0.25863951444625854,-4.954145029373499,,,,,,,,,,,,,,,,,0.131697416305542,0.2508123677146971,,,2,2
2020-03-15 12:00:00+00:00,,,0.22305554151535034,-5.121772477331445,,,,,,,,,,,,,,,,,0.20681393146514893,0.5555538948185558,,,2,2
2020-03-15 18:00:00+00:00,,,0.2659626603126526,-3.549274734208481,,,,,,,,,,,,,,,,,0.1379643678665161,0.6729831698109483,,,3,2
2020-03-16 00:00:00+00:00,,,0.18550240993499756,-3.667511371072768,,,,,,,,,,,,,,,,,0.20295429229736328,0.5627762422514736,,,2,2
2020-03-16 06:00:00+00:00,,,0.27077925205230713,-3.606115552740621,,,,,,,,,,,,,,,,,0.21382355690002441,1.8731517897222927,,,3,2
2020-03-16 12:00:00+00:00,,,0.28774595260620117,-6.793763062707505,,,,,,,,,,,,,,,,,0.15019989013671875,0.4149393298252178,,,2,2
2020-03-16 18:00:00+00:00,,,0.26626312732696533,-3.6906724296168814,,,,,,,,,,,,,,,,,0.15419578552246094,1.3485960394077166,,,2,2
2020-03-17 00:00:00+00:00,,,0.25810080766677856,-3.2888219508595755,,,,,,,,,,,,,,,,,0.09488797187805176,-0.6463286593152556,,,2,2
2020-03-17 06:00:00+00:00,,,0.30547165870666504,-3.6221701306089233,,,,,,,,,,,,,,,,,0.1731705665588379,-0.13669487678916414,,,2,2
2020-03-17 12:00:00+00:00,,,0.3044591546058655,-4.3338269990477984,,,,,,,,,,,,,,,,,0.04198598861694336,0.4537362776856503,,,2,2
2020-03-17 18:00:00+00:00,,,0.28928178548812866,-5.65391509519255,,,,,,,,,,,,,,,,,0.202803373336792,0.16959422564427537,,,3,3
2020-03-18 00:00:00+00:00,,,0.2567497491836548,-1.639524236337267,,,,,,,,,,,,,,,,,0.09391427040100098,-0.10532679924290844,,,3,3
2020-03-18 06:00:00+00:00,,,0.2878955006599426,-24.349792314513095,,,,,,,,,,,,,,,,,0.1330258846282959,-1.4117012274485152,,,2,2
2020-03-18 12:00:00+00:00,,,0.31072449684143066,-5.131958575133523,,,,,,,,,,,,,,,,,0.28185153007507324,0.3251687820596641,,,2,2
2020-03-18 18:00:00+00:00,,,0.23881632089614868,-0.31160540217452054,,,,,,,,,,,,,,,,,0.19731760025024414,0.49428221083694723,,,2,2
2020-03-19 00:00:00+00:00,,,0.24224740266799927,-3.4479947203106303,,,,,,,,,,,,,,,,,0.25847339630126953,0.9498046251178665,,,2,2
2020-03-19 06:00:00+00:00,,,0.3102548122406006,-3.9421189656478783,,,,,,,,,,,,,,,,,0.2512235641479492,1.2979893552876398,0.30221354961395264,-0.78094142090219,4,4
2020-03-19 12:00:00+00:00,,,0.3243291974067688,-3.9885759060466817,,,,,,,,,,,,,,,,,0.19575440883636475,0.19073536218216885,,,2,2
2020-03-19 18:00:00+00:00,,,0.31925147771835327,-3.126972935767802,,,,,,,,,,,,,,,,,0.11807668209075928,0.10638734934116077,,,2,2
2020-03-20 00:00:00+00:00,,,0.35978901386260986,-11.98449759405054,,,,,,,,,,,,,,,,,0.20534539222717285,0.3194629581296879,,,2,2
2020-03-20 06:00:00+00:00,0.016228914260864258,-0.8542974790138413,0.29535937309265137,-2.0382875426085616,,,,,,,,,,,,,,,,,0.11285281181335449,-0.42672872349612256,,,3,3
2020-03-20 12:00:00+00:00,0.18600040674209595,-0.18907973041122123,0.2802731990814209,-6.627169943289262,,,,,,,,,,,,,,,,,0.1820228099822998,0.3888657059382131,,,3,3
2020-03-20 18:00:00+00:00,,,0.32922208309173584,-4.454821647826109,,,,,,,,,,,,,,,,,0.1345757246017456,0.7317708934545147,,,2,2
2020-03-21 00:00:00+00:00,,,0.26990824937820435,-4.018483614031468,,,,,,,,,,,,,,,,,0.2626185417175293,0.7124618638388166,,,2,2
2020-03-21 06:00:00+00:00,,,0.2797972559928894,-4.3573970879364845,,,,,,,,,,,,,,,,,0.21905243396759033,0.3424490835485919,,,2,2
2020-03-21 12:00:00+00:00,0.10382699966430664,-0.48892754877009936,0.24692940711975098,-3.0944848988192653,,,,,,,,,,,,,,,,,0.30240535736083984,0.6234413280272465,,,3,3
2020-03-21 18:00:00+00:00,0.2242313027381897,-0.6244833249619938,0.3427463173866272,-4.382736001339253,0.06113851070404053,-0.0218305887411992,0.12069159746170044,-1.095954148107657,,,,,,,,,,,,,0.25213098526000977,2.7937028107456525,,,5,5
2020-03-22 00:00:00+00:00,,,0.2803797721862793,-3.753264319541379,0.39935630559921265,-0.7282576364892692,0.2875783443450928,-0.7021064125791685,,,,,,,,,,,,,0.1738647222518921,0.4569095530202714,,,4,4
2020-03-22 06:00:00+00:00,,,0.3567720055580139,-5.3362464901544415,,,0.2845457196235657,-1.7082247299496374,,,,,,,,,,,,,0.280767560005188,12.383523401055227,,,3,3
2020-03-22 12:00:00+00:00,,,0.35215938091278076,-3.5161718340467174,,,0.27410465478897095,-0.6450080071012979,,,,,,,,,,,,,0.20930945873260498,0.4348215716672577,,,3,3
2020-03-22 18:00:00+00:00,,,0.22756129503250122,-2.0334499764409757,,,0.23084276914596558,-0.5910039698203984,,,,,,,,,,,,,0.2552837133407593,0.32373605042063996,,,3,3
2020-03-23 00:00:00+00:00,0.2869892120361328,-1.799114260109275,0.22730159759521484,-1.8294137726747974,,,0.14356452226638794,-1.9178671861045948,,,,,,,,,,,,,0.10161536931991577,-18.53390049861369,,,4,4
2020-03-23 06:00:00+00:00,0.09081375598907471,-0.7959070007218948,0.22550994157791138,-1.86861585729396,,,0.2853681445121765,-2.1943336912587696,,,,,,,,,,,,,0.19500553607940674,0.30911362066017634,,,5,5
2020-03-23 12:00:00+00:00,,,0.27262425422668457,-1.989478600965445,,,0.26067233085632324,-4.10696557999641,,,,,,,,,,,,,0.18075406551361084,1.2299458321767882,,,3,3
2020-03-23 18:00:00+00:00,,,0.26563262939453125,-2.930233425543332,,,0.14497148990631104,6.52086178687907,,,,,,,,,,,,,0.04268193244934082,0.7527412823113876,,,4,3
2020-03-24 00:00:00+00:00,,,0.26828819513320923,-1.7761916961390574,,,0.13904982805252075,-0.5185663589257709,,,,,,,,,,,,,0.05414491891860962,0.43163696771850324,,,3,3
2020-03-24 06:00:00+00:00,0.5661444664001465,-1.7260024504824192,0.2729153037071228,-1.9135161039343758,,,0.4169567823410034,-2.520623467375242,,,,,,,,,,,,,0.08758246898651123,0.23310379024167646,,,5,5
2020-03-24 12:00:00+00:00,,,0.249758780002594,-23.148353985374275,,,0.2592806816101074,-3.2713409913619604,,,,,,,,,,,,,0.1583695411682129,-0.1510625366539179,,,4,4
2020-03-24 18:00:00+00:00,0.7092684507369995,-3.8015960732528558,0.23449033498764038,-2.977327147250862,,,0.16669589281082153,-4.374109342266954,,,,,,,,,,,0.13291454315185547,0.08252508618316204,0.1793736219406128,-0.002439396247184196,,,6,6
2020-03-25 00:00:00+00:00,,,0.22862368822097778,-5.656596366341795,,,0.2896418571472168,-2.6922836450806367,0.3532276749610901,-1.8610671452668386,,,,,,,,,0.18594741821289062,-0.002092770520276576,0.15256130695343018,0.4772664832615419,,,5,5
2020-03-25 06:00:00+00:00,,,0.22081559896469116,-3.5281246058924647,,,0.1834964156150818,-3.5563642754159095,0.37821805477142334,-4.16141311980414,,,,,,,,,0.06088757514953613,-0.32594770810888285,0.019431114196777344,-0.4576883434453146,,,5,5
2020-03-25 12:00:00+00:00,,,0.24368363618850708,-2.341365288125584,,,,,0.18381839990615845,-12.84445875244024,,,,,,,,,0.47956132888793945,0.1481811634160326,,,0.2189093828201294,0.5555808294257293,5,5
2020-03-25 18:00:00+00:00,,,0.21210616827011108,-1.6243712646837825,,,,,0.15273135900497437,-4.7552248590090755,,,,,,,,,,,0.34952449798583984,0.322383098170429,,,4,4
2020-03-26 00:00:00+00:00,,,0.21852779388427734,-10.365611307056374,,,,,0.5026737451553345,-11.870041447459357,,,,,,,,,,,0.0973365306854248,-0.31472416036997847,,,4,4
2020-03-26 06:00:00+00:00,,,0.25697416067123413,-2.0298882063852006,,,,,0.32993894815444946,-1.6286992186168971,,,,,,,,,,,0.2274179458618164,0.6289056430114456,,,4,4
2020-03-26 12:00:00+00:00,,,0.28818798065185547,-3.338841541578596,,,,,0.33801209926605225,-4.147950305552191,,,,,,,,,,,0.3064967393875122,0.2791288319978752,0.07874453067779541,-0.007466445210581218,4,4
2020-03-26 18:00:00+00:00,,,0.20955735445022583,-1.8559598268354869,,,,,0.16917765140533447,-3.1682841006496574,,,,,,,,,,,0.23952770233154297,1.2195211262347652,0.2526794672012329,0.3405648598314422,4,4
2020-03-27 00:00:00+00:00,,,0.2551301121711731,-9.611779632965645,,,,,0.21159368753433228,-1.1537947517617182,,,,,,,,,0.35780149698257446,-0.12106345337075351,0.2329559326171875,0.3506165231964993,0.09325969219207764,-0.26736111260533985,6,6
2020-03-27 06:00:00+00:00,,,0.2184026837348938,-3.686421999219146,,,,,0.17278867959976196,-2.576786406557543,,,,,,,,,,,0.001662135124206543,0.21309457866925696,0.1793462038040161,1.1393109351889616,5,5
2020-03-27 12:00:00+00:00,,,0.2118222713470459,-1.6525979561329274,,,,,0.3619028925895691,-1.8938180201122747,,,,,,,,,,,0.17287182807922363,0.9986976778102707,0.20521247386932373,0.6638698738236093,7,6
2020-03-27 18:00:00+00:00,,,0.20088952779769897,-2.498051792706855,,,,,0.15771985054016113,6.160792491798074,,,,,,,,,,,0.27713310718536377,-0.19587158752077774,0.27249467372894287,-0.8651023920358228,5,5
2020-03-28 00:00:00+00:00,,,0.1700637936592102,32.17328160636621,,,,,0.4753016233444214,-5.0514166065377255,,,,,,,,,,,0.13580477237701416,1.039587869148713,0.22944974899291992,0.48846030395803797,4,4
2020-03-28 06:00:00+00:00,,,0.194738507270813,-6.443533886256641,,,,,0.2672770023345947,-0.7035537700397666,,,,,,,,,,,0.23604071140289307,-0.05428154002273553,0.1941380500793457,0.10321729889188813,4,4
2020-03-28 12:00:00+00:00,,,0.23457330465316772,-3.4131189225983256,,,,,0.1797071099281311,-3.87376695473695,,,,,,,,,,,0.31128764152526855,1.9403190596580397,0.13505089282989502,-0.7130753046065005,4,4
2020-03-28 18:00:00+00:00,,,0.25016987323760986,-5.060658868214225,,,,,0.25960344076156616,-5.9258517975106075,,,,,,,,,,,0.050953030586242676,0.37030336473632425,,,3,3
2020-03-29 00:00:00+00:00,,,0.22334671020507812,-15.418515406454372,,,,,0.2934654951095581,-3.6066792556411134,,,,,,,,,,,0.04508388042449951,-0.02043621313734746,,,4,4
2020-03-29 06:00:00+00:00,,,0.1927046775817871,-1.5744988063009195,,,,,0.06393349170684814,-0.1659157445404063,,,,,,,,,,,0.2069227695465088,0.20042619389088306,,,4,4
2020-03-29 12:00:00+00:00,,,0.17812973260879517,-0.9611144098505265,,,,,,,0.16951435804367065,0.20492687817450328,,,,,,,0.03849613666534424,-0.029671033060319478,0.0939791202545166,0.5780734969333619,,,6,5
2020-03-29 18:00:00+00:00,,,0.23083025217056274,-1.531168090676309,,,,,,,,,,,,,,,0.24069088697433472,-0.45900051599603914,,,0.03319227695465088,0.2006665231836644,4,3
2020-03-30 00:00:00+00:00,,,0.200833261013031,-2.964235420151828,,,,,,,,,,,,,,,0.0137099027633667,-0.6043168797393671,0.11053788661956787,0.7289336284572095,,,4,3
2020-03-30 06:00:00+00:00,,,0.15656083822250366,-2.1490142993872756,,,,,,,0.12641537189483643,0.022220881408495034,,,,,,,0.06575274467468262,0.4483468542638465,,,0.029618501663208008,0.49072419233577136,4,4
2020-03-30 12:00:00+00:00,,,0.19756025075912476,-1.6754330436510867,0.3503451347351074,-2.437755145691461,,,,,,,,,,,,,0.03039860725402832,-0.024763630547064402,,,0.046750426292419434,-0.23459453129723468,4,4
2020-03-30 18:00:00+00:00,,,0.1624469757080078,-1.999884171279026,0.27598732709884644,-1.577692897927284,,,,,,,,,,,,,0.03038311004638672,0.07407226514565418,,,0.209053635597229,0.3058991519460521,4,4
2020-03-31 00:00:00+00:00,,,0.19590312242507935,-2.1897674986400077,0.9179647564888,-1.5478181937425048,,,,,,,,,,,,,,,0.04444384574890137,0.4396037983799576,,,3,3
2020-03-31 06:00:00+00:00,,,0.16946399211883545,-5.30025837968703,,,,,,,,,,,,,,,0.08593344688415527,-0.07202788227680954,,,0.025461912155151367,0.7394837711043851,3,3
2020-03-31 12:00:00+00:00,,,0.2208338975906372,-29.425540752424496,,,,,,,,,,,,,,,0.19878137111663818,0.548899400130741,,,0.27584123611450195,0.2805291148690068,3,3
2020-03-31 18:00:00+00:00,,,0.18220263719558716,-2.2593409436650935,,,,,,,,,,,,,,,,,0.20587158203125,0.5828424260434729,0.11065530776977539,0.15367131806690373,3,3
2020-04-01 00:00:00+00:00,,,0.20829421281814575,-1.5456619248482453,,,,,,,,,,,,,,,,,0.19267404079437256,2.8424641222593547,,,3,2
2020-04-01 06:00:00+00:00,,,0.22212231159210205,-13.458476601130254,,,,,,,,,,,,,,,,,0.1290743350982666,0.7048635458721821,,,2,2
2020-04-01 12:00:00+00:00,,,0.16968894004821777,-3.2959504812058085,,,,,,,,,,,,,,,,,0.25204432010650635,0.6916616632552806,0.16283190250396729,0.27973543358025993,3,3
2020-04-01 18:00:00+00:00,,,0.2342158555984497,-17.993791038264863,,,,,,,,,,,,,,,,,0.12218129634857178,0.5045408453933762,,,2,2
2020-04-02 00:00:00+00:00,,,0.24214434623718262,-1.960275412524036,,,,,,,,,,,,,,,,,0.22078394889831543,1.1355711965664277,,,2,2
2020-04-02 06:00:00+00:00,,,0.20040148496627808,-2.41841281806255,,,,,,,,,,,,,,,,,0.2653079032897949,1.1311292756983213,,,2,2
2020-04-02 12:00:00+00:00,,,0.25331592559814453,-4.0571547977064055,,,,,,,,,,,,,,,,,0.1591249704360962,0.6855898350890648,,,3,2
2020-04-02 18:00:00+00:00,,,0.16786283254623413,28.573153692235998,,,,,,,,,,,,,,,,,0.14694201946258545,0.41716371677819014,,,2,2
2020-04-04 00:00:00+00:00,,,0.1823459267616272,8.324606286033957,,,,,,,,,,,,,,,,,0.19880008697509766,3.057570683749137,,,2,2
2020-04-04 06:00:00+00:00,,,0.19782179594039917,-1.5406245362580056,,,,,,,,,,,,,,,,,0.046669721603393555,0.15849610477495996,,,2,2
2020-04-04 12:00:00+00:00,,,0.22206062078475952,-15.522971540119519,,,,,,,,,,,,,,,,,0.3092309236526489,0.7957573541561471,,,2,2
2020-04-04 18:00:00+00:00,,,0.26220250129699707,-5.3147810017241115,,,,,,,,,,,,,,,,,0.1636413335800171,-0.1252880354952601,,,2,2
2020-04-05 00:00:00+00:00,,,0.21267640590667725,-6.671314551669606,,,,,,,,,,,,,,,,,0.1610703468322754,0.563930207070116,,,2,2
2020-04-05 06:00:00+00:00,,,0.2383982539176941,-4.27650695110978,,,,,,,,,,,,,,,,,0.13675236701965332,0.37232813095826267,,,2,2
2020-04-05 12:00:00+00:00,,,0.22565370798110962,-2.9177076346770128,,,,,,,,,,,,,,,,,0.21002459526062012,0.44396352269053335,,,2,2
2020-04-05 18:00:00+00:00,,,0.259535014629364,-3.1617502302822738,,,,,,,,,,,,,,,,,0.17293131351470947,0.08868340488295852,,,2,2
2020-04-06 00:00:00+00:00,,,0.25720900297164917,-1.6013437764337122,,,,,,,,,,,,,,,,,0.13484692573547363,0.13804240123969905,,,2,2
2020-04-06 06:00:00+00:00,,,0.24950295686721802,-2.327306258796157,,,,,,,,,,,,,,,,,0.2421497106552124,0.7348249629320784,,,2,2
2020-04-06 12:00:00+00:00,,,0.27451789379119873,-2.2567558671398373,,,,,,,,,,,,,,,,,0.20842981338500977,1.3037031370931185,,,2,2
2020-04-06 18:00:00+00:00,,,0.25315260887145996,-8.88549439249876,,,,,,,,,,,,,,,,,0.1666496992111206,1.918779679683416,,,2,2
2020-04-07 00:00:00+00:00,,,0.2171032428741455,-2.3737503513398113,,,,,,,,,,,,,,,,,0.08353185653686523,3.0271376563415964,,,2,2
2020-04-07 06:00:00+00:00,,,0.24203050136566162,-3.5706725213231243,,,,,,,,,,,,,,,,,0.2411203384399414,0.7255734870973963,,,3,2
2020-04-07 12:00:00+00:00,,,0.19010818004608154,-3.6564396450707632,,,,,,,,,,,,,,,,,0.206373929977417,1.1025749836544252,,,2,2
2020-04-07 18:00:00+00:00,,,0.18407517671585083,-2.428500131539988,,,,,,,,,,,0.03733706474304199,0.4656951937192441,,,,,0.16836655139923096,0.21398867489854076,,,3,3
2020-04-08 00:00:00+00:00,,,0.2304832935333252,-2.666922303085778,,,,,,,,,,,0.20025944709777832,-0.7075692470267435,,,,,0.09079241752624512,1.2693964939167584,,,5,4
2020-04-08 06:00:00+00:00,,,0.19760018587112427,-4.433471146182432,,,,,0.4847978949546814,-1.7290671571173604,,,,,,,,,,,0.11000645160675049,1.0379014828732036,,,4,3
2020-04-08 12:00:00+00:00,,,0.23881644010543823,-7.236737422340388,,,,,0.09597283601760864,-3.285652842499729,,,,,,,,,,,0.07902848720550537,0.9297107198868167,,,4,4
2020-04-08 18:00:00+00:00,,,0.20678532123565674,-3.730430138000497,,,,,0.45026153326034546,-2.009218567271598,,,,,,,,,,,0.15430140495300293,0.4029434467812859,,,4,4
2020-04-09 00:00:00+00:00,,,0.20132339000701904,-2.736395652439964,,,,,0.19467991590499878,-0.8897407550869064,,,,,,,,,,,0.1145012378692627,0.5624611923304207,,,5,4
2020-04-09 06:00:00+00:00,,,0.21780234575271606,-4.406888071241102,,,,,0.324057936668396,-1.616287271159614,,,,,,,,,,,0.14819574356079102,0.30549582667902875,,,4,3
2020-04-09 12:00:00+00:00,,,0.16082662343978882,-2.404634818424538,,,,,0.5856530666351318,-0.03738699083363001,,,,,,,,,,,0.2695930004119873,2.8764045046184963,,,3,3
2020-04-09 18:00:00+00:00,,,0.14478564262390137,-1.3907032684746052,,,,,0.24015599489212036,-0.48571960572019035,,,,,,,,,,,0.22384142875671387,1.0405843786723086,,,3,3
2020-04-10 00:00:00+00:00,,,0.2283533215522766,-3.749096196553342,,,,,,,,,,,,,,,,,0.21562814712524414,1.3839827265363762,,,2,2
2020-04-10 06:00:00+00:00,,,0.14615720510482788,-0.5343487650561725,,,,,,,,,,,,,,,,,0.22824692726135254,0.1956906472450785,,,3,2
2020-04-10 12:00:00+00:00,,,0.2617340683937073,-1.5275463291657818,,,,,,,,,,,,,,,,,0.2721620798110962,1.128830272054483,,,2,2
2020-04-10 18:00:00+00:00,,,0.23785018920898438,-4.114923295159835,,,,,,,,,,,,,,,,,0.23723125457763672,0.3016585704987517,,,2,2
2020-04-11 00:00:00+00:00,,,0.19323945045471191,-2.9778897901670995,,,,,,,,,,,,,,,,,0.11828422546386719,0.31642991597169257,,,2,2
2020-04-11 06:00:00+00:00,,,0.19713276624679565,-1.6569345121199053,,,,,,,,,,,,,,,,,0.19970154762268066,0.32878710751012946,,,2,2
2020-04-11 12:00:00+00:00,,,0.2741588354110718,-5.994730356893719,,,,,,,,,,,,,,,,,0.2355116605758667,0.46313599322723514,,,3,2
2020-04-11 18:00:00+00:00,,,0.22965210676193237,-2.4439440264014913,,,,,,,,,,,,,,,,,0.13711917400360107,0.8471048229890524,,,2,2
2020-04-12 00:00:00+00:00,,,0.18140912055969238,10.09731517641804,,,,,,,,,,,,,,,,,0.22169840335845947,0.4226411542373933,,,2,2
2020-04-12 06:00:00+00:00,,,0.22018569707870483,-1.4938449033670667,,,,,,,,,,,,,,,,,0.16310858726501465,0.057340120666417194,,,3,2
2020-04-12 12:00:00+00:00,,,0.19720828533172607,-2.2907061428331668,,,,,,,,,,,,,,,,,0.08017420768737793,0.28924409624938946,,,2,2
2020-04-12 18:00:00+00:00,,,0.23109591007232666,-6.47475392153751,,,,,,,,,,,,,,,,,0.14646053314208984,0.44180469768414943,,,2,2
2020-04-13 00:00:00+00:00,,,0.2448675036430359,-2.041696609798171,,,,,,,,,,,,,,,,,0.1698904037475586,1.8560442017498817,,,2,2
2020-04-13 06:00:00+00:00,,,0.23974698781967163,-2.661971242733065,,,,,,,,,,,,,,,,,0.22674298286437988,0.1619779263616351,,,2,2
2020-04-13 12:00:00+00:00,,,0.18323945999145508,-1.6393877262190417,,,,,,,,,,,,,,,,,0.15333998203277588,-0.7675275700162241,,,2,2
2020-04-13 18:00:00+00:00,,,0.251026451587677,-1.5315857441307632,,,,,,,,,,,,,,,,,0.1660747528076172,2.7552547202796234,,,2,2
2020-04-14 00:00:00+00:00,,,0.21944397687911987,-0.482196882679721,,,,,,,,,,,,,,,,,0.03799748420715332,0.37040786559757105,,,2,2
2020-04-14 06:00:00+00:00,,,0.23893898725509644,-1.670162940845572,,,,,,,,,,,,,,,0.22933995723724365,0.35368422347064765,,,0.14596056938171387,0.37030341720686516,3,3
2020-04-14 12:00:00+00:00,,,0.2557104825973511,-1.2554572684141907,,,,,,,,,,,,,,,,,0.1880323886871338,0.20468216548060927,,,2,2
2020-04-14 18:00:00+00:00,,,0.2773168087005615,-2.9207975027851187,,,,,,,,,,,,,,,,,0.16141033172607422,0.37898069397451584,0.14788949489593506,-0.7713144908959586,3,3
2020-04-15 00:00:00+00:00,,,0.2175358533859253,-1.5573950664902099,0.5236275792121887,-0.13039919870081568,,,,,,,,,,,,,,,0.1507871150970459,-0.024099929176799754,,,3,3
2020-04-15 06:00:00+00:00,,,0.2142677903175354,-1.8055566707801078,,,,,,,,,,,,,,,,,0.12617909908294678,-0.8555798914023757,0.1349644660949707,0.7515900935080094,3,3
2020-04-15 12:00:00+00:00,,,0.250590443611145,-2.890163305966152,,,,,,,,,,,,,,,,,0.14625942707061768,-0.045514836323319686,0.0458681583404541,-0.09880745094670076,5,5
2020-04-15 18:00:00+00:00,,,0.1977643370628357,-1.7713912639018834,,,,,,,,,,,,,,,,,0.224442720413208,1.6441033911199345,0.8251289129257202,1.8340382655537235,5,3
2020-04-16 00:00:00+00:00,,,0.27602601051330566,-2.0816610170857532,,,,,,,,,,,,,,,,,0.003505229949951172,0.4791774989161787,0.8417498022317886,-0.19710252352797406,5,4
2020-04-16 06:00:00+00:00,,,0.24727928638458252,-4.394724326451423,,,,,,,,,,,,,,,,,0.14799070358276367,0.6060296013907721,0.15676987171173096,0.2576297472077347,3,3
2020-04-16 12:00:00+00:00,,,0.2131061553955078,-2.2475763061335963,,,,,,,,,,,,,,,,,0.12306094169616699,0.20367273220883816,,,2,2
2020-04-16 18:00:00+00:00,,,0.24125075340270996,-2.9812164806309123,,,,,,,,,,,,,,,,,0.0761948823928833,0.29727248529179584,,,2,2
2020-04-17 00:00:00+00:00,,,0.2240857481956482,-4.959116084376455,,,,,,,,,,,,,,,,,0.0879753828048706,0.49580627639099273,,,2,2
2020-04-17 06:00:00+00:00,,,0.21306359767913818,0.8397488596004351,,,,,,,,,,,,,,,,,0.14457249641418457,0.6303070433403709,,,3,2
2020-04-17 12:00:00+00:00,,,0.2521476745605469,-6.265492532074661,,,,,,,,,,,,,,,,,0.2410489320755005,0.2778666039111972,,,2,2
2020-04-17 18:00:00+00:00,,,0.2704453468322754,-3.4162762064068253,,,,,,,,,,,,,,,,,0.1871243715286255,0.2681863564620424,,,2,2
2020-04-18 00:00:00+00:00,,,0.2722388505935669,-5.099873734653493,,,,,,,,,,,,,,,,,0.20412790775299072,1.9156944531908608,,,2,2
2020-04-18 06:00:00+00:00,,,0.27244269847869873,-3.764509260078385,,,,,,,,,,,,,,,0.2890293002128601,-0.12483266100703674,0.16252577304840088,0.8077694128959025,,,3,3
2020-04-18 12:00:00+00:00,,,0.24265503883361816,-4.432453264667856,,,,,,,,,,,,,,,,,0.2257782220840454,0.987277995444572,,,3,3
2020-04-18 18:00:00+00:00,,,0.23305726051330566,-3.069524508988767,0.22647398710250854,-0.7103488470367897,,,,,,,,,,,,,,,0.20177626609802246,0.1884883777463601,,,3,3
2020-04-19 00:00:00+00:00,,,0.26089346408843994,-9.140387411834755,0.453286349773407,-3.382871585908209,,,,,,,,,,,,,,,0.1756589412689209,1.0391654932786674,,,3,3
2020-04-19 06:00:00+00:00,,,0.233098566532135,1.6011209434621563,0.32266461849212646,-1.4531885872335084,,,,,,,,,,,,,,,0.28149211406707764,0.9695647020997256,,,4,4
2020-04-19 12:00:00+00:00,,,0.21989041566848755,-8.674587124449628,0.5477952063083649,-1.2383397023996139,,,,,,,,,,,,,,,0.2648289203643799,0.5246505190919051,,,4,4
2020-04-19 18:00:00+00:00,,,0.2730310559272766,-2.9298391355128044,0.12379711866378784,0.03651902130344164,,,,,,,,,,,,,,,0.2221904993057251,3.2332578292108773,,,3,3
2020-04-20 00:00:00+00:00,,,0.2538624405860901,-4.826684879952038,,,,,,,,,,,,,,,,,0.15611648559570312,1.4368588985009942,,,2,2
2020-04-20 06:00:00+00:00,,,0.23960143327713013,-2.506020173721595,0.2475128173828125,-2.6984740658848865,,,,,,,,,,,,,,,0.17698907852172852,0.29843649115898857,,,3,3
2020-04-20 12:00:00+00:00,,,0.21805059909820557,-3.562743753680204,0.19945645332336426,0.5314998494821169,,,,,,,,,,,,,,,0.3116440773010254,0.22635599146131505,,,3,3
2020-04-20 18:00:00+00:00,,,0.22178024053573608,-2.697609800270385,,,,,,,,,,,,,,,,,0.054302215576171875,-0.18679687457448924,,,2,2
2020-04-21 00:00:00+00:00,,,0.2880726456642151,-2.875493782517591,,,,,,,,,,,,,,,,,0.037500739097595215,0.3733405915605414,,,2,2
2020-04-21 06:00:00+00:00,,,0.3141266703605652,-4.372675202986638,,,,,,,,,,,,,,,,,0.027354001998901367,0.13143065700969953,,,2,2
2020-04-21 12:00:00+00:00,,,0.2371397614479065,-2.5402174307151766,,,,,,,,,,,,,,,,,0.29291677474975586,0.2811247694231045,,,2,2
2020-04-21 18:00:00+00:00,,,0.29149186611175537,-4.674153767764706,0.022914469242095947,0.3551557584792822,,,,,,,,,,,,,,,0.2650095224380493,0.7326384010966157,,,3,3
2020-04-22 00:00:00+00:00,,,0.24869662523269653,-4.728663746625698,0.26850223541259766,0.16387379611145317,,,,,,,,,,,,,,,0.027924299240112305,0.05566270507108425,,,3,3
2020-04-22 06:00:00+00:00,,,0.2387811541557312,-6.424900218743658,,,,,,,,,,,,,,,,,0.20859158039093018,0.3905952501431137,,,3,2
2020-04-22 12:00:00+00:00,,,0.22950613498687744,-1.269053204824893,0.05730360746383667,0.048410180707438785,,,,,,,,,,,,,,,0.1466844081878662,0.12698926625946727,,,3,3
2020-04-22 18:00:00+00:00,,,0.26377636194229126,-7.129024420733641,0.31798309087753296,-0.38146625869844797,,,,,,,,,,,,,,,0.29946374893188477,0.3629671591638573,,,3,3
2020-04-23 00:00:00+00:00,,,0.26199883222579956,-3.434103727012398,0.6819894909858704,-5.240892755132058,,,,,,,,,,,,,,,0.2486478090286255,1.2127352097078123,0.24705398082733154,-0.8447127873540172,4,4
2020-04-23 06:00:00+00:00,,,0.27061033248901367,-3.8824456012332673,0.5723247528076172,-0.9532243981033225,,,,,,,,,,,,,,,0.2426222562789917,0.6621938689396979,,,4,3
2020-04-23 12:00:00+00:00,,,0.24060851335525513,-2.3066386033792425,0.8291053473949432,0.14462385786750867,,,,,,,,,,,,,,,0.18107056617736816,1.4176777068813469,,,3,3
2020-04-23 18:00:00+00:00,,,0.23595452308654785,-3.204407926406404,,,,,,,,,,,,,,,0.07189011573791504,0.11003413906762677,0.2875248193740845,2.4125145862978203,,,4,3
2020-04-24 00:00:00+00:00,,,0.2668573260307312,-2.47147948302166,,,,,,,,,,,,,,,0.5729938745498657,0.06189676631026852,0.3981083631515503,0.6671944749454329,,,3,3
2020-04-24 06:00:00+00:00,,,0.2421838641166687,-2.337729173579161,,,,,,,,,,,,,,,,,0.3818010091781616,2.403651623048482,,,2,2
2020-04-24 12:00:00+00:00,,,0.22148948907852173,-2.6229600445191172,,,,,,,,,,,,,,,,,0.2527744770050049,0.6552293993528903,,,2,2
2020-04-24 18:00:00+00:00,,,0.218034029006958,-2.091636703096365,,,,,,,,,,,,,,,,,0.16678082942962646,0.6389965625789281,0.3278653621673584,-0.4090786662635397,3,3
2020-04-25 00:00:00+00:00,,,0.24405592679977417,-16.63821576034138,,,,,,,,,,,,,,,,,0.04320836067199707,-0.6194293034972538,,,2,2
2020-04-25 06:00:00+00:00,,,0.20086491107940674,-0.9952058519277904,,,,,,,,,,,,,,,,,0.18654656410217285,0.49899988345238994,0.5869694948196411,-1.2255829006594672,3,3
2020-04-25 12:00:00+00:00,,,0.2246655821800232,-2.061968428465747,,,,,,,,,,,,,,,,,0.2548062801361084,0.8995914164067371,,,2,2
2020-04-25 18:00:00+00:00,,,0.20847833156585693,-1.3639982159930286,,,,,,,,,,,,,,,,,0.10930919647216797,0.17421161429125886,,,2,2
2020-04-26 00:00:00+00:00,0.04494708776473999,0.47447574704388196,0.2004581093788147,-2.1846201299498076,,,,,,,,,,,,,,,,,0.11601543426513672,0.9361365387324881,,,3,3
2020-04-26 06:00:00+00:00,0.03448688983917236,0.38097868845005495,0.2086491584777832,-2.9136433866845866,,,,,,,,,,,,,,,,,0.17582476139068604,0.4092365415032087,,,3,3
2020-04-26 12:00:00+00:00,,,0.29288142919540405,-6.425858968207282,,,,,,,,,,,,,,,,,0.17585647106170654,0.8024773050415346,,,2,2
2020-04-26 18:00:00+00:00,,,0.21814954280853271,-1.9588482461024075,,,,,,,,,,,,,,,,,0.14593970775604248,0.6540857980914321,,,2,2
2020-04-27 00:00:00+00:00,0.04286670684814453,-0.03744503085252905,0.22412109375,-1.960411642543057,,,,,,,,,,,,,,,,,0.11883258819580078,0.8797292849601587,,,4,3
2020-04-27 06:00:00+00:00,,,0.2648885250091553,-5.134914928033437,,,,,,,,,,,,,,,,,0.0763864517211914,-0.025682503701666793,,,2,2
2020-04-27 12:00:00+00:00,,,0.22126168012619019,-28.969579335764976,,,,,,,,,,,,,,,,,0.2838325500488281,0.1863876700353023,,,2,2
2020-04-27 18:00:00+00:00,,,0.25986963510513306,-22.534423508791445,,,,,,,,,,,,,,,,,0.22984552383422852,0.9510255780450783,,,2,2
2020-04-28 00:00:00+00:00,,,0.2229030728340149,-2.8990077415515296,,,,,,,,,,,,,,,,,0.03879952430725098,0.4303862903464085,,,2,2
2020-04-28 06:00:00+00:00,,,0.21297502517700195,-3.5891621238224984,,,,,,,,,,,,,,,0.07029640674591064,0.42354888873954794,,,0.21472203731536865,0.16156668576859823,3,3
2020-04-28 12:00:00+00:00,,,0.15486210584640503,20.085379215032262,,,,,,,,,,,,,,,,,0.3688143491744995,17.29113924641448,0.11115086078643799,7.14397111447787,3,3
2020-04-28 18:00:00+00:00,,,0.3037866950035095,-5.489699690502138,,,,,,,,,,,,,,,,,0.2655268907546997,15.902984314222063,0.15614748001098633,-0.26377783907620833,3,3
2020-04-29 00:00:00+00:00,,,0.1918354630470276,-35.539972302653354,,,,,,,,,,,,,,,,,0.02470088005065918,1.54528406843264,0.18865716457366943,0.32834534604094573,3,3
2020-04-29 06:00:00+00:00,,,0.2433326244354248,-1.0634278431922173,,,,,,,,,,,,,,,,,0.2504706382751465,0.6702216870611349,0.20163142681121826,0.14135267511597213,4,4
2020-04-29 12:00:00+00:00,,,0.1267058253288269,40.271115982170926,,,,,,,,,,,,,,,,,0.1607292890548706,0.1756387472602352,,,2,2
2020-04-29 18:00:00+00:00,,,0.19089370965957642,24.99313133172041,,,,,,,,,,,,,,,,,0.2533590793609619,1.994102413725097,0.7921035289764404,0.5567119775249258,4,3
2020-04-30 00:00:00+00:00,,,0.26098310947418213,-1.8650213989172117,,,,,,,,,,,,,,,,,0.18154394626617432,6.978681776732791,,,3,2
2020-04-30 06:00:00+00:00,,,0.22074931859970093,-1.7438703572766743,,,,,,,,,,,,,,,,,0.22266733646392822,0.546020361447774,,,3,2
2020-04-30 12:00:00+00:00,,,0.2644806504249573,-34.61242614892159,,,,,,,,,,,,,,,,,0.29041242599487305,1.223877306767154,,,2,2
2020-04-30 18:00:00+00:00,,,0.24479281902313232,-2.651900914376461,,,,,,,,,,,,,,,,,0.4134335517883301,1.3426662907285916,,,3,2
2020-05-01 00:00:00+00:00,,,0.1553395390510559,-1.5387436443286902,,,,,,,,,,,,,,,,,0.2700597047805786,-0.7158951736154952,,,2,2
2020-05-01 06:00:00+00:00,,,0.2565835118293762,-18.163616925417983,,,,,,,,,,,,,,,,,0.11263620853424072,0.5286931455633095,,,2,2
2020-05-01 12:00:00+00:00,,,0.18107789754867554,-1.3110738525518373,,,,,,,,,,,,,,,,,0.270180344581604,1.2142595701408438,,,2,2
2020-05-01 18:00:00+00:00,,,0.19997137784957886,-4.450203278247974,,,,,,,,,,,,,,,,,0.23295211791992188,0.31401583834493874,,,2,2
2020-05-02 00:00:00+00:00,,,0.20445024967193604,-2.198323823975227,,,,,,,,,,,,,,,,,0.2676270008087158,0.6132581131523362,,,2,2
2020-05-02 06:00:00+00:00,,,0.2344149947166443,-5.002362365865862,,,,,,,,,,,,,,,,,0.25792789459228516,1.0763843146072836,,,2,2
2020-05-02 12:00:00+00:00,,,0.21924090385437012,-2.984526649240053,,,,,,,,,,,,,,,,,0.2948644161224365,1.9198414931732126,,,2,2
2020-05-02 18:00:00+00:00,,,0.20415139198303223,-0.7748375236058785,,,,,,,,,,,,,,,,,0.24910664558410645,0.8331386146654223,,,2,2
2020-05-03 00:00:00+00:00,,,0.18801850080490112,-2.721073647201778,,,,,,,,,,,,,,,,,0.25012004375457764,0.6039680285095438,,,2,2
2020-05-03 06:00:00+00:00,,,0.24879539012908936,-5.969778811515661,,,,,,,,,,,,,,,,,0.2421931028366089,1.1268214346497973,0.9872463941574097,0.3338384709143499,3,3
2020-05-03 12:00:00+00:00,,,0.13771086931228638,-2.422803860970874,,,,,,,,,,,,,,,,,0.1837397813796997,0.5783562524236678,,,2,2
2020-05-03 18:00:00+00:00,,,0.20628714561462402,-1.8995492152256588,,,,,,,,,,,,,,,,,0.17522954940795898,0.9234835348923581,,,2,2
2020-05-04 00:00:00+00:00,,,0.21849852800369263,-1.741108197705658,,,,,,,,,,,,,,,,,0.15114843845367432,1.1805654798470198,,,2,2
2020-05-04 06:00:00+00:00,,,0.19713151454925537,-2.8842845658305016,,,,,,,,,,,,,,,,,0.21842384338378906,0.20492971813927796,,,2,2
2020-05-04 12:00:00+00:00,,,0.25480401515960693,-2.7291417595727037,0.8687171190977097,-0.23260427829928124,,,,,,,,,,,,,,,0.21809327602386475,0.3226523353959584,,,3,3
2020-05-04 18:00:00+00:00,,,0.19011908769607544,-22.367835915297977,,,,,0.47746479511260986,-1.0998876561404152,,,,,,,,,,,0.28085124492645264,2.6877787074620585,,,3,3
2020-05-05 00:00:00+00:00,,,0.22689670324325562,-3.3174911778038263,,,,,,,,,,,,,,,,,0.16911423206329346,-4.330164239283851,,,2,2
2020-05-05 06:00:00+00:00,,,0.19267666339874268,-3.5985306387685534,,,,,,,,,,,,,,,,,0.176255464553833,0.43494084109415065,,,2,2
2020-05-05 12:00:00+00:00,,,0.20008569955825806,-3.8394151185827416,,,,,,,,,,,,,,,,,0.3494608402252197,1.3788077740437157,,,2,2
2020-05-05 18:00:00+00:00,,,0.23134058713912964,-7.689932354104647,,,,,,,,,,,,,,,,,0.2852306365966797,1.3375722310714362,,,2,2
2020-05-06 00:00:00+00:00,,,0.257351279258728,-4.293767094355187,,,,,,,,,,,,,,,,,0.19966018199920654,0.5957164958154721,,,2,2
2020-05-06 06:00:00+00:00,,,0.23681461811065674,-5.576938649009547,0.2260572910308838,-0.2256772943296426,,,,,,,,,,,,,,,0.229394793510437,1.424544489773577,,,3,3
2020-05-06 12:00:00+00:00,,,0.2234627604484558,-3.6620555980181915,,,,,,,,,,,,,,,,,0.23674488067626953,1.1900316989313682,,,2,2
2020-05-06 18:00:00+00:00,,,0.2823711037635803,-2.545140492710885,,,,,,,,,,,,,,,,,0.11859512329101562,-5.672489105747575,,,2,2
2020-05-07 00:00:00+00:00,,,0.2163446545600891,-2.969143094432945,,,,,,,,,,,,,,,,,0.08338320255279541,0.6197283608414802,,,2,2
2020-05-07 06:00:00+00:00,,,0.2263352870941162,-1.7648161126073096,,,,,,,,,,,,,,,,,0.18925678730010986,1.2168523199057084,,,2,2
2020-05-07 12:00:00+00:00,,,0.21817362308502197,-10.374226257440935,,,,,,,,,,,,,,,,,0.19439315795898438,1.1855474040386142,,,2,2
2020-05-07 18:00:00+00:00,,,0.2492142915725708,-2.860502545565416,,,,,,,,,,,,,,,,,0.21436965465545654,1.0142058191041927,,,2,2
2020-05-08 00:00:00+00:00,,,0.22285503149032593,-2.2972086923378026,,,,,,,,,,,,,,,,,0.2921057939529419,1.5914033773924003,,,2,2
2020-05-08 06:00:00+00:00,,,0.14329028129577637,-0.6836116225986871,,,,,,,,,,,,,,,,,0.22198688983917236,1.1012418598240818,,,2,2
2020-05-08 12:00:00+00:00,,,0.2304764986038208,-3.2484533767777375,,,,,,,,,,,,,,,,,0.20473217964172363,0.7934960324240372,,,2,2
2020-05-08 18:00:00+00:00,,,0.18599694967269897,-1.0254780523589295,,,,,,,,,,,,,,,,,0.1290799379348755,1.0281725730629174,,,2,2
2020-05-09 00:00:00+00:00,,,0.14351385831832886,-1.9849126295306074,0.27701008319854736,-1.3617652675984673,,,,,,,,,,,,,,,0.14622223377227783,1.7714845442500187,,,3,3
2020-05-09 06:00:00+00:00,,,0.19611936807632446,-3.095806985949048,,,,,,,,,,,,,,,,,0.1643599271774292,1.4947790679709085,,,2,2
2020-05-09 12:00:00+00:00,,,0.2194492220878601,-1.3737791280487048,,,,,,,,,,,,,,,,,0.1935189962387085,0.7952963963002868,,,2,2
2020-05-09 18:00:00+00:00,,,0.20673620700836182,-1.4085472412935083,0.2533723711967468,-0.4521103399247036,,,,,,,,,,,,,,,0.10013675689697266,0.6373516019386133,,,3,3
2020-05-10 00:00:00+00:00,,,0.19255352020263672,-2.1979618208407334,0.287730872631073,-0.402080875145332,,,,,,,,,,,,,,,0.175673246383667,1.2991211775932154,,,3,3
2020-05-10 06:00:00+00:00,,,0.21516937017440796,-1.7076852144338288,0.48822641372680664,-0.8988080816028908,,,,,,,,,,,,,,,0.23609817028045654,1.5341021683988154,,,3,3
2020-05-10 12:00:00+00:00,,,0.21361517906188965,-2.2406108871558668,0.9032296314835548,0.08550188757415898,,,,,,,,,,,,,,,0.3031257390975952,1.3477950310784557,,,3,3
2020-05-10 18:00:00+00:00,,,0.23263567686080933,-3.675026494782067,0.4100077748298645,-1.3977520189860746,,,,,,,,,,,,,,,0.2067890167236328,1.271229701567595,,,3,3
2020-05-11 00:00:00+00:00,,,0.16527897119522095,-1.7274186917096512,,,,,,,,,,,,,,,,,0.15341806411743164,0.6047951938021567,,,2,2
2020-05-11 06:00:00+00:00,,,0.2425331473350525,-2.0817060594920815,,,,,,,,,,,,,,,,,0.2657771110534668,1.0304786681116758,,,2,2
2020-05-11 12:00:00+00:00,,,0.20168250799179077,-1.4652182823856066,,,,,,,,,,,,,,,,,0.23305273056030273,2.790213369268319,,,2,2
2020-05-11 18:00:00+00:00,,,0.24026566743850708,-5.639169275967747,,,,,,,,,,,,,,,,,0.1593494415283203,-0.051044680654158486,,,2,2
2020-05-12 00:00:00+00:00,,,0.2161273956298828,-1.7316878211229216,,,,,,,,,,,,,,,,,0.23451530933380127,1.5895654367201963,,,2,2
2020-05-12 06:00:00+00:00,0.7583807855844498,0.3405345976952055,0.15470778942108154,1.814369726276195,,,,,,,,,,,,,,,,,0.12493813037872314,-0.01632491915229175,,,3,3
2020-05-12 12:00:00+00:00,0.08519649505615234,-0.27165750458816434,0.24530255794525146,-2.599514112066395,,,,,,,,,,,,,,,,,0.24401795864105225,0.916490588764313,,,3,3
2020-05-12 18:00:00+00:00,,,0.26647520065307617,-1.0622310145523592,,,,,,,,,,,,,,,,,0.17141032218933105,1.3589295084842725,,,2,2
2020-05-13 00:00:00+00:00,,,0.2609286308288574,-2.3933442906612745,,,,,,,,,,,,,,,,,0.24404621124267578,0.6173863888403333,,,2,2
2020-05-13 06:00:00+00:00,,,0.24430817365646362,-2.6354830645157463,,,,,,,,,,,,,,,,,0.3207404613494873,0.5842612271607205,,,2,2
2020-05-13 12:00:00+00:00,,,0.23214858770370483,-3.7187580049473827,,,,,,,,,,,,,,,,,0.1745290756225586,-0.06532643591973647,0.2738480567932129,2.4318231206509484,3,3
2020-05-13 18:00:00+00:00,,,0.17286676168441772,-1.4861483634773656,,,,,,,,,,,,,,,,,0.21454179286956787,1.7311121766182511,0.0024778246879577637,0.3756023353593099,3,3
2020-05-14 00:00:00+00:00,,,0.19137686491012573,-3.6687016309556184,,,,,,,,,,,,,,,,,0.15628290176391602,0.21893047925994422,,,2,2
2020-05-14 06:00:00+00:00,,,0.15888053178787231,-1.3903796252628047,,,,,,,,,,,,,,,,,0.12160599231719971,-10.480947523803197,,,2,2
2020-05-14 12:00:00+00:00,,,0.23200756311416626,-2.6336096651570284,,,,,,,,,,,,,,,,,0.11612808704376221,-1.7095627060792435,0.21129250526428223,0.27361407819366557,3,3
2020-05-14 18:00:00+00:00,,,0.22314167022705078,-16.85907224395157,,,,,,,,,,,,,,,,,0.30525362491607666,0.4830161296693283,0.19442009925842285,-0.1929850118105034,4,4
2020-05-15 00:00:00+00:00,,,0.1703762412071228,-2.087178694770675,,,0.17410993576049805,0.4869534879147323,,,,,,,,,,,,,0.21003663539886475,1.4014646670589452,0.0010054707527160645,0.8099867489370872,5,5
2020-05-15 06:00:00+00:00,,,0.1517161726951599,-1.9094737458737943,,,0.12250888347625732,-0.45098186350707153,,,,,,,,,,,,,0.2085886001586914,0.6931491946510416,0.24722981452941895,0.810947660929423,5,5
2020-05-15 12:00:00+00:00,,,0.22241705656051636,-2.3976266980215564,,,0.628343403339386,-0.7357308853099793,,,,,,,,,,,,,0.33880186080932617,1.9049428915312818,0.44521278142929077,0.18582316316386507,6,6
2020-05-15 18:00:00+00:00,,,0.1543482542037964,-0.9163253387295293,,,,,,,,,,,,,,,,,0.2821922302246094,0.7597426651271015,0.6861906051635742,0.4794599116579653,4,4
2020-05-16 00:00:00+00:00,,,0.1670638918876648,-1.5641392341431393,,,,,0.008522868156433105,-1.5125032566287324,,,,,,,,,,,0.24471616744995117,0.6279720026147798,0.7478199005126953,-0.28075796302895667,5,5
2020-05-16 06:00:00+00:00,,,0.21963930130004883,-1.405068912875337,,,,,0.028381288051605225,0.13338307035835678,,,,,,,,,,,0.2799398899078369,2.5440017861168105,0.6471709907054901,-0.15452229883474117,6,6
2020-05-16 12:00:00+00:00,,,0.21968162059783936,-4.814858103451571,,,,,0.0027627944946289062,-0.13259793383533275,,,,,,,,,,,0.28275132179260254,0.5862723604602413,,,7,6
2020-05-16 18:00:00+00:00,,,0.19601666927337646,-0.8729760569535853,,,,,0.02698349952697754,1.4576419347038716,,,,,,,,,,,0.1565185785293579,1.3289417048458296,,,6,5
2020-05-17 00:00:00+00:00,,,0.27340394258499146,-2.8156525602681546,,,,,0.28631591796875,6.659626418809893,,,,,,,,,,,0.244836688041687,2.0517655324911077,,,4,4
2020-05-17 06:00:00+00:00,,,0.2607913017272949,-2.043261169840131,,,,,0.42017048597335815,-3.6091068219815736,,,,,,,,,,,0.23912954330444336,3.6952065149230293,,,3,3
2020-05-17 12:00:00+00:00,,,0.18994241952896118,-2.385494500291149,,,,,0.19143462181091309,-1.1166342158782134,,,,,,,,,,,0.32675909996032715,2.398711893830468,,,3,3
2020-05-17 18:00:00+00:00,,,0.1691233515739441,-2.870833667231082,,,,,0.36943918466567993,-1.9084388683172462,,,,,,,,,,,0.18276643753051758,0.7562883632133743,,,3,3
2020-05-18 00:00:00+00:00,,,0.1810370683670044,-1.7195532494867676,,,,,0.3077968955039978,-6.4762879984726025,,,,,,,,,,,0.2371448278427124,0.8048206925110623,,,3,3
2020-05-18 06:00:00+00:00,,,0.17176538705825806,-0.6758290444902528,,,,,0.35260266065597534,-2.2988852317660413,,,,,,,,,,,0.23855054378509521,1.0363615657365892,,,5,4
2020-05-18 12:00:00+00:00,,,0.1870182752609253,-3.292632537819685,,,,,0.395188570022583,-3.0004269442504587,,,,,,,,,,,0.25428783893585205,1.105209286497735,,,4,4
2020-05-18 18:00:00+00:00,,,0.16979998350143433,-3.3662803079073287,,,,,0.46786952018737793,-5.452639958495348,,,,,,,,,,,0.15333938598632812,-24.95505111957589,,,4,4
2020-05-19 00:00:00+00:00,,,0.1852436065673828,-0.9910364165941692,,,,,0.3721715211868286,-2.892690345485655,,,,,,,,,,,0.21497488021850586,1.316838310754119,,,4,4
2020-05-19 06:00:00+00:00,,,0.1693374514579773,-7.9389862921501555,,,,,0.17951661348342896,-1.319898380049322,,,,,,,,,,,0.16326963901519775,2.459913557487287,,,3,3
2020-05-19 12:00:00+00:00,,,0.21907252073287964,-2.417617937638652,,,,,0.20728135108947754,-0.9736612421378991,,,,,,,,,,,0.22615182399749756,0.5280481028895697,,,4,4
2020-05-19 18:00:00+00:00,,,0.15678924322128296,-2.9025552968069506,,,,,0.28472065925598145,-2.948306564709291,,,,,,,,,,,0.22585785388946533,0.3410771414757139,,,3,3
2020-05-20 00:00:00+00:00,,,0.1890273094177246,-1.0438317796666825,,,,,0.3838137984275818,-7.662157998191456,,,,,,,,,,,0.25281691551208496,0.4423279724569754,,,3,3
2020-05-20 06:00:00+00:00,,,0.1570267677307129,-3.0332309903473087,,,,,,,0.28933483362197876,-0.9989239535670161,,,,,,,,,0.1922903060913086,0.472665730113864,,,4,3
2020-05-20 12:00:00+00:00,,,0.2647705078125,-6.0001925104346885,,,,,,,0.26808029413223267,-1.6104063872790508,,,,,,,,,0.22358596324920654,1.7828699325117052,,,3,3
2020-05-20 18:00:00+00:00,,,0.23575830459594727,-4.207030583998002,,,,,,,0.08986407518386841,-1.2405860727317133,,,,,,,,,0.1639995574951172,0.8981149163483163,,,3,3
2020-05-21 00:00:00+00:00,,,0.2592279314994812,-3.050554299751641,,,,,,,,,,,,,,,,,0.20202505588531494,0.5108921096740652,,,2,2
2020-05-21 06:00:00+00:00,,,0.30601269006729126,-3.76866989341361,0.8535116612911224,-3.045795647158467,,,,,,,,,,,,,,,0.23723351955413818,4.174400608211009,,,3,3
2020-05-21 12:00:00+00:00,,,0.2660667300224304,-22.352035394836946,,,,,,,,,,,,,,,,,0.17856574058532715,0.594254911272692,,,2,2
2020-05-21 18:00:00+00:00,,,0.1933174729347229,-4.344330866506909,0.2243788242340088,-0.7831555213553687,,,,,0.39295023679733276,-0.6195969442336146,,,,,,,,,0.23968017101287842,0.6859054607404402,,,4,4
2020-05-22 00:00:00+00:00,,,0.22651267051696777,-2.33519496398685,,,,,,,,,,,,,,,,,0.2875645160675049,1.8869067814834504,,,2,2
2020-05-22 06:00:00+00:00,,,0.21394562721252441,-3.0523921295587306,,,,,,,,,,,,,,,,,0.195870041847229,1.7474317268810429,,,2,2
2020-05-22 12:00:00+00:00,,,0.24799436330795288,-4.34587323489731,,,,,,,,,,,,,,,,,0.297163724899292,4.420411522484521,,,2,2
2020-05-22 18:00:00+00:00,,,0.2528349757194519,-4.785695568781725,,,,,,,,,,,,,,,,,0.29030275344848633,0.7202997919712828,,,2,2
2020-05-23 00:00:00+00:00,,,0.2584197521209717,-4.322083128729857,,,,,,,,,,,,,,,,,0.26358556747436523,0.41405919865125307,,,2,2
2020-05-23 06:00:00+00:00,,,0.28100669384002686,-2.539688107977801,,,,,,,,,,,,,,,,,0.15668249130249023,-2.3563874977113985,,,2,2
2020-05-23 12:00:00+00:00,,,0.25114238262176514,-2.0184979725660384,,,,,,,,,,,,,,,,,0.30913424491882324,2.389702550472218,,,2,2
2020-05-23 18:00:00+00:00,,,0.23207521438598633,-3.2612547848511935,,,,,,,,,,,,,,,,,0.19419419765472412,0.3453215765656935,,,2,2
2020-05-24 00:00:00+00:00,,,0.19678038358688354,-1.6312690363267606,,,,,,,,,,,,,,,,,0.14226305484771729,-0.03958804321218183,,,2,2
2020-05-24 06:00:00+00:00,,,0.2505289316177368,-1.7547107170894822,,,,,,,,,,,,,,,,,0.1947629451751709,0.45541849928073125,,,3,3
2020-05-24 12:00:00+00:00,,,0.1638234257698059,-3.536898099481435,,,,,,,,,,,,,,,,,0.3504890203475952,0.43036353785445053,,,3,3
2020-05-24 18:00:00+00:00,,,0.25392085313796997,-0.8648650783614171,,,,,0.08979064226150513,-2.358058048963822,,,,,,,,,,,0.24477875232696533,-0.31983731061440374,,,3,3
2020-05-25 00:00:00+00:00,,,0.15251100063323975,-0.49106487254097236,,,,,0.2407934069633484,-6.079243105870137,,,,,,,,,,,0.19763171672821045,-0.1666366689096439,,,3,3
2020-05-25 06:00:00+00:00,,,0.2614765167236328,-1.9988950987754104,,,,,0.3288980722427368,-3.9020704318148565,,,,,,,,,0.7265212535858154,-0.029759347667904935,0.20010900497436523,0.47291849854678997,,,4,4
2020-05-25 12:00:00+00:00,,,0.1573302149772644,-0.7246555422529771,,,,,,,,,,,,,,,0.2526310682296753,0.4173525528564877,0.32588815689086914,2.393663141958525,,,3,3
2020-05-25 18:00:00+00:00,,,0.34113526344299316,-21.316225573172872,,,,,0.3207956552505493,-6.618276269500851,,,,,,,,,0.1605924367904663,0.029375745145163824,0.22492945194244385,-1.5823744318526787,,,4,4
2020-05-26 00:00:00+00:00,,,0.25162172317504883,-2.203578103318616,,,,,0.12042981386184692,-0.6353234136656035,,,,,,,,,0.13610851764678955,1.5821575907495624,0.09246408939361572,0.6050437255054555,,,4,4
2020-05-26 06:00:00+00:00,,,0.24908941984176636,-1.6856733211512072,,,,,,,,,,,,,,,0.19801676273345947,0.7068648484971084,0.23431456089019775,0.7954864895410727,,,3,3
2020-05-26 12:00:00+00:00,,,0.2070966362953186,-1.1855567303103374,,,,,,,,,,,,,,,0.304721474647522,0.301535675518788,0.20449745655059814,-0.10580458986142889,,,4,3
2020-05-26 18:00:00+00:00,,,0.2202010154724121,-1.1297266687253669,,,,,,,,,,,,,,,0.26048743724823,0.9602663871736343,0.3955874443054199,0.8155023268653036,,,3,3
2020-05-27 00:00:00+00:00,,,0.18584364652633667,0.36451842964762815,,,,,,,,,,,,,,,0.2022789716720581,1.84179199820319,0.3416026830673218,0.5676439007542787,0.4377668499946594,0.6006452557204707,4,4
2020-05-27 06:00:00+00:00,,,0.2575070858001709,-1.73708233955457,,,,,,,,,,,,,,,0.1824558973312378,0.5623816469940899,0.19680070877075195,0.3390479221951007,,,4,3
2020-05-27 12:00:00+00:00,,,0.1827031970024109,-2.312629077106456,,,,,,,,,,,,,,,,,0.14500939846038818,1.0193049442388185,,,2,2
2020-05-27 18:00:00+00:00,,,0.20053809881210327,-1.2776170381815266,,,,,,,,,,,,,,,,,0.2263495922088623,1.5213893903262463,,,2,2
2020-05-28 00:00:00+00:00,,,0.22479772567749023,-0.7043404345227721,,,,,,,,,,,,,,,,,0.18241119384765625,0.911193851807325,,,2,2
2020-05-28 06:00:00+00:00,,,0.2542712688446045,-32.33655902621982,,,,,,,,,,,,,,,,,0.19988608360290527,0.8877004848007828,,,2,2
2020-05-28 12:00:00+00:00,,,0.2656296491622925,-2.1246063240926825,,,,,,,,,,,,,,,,,0.30448102951049805,1.496626782683682,,,2,2
2020-05-28 18:00:00+00:00,,,0.28572845458984375,-0.9575886915910405,,,,,,,,,,,,,,,,,0.22655129432678223,1.6184829509329741,,,2,2
2020-05-29 00:00:00+00:00,0.15662729740142822,-0.9741447836167582,0.27325284481048584,-1.3020023064770554,,,,,,,,,,,,,,,,,0.2315284013748169,2.0263197694116686,,,3,3
2020-05-29 06:00:00+00:00,,,0.2646945118904114,-8.812577758185029,,,,,,,,,,,,,,,,,0.1758739948272705,0.9330922919477354,,,3,2
2020-05-29 12:00:00+00:00,,,0.24780845642089844,-17.11787978058738,,,,,,,,,,,,,,,,,0.270466685295105,2.2975698533972304,,,2,2
2020-05-29 18:00:00+00:00,,,0.1585315465927124,-1.4723228567661601,,,,,,,,,,,,,,,,,0.24207699298858643,2.4650711441741073,,,2,2
2020-05-30 00:00:00+00:00,,,0.2202950119972229,-2.9727609512199376,,,,,,,,,,,,,,,,,0.2085857391357422,1.6967926521175503,,,2,2
2020-05-30 06:00:00+00:00,,,0.18140196800231934,-1.8377440321943166,,,,,,,,,,,,,,,,,0.2268064022064209,1.801201812923474,,,2,2
2020-05-30 12:00:00+00:00,,,0.18105119466781616,-6.976381495209705,,,,,,,,,,,,,,,,,0.24816584587097168,1.3911532579921457,,,2,2
2020-05-30 18:00:00+00:00,,,0.12777453660964966,-0.6719129587816581,,,,,,,,,,,,,,,,,0.21257102489471436,1.7481866488223656,,,2,2
2020-05-31 00:00:00+00:00,,,0.1414715051651001,-1.755451767538063,,,,,,,,,,,,,,,,,0.25380969047546387,1.9521216889944573,,,2,2
2020-05-31 06:00:00+00:00,,,0.30146628618240356,-17.341386234288326,,,,,,,,,,,,,,,,,0.2950965166091919,2.000595558750815,,,2,2
2020-05-31 12:00:00+00:00,,,0.22361165285110474,-0.8426493565296144,,,,,,,,,,,,,,,,,0.22394752502441406,1.803852048652472,,,2,2
2020-05-31 18:00:00+00:00,,,0.17705512046813965,-2.5039651153179427,,,,,,,,,,,,,,,,,0.2598499059677124,0.8550489639516343,,,2,2
2020-06-01 00:00:00+00:00,,,0.1748625636100769,-2.8180194127674545,,,,,,,,,,,,,,,,,0.30367720127105713,1.0401920286118362,,,2,2
2020-06-01 06:00:00+00:00,,,0.23441314697265625,-0.9109910744551603,,,,,,,,,,,,,,,,,0.2707411050796509,2.299257699705678,,,2,2
2020-06-01 12:00:00+00:00,,,0.21049869060516357,-0.09553442667200435,,,,,,,,,,,,,,,,,0.31278562545776367,3.606578285606815,,,2,2
2020-06-01 18:00:00+00:00,,,0.225416362285614,-1.4465286679401002,,,,,,,,,,,,,,,,,0.241530179977417,1.4851610193789633,,,2,2
2020-06-02 00:00:00+00:00,,,0.2232467532157898,-24.610486643815754,,,,,,,,,,,,,,,,,0.18496716022491455,1.7283957380097799,,,2,2
2020-06-02 06:00:00+00:00,,,0.25885462760925293,-1.2116134380436918,,,,,,,,,,,,,,,,,0.2148878574371338,1.9654835592937856,,,2,2
2020-06-02 12:00:00+00:00,,,0.17818176746368408,-0.2535711748199571,,,,,,,,,,,,,,,,,0.20884466171264648,3.8218033619625054,,,2,2
2020-06-02 18:00:00+00:00,,,0.27651238441467285,-1.5213210162311177,,,,,,,,,,,,,,,,,0.21886444091796875,0.6113155852593365,,,2,2
2020-06-03 00:00:00+00:00,,,0.23052585124969482,-3.47782459817501,,,,,,,,,,,,,,,,,0.21630322933197021,2.16360168139845,,,2,2
2020-06-03 06:00:00+00:00,,,0.18216651678085327,15.133456958105734,,,,,,,,,,,,,,,,,0.26769232749938965,0.6321081065571592,,,2,2
2020-06-03 12:00:00+00:00,,,0.20622050762176514,-1.0212154416290413,,,,,,,,,,,,,,,,,0.2172764539718628,0.6119527103608731,,,2,2
2020-06-03 18:00:00+00:00,,,0.20754778385162354,-2.617053659969432,,,,,,,,,,,,,,,,,0.28339850902557373,2.0144594558214886,,,3,3
2020-06-04 00:00:00+00:00,,,0.21980071067810059,-0.7870095928021724,,,,,,,,,,,,,,,,,0.23728454113006592,-4.683727286737699,,,3,3
2020-06-04 06:00:00+00:00,,,0.21290314197540283,-0.7852132952071326,,,,,,,,,,,,,,,,,0.3217417001724243,1.0161311825062551,,,3,3
2020-06-04 12:00:00+00:00,,,0.19125139713287354,-1.0422551520149441,,,,,,,,,,,,,,,,,0.2938387393951416,1.094357038648349,,,2,2
2020-06-04 18:00:00+00:00,,,0.21618211269378662,-5.50836112766371,,,,,,,,,,,,,,,,,0.26845693588256836,0.9446781147109484,,,3,2
2020-06-05 00:00:00+00:00,,,0.20415598154067993,-4.2579275630684315,,,,,,,,,,,,,,,0.1037718653678894,-0.24559090539625134,0.19721150398254395,1.0811579762263865,,,3,3
2020-06-05 06:00:00+00:00,,,0.1918453574180603,4.606954809256072,0.42298269271850586,-0.15021404782845896,,,,,,,,,,,,,0.2016746997833252,0.03461080499383546,0.23899614810943604,0.8696834871281751,,,4,4
2020-06-05 12:00:00+00:00,0.16756325960159302,-2.602850686411405,0.1553337574005127,0.32635634848426126,0.38222044706344604,0.39249170746216333,,,,,,,,,,,,,0.1699749231338501,-0.08290468924335138,0.2630878686904907,1.1455761526015267,,,5,5
2020-06-05 18:00:00+00:00,,,0.17897379398345947,-0.707384753328733,,,,,,,,,,,,,,,0.34459030628204346,1.4727319936058687,,,0.18415772914886475,0.07003196670444516,3,3
2020-06-06 00:00:00+00:00,,,0.20508748292922974,-8.351916417013458,,,,,,,,,,,,,,,0.03247720003128052,-0.29102168179332516,,,0.24984145164489746,1.3703549522166492,4,3
2020-06-06 06:00:00+00:00,,,0.10878384113311768,-0.41139388185017506,,,,,,,,,,,,,,,0.09722673892974854,0.31007077638896174,,,0.2657846212387085,1.0682433672625073,4,4
2020-06-06 12:00:00+00:00,,,0.21452510356903076,-2.746427681483097,,,,,,,,,,,,,,,0.21378302574157715,-2.696302431457985,,,0.20368731021881104,0.9577898511034142,3,3
2020-06-06 18:00:00+00:00,,,0.21921086311340332,-2.063211601577655,,,,,,,,,,,,,,,0.29959636926651,-18.548934165231923,,,0.07132542133331299,1.025271773809774,4,3
2020-06-07 00:00:00+00:00,,,0.1587863564491272,-0.5338900217228782,,,,,,,,,,,,,,,0.16873621940612793,0.17457608792290571,,,0.16815757751464844,0.004010105118398517,3,3
2020-06-07 06:00:00+00:00,,,0.16019058227539062,-0.36853182185681416,,,,,,,,,,,,,,,0.18934369087219238,0.6302115312859731,,,0.26055431365966797,1.4962001420300024,3,3
2020-06-07 12:00:00+00:00,,,0.3398829698562622,-40.58412152181335,,,,,,,,,,,,,,,0.18665671348571777,0.3557309221677164,,,0.41049087047576904,0.24830356443848967,3,3
2020-06-07 18:00:00+00:00,,,0.1910085678100586,-5.673369709669043,,,,,,,,,,,,,,,0.16113638877868652,0.6963313773070409,,,0.07463788986206055,-0.3282901160983218,3,3
2020-06-08 00:00:00+00:00,,,0.11318850517272949,-0.580773556595724,,,,,,,,,,,,,,,0.13428747653961182,0.7006518757766469,,,0.09835207462310791,0.35427455409817354,3,3
2020-06-08 06:00:00+00:00,,,0.1916850209236145,-3.1576827972252035,,,,,,,,,,,,,,,0.1698746681213379,0.03778470672854478,,,0.16709601879119873,-0.5733242278347479,3,3
2020-06-08 12:00:00+00:00,,,0.13149774074554443,-1.172914350621863,,,,,,,,,,,,,,,,,0.1503082513809204,0.6928444895788171,0.04281878471374512,1.5350278274532168,3,3
2020-06-08 18:00:00+00:00,,,0.25071120262145996,-5.738400939274744,,,,,,,,,,,,,,,,,0.2468705177307129,4.573526207524059,,,2,2
2020-06-09 00:00:00+00:00,,,0.2528861165046692,-2.07414416987266,0.07071036100387573,-0.09201512017662039,,,,,,,,,,,,,,,0.2457798719406128,0.7904767856441243,,,3,3
2020-06-09 06:00:00+00:00,,,0.14944744110107422,-1.383477745390888,,,,,,,,,,,,,,,,,0.19297850131988525,1.5184354309508787,,,2,2
2020-06-09 12:00:00+00:00,,,0.1849389672279358,-0.9826436939830937,0.46490269899368286,0.09335192243489292,,,,,,,,,,,,,,,0.2766995429992676,1.6397625043875106,,,3,3
2020-06-09 18:00:00+00:00,,,0.2318444848060608,-1.3427882602080115,0.17751967906951904,-0.1382507065734566,,,,,,,,,,,,,,,0.17098093032836914,1.362017896529615,,,3,3
2020-06-10 00:00:00+00:00,,,0.1649494171142578,34.24730800469301,0.16838890314102173,-0.318469562819642,,,,,,,,,,,,,,,0.16211605072021484,0.25843635947397636,,,3,3
2020-06-10 06:00:00+00:00,,,0.2457144856452942,-3.940633975798023,0.4252288341522217,0.40039025127142824,,,,,,,,,,,,,,,0.2537931203842163,1.6886375677767325,,,3,3
2020-06-10 12:00:00+00:00,,,0.11306565999984741,-0.7544087845170081,0.016066431999206543,-0.3225056751556426,,,,,,,,,,,,,,,0.23767125606536865,0.9604734898278929,,,3,3
2020-06-10 18:00:00+00:00,,,0.19192993640899658,-3.1446680009389207,,,,,,,,,,,,,,,0.01626002788543701,1.110545732474824,0.18457674980163574,1.0889383175658198,,,3,3
2020-06-11 00:00:00+00:00,,,0.17729222774505615,-0.5089432685676588,,,,,,,,,,,,,,,,,0.1527094841003418,1.5697637326021074,,,2,2
2020-06-11 06:00:00+00:00,,,0.21239852905273438,-1.3678221754403805,0.9950681021437049,-1.895762438641232,,,,,,,,,,,,,,,0.24248874187469482,2.895108259641628,,,4,4
2020-06-11 12:00:00+00:00,,,0.1273794174194336,-1.4248255071613707,0.37660735845565796,-0.9381850805412664,,,,,,,,,,,,,,,0.19710195064544678,1.617155041348185,,,4,3
2020-06-11 18:00:00+00:00,,,0.19251799583435059,-4.582030838597272,0.3492342233657837,-0.7642913671550084,,,,,,,,,,,,,,,0.21269071102142334,1.1592697529405316,,,3,3
2020-06-12 00:00:00+00:00,,,0.2711253762245178,-30.986919259998675,,,,,,,,,,,,,,,,,0.20260334014892578,1.0089679502867532,,,2,2
2020-06-12 06:00:00+00:00,,,0.07934165000915527,-2.0689862056877075,,,,,,,,,,,,,,,,,0.25594282150268555,3.3659612940446864,,,2,2
2020-06-12 12:00:00+00:00,,,0.39667361974716187,-18.8614058412488,,,,,,,,,,,,,,,,,0.23841631412506104,0.6653731365876572,,,2,2
2020-06-12 18:00:00+00:00,,,0.14691048860549927,-0.6562407783620406,,,,,,,,,,,,,,,,,0.1407451629638672,0.7090004480012652,,,2,2
2020-06-13 00:00:00+00:00,,,0.234807550907135,-23.11079536931948,,,,,,,,,,,,,,,,,0.23781681060791016,0.7031378844601074,,,2,2
2020-06-13 06:00:00+00:00,,,0.20727068185806274,-0.7918877457551533,,,,,,,,,,,,,,,,,0.22920942306518555,4.117336036623976,,,2,2
2020-06-13 12:00:00+00:00,,,0.10987573862075806,-0.869010416120718,,,,,,,,,,,,,,,,,0.2691415548324585,4.3053051830358955,,,2,2
2020-06-13 18:00:00+00:00,,,0.16710001230239868,-5.401104409633883,,,,,,,,,,,,,,,,,0.26594531536102295,0.7963403309332604,,,2,2
2020-06-14 00:00:00+00:00,,,0.12644600868225098,-2.3802968636838595,,,,,,,,,,,,,,,,,0.23454713821411133,1.7211602246680302,,,3,2
2020-06-14 06:00:00+00:00,,,0.17464536428451538,-0.7253298827633117,,,,,,,,,,,,,,,,,0.21829724311828613,1.1455167531740222,,,2,2
2020-06-14 12:00:00+00:00,,,0.1542339324951172,-3.447250782715253,,,,,,,,,,,,,,,,,0.21946775913238525,0.7888394204590895,,,2,2
2020-06-14 18:00:00+00:00,,,0.1782509684562683,-5.555796663742122,,,,,,,,,,,,,,,,,0.19869232177734375,2.406527191153407,,,2,2
2020-06-15 00:00:00+00:00,,,0.14442789554595947,-1.860919832691336,,,,,,,,,,,,,,,,,0.13951492309570312,2.673924841742414,,,2,2
2020-06-15 06:00:00+00:00,,,0.171247661113739,-1.1074793945436832,,,,,,,,,,,,,,,,,0.17058026790618896,1.3582982866064952,,,3,2
2020-06-15 12:00:00+00:00,,,0.21275681257247925,-3.1605596355852636,,,,,,,,,,,,,,,,,0.18982219696044922,-1.0938435702194487,,,2,2
2020-06-15 18:00:00+00:00,,,0.17387127876281738,-8.712276084456022,,,,,,,,,,,,,,,,,0.23309874534606934,0.6955779019655237,,,2,2
2020-06-16 00:00:00+00:00,,,0.17524230480194092,-3.564411893633048,,,,,,,,,,,,,,,,,0.18593335151672363,1.739003050616677,,,2,2
2020-06-16 06:00:00+00:00,,,0.21941924095153809,-1.9961707469479602,,,,,,,,,,,,,,,,,0.19146418571472168,0.9265855631070247,,,2,2
2020-06-16 12:00:00+00:00,,,0.24899190664291382,-1.5037442574180813,,,,,,,,,,,,,,,,,0.20154690742492676,-6.58095711893386,,,2,2
2020-06-16 18:00:00+00:00,,,0.26815903186798096,-1.4959789814441067,,,,,,,,,,,,,,,,,0.2392568588256836,0.7735156919734071,,,2,2
2020-06-17 00:00:00+00:00,,,0.18445074558258057,-0.9720811531278404,,,,,,,,,,,,,,,,,0.2694896459579468,1.1428862779565183,,,2,2
2020-06-17 06:00:00+00:00,,,0.24792712926864624,-1.1709293957516624,,,,,,,,,,,,,,,,,0.2501903772354126,2.599498913161282,,,3,2
2020-06-17 12:00:00+00:00,,,0.23563963174819946,-0.6727327334109325,,,,,,,,,,,,,,,,,0.22188127040863037,0.5560589427568057,,,2,2
2020-06-17 18:00:00+00:00,,,0.17803865671157837,-1.3280229049098229,,,,,,,,,,,,,,,,,0.2440180778503418,0.566769229705789,,,2,2
2020-06-18 00:00:00+00:00,,,0.19693470001220703,-2.1164377729392547,,,,,,,,,,,,,,,,,0.17330241203308105,0.6092425665835879,,,2,2
2020-06-18 06:00:00+00:00,,,0.21474719047546387,-0.9549767012154128,,,,,,,,,,,,,,,,,0.29301631450653076,2.1516905232148567,,,2,2
2020-06-18 12:00:00+00:00,,,0.18209177255630493,-1.5788624275614733,,,,,,,,,,,,,,,,,0.32185685634613037,0.8914429359185804,,,2,2
2020-06-18 18:00:00+00:00,,,0.1478075385093689,-3.798937741312435,,,,,,,,,,,,,,,,,0.27595090866088867,1.2559085162265062,,,2,2
2020-06-19 00:00:00+00:00,,,0.1486167311668396,-2.340106794955308,,,,,,,,,,,,,,,,,0.17099809646606445,1.0039350071419142,,,2,2
2020-06-19 06:00:00+00:00,,,0.13911396265029907,-1.5033170457846365,,,,,,,,,,,,,,,,,0.1724836826324463,1.3166898696114506,,,2,2
2020-06-19 12:00:00+00:00,,,0.14854085445404053,-0.882791626839887,,,,,,,,,,,,,,,,,0.2611660957336426,1.4655110850700785,,,2,2
2020-06-20 00:00:00+00:00,,,0.15685927867889404,-1.8847769376906285,,,,,,,,,,,,,,,,,0.23091661930084229,5.424783938647866,,,2,2
2020-06-20 06:00:00+00:00,,,0.22009199857711792,-1.8129442729074248,,,,,,,,,,,,,,,,,0.20131897926330566,1.8828545653188284,,,2,2
2020-06-20 12:00:00+00:00,,,0.1855672001838684,-0.6248133814519446,,,,,,,,,,,,,,,,,0.3179433345794678,2.3641831351724565,,,2,2
2020-06-20 18:00:00+00:00,,,0.11811226606369019,-1.5523322603714442,,,,,,,,,,,,,,,,,0.22290945053100586,4.516164739755541,,,2,2
2020-06-21 00:00:00+00:00,,,0.20741498470306396,-3.3992334012412875,,,,,,,,,,,,,,,,,0.24948632717132568,1.1348731305330015,,,2,2
2020-06-21 06:00:00+00:00,,,0.1325247883796692,-9.198477293315298,,,,,,,,,,,,,,,,,0.2466956377029419,1.2947871978122156,,,2,2
2020-06-21 12:00:00+00:00,,,0.1951768398284912,-2.0727715295009936,,,,,,,,,,,,,,,,,0.24624180793762207,1.6553337927980298,,,2,2
2020-06-21 18:00:00+00:00,,,0.15816748142242432,0.5028188859717291,,,,,,,,,,,,,,,,,0.28169119358062744,2.024438701023931,,,2,2
2020-06-22 00:00:00+00:00,,,0.16243427991867065,-1.5827179753719294,,,,,,,,,,,,,,,,,0.3009830713272095,2.759295368226998,,,2,2
2020-06-22 06:00:00+00:00,,,0.20481425523757935,-4.916246255234459,,,,,,,,,,,,,,,,,0.3694678544998169,1.4670718754400534,,,2,2
2020-06-22 12:00:00+00:00,,,0.22766757011413574,-1.4904934841179478,,,,,,,,,,,,,,,,,0.39413297176361084,3.546811763515344,,,2,2
2020-06-22 18:00:00+00:00,,,0.167158305644989,-1.6230600920496374,,,,,,,,,,,,,,,,,0.28797614574432373,0.8698332870327842,,,2,2
2020-06-23 00:00:00+00:00,,,0.1334843635559082,-1.3358184754269538,,,,,,,,,,,,,,,,,0.14244234561920166,-5.434187719675246,,,2,2
2020-06-23 06:00:00+00:00,,,0.26037460565567017,-5.312188472643185,0.33305978775024414,-0.32807180865585805,,,,,,,,,,,,,,,0.3166835308074951,-1.1457331316723938,,,3,3
2020-06-23 12:00:00+00:00,,,0.21240293979644775,-0.9521849750805328,,,,,,,,,,,,,,,,,0.39520061016082764,1.5308490211175072,,,2,2
2020-06-23 18:00:00+00:00,,,0.16070455312728882,-2.3252500874323943,,,,,,,,,,,,,,,,,0.38663291931152344,1.325485185652064,,,2,2
2020-06-24 00:00:00+00:00,,,0.17947757244110107,-0.7503288210762028,0.03534674644470215,0.15559961526363503,,,,,,,,,,,,,,,0.2597315311431885,0.5800975177634422,,,3,3
2020-06-24 06:00:00+00:00,,,0.12449628114700317,14.88194606421775,,,,,,,,,,,,,,,,,0.17656123638153076,-11.963447896342483,,,3,2
2020-06-24 18:00:00+00:00,,,0.16962707042694092,-3.902551566059016,,,,,,,,,,,,,,,,,0.37199997901916504,1.4042288991978413,,,2,2
2020-06-25 00:00:00+00:00,,,0.20538276433944702,-5.515238818708793,,,,,,,,,,,,,,,,,0.1872631311416626,0.8982799413342861,,,2,2
2020-06-25 06:00:00+00:00,,,0.20701223611831665,-3.9511277089967973,,,,,,,,,,,,,,,,,0.2339404821395874,0.8859300397013802,,,2,2
2020-06-25 12:00:00+00:00,,,0.20496320724487305,-3.785383116373392,,,,,,,,,,,,,,,,,0.1384601593017578,-23.366854282648536,,,2,2
2020-06-25 18:00:00+00:00,,,0.18919354677200317,-2.840024782369245,,,,,,,,,,,,,,,,,0.21957314014434814,0.7270615199973378,,,3,2
2020-06-26 00:00:00+00:00,,,0.21591109037399292,-1.620404036330732,,,,,,,,,,,,,,,,,0.2592827081680298,0.64359898812104,,,3,2
2020-06-26 06:00:00+00:00,,,0.24400299787521362,-4.044967408994328,,,,,,,,,,,,,,,,,0.31859052181243896,2.613134907279234,,,3,2
2020-06-26 12:00:00+00:00,0.6120473146438599,0.6447684945536577,0.26029670238494873,-3.092097432739925,,,,,,,,,,,,,,,,,0.30029940605163574,1.7760904306563563,,,3,3
2020-06-26 18:00:00+00:00,0.9816618524491787,-4.085112459565261,0.17159020900726318,-1.7491502065397313,,,,,,,,,,,,,,,,,0.2411874532699585,0.5673426345548819,,,3,3
2020-06-27 00:00:00+00:00,,,0.2183031439781189,-1.2499871495857793,,,,,,,,,,,,,,,,,0.1907411813735962,1.4077564804525005,,,2,2
2020-06-27 06:00:00+00:00,,,0.15789544582366943,-0.9094220529025244,,,,,,,,,,,,,,,,,0.20706582069396973,1.696862987175967,,,2,2
2020-06-27 12:00:00+00:00,,,0.17302626371383667,-1.1564189022354476,,,,,,,,,0.449459969997406,-0.2191159191648975,,,,,,,0.29575252532958984,0.8259432358110204,,,3,3
2020-06-27 18:00:00+00:00,,,0.20316559076309204,-2.478516566858173,,,,,,,,,0.5978769063949585,1.2456883503676017,,,,,,,0.2998286485671997,1.5785903731784583,,,3,3
2020-06-28 00:00:00+00:00,,,0.2539079785346985,-1.1958101338807332,,,,,,,,,0.026572823524475098,0.19505318926297582,,,,,,,0.2651861906051636,0.7723207476167488,,,3,3
2020-06-28 06:00:00+00:00,,,0.1775587797164917,-6.292445864364864,,,,,,,,,0.020470142364501953,-0.059789851660659865,,,,,,,0.24898552894592285,0.7142017996430787,,,4,3
2020-06-28 12:00:00+00:00,,,0.14075082540512085,12.04762739278724,,,,,,,,,0.14089643955230713,1.4252879081185459,,,,,,,0.23769927024841309,1.428757469767405,,,3,3
2020-06-28 18:00:00+00:00,,,0.2646050453186035,-1.2498558681732532,,,,,,,,,0.09647798538208008,0.43238529297677697,,,,,,,0.2504528760910034,1.2810131506250138,,,3,3
2020-06-29 00:00:00+00:00,,,0.175959050655365,-2.4449574622831163,,,,,,,,,0.06247377395629883,0.19482184770609157,,,,,,,0.1979755163192749,1.3469047449770022,,,3,3
2020-06-29 06:00:00+00:00,,,0.18604278564453125,-2.5096717672822586,,,,,,,,,0.15461158752441406,-0.30924945236392337,,,,,,,0.15981793403625488,-6.644290730887624,,,3,3
2020-06-29 12:00:00+00:00,,,0.13856661319732666,-1.0268083530699388,,,,,,,,,0.14922881126403809,1.5810206626187637,,,,,,,0.301111102104187,4.9136222123946025,,,3,3
2020-06-29 18:00:00+00:00,,,0.15813487768173218,-0.5604413405814926,,,,,,,,,0.7170249223709106,2.0707114222946745,,,,,,,0.2094283103942871,1.1037640065428136,,,3,3
2020-06-30 00:00:00+00:00,,,0.1418604850769043,-0.4042610835345498,0.36413824558258057,-2.4772151982304544,,,,,,,,,,,,,,,0.21688354015350342,0.8219628475317122,,,3,3
2020-06-30 06:00:00+00:00,,,0.22109639644622803,-10.530902772807414,0.12576758861541748,-0.2686645882075814,,,,,,,,,,,,,,,0.2346421480178833,1.9759657495318572,,,3,3
2020-06-30 12:00:00+00:00,,,0.1863459348678589,-0.596597357929133,,,,,,,,,,,0.172834575176239,-1.22416463828333,,,,,0.34547150135040283,8.242132319321188,,,3,3
2020-07-01 12:00:00+00:00,,,0.2552325129508972,-14.588974496586488,,,,,,,,,,,,,,,,,0.2606947422027588,3.1665695034855372,,,2,2
2020-07-02 00:00:00+00:00,,,0.1351562738418579,-2.7450657080379814,,,,,,,,,,,,,,,,,0.20610105991363525,3.0624524448760524,,,2,2
2020-07-02 06:00:00+00:00,,,0.06514018774032593,24.134296732025778,,,,,,,,,,,,,,,,,0.24745750427246094,-1.0203564001432608,,,2,2
2020-07-02 12:00:00+00:00,,,0.17178022861480713,-11.514347634746251,,,,,,,,,,,,,,,,,0.2809102535247803,1.2561617227584665,,,2,2
2020-07-02 18:00:00+00:00,,,0.21670472621917725,-0.5736382195653976,,,,,,,,,,,,,,,,,0.27549195289611816,6.239021781756282,,,2,2
2020-07-03 00:00:00+00:00,,,0.184303879737854,-0.36702368013231473,,,,,,,,,,,,,,,,,0.2767350673675537,6.267013421958985,,,2,2
2020-07-03 06:00:00+00:00,,,0.2013486623764038,-1.400993455680515,,,,,,,,,,,,,,,,,0.28102123737335205,5.246419410008564,,,2,2
2020-07-03 12:00:00+00:00,,,0.2219754457473755,-0.9277414798176343,,,,,,,,,,,,,,,,,0.33493781089782715,3.7456159448650244,,,2,2
2020-07-03 18:00:00+00:00,,,0.20769375562667847,-1.7707731879604367,,,,,,,,,,,,,,,,,0.27108335494995117,1.7057103304749972,,,2,2
2020-07-04 00:00:00+00:00,,,0.08268088102340698,-0.22285201232625892,,,,,,,,,,,,,,,,,0.1884986162185669,1.2999752201058268,,,2,2
2020-07-04 06:00:00+00:00,,,0.14641886949539185,-13.678044179047122,,,,,,,,,,,,,,,,,0.188523530960083,-21.96121481558267,,,2,2
2020-07-04 12:00:00+00:00,,,0.1707800030708313,-0.1795941994623104,,,,,,,,,,,,,,,,,0.29305946826934814,28.7527028145976,,,2,2
2020-07-04 18:00:00+00:00,,,0.172774076461792,-2.243252094857732,,,,,,,,,,,,,,,,,0.19778919219970703,1.487292503876968,,,2,2
2020-07-05 00:00:00+00:00,,,0.18663114309310913,-0.7309748094085037,,,,,,,,,,,,,,,,,0.2751038074493408,1.757431080136376,,,2,2
2020-07-05 06:00:00+00:00,,,0.24147933721542358,-1.2640692518385948,,,,,,,,,,,,,,,,,0.29953789710998535,2.9075812457374397,,,2,2
2020-07-05 12:00:00+00:00,,,0.1977711319923401,-0.5616380927078134,,,,,,,,,,,,,,,,,0.31546151638031006,1.0862668868895489,,,2,2
2020-07-05 18:00:00+00:00,,,0.257175087928772,-1.6478717960138578,,,,,,,,,,,,,,,,,0.28743135929107666,30.49562654108382,,,2,2
2020-07-06 00:00:00+00:00,,,0.22198158502578735,-0.9221302446762196,,,,,,,,,,,,,,,,,0.24531888961791992,0.875529353493964,,,2,2
2020-07-06 06:00:00+00:00,,,0.194968581199646,-1.0435605334966915,,,,,,,,,,,,,,,,,0.3083033561706543,1.6095829271482904,,,2,2
2020-07-06 12:00:00+00:00,,,0.1816035509109497,-2.414785753623944,,,,,,,,,,,,,,,,,0.32052290439605713,3.361985023548599,,,2,2
2020-07-06 18:00:00+00:00,,,0.19402265548706055,0.05228329832834398,,,,,,,,,,,,,,,,,0.2661869525909424,2.4315892850269547,0.05152273178100586,-0.568298365992206,3,3
2020-07-07 00:00:00+00:00,,,0.21868234872817993,-0.4218330917200894,,,,,,,,,,,,,,,,,0.23557281494140625,2.0380882832684826,0.03819972276687622,0.47345059627288083,3,3
2020-07-07 06:00:00+00:00,,,0.263300359249115,-0.7064772989395661,,,,,,,,,,,,,,,,,0.25194060802459717,2.3311594671300258,0.00767749547958374,1.0490552620132052,3,3
2020-07-07 12:00:00+00:00,,,0.21265608072280884,-0.09936383014218744,,,,,,,,,,,,,,,,,0.2881920337677002,1.48813360988062,,,3,2
2020-07-07 18:00:00+00:00,,,0.14178478717803955,-1.2137641825376764,,,,,,,,,,,,,,,,,0.24481701850891113,2.506265942648323,,,2,2
2020-07-08 00:00:00+00:00,,,0.2142232060432434,-0.6926934457456189,,,,,,,,,,,,,,,,,0.29879236221313477,1.146374817050943,,,2,2
2020-07-08 06:00:00+00:00,,,0.25242769718170166,-2.137330233488376,,,,,,,,,,,,,,,,,0.2930375337600708,2.1882806324974258,,,2,2
2020-07-08 12:00:00+00:00,,,0.24948471784591675,-2.64040779558181,,,,,,,,,,,,,,,,,0.2839432954788208,0.8398015369270644,,,2,2
2020-07-09 00:00:00+00:00,,,0.21699005365371704,-0.5179109626413388,,,,,,,,,,,,,,,,,0.26935410499572754,1.973834348859491,,,3,2
2020-07-09 06:00:00+00:00,,,0.1932213306427002,4.8517327657609615,,,,,,,,,,,,,,,,,0.3173297643661499,2.56884127291517,,,3,2
2020-07-09 12:00:00+00:00,,,0.05727505683898926,18.850705516050297,,,,,,,,,,,,,,,,,0.30527281761169434,2.860620411664881,,,2,2
2020-07-09 18:00:00+00:00,,,0.22920334339141846,-1.7606015049113581,,,,,,,,,,,,,,,,,0.28050732612609863,2.749487232971833,,,2,2
2020-07-10 00:00:00+00:00,,,0.13669300079345703,-1.209681362765312,,,,,,,,,,,,,,,,,0.22565603256225586,3.9812102812384533,,,2,2
2020-07-10 06:00:00+00:00,,,0.1456691026687622,-0.23619600913727357,,,,,,,,,,,,,,,,,0.27859723567962646,2.180271029548905,,,2,2
2020-07-10 12:00:00+00:00,,,0.18843472003936768,-0.7489711352341692,,,,,,,,,,,,,,,,,0.2704516649246216,2.620425365902063,,,3,3
2020-07-10 18:00:00+00:00,,,0.11184889078140259,-0.41226876584512895,,,,,,,,,,,,,,,,,0.3307962417602539,3.613564365745146,,,2,2
2020-07-11 00:00:00+00:00,,,0.16107213497161865,-0.33142153155755577,,,,,,,,,,,,,,,,,0.3069901466369629,8.9867280633227,,,3,3
2020-07-11 06:00:00+00:00,,,0.10557866096496582,-1.540609371180952,,,,,,,,,,,,,,,,,0.29879796504974365,2.983837782595015,,,3,3
2020-07-11 12:00:00+00:00,,,0.13895183801651,-0.3718616328683494,,,,,,,,,,,,,,,,,0.2968953847885132,8.649261373512266,0.10721039772033691,-0.06727789270473342,3,3
2020-07-11 18:00:00+00:00,,,0.10958552360534668,-0.32967750062329576,,,,,,,,,,,,,,,,,0.31620192527770996,3.0333240501624106,0.07524538040161133,0.296890210236472,3,3
2020-07-12 00:00:00+00:00,,,0.24775636196136475,-0.5029572995258956,,,,,,,,,,,,,,,,,0.30337345600128174,2.021101870033382,0.02251797914505005,5.085370122157337,3,3
2020-07-12 06:00:00+00:00,,,0.24256432056427002,-2.2528550340904423,,,,,,,,,,,,,,,,,0.32623326778411865,5.007463342180291,,,2,2
2020-07-12 12:00:00+00:00,,,0.10210847854614258,-3.526667528843788,,,,,,,,,,,,,,,,,0.32569456100463867,1.7700405991459185,0.18685144186019897,-0.1694225951232835,4,4
2020-07-12 18:00:00+00:00,,,0.1567041277885437,-1.9590193405979406,,,,,,,,,,,,,,,,,0.32810676097869873,4.7386588060989645,0.22852039337158203,0.21283717074591613,3,3
2020-07-13 00:00:00+00:00,0.3197530508041382,-0.08442619606974784,0.18710899353027344,-0.6740946733011196,,,,,,,,,,,,,,,,,0.2619842290878296,3.947588757965057,0.01291501522064209,-0.8799215768078065,4,4
2020-07-13 06:00:00+00:00,,,0.18910109996795654,-1.636857658837946,,,,,,,,,,,,,,,,,0.3017396926879883,1.6253725423567442,,,2,2
2020-07-13 12:00:00+00:00,0.1022484302520752,-0.2150980029453765,0.12834739685058594,-0.47646067730875885,,,,,,,,,,,,,,,,,0.36509788036346436,1.9873293891771202,,,3,3
2020-07-13 18:00:00+00:00,,,0.134665846824646,-0.5188203539755963,,,,,,,,,,,,,,,,,0.30899715423583984,4.733013039451761,,,2,2
2020-07-14 00:00:00+00:00,,,0.12653207778930664,-0.8638198678045229,,,,,,,,,,,,,,,,,0.25554990768432617,0.073823130035113,,,2,2
2020-07-14 06:00:00+00:00,,,0.09308385848999023,-0.9370849253214572,,,,,,,,,,,,,,,,,0.24468004703521729,1.915960431583844,,,2,2
2020-07-14 12:00:00+00:00,,,0.10742074251174927,-0.43507342052485276,,,,,,,,,,,,,,,,,0.2863086462020874,3.02200297510391,,,2,2
2020-07-14 18:00:00+00:00,,,0.13843178749084473,-0.313986847232398,,,,,,,,,,,,,,,,,0.2865321636199951,2.154898548008443,,,2,2
2020-07-15 00:00:00+00:00,,,0.10289472341537476,-3.327892260058298,,,,,,,,,,,,,,,,,0.223488450050354,1.0855410250307918,,,2,2
2020-07-15 06:00:00+00:00,,,0.07076048851013184,11.648937266680562,,,,,,,,,,,,,,,,,0.322299599647522,1.8698111671102313,,,2,2
2020-07-15 12:00:00+00:00,,,0.18235927820205688,-0.9529024597573189,,,,,,,,,,,,,,,,,0.30965471267700195,1.9119254345734786,,,2,2
2020-07-15 18:00:00+00:00,,,0.1378536820411682,-0.2314024154857364,,,,,,,,,,,,,,,,,0.22238969802856445,4.4015059938375884,,,2,2
2020-07-16 00:00:00+00:00,,,0.1584603190422058,-0.7978059039804216,,,,,,,,,,,,,,,,,0.2715637683868408,-29.814728764708892,,,2,2
2020-07-16 06:00:00+00:00,,,0.2178025245666504,-0.77091192185045,,,,,,,,,,,,,,,,,0.224900484085083,-13.478934839908819,,,2,2
2020-07-16 12:00:00+00:00,,,0.22366100549697876,-0.7587302843671,,,,,,,,,,,,,,,,,0.19686388969421387,-13.621724390130264,,,2,2
2020-07-16 18:00:00+00:00,,,0.2694905400276184,-1.1175285539324658,,,,,,,,,,,,,,,,,0.2558777332305908,1.2218099992913583,,,2,2
2020-07-17 00:00:00+00:00,,,0.18182158470153809,-2.7150359765635983,,,,,,,,,,,,,,,,,0.250408411026001,2.0637656625069134,,,2,2
2020-07-17 06:00:00+00:00,,,0.16347956657409668,-2.512007813848432,,,,,,,,,,,,,,,,,0.23212981224060059,1.5381394635022443,,,3,2
2020-07-17 12:00:00+00:00,,,0.2104550004005432,-3.5088382750578258,,,,,,,,,,,,,,,,,0.28987014293670654,3.155218445227274,,,2,2
2020-07-17 18:00:00+00:00,,,0.14572203159332275,-1.5888689165744645,,,,,,,,,,,,,,,,,0.21515369415283203,3.1761027523284038,,,2,2
2020-07-18 00:00:00+00:00,,,0.19332098960876465,-0.536697940870703,,,,,,,,,,,,,,,,,0.2048799991607666,3.693482151824178,,,2,2
2020-07-18 06:00:00+00:00,,,0.2739197611808777,-2.6220654931745453,,,,,,,,,,,,,,,,,0.31235241889953613,10.368344630656889,,,2,2
2020-07-18 12:00:00+00:00,,,0.22444897890090942,-5.485391531401776,,,,,,,,,,,,,,,,,0.2316523790359497,0.7473812964258117,,,2,2
2020-07-18 18:00:00+00:00,,,0.2050008773803711,-1.3627631004642953,,,,,,,,,,,,,,,,,0.24632203578948975,3.0944823194357487,,,2,2
2020-07-19 00:00:00+00:00,,,0.1632899045944214,-1.1128312457408736,,,,,,,,,,,,,,,,,0.26616907119750977,1.4419614482654182,,,2,2
2020-07-19 06:00:00+00:00,,,0.2939053773880005,-1.4946589371461274,,,,,,,,,,,,,,,,,0.3222769498825073,12.418263251306378,,,2,2
2020-07-19 12:00:00+00:00,,,0.20789265632629395,0.18172958351125776,,,,,,,,,,,,,,,,,0.2096172571182251,1.2712184875136507,,,2,2
2020-07-19 18:00:00+00:00,,,0.11436861753463745,-0.5921322483231201,,,,,,,,,,,,,,,,,0.2774991989135742,1.3652638786020779,,,2,2
2020-07-21 00:00:00+00:00,0.0296705961227417,-0.6024410063218283,,,,,,,,,,,,,,,,,,,0.23457634449005127,8.425307152599354,,,2,2
2020-07-21 06:00:00+00:00,0.12174469232559204,-0.3632383665117612,,,,,0.04603934288024902,-2.157238329275092,,,,,,,,,,,,,0.2332916259765625,-17.04637185763929,,,3,3
2020-07-21 12:00:00+00:00,0.07095754146575928,0.23855539544615068,,,,,0.2140534520149231,0.5063474209363555,,,,,,,,,,,,,0.2465062141418457,2.5296017278501606,,,3,3
2020-07-21 18:00:00+00:00,0.04738819599151611,0.4933965011753335,,,,,,,0.17618346214294434,-0.8346177193191442,,,,,,,,,,,0.2629736661911011,1.4096601435015892,,,3,3
2020-07-22 00:00:00+00:00,0.07348310947418213,27.479689370245367,,,,,,,0.16798728704452515,-0.28538745753336636,,,,,,,,,,,0.21989083290100098,2.413415382444553,,,3,3
2020-07-22 06:00:00+00:00,0.05099993944168091,-0.27861982298113575,,,,,,,0.26906144618988037,-5.471444586314635,,,,,,,,,,,0.1979844570159912,1.701062053953865,,,3,3
2020-07-22 12:00:00+00:00,,,0.15525847673416138,-0.5699174221142669,,,,,0.26758503913879395,-4.070925379195561,,,,,,,,,,,0.2775154113769531,-1.367163887581966,,,3,3
2020-07-22 18:00:00+00:00,,,0.08312785625457764,-1.5740144914094778,,,,,0.22732669115066528,-3.613505613100407,,,,,,,,,,,0.26277732849121094,1.473656853462219,,,4,4
2020-07-23 00:00:00+00:00,,,0.1914273500442505,-1.5442126899791002,,,,,0.04856473207473755,-1.5782500185858401,,,,,,,,,,,0.258597731590271,2.841753443480791,,,4,4
2020-07-23 06:00:00+00:00,,,0.16470426321029663,-1.9715731673547967,,,,,0.2978590130805969,-6.501125654025564,,,,,,,,,,,0.2388150691986084,1.6106285074004936,,,4,4
2020-07-23 12:00:00+00:00,,,0.20188820362091064,-1.3588178949384702,,,,,0.07280224561691284,-1.1977179567953924,,,,,,,,,,,0.1980839967727661,2.526466168639429,,,4,4
2020-07-23 18:00:00+00:00,,,0.18767905235290527,-21.97132453859317,0.34403324127197266,-0.12203236891237719,,,0.03579449653625488,-0.3165006953103249,,,,,,,,,,,0.24611353874206543,1.6678029981343718,,,4,4
2020-07-24 00:00:00+00:00,,,0.14419972896575928,-0.7552979590287892,0.3058199882507324,-1.0377155680014338,,,0.16607356071472168,0.12023471707604012,,,,,,,,,,,0.24796390533447266,6.249880104205912,,,4,4
2020-07-24 06:00:00+00:00,,,0.2758345603942871,-0.9705134218172671,0.9739678930491209,-1.683965525928669,,,0.04867756366729736,-0.03609014525682066,,,,,,,,,,,0.17712008953094482,-34.02383701527744,,,4,4
2020-07-24 12:00:00+00:00,,,0.26171696186065674,-2.2283359837973427,,,,,0.26974016427993774,-1.0395342408324861,,,,,,,,,,,0.2714012861251831,5.920844048186826,,,5,4
2020-07-24 18:00:00+00:00,,,0.2777460813522339,-37.502884373143125,,,,,0.37320107221603394,-1.0588586388957228,,,0.15529733896255493,-0.15940210805796717,,,,,,,0.26353633403778076,1.8365032314548502,,,6,6
2020-07-25 00:00:00+00:00,,,0.17079967260360718,-1.8336929445659231,,,,,0.2404676079750061,1.8884269263004982,,,0.22653824090957642,0.058172033558930816,,,,,,,0.21637749671936035,1.2893102979770492,,,4,4
2020-07-25 06:00:00+00:00,,,0.11939144134521484,-2.094603372430049,,,,,0.20746129751205444,0.1787662912052235,,,0.13067805767059326,-0.14948732799226402,,,,,,,0.2309408187866211,6.506466633796619,,,4,4
2020-07-25 12:00:00+00:00,,,0.15750658512115479,-2.3986626082646105,,,,,,,,,0.15623950958251953,0.40351159219865784,,,,,,,0.24017655849456787,1.0035460267361145,,,3,3
2020-07-25 18:00:00+00:00,,,0.21469098329544067,-0.9163452998534739,,,,,0.1365114450454712,0.5532317169818564,,,0.06553304195404053,-0.30916875968817864,,,,,,,0.2589808702468872,6.4237033115419715,,,4,4
2020-07-26 00:00:00+00:00,,,0.1572590470314026,-0.5854883125572543,,,,,,,,,0.14493578672409058,0.3413197214407798,,,,,,,0.23030579090118408,1.2364554462827624,,,3,3
2020-07-26 06:00:00+00:00,,,0.18912214040756226,-1.8250638097369194,0.3629117012023926,-0.7882491030385593,,,,,,,0.01484835147857666,-0.31553461109553776,,,,,,,0.2560403347015381,3.0798447416590737,,,4,4
2020-07-26 12:00:00+00:00,,,0.1424296498298645,-0.18164104426542427,0.20965462923049927,-0.7162186972470117,,,,,,,0.3990112543106079,-0.0017233869575668693,,,,,,,0.2555493116378784,4.117514002290307,,,5,5
2020-07-26 18:00:00+00:00,,,0.17419999837875366,-0.8579359524964867,,,,,,,,,0.3042609691619873,2.669585284387732,,,,,,,0.24939453601837158,2.211704416504754,,,4,4
2020-07-27 00:00:00+00:00,,,0.2663019299507141,-1.435281993794688,,,,,,,,,0.5060122013092041,0.8668585846451212,,,,,,,0.19864130020141602,2.6853515208837613,,,4,4
2020-07-27 06:00:00+00:00,,,0.21096694469451904,-2.068124911227361,,,,,,,,,0.18568778038024902,2.0048165770254966,,,,,,,0.2410663366317749,17.67315343121722,,,4,4
2020-07-27 12:00:00+00:00,,,0.32174205780029297,-30.616996850572644,,,,,,,,,0.5489219427108765,4.692684065183977,,,,,,,0.23966729640960693,-43.76079047611374,,,4,4
2020-07-27 18:00:00+00:00,,,0.22626227140426636,-1.1493541504419544,,,,,,,,,0.6473042964935303,5.158664543625774,0.038559913635253906,-1.2879967532098096,,,,,0.2700932025909424,3.3248442931130375,,,4,4
2020-07-28 00:00:00+00:00,,,0.1510501503944397,-0.7628111339109525,,,,,,,,,0.3391427993774414,0.6572779979203855,0.4603153467178345,1.0197641158174702,,,,,0.263200044631958,5.244223696077812,,,4,4
2020-07-28 06:00:00+00:00,,,0.1739799976348877,-0.5305810200307102,,,,,,,,,0.29087281227111816,1.6609609246314614,0.1846919059753418,0.9335752875014386,,,,,0.13075470924377441,-41.186580110271244,,,4,4
2020-07-28 12:00:00+00:00,,,0.2177942395210266,-0.6637543928176649,,,,,,,,,0.5681201219558716,8.18029402488661,0.3164200782775879,4.097239059866856,,,,,0.23022198677062988,3.4557604304765457,,,4,4
2020-07-28 18:00:00+00:00,,,0.17439812421798706,-1.4597210517443857,,,,,,,,,0.4814262390136719,5.081624628510684,,,,,,,0.21877849102020264,2.812420460722368,,,3,3
2020-07-29 00:00:00+00:00,,,0.053022921085357666,26.824367734364934,,,,,,,,,,,0.41981828212738037,7.454266556983857,,,,,0.21098864078521729,1.8979982388806365,,,3,3
2020-07-29 06:00:00+00:00,,,0.11528164148330688,0.13772923118934113,,,,,,,,,,,0.2788712978363037,4.610173369224371,,,,,0.2366776466369629,4.979962728914029,,,3,3
2020-07-29 18:00:00+00:00,,,0.06810164451599121,-0.4769193714925073,,,,,,,,,,,0.26280224323272705,-1.2475662639062275,,,,,0.225594162940979,3.1060014626644703,,,3,3
2020-07-30 00:00:00+00:00,,,0.07456088066101074,-0.28376646090251745,,,,,,,,,,,0.4370443820953369,5.0813182848970175,,,,,0.25181543827056885,2.799439715372407,,,3,3
2020-07-30 06:00:00+00:00,,,0.14155679941177368,-0.1159866927207062,,,,,,,,,,,0.29722023010253906,4.163586453723889,,,,,0.23936307430267334,1.4596070208214122,,,3,3
2020-07-30 12:00:00+00:00,,,0.16432124376296997,0.0538517737810876,,,,,,,,,,,0.4668804407119751,8.57526459915957,,,,,0.2293241024017334,1.6662488463085372,,,4,4
2020-07-30 18:00:00+00:00,,,0.12239629030227661,-0.4285050328530538,,,,,,,,,,,0.3497786521911621,5.8177371414352805,,,,,0.22702038288116455,1.4016099073221928,,,3,3
2020-07-31 00:00:00+00:00,,,0.1080467700958252,-0.6049829988792419,,,,,,,,,,,0.3962360620498657,4.152937378318945,,,,,0.24714696407318115,1.8213835221187233,,,3,3
2020-07-31 06:00:00+00:00,,,0.17323517799377441,0.15435452084614654,,,,,,,,,,,0.26869189739227295,1.8328073538045353,,,,,0.25928032398223877,3.634049342884946,,,3,3
2020-07-31 12:00:00+00:00,,,0.12689244747161865,-2.0706866354546403,,,,,,,,,,,0.31321144104003906,4.40459935604361,,,,,0.31503963470458984,3.471578911476048,,,4,4
2020-07-31 18:00:00+00:00,,,0.1338842511177063,-0.4158323946770486,,,,,,,,,,,0.4128214120864868,4.270503915463145,,,,,0.3133586645126343,4.814053908565309,,,3,3
2020-08-01 00:00:00+00:00,,,0.28183287382125854,-21.629437642713594,0.2831062078475952,-1.1789207393744294,,,,,,,,,0.3804967403411865,9.88649215830582,,,,,0.2100844383239746,1.0042537456003986,,,4,4
2020-08-01 06:00:00+00:00,,,0.0050241947174072266,1.724299958326935,,,,,,,,,,,0.44573795795440674,2.813466077119719,,,,,0.19671642780303955,1.9689332895159752,,,3,3
2020-08-01 12:00:00+00:00,,,0.1829463243484497,0.36078891142187236,,,,,,,,,,,0.5454739332199097,10.132073648515712,,,,,0.3061869144439697,2.346221710475292,,,4,4
2020-08-01 18:00:00+00:00,,,0.1569550633430481,-0.4912704344468576,,,,,,,,,,,0.38967227935791016,3.8416659395109294,,,,,0.24909698963165283,0.8263020051464941,,,3,3
2020-08-02 00:00:00+00:00,,,0.2083260416984558,-0.08141659711311737,,,,,,,,,,,0.35910165309906006,1.865777610767137,,,,,0.227666974067688,0.9609956570432682,,,3,3
2020-08-02 06:00:00+00:00,,,0.33137011528015137,-2.3021268769710863,,,,,,,,,,,0.4267134666442871,3.16349303150733,,,,,0.26805007457733154,1.865151622484536,,,3,3
2020-08-02 12:00:00+00:00,,,0.05491548776626587,-0.15210029363710276,,,,,,,,,,,0.2384345531463623,0.4374103929229106,,,,,0.3117622137069702,2.4316667202699906,,,3,3
2020-08-02 18:00:00+00:00,0.2653158903121948,-0.4318907511449359,0.035478174686431885,0.613519153441547,,,,,,,,,,,0.36416757106781006,9.083935527095345,,,,,0.3072406053543091,2.150704682759035,,,5,5
2020-08-03 00:00:00+00:00,0.7934964001178741,-11.652175653760988,0.26444923877716064,-0.01503013499072768,,,,,,,,,,,,,0.3635234832763672,5.87117709126631,,,0.2264571189880371,0.7004078115513037,0.048857688903808594,0.8260714979122008,5,5
2020-08-03 06:00:00+00:00,0.23347854614257812,6.929680834810084,0.2908579707145691,-0.7446794056060321,,,,,,,,,,,,,0.35710442066192627,4.13014111239263,,,,,0.24808204174041748,1.982441229865543,6,5
2020-08-03 12:00:00+00:00,0.3866199851036072,-3.897533676685063,0.05443072319030762,-0.08853470171537398,0.9674855396151543,-0.7894635607015363,,,,,,,,,,,0.428777813911438,2.6581163718354124,,,,,0.21946239471435547,0.8880449548908675,5,5
2020-08-03 18:00:00+00:00,0.17088133096694946,-0.7106358204097067,0.2391270399093628,0.8250658588437423,,,,,,,,,,,,,0.4026801586151123,5.2484152213747075,,,,,0.2267320156097412,-1.0728165777809031,6,5
2020-08-04 00:00:00+00:00,,,0.17093944549560547,-0.07437651367641211,,,,,,,,,,,,,0.5276206731796265,1.0262730592520704,,,0.16011011600494385,0.6537973310056246,,,6,3
2020-08-04 06:00:00+00:00,,,0.26752209663391113,-0.6413298523824055,,,,,,,,,,,,,0.38364243507385254,1.5391980739079614,,,0.18558096885681152,0.5541352282440777,,,3,3
2020-08-04 12:00:00+00:00,,,0.10951817035675049,0.013258209401016107,,,,,,,,,,,,,0.788276195526123,-0.052216209752127554,,,0.17388403415679932,-5.180528693516922,,,4,4
2020-08-04 18:00:00+00:00,,,0.08814835548400879,-0.25573428824293526,,,,,,,,,,,,,0.0582241415977478,0.5284501351963947,,,0.23381316661834717,0.7612446942830775,,,3,3
2020-08-05 00:00:00+00:00,,,0.16905570030212402,-0.6444890269614195,,,,,,,,,,,,,0.3665519952774048,0.5247263451981659,,,0.23611009120941162,1.1470434854522777,,,3,3
2020-08-05 06:00:00+00:00,,,0.3168203830718994,0.009108609858845148,,,,,,,,,,,,,0.10527467727661133,0.8903772825391414,,,0.21251189708709717,1.4018793915275394,,,3,3
2020-08-05 12:00:00+00:00,,,0.07603222131729126,-0.5324822134864694,,,,,,,,,,,,,,,,,0.1277376413345337,0.6244661352730962,,,2,2
2020-08-05 18:00:00+00:00,,,0.14122140407562256,-1.3015952051490436,,,,,,,,,,,,,,,,,0.21696972846984863,1.6896633891630382,,,2,2
2020-08-06 00:00:00+00:00,,,0.23095524311065674,-1.515364727748828,,,,,,,,,,,,,,,,,0.20039629936218262,2.198689443487087,,,2,2
2020-08-06 06:00:00+00:00,,,0.15301823616027832,-0.47487741893526897,,,,,,,,,,,,,,,,,0.23231303691864014,2.188295572756224,,,2,2
2020-08-06 12:00:00+00:00,,,0.1900562047958374,-0.497410042797102,,,,,,,,,,,,,,,,,0.21163618564605713,0.552149862522416,,,2,2
2020-08-06 18:00:00+00:00,,,0.42127305269241333,-18.346819329942708,,,,,,,,,,,,,,,,,0.23142290115356445,1.6126854750182333,,,2,2
2020-08-07 00:00:00+00:00,,,0.06459128856658936,-0.4673524188058937,,,,,,,,,,,,,,,,,0.12600350379943848,1.3056117024965146,,,2,2
2020-08-07 06:00:00+00:00,,,0.24931299686431885,-0.15995034273941336,,,,,,,,,,,,,,,,,0.1993473768234253,3.1016240870637377,,,2,2
2020-08-07 12:00:00+00:00,,,0.3374755382537842,-15.393707789646925,,,,,,,,,,,,,,,,,0.28600406646728516,1.963969982326776,,,2,2
2020-08-07 18:00:00+00:00,,,0.17476004362106323,-1.0731360080106866,,,,,,,,,,,,,,,,,0.23069453239440918,0.9678794242942661,,,2,2
2020-08-08 00:00:00+00:00,,,0.03658854961395264,22.358299785896033,0.31958216428756714,-0.5377050488409396,,,,,,,,,,,,,,,0.2565877437591553,1.460044510710516,,,3,3
2020-08-08 06:00:00+00:00,,,0.1402881145477295,-0.625321094777702,,,,,,,,,,,,,,,,,0.37746894359588623,3.966284374882842,,,2,2
2020-08-08 12:00:00+00:00,,,0.15507614612579346,-0.6256274868049475,,,,,,,,,,,,,,,,,0.29118621349334717,2.428513077443333,,,2,2
2020-08-08 18:00:00+00:00,,,0.13308346271514893,-0.6800889147277254,,,,,,,,,,,,,,,,,0.3384134769439697,2.143290532727722,,,2,2
2020-08-09 00:00:00+00:00,,,0.024784505367279053,25.93805889525589,,,,,,,,,,,,,,,,,0.29870080947875977,5.746963042987059,,,2,2
2020-08-09 06:00:00+00:00,,,0.1422244906425476,-1.132955538054891,,,,,,,,,,,,,,,,,0.2930659055709839,1.3858345440859434,,,2,2
2020-08-09 12:00:00+00:00,,,0.12401235103607178,-0.6852109225068798,0.8773788288235664,-2.081359686789693,,,,,,,,,,,,,,,0.36675989627838135,4.657688062705916,,,3,3
2020-08-09 18:00:00+00:00,,,0.19590705633163452,-0.22280711173596543,,,,,,,,,,,,,,,,,0.33199501037597656,8.66410621354005,,,2,2
2020-08-10 00:00:00+00:00,,,0.1258145570755005,-0.2996352642341754,,,,,,,,,,,,,,,,,0.3014947175979614,8.71230640353222,,,2,2
2020-08-10 06:00:00+00:00,,,0.14009982347488403,-0.424748139215343,,,,,,,,,,,,,,,,,0.35990333557128906,3.7479138174964857,,,2,2
2020-08-10 12:00:00+00:00,,,0.28281307220458984,-29.00876988301983,,,,,,,,,,,,,,,,,0.37880825996398926,2.307339183774167,,,3,3
2020-08-10 18:00:00+00:00,,,0.21786171197891235,-0.5366746413465048,,,,,,,,,,,,,,,,,0.3368293046951294,10.248932021357671,,,3,3
2020-08-11 00:00:00+00:00,,,0.18178564310073853,-0.8133489029283032,,,,,,,,,,,,,,,,,0.28048717975616455,4.155069650455729,,,3,3
2020-08-11 06:00:00+00:00,,,0.20546573400497437,-0.9705598970278305,0.09972822666168213,0.35947530782525455,,,,,,,,,,,,,,,0.2760962247848511,6.311728834241807,,,3,3
2020-08-11 12:00:00+00:00,,,0.10528349876403809,-0.9374078871009613,,,,,,,,,,,,,,,,,0.34394073486328125,2.6817258296599547,,,2,2
2020-08-11 18:00:00+00:00,,,0.14429283142089844,-0.4399826813730396,,,,,,,,,,,,,,,,,0.2987096309661865,7.554034340719428,,,2,2
2020-08-12 00:00:00+00:00,,,0.16653162240982056,-0.846426529993133,,,,,,,,,,,,,,,,,0.2814345359802246,4.457430279770396,,,2,2
2020-08-12 06:00:00+00:00,,,0.11489462852478027,-0.31702228851110253,,,,,,,,,,,,,,,,,0.2741025686264038,3.641328508670963,,,2,2
2020-08-12 12:00:00+00:00,,,0.08830457925796509,-0.1493772291337985,,,,,,,,,,,,,,,,,0.33801281452178955,5.012481349260627,,,2,2
2020-08-12 18:00:00+00:00,,,0.05025535821914673,-0.31169882566669016,,,,,,,,,,,,,,,,,0.32551491260528564,4.064348845827847,,,3,3
2020-08-13 00:00:00+00:00,,,0.068581223487854,-0.5027721714254292,,,,,,,,,,,,,,,,,0.3420441150665283,7.471803965053241,,,2,2
2020-08-13 06:00:00+00:00,,,0.0912468433380127,-0.20283229252158155,,,,,,,,,,,,,,,,,0.3064805269241333,4.000622059035297,,,2,2
2020-08-13 12:00:00+00:00,,,0.12058746814727783,-0.37706006626388117,,,,,,,,,,,,,,,,,0.30714094638824463,4.357673530532556,,,2,2
2020-08-13 18:00:00+00:00,,,0.21371638774871826,-1.4727824899651667,0.056939005851745605,-1.627796141596667,,,,,,,,,,,,,,,0.32059168815612793,1.8312347325367337,,,4,4
2020-08-14 00:00:00+00:00,,,0.08909046649932861,22.175347886414222,,,,,,,,,,,,,,,,,0.24821710586547852,2.8487356513418702,,,2,2
2020-08-14 06:00:00+00:00,,,0.11002790927886963,-1.537837664205802,,,,,0.1342710256576538,0.12306205466277852,,,,,,,,,,,0.3151724338531494,2.511661533627066,,,3,3
2020-08-14 12:00:00+00:00,,,0.05152660608291626,-1.298066715673831,,,,,0.2794458866119385,-0.045466664817991394,,,,,,,,,,,0.30693602561950684,2.5997191406519398,,,3,3
2020-08-14 18:00:00+00:00,,,0.2138993740081787,-0.6445433139282257,,,,,0.2692298889160156,-5.2327566230573686,,,,,,,,,,,0.28743457794189453,2.4478180033200703,,,4,4
2020-08-15 00:00:00+00:00,,,0.11678957939147949,-0.0063322317980380825,,,,,0.2011815905570984,-1.8267939503483854,,,,,,,,,,,0.3190227746963501,2.262975984275164,,,4,4
2020-08-15 06:00:00+00:00,,,0.14238983392715454,-1.6793393249147222,,,,,0.29849910736083984,-4.888358059351482,,,,,,,,,,,0.3181946277618408,14.729459011548546,,,4,4
2020-08-15 12:00:00+00:00,,,0.04204148054122925,25.65794331227408,,,,,0.39851391315460205,-5.7786833486338205,,,,,,,,,,,0.30765485763549805,5.130438880784984,,,4,4
2020-08-15 18:00:00+00:00,,,0.14986777305603027,4.8822767992803415,,,,,0.21158260107040405,-5.099270660339248,,,,,,,,,,,0.4086662530899048,4.816402241440863,,,4,4
2020-08-16 00:00:00+00:00,,,0.2818453907966614,-5.362502409391093,0.05642431974411011,-2.2782408856739216,,,0.1948530673980713,-0.11781071781425166,,,,,,,,,,,0.2885432243347168,3.2913901807741253,,,5,5
2020-08-16 06:00:00+00:00,,,0.005827784538269043,18.092879729313676,0.15780413150787354,-1.2734332782909816,,,0.11902070045471191,-0.8049629877373013,,,,,,,,,,,0.2568390369415283,0.7776518206132268,,,4,4
2020-08-16 12:00:00+00:00,,,0.1487433910369873,-0.8969535450736755,,,,,0.3655819892883301,-5.640590646279621,,,,,,,,,,,0.3187042474746704,3.775441915690911,,,3,3
2020-08-16 18:00:00+00:00,,,0.2189062237739563,-0.39399762721194703,,,,,0.37213969230651855,-0.4523801170142379,,,,,,,,,,,0.3133552074432373,2.5066514894257828,,,3,3
2020-08-17 00:00:00+00:00,,,0.20655417442321777,-0.48646656457789433,,,,,0.16243648529052734,0.16373350005997092,,,,,,,,,,,0.2632397413253784,1.836780007753665,,,3,3
2020-08-17 06:00:00+00:00,,,0.11513489484786987,1.7955874638552598,,,,,0.3534519076347351,-2.031076039158054,,,,,,,,,,,0.2637021541595459,1.817000808700959,,,3,3
2020-08-17 12:00:00+00:00,,,0.08633023500442505,17.198787080500516,,,,,,,0.19441598653793335,-0.5594284981806077,,,,,,,,,0.3523622751235962,3.0875763982213433,,,3,3
2020-08-17 18:00:00+00:00,,,0.09615558385848999,-0.32250234464856076,,,,,,,0.4106218218803406,-0.4148118471122854,,,,,,,,,0.323097825050354,5.161132279746264,,,3,3
2020-08-18 00:00:00+00:00,,,0.2100222110748291,-3.5961196639541115,,,,,,,0.4806109666824341,-1.761394645891785,,,,,,,0.07694876194000244,-0.06414063212200999,0.2915898561477661,2.0009013742889254,,,4,4
2020-08-18 06:00:00+00:00,,,0.2859231233596802,-0.19639016383582514,0.11843419075012207,-0.2231826988179812,,,,,,,,,,,,,,,0.283855676651001,1.143501930992081,,,3,3
2020-08-18 12:00:00+00:00,,,0.08922719955444336,-1.0829073280444599,0.11635792255401611,-0.7280537421320282,,,,,,,,,,,,,,,0.3038623332977295,-0.31556354642206746,,,4,4
2020-08-18 18:00:00+00:00,,,0.15294724702835083,-0.7334497558460403,0.2821425199508667,0.9567487670980639,,,,,,,,,,,,,,,0.2542802095413208,3.034055236760189,,,3,3
2020-08-19 00:00:00+00:00,,,0.27265530824661255,-18.16174730131621,0.7788612395524979,-0.8024973600816155,,,,,,,,,,,,,,,0.1958247423171997,-38.27365879475138,,,3,3
2020-08-19 06:00:00+00:00,,,0.1725117564201355,-0.1893231046444864,,,,,,,,,,,,,,,,,0.1937103271484375,2.3507144432550846,,,2,2
2020-08-19 12:00:00+00:00,,,0.12927228212356567,-0.75107008112162,,,,,,,,,,,,,,,,,0.2659951448440552,1.3662354986348735,,,3,2
2020-08-19 18:00:00+00:00,0.36407387256622314,-0.14806462157097372,,,0.23163270950317383,-0.43386077725525135,,,,,,,,,,,,,,,0.2799581289291382,1.7312224863322359,0.07983005046844482,-0.6794266111774817,5,4
2020-08-20 00:00:00+00:00,0.006431460380554199,0.7500632469476418,,,0.2080591320991516,1.1999593048327033,,,,,,,0.08502227067947388,-0.2703343862261466,,,,,,,0.17233538627624512,3.5679739551040486,0.14257144927978516,0.06426142282699883,5,5
2020-08-20 06:00:00+00:00,0.3673849105834961,0.4880921121708387,,,0.2802189588546753,-0.7862200818486141,,,,,,,0.10961043834686279,0.17318424521830383,,,,,,,0.2613741159439087,-5.062999308213352,,,5,4
2020-08-20 12:00:00+00:00,0.14536744356155396,-0.4123530435711059,,,0.17613399028778076,-0.7854277805204698,,,,,,,0.07760095596313477,0.23500839345808858,,,,,,,0.23412013053894043,-9.436802615847945,,,4,4
2020-08-20 18:00:00+00:00,0.13719594478607178,-0.5536994364762278,,,0.32892829179763794,0.018376481277145296,,,,,,,0.046317875385284424,1.6661349181081468,,,,,,,0.25588274002075195,2.2607564560325297,,,4,4
2020-08-21 00:00:00+00:00,0.25568175315856934,-10.357408391214765,,,0.17961430549621582,0.0835112354462559,,,,,,,0.06043863296508789,0.0032423769456052256,,,,,,,0.250038743019104,1.8466652466509883,,,5,4
2020-08-21 06:00:00+00:00,0.13544857501983643,-0.23853837457814756,,,0.19106388092041016,-0.38209919681255233,,,,,,,0.04228627681732178,0.7062895952366016,,,,,,,0.25593996047973633,1.6079158910828986,,,5,5
2020-08-21 12:00:00+00:00,0.2729794979095459,-19.55163156734342,,,0.3396345376968384,1.1010154410597734,,,,,,,0.12790346145629883,0.5655709816371383,,,,,,,0.23247766494750977,1.4631527979699726,,,5,4
2020-08-21 18:00:00+00:00,0.21173816919326782,-0.6119061897851937,,,0.1039658784866333,-0.019045960785094643,,,,,,,0.10031652450561523,-0.07533974684237574,,,,,,,0.23117923736572266,2.5300500331838216,,,6,5
2020-08-22 00:00:00+00:00,0.14026564359664917,-0.04328830987501494,,,0.03417408466339111,-0.4183700254186288,,,,,,,0.00823986530303955,-0.1978069456086706,,,,,,,0.16783404350280762,4.327586169090103,,,5,5
2020-08-22 06:00:00+00:00,,,0.2124144434928894,-0.6542460544917289,0.0017533302307128906,-0.5271659495194415,,,,,,,0.015129685401916504,0.8474113517552004,,,,,,,0.264731764793396,3.635382460871235,,,8,7
2020-08-22 12:00:00+00:00,,,0.31857579946517944,-0.1586131388977708,0.16184115409851074,-0.28187677585427273,,,,,,,0.06776487827301025,1.7403002899537388,,,,,,,0.26492083072662354,3.069351840825243,,,6,6
2020-08-22 18:00:00+00:00,,,0.34920305013656616,-0.5715853411987867,,,,,,,,,0.07408642768859863,0.9675004572353173,,,,,,,0.20748329162597656,4.03854122670813,,,6,6
2020-08-23 00:00:00+00:00,,,0.11111420392990112,-0.04254201892357884,,,,,,,,,0.034809112548828125,0.2424735729317613,0.2002267837524414,4.2055711448570925,,,,,0.19919252395629883,3.569331579204941,,,5,5
2020-08-23 06:00:00+00:00,,,0.12762051820755005,1.0847334214506552,,,,,,,,,0.020326733589172363,0.18560670701499,0.37191903591156006,4.556904147101796,,,,,0.23441684246063232,3.665308635261623,,,5,5
2020-08-23 12:00:00+00:00,,,0.09125161170959473,-0.713014413014246,,,,,,,,,0.07823288440704346,0.1322755180919879,0.07713985443115234,0.20979773611022484,,,,,0.26503825187683105,1.979811893371087,,,5,5
2020-08-23 18:00:00+00:00,,,0.04178297519683838,-0.4052530209179372,,,,,,,,,0.028174400329589844,-0.12797567670962184,0.21159708499908447,1.3693880528134608,,,,,0.2014622688293457,1.934715325788087,,,5,5
2020-08-24 00:00:00+00:00,,,0.06253564357757568,8.119592486782778,,,,,,,,,0.18456554412841797,1.393513401186826,0.13931989669799805,-0.08930361814391506,,,,,0.18919765949249268,1.0262125251957157,,,5,5
2020-08-24 06:00:00+00:00,,,0.21261966228485107,-2.3418564046686554,,,,,,,,,0.21096479892730713,1.9300035512588365,0.07242441177368164,0.1848526050987678,,,,,0.24289143085479736,2.991964351142376,,,5,5
2020-08-24 12:00:00+00:00,,,0.11352425813674927,-0.358435015632367,,,,,,,,,0.1742321252822876,1.855786546352863,0.41770029067993164,2.333171503206995,,,,,0.2441096305847168,1.9405622759605763,,,5,5
2020-08-24 18:00:00+00:00,,,0.04732823371887207,-0.4826358625579354,,,,,,,,,0.1534639596939087,0.6397925203171647,0.16656804084777832,0.8176758634410123,,,,,0.21857774257659912,3.3127466175578535,,,5,5
2020-08-25 00:00:00+00:00,,,0.1753353476524353,-0.48030468564312556,,,,,,,,,0.22751235961914062,1.1022595180391521,0.41401875019073486,2.0956293867527376,,,,,0.25939345359802246,2.7786239547551888,,,5,5
2020-08-25 06:00:00+00:00,,,0.1770952343940735,-0.9451392535570414,,,,,,,,,0.2001640796661377,1.1745929607578791,0.14306974411010742,-0.6269003247815716,,,,,0.24027585983276367,2.9757555879844064,,,5,5
2020-08-25 12:00:00+00:00,,,0.15044009685516357,-0.9707805826264219,,,,,,,,,0.1396709680557251,8.11756635114505,0.0017968416213989258,-0.7550838775171819,,,,,0.22790348529815674,-2.0760983827009416,,,6,6
2020-08-25 18:00:00+00:00,,,0.14672350883483887,-1.0846967342578966,,,,,,,,,0.16607403755187988,1.1041527112285041,0.12180018424987793,1.3655107196549405,,,,,0.2812612056732178,3.9812615705652608,,,6,6
2020-08-26 00:00:00+00:00,,,0.1435856819152832,-3.5038044122395116,,,,,,,,,0.11930215358734131,1.2343156060478446,0.4430358409881592,8.345232633359391,,,,,0.16115295886993408,2.7422425146420792,,,6,6
2020-08-26 06:00:00+00:00,,,0.2217801809310913,-0.7518009529561404,,,,,,,,,0.21111345291137695,5.286968802723264,0.5232648849487305,3.168629989045842,,,,,0.22578442096710205,2.2786719044884522,0.11946845054626465,-0.12566866070196472,7,7
2020-08-26 12:00:00+00:00,,,0.19538211822509766,-1.2586265423169372,,,,,,,,,0.15572786331176758,1.9848522946798481,,,,,,,0.23895442485809326,1.7145678643823172,,,3,3
2020-08-26 18:00:00+00:00,,,0.23283106088638306,-0.8455935500302478,,,,,,,,,0.231817364692688,4.453560881445514,0.2873779535293579,-0.3963260297943531,,,,,0.3052455186843872,4.93452023195375,,,4,4
2020-08-27 00:00:00+00:00,,,0.21318429708480835,-1.1987886549785602,,,,,,,,,0.04583430290222168,-0.442566213487716,0.028178095817565918,1.316296927952639,,,,,0.24576091766357422,1.7439979189077783,,,7,7
2020-08-27 06:00:00+00:00,,,0.09164327383041382,0.18499497884674934,,,,,,,,,0.44909656047821045,0.9952086414487021,0.2024294137954712,2.451411211079108,,,,,0.2167588472366333,1.3993339663678082,,,6,6
2020-08-27 12:00:00+00:00,,,0.12710589170455933,-0.09412405107777175,,,,,,,,,,,0.2853039503097534,13.55718219918365,,,,,0.2629549503326416,3.543882202427556,,,4,4
2020-08-27 18:00:00+00:00,,,0.07067853212356567,-2.733549566418415,,,,,,,,,,,0.3239635229110718,2.3285617798930938,0.41977381706237793,3.119036857385233,,,0.2570873498916626,7.566577624456199,,,4,4
2020-08-28 00:00:00+00:00,,,0.24763792753219604,-15.10828607692357,,,,,,,,,,,0.2855644226074219,4.475251264025068,0.35227954387664795,5.3082010296736755,,,0.3181469440460205,2.3555764497424567,,,4,4
2020-08-28 06:00:00+00:00,,,0.1313927173614502,-0.757861691677216,,,,,,,,,,,0.3531681299209595,3.623462463037241,0.48318934440612793,1.4013487612485929,,,0.24425816535949707,2.0759322459357157,,,4,4
2020-08-28 12:00:00+00:00,,,0.28030920028686523,-17.824101293602833,,,,,,,,,,,0.32926297187805176,1.7952262132639711,0.36223554611206055,-0.21246492174554432,,,0.2848961353302002,3.115918482592337,,,4,4
2020-08-28 18:00:00+00:00,,,0.31084299087524414,-1.6641028910284286,,,,,,,,,,,0.4606201648712158,4.479217831539493,0.16011309623718262,0.7032583501285803,,,0.21771037578582764,2.019709091642325,,,4,4
2020-08-29 00:00:00+00:00,,,0.2402300238609314,-12.761555504615972,,,,,,,,,,,0.39307308197021484,4.295684262231592,0.25259435176849365,0.29204285749481373,,,0.23827385902404785,3.67849316093213,,,4,4
2020-08-29 06:00:00+00:00,,,0.13678878545761108,-0.4746965272090037,,,,,,,,,,,0.3014540672302246,1.8957215587256366,0.522274374961853,-0.7943873431667937,,,0.2576185464859009,1.824504919192078,,,5,5
2020-08-29 12:00:00+00:00,,,,,0.21221333742141724,-0.2194486210266044,,,,,,,,,0.45002472400665283,9.42840457402034,0.10440433025360107,-0.5749725224910188,,,0.2437891960144043,2.7039820816376507,,,4,4
2020-08-29 18:00:00+00:00,,,,,0.08830833435058594,19.661867747735002,,,,,,,,,0.15437686443328857,-0.9903253606732728,0.16024184226989746,0.062923554018753,,,0.27845299243927,1.2879785997005542,,,5,5
2020-08-30 00:00:00+00:00,,,,,0.11805164813995361,-0.3239250030369875,,,,,,,,,0.22469568252563477,1.2188815060689708,0.11179542541503906,-0.5363817882205488,,,0.264201283454895,3.481354272880327,,,5,5
2020-08-30 06:00:00+00:00,,,,,0.24002206325531006,-0.8198122280118633,,,,,,,,,0.2381521463394165,2.8317691111151313,,,,,0.28929030895233154,1.5148746643735396,0.19161689281463623,0.5111858279340292,4,4
2020-08-30 12:00:00+00:00,,,0.517956405878067,-0.8788479157811712,0.023830711841583252,-0.24252755941319395,,,,,,,,,0.31259846687316895,9.862923493808935,,,,,0.35622692108154297,3.227386469385688,,,6,5
2020-08-30 18:00:00+00:00,,,0.5192948579788208,0.057062199408846215,0.4412175416946411,1.243834625308139,,,,,,,,,0.2169712781906128,1.2315352965820177,,,,,0.30060136318206787,3.2314583121598632,,,5,4
2020-08-31 00:00:00+00:00,0.27754640579223633,-0.3786531935274461,0.23864978551864624,0.6234274336760316,0.7114194631576538,0.7303277582466272,,,,,,,,,0.4696621894836426,3.113283776794908,,,,,0.2432410717010498,2.6955543053441122,,,6,5
2020-08-31 06:00:00+00:00,0.12384164333343506,-0.7809836502341323,,,,,,,,,,,,,0.2283860445022583,1.0336311350458294,,,,,0.2464292049407959,3.2948855409542177,,,5,4
2020-08-31 12:00:00+00:00,0.25012630224227905,-1.0299879980467437,,,,,,,,,,,,,0.4169048070907593,2.1407277903617135,,,,,0.30689525604248047,1.8477410990947623,0.0854727029800415,0.7538619822083402,6,4
2020-08-31 18:00:00+00:00,0.07376515865325928,0.7851067423357773,,,0.8358608037233353,-1.0263445237508992,,,,,,,,,0.18882441520690918,0.3135851345727573,0.030460894107818604,-0.33832651551292314,,,0.29473912715911865,1.955594577659774,0.7381788492202759,-0.29316665367017053,6,6
2020-09-01 00:00:00+00:00,0.053476572036743164,-0.04493877701815984,,,,,,,,,,,,,,,,,,,0.2516193389892578,1.9143437238709733,0.09423685073852539,-0.6469275397452046,4,3
2020-09-01 06:00:00+00:00,0.16166067123413086,-0.21455056788372145,,,,,,,,,,,,,,,0.06508386135101318,1.2810212541998847,,,0.3284710645675659,2.743504379312406,0.3888242244720459,-0.0891346616724788,4,4
2020-09-01 12:00:00+00:00,0.15288561582565308,-6.9711083780682035,,,,,,,,,,,,,,,0.1709660291671753,0.6359867830455584,,,0.2643547058105469,1.7952153307184275,,,3,3
2020-09-01 18:00:00+00:00,0.005305349826812744,0.126003899325989,,,,,,,,,,,,,,,0.11407148838043213,0.47636454822768365,,,,,0.2982107400894165,1.63962736179262,3,3
2020-09-02 00:00:00+00:00,,,0.11685466766357422,-0.7138153296524152,,,,,,,,,,,,,0.045728087425231934,-0.4803280291322398,,,,,0.23014450073242188,1.903706144118069,3,3
2020-09-02 06:00:00+00:00,,,0.1677340269088745,-1.7370988223518466,,,,,,,,,,,,,0.34178459644317627,3.625895865862991,,,0.23518967628479004,1.2827980497566775,,,3,3
2020-09-02 12:00:00+00:00,,,0.2189280390739441,-0.542765050133455,,,,,,,,,,,,,0.293556809425354,0.4671198581873479,,,0.23318886756896973,0.40208858594138563,,,3,3
2020-09-02 18:00:00+00:00,,,0.11913633346557617,0.21621838794422402,,,,,,,,,,,,,0.18288540840148926,0.504623980268333,0.01951301097869873,0.3272467798434932,,,0.29503190517425537,0.5842563811606644,5,5
2020-09-03 00:00:00+00:00,,,0.10278546810150146,-1.5243800747199256,,,,,,,,,,,,,0.19347476959228516,0.6910326428876569,,,0.2514592409133911,0.8676567486134203,,,4,4
2020-09-03 06:00:00+00:00,,,0.2769824266433716,-2.9359992266497525,,,,,,,,,,,,,0.33717799186706543,0.4213030492582575,,,0.20764601230621338,1.2613823136450912,,,5,4
2020-09-03 12:00:00+00:00,,,0.0443263053894043,-0.9372071090706551,,,,,,,,,,,,,0.15251433849334717,0.24255235972256628,,,0.2216784954071045,0.29360042731339453,,,3,3
2020-09-03 18:00:00+00:00,,,0.1748749017715454,-0.4297547078948576,,,,,,,,,,,,,0.2983536720275879,-0.22824332525349042,,,0.2143392562866211,0.765679908898741,,,3,3
2020-09-04 00:00:00+00:00,,,0.24537277221679688,-1.6494754382518444,,,,,,,,,,,,,0.3327460289001465,-0.13820706380949035,,,0.1570683717727661,-6.316711187776851,,,3,3
2020-09-04 06:00:00+00:00,,,0.13137286901474,-0.8572016351418065,,,,,,,,,,,,,,,,,0.23335254192352295,1.3053801965824492,0.25733625888824463,-0.006809003800379469,4,4
2020-09-04 12:00:00+00:00,,,0.17317640781402588,-0.7878605135861563,,,,,,,,,,,,,,,,,0.2874794006347656,1.320651761731447,,,3,2
2020-09-04 18:00:00+00:00,,,0.12004387378692627,-0.5461217248458957,,,,,,,,,,,,,,,,,0.26861894130706787,1.2578366086238206,0.7349145412445068,0.07135087787027806,3,3
2020-09-05 00:00:00+00:00,,,0.05188041925430298,-0.5984175073911556,,,,,,,,,,,,,,,,,0.2738436460494995,0.30061009141850076,0.13784611225128174,0.10760356101336756,4,3
2020-09-05 06:00:00+00:00,,,0.14417248964309692,-0.872285252454907,,,,,,,,,,,,,,,,,0.15704894065856934,1.3233354866958615,0.10886144638061523,0.04431835196664058,3,3
2020-09-05 12:00:00+00:00,,,0.05034172534942627,-0.16513185108751913,,,,,,,,,,,,,,,,,0.23012661933898926,2.6337296281130205,0.008014202117919922,-0.0004992522000983508,3,3
2020-09-05 18:00:00+00:00,,,0.10690420866012573,-0.16452116729128885,,,,,,,,,,,,,,,,,0.27610623836517334,0.9100960853245545,0.12873625755310059,0.6745992941390812,3,3
2020-09-06 00:00:00+00:00,,,0.12850308418273926,0.010490260682986538,,,,,,,,,,,,,,,,,0.2973918914794922,-11.18892521244238,,,2,2
2020-09-06 06:00:00+00:00,,,0.09845536947250366,-2.4077647418416666,,,,,,,,,,,,,,,0.24600768089294434,1.3616476324877158,,,,,3,2
2020-09-06 12:00:00+00:00,,,0.21387946605682373,-0.21313308341821105,,,,,,,,,,,,,,,,,0.280086874961853,1.0321196664523173,,,3,3
2020-09-06 18:00:00+00:00,,,0.16687792539596558,-0.5089167186387347,,,,,,,,,,,,,,,,,0.32677173614501953,2.44631377834737,,,2,2
2020-09-07 00:00:00+00:00,,,0.00933849811553955,0.1813643609346458,0.06838297843933105,1.721072449597019,,,,,,,,,,,,,,,0.2834134101867676,-17.366643350101704,,,4,4
2020-09-07 06:00:00+00:00,,,0.17757010459899902,-0.4281755515667634,0.2800225019454956,0.6010854231091005,,,,,,,,,,,,,,,0.31355059146881104,2.2414658801046503,,,4,4
2020-09-07 12:00:00+00:00,,,0.1751173734664917,-1.1565906059148054,0.1915755271911621,-1.2998184522184042,,,,,,,,,,,,,,,0.3152986764907837,1.5088996058583835,,,3,3
2020-09-07 18:00:00+00:00,,,0.14818495512008667,-0.2850512609813235,0.42398911714553833,-0.5204515131585274,,,,,,,,,,,,,,,0.26733720302581787,3.514927217896093,,,4,4
2020-09-08 00:00:00+00:00,0.015254199504852295,-0.6704947570962857,0.18007826805114746,-0.7650816260828275,0.17929023504257202,-0.31062157627596604,,,,,,,,,,,,,,,0.24684584140777588,1.0582274572362091,,,4,4
2020-09-08 06:00:00+00:00,,,0.12090402841567993,-2.247298058835047,0.25245052576065063,0.20959673812830662,,,,,,,,,,,,,,,0.2863736152648926,1.0165767387890572,,,4,4
2020-09-08 12:00:00+00:00,0.08736187219619751,0.3357082007820962,0.066825270652771,-0.5933234720915974,,,,,,,,,,,,,,,,,0.28789615631103516,1.3469696841411425,,,4,4
2020-09-08 18:00:00+00:00,0.24793440103530884,-0.05816041019951095,0.18107616901397705,-0.07710963388067438,,,,,,,,,,,,,,,,,0.2965395450592041,1.8530617989467817,,,4,4
2020-09-09 00:00:00+00:00,0.08670425415039062,-0.010005624319511852,0.06596052646636963,0.13044531134509693,,,0.30853962898254395,-0.11500281369292367,,,,,,,,,,,,,0.2642582654953003,3.1858510737807255,,,5,4
2020-09-09 06:00:00+00:00,0.3363744616508484,-2.797682512640909,0.09525078535079956,-1.3673381245094804,,,0.02870321273803711,-0.15120774122621342,,,,,,,,,,,,,0.24890685081481934,2.2886340856386997,,,4,4
2020-09-09 12:00:00+00:00,0.11270982027053833,-0.21434657093810403,0.10473018884658813,-0.6543719608838361,,,,,,,,,,,,,,,,,0.2614859342575073,3.063227359659378,,,3,3
2020-09-09 18:00:00+00:00,0.13165241479873657,-0.1320818363654417,0.16816455125808716,-0.6958596914950729,,,,,,,,,,,,,,,,,0.34608328342437744,3.7915003181591147,,,3,3
2020-09-10 00:00:00+00:00,0.022668004035949707,-0.3137213312189573,0.21118497848510742,-0.5540384414266214,,,,,,,,,,,,,,,,,0.35412633419036865,5.82697834533074,,,3,3
2020-09-10 06:00:00+00:00,0.01212310791015625,0.11694864978382166,0.216178297996521,0.0014719065022983189,,,,,,,,,,,,,,,,,0.3496605157852173,2.6470879775372467,,,3,3
2020-09-10 12:00:00+00:00,0.17121946811676025,-0.08734587009092575,0.10761284828186035,-2.7403407882028397,,,,,,,,,,,,,,,,,0.34645020961761475,3.890204197991488,,,3,3
2020-09-10 18:00:00+00:00,0.037301480770111084,-0.49710707079650746,0.1976860761642456,-0.9981212641418027,,,,,,,,,,,,,,,,,0.3379216194152832,2.4541251654753857,,,3,3
2020-09-11 00:00:00+00:00,,,0.08557718992233276,-0.3245969384388271,,,,,,,,,,,,,,,,,0.2848740816116333,4.765386485014787,,,2,2
2020-09-11 06:00:00+00:00,,,0.17501306533813477,-0.4148738122792224,,,,,,,,,,,,,,,,,0.36368727684020996,5.6609932400807494,,,2,2
2020-09-11 12:00:00+00:00,,,0.13673877716064453,-0.8405677588035212,,,,,,,,,,,,,,,,,0.3662388324737549,4.26555021117029,,,2,2
2020-09-11 18:00:00+00:00,,,0.1052289605140686,-6.765769917886387,,,,,,,,,,,,,,,,,0.34906506538391113,4.888800782243672,,,3,3
2020-09-12 00:00:00+00:00,,,0.152055561542511,-4.184617428466778,,,,,,,,,,,,,,,,,0.3241630792617798,2.5623320504497116,,,2,2
2020-09-12 06:00:00+00:00,,,0.1005517840385437,-2.3952093357426008,,,,,,,,,,,,,,,,,0.30755019187927246,3.429375317573138,,,2,2
2020-09-12 12:00:00+00:00,,,0.24537736177444458,-0.7061683552674516,,,,,,,,,,,,,,,,,0.29414045810699463,3.1926356367983217,,,2,2
2020-09-12 18:00:00+00:00,,,0.1949036717414856,13.734904809778902,,,,,,,,,,,,,,,,,0.31994199752807617,3.324340314425207,,,2,2
2020-09-13 00:00:00+00:00,,,0.11867892742156982,-1.5083216338566965,,,,,,,,,,,,,,,,,0.40604329109191895,4.699080034672285,,,2,2
2020-09-13 06:00:00+00:00,,,0.21467190980911255,-23.053677255226233,,,,,,,,,,,,,,,,,0.33906519412994385,3.2305318150591447,,,2,2
2020-09-13 12:00:00+00:00,,,0.19204378128051758,-3.3560437581362077,,,,,,,,,,,,,,,,,0.29099225997924805,2.364866593628623,,,2,2
2020-09-13 18:00:00+00:00,,,0.13697278499603271,-1.185607627918973,,,,,,,,,,,,,,,,,0.3142951726913452,4.255832034549616,,,2,2
2020-09-14 00:00:00+00:00,,,0.2004871368408203,-1.8189703649470854,,,,,,,,,,,,,,,,,0.3579719066619873,6.142199597253826,,,2,2
2020-09-14 06:00:00+00:00,,,0.1935710310935974,-1.5810365493458662,,,,,,,,,,,,,,,,,0.3267298936843872,4.789836012321189,,,2,2
2020-09-14 12:00:00+00:00,,,0.14399701356887817,-12.765411078868455,,,,,,,,,,,,,,,,,0.27697980403900146,3.395842824771492,,,2,2
2020-09-14 18:00:00+00:00,,,0.2045038342475891,-1.7435388496474105,,,,,,,,,,,,,,,,,0.3152698278427124,6.123106481041848,,,2,2
2020-09-15 00:00:00+00:00,,,0.20370471477508545,-2.4268625878647483,,,,,0.4632095694541931,-0.4122329497200551,,,,,,,,,,,0.2552676200866699,2.7776543142962566,,,3,3
2020-09-15 06:00:00+00:00,,,0.12633031606674194,-2.6736063685839726,,,,,0.438984751701355,-0.1800889060851117,,,,,,,,,,,0.33362650871276855,4.112190526643349,,,3,3
2020-09-15 12:00:00+00:00,,,0.14122295379638672,-0.1999369494764222,0.41248542070388794,-0.6777211872755119,,,,,,,,,,,,,,,0.309719443321228,3.076995192363386,,,3,3
2020-09-15 18:00:00+00:00,,,0.1910356879234314,-0.37490086058507655,,,,,,,,,,,,,,,,,0.2883131504058838,4.184698179551042,,,3,2
2020-09-16 00:00:00+00:00,,,0.1802501082420349,-0.17711868419429797,,,,,,,,,,,,,,,,,0.2790679931640625,2.7779132772086754,,,2,2
2020-09-16 06:00:00+00:00,,,0.1384650468826294,-1.3109934077455232,,,,,,,,,,,,,,,,,0.2816826105117798,2.430511213280363,,,2,2
2020-09-16 12:00:00+00:00,,,0.15660333633422852,-0.6509466503396668,,,,,,,,,,,,,,,,,0.2823355197906494,3.0003657401487542,,,2,2
2020-09-16 18:00:00+00:00,,,0.12088930606842041,-0.43930204897774083,0.388327956199646,0.09685179814580089,,,,,,,,,,,,,,,0.24019372463226318,3.1915164033890444,,,4,3
2020-09-17 00:00:00+00:00,,,0.11694961786270142,-0.13313372496468326,0.3467699885368347,-0.27639649203701216,,,,,,,,,,,,,,,0.26354146003723145,1.7898587234748933,,,3,3
2020-09-17 06:00:00+00:00,,,0.03901571035385132,-0.18606700355181685,,,,,,,,,,,,,,,,,0.3348935842514038,3.1475593465407337,,,2,2
2020-09-17 12:00:00+00:00,,,0.25822603702545166,-0.6971254653217359,,,,,,,,,,,,,,,,,0.30253565311431885,3.503184074149459,,,2,2
2020-09-17 18:00:00+00:00,,,0.1162601113319397,-1.9359620405236644,,,,,,,,,,,,,,,,,0.3145030736923218,3.390441340478358,,,2,2
2020-09-18 00:00:00+00:00,,,0.24635475873947144,-7.182505880073379,,,,,,,,,,,,,,,,,0.24066925048828125,-0.3975060126623587,,,2,2
2020-09-18 06:00:00+00:00,,,0.17371630668640137,-1.1152747509509546,0.29458898305892944,-0.8832928118031578,,,,,,,,,,,,,0.18975746631622314,0.9116880340478029,0.29190492630004883,2.7472525646042802,,,4,4
2020-09-18 12:00:00+00:00,,,0.18577635288238525,-1.5033841724204262,0.7401366531848907,-0.7380017219431,,,,,,,,,,,,,,,0.3191879987716675,6.394908997356087,,,3,3
2020-09-18 18:00:00+00:00,,,0.23758143186569214,-1.0140586102688212,,,,,,,,,,,,,,,0.8021482229232788,0.4193791924162554,0.3227825164794922,3.531462003700514,,,4,3
2020-09-19 00:00:00+00:00,,,0.13682979345321655,-1.0024448997933186,,,,,,,,,,,,,,,0.0465848445892334,-0.35505181324476287,0.19182050228118896,2.177170333297868,,,4,3
2020-09-19 06:00:00+00:00,,,0.2041318416595459,-0.3204054249472795,,,,,,,,,,,,,,,,,0.24812686443328857,5.766706228620728,,,3,3
2020-09-19 12:00:00+00:00,,,0.18238961696624756,-2.039376575995356,,,,,,,,,,,,,,,,,0.26284754276275635,4.015561796923438,,,2,2
2020-09-19 18:00:00+00:00,,,0.20246881246566772,-4.434509961819734,,,,,,,,,,,,,,,,,0.22767341136932373,2.55814291239542,,,2,2
2020-09-20 00:00:00+00:00,,,0.23047876358032227,-0.41077670123944987,,,,,,,,,,,,,,,,,0.23395538330078125,3.7741172152968225,,,2,2
2020-09-20 06:00:00+00:00,,,0.05668574571609497,-0.8165166191406632,,,,,,,,,,,,,,,,,0.2640730142593384,-3.5592692136686144,,,3,3
2020-09-20 12:00:00+00:00,,,0.052617549896240234,-0.7875814584292036,,,,,,,,,,,,,,,,,0.3097161054611206,2.4821853919344345,,,3,3
2020-09-20 18:00:00+00:00,,,0.04600226879119873,-0.5379840163013276,,,,,,,,,0.09791970252990723,0.4016739449245072,,,,,0.4064140319824219,-0.5408563952320452,0.2550041675567627,2.0296465578861866,,,5,5
2020-09-21 00:00:00+00:00,,,0.1568443775177002,-4.522840547028029,,,,,,,,,0.3431926965713501,2.296909515597906,,,,,,,0.23989379405975342,1.138633266264294,,,6,5
2020-09-21 06:00:00+00:00,0.4347740411758423,1.7671829265600534,0.10511434078216553,-0.049010046115276915,,,,,,,,,0.07691353559494019,-0.6286025337801946,0.5009089708328247,0.6310134880874658,,,,,0.2549518346786499,4.616698742310222,,,6,6
2020-09-21 12:00:00+00:00,0.5417582392692566,-0.6929193269002263,0.05364537239074707,-2.2839119951324958,,,,,,,,,0.17287135124206543,1.1437900684672433,0.37943780422210693,0.09803516034094538,,,,,0.24938297271728516,2.880382365017601,,,6,6
2020-09-21 18:00:00+00:00,0.0363614559173584,0.16650364718412197,0.1262606382369995,-0.6019679612740658,,,,,,,,,0.2806297540664673,-0.2640823669940648,0.19998431205749512,0.8111802004297556,,,,,0.2594020366668701,2.4124863488061923,,,5,5
2020-09-22 00:00:00+00:00,0.2058277130126953,-0.859608016760374,,,0.06448978185653687,-0.6343101499226464,,,,,,,0.15317153930664062,0.8926472070360875,0.06963109970092773,0.11302975204985233,,,,,0.2802262306213379,2.480548507405366,,,5,5
2020-09-22 06:00:00+00:00,0.07198584079742432,-0.21113055537712183,,,0.1212891936302185,-1.5911242901372247,,,,,,,0.15740668773651123,1.4348206579283107,0.17226052284240723,-1.555378563106913,,,,,0.2336341142654419,3.5095106431424155,,,5,5
2020-09-22 12:00:00+00:00,0.006660878658294678,0.45002699773778126,,,0.2989811301231384,-23.17986894792766,,,,,,,0.041625261306762695,1.9053243722759197,0.20325148105621338,0.25251159795790085,,,,,0.29970479011535645,6.358026400298612,,,5,5
2020-09-22 18:00:00+00:00,,,0.08771777153015137,-0.5149974218559165,0.1508113145828247,-0.44215432962646856,,,,,,,0.24966704845428467,3.6526735375965567,0.060518860816955566,8.498193753881631,,,,,0.24799764156341553,3.696566204197544,,,5,5
2020-09-23 00:00:00+00:00,,,0.1268722414970398,-0.6962989936069801,,,,,,,,,0.4041755199432373,5.446207677323008,0.3830406665802002,6.404306089514395,,,,,0.291420578956604,3.473065233103359,,,4,4
2020-09-23 06:00:00+00:00,,,0.12486129999160767,-0.1787176274672695,,,,,,,,,0.4147447347640991,8.228983438526537,0.2368628978729248,8.988259130536925,,,,,0.2405911684036255,3.039378929673795,,,4,4
2020-09-23 12:00:00+00:00,,,0.11840736865997314,-0.6304795849462014,,,,,,,,,0.3454766273498535,9.108978344453265,0.1334214210510254,-0.29590997512679607,,,,,0.2459094524383545,1.1334145177782615,,,4,4
2020-09-23 18:00:00+00:00,,,0.1180570125579834,-6.504672355611235,0.2330855131149292,-1.0115561969131959,,,,,,,0.3082383871078491,9.084546955388154,0.3293255567550659,2.666108641075489,,,,,0.21193468570709229,0.8646469825997434,,,6,6
2020-09-24 00:00:00+00:00,,,0.28358370065689087,-31.65371238420645,0.4679001569747925,-9.794030833438935,,,,,,,0.31670713424682617,4.417653871197065,,,,,,,0.20587360858917236,1.1617131617084433,,,4,4
2020-09-24 06:00:00+00:00,,,0.17183828353881836,-1.5162512371148575,0.026753902435302734,-0.4009579328536775,,,,,,,,,,,,,,,0.2641448974609375,3.1565402853147404,,,3,3
2020-09-24 12:00:00+00:00,,,0.17938566207885742,-0.7061792592437232,0.26537972688674927,-0.19386827426075853,,,,,,,0.3254835605621338,7.781885999354375,0.13283467292785645,2.0939763196336645,,,,,0.27373945713043213,2.0934889855008634,,,5,5
2020-09-24 18:00:00+00:00,,,0.1441173553466797,-0.6426774826882463,,,,,,,,,0.32298827171325684,5.210787468713836,0.15383410453796387,0.1875816300012676,,,,,0.22609853744506836,2.9672109109502913,,,4,4
2020-09-25 00:00:00+00:00,,,0.12515825033187866,-1.0668876504319347,,,,,,,,,,,0.3800448179244995,3.779249911677577,,,,,0.2918398380279541,1.6813109603004495,,,4,4
2020-09-25 06:00:00+00:00,,,0.1474202275276184,-0.6710730917794135,,,,,,,,,,,0.4413578510284424,6.456539032769902,,,,,0.22641825675964355,2.11938624747545,,,3,3
2020-09-25 12:00:00+00:00,,,0.18612593412399292,-0.877327263569489,,,,,,,,,,,0.4050716161727905,5.959170816786949,,,,,0.2390042543411255,1.501487514231361,,,4,4
2020-09-25 18:00:00+00:00,,,0.1971004605293274,-0.25428803902923713,,,,,,,,,,,0.47681427001953125,12.20053853086555,,,,,0.22763872146606445,2.099419886504431,,,4,4
2020-09-26 00:00:00+00:00,,,0.07532632350921631,-0.738152436687355,,,,,,,,,,,0.30136048793792725,7.30252423855221,,,,,0.20245134830474854,0.9281084200800371,,,3,3
2020-09-26 06:00:00+00:00,,,0.09227949380874634,-2.3170941760293986,,,,,,,,,,,0.46746528148651123,8.00948921880533,,,,,0.2565295696258545,2.8229421684207487,0.24911117553710938,0.7291793076372154,4,4
2020-09-26 12:00:00+00:00,,,0.15569722652435303,-1.4396290063292867,,,,,,,,,,,,,,,,,0.32402873039245605,7.6821051643150025,,,2,2
2020-09-26 18:00:00+00:00,,,0.12336647510528564,0.3697295540341793,,,,,,,,,,,,,,,,,0.3741483688354492,11.299291959825963,0.12524724006652832,0.05351071649481846,4,4
2020-09-27 00:00:00+00:00,,,0.13574206829071045,-0.8305321034662412,,,,,,,,,,,,,,,,,0.31781017780303955,12.164657028464275,0.23005986213684082,0.18134502849653125,4,4
2020-09-27 06:00:00+00:00,,,0.2654078006744385,-0.5846422925965618,,,,,,,,,,,,,,,,,0.3545656204223633,7.728965603779415,,,3,2
2020-09-27 12:00:00+00:00,,,0.16336333751678467,-0.9939253310997634,,,,,,,,,,,0.5297926664352417,10.964802788389552,,,,,0.2584432363510132,0.8464330625234365,0.07333528995513916,0.341916044163022,4,4
2020-09-27 18:00:00+00:00,,,0.2719517946243286,-1.1209704386864145,,,,,,,,,,,0.42665767669677734,5.583484221049686,,,,,0.2932850122451782,6.590817196249302,0.33891403675079346,0.0650653880024285,4,4
2020-09-28 00:00:00+00:00,0.2973107099533081,-0.5883377662265653,0.20945793390274048,-0.04775670712876173,,,,,,,,,,,0.41687560081481934,5.183064745283094,,,,,0.1955409049987793,-9.457722126132575,,,5,4
2020-09-28 06:00:00+00:00,,,0.11343181133270264,-0.00986406401860633,,,,,,,,,,,0.41766810417175293,4.7122885633701035,,,,,0.2856334447860718,2.1591995404544657,,,3,3
2020-09-28 12:00:00+00:00,0.17164462804794312,-1.364881904321762,0.21935880184173584,-0.4650958214643204,,,,,,,,,,,0.4472064971923828,6.076140985843537,,,,,0.2863119840621948,4.717241389899544,,,5,5
2020-09-28 18:00:00+00:00,0.15525394678115845,1.331416372538439,0.4035034775733948,-9.972571504315889,,,,,,,,,,,0.39786767959594727,5.142859725738562,,,,,0.2612344026565552,3.1221170580160678,,,6,6
2020-09-29 00:00:00+00:00,0.7750896960496902,-4.919734612053464,0.2862125635147095,-0.6053908988361434,,,,,,,,,,,0.2766321897506714,0.7505982654936534,0.2828943729400635,0.24859870148412347,,,0.32921695709228516,1.146977772012377,,,6,6
2020-09-29 06:00:00+00:00,0.2366352081298828,-2.363415793225582,0.15689224004745483,-3.016877372077537,,,,,,,,,,,,,0.31739580631256104,0.4857182257885463,,,0.3878370523452759,7.753613261745426,,,6,6
2020-09-29 12:00:00+00:00,0.3038358688354492,-0.36565155937722665,0.27109456062316895,-0.09985794501298506,,,,,,,,,,,,,0.6134346723556519,-0.2698973997651264,,,0.3007032871246338,1.5237018220715837,,,4,4
2020-09-29 18:00:00+00:00,,,0.16630780696868896,0.2534019413322813,,,,,,,,,,,,,,,,,0.2631344795227051,2.3312420556527487,,,2,2
2020-09-30 00:00:00+00:00,,,0.10428667068481445,-0.033844956159684324,,,,,,,,,,,,,,,,,0.27174973487854004,4.585676275097548,,,2,2
2020-09-30 06:00:00+00:00,,,0.29192620515823364,-13.166500473458395,,,,,,,,,,,,,,,,,0.31790900230407715,3.053711633020434,,,2,2
2020-09-30 12:00:00+00:00,,,0.17356842756271362,-0.09403731713964368,,,,,,,,,,,,,,,,,,,0.2834051847457886,3.099501887775659,2,2
2020-09-30 18:00:00+00:00,,,0.0900152325630188,-0.2412419791402416,,,,,,,,,,,,,,,,,,,0.3186687231063843,1.8141868341288099,2,2
2020-10-01 00:00:00+00:00,,,0.16021037101745605,-0.6546826839966193,,,,,,,,,,,,,,,,,,,0.21909213066101074,1.4123614832964397,2,2
2020-10-01 06:00:00+00:00,,,0.2199307084083557,-0.7693573825727198,,,,,,,,,,,,,,,,,,,0.32327592372894287,1.062531409216782,2,2
2020-10-01 12:00:00+00:00,,,0.24625754356384277,-2.1028289312847637,,,,,,,,,,,,,,,,,,,0.24116432666778564,1.7104988375101755,2,2
2020-10-01 18:00:00+00:00,,,0.22203916311264038,-0.4696914108499735,,,,,,,,,,,,,,,,,0.23015832901000977,0.9779924287014309,,,2,2
2020-10-02 00:00:00+00:00,,,0.14273279905319214,-0.7771681578369056,,,,,,,,,,,0.11626064777374268,-0.8977528936838638,,,,,0.2439495325088501,1.8444925753751724,,,3,3
2020-10-02 06:00:00+00:00,,,0.18179380893707275,-1.4177715413888787,0.5961605608463287,0.4193899676691803,,,,,,,,,0.5258492529392242,-5.118190900750933,,,,,0.32665514945983887,1.0611257779944696,,,4,4
2020-10-02 12:00:00+00:00,,,0.11097562313079834,-1.7514304595787513,,,,,,,,,,,,,,,,,0.2707326412200928,1.2124150477265698,,,3,2
2020-10-02 18:00:00+00:00,,,0.09959304332733154,-4.10151642855793,,,,,,,,,,,0.5702464282512665,-4.711839414188645,,,,,0.23587024211883545,1.5364500898713305,,,4,4
2020-10-03 00:00:00+00:00,,,0.05722230672836304,-5.700945809747094,,,,,,,,,,,0.4217835068702698,-3.161981842869524,,,,,0.29581260681152344,2.5756629816178527,,,4,3
2020-10-03 06:00:00+00:00,,,0.13013046979904175,-0.3019395319745579,0.29737526178359985,0.04538860517424854,,,,,,,,,0.42770665884017944,-4.081452761628416,,,,,0.38130056858062744,3.14931107784029,,,6,4
2020-10-03 12:00:00+00:00,,,0.13079571723937988,-0.42575028124896963,0.0873192548751831,-1.0476351898849388,,,,,,,,,0.3790275454521179,-2.5122076185351094,,,,,0.24275541305541992,1.0249165714849033,,,5,5
2020-10-03 18:00:00+00:00,,,0.026335477828979492,-0.2103548133870921,,,,,,,,,,,0.5184268057346344,-2.692881267312138,,,,,0.2572518587112427,2.714113693197335,,,3,3
2020-10-04 00:00:00+00:00,,,0.16925138235092163,-1.2742816106127677,,,,,,,,,,,,,0.3867605924606323,-3.7274326674086127,,,0.221360445022583,2.2589263798177055,,,3,3
2020-10-04 06:00:00+00:00,,,0.2091466784477234,-23.06778458672569,,,,,,,,,,,,,0.5202651619911194,-5.448104012284732,,,0.3267827033996582,1.650780003300521,,,3,3
2020-10-04 12:00:00+00:00,,,0.06181997060775757,-0.2563151642127734,,,,,,,,,,,,,0.599801242351532,-1.2599435428109553,,,0.17541778087615967,2.087451174444089,,,3,3
2020-10-04 18:00:00+00:00,,,0.16183865070343018,-0.4704166066480709,,,,,,,,,,,,,0.5464769005775452,-3.2458933020990033,,,0.24385428428649902,2.12094663603743,,,3,3
2020-10-05 00:00:00+00:00,,,0.04441946744918823,-0.032394029028256374,,,,,,,,,,,,,0.7952308654785156,-1.417225502043387,,,0.30441951751708984,9.613665050465686,,,4,3
2020-10-05 06:00:00+00:00,,,0.17262989282608032,-0.667331482705138,,,,,,,,,,,,,0.41783010959625244,-1.0045039132550515,,,0.25496137142181396,3.734500522973668,,,3,3
2020-10-05 12:00:00+00:00,,,0.13231247663497925,-2.775980361649878,0.25266265869140625,-0.49775945905097757,,,,,,,,,,,0.04883909225463867,-0.07656957368722134,,,0.21791231632232666,2.5261217113270047,,,5,5
2020-10-05 18:00:00+00:00,,,0.14336609840393066,-3.5817709625499856,0.19606465101242065,-0.5915192879895087,,,,,,,,,,,0.9116918295621872,-0.05985385865380971,,,0.1311722993850708,0.7351541685809123,,,4,4
2020-10-06 00:00:00+00:00,,,0.08550667762756348,0.005322330918911817,0.4292683005332947,-0.31939290679606147,,,,,,,,,,,,,,,0.19400274753570557,7.877309927160314,,,3,3
2020-10-06 06:00:00+00:00,,,0.19302183389663696,-2.872007365504629,0.10366809368133545,-0.4024037775793661,,,,,,,,,,,,,,,0.2967338562011719,3.5028362507054474,,,4,3
2020-10-06 12:00:00+00:00,,,0.11090320348739624,-0.6472536563085625,0.009667515754699707,-0.6570652193567526,,,,,,,,,,,,,,,0.23705220222473145,1.1793956958268847,,,4,3
2020-10-06 18:00:00+00:00,,,0.06773751974105835,-0.9608152178183473,0.007258176803588867,0.17090565110050912,,,,,,,,,,,,,,,0.23829162120819092,2.4664256657120216,,,3,3
2020-10-07 00:00:00+00:00,,,0.1939845085144043,-2.1607334416067396,0.35157668590545654,-0.6916197096195623,,,,,,,,,,,,,,,0.21023964881896973,0.6528024842997696,,,3,3
2020-10-07 06:00:00+00:00,,,0.04958939552307129,32.92621942673025,,,,,,,,,,,,,,,,,0.2428375482559204,1.3034964424671767,,,2,2
2020-10-07 12:00:00+00:00,,,0.17690753936767578,-0.6912735985137733,,,,,,,,,,,,,,,,,0.28970909118652344,1.4094785503991893,,,2,2
2020-10-08 00:00:00+00:00,,,0.2321375012397766,-0.8778355142247415,0.06790786981582642,0.015143305741039387,,,,,,,,,,,,,,,0.244093656539917,2.957037657154782,,,3,3
2020-10-08 06:00:00+00:00,,,0.14456063508987427,-1.1762036036766104,0.13865160942077637,-0.11438945083129506,,,,,,,,,,,,,,,0.24640417098999023,2.9426963847075536,,,3,3
2020-10-08 12:00:00+00:00,,,0.10967206954956055,-0.4803719902890511,,,,,,,,,,,,,,,,,0.2563527822494507,2.525637395949694,,,3,2
2020-10-08 18:00:00+00:00,,,0.17315012216567993,-1.1212919266879835,,,,,,,,,,,,,,,,,0.26305270195007324,2.1464456375625423,,,3,2
2020-10-09 00:00:00+00:00,,,0.13529062271118164,-29.90214407650536,,,,,,,,,,,,,,,,,0.18014740943908691,4.285005174003189,,,3,3
2020-10-09 06:00:00+00:00,,,0.17593830823898315,-0.1918189328174768,,,,,,,,,,,,,,,,,0.259326696395874,2.247259335451215,,,2,2
2020-10-09 12:00:00+00:00,,,0.10586333274841309,-0.7755499803465196,,,,,,,,,,,,,,,,,0.2323620319366455,1.4352281570669536,,,3,3
2020-10-09 18:00:00+00:00,,,0.09253847599029541,-2.038799194655983,,,,,,,,,,,,,,,,,0.2790529727935791,1.598423629000106,,,2,2
2020-10-10 00:00:00+00:00,,,0.18516957759857178,-0.5420338609523809,,,,,,,,,,,,,,,,,0.28553152084350586,2.298743815069258,,,2,2
2020-10-10 06:00:00+00:00,,,0.07525771856307983,-0.2201580767249674,,,,,,,,,,,,,,,,,0.3146491050720215,2.0916078089667716,,,2,2
2020-10-10 12:00:00+00:00,,,0.15209263563156128,-0.04810700305067906,,,,,,,,,,,,,,,,,0.33268868923187256,1.1887211557319888,,,2,2
2020-10-10 18:00:00+00:00,,,0.18481844663619995,-0.7708240441753456,,,,,,,,,,,,,,,,,0.31364452838897705,1.7063310967976348,,,2,2
2020-10-11 00:00:00+00:00,,,0.2873138189315796,-0.5938251062638724,,,,,,,,,,,,,,,,,0.24577856063842773,0.26839650465700754,,,2,2
2020-10-11 06:00:00+00:00,,,0.20941299200057983,-32.850302171324984,,,,,,,,,,,,,,,,,0.302884578704834,2.438569554090132,,,2,2
2020-10-11 12:00:00+00:00,,,0.18005472421646118,-1.0295434176995395,,,,,,,,,,,,,,,,,0.21648073196411133,0.013187033058482255,,,2,2
2020-10-11 18:00:00+00:00,,,0.09398132562637329,-0.24078856241791652,,,,,,,,,,,,,,,,,0.24782788753509521,1.2213540825324372,,,2,2
2020-10-12 00:00:00+00:00,,,0.16499865055084229,-0.5999099578561103,,,,,,,,,,,,,,,,,0.29567253589630127,1.2820248377805334,,,2,2
2020-10-12 06:00:00+00:00,,,0.07999306917190552,-1.48782267255289,,,,,,,,,,,,,,,,,0.29333066940307617,2.816881694778394,,,2,2
2020-10-12 12:00:00+00:00,,,0.09466743469238281,-0.15789957579478903,,,,,,,,,,,,,,,,,0.3389235734939575,2.2709371804032275,,,2,2
2020-10-12 18:00:00+00:00,,,0.16238176822662354,-0.6334075461702678,,,,,,,,,,,,,,,,,0.29689157009124756,1.0852103766441958,,,2,2
2020-10-13 00:00:00+00:00,,,0.3020046353340149,-26.653049761064487,,,,,,,,,,,,,,,,,0.26721858978271484,1.6221780429784445,,,2,2
2020-10-13 06:00:00+00:00,,,0.08826547861099243,-0.7030968884259435,,,,,,,,,,,,,,,,,0.29657161235809326,1.496127387428221,,,2,2
2020-10-13 12:00:00+00:00,,,0.12483280897140503,-0.5292601115599707,,,,,,,,,,,,,,,,,0.32102417945861816,2.4157597798601076,,,2,2
2020-10-13 18:00:00+00:00,,,0.15056735277175903,-0.9513512428283449,,,,,,,,,,,,,,,,,0.27248895168304443,1.6422418949752957,,,3,2
2020-10-14 00:00:00+00:00,,,0.13771885633468628,-0.21076527065080108,,,,,,,,,,,,,,,,,0.2814894914627075,2.341971040553111,,,2,2
2020-10-14 06:00:00+00:00,,,0.27881067991256714,-27.351243604253565,,,,,,,,,,,,,,,,,0.2677280902862549,10.076509921140484,,,2,2
2020-10-14 12:00:00+00:00,,,0.046167194843292236,-0.18848670255182312,,,,,,,,,,,,,,,,,0.31687259674072266,1.9617765818183435,,,2,2
2020-10-14 18:00:00+00:00,,,0.11340218782424927,-0.5192338382315621,,,,,,,,,,,,,,,,,0.26036572456359863,5.0557790505392255,,,2,2
2020-10-15 00:00:00+00:00,,,0.13612359762191772,-0.1763141946852458,,,,,,,,,,,,,,,,,0.2764955759048462,8.64506380619618,,,2,2
2020-10-15 06:00:00+00:00,,,0.270297646522522,-29.80810526303201,,,,,,,,,,,,,,,,,0.2758605480194092,2.1224568747806503,,,2,2
2020-10-15 12:00:00+00:00,,,0.13382649421691895,-0.19133337478356963,,,0.4368762969970703,-2.7731133743499385,,,,,,,,,,,,,0.30379629135131836,1.645355617569633,,,3,3
2020-10-15 18:00:00+00:00,,,0.17316848039627075,-1.302753289518346,,,,,0.4180852174758911,-5.2276731509144465,,,,,,,,,,,0.28450286388397217,1.7806119188246845,,,3,3
2020-10-16 00:00:00+00:00,,,0.1627579927444458,-0.8860886362133215,,,,,0.5587725043296814,-4.766565426206082,,,,,,,,,,,0.3293856382369995,2.617870048883188,,,3,3
2020-10-16 06:00:00+00:00,,,0.14994293451309204,0.36591426911535035,,,,,0.26651036739349365,-1.6928766304142555,,,,,,,,,,,0.32733023166656494,5.018229711593908,,,3,3
2020-10-16 12:00:00+00:00,,,0.09396761655807495,-2.0391983216498444,,,,,0.24884939193725586,-2.618642396598691,,,,,,,,,,,0.27406227588653564,0.21203238230547297,,,3,3
2020-10-16 18:00:00+00:00,,,0.20020616054534912,-0.09961615352732366,,,,,0.4175359606742859,-2.409111709257026,,,,,,,,,,,0.3267326354980469,3.047863314950106,,,3,3
2020-10-17 00:00:00+00:00,,,0.18572455644607544,-0.33964171858347153,,,,,0.3633391857147217,-2.90835370517095,,,,,,,,,,,0.2913365364074707,4.247338105043462,,,3,3
2020-10-17 06:00:00+00:00,,,0.09278297424316406,-0.10150586551888127,,,,,0.3717898726463318,-1.4059823217941543,,,,,,,,,,,0.3082125186920166,-12.322102188987426,,,3,3
2020-10-17 12:00:00+00:00,,,0.09545886516571045,-0.8470516495911724,,,,,0.3245466947555542,-7.702133585554376,,,,,,,,,,,0.3318439722061157,1.7632399593182513,,,3,3
2020-10-17 18:00:00+00:00,,,0.2389305830001831,-7.847881170832443,,,,,0.21293193101882935,-8.084223374557906,,,,,,,,,,,0.2732212543487549,-26.01572517984351,,,3,3
2020-10-18 00:00:00+00:00,,,0.10938644409179688,-0.24877938184299606,,,,,0.41946905851364136,-3.5069068776424976,,,,,,,,,,,0.23936736583709717,-9.475771192406901,0.09145879745483398,0.1698686002960856,4,4
2020-10-18 06:00:00+00:00,,,0.12529981136322021,-0.5272789105048801,,,,,0.35112589597702026,0.4787258631964107,,,,,,,,,,,0.3156452178955078,2.5180685728533447,,,3,3
2020-10-18 12:00:00+00:00,,,0.2595789432525635,-24.568314038773774,,,,,0.2805810570716858,-1.0420399118117198,,,0.37843847274780273,-0.48957798798129015,,,,,,,0.3547804355621338,-3.60776826021649,,,4,4
2020-10-18 18:00:00+00:00,,,0.14690744876861572,-0.04067634534039792,,,,,0.33381491899490356,-0.23419441103318578,,,,,,,,,,,0.31678688526153564,6.122355103951993,,,3,3
2020-10-19 00:00:00+00:00,,,0.03049415349960327,17.19687836222646,,,,,0.3512151837348938,-0.7123581686077672,,,,,,,,,,,0.3209179639816284,2.4193032965536125,,,3,3
2020-10-19 06:00:00+00:00,,,0.16156673431396484,-3.0692439838205505,,,,,,,,,,,,,,,,,0.3503607511520386,-28.460916725819544,,,2,2
2020-10-19 12:00:00+00:00,0.7664116621017456,-0.10753778540275434,0.09330397844314575,-0.34492200978108134,,,,,,,,,0.288577675819397,0.39903318833462303,,,,,,,0.383975625038147,-0.6706910632006795,,,4,4
2020-10-19 18:00:00+00:00,,,0.10205835103988647,-0.46870571815835127,,,,,0.09934425354003906,0.314994951359189,,,0.3325875997543335,1.1575771267535935,,,,,,,0.3083292245864868,2.3578529028866777,,,4,4
2020-10-20 00:00:00+00:00,0.48093879222869873,-0.21766956662149403,0.13669586181640625,-0.7715378980853554,0.21466565132141113,-0.17798882812857594,,,,,,,0.1120462417602539,0.013764492991741333,,,,,,,0.26638317108154297,3.1553085232569895,,,5,5
2020-10-20 06:00:00+00:00,0.14955174922943115,-0.510143634464848,0.08801877498626709,-0.30761788082863034,,,,,,,,,0.025943994522094727,1.8889159747940414,,,,,,,0.2775428295135498,2.5695931603379685,,,6,5
2020-10-20 12:00:00+00:00,,,0.1491113305091858,-1.0030232290772216,,,,,,,,,0.11603295803070068,0.16790437696376,,,,,,,0.2948499917984009,2.0782890915183043,,,4,4
2020-10-20 18:00:00+00:00,,,0.293576717376709,-19.911188535874157,,,,,,,,,0.2179272174835205,6.522843068028449,,,,,,,0.2573503255844116,5.6352679918663755,,,4,4
2020-10-21 00:00:00+00:00,,,0.3060165047645569,-13.517304999987022,,,,,,,,,0.27368080615997314,3.3735078132423357,,,,,,,0.2349175214767456,4.104298474916595,,,4,4
2020-10-21 06:00:00+00:00,,,0.06658071279525757,18.782195680355276,,,,,,,,,0.48069751262664795,4.530092224701545,0.17215192317962646,3.903328749817055,,,,,0.2885110378265381,5.456784225316406,,,4,4
2020-10-21 12:00:00+00:00,,,0.11083358526229858,-0.3500019796206085,,,,,,,,,0.4692798852920532,4.72043381233025,0.10634315013885498,0.2304216032712795,,,,,0.24148356914520264,-1.2996477224727032,,,5,5
2020-10-22 00:00:00+00:00,,,0.04174399375915527,-0.27147052704451263,,,,,,,,,0.522529125213623,8.328033993341487,0.19453394412994385,2.0062063861410366,,,,,0.22951865196228027,5.748086352782739,,,5,5
2020-10-22 06:00:00+00:00,,,0.2656968832015991,-0.27097826614455944,,,,,,,,,0.4791024923324585,9.958445453666815,0.2108515501022339,2.003749129408382,,,,,0.2729909420013428,5.1876302172148945,,,5,4
2020-10-22 12:00:00+00:00,,,0.08813202381134033,-0.4762525649476848,,,,,,,,,0.4777097702026367,10.18918324193861,0.11236870288848877,0.20264141742484834,,,,,0.29622602462768555,3.1448112994088713,,,5,5
2020-10-22 18:00:00+00:00,,,0.22255557775497437,-17.78884443789912,,,,,,,,,0.33940136432647705,3.826602194969102,0.2776080369949341,3.8356130592710667,,,,,0.2795776128768921,3.0042599931183362,,,5,5
2020-10-23 00:00:00+00:00,,,0.20813381671905518,0.6680862965272334,,,,,,,,,0.3869743347167969,1.1427844249551147,,,,,,,0.2682298421859741,6.7993826766228995,,,3,3
2020-10-23 06:00:00+00:00,,,0.18739807605743408,-0.18009198140236699,,,,,,,,,0.16653215885162354,0.45153568076799505,0.14130866527557373,0.7218740495807182,,,,,0.3019139766693115,9.066067052429096,,,6,6
2020-10-23 12:00:00+00:00,,,0.09073585271835327,-0.3081811540381928,,,,,,,,,,,0.2258213758468628,0.7279548999913896,,,,,0.24010765552520752,4.395178539614005,,,5,4
2020-10-23 18:00:00+00:00,,,0.1098598837852478,-0.31749380908669234,0.25158339738845825,-0.23144518415189994,,,,,,,,,0.23803937435150146,1.5150002763662231,,,,,0.26373291015625,2.9163805441881214,,,5,4
2020-10-24 00:00:00+00:00,,,0.16620242595672607,19.017857822995445,0.007363080978393555,-0.14137342776478862,,,,,,,,,0.176505446434021,-4.242744890207917,,,,,0.2702372074127197,3.8927587623894913,,,6,5
2020-10-24 06:00:00+00:00,,,0.05205589532852173,0.32972620162987926,0.19549918174743652,0.4964614447762529,,,,,,,,,0.5078597068786621,1.9358957459114432,,,,,0.26352155208587646,4.133880643480713,,,7,6
2020-10-24 12:00:00+00:00,,,0.05450129508972168,-3.65899064327877,0.010128617286682129,0.1977902809328648,,,,,,,,,0.05402803421020508,-1.8367501301302693,,,,,0.29693901538848877,3.8484953699609727,,,4,4
2020-10-24 18:00:00+00:00,,,0.13782429695129395,-0.3433199926340575,0.02348935604095459,0.19833794044935937,,,,,,,,,0.29712164402008057,1.3597876044482526,0.2567061185836792,0.6376965537623871,,,0.22475016117095947,3.8815982237698714,,,6,6
2020-10-25 00:00:00+00:00,,,0.21079838275909424,-0.568177972462696,,,,,,,,,,,0.211808443069458,0.7212056419060334,,,,,0.22352659702301025,2.989698890884829,,,5,4
2020-10-25 06:00:00+00:00,,,0.23774945735931396,-16.47642983988826,,,,,,,,,,,0.15857064723968506,4.250802433124597,,,,,0.2962914705276489,5.375606626688035,0.21223515272140503,0.7476630655442758,4,4
2020-10-25 12:00:00+00:00,0.17077744007110596,-2.9029592453272093,0.1802404522895813,-0.9713842500157746,,,,,,,,,,,,,0.2831575870513916,2.8098480320341173,,,0.2605346441268921,2.518478083615228,0.0048067569732666016,-0.441332827643532,5,5
2020-10-25 18:00:00+00:00,,,0.11055493354797363,-0.08804250803675755,,,,,,,,,,,,,0.004583477973937988,1.0676526927253165,,,0.2514917850494385,2.622150400199888,,,4,4
2020-10-26 00:00:00+00:00,0.003964126110076904,-0.18372905645614182,0.16223710775375366,-0.387262877224035,,,,,,,,,,,,,,,,,0.221319317817688,2.601426120517234,,,3,3
2020-10-26 06:00:00+00:00,0.1285761594772339,-1.534155726810407,0.3546466827392578,0.9201766557078577,,,,,,,,,,,,,0.4707522392272949,0.4794022997360254,,,0.24114763736724854,2.1530414295738147,0.043444931507110596,0.06749800647813844,5,5
2020-10-26 12:00:00+00:00,,,0.13537204265594482,-0.5937717284347291,,,,,,,,,,,,,,,,,0.27962660789489746,2.341880509608198,0.3009117841720581,0.45675353317818745,4,3
2020-10-26 18:00:00+00:00,,,0.15041285753250122,-0.12631255901615399,,,,,,,,,,,,,,,,,0.2898380756378174,3.554304385014751,0.14465093612670898,1.810851608625297,3,3
2020-10-27 00:00:00+00:00,,,0.13728845119476318,-1.6683051635733077,,,,,,,,,,,,,,,,,0.23243534564971924,3.1904085233520396,0.5671898126602173,0.37988458825997606,3,3
2020-10-27 06:00:00+00:00,0.14768612384796143,0.3538709685134934,0.1298322081565857,0.1462857698358879,,,,,,,,,,,,,0.3039865493774414,3.1484985388367823,,,0.21010005474090576,1.900644627895655,,,4,4
2020-10-27 12:00:00+00:00,0.08789217472076416,-0.4190515839435563,0.07792019844055176,-0.7200888373148875,,,,,,,,,,,,,0.10116970539093018,-0.5999296634647537,,,0.24527442455291748,1.1468989875076698,,,4,4
2020-10-27 18:00:00+00:00,,,0.16484695672988892,-0.2169016700617642,,,,,,,,,,,,,0.17331528663635254,0.9831845118058586,,,0.23803496360778809,2.1506773624161855,,,3,3
2020-10-28 00:00:00+00:00,,,0.1883116364479065,-5.765369176659679,,,,,,,,,,,,,0.2256706953048706,0.2427829374074596,,,0.23107969760894775,2.253477117924079,,,3,3
2020-10-28 06:00:00+00:00,,,0.06739598512649536,-2.6488965496246406,,,,,,,,,,,,,0.14290273189544678,-0.29073504315197574,,,0.2883089780807495,2.1411470195251847,,,3,3
2020-10-28 12:00:00+00:00,,,0.2060297131538391,-28.470660438488817,,,0.5687471628189087,-0.08073034210529706,,,,,,,,,0.23810315132141113,-0.31252729665954937,,,0.22765004634857178,6.561167175956699,,,4,4
2020-10-29 00:00:00+00:00,,,0.15777581930160522,-0.4805093963771586,,,0.456099271774292,0.1082874614342464,,,,,,,,,0.20201122760772705,0.28485482275300733,,,0.2406449317932129,-9.98081069714084,,,4,4
2020-10-29 06:00:00+00:00,,,0.08577030897140503,-0.28573110350790504,,,0.007869184017181396,-0.15350867565273144,,,,,,,,,0.43862342834472656,0.7164456371198302,,,0.2640104293823242,2.033221839946575,,,4,4
2020-10-29 12:00:00+00:00,,,0.1520174741744995,-0.8121737377045967,,,0.4534308910369873,-0.29823018769517,,,,,,,,,,,,,0.2179856300354004,1.0680197195527612,,,3,3
2020-10-29 18:00:00+00:00,,,0.18951135873794556,-0.6401114613325568,,,0.3964740037918091,0.29963916111954253,,,,,,,,,0.46523523330688477,-0.5488391019115703,,,0.24077320098876953,1.1533670430963354,,,4,4
2020-10-30 00:00:00+00:00,,,0.15929138660430908,-1.2023058886660718,,,0.44244658946990967,0.5793225400313112,,,,,,,,,,,,,0.1871398687362671,1.1546037757347711,0.277704119682312,-0.5364629435854145,4,4
2020-10-30 06:00:00+00:00,,,0.17415636777877808,-31.745329677978443,,,,,,,,,,,,,0.02640998363494873,-1.7094099684760475,,,0.14820599555969238,0.579613726580226,,,3,3
2020-10-30 12:00:00+00:00,,,0.12747836112976074,-0.5001479656976797,,,,,,,,,,,,,,,,,0.16063356399536133,0.747815783402798,,,2,2
2020-10-30 18:00:00+00:00,,,0.23366427421569824,-1.3832579969795182,,,,,0.6331596076488495,-2.891211472832363,,,,,,,,,,,0.1919957399368286,-0.18298605409969074,,,3,3
2020-10-31 00:00:00+00:00,,,0.1314772367477417,-0.5302191440790291,,,,,0.18976080417633057,-2.2112862538926215,,,,,,,,,,,0.18552350997924805,1.1672584065275171,,,3,3
2020-10-31 06:00:00+00:00,,,0.2471570372581482,-10.735143794961568,,,0.2922716736793518,-0.6708062980025403,0.09875166416168213,-0.06306565969849061,,,,,,,,,,,0.2330019474029541,2.861690336392012,,,4,4
2020-10-31 12:00:00+00:00,,,0.23918330669403076,-26.295338588550532,,,0.09442847967147827,-0.6096386077474472,0.09158658981323242,-0.39761094704657407,,,,,,,,,,,0.2106722593307495,4.212628242921339,,,5,5
2020-10-31 18:00:00+00:00,,,0.17011559009552002,-1.9505226725615432,,,0.16967111825942993,-3.44339429476113,0.481556236743927,-0.05470865285034175,,,,,,,,,,,0.28042328357696533,2.2334205386663375,,,5,5
2020-11-01 00:00:00+00:00,,,0.24477612972259521,-23.308745240129504,,,0.15940219163894653,-7.275792821168714,0.08623099327087402,-1.7686585765512475,,,,,,,,,,,0.16073012351989746,1.8649065136353884,,,5,5
2020-11-01 06:00:00+00:00,,,0.14487230777740479,-1.3950371992860189,,,,,0.10354173183441162,0.30023359445992676,,,,,,,,,,,0.1797393560409546,0.464734466016693,,,6,6
2020-11-01 12:00:00+00:00,,,0.23174864053726196,-1.3326516309913305,,,,,0.2907909154891968,-5.849493088899829,,,,,,,,,,,0.19584977626800537,0.27980815614570637,,,5,5
2020-11-02 00:00:00+00:00,,,0.18793529272079468,-1.769021503883112,,,,,0.18338000774383545,-1.9155934241305994,,,,,,,,,,,0.15670764446258545,0.5732767887857841,,,3,3
2020-11-02 06:00:00+00:00,,,0.2237401008605957,-1.919096355594308,,,,,0.3450891971588135,-0.007893486626264332,,,,,,,,,,,0.21198105812072754,0.7221747804151044,,,3,3
2020-11-02 12:00:00+00:00,,,0.16121584177017212,-1.6373960049792944,,,,,0.19700586795806885,-1.2669217157623724,,,,,,,,,,,0.28503942489624023,2.5772450460611913,,,6,6
2020-11-02 18:00:00+00:00,,,0.21050530672073364,-23.070063890369724,,,,,0.7089489102363586,-3.74232310221245,,,,,,,,,,,0.2826575040817261,1.9176365596248839,,,5,5
2020-11-03 00:00:00+00:00,,,0.20781093835830688,-0.08116644477099651,,,,,0.5241966545581818,-2.852448038633398,,,,,,,,,,,0.08919787406921387,0.7373133445813315,,,5,5
2020-11-03 06:00:00+00:00,,,0.15296423435211182,0.6944134056757866,,,,,0.18277424573898315,-1.808144074242004,,,,,,,,,,,0.16172051429748535,1.4937695982401278,,,5,5
2020-11-03 12:00:00+00:00,,,0.23954373598098755,-23.04384548386585,,,,,0.34634798765182495,-4.247689977048039,,,,,,,,,0.15365338325500488,0.1933760034372377,0.18446767330169678,2.291128433959168,,,6,6
2020-11-03 18:00:00+00:00,,,0.22680014371871948,-2.8512452344541304,,,,,0.15789461135864258,-1.3799873753060958,,,,,,,,,,,0.3659708499908447,3.476252944497773,,,6,5
2020-11-04 00:00:00+00:00,,,0.11842173337936401,-2.5710833316515,,,,,0.15511023998260498,-3.2343988217477713,,,,,,,,,,,0.21769487857818604,3.236903415196499,,,4,4
2020-11-04 06:00:00+00:00,,,0.13619065284729004,27.533617790859317,,,,,0.4553648829460144,-4.497454451286179,0.42319023609161377,0.32545452569143246,,,,,,,,,0.23244261741638184,0.34625326185718336,,,4,4
2020-11-04 12:00:00+00:00,,,0.1340789794921875,-1.3468336346570033,,,,,0.24898487329483032,-1.756831136214502,,,,,,,,,,,0.21224403381347656,-1.0431391093920137,,,3,3
2020-11-04 18:00:00+00:00,,,0.1431589126586914,24.551955087362305,,,,,0.21951830387115479,-0.9134492045854747,,,,,,,,,,,0.302526593208313,-4.376571529043098,,,3,3
2020-11-05 00:00:00+00:00,,,0.17737144231796265,-1.168069522415275,,,,,0.3198848366737366,-4.394714238505227,,,,,,,,,,,0.2758287191390991,1.28432624490768,,,3,3
2020-11-05 06:00:00+00:00,,,0.23740744590759277,-8.62873294209092,,,,,0.35959553718566895,-7.690492547365021,,,,,,,,,,,0.14518439769744873,0.3209954706036941,,,3,3
2020-11-05 12:00:00+00:00,,,0.2379549741744995,-2.7717092003050245,0.11282062530517578,-0.6743663831559424,,,,,0.11789840459823608,-0.7477152505928719,,,,,,,,,0.19688916206359863,0.4069490980113599,,,4,4
2020-11-05 18:00:00+00:00,,,0.14391696453094482,-1.098603648649615,,,,,,,0.21906113624572754,0.09418928734803877,,,,,,,,,0.09700679779052734,0.45976962969275476,,,4,4
2020-11-06 00:00:00+00:00,,,0.24644917249679565,-0.49500044797950477,,,,,,,0.1821625828742981,-0.6101586665340716,,,,,,,,,0.2745397090911865,0.9863908530717157,,,4,4
2020-11-06 06:00:00+00:00,,,0.23643898963928223,-1.0735066876545483,,,,,,,0.045221805572509766,-1.2983265004263802,,,,,,,,,0.3450530767440796,1.525734308395294,,,5,4
2020-11-06 12:00:00+00:00,,,0.1722615361213684,-0.43889873114173367,,,,,,,0.22394680976867676,-1.182228914187728,,,,,,,,,0.40142154693603516,4.619093190069882,0.10161852836608887,-0.48603656593750827,5,5
2020-11-06 18:00:00+00:00,,,0.21836578845977783,-0.4633264486241934,,,,,,,0.014406979084014893,1.4007443479335477,,,,,,,,,0.19628071784973145,0.8083154092071566,,,3,3
2020-11-07 00:00:00+00:00,,,0.2640649080276489,-1.1197752775195098,,,,,,,0.09677529335021973,-0.00951800468190531,,,,,,,,,0.2348175048828125,1.1088708996525096,,,3,3
2020-11-07 06:00:00+00:00,,,0.2738763689994812,-0.60769777676382,,,,,,,0.08822077512741089,-0.7570534431681131,,,,,,,0.046494364738464355,-0.5207446550183996,0.19890952110290527,0.5741152960668165,,,4,4
2020-11-07 12:00:00+00:00,,,0.19343334436416626,-1.4084160211997687,,,,,,,,,,,,,,,0.11943817138671875,-0.22007201458957354,0.36970269680023193,2.8329369876537602,,,3,3
2020-11-07 18:00:00+00:00,,,0.3092358112335205,-0.26641368869115045,,,,,,,,,,,,,,,0.35395348072052,0.20991161487664356,0.3005443811416626,2.346150687193337,,,3,3
2020-11-08 00:00:00+00:00,,,0.32374608516693115,-3.2175007674858023,,,,,,,,,,,,,,,0.21404790878295898,0.1999597339791351,0.24151873588562012,3.621760889233691,,,3,3
2020-11-08 06:00:00+00:00,,,0.09034174680709839,-0.15726526220390386,,,,,,,,,,,,,,,,,0.2926689386367798,0.8339580521874853,,,2,2
2020-11-08 12:00:00+00:00,,,0.27773886919021606,-0.8461150172994527,,,,,,,,,,,,,,,,,0.3788163661956787,18.02566950016621,,,2,2
2020-11-08 18:00:00+00:00,,,0.2103913426399231,-0.5387125348192496,,,,,,,,,,,,,,,,,0.2695063352584839,12.405163969672481,,,2,2
2020-11-09 00:00:00+00:00,,,0.19757038354873657,-0.7568011831936742,0.3466000556945801,-0.8351595582058136,,,,,,,,,,,,,,,0.22764229774475098,0.5217564414210357,,,3,3
2020-11-09 06:00:00+00:00,,,0.19339275360107422,-0.2785530974262348,,,,,,,,,,,,,,,,,0.2654550075531006,0.5128688606969767,,,2,2
2020-11-09 12:00:00+00:00,,,0.14470982551574707,-2.4958823897230933,,,,,,,,,,,,,,,,,0.20080459117889404,1.1713139843321252,,,2,2
2020-11-09 18:00:00+00:00,,,0.2946946620941162,-0.23593191415862216,,,,,,,,,,,,,,,,,0.22524607181549072,1.517481973062817,,,2,2
2020-11-10 00:00:00+00:00,,,0.5374279320240021,-15.287915991469921,,,,,,,,,,,,,,,,,0.19758164882659912,1.145533323612953,,,2,2
2020-11-10 06:00:00+00:00,,,0.21494871377944946,-0.5603282823319674,,,,,,,,,,,,,,,,,0.3250234127044678,0.626445828193814,,,2,2
2020-11-10 12:00:00+00:00,,,,,0.007182180881500244,-0.29310355487044615,,,,,,,,,,,,,,,0.3017425537109375,1.1877589845594605,,,2,2
2020-11-10 18:00:00+00:00,,,0.4931561350822449,-13.620106631724134,,,,,,,,,,,,,,,,,0.3124101161956787,3.779026983714101,,,2,2
2020-11-11 00:00:00+00:00,,,0.2228689193725586,-19.084898590967928,,,,,,,,,,,,,,,,,0.14663350582122803,1.0896876386054017,,,3,2
2020-11-11 06:00:00+00:00,0.08383548259735107,0.06741835825414001,,,0.3506990671157837,-0.38245288914257947,,,,,,,,,,,,,,,0.2549334764480591,-3.6369298187949473,,,3,3
2020-11-11 12:00:00+00:00,0.00410616397857666,-0.5431023386942668,,,0.3257238268852234,-7.84778169501772,,,,,,,,,,,,,,,0.001579880714416504,-35.16018171344052,,,3,3
2020-11-11 18:00:00+00:00,0.31129300594329834,-24.0802950667728,,,,,,,,,,,,,,,,,,,0.041733384132385254,-33.142137573049915,,,2,2
2020-11-12 00:00:00+00:00,0.20376145839691162,-4.812536119444667,,,0.13126814365386963,-3.208657869069999,,,,,,,,,,,,,,,0.2070784568786621,2.265718857915938,,,3,3
2020-11-12 06:00:00+00:00,0.11386501789093018,-0.8490049911577489,,,,,,,,,,,,,,,,,,,0.23102712631225586,1.4708739096278642,,,2,2
2020-11-12 12:00:00+00:00,0.13149112462997437,-1.0077513851173794,,,,,,,,,,,,,,,,,,,0.23520100116729736,4.478835884379312,,,2,2
2020-11-12 18:00:00+00:00,0.25650763511657715,-0.6846966968275118,,,,,,,,,,,,,,,,,,,0.26201939582824707,1.2814568273421039,,,2,2
2020-11-13 00:00:00+00:00,0.14259624481201172,-1.2972451332059958,,,,,,,,,,,,,,,,,0.11327946186065674,0.287116397521775,0.23562395572662354,-4.646052191372111,,,3,3
2020-11-13 06:00:00+00:00,,,0.1862596869468689,-0.6759827170879809,,,,,,,,,,,,,,,0.4276849627494812,-0.05229912651704996,0.21118974685668945,1.7907621842401844,,,3,3
2020-11-13 12:00:00+00:00,,,0.22727280855178833,-1.0992938520331563,,,,,,,,,,,,,,,,,0.3223918676376343,3.7137639364674713,,,3,2
2020-11-13 18:00:00+00:00,,,0.1893576979637146,0.15572546985721025,,,,,,,,,,,,,,,,,0.2139887809753418,5.922353724013819,,,2,2
2020-11-14 00:00:00+00:00,,,0.09747141599655151,1.206570036464678,,,,,,,,,,,,,,,,,0.25030672550201416,2.6738931051654014,,,2,2
2020-11-14 06:00:00+00:00,,,0.08149313926696777,-0.7867881178798145,,,,,,,,,0.06696140766143799,-0.3677066743154773,,,,,,,0.2081989049911499,1.8852898438847716,,,3,3
2020-11-14 12:00:00+00:00,,,0.035175979137420654,-7.341850418821389,,,,,,,,,0.13907194137573242,0.48728028288046316,,,,,,,0.256152868270874,2.417811041678827,,,3,3
2020-11-14 18:00:00+00:00,,,0.054893553256988525,5.433702764386161,,,,,,,,,0.2578890323638916,-0.14716848731264726,,,,,,,0.2702677249908447,1.1963072314826,,,3,3
2020-11-15 00:00:00+00:00,,,0.06694495677947998,-2.628918876133354,,,,,,,,,0.2292482852935791,1.2810199348191351,,,,,,,0.22243094444274902,3.1879794783496838,,,3,3
2020-11-15 06:00:00+00:00,,,0.011327683925628662,23.805136687537107,,,,,,,,,0.7614587545394897,1.002204251063511,,,,,,,0.20633041858673096,1.4801443345385215,,,3,3
2020-11-15 12:00:00+00:00,,,0.11402499675750732,-1.0181103991712828,,,,,,,,,0.10831546783447266,0.004865366439361429,,,,,,,0.2321007251739502,3.3020628556513016,,,3,3
2020-11-15 18:00:00+00:00,,,0.12468534708023071,-0.9346821523295065,,,,,,,,,0.17069780826568604,0.4469898561298006,,,,,,,0.21429872512817383,2.186438717521206,,,3,3
2020-11-16 00:00:00+00:00,,,0.17408353090286255,-2.212107619231274,,,,,,,,,0.26999175548553467,4.0291898657753515,,,,,,,0.24419212341308594,5.600104139702296,,,3,3
2020-11-16 06:00:00+00:00,0.9837970733642578,0.6638923026319083,0.17093777656555176,-0.9221396402360825,,,,,,,,,0.4300349950790405,1.227605192407361,,,,,,,0.210058331489563,2.090469393391429,,,4,4
2020-11-16 12:00:00+00:00,,,0.16299182176589966,-3.5556438296073973,,,,,,,,,0.3676866292953491,0.5710052553529646,,,,,,,0.2108476161956787,4.585997123093826,,,5,3
2020-11-16 18:00:00+00:00,,,0.19837599992752075,-6.088772386241181,,,,,,,,,0.04934728145599365,0.030932430266168324,,,,,,,0.17710697650909424,3.26591804663793,,,3,3
2020-11-17 00:00:00+00:00,0.24971413612365723,-0.876066808162178,0.13059073686599731,-1.387600504625534,,,,,,,,,0.06463778018951416,0.8597693577845997,,,,,,,0.210931658744812,1.6586081590708257,,,4,4
2020-11-17 06:00:00+00:00,,,0.1163785457611084,21.9026227336331,,,,,,,,,0.16774320602416992,0.5151949002239722,,,,,,,0.2258244752883911,2.8525488267044734,,,3,3
2020-11-17 12:00:00+00:00,,,0.1826522946357727,-0.9662429914690078,,,,,,,,,0.3649570941925049,4.381760101201349,,,,,,,0.18888235092163086,4.103678318732065,,,3,3
2020-11-17 18:00:00+00:00,,,0.1758165955543518,-1.7556585886473244,,,,,,,,,,,0.3489079475402832,5.523902402909856,,,,,0.25126326084136963,2.900815874712517,,,3,3
2020-11-18 00:00:00+00:00,,,0.20536118745803833,-25.351645629111093,,,,,,,,,,,0.35853254795074463,3.9670278420354945,,,,,0.19926488399505615,2.043067044860841,,,3,3
2020-11-18 06:00:00+00:00,,,0.23423099517822266,-2.5265647608187702,,,,,,,,,,,0.2090747356414795,3.0354980135147844,,,0.12215167284011841,-0.7437717586817967,0.23524320125579834,2.941596385524094,,,4,4
2020-11-18 12:00:00+00:00,,,0.08917325735092163,-1.0505802116537104,,,,,,,,,,,0.3167405128479004,1.2360704289370235,,,0.2013695240020752,1.9296648311062377,0.23746109008789062,2.6568310962636508,,,4,4
2020-11-18 18:00:00+00:00,,,0.09776061773300171,-2.0313707855983094,0.22916829586029053,-0.37100097121073233,,,,,,,,,0.3100477457046509,2.8468408647793444,,,0.4618966579437256,2.2700220836891085,0.23048603534698486,2.3762467315291373,,,6,6
2020-11-19 00:00:00+00:00,,,0.09825611114501953,-2.1214421301246067,0.24988746643066406,-0.8365135572724686,,,,,,,,,0.40701472759246826,8.847254043258385,,,0.13087856769561768,3.637510036585583,0.19181489944458008,8.170242138563486,,,5,5
2020-11-19 06:00:00+00:00,,,0.08004140853881836,-7.254153349507632,,,,,,,,,,,0.27753281593322754,3.5277190459308754,,,0.001507103443145752,1.3347774092503781,0.21561062335968018,3.731686302419884,,,4,4
2020-11-19 12:00:00+00:00,,,0.14717763662338257,-23.624660185902098,,,,,,,,,,,0.22740352153778076,3.672817221034455,,,,,0.2632201910018921,3.1218515115602212,,,3,3
2020-11-19 18:00:00+00:00,,,0.059078991413116455,-0.4622028006833035,,,,,,,,,,,0.27788054943084717,4.973628911826218,,,,,0.24288547039031982,1.7027788311971004,,,3,3
2020-11-20 00:00:00+00:00,,,0.1989976167678833,-0.7620293194905229,,,,,,,,,,,,,,,,,0.2476024627685547,3.8924412433540745,,,2,2
2020-11-20 06:00:00+00:00,,,0.22837668657302856,-22.56737179958357,,,,,,,,,,,0.2550250291824341,0.14216188808027458,,,,,0.20241904258728027,4.127203781922084,,,3,3
2020-11-20 12:00:00+00:00,,,0.13972485065460205,-0.6623694035369604,,,,,,,,,,,0.16618657112121582,4.63719301105332,,,,,0.2540163993835449,2.4187755080454774,,,5,4
2020-11-20 18:00:00+00:00,,,0.11047941446304321,-0.8430725952585214,,,,,,,,,,,0.14823555946350098,1.789894532628698,,,,,0.30135953426361084,2.725298985050115,,,3,3
2020-11-21 00:00:00+00:00,,,0.12148159742355347,-0.32992678599486946,,,,,,,,,,,0.3935507535934448,8.6563244639838,,,,,0.22536981105804443,1.7710568170231993,,,3,3
2020-11-21 06:00:00+00:00,,,0.16186952590942383,-4.244756256854408,,,,,,,,,,,0.1755375862121582,4.025908903415369,,,,,0.20123589038848877,-17.385031360753686,,,4,4
2020-11-21 12:00:00+00:00,,,0.10142159461975098,-1.1553168053666536,,,,,,,,,,,0.09282112121582031,0.8808668935026084,0.034473717212677,-0.4240919297782892,,,0.269728422164917,3.0522980403059217,,,6,6
2020-11-21 18:00:00+00:00,,,0.0951281189918518,-1.7744083357557245,,,,,,,,,,,0.21623730659484863,0.47515859444242453,0.6179580688476562,1.2992571369299835,,,0.23106098175048828,2.6284971729951527,,,6,6
2020-11-22 00:00:00+00:00,,,0.16985374689102173,-0.5637210813696305,,,,,,,,,,,0.33354878425598145,9.898945250450572,0.9524364471435547,0.7601058348168103,,,0.2286689281463623,2.016191656919071,,,4,4
2020-11-22 06:00:00+00:00,,,0.14664226770401,-0.6134335061736175,,,,,,,,,,,,,0.4566915035247803,1.8350338544779405,,,0.2390671968460083,3.254884349877665,,,3,3
2020-11-22 12:00:00+00:00,,,0.1534540057182312,-1.112504467573512,,,,,,,,,,,,,0.42833101749420166,1.8225274366343798,,,0.25911080837249756,3.494375931909812,,,3,3
2020-11-22 18:00:00+00:00,0.22394037246704102,-0.24876308740525102,0.08502066135406494,-0.31741148484204323,,,,,,,,,,,,,0.4284619092941284,0.6925923460334893,,,0.25022315979003906,-3.00849830786855,,,5,5
2020-11-23 00:00:00+00:00,,,0.5699175596237183,23.967415889902195,,,,,,,,,,,,,,,,,0.26522505283355713,-10.367138158609947,,,2,2
2020-11-23 06:00:00+00:00,,,0.20147472620010376,-0.6505938540658663,,,,,,,,,,,,,,,,,0.25873541831970215,4.932572645664201,,,2,2
2020-11-23 12:00:00+00:00,,,0.3044437766075134,-20.351166695955033,,,,,,,,,,,,,,,,,0.20594143867492676,3.218564094327467,,,2,2
2020-11-23 18:00:00+00:00,,,0.16031765937805176,-0.5805738517055791,,,,,,,,,,,,,,,,,0.29868626594543457,2.739015110272608,,,2,2
2020-11-24 00:00:00+00:00,0.06202340126037598,-0.27004731378829444,0.11274921894073486,-0.4431526707756845,,,,,,,,,,,,,,,,,0.276218056678772,1.6308443935172474,,,3,3
2020-11-24 06:00:00+00:00,,,0.32132214307785034,-22.57715000764826,,,,,,,,,,,,,,,,,0.29372358322143555,4.335026305203669,,,2,2
2020-11-24 12:00:00+00:00,,,0.18584024906158447,-0.6473005641509957,0.30014586448669434,1.0845401631452043,,,,,,,,,,,,,,,0.3076087236404419,4.083153342108554,,,3,3
2020-11-24 18:00:00+00:00,,,0.17372667789459229,-0.34014695560915775,,,,,,,,,,,,,,,,,0.28343939781188965,3.734032230238974,,,2,2
2020-11-25 00:00:00+00:00,,,0.19911158084869385,-2.38877888141754,,,,,,,,,,,,,,,,,0.2548537254333496,0.9381421169146186,,,2,2
2020-11-25 06:00:00+00:00,,,0.11036646366119385,0.13603396105550639,,,,,,,,,,,,,,,,,0.22922420501708984,1.6323239868589483,,,2,2
2020-11-25 12:00:00+00:00,,,0.013626813888549805,-0.14419515422749518,,,,,,,,,,,,,,,,,0.266204833984375,1.0880551694135487,,,2,2
2020-11-25 18:00:00+00:00,,,0.05213040113449097,0.030571700936157412,0.029176950454711914,0.2397497784770311,,,,,,,,,,,,,,,0.24892640113830566,2.6640579329796794,,,3,3
2020-11-26 00:00:00+00:00,,,0.04001271724700928,0.3529517390247979,,,,,,,,,,,,,,,,,0.2767542600631714,1.3155163509533403,,,3,2
2020-11-26 06:00:00+00:00,,,0.1596083641052246,0.12468440766287693,,,,,,,,,,,,,,,,,0.23373055458068848,-32.54799450455037,0.38109517097473145,0.6339073121436201,3,3
2020-11-26 12:00:00+00:00,,,0.04472684860229492,-9.093323261172527,,,,,,,,,,,,,,,,,0.24702024459838867,2.5924573667443456,0.38526129722595215,1.05687409660873,3,3
2020-11-26 18:00:00+00:00,,,0.06616407632827759,-0.7096083550513264,,,,,,,,,,,,,,,,,0.1322174072265625,0.8882398273434832,0.23647212982177734,3.14888743127228,3,3
2020-11-27 00:00:00+00:00,,,0.2720952033996582,-0.7213249623768945,,,,,,,,,,,,,,,,,0.20337677001953125,0.5917799615253544,0.5681338310241699,4.029669781812027,3,3
2020-11-27 06:00:00+00:00,,,0.05733245611190796,-0.6628677452370457,,,,,,,,,,,,,,,,,0.17768418788909912,-26.62744114757733,0.21409428119659424,0.22726053171627877,3,3
2020-11-27 12:00:00+00:00,,,0.24731069803237915,-1.3090844416190863,,,,,,,,,,,,,,,,,0.23303866386413574,26.739962932477745,0.011453211307525635,0.2729902672755698,3,3
2020-11-27 18:00:00+00:00,,,0.6405553817749023,-17.633838821133292,,,,,,,,,,,,,,,,,0.16288268566131592,1.9336072036418568,,,2,2
2020-11-28 00:00:00+00:00,,,0.0016837120056152344,-0.18030006713811075,,,,,,,,,,,,,,,,,0.16942453384399414,0.9458217510290872,0.1753479242324829,0.45197730282707504,3,3
2020-11-28 06:00:00+00:00,,,0.1514555811882019,0.05075412779205361,,,,,,,,,,,,,0.0391542911529541,0.0851108184981817,,,0.2595784664154053,-1.005709287828959,,,3,3
2020-11-28 12:00:00+00:00,,,0.10348469018936157,-1.0451610724476412,,,,,,,,,,,,,0.5578732490539551,0.7543426706868531,,,0.3142586946487427,0.7028372872434702,,,3,3
2020-11-28 18:00:00+00:00,,,0.12629079818725586,-0.4011397000821138,,,,,,,,,,,,,,,,,0.1879885196685791,1.1233664476621634,,,2,2
2020-11-29 00:00:00+00:00,,,0.11334145069122314,0.25493181936361103,,,,,,,,,,,,,,,,,0.1636183261871338,-4.027919467793244,,,2,2
2020-11-29 06:00:00+00:00,,,0.2937126159667969,-1.0872313881252924,,,,,,,,,,,,,,,,,0.2903425693511963,1.6914421980191887,,,2,2
2020-11-29 12:00:00+00:00,,,,,0.6160243451595306,-14.202285811053995,,,,,,,,,,,,,,,0.27926158905029297,3.0936802198256084,,,2,2
2020-11-29 18:00:00+00:00,,,,,0.11698657274246216,-0.2151353080963561,,,,,,,,,,,,,,,0.018028616905212402,-39.20725841904596,,,2,2
2020-11-30 00:00:00+00:00,,,,,0.173082172870636,0.24619561930617495,,,,,,,,,,,,,,,0.27096712589263916,25.389029228053317,,,2,2
2020-11-30 06:00:00+00:00,,,,,0.927265003323555,-8.815477335363134,,,,,,,,,,,,,,,0.2988852262496948,1.7104259084328541,,,3,3
2020-11-30 12:00:00+00:00,,,,,0.49070703983306885,1.0080356723228945,,,,,,,,,,,,,,,0.25590980052948,0.8678738822091525,,,2,2
2020-11-30 18:00:00+00:00,,,,,0.19283920526504517,0.26162157918012613,,,,,,,,,,,,,,,0.37504076957702637,31.79022152568908,,,2,2
2020-12-01 00:00:00+00:00,,,,,0.34950947761535645,0.17834902915336132,,,,,,,,,,,,,,,0.2320728302001953,0.8133033001038776,,,2,2
2020-12-01 06:00:00+00:00,,,,,,,,,,,,,,,,,,,,,0.14019715785980225,0.38824795372092824,,,2,1
2020-12-01 12:00:00+00:00,,,,,,,,,,,,,,,,,,,,,0.23958301544189453,0.21305935908911947,,,1,1
2020-12-01 18:00:00+00:00,,,,,,,,,,,,,,,,,,,,,0.21868765354156494,-5.68088955878837,,,1,1
2020-12-02 00:00:00+00:00,,,,,,,,,,,,,,,,,,,,,0.21463799476623535,0.32921526270861745,,,1,1
2020-12-02 06:00:00+00:00,,,,,,,,,,,,,,,,,,,,,0.3092482089996338,1.2345614636759037,,,1,1
2020-12-02 12:00:00+00:00,,,,,,,,,,,,,,,,,,,,,0.21145224571228027,0.7254261731076462,,,1,1
2020-12-02 18:00:00+00:00,,,,,,,,,,,,,,,,,,,,,,,0.3046687841415405,1.5555230255777326,1,1
2020-12-03 00:00:00+00:00,,,,,,,,,,,,,,,,,,,,,,,0.09708523750305176,-22.390320827285006,1,1
2020-12-03 06:00:00+00:00,,,,,,,,,,,,,,,,,,,,,,,0.25802111625671387,0.4172994716244516,1,1
2020-12-03 12:00:00+00:00,,,,,,,,,,,,,,,,,,,,,,,0.11712276935577393,-23.550973256873156,1,1
2020-12-03 18:00:00+00:00,,,,,,,,,,,,,,,,,,,,,,,0.23578715324401855,0.5885216482168567,2,1
2020-12-04 00:00:00+00:00,0.08732861280441284,-0.8809350312020197,,,,,,,,,,,,,,,,,,,,,0.061254262924194336,1.0426007001173807,2,2
2020-12-04 06:00:00+00:00,0.18452447652816772,-1.7927890377755997,,,,,,,,,,,,,,,,,,,,,0.24517059326171875,0.7209172358084984,2,2
2020-12-04 12:00:00+00:00,0.18580466508865356,-0.3190305790429764,,,,,,,,,,,,,,,,,,,,,0.3652724027633667,2.250726554634906,3,2
2020-12-04 18:00:00+00:00,0.18767958879470825,0.17128154218811006,,,,,,,,,,,,,,,,,,,,,0.23952484130859375,0.6467504589276565,2,2
2020-12-05 00:00:00+00:00,0.31138765811920166,-10.039768115986224,,,,,,,,,,,,,,,,,,,,,0.12649047374725342,0.23416128402119032,3,2
2020-12-05 06:00:00+00:00,,,0.1942121386528015,-0.37646314962065297,,,,,,,,,,,,,,,,,,,0.00868082046508789,0.133789035651538,4,2
2020-12-05 12:00:00+00:00,,,0.14753448963165283,-0.12646029083948995,,,,,,,,,,,,,,,,,,,0.32589292526245117,0.44627701727810404,3,2
2020-12-05 18:00:00+00:00,,,0.11521530151367188,-0.2055339040736103,,,,,,,,,,,,,,,,,0.5402499437332153,-0.04012072839456722,0.06412464380264282,-0.08179639909060663,3,3
2020-12-06 00:00:00+00:00,,,0.12555766105651855,-0.5872394858830677,,,,,,,,,,,,,,,,,0.15056836605072021,-0.5485261407376142,0.09404045343399048,0.11492574940271587,3,3
2020-12-06 06:00:00+00:00,,,0.22401714324951172,-0.497460955608466,,,,,,,,,,,,,,,,,0.6289106607437134,0.03995961659105051,,,3,2
2020-12-06 12:00:00+00:00,,,0.22960567474365234,-0.2102930666859943,,,,,,,,,,,,,,,,,0.14081549644470215,0.17502287910713268,,,3,2
2020-12-06 18:00:00+00:00,,,0.19932222366333008,-0.8214124492177929,,,,,,,,,,,,,,,,,,,,,2,1
2020-12-07 00:00:00+00:00,,,0.2664158344268799,-0.09420237234390794,,,,,,,,,,,,,,,,,,,,,2,1
2020-12-07 06:00:00+00:00,,,0.2482236623764038,-0.31265596329295164,,,,,,,,,,,,,,,0.3747340440750122,0.3612860795475054,,,,,3,2
2020-12-07 12:00:00+00:00,,,0.30182135105133057,-3.2690370838260514,,,,,,,,,,,,,,,0.18657588958740234,-0.3096886798617976,,,,,3,2
2020-12-07 18:00:00+00:00,,,0.1587536334991455,-1.1968395803969347,,,,,,,,,,,,,,,0.4858444929122925,0.6906845215834035,,,,,3,2
2020-12-08 00:00:00+00:00,,,0.2029019594192505,-0.24551602696352992,,,,,,,,,,,,,,,0.24441313743591309,1.132054276118354,,,,,2,2
2020-12-08 06:00:00+00:00,,,0.12318909168243408,-0.06480930378219082,,,,,,,,,,,,,,,0.0217512845993042,-0.15977128834369858,,,,,3,2
2020-12-08 12:00:00+00:00,,,0.004062056541442871,-0.4630516173743751,,,,,,,,,,,,,,,0.19970345497131348,4.439948087816346,,,,,3,2
2020-12-08 18:00:00+00:00,,,0.10186505317687988,-0.9489880539109493,,,,,,,,,,,,,,,0.16818451881408691,-0.035756684090107745,0.029705584049224854,0.4381527526866953,,,3,3
2020-12-09 00:00:00+00:00,,,0.125294029712677,7.156443357066026,,,,,,,,,,,,,,,0.1379651427268982,-7.50851601005722,0.4767500162124634,0.14520238736698807,,,4,3
2020-12-09 06:00:00+00:00,,,0.20817315578460693,-1.9143566799100493,,,,,,,,,,,,,,,0.2200613021850586,0.2038074924322633,,,0.6036045551300049,0.6550981833022256,3,3
2020-12-09 12:00:00+00:00,,,0.2473413348197937,-1.870682905881551,,,,,,,,,,,,,,,0.11741167306900024,-18.08097721820268,,,0.5918195247650146,-1.3374082251630994,3,3
2020-12-09 18:00:00+00:00,,,0.25714534521102905,-0.4268990807792335,,,,,,,,,,,,,,,0.20939397811889648,-18.459059740125017,,,,,3,2
2020-12-10 00:00:00+00:00,0.06860095262527466,-1.0409495161670141,,,,,,,,,,,,,,,,,0.22135323286056519,-20.705701388639824,,,,,2,2
2020-12-10 06:00:00+00:00,0.10157030820846558,-0.30698348847972723,,,,,,,,,,,,,,,,,0.1766667366027832,0.17930141756457632,,,,,3,2
2020-12-10 12:00:00+00:00,0.2849244475364685,-0.5891349459020325,,,,,,,,,,,,,,,,,0.06938016414642334,-19.964367632723967,,,,,3,2
2020-12-10 18:00:00+00:00,0.14598774909973145,-0.4921814206027228,,,,,,,,,,,,,,,,,0.2047339677810669,1.770292292222744,,,,,3,3
2020-12-11 00:00:00+00:00,0.14615988731384277,-0.07923282517093565,,,,,,,,,,,,,,,,,0.1361788511276245,2.830414450581022,,,,,2,2
2020-12-11 06:00:00+00:00,0.18737775087356567,-0.5494094890424567,,,,,,,,,,,,,,,,,0.26042699813842773,2.26803900986947,,,,,2,2
2020-12-11 12:00:00+00:00,0.18743449449539185,-0.20190242207241593,,,,,,,,,,,,,,,,,0.12726473808288574,1.0040426766178911,,,,,2,2
2020-12-11 18:00:00+00:00,0.13591039180755615,-0.2758924215189662,,,,,,,,,,,,,,,,,0.1842813491821289,1.573381207374647,,,,,2,2
2020-12-12 00:00:00+00:00,0.15838873386383057,-0.9877781547091018,,,,,,,,,,,,,,,,,0.10343682765960693,0.3037920953701395,,,,,2,2
2020-12-12 06:00:00+00:00,0.18439412117004395,-2.474734798557818,,,,,,,,,,,,,,,,,,,0.15341925621032715,0.532220126679609,,,2,2
2020-12-12 12:00:00+00:00,,,0.22938913106918335,-1.5896450802479798,,,,,,,,,,,,,,,,,0.10939514636993408,0.8320305458705136,,,2,2
2020-12-12 18:00:00+00:00,,,0.16946035623550415,5.388138391240933,,,,,,,,,,,,,,,,,0.1409435272216797,0.3951263266892966,,,2,2
2020-12-13 00:00:00+00:00,,,0.16414207220077515,-1.4271499180642218,,,,,,,,,,,,,,,,,0.1606464385986328,0.14842319801401802,,,2,2
2020-12-13 06:00:00+00:00,,,0.20272135734558105,-0.8377253267500813,,,,,,,,,,,,,,,,,0.08352696895599365,0.9818962122529542,,,2,2
2020-12-13 12:00:00+00:00,,,0.1906907558441162,-1.7854080867625075,,,,,,,,,,,,,,,,,0.11888563632965088,1.4310229036423399,,,2,2
2020-12-13 18:00:00+00:00,,,0.26742756366729736,-2.9523773331633674,,,,,,,,,,,,,,,0.13196301460266113,0.7061447372953851,,,,,2,2
2020-12-14 00:00:00+00:00,,,0.16931575536727905,-3.64969618022854,,,,,,,,,,,,,,,0.09071516990661621,0.9001540578934555,,,,,2,2
2020-12-14 06:00:00+00:00,,,0.22535055875778198,-7.3514414938989034,,,,,,,,,0.2713719606399536,0.7231525285027544,,,,,0.15597712993621826,0.9227146745857789,,,,,3,3
2020-12-14 12:00:00+00:00,,,0.17935067415237427,-6.573839544715936,,,,,,,,,0.19542187452316284,0.7268328286221392,,,,,0.15639865398406982,2.092013409787281,,,,,3,3
2020-12-14 18:00:00+00:00,,,0.23519879579544067,-1.3551713520741808,,,,,,,,,0.07340770959854126,-0.08382199677568034,,,,,,,0.09452641010284424,0.2774557963352639,,,3,3
2020-12-15 00:00:00+00:00,,,0.24014133214950562,-4.271728101168747,,,,,,,,,0.10385680198669434,0.07349908509587387,,,,,,,0.08981406688690186,-0.7666029483824672,,,3,3
2020-12-15 06:00:00+00:00,,,0.2559025287628174,-21.831462191555403,,,,,,,,,0.10634791851043701,4.471058081968983,,,,,,,0.16692101955413818,1.4208126446651652,,,4,4
2020-12-15 12:00:00+00:00,,,0.22455048561096191,-3.600401098800591,,,,,,,,,0.19321930408477783,3.591293105905477,,,,,0.3523305654525757,-0.07593486118675688,0.18014311790466309,0.929489656523567,,,5,5
2020-12-15 18:00:00+00:00,,,0.20931917428970337,-8.628261407888118,,,,,,,,,0.20123934745788574,1.2693945916223772,,,,,,,0.2072216272354126,1.1750409126484487,,,4,4
2020-12-16 00:00:00+00:00,,,0.23391127586364746,-2.885837679084259,,,,,,,,,0.11052918434143066,-21.953137358749235,,,,,,,0.19401323795318604,1.334925658891743,,,3,3
2020-12-16 06:00:00+00:00,,,0.22348320484161377,-1.4236832953395195,,,,,,,,,0.28552424907684326,5.291608347615982,,,,,,,0.18632006645202637,1.71305030214702,,,4,4
2020-12-16 12:00:00+00:00,,,0.22488898038864136,-2.030730975368669,,,,,,,,,0.33893299102783203,3.607905381884326,,,,,,,0.16554319858551025,0.7106710088219798,,,4,4
2020-12-16 18:00:00+00:00,,,0.22197580337524414,-2.219200099188459,,,,,,,,,0.25437092781066895,5.618182925783731,,,,,,,0.17223453521728516,5.152406954485717,,,3,3
2020-12-17 00:00:00+00:00,,,0.23821181058883667,-1.8591619220246007,,,,,,,,,0.24012446403503418,6.981252298201901,,,,,,,0.15792512893676758,3.58266838937608,,,3,3
2020-12-17 06:00:00+00:00,,,0.18070030212402344,11.88248663328177,,,,,,,,,0.35251927375793457,14.796887553800692,,,,,,,0.12723779678344727,1.7419384009716958,,,3,3
2020-12-17 12:00:00+00:00,,,0.14610880613327026,-5.161450618471529,,,,,,,,,0.35117387771606445,7.083561219479506,,,,,,,0.17115485668182373,0.6925470915761345,,,3,3
2020-12-17 18:00:00+00:00,,,0.14572715759277344,-1.804266289286166,,,,,,,,,0.28899896144866943,5.222056774912212,,,,,,,0.17518985271453857,1.2257453950816553,,,3,3
2020-12-18 00:00:00+00:00,,,0.21262556314468384,-3.779609897304652,,,,,,,,,0.2683835029602051,5.838637130329556,,,,,,,0.14986038208007812,1.4528789828047461,,,3,3
2020-12-18 06:00:00+00:00,,,0.11443036794662476,28.026213476369325,,,,,,,,,,,0.30680668354034424,12.968425851917953,,,,,0.10266375541687012,1.2974240119438398,,,3,3
2020-12-18 12:00:00+00:00,,,0.22533464431762695,-0.7704604611505549,,,,,,,,,,,0.31294190883636475,10.825437390429967,,,,,0.14757108688354492,2.0619351050928403,,,3,3
2020-12-18 18:00:00+00:00,,,0.22076904773712158,-2.1268260462326505,,,,,,,,,,,0.3199183940887451,9.0205526092142,,,,,0.15504777431488037,2.243409426477607,,,3,3
2020-12-19 00:00:00+00:00,,,0.10264939069747925,-1.3872352235887955,,,,,,,,,,,0.3669167757034302,12.380547246987982,,,,,0.14601850509643555,2.5564521238597266,,,3,3
2020-12-19 06:00:00+00:00,,,0.24059748649597168,-33.14051134479134,0.033352553844451904,-0.07811322427611206,,,,,,,,,0.30933380126953125,6.041543363234727,,,,,0.22318124771118164,1.5505545842271014,,,4,4
2020-12-19 12:00:00+00:00,,,0.2211032509803772,-3.4055535632427634,0.14127850532531738,-0.11415842695022747,,,,,,,,,0.3865014314651489,7.042899474814752,,,,,0.22614872455596924,2.5557287745844732,,,4,4
2020-12-19 18:00:00+00:00,,,0.07010155916213989,-1.2735081835355215,0.14942121505737305,-0.8963242087414912,,,,,,,,,0.3751835823059082,13.300382002712858,,,,,0.17899978160858154,1.0657447197629277,,,4,4
2020-12-20 00:00:00+00:00,,,0.20041728019714355,-3.1118999134534238,,,,,,,,,,,0.31383848190307617,5.017974717703744,,,,,0.18798470497131348,2.1376462003001717,,,3,3
2020-12-20 06:00:00+00:00,,,0.200178861618042,-0.9871809557167592,,,,,,,,,,,0.38821423053741455,6.677531136480714,,,,,0.19570183753967285,1.4457166241608927,0.2027682065963745,1.3082313426591543,5,5
2020-12-20 12:00:00+00:00,,,0.13536304235458374,-0.8640688127444015,,,,,,,,,,,0.3354078531265259,7.027240270104814,,,,,0.2328500747680664,5.220195169806565,0.024598121643066406,-0.8484282633593278,5,5
2020-12-20 18:00:00+00:00,,,0.12839967012405396,-1.0165591277345292,,,,,,,,,,,0.29737985134124756,2.3826655468957227,0.1410130262374878,-0.3309972911563617,,,0.1544104814529419,1.7283160139085374,,,5,5
2020-12-21 00:00:00+00:00,,,0.14883697032928467,-0.9559356821394337,,,,,,,,,,,0.2695276737213135,3.3950493791355423,0.09179699420928955,1.1570885599618983,,,0.17719006538391113,6.842244046769849,,,4,4
2020-12-21 06:00:00+00:00,,,0.13921821117401123,-0.8556088451521631,,,,,,,,,,,,,0.3004775047302246,0.07763365709753332,,,0.23001515865325928,7.464156823283146,,,3,3
2020-12-21 12:00:00+00:00,,,0.19219154119491577,-0.5161645272965347,,,,,,,,,,,,,0.1564028263092041,0.1689425195563428,,,0.2580080032348633,10.020280557656976,,,3,3
2020-12-21 18:00:00+00:00,,,0.09862399101257324,-0.7097038091335678,,,,,,,,,,,,,0.08880436420440674,0.7336159994912482,,,0.18783223628997803,4.645692133500506,,,3,3
2020-12-22 00:00:00+00:00,,,0.09760147333145142,20.68443972701393,,,,,,,,,,,0.41435694694519043,8.51610318480241,0.05512881278991699,0.6248674542715725,,,0.19388866424560547,3.650284070683302,,,4,4
2020-12-22 06:00:00+00:00,,,0.1606324315071106,-0.6642949682742859,,,,,,,,,,,0.33138084411621094,10.101643442966603,0.1798408031463623,0.9615494885360573,,,0.16559255123138428,2.5401365566570915,,,4,4
2020-12-22 12:00:00+00:00,,,0.1751880645751953,-2.8287291337401763,,,,,,,,,,,,,0.41727328300476074,8.991252522961984,,,0.2109006643295288,1.8431446977468824,,,4,4
2020-12-22 18:00:00+00:00,,,0.1647028923034668,-4.841578964024939,,,,,,,,,,,,,0.21492254734039307,0.4664905758031223,,,0.1641024351119995,1.6942312201674412,,,3,3
2020-12-23 00:00:00+00:00,,,0.12279224395751953,-1.5075468319626233,,,,,,,,,,,,,0.2626948356628418,0.3247861385393197,,,0.2093278169631958,11.082508573611307,,,3,3
2020-12-23 06:00:00+00:00,,,0.1989727020263672,-0.9492099102034931,,,,,,,,,,,,,0.7154358625411987,0.8781975502816789,,,0.18775272369384766,3.6358708017579757,,,3,3
2020-12-23 12:00:00+00:00,,,0.05559587478637695,-0.40030604079276005,,,,,,,,,,,,,0.24637877941131592,6.536418549527445,,,0.24630403518676758,3.6978975453839844,,,3,3
2020-12-23 18:00:00+00:00,,,0.12749618291854858,-0.646334004473527,,,,,,,,,,,,,0.35011494159698486,9.863912670052551,,,0.2054358720779419,1.369888391268924,,,3,3
2020-12-24 00:00:00+00:00,,,0.06869876384735107,-1.3607412761456337,,,,,,,,,,,,,0.2864851951599121,6.372979828236958,,,0.17407619953155518,1.1979828772465948,,,3,3
2020-12-24 06:00:00+00:00,,,0.16903257369995117,-25.812000272917512,,,,,0.038085222244262695,-3.3296283930665544,,,,,,,0.23125112056732178,1.918858206175122,,,0.17383742332458496,2.5297966862832375,,,4,4
2020-12-24 12:00:00+00:00,,,0.19953560829162598,-0.8961377765589057,,,,,0.5156769454479218,-7.378219781999644,,,,,,,0.39294159412384033,10.32710902912631,,,0.23031854629516602,4.016123238536,,,4,4
2020-12-24 18:00:00+00:00,,,0.1946207880973816,-3.6588335961613785,,,,,0.4169113039970398,-7.106649501159848,,,,,,,0.2333463430404663,4.031087509664631,,,0.15773260593414307,1.2016104373919252,,,4,4
2020-12-25 00:00:00+00:00,,,0.10698133707046509,10.823388918410929,,,,,0.34856611490249634,-0.7205865210300292,,,,,,,0.09501606225967407,0.3138588531745246,,,0.11789059638977051,1.3169514303495422,,,4,4
2020-12-25 06:00:00+00:00,,,0.15603309869766235,-1.907864931588082,,,,,,,,,,,,,0.013039469718933105,0.4893315343463869,,,0.13250386714935303,2.1904642153055764,,,3,3
2020-12-25 12:00:00+00:00,,,0.13313895463943481,-0.6240366272782812,,,,,0.6889523267745972,-9.74894684901942,,,,,,,,,,,0.1878281831741333,2.0097828258869916,,,3,3
2020-12-25 18:00:00+00:00,,,0.11671251058578491,-0.6301237801664272,,,,,0.45985668897628784,-11.15449876571191,,,,,,,,,,,0.17319214344024658,0.8832246328299268,,,3,3
2020-12-26 00:00:00+00:00,,,0.09878659248352051,-1.8078554553585733,,,,,0.4063188433647156,-8.723683266931111,,,,,,,,,,,0.06913971900939941,1.2170293788699516,,,3,3
2020-12-26 06:00:00+00:00,,,0.12782204151153564,-7.8208848967487565,,,,,0.4901389479637146,-7.183878060310617,,,,,,,,,,,0.1369558572769165,0.7185886494686192,,,3,3
2020-12-26 12:00:00+00:00,,,0.10999852418899536,-0.1966141451415948,,,,,0.3953128457069397,-11.78754249701331,,,,,,,,,,,0.13943111896514893,0.6972571409183833,,,3,3
2020-12-26 18:00:00+00:00,,,0.1789296269416809,-1.2741136082937696,,,,,0.4075234532356262,-8.385709982119032,,,,,,,,,0.07726895809173584,0.12597854900848982,0.19304192066192627,0.9512927237779645,,,4,4
2020-12-27 00:00:00+00:00,,,0.16458600759506226,-1.207507672314843,,,,,0.3791041374206543,-7.2611413268259914,,,,,,,,,,,0.14798378944396973,0.4568581110278564,,,3,3
2020-12-27 06:00:00+00:00,,,0.24548625946044922,19.096384145467212,,,,,0.32073742151260376,-0.3614936541986409,,,,,,,,,,,0.13035523891448975,1.216578421772994,,,3,3
2020-12-27 12:00:00+00:00,,,0.3190622329711914,-30.21324713670771,,,,,0.3986142873764038,-0.8027936495644861,,,,,,,,,,,0.247033953666687,1.5179745785327816,,,3,3
2020-12-27 18:00:00+00:00,,,0.17453378438949585,-0.479241525270854,,,,,0.41633665561676025,-6.297676775130527,,,,,,,,,,,0.12359726428985596,0.9192844845028949,0.2969455122947693,-0.6062811892068551,4,4
2020-12-28 00:00:00+00:00,,,0.10092490911483765,-1.6887364641685316,,,,,,,,,,,,,,,,,0.1123659610748291,1.0434384936101486,0.4693789482116699,0.33962532875615936,3,3
2020-12-28 06:00:00+00:00,,,0.10857784748077393,-0.5571897377042778,,,,,,,,,,,,,,,,,0.13868045806884766,0.1770244139113687,,,3,2
2020-12-28 12:00:00+00:00,,,0.00832509994506836,25.46970890539561,,,,,,,,,,,,,,,,,0.13366472721099854,1.9475282442250947,,,2,2
2020-12-28 18:00:00+00:00,,,0.1808658242225647,-3.8768895828904864,,,,,,,,,,,,,,,,,0.16668379306793213,0.445560381030115,,,2,2
2020-12-29 00:00:00+00:00,,,0.22588062286376953,24.478636369088154,,,,,,,,,,,,,,,,,0.11531722545623779,0.34651391842374185,,,2,2
2020-12-29 06:00:00+00:00,,,0.2147057056427002,-1.9143935321287822,,,,,,,,,,,,,,,,,0.20229744911193848,1.5341307114407154,,,2,2
2020-12-29 12:00:00+00:00,,,,,0.1327197551727295,18.9701438444095,,,,,,,,,,,,,,,0.2054988145828247,2.9720561051119008,,,3,2
2020-12-29 18:00:00+00:00,,,,,0.4114171266555786,15.919050679412017,,,,,,,,,,,,,,,0.16229510307312012,1.0852442521788872,,,3,2
2020-12-30 00:00:00+00:00,,,0.005199432373046875,-1.0644180551862479,0.18033725023269653,0.4727339040696431,,,,,,,,,,,,,,,0.06233203411102295,0.48581569707520966,,,4,3
2020-12-30 06:00:00+00:00,,,0.2565082311630249,-0.5019066425545615,,,0.6622577011585236,-6.86639534303832,,,,,,,,,,,,,0.05932438373565674,-0.18346322734969614,,,5,3
2020-12-31 00:00:00+00:00,0.19698256254196167,-0.5138211767649276,,,0.011485159397125244,0.009951993810475708,,,0.38675469160079956,-3.564053857158347,,,,,,,,,,,0.1380479335784912,0.6035596634507693,,,4,4
2020-12-31 06:00:00+00:00,0.06983327865600586,-0.11794898249032326,,,0.4884480834007263,-0.265454050285183,,,0.6022512018680573,-7.764831453486805,,,,,,,,,,,0.14469075202941895,2.2313457837864035,,,5,4
2020-12-31 12:00:00+00:00,0.04653346538543701,-0.26411530275210016,0.32490622997283936,0.5782418030028769,0.20342397689819336,0.8984744101865716,,,0.6081115305423737,-8.339989342650451,,,,,,,,,,,0.1717967987060547,1.0796935973965323,,,6,5
2020-12-31 18:00:00+00:00,0.09915775060653687,-0.440909167683991,,,,,,,0.5811322033405304,-5.030289104864565,,,,,,,,,,,0.1880950927734375,0.5350342839179836,,,3,3
