timestamp,global_R2,global_energy,global_entropy,global_variance
2012-01-01 00:00:00+00:00,0.0866309404373169,76.90775299072266,2.8286172432181464,76.63956451416016
2012-01-01 06:00:00+00:00,0.1035197973251342,148.069580078125,1.699449157564493,147.6983184814453
2012-01-01 12:00:00+00:00,0.2620344161987304,2042.665283203125,0.6280893587939419,2039.4241943359373
2012-01-01 18:00:00+00:00,0.186661958694458,86.08109283447266,3.0133184168397062,84.79613494873047
2012-01-02 00:00:00+00:00,0.1109280586242675,64.62535858154297,3.549690518846977,64.18455505371094
2012-01-02 06:00:00+00:00,0.0157759189605712,443.9038391113281,1.748280458889783,443.8933410644531
2012-01-02 12:00:00+00:00,0.170353889465332,74.03529357910156,3.309401308374212,72.97750854492188
2012-01-02 18:00:00+00:00,0.1280313730239868,81.8621597290039,3.208352297401172,81.31292724609375
2012-01-03 00:00:00+00:00,0.191489577293396,119.33013916015624,2.787779305695852,117.9341812133789
2012-01-03 06:00:00+00:00,0.1317811012268066,53.579219818115234,3.87051983182816,53.02897262573242
2012-01-03 12:00:00+00:00,0.1256109476089477,63.08818817138672,3.3634592403101187,62.560997009277344
2012-01-03 18:00:00+00:00,0.0396249294281005,62.112911224365234,3.788581598020791,62.05510711669922
2012-01-04 00:00:00+00:00,0.1073219776153564,58.30646896362305,3.8416730309380873,57.89904022216797
2012-01-04 06:00:00+00:00,0.0548509359359741,48.11050415039063,3.919587396097084,48.026397705078125
2012-01-04 12:00:00+00:00,0.1331138610839843,50.73395156860352,3.824152973483992,50.21962356567383
2012-01-04 18:00:00+00:00,0.1758620738983154,61.132850646972656,3.970129422604641,60.07316207885742
2012-01-05 00:00:00+00:00,0.1413918733596801,63.21510696411133,3.941130933803696,62.48810195922852
2012-01-05 06:00:00+00:00,0.0937288999557495,77.6705322265625,3.2636137577162003,77.36862182617188
2012-01-05 12:00:00+00:00,0.4190976619720459,6514.86572265625,0.5096689477649963,6501.068359375
2012-01-05 18:00:00+00:00,0.0535796880722045,55.66227722167969,3.4190964026190067,55.57358551025391
2012-01-06 00:00:00+00:00,0.0247805118560791,65.87740325927734,3.184170084808988,65.85746002197266
2012-01-06 06:00:00+00:00,0.0262855291366577,479.649658203125,1.4819177009837452,479.6210632324219
2012-01-06 12:00:00+00:00,0.0941791534423828,59.06330871582031,3.558544443290324,58.78874206542969
2012-01-06 18:00:00+00:00,0.0403533577919006,123.88628387451172,2.630126864755303,123.82564544677734
2012-01-07 00:00:00+00:00,0.05353444814682,536.9663696289062,1.6494605962755884,536.814453125
2012-01-07 06:00:00+00:00,0.0348957777023315,345.5278015136719,1.5014830466232951,345.47509765625
2012-01-07 12:00:00+00:00,0.0858659744262695,296.7392883300781,1.6374041856250632,296.4261474609375
2012-01-07 18:00:00+00:00,0.131731629371643,368.5299682617188,1.568932793856178,367.7251281738281
2012-01-08 00:00:00+00:00,0.2030130624771118,237.185546875,2.190764092357047,235.44381713867188
2012-01-08 06:00:00+00:00,0.1630674600601196,267.0094909667969,1.9598459961582704,265.8123474121094
2012-01-08 12:00:00+00:00,0.18085777759552,326.4572448730469,1.6233302974581616,325.23193359375
2012-01-08 18:00:00+00:00,0.2109276056289672,263.6244506835937,1.7184740375390382,261.8783874511719
2012-01-09 00:00:00+00:00,0.2630693912506103,241.2108917236328,2.2531388546217386,238.37408447265625
2012-01-09 06:00:00+00:00,0.3008648157119751,142.9071807861328,2.641099444503276,139.62977600097656
2012-01-09 12:00:00+00:00,0.3448824882507324,258.5042724609375,2.286729124321644,253.69094848632807
2012-01-09 18:00:00+00:00,0.2610491514205932,234.5518493652344,1.8129908280152531,231.51235961914065
2012-01-10 00:00:00+00:00,0.208067774772644,385.1271667480469,1.6216175810937274,382.9013366699219
2012-01-10 06:00:00+00:00,0.2248693704605102,173.8539276123047,2.145692566631623,171.9922637939453
2012-01-10 12:00:00+00:00,0.2513905763626098,173.4828338623047,2.2423739192752143,171.10218811035156
2012-01-10 18:00:00+00:00,0.0984245538711547,231.27468872070312,2.077175332546876,230.8555908203125
2012-01-11 00:00:00+00:00,0.0825695395469665,368.5604248046875,1.850834128912611,368.2361450195313
2012-01-11 06:00:00+00:00,0.1563196182250976,190.7255706787109,2.4457548787859458,189.76889038085935
2012-01-11 12:00:00+00:00,0.1829779744148254,160.78541564941406,2.041434590191089,159.67308044433594
2012-01-12 00:00:00+00:00,0.3829172849655151,236.62974548339844,2.3094686134424256,230.0432586669922
2012-01-12 06:00:00+00:00,0.4634403586387634,312.28125,2.0187572110793384,303.27557373046875
2012-01-12 12:00:00+00:00,0.4886890053749084,434.9201049804688,1.6986620126438898,424.29632568359375
2012-01-12 18:00:00+00:00,0.510267049074173,323.54620361328125,2.229700911850558,310.20263671875
2012-01-13 00:00:00+00:00,0.4964029192924499,375.3270263671875,2.071937387742929,362.6593627929688
2012-01-13 06:00:00+00:00,0.5993646681308746,678.9298706054688,1.8067890541271336,656.842041015625
2012-01-13 12:00:00+00:00,0.5764983892440796,731.0425415039062,1.8252107648274905,708.2752075195312
2012-01-13 18:00:00+00:00,0.5294260382652283,463.2257995605469,2.0836366051141684,444.3095397949219
2012-01-14 00:00:00+00:00,0.5018735826015472,425.779296875,2.2018783321194886,412.4431457519531
2012-01-14 06:00:00+00:00,0.717246800661087,2029.718505859375,1.6493037984597176,1959.847900390625
2012-01-14 12:00:00+00:00,0.2638416290283203,19.864246368408203,3.1040740215301854,19.111019134521484
2012-01-14 18:00:00+00:00,0.0169728994369506,49.35569381713867,3.571767290028485,49.34870910644531
2012-01-15 00:00:00+00:00,0.2803664803504944,97.32051849365234,3.218084468201144,94.8158721923828
2012-01-15 06:00:00+00:00,0.1920599937438964,62.597900390625,3.3478437238798,61.639766693115234
2012-01-15 12:00:00+00:00,0.3544161915779114,57.17415237426758,3.746589653181801,53.466529846191406
2012-01-15 18:00:00+00:00,0.0848895907402038,181.9644470214844,2.643561508191329,181.7503967285156
2012-01-16 00:00:00+00:00,0.561130166053772,157.49383544921875,2.856900348050416,143.86978149414062
2012-01-16 06:00:00+00:00,0.314852237701416,155.2790069580078,2.9295584674873423,151.5493927001953
2012-01-16 12:00:00+00:00,1.0,1282.2607421875,0.6286228821584601,1282.2303466796875
2012-01-16 18:00:00+00:00,1.0,1386.3206787109375,0.9842981307231292,1386.297607421875
2012-01-17 00:00:00+00:00,1.0,1490.65087890625,0.6239765872266617,1490.6328125
2012-01-17 06:00:00+00:00,0.0872732400894165,28.441957473754883,3.233201094259079,28.342308044433597
2012-01-17 12:00:00+00:00,0.0343793630599975,67.33243560791016,3.41142557450757,67.29131317138672
2012-01-17 18:00:00+00:00,0.0030330419540405,71.23544311523438,3.2939301986216742,71.23516845703125
2012-01-18 00:00:00+00:00,1.0,1917.4395751953125,0.9175520321155872,1917.439453125
2012-01-18 06:00:00+00:00,0.2186282873153686,65.05680847167969,3.520970384464773,63.51119613647461
2012-01-18 12:00:00+00:00,0.4988875389099121,192.64552307128903,3.0075578360470976,180.7987518310547
2012-01-19 00:00:00+00:00,1.0,2372.017578125,0.6539303187526189,2372.016357421875
2012-01-19 06:00:00+00:00,0.9076378270983696,4.64827299118042,1.7917594692280547,2.806123733520508
2012-01-19 12:00:00+00:00,0.0171347260475158,45.38943862915039,3.786497143467048,45.38117599487305
2012-01-19 18:00:00+00:00,0.3233183622360229,131.2113494873047,2.720525999824439,128.0951690673828
2012-01-20 00:00:00+00:00,0.1928542852401733,58.99838638305664,3.568716558695992,57.9308967590332
2012-01-20 06:00:00+00:00,0.1614679098129272,46.47743225097656,3.2126484005761102,45.88578796386719
2012-01-20 12:00:00+00:00,0.1223562955856323,50.084938049316406,2.7557695821903634,49.764278411865234
2012-01-20 18:00:00+00:00,0.1851574182510376,77.73391723632812,2.9544390526531696,76.74368286132812
2012-01-21 00:00:00+00:00,0.1165132522583007,70.89322662353516,3.042967101637521,70.50440216064453
2012-01-21 06:00:00+00:00,0.1345720291137695,51.69736099243164,3.0268779193614423,51.27544021606445
2012-01-21 12:00:00+00:00,0.1436507701873779,50.38159942626953,2.663680865220013,49.91425323486328
2012-01-21 18:00:00+00:00,0.1997174024581909,103.7614288330078,2.1878046176573718,102.63397216796876
2012-01-22 00:00:00+00:00,0.2062264680862426,89.58362579345703,2.6892269735980774,88.27758026123047
2012-01-22 06:00:00+00:00,0.1310412883758545,75.14054870605469,1.7885781805085983,74.7401123046875
2012-01-22 12:00:00+00:00,0.1958144903182983,80.4680404663086,1.90467541772642,79.57605743408203
2012-01-22 18:00:00+00:00,0.1666015386581421,88.060791015625,1.834949871405418,87.31297302246094
2012-01-23 00:00:00+00:00,0.1883549690246582,77.32132720947266,2.369902558329889,76.26292419433594
2012-01-23 06:00:00+00:00,0.2605932950973511,110.3641128540039,1.751211115446055,108.68392944335938
2012-01-23 12:00:00+00:00,0.1952160596847534,77.15169525146484,2.239709560614939,76.2733383178711
2012-01-23 18:00:00+00:00,0.232145071029663,102.79115295410156,1.8865083193808363,101.26792907714844
2012-01-24 00:00:00+00:00,0.2094604969024658,131.7495880126953,1.599467331614379,130.49334716796875
2012-01-24 06:00:00+00:00,0.2404127120971679,114.33634948730467,1.7720863082345613,112.84722900390624
2012-01-24 12:00:00+00:00,0.2323362827301025,99.60122680664062,1.803511661441691,98.35870361328124
2012-01-24 18:00:00+00:00,0.1960357427597046,141.0927734375,1.5023312931062192,139.97129821777344
2012-01-25 00:00:00+00:00,0.2031970024108886,100.78104400634766,1.672163486042818,99.68504333496094
2012-01-25 06:00:00+00:00,0.2337151765823364,95.18008422851562,1.8212005884647944,93.79149627685548
2012-01-25 12:00:00+00:00,0.2609375715255737,82.77764129638672,2.2502319159126936,81.12287902832031
2012-01-25 18:00:00+00:00,0.2185096740722656,97.10047912597656,1.9578544215073037,95.8100128173828
2012-01-26 00:00:00+00:00,0.23299241065979,110.97174835205078,1.6087626121403962,109.52410888671876
2012-01-26 06:00:00+00:00,0.2330975532531738,87.71617889404297,1.7978399229608977,86.29813385009766
2012-01-26 12:00:00+00:00,0.2086589336395263,78.33578491210938,1.8325736578488327,77.32523345947266
2012-01-26 18:00:00+00:00,0.2009904384613037,125.90340423583984,1.360734258850477,124.86994171142578
2012-01-27 00:00:00+00:00,0.2018483877182006,58.28594207763672,2.441330282887841,57.37215042114258
2012-01-27 06:00:00+00:00,0.216758131980896,54.56865310668945,2.513487482705308,53.5573844909668
2012-01-27 12:00:00+00:00,0.2235431671142578,55.32039260864258,2.6773402672404245,54.22861099243164
2012-01-27 18:00:00+00:00,0.2460604906082153,66.48087310791016,2.594620715589735,65.01129913330078
2012-01-28 00:00:00+00:00,0.2514135837554931,59.65106964111328,2.592517542724197,58.20159912109375
2012-01-28 06:00:00+00:00,0.2526766061782837,53.12543487548828,2.651560146368598,51.74615097045898
2012-01-28 12:00:00+00:00,0.2579489946365356,63.49364471435547,2.454802933110241,62.07144546508789
2012-01-28 18:00:00+00:00,0.2223919630050659,56.04035568237305,2.623658046082393,54.90200805664063
2012-01-29 00:00:00+00:00,0.222691535949707,75.80210876464844,1.9246606067957035,74.76542663574219
2012-01-29 06:00:00+00:00,0.233504056930542,49.907752990722656,2.640479596693672,48.74077224731445
2012-01-29 12:00:00+00:00,0.2219127416610717,46.60580062866211,2.8301292872235497,45.65422821044922
2012-01-29 18:00:00+00:00,0.1741989850997924,42.02518844604492,3.119482224924507,41.38623809814453
2012-01-30 00:00:00+00:00,0.0516211986541748,32.083518981933594,3.422725621838557,32.03618240356445
2012-01-30 06:00:00+00:00,0.0759921073913574,38.78995132446289,3.1724429253772755,38.67483901977539
2012-01-30 12:00:00+00:00,0.0368311405181884,63.46582794189453,2.2905474028228205,63.43635559082031
2012-01-30 18:00:00+00:00,0.0106620788574218,63.2132682800293,2.3710062272312,63.21072006225586
2012-01-31 00:00:00+00:00,0.1260994672775268,93.29240417480467,2.560095507210578,92.86351013183594
2012-01-31 06:00:00+00:00,0.0838550329208374,97.16891479492188,2.054897142499091,97.01962280273438
2012-01-31 12:00:00+00:00,0.0786548852920532,80.73439025878906,2.2582382528922578,80.60718536376953
2012-01-31 18:00:00+00:00,0.1577720642089843,95.4447250366211,2.285436499499584,94.8326416015625
2012-02-01 00:00:00+00:00,0.124466598033905,98.78809356689452,2.186391565625122,98.3886947631836
2012-02-01 06:00:00+00:00,0.11628603935241699,147.00283813476562,2.069965353508988,146.62998962402344
2012-02-01 12:00:00+00:00,0.10239225625991821,111.88433837890625,1.8119599597427545,111.6597671508789
2012-02-01 18:00:00+00:00,0.17273080348968506,110.44894409179688,2.2044703152579874,109.69132995605469
2012-02-02 00:00:00+00:00,0.14504510164260864,91.46432495117188,2.334993024942557,91.00475311279297
2012-02-02 06:00:00+00:00,0.12092500925064087,60.78456115722656,2.777313110500975,60.46717834472656
2012-02-02 12:00:00+00:00,0.151669442653656,76.57555389404297,2.5550310603429236,76.13267517089844
2012-02-02 18:00:00+00:00,0.19100481271743774,105.54064178466797,2.394462102233765,104.70184326171875
2012-02-03 00:00:00+00:00,0.17582553625106812,231.81858825683594,1.517948773812225,230.9625244140625
2012-02-03 06:00:00+00:00,0.14781641960144043,108.83915710449219,2.426124328052446,108.32621765136719
2012-02-03 12:00:00+00:00,0.053792357444763184,74.09459686279297,2.5383389145989574,74.02918243408203
2012-02-03 18:00:00+00:00,0.025542616844177246,112.87105560302734,2.199665074610774,112.85194396972656
2012-02-04 00:00:00+00:00,0.2586761713027954,152.3032989501953,2.444451943497234,149.94309997558594
2012-02-04 06:00:00+00:00,0.23422205448150635,116.26982116699219,2.325623515756369,114.84632110595703
2012-02-04 12:00:00+00:00,0.3580425977706909,105.0958480834961,2.638610382935664,101.73886108398438
2012-02-04 18:00:00+00:00,0.2706949710845947,263.37847900390625,1.3174717057164451,261.105712890625
2012-02-05 00:00:00+00:00,0.4418522119522095,221.99649047851562,1.9824102488012567,215.5482177734375
2012-02-05 06:00:00+00:00,0.40117013454437256,199.1490478515625,2.0180775188378153,194.0996551513672
2012-02-05 12:00:00+00:00,0.3904142379760742,115.90453338623047,2.0838741869808795,111.87774658203125
2012-02-05 18:00:00+00:00,0.40686798095703125,141.93392944335938,2.3998362841631087,136.6704864501953
2012-02-06 00:00:00+00:00,0.4600180387496948,348.82830810546875,1.6206522033973287,341.2546691894531
2012-02-06 06:00:00+00:00,0.5024436712265015,186.4359588623047,2.2900525875678155,178.3450469970703
2012-02-06 12:00:00+00:00,0.3703223466873169,130.0231170654297,2.1767816653632512,126.4649887084961
2012-02-06 18:00:00+00:00,0.36794471740722656,165.8040313720703,1.6519016670678348,161.78231811523438
2012-02-07 00:00:00+00:00,0.454645037651062,264.8829650878906,1.8866422381684917,258.0547790527344
2012-02-07 06:00:00+00:00,0.4402958154678345,235.49595642089844,1.9527448964600755,228.744384765625
2012-02-07 12:00:00+00:00,0.46048474311828613,151.05946350097656,2.1623839291462685,144.98561096191406
2012-02-07 18:00:00+00:00,0.45068180561065674,239.31948852539062,1.7074630941609124,233.09283447265625
2012-02-08 00:00:00+00:00,0.4237438440322876,195.53346252441406,1.8806022653421046,190.4379425048828
2012-02-08 06:00:00+00:00,0.45927155017852783,265.8719482421875,1.7022494011338911,258.2008361816406
2012-02-08 12:00:00+00:00,0.4093129634857178,147.59701538085938,1.8485326234671737,142.8504638671875
2012-02-08 18:00:00+00:00,0.342704176902771,174.3074493408203,1.9268671470629366,170.74366760253906
2012-02-09 00:00:00+00:00,0.31586313247680664,171.1830596923828,1.7747025499650178,168.19395446777344
2012-02-09 06:00:00+00:00,0.28835391998291016,341.1217346191406,1.3719978590312365,338.0458068847656
2012-02-09 12:00:00+00:00,0.3122960329055786,96.9124755859375,2.0473684305867064,94.49414825439453
2012-02-09 18:00:00+00:00,0.13444876670837402,99.31307220458984,2.234170473817319,98.85340881347656
2012-02-10 00:00:00+00:00,0.1480637788772583,72.98347473144531,2.1444441763322524,72.52030181884766
2012-02-10 06:00:00+00:00,0.13969290256500244,75.49357604980469,2.428883615878509,75.01432037353516
2012-02-10 12:00:00+00:00,0.15320754051208496,653.0484008789062,1.0213905923646602,652.3257446289062
2012-02-10 18:00:00+00:00,0.07351338863372803,617.510986328125,0.8891162234188016,617.3707885742188
2012-02-11 00:00:00+00:00,0.22835493087768555,1078.02197265625,0.9514120886638138,1076.2535400390625
2012-02-11 06:00:00+00:00,0.03376054763793945,31.59632682800293,3.489298397358772,31.5768985748291
2012-02-11 12:00:00+00:00,0.07255339622497559,398.09649658203125,1.503455152633286,397.96038818359375
2012-02-11 18:00:00+00:00,0.10761326551437378,486.398193359375,1.5611479813628142,486.081787109375
2012-02-12 00:00:00+00:00,0.09459555149078369,27.951141357421875,3.834499028012438,27.800413131713867
2012-02-12 06:00:00+00:00,0.18231254816055298,40.871341705322266,3.4507549546684277,40.238258361816406
2012-02-12 12:00:00+00:00,0.240977942943573,93.53963470458984,2.544065072187086,92.21451568603516
2012-02-12 18:00:00+00:00,0.24982774257659912,47.103492736816406,3.0684986087187305,46.00248718261719
2012-02-13 00:00:00+00:00,0.38132423162460327,83.01864624023438,2.7211503540592448,79.86457061767578
2012-02-13 06:00:00+00:00,0.2635036110877991,72.7669906616211,2.8135696005587185,71.39421081542969
2012-02-13 12:00:00+00:00,0.3316243290901184,90.52545928955078,2.1972426185888168,88.52381134033203
2012-02-13 18:00:00+00:00,0.29667967557907104,81.7126235961914,2.4015991155099776,79.8410873413086
2012-02-14 00:00:00+00:00,0.3510083556175232,90.58670806884766,2.475335628755716,88.09449005126953
2012-02-14 06:00:00+00:00,0.3287275433540344,51.81975555419922,2.991491630381992,49.90250778198242
2012-02-14 12:00:00+00:00,0.3227681517601013,85.49766540527344,2.509715667981385,83.63518524169922
2012-02-14 18:00:00+00:00,0.31933683156967163,67.68319702148438,2.5823017622318405,65.73439025878906
2012-02-15 00:00:00+00:00,0.391093909740448,155.49063110351562,1.8394131166532408,152.2030487060547
2012-02-15 06:00:00+00:00,0.40128737688064575,80.67135620117188,2.354237958456945,77.56803894042969
2012-02-15 12:00:00+00:00,0.30285197496414185,92.50999450683594,2.2319135482171295,90.8744888305664
2012-02-15 18:00:00+00:00,0.2611410617828369,69.35230255126953,2.5657129334045217,68.06338500976562
2012-02-16 00:00:00+00:00,0.24130791425704956,42.41825485229492,2.6078746548421745,41.59355926513672
2012-02-16 06:00:00+00:00,0.3027802109718323,78.1302490234375,2.7913410052959193,75.96892547607422
2012-02-16 12:00:00+00:00,0.18756961822509766,51.18985366821289,2.495637601321364,50.61927032470703
2012-02-16 18:00:00+00:00,0.15881788730621338,64.61634063720703,2.4438793235057417,64.15021514892578
2012-02-17 00:00:00+00:00,0.07041889429092407,51.79861068725586,2.4001069426202024,51.72488784790039
2012-02-17 06:00:00+00:00,0.0496867299079895,107.30028533935547,1.854614781780112,107.24227142333984
2012-02-17 12:00:00+00:00,0.1752021312713623,65.91044616699219,2.4695549609722893,65.22721862792969
2012-02-17 18:00:00+00:00,0.2853139638900757,60.897396087646484,2.4181250268192365,59.20616149902344
2012-02-18 00:00:00+00:00,0.2800389528274536,58.49470520019531,2.608797132939311,56.9127197265625
2012-02-18 06:00:00+00:00,0.2305055856704712,92.4850845336914,1.7038222708268078,91.53538513183594
2012-02-18 12:00:00+00:00,0.1558440923690796,95.23805236816406,1.711906207206621,94.81781768798828
2012-02-18 18:00:00+00:00,0.272432804107666,45.50314712524414,2.7402690379986443,44.35252380371094
2012-02-19 00:00:00+00:00,0.1685011386871338,43.59880828857422,2.6631977937894624,43.120887756347656
2012-02-19 06:00:00+00:00,0.21337461471557617,60.463714599609375,2.0112810538721413,59.669864654541016
2012-02-19 12:00:00+00:00,0.28134119510650635,69.735107421875,1.8111323826015437,68.53353881835938
2012-02-19 18:00:00+00:00,0.25085997581481934,215.2278289794922,1.08775831333838,213.89956665039062
2012-02-20 00:00:00+00:00,0.32036054134368896,53.30373001098633,2.805580597546051,51.413818359375
2012-02-20 06:00:00+00:00,0.3555494546890259,77.7729263305664,2.2636760528380444,75.28538513183594
2012-02-20 12:00:00+00:00,0.3343309164047241,87.42274475097656,1.802856967229297,85.55545043945312
2012-02-20 18:00:00+00:00,0.3059084415435791,65.89152526855469,2.2924768178694324,64.15290832519531
2012-02-21 00:00:00+00:00,0.2938278913497925,133.0147247314453,1.853805898238263,131.15423583984375
2012-02-21 06:00:00+00:00,0.27149665355682373,85.92716217041016,2.331223812172085,84.3650894165039
2012-02-21 12:00:00+00:00,0.2463984489440918,59.90327072143555,2.4907066366285413,58.75083541870117
2012-02-21 18:00:00+00:00,0.2485562562942505,60.78993606567383,2.2334994294407777,59.51593780517578
2012-02-22 00:00:00+00:00,0.29342174530029297,67.04493713378906,2.4706594019609045,65.27083587646484
2012-02-22 06:00:00+00:00,0.2985020875930786,78.1352767944336,2.364352157092898,76.08450317382812
2012-02-22 12:00:00+00:00,0.2957545518875122,81.21495056152344,2.2444729720253487,79.3297348022461
2012-02-22 18:00:00+00:00,0.26535582542419434,73.24774932861328,2.2915339542968325,71.62954711914062
2012-02-23 00:00:00+00:00,0.2585604190826416,68.09759521484375,2.2394265903127475,66.74992370605469
2012-02-23 06:00:00+00:00,0.23713326454162598,79.3913803100586,1.7111915593904787,78.08955383300781
2012-02-23 12:00:00+00:00,0.2793792486190796,80.00296783447266,1.5514618218207565,78.32718658447266
2012-02-23 18:00:00+00:00,0.22478866577148438,58.78695297241211,2.690994204398649,57.60124206542969
2012-02-24 00:00:00+00:00,0.2691861391067505,64.24165344238281,2.3890970719082536,62.705787658691406
2012-02-24 06:00:00+00:00,0.127876877784729,75.74333190917969,2.003835408319374,75.3646469116211
2012-02-24 12:00:00+00:00,0.22456765174865723,64.28780364990234,2.353268402183379,63.23943328857422
2012-02-24 18:00:00+00:00,0.13139355182647705,76.80335235595703,1.811166678202513,76.37744903564453
2012-02-25 00:00:00+00:00,0.15824055671691895,58.400169372558594,2.6073275718699636,57.86711120605469
2012-02-25 06:00:00+00:00,0.09267103672027588,225.89682006835938,1.1341291421048243,225.68252563476562
2012-02-25 12:00:00+00:00,0.18331193923950195,74.43936920166016,2.2702261809922137,73.66192626953125
2012-02-25 18:00:00+00:00,0.12504374980926514,108.57562255859375,1.6335714914967916,108.16324615478516
2012-02-26 00:00:00+00:00,0.06043350696563721,256.20477294921875,1.1128552158407952,256.1112976074219
2012-02-26 06:00:00+00:00,0.1688859462738037,58.98634338378906,2.358623931431195,58.33914566040039
2012-02-26 12:00:00+00:00,0.1927577257156372,39.43364715576172,2.3157376035850477,38.776248931884766
2012-02-26 18:00:00+00:00,0.18540287017822266,40.04274368286133,3.0705928843955244,39.330322265625
2012-02-27 00:00:00+00:00,0.1718670129776001,36.03233337402344,2.903294970129761,35.50052261352539
2012-02-27 06:00:00+00:00,0.16099679470062256,45.410404205322266,2.804729716374874,44.87478256225586
2012-02-27 12:00:00+00:00,0.18280303478240967,46.75551223754883,2.3265149373443417,46.0954475402832
2012-02-27 18:00:00+00:00,0.19913196563720703,40.259178161621094,3.247935151741817,39.41305923461914
2012-02-28 00:00:00+00:00,0.17209148406982422,43.0676155090332,2.7142004331903857,42.511600494384766
2012-02-28 06:00:00+00:00,0.10576260089874268,55.75093460083008,2.3606255166043537,55.54296112060547
2012-02-28 12:00:00+00:00,0.01847827434539795,61.751060485839844,2.2843965673441153,61.744850158691406
2012-02-28 18:00:00+00:00,0.032333970069885254,38.97931671142578,2.6840256240296045,38.961971282958984
2012-02-29 00:00:00+00:00,0.04607439041137695,34.3460693359375,2.41684953550088,34.31744384765625
2012-02-29 06:00:00+00:00,0.05800890922546387,163.9048309326172,1.3724581652090702,163.83609008789062
2012-02-29 12:00:00+00:00,0.06514835357666016,66.97041320800781,2.1740604717770946,66.90303039550781
2012-02-29 18:00:00+00:00,0.06935906410217285,39.07720184326172,3.0094492935008197,39.00200271606445
2012-03-01 00:00:00+00:00,0.06271165609359741,51.40159606933594,2.5378608109154137,51.339149475097656
2012-03-01 06:00:00+00:00,0.10546398162841797,26.937570571899414,3.130244942739908,26.788959503173828
2012-03-01 12:00:00+00:00,0.16057968139648438,37.47846984863281,2.6092168013040933,37.08466339111328
2012-03-01 18:00:00+00:00,0.2476799488067627,36.75001525878906,3.1418756708380773,35.717063903808594
2012-03-02 00:00:00+00:00,0.0630190372467041,73.76643371582031,2.4196680176986014,73.69532775878906
2012-03-02 06:00:00+00:00,0.20252478122711182,76.06433868408203,2.724387354536,75.09363555908203
2012-03-02 12:00:00+00:00,0.14648818969726562,64.56582641601562,2.2641974172707293,64.12257385253906
2012-03-02 18:00:00+00:00,0.19421648979187012,92.07132720947266,2.4657403423453497,91.2041244506836
2012-03-03 00:00:00+00:00,0.33106815814971924,177.81756591796875,1.978001243298548,174.31674194335938
2012-03-03 06:00:00+00:00,0.41357553005218506,160.61572265625,2.1113151942737485,155.3590545654297
2012-03-03 12:00:00+00:00,0.38489699363708496,130.0703125,1.7925797350265678,126.32522583007812
2012-03-03 18:00:00+00:00,0.34089338779449463,115.61021423339844,2.111261335741358,112.62438201904297
2012-03-04 00:00:00+00:00,0.3609064817428589,120.59257507324219,1.869716861000618,117.4941635131836
2012-03-04 06:00:00+00:00,0.3960822820663452,404.80517578125,0.969484718409731,399.51019287109375
2012-03-04 12:00:00+00:00,0.45713329315185547,163.60801696777344,1.9728994877292787,158.92933654785156
2012-03-04 18:00:00+00:00,0.4218384027481079,139.11361694335938,2.051084733898183,134.48641967773438
2012-03-05 00:00:00+00:00,0.40299761295318604,111.88797760009766,1.9629247638010137,108.34908294677734
2012-03-05 06:00:00+00:00,0.2828449010848999,57.55465316772461,2.5934126720547765,56.287452697753906
2012-03-05 12:00:00+00:00,0.39217352867126465,120.41596984863281,2.022532269508967,117.36316680908203
2012-03-05 18:00:00+00:00,0.3645498752593994,145.92556762695312,1.8298330430445164,142.7403106689453
2012-03-06 00:00:00+00:00,0.4199998378753662,144.9280548095703,1.8086193268784254,140.7887420654297
2012-03-06 06:00:00+00:00,0.39194321632385254,138.56834411621094,2.1044176870416513,134.08639526367188
2012-03-06 12:00:00+00:00,0.44203364849090576,171.31024169921875,1.8906649905834996,166.6299285888672
2012-03-06 18:00:00+00:00,0.4203169345855713,191.33135986328125,1.888961220408245,186.332763671875
2012-03-07 00:00:00+00:00,0.4160280227661133,216.21597290039062,1.7548906953106016,211.64149475097656
2012-03-07 06:00:00+00:00,0.41211915016174316,324.1460266113281,1.464676183840934,318.48187255859375
2012-03-07 12:00:00+00:00,0.44090163707733154,160.5556640625,2.236277007994529,154.63270568847656
2012-03-07 18:00:00+00:00,0.3808608055114746,97.11251068115234,2.5876198612052344,93.01685333251953
2012-03-08 00:00:00+00:00,0.3509237766265869,102.45304870605469,2.2783557822912384,99.18128967285156
2012-03-08 06:00:00+00:00,0.4180715084075928,120.8812484741211,2.3855039188371387,115.30464935302734
2012-03-08 12:00:00+00:00,0.4286075830459595,164.24635314941406,2.369223423041385,158.16099548339844
2012-03-08 18:00:00+00:00,0.38200557231903076,216.64491271972656,1.9340627806307218,211.7680206298828
2012-03-09 00:00:00+00:00,0.3593869209289551,103.03836822509766,2.3432943500804564,99.34107208251953
2012-03-09 06:00:00+00:00,0.3394653797149658,156.22836303710938,2.1846145324000656,152.42868041992188
2012-03-09 12:00:00+00:00,0.11835873126983643,796.1251831054688,1.0299161303133446,795.6188354492188
2012-03-09 18:00:00+00:00,0.23638176918029785,68.85355377197266,2.951074898246845,67.35443878173828
2012-03-10 00:00:00+00:00,0.0731576681137085,50.42967987060547,2.875513094029742,50.30992126464844
2012-03-10 06:00:00+00:00,0.019677281379699707,50.404170989990234,2.7685797186729424,50.39550018310547
2012-03-10 12:00:00+00:00,0.04433858394622803,40.76439666748047,2.8806542104813095,40.726375579833984
2012-03-10 18:00:00+00:00,0.2094988226890564,1476.23486328125,1.0518326693336841,1474.2852783203125
2012-03-11 00:00:00+00:00,0.1913091540336609,50.710636138916016,2.831848900132763,49.93232727050781
2012-03-11 06:00:00+00:00,0.1555156111717224,49.424198150634766,2.265548414966154,48.961326599121094
2012-03-11 12:00:00+00:00,0.17135083675384521,64.40855407714844,2.496267478565857,63.822696685791016
2012-03-11 18:00:00+00:00,0.22675657272338867,75.71392059326172,2.296518798075032,74.55441284179688
2012-03-12 00:00:00+00:00,0.27203959226608276,135.33956909179688,1.764772567896402,133.51693725585938
2012-03-12 06:00:00+00:00,0.2258615493774414,89.47407531738281,2.104938807797519,88.39913177490234
2012-03-12 12:00:00+00:00,0.26812583208084106,90.24105072021484,1.620799264090678,88.98431396484375
2012-03-12 18:00:00+00:00,0.28295987844467163,102.1273193359375,1.681978047201757,100.47508239746094
2012-03-13 00:00:00+00:00,0.23824340105056763,67.36375427246094,1.9446646231062088,66.4306411743164
2012-03-13 06:00:00+00:00,0.22617626190185547,63.886802673339844,2.3809017601504467,62.998470306396484
2012-03-13 12:00:00+00:00,0.2779421806335449,92.62674713134766,1.3508033080789268,91.43994903564453
2012-03-13 18:00:00+00:00,0.19321537017822266,70.31488800048828,2.1453028936461735,69.60381317138672
2012-03-14 00:00:00+00:00,0.2914224863052368,66.72171020507812,2.158522334887404,65.41740417480469
2012-03-14 06:00:00+00:00,0.2835291624069214,79.12296295166016,1.95144170870095,77.49604034423828
2012-03-14 12:00:00+00:00,0.3119630813598633,52.441192626953125,2.2393746987964334,51.094764709472656
2012-03-14 18:00:00+00:00,0.19882386922836304,47.19063949584961,1.880945042876975,46.624305725097656
2012-03-15 00:00:00+00:00,0.24326860904693604,65.57286834716797,1.8081986471121345,64.7767562866211
2012-03-15 06:00:00+00:00,0.2482539415359497,64.56036376953125,2.1322764781846635,63.42900085449219
2012-03-15 12:00:00+00:00,0.3282562494277954,111.84718322753906,1.6764548477427395,109.75767517089844
2012-03-15 18:00:00+00:00,0.2691187262535095,63.036537170410156,2.4165557107743645,61.749881744384766
2012-03-16 00:00:00+00:00,0.2188321352005005,62.10976028442383,2.2944762301916013,61.300865173339844
2012-03-16 06:00:00+00:00,0.246972918510437,75.2439956665039,2.0761984336896444,74.11685180664062
2012-03-16 12:00:00+00:00,0.21650314331054688,45.48955535888672,2.6322494758389885,44.75141525268555
2012-03-16 18:00:00+00:00,0.2310897707939148,40.661231994628906,2.613110847838302,39.90110778808594
2012-03-17 00:00:00+00:00,0.15083396434783936,60.547508239746094,2.1023182453359737,60.154685974121094
2012-03-17 06:00:00+00:00,0.11335808038711548,84.98626708984375,2.3074049398300414,84.70191192626953
2012-03-17 12:00:00+00:00,0.11463630199432373,44.66777038574219,2.9089005256648557,44.43170928955078
2012-03-17 18:00:00+00:00,0.06587672233581543,75.59799194335938,2.5021422675485727,75.49747467041016
2012-03-18 00:00:00+00:00,0.06784451007843018,74.31555938720703,2.575462232317663,74.20032501220703
2012-03-18 06:00:00+00:00,0.2636011838912964,79.17609405517578,2.6280520624900268,77.63723754882812
2012-03-18 12:00:00+00:00,0.34153568744659424,144.67169189453125,2.543635915725976,141.43736267089844
2012-03-18 18:00:00+00:00,0.3534681797027588,59.06452178955078,3.1572083991823545,56.5484733581543
2012-03-19 00:00:00+00:00,0.42672276496887207,91.35784149169922,2.3897880702147103,87.4919662475586
2012-03-19 06:00:00+00:00,0.3696054220199585,63.876564025878906,3.0010919130318534,61.29589080810547
2012-03-19 12:00:00+00:00,0.4467703104019165,70.3664321899414,2.997812191200998,66.48889923095703
2012-03-19 18:00:00+00:00,0.39915239810943604,73.56433868408203,2.9529265854508377,70.08190155029297
2012-03-20 00:00:00+00:00,0.44956111907958984,168.3756866455078,2.1163130771892913,163.51824951171875
2012-03-20 06:00:00+00:00,0.42120373249053955,125.8677978515625,2.31174963531672,121.23535919189453
2012-03-20 12:00:00+00:00,0.4123190641403198,71.2401123046875,2.6995248845483633,67.97447967529297
2012-03-20 18:00:00+00:00,0.36924684047698975,67.50994873046875,2.744374804606654,64.50416564941406
2012-03-21 00:00:00+00:00,0.3525351285934448,60.379432678222656,2.5662628377022774,58.31422424316406
2012-03-21 06:00:00+00:00,0.37186098098754883,74.48371887207031,2.7578737013797014,71.67617797851562
2012-03-21 12:00:00+00:00,0.269649863243103,44.34047317504883,2.8480433619600465,43.188087463378906
2012-03-21 18:00:00+00:00,0.3610544204711914,75.18437194824219,2.962637922041541,72.13818359375
2012-03-22 00:00:00+00:00,0.2500041723251343,67.33415985107422,2.875530020100502,66.13846588134766
2012-03-22 06:00:00+00:00,0.2873445749282837,48.181758880615234,3.440291047066917,46.47775650024414
2012-03-22 12:00:00+00:00,0.28711771965026855,41.14836883544922,3.1395784789060923,39.69685745239258
2012-03-22 18:00:00+00:00,0.24704968929290771,93.0130844116211,1.6324077635036898,91.84812927246094
2012-03-23 00:00:00+00:00,0.10653877258300781,27.71726417541504,2.8011803596619442,27.56460952758789
2012-03-23 06:00:00+00:00,0.16109943389892578,49.785499572753906,2.086506962386495,49.35609817504883
2012-03-23 12:00:00+00:00,0.17391037940979004,58.094215393066406,2.3958849892688945,57.540679931640625
2012-03-23 18:00:00+00:00,0.12336039543151855,80.16629028320312,2.2037410910837445,79.85572814941406
2012-03-24 00:00:00+00:00,0.06275594234466553,67.44593811035156,1.9749659029735038,67.37547302246094
2012-03-24 06:00:00+00:00,0.05774557590484619,65.85649871826172,2.2420953890592035,65.78781127929688
2012-03-24 12:00:00+00:00,0.01577812433242798,74.17511749267578,2.054891081621618,74.17045593261719
2012-03-24 18:00:00+00:00,0.03701817989349365,109.49507141113281,1.7702943219014786,109.4644775390625
2012-03-25 00:00:00+00:00,0.08939242362976074,54.33587646484375,2.300047107418466,54.18771743774414
2012-03-25 06:00:00+00:00,0.09337949752807617,97.00028228759766,1.8063220571332155,96.81132507324219
2012-03-25 12:00:00+00:00,0.08334612846374512,38.43849182128906,2.9207177777173974,38.32256317138672
2012-03-25 18:00:00+00:00,0.0738605260848999,106.7252426147461,1.527324106800784,106.61902618408203
2012-03-26 00:00:00+00:00,0.07719099521636963,60.467166900634766,1.8421782350983429,60.36893081665039
2012-03-26 06:00:00+00:00,0.0455096960067749,79.08122253417969,1.8542560728602457,79.03825378417969
2012-03-26 12:00:00+00:00,0.05766487121582031,60.17116165161133,2.309963108009474,60.11056137084961
2012-03-26 18:00:00+00:00,0.17015767097473145,46.71763610839844,2.5387411162134077,46.147727966308594
2012-03-27 00:00:00+00:00,0.15512299537658691,58.64817428588867,2.2165011785363458,58.228248596191406
2012-03-27 06:00:00+00:00,0.14405322074890137,44.21736145019531,2.701322171227494,43.81243896484375
2012-03-27 12:00:00+00:00,0.24515211582183838,37.125728607177734,3.0921346793649245,36.09731674194336
2012-03-27 18:00:00+00:00,0.21133136749267578,50.27513885498047,3.0449936011777687,49.26937484741211
2012-03-28 00:00:00+00:00,0.13328027725219727,36.45813751220703,3.131747896931988,36.133575439453125
2012-03-28 06:00:00+00:00,0.18662750720977783,37.21497344970703,3.566987632163682,36.49984359741211
2012-03-28 12:00:00+00:00,0.1962672472000122,36.64873123168945,3.5173498459302124,35.9031982421875
2012-03-28 18:00:00+00:00,0.166581392288208,34.34251022338867,3.7681366825385445,33.80038833618164
2012-03-29 00:00:00+00:00,0.009633064270019531,38.05937194824219,3.1472864129927944,38.057559967041016
2012-03-29 06:00:00+00:00,0.17011213302612305,40.337589263916016,3.5010353298861876,39.69786834716797
2012-03-29 12:00:00+00:00,0.19643473625183105,38.19507598876953,3.5646119577983986,37.401302337646484
2012-03-29 18:00:00+00:00,0.19135832786560059,69.51689910888672,2.353269938750269,68.71236419677734
2012-03-30 00:00:00+00:00,0.2004331350326538,38.51991653442383,3.2205053665561647,37.767547607421875
2012-03-30 06:00:00+00:00,0.0889747142791748,38.66645050048828,3.366922612543339,38.50416946411133
2012-03-30 12:00:00+00:00,0.1534332036972046,61.38964080810547,2.7706772489971403,60.7773323059082
2012-03-30 18:00:00+00:00,0.30153656005859375,68.02477264404297,3.1503986286761103,65.77230072021484
2012-03-31 00:00:00+00:00,0.2683584690093994,62.32632827758789,3.013788214538306,60.76581573486328
2012-03-31 06:00:00+00:00,0.40613389015197754,332.8349914550781,1.5163101754212995,327.6697998046875
2012-03-31 12:00:00+00:00,0.26979827880859375,184.09188842773438,1.6780098716733705,182.2805633544922
2012-03-31 18:00:00+00:00,0.273898720741272,63.1838493347168,2.9625312152121754,61.39687728881836
2012-04-01 00:00:00+00:00,0.24290144443511963,62.20751953125,2.463258739285423,61.05241012573242
2012-04-01 06:00:00+00:00,0.28746819496154785,53.968509674072266,2.884248388838034,52.248085021972656
2012-04-01 12:00:00+00:00,0.22160017490386963,54.21255874633789,2.656028743607629,53.21883010864258
2012-04-01 18:00:00+00:00,0.23957836627960205,62.11748123168945,2.743018511564901,60.790672302246094
2012-04-02 00:00:00+00:00,0.19080841541290283,42.59650802612305,3.0397041590936764,41.913265228271484
2012-04-02 06:00:00+00:00,0.18416404724121094,53.902156829833984,2.4732117442049213,53.19798278808594
2012-04-02 12:00:00+00:00,0.28845667839050293,61.025150299072266,2.686119129007665,59.27309799194336
2012-04-02 18:00:00+00:00,0.36765098571777344,63.26849365234375,2.4797904473974386,60.22462844848633
2012-04-03 00:00:00+00:00,0.2836592197418213,61.73751449584961,2.705407932138013,60.066463470458984
2012-04-03 06:00:00+00:00,0.22698438167572021,50.64814376831055,2.951151872097989,49.51388931274414
2012-04-03 12:00:00+00:00,0.2972952127456665,49.6529655456543,2.8607888344545884,47.74039840698242
2012-04-03 18:00:00+00:00,0.11265003681182861,380.3169250488281,1.0692591703747971,379.9911193847656
2012-04-04 00:00:00+00:00,0.2304856777191162,33.97385025024414,3.1079923099423414,33.10975646972656
2012-04-04 12:00:00+00:00,0.18343007564544678,36.46889877319336,3.3286460558403883,35.84333419799805
2012-04-04 18:00:00+00:00,0.10451316833496094,38.06086730957031,3.5050679821379522,37.84200668334961
2012-04-05 00:00:00+00:00,0.20897150039672852,35.666954040527344,2.911680016681129,34.92933654785156
2012-04-05 06:00:00+00:00,0.26058030128479004,34.67363739013672,3.3738826055825517,33.44960403442383
2012-04-05 12:00:00+00:00,0.27759861946105957,28.46702766418457,3.040243410114753,27.378576278686523
2012-04-05 18:00:00+00:00,0.22441768646240234,31.970001220703125,3.550392439807841,31.076656341552734
2012-04-06 00:00:00+00:00,0.011638879776000977,38.91611099243164,2.829247898137529,38.91387939453125
2012-04-06 06:00:00+00:00,0.10290467739105225,38.21055221557617,3.0831959618765876,38.016845703125
2012-04-06 12:00:00+00:00,0.03672289848327637,30.164470672607422,3.242167370600265,30.14399528503418
2012-04-06 18:00:00+00:00,0.10644394159317017,40.487098693847656,2.620255769472504,40.2883186340332
2012-04-07 00:00:00+00:00,0.18832451105117798,46.28396987915039,2.415309664679,45.668766021728516
2012-04-07 06:00:00+00:00,0.19002670049667358,64.29731750488281,2.1940497509295915,63.62105178833008
2012-04-07 12:00:00+00:00,0.14801645278930664,64.30660247802734,2.158300426904133,63.905494689941406
2012-04-07 18:00:00+00:00,0.2218841314315796,68.716064453125,2.3349877416341602,67.70977783203125
2012-04-08 00:00:00+00:00,0.20102721452713013,59.69341278076172,2.4274854222434437,58.965274810791016
2012-04-08 06:00:00+00:00,0.26216816902160645,92.05760955810547,1.9679507166213606,90.6507339477539
2012-04-08 12:00:00+00:00,0.19760406017303467,62.32537841796875,2.2312841655035345,61.674217224121094
2012-04-08 18:00:00+00:00,0.1799020767211914,68.4802017211914,1.509974493260224,67.9310531616211
2012-04-09 00:00:00+00:00,0.2667505145072937,60.56170654296875,2.1752853886720125,59.5536003112793
2012-04-09 06:00:00+00:00,0.22595834732055664,72.17523956298828,2.1015776674580247,71.32571411132812
2012-04-09 12:00:00+00:00,0.18427956104278564,53.73164749145508,2.268210635301718,53.24382781982422
2012-04-09 18:00:00+00:00,0.20690137147903442,69.67118072509766,2.110498929412685,68.99358367919922
2012-04-10 00:00:00+00:00,0.2268667221069336,94.70196533203125,1.4762727267164215,93.97625732421875
2012-04-10 06:00:00+00:00,0.21765351295471191,70.19196319580078,2.0078569202109513,69.42469024658203
2012-04-10 12:00:00+00:00,0.23878490924835205,58.421199798583984,2.2809809195241386,57.55522918701172
2012-04-10 18:00:00+00:00,0.1987360715866089,84.42887115478516,1.5329434755773628,83.72850799560547
2012-04-11 00:00:00+00:00,0.20503634214401245,69.82566833496094,1.9672775248174932,69.18400573730469
2012-04-11 06:00:00+00:00,0.2011399269104004,70.1171875,2.0752459008116912,69.36882781982422
2012-04-11 12:00:00+00:00,0.21898645162582397,64.41085815429688,2.387605405756234,63.57746505737305
2012-04-12 00:00:00+00:00,0.27545589208602905,104.90177154541016,1.8166268779297166,103.26837158203125
2012-04-12 06:00:00+00:00,0.22315216064453125,124.46829986572266,1.4084426165106925,123.3101577758789
2012-04-12 12:00:00+00:00,0.26222866773605347,73.6036376953125,2.4087729684923547,72.17254638671875
2012-04-12 18:00:00+00:00,0.20788127183914185,52.32450866699219,2.8411660171470334,51.54085922241211
2012-04-13 00:00:00+00:00,0.16419744491577148,57.60456848144531,2.4178709887191028,57.13460922241211
2012-04-13 06:00:00+00:00,0.14576375484466553,88.8106689453125,2.4601925539755114,88.3489990234375
2012-04-13 12:00:00+00:00,0.10997098684310913,31.776758193969727,3.71013129610351,31.561182022094727
2012-04-13 18:00:00+00:00,0.11663752794265747,53.292503356933594,2.8630012430455087,53.0410041809082
2012-04-14 00:00:00+00:00,0.003340601921081543,31.35594940185547,3.8200741064842196,31.355756759643555
2012-04-14 06:00:00+00:00,0.17278063297271729,38.830345153808594,3.809782809367471,38.19613265991211
2012-04-14 12:00:00+00:00,0.026848673820495605,29.23037338256836,4.0524470470994665,29.21786117553711
2012-04-14 18:00:00+00:00,0.05522572994232178,38.15864181518555,4.056600398629362,38.087223052978516
2012-04-15 00:00:00+00:00,0.07568192481994629,35.98595428466797,3.9873414481323097,35.86086654663086
2012-04-15 06:00:00+00:00,0.035726308822631836,33.77406311035156,3.7619901048230533,33.75183868408203
2012-04-15 12:00:00+00:00,0.016160666942596436,42.673648834228516,3.489960966192772,42.667945861816406
2012-04-15 18:00:00+00:00,0.04268467426300049,41.835418701171875,3.8635686796294855,41.79309844970703
2012-04-16 00:00:00+00:00,0.04951071739196777,31.15382957458496,3.734483205432181,31.11273956298828
2012-04-16 06:00:00+00:00,0.06037849187850952,346.4564208984375,1.9609352253413885,346.3467712402344
2012-04-16 12:00:00+00:00,0.19537830352783203,30.904619216918945,4.049217690248955,30.21786117553711
2012-04-16 18:00:00+00:00,0.07879650592803955,33.47650909423828,3.835445807096219,33.35299301147461
2012-04-17 00:00:00+00:00,0.10365504026412964,246.45777893066406,1.9030304345814846,246.1951446533203
2012-04-17 06:00:00+00:00,0.029491305351257324,29.163503646850586,3.8181806950473005,29.149051666259766
2012-04-17 12:00:00+00:00,0.09806954860687256,32.06388854980469,3.49703122954611,31.89559555053711
2012-04-17 18:00:00+00:00,0.1593540906906128,32.43146896362305,3.7657928634909963,31.980619430541992
2012-04-18 00:00:00+00:00,0.06705772876739502,31.42694091796875,3.66493323282127,31.34696388244629
2012-04-18 06:00:00+00:00,0.10914397239685059,31.319774627685547,3.7349489443991635,31.110769271850586
2012-04-18 12:00:00+00:00,0.23520910739898682,28.366846084594727,4.047117518214445,27.44574546813965
2012-04-19 00:00:00+00:00,0.15675806999206543,28.4373779296875,3.9232047418564697,28.053133010864258
2012-04-19 06:00:00+00:00,0.10898828506469727,249.7918701171875,1.898561488410927,249.57247924804688
2012-04-19 12:00:00+00:00,0.06575155258178711,23.49617576599121,3.826300508057582,23.43636703491211
2012-04-19 18:00:00+00:00,0.12386608123779297,19.046783447265625,3.977117864101821,18.869394302368164
2012-04-20 00:00:00+00:00,0.7293217480182648,1433.45556640625,1.6836522044521824,1391.528564453125
2012-04-20 06:00:00+00:00,0.12599247694015503,9.990345001220703,3.1815681492696752,9.894392013549805
2012-04-20 12:00:00+00:00,0.1697765588760376,16.585369110107422,3.6863005394105053,16.339374542236328
2012-04-20 18:00:00+00:00,0.6873365342617035,3196.034912109375,1.2950973562866899,3143.080810546875
2012-04-21 00:00:00+00:00,0.0807599425315857,22.148427963256836,3.7494637578189796,22.068710327148438
2012-04-21 06:00:00+00:00,0.1270221471786499,26.770946502685547,4.1050308349592415,26.50469398498535
2012-04-21 12:00:00+00:00,0.43604356050491333,4357.20849609375,0.7884141578071983,4345.91845703125
2012-04-21 18:00:00+00:00,0.06630468368530273,28.148616790771484,3.846866174932422,28.07872200012207
2012-04-22 00:00:00+00:00,0.1682896614074707,32.93069839477539,3.5919594813087317,32.441673278808594
2012-04-22 06:00:00+00:00,0.0007450580596923828,30.43224334716797,3.415384915377908,30.432235717773438
2012-04-22 12:00:00+00:00,0.17717325687408447,27.752288818359375,3.8537958713324283,27.2570858001709
2012-04-22 18:00:00+00:00,0.09266090393066406,35.86563491821289,3.2707434758942053,35.71124267578125
2012-04-23 00:00:00+00:00,0.12563848495483398,23.47270393371582,3.774776232628021,23.253952026367188
2012-04-23 06:00:00+00:00,0.06017124652862549,25.28400230407715,3.5609886321666933,25.236305236816406
2012-04-23 12:00:00+00:00,0.1876530647277832,29.198036193847656,3.821666205241121,28.652095794677734
2012-04-23 18:00:00+00:00,0.18913590908050537,66.16947937011719,2.9669276529054653,65.39640045166016
2012-04-24 00:00:00+00:00,0.19609320163726807,28.409725189208984,3.5302987658866107,27.836374282836914
2012-04-24 06:00:00+00:00,0.26977014541625977,41.7441520690918,3.1603066620171294,40.40703582763672
2012-04-24 12:00:00+00:00,0.28466546535491943,29.537588119506836,3.437139076440753,28.47476577758789
2012-04-24 18:00:00+00:00,0.25135767459869385,53.01129913330078,2.8624851916323606,51.878990173339844
2012-04-25 00:00:00+00:00,0.24007391929626465,40.15359115600586,2.776901206565182,39.20572280883789
2012-04-25 06:00:00+00:00,0.24906039237976074,57.94926452636719,2.339573278850162,56.85755157470703
2012-04-25 12:00:00+00:00,0.2561239004135132,36.33302688598633,2.8716564251946335,35.24663543701172
2012-04-25 18:00:00+00:00,0.2513706684112549,28.85987091064453,3.2825900184983268,27.88308334350586
2012-04-26 00:00:00+00:00,0.20782780647277832,32.1773796081543,3.12072120085215,31.586040496826172
2012-04-26 06:00:00+00:00,0.19231414794921875,32.204200744628906,3.2729631814178894,31.65904998779297
2012-04-26 12:00:00+00:00,0.18241095542907715,37.168087005615234,2.780065447411389,36.661773681640625
2012-04-26 18:00:00+00:00,0.18448781967163086,30.6260986328125,3.1513318411018547,30.11526870727539
2012-04-27 00:00:00+00:00,0.15565693378448486,32.125667572021484,2.840521154330617,31.777633666992188
2012-04-27 06:00:00+00:00,0.18792879581451416,67.28105163574219,2.2282206132925295,66.64954376220703
2012-04-27 12:00:00+00:00,0.1732553243637085,35.837039947509766,2.680919211428961,35.389427185058594
2012-04-27 18:00:00+00:00,0.2561413049697876,37.68074417114258,2.9403596235473692,36.54384994506836
2012-04-28 00:00:00+00:00,0.13791775703430176,33.787601470947266,2.7977178485776726,33.51433181762695
2012-04-28 06:00:00+00:00,0.2917059659957886,65.36769104003906,2.284322488857685,63.837947845458984
2012-04-28 12:00:00+00:00,0.19871151447296143,38.427215576171875,2.9363552745877475,37.78317642211914
2012-04-28 18:00:00+00:00,0.2127678394317627,40.83706283569336,2.6042060360647827,40.07288360595703
2012-04-29 00:00:00+00:00,0.09130501747131348,27.66655921936035,3.2723188726532584,27.544004440307617
2012-04-29 06:00:00+00:00,0.19071412086486816,38.71691131591797,2.613267532379861,38.10723114013672
2012-04-29 12:00:00+00:00,0.28191161155700684,33.835968017578125,3.156686252836223,32.48448944091797
2012-04-29 18:00:00+00:00,0.3080483675003052,36.984954833984375,2.7608028254691455,35.433345794677734
2012-04-30 00:00:00+00:00,0.1057668924331665,24.480688095092773,3.738209664912995,24.32223129272461
2012-04-30 06:00:00+00:00,0.13781523704528809,27.86366844177246,3.832895008271901,27.56509780883789
2012-04-30 12:00:00+00:00,0.10754120349884033,69.48338317871094,2.2688480261616992,69.28437805175781
2012-04-30 18:00:00+00:00,0.20633232593536377,31.6689510345459,3.6806642033330106,30.94336700439453
2012-05-01 00:00:00+00:00,0.18153929710388184,29.4954833984375,3.943656011246276,28.9488525390625
2012-05-01 06:00:00+00:00,0.07557690143585205,30.762216567993164,4.107387975569713,30.65748405456543
2012-05-01 12:00:00+00:00,0.18174338340759277,35.18349075317383,3.4023012564529056,34.61077117919922
2012-05-01 18:00:00+00:00,0.20750820636749268,29.4810733795166,3.306018821002998,28.788484573364258
2012-05-02 00:00:00+00:00,0.06494522094726562,26.012496948242188,3.9319036909897664,25.948087692260742
2012-05-02 06:00:00+00:00,0.03142702579498291,25.898927688598633,3.7940581278341616,25.884035110473633
2012-05-02 12:00:00+00:00,0.2378065586090088,32.57602310180664,3.6753356041522522,31.564468383789062
2012-05-02 18:00:00+00:00,0.11222350597381592,37.226680755615234,3.259114875646632,36.99454116821289
2012-05-03 00:00:00+00:00,0.048011183738708496,47.533546447753906,2.6793332583004412,47.490875244140625
2012-05-03 06:00:00+00:00,0.1230705976486206,45.46590805053711,3.004084514487069,45.14197540283203
2012-05-03 12:00:00+00:00,0.03141891956329346,36.9213752746582,2.8887744361406322,36.904945373535156
2012-05-03 18:00:00+00:00,0.006554245948791504,37.761436462402344,3.3858075754604275,37.76067352294922
2012-05-04 00:00:00+00:00,0.14969438314437866,78.4482421875,2.214405770870672,77.98247528076172
2012-05-04 06:00:00+00:00,0.23829376697540283,89.95977020263672,2.4281180456067024,88.60771179199219
2012-05-04 12:00:00+00:00,0.18196719884872437,77.57221984863281,2.3206262676063876,76.92596435546875
2012-05-04 18:00:00+00:00,0.2456495761871338,68.35205841064453,2.136843352053213,67.23304748535156
2012-05-05 00:00:00+00:00,0.26215237379074097,79.79906463623047,2.424001271610412,78.37199401855469
2012-05-05 06:00:00+00:00,0.2322041392326355,92.4962387084961,1.6708969980736834,91.5153579711914
2012-05-05 12:00:00+00:00,0.19605231285095215,69.2920913696289,2.11133484509729,68.7088394165039
2012-05-05 18:00:00+00:00,0.3005591034889221,71.20490264892578,2.5334168687251037,69.509521484375
2012-05-06 00:00:00+00:00,0.27402830123901367,88.04576873779297,1.9460228454492554,86.55653381347656
2012-05-06 06:00:00+00:00,0.26106417179107666,71.26618194580078,2.1376378295380607,70.1988525390625
2012-05-06 12:00:00+00:00,0.2957189083099365,77.82650756835938,1.854792904959331,76.49020385742188
2012-05-06 18:00:00+00:00,0.24157500267028809,60.47221755981445,2.200857289318979,59.638694763183594
2012-05-07 00:00:00+00:00,0.34020310640335083,115.89994812011719,1.2985080739208474,113.69757843017578
2012-05-07 06:00:00+00:00,0.39534831047058105,93.536865234375,2.2559272881077597,90.65786743164062
2012-05-07 12:00:00+00:00,0.4782766103744507,301.647216796875,1.0518559465083108,295.99627685546875
2012-05-07 18:00:00+00:00,0.42371684312820435,126.96260833740234,1.8854888161586105,123.20064544677734
2012-05-08 00:00:00+00:00,0.378686785697937,100.0478286743164,1.835670364729303,97.33495330810547
2012-05-08 06:00:00+00:00,0.33268439769744873,106.2457504272461,1.8107805316381793,104.03045654296875
2012-05-08 12:00:00+00:00,0.4030274748802185,87.55854034423828,2.447643442139686,83.94036102294922
2012-05-08 18:00:00+00:00,0.314868688583374,132.89395141601562,1.8115270519485314,130.87388610839844
2012-05-09 00:00:00+00:00,0.3912854790687561,75.2625961303711,2.3841529192323097,72.69003295898438
2012-05-09 06:00:00+00:00,0.35643333196640015,832.878662109375,0.48663774868938486,829.8569946289062
2012-05-09 12:00:00+00:00,0.3201609253883362,67.11898040771484,2.6300938011199744,65.06175231933594
2012-05-09 18:00:00+00:00,0.3375394940376282,135.75289916992188,2.240705512253194,132.72747802734375
2012-05-10 00:00:00+00:00,0.3284204602241516,50.27842712402344,2.8595494592984814,48.560699462890625
2012-05-10 06:00:00+00:00,0.3923572897911072,174.76922607421875,1.9256201159987394,171.3763427734375
2012-05-10 12:00:00+00:00,0.32486432790756226,30.009777069091797,3.725544552133538,28.532930374145508
2012-05-10 18:00:00+00:00,0.32619839906692505,54.77417755126953,2.963832505313268,52.94894027709961
2012-05-11 00:00:00+00:00,0.04023975133895874,63.301177978515625,2.5233969916003876,63.27061080932617
2012-05-11 06:00:00+00:00,0.02707231044769287,80.1751937866211,2.3284456005897542,80.16138458251953
2012-05-11 12:00:00+00:00,0.07636630535125732,124.88748931884766,2.2358811192992105,124.77079772949219
2012-05-11 18:00:00+00:00,0.3135727643966675,51.239013671875,3.2543938334671836,49.4639892578125
2012-05-12 00:00:00+00:00,0.09544658660888672,26.739694595336914,3.552593733630699,26.621875762939453
2012-05-12 06:00:00+00:00,0.46335160732269287,110.84323120117188,2.681129237284617,106.04159545898438
2012-05-12 12:00:00+00:00,0.4340240955352783,94.81668853759766,2.955333293038001,90.62976837158203
2012-05-12 18:00:00+00:00,0.2739708423614502,92.11092376708984,2.91044869660637,90.21015930175781
2012-05-13 00:00:00+00:00,0.3781780004501343,104.70418548583984,2.81220277443614,101.40666198730469
2012-05-13 06:00:00+00:00,0.4426485300064087,78.28720092773438,2.962147394841421,73.59422302246094
2012-05-13 12:00:00+00:00,0.6241602897644043,180.21376037597656,2.9128400812914617,163.91082763671875
2012-05-13 18:00:00+00:00,0.5572956800460815,213.67623901367188,2.393881495785333,201.72467041015625
2012-05-14 00:00:00+00:00,0.31500494480133057,191.58102416992188,1.5692901847410312,189.19082641601562
2012-05-14 06:00:00+00:00,0.5207678079605103,98.07953643798828,2.7255152224499555,90.84004211425781
2012-05-14 12:00:00+00:00,0.5120201110839844,125.25009155273438,2.7099471286245174,117.30513763427734
2012-05-14 18:00:00+00:00,0.41834843158721924,104.55136108398438,2.9045339838850417,99.5469970703125
2012-05-15 00:00:00+00:00,0.54450523853302,85.91620635986328,3.0445674650344294,78.6700210571289
2012-05-15 06:00:00+00:00,0.5475000143051147,126.52659606933594,3.121593915325906,115.9122085571289
2012-05-15 12:00:00+00:00,0.4429738521575928,84.12683868408203,2.5561842022159755,79.4141845703125
2012-05-15 18:00:00+00:00,0.3961777687072754,76.09190368652344,3.2574486595632153,71.82666778564453
2012-05-16 00:00:00+00:00,0.3888208866119385,56.6947135925293,3.024728543227171,53.98189163208008
2012-05-16 06:00:00+00:00,0.293668270111084,34.510162353515625,3.6268438539915264,33.004119873046875
2012-05-16 12:00:00+00:00,0.22449827194213867,54.102943420410156,3.442593261795381,52.87847137451172
2012-05-16 18:00:00+00:00,0.13592946529388428,30.131591796875,3.3611829351144857,29.890209197998047
2012-05-17 00:00:00+00:00,0.020112991333007812,19.276391983032227,3.851962225163337,19.271440505981445
2012-05-17 06:00:00+00:00,0.32697629928588867,21.773027420043945,3.5739174983617845,20.288604736328125
2012-05-17 12:00:00+00:00,0.44533342123031616,16.11272430419922,2.736339051105066,13.60076904296875
2012-05-17 18:00:00+00:00,0.19402456283569336,4.401255130767822,2.0794415416798357,4.281520366668701
2012-05-18 00:00:00+00:00,0.42494839429855347,43.893550872802734,3.4110030395133695,39.9423828125
2012-05-18 06:00:00+00:00,0.4320031404495239,57.86675262451172,3.016084863167755,54.27774429321289
2012-05-18 12:00:00+00:00,0.3376309275627136,28.65833854675293,3.1299095577108917,27.53896713256836
2012-05-18 18:00:00+00:00,0.6636224985122681,53.26749801635742,3.33328263333753,46.10776901245117
2012-05-19 00:00:00+00:00,0.719175398349762,115.84538269042969,2.79683864940088,101.8670425415039
2012-05-19 06:00:00+00:00,0.5901328027248383,94.56905364990234,2.70330714633869,88.95738220214844
2012-05-19 12:00:00+00:00,0.5123538374900818,65.62175750732422,2.8511730609925694,61.238555908203125
2012-05-19 18:00:00+00:00,0.3184133768081665,38.86017990112305,2.9590884518424976,37.7019157409668
2012-05-20 00:00:00+00:00,0.5248615145683289,183.0592041015625,2.059982942140764,177.06256103515625
2012-05-20 06:00:00+00:00,0.416068434715271,108.17365264892578,2.410780001491989,104.80821990966797
2012-05-20 12:00:00+00:00,0.3768976330757141,75.6298599243164,2.791278963732556,73.0637435913086
2012-05-20 18:00:00+00:00,0.11608701944351196,44.355220794677734,2.9969013656998644,44.15531539916992
2012-05-21 00:00:00+00:00,0.26706963777542114,43.80221176147461,2.794672229724359,42.87502670288086
2012-05-21 06:00:00+00:00,0.16712737083435059,28.991987228393555,3.377029169176492,28.590835571289062
2012-05-21 12:00:00+00:00,0.07591402530670166,26.108356475830078,3.5523884649679625,26.030534744262695
2012-05-21 18:00:00+00:00,0.14787745475769043,46.89952850341797,2.6899054365975528,46.55944061279297
2012-05-22 00:00:00+00:00,0.11251425743103027,23.101961135864258,3.9017725826794663,22.929447174072266
2012-05-22 06:00:00+00:00,0.1789703369140625,29.060163497924805,3.8863946009450423,28.543088912963867
2012-05-22 12:00:00+00:00,0.09392356872558594,28.95116424560547,3.368409088861586,28.821578979492188
2012-05-22 18:00:00+00:00,0.04256010055541992,25.252092361450195,3.561513351775021,25.22614860534668
2012-05-23 00:00:00+00:00,0.01759171485900879,29.980396270751953,3.170063097128077,29.97533416748047
2012-05-23 06:00:00+00:00,0.13834726810455322,51.911582946777344,2.800653039619636,51.57420349121094
2012-05-23 12:00:00+00:00,0.10585963726043701,41.22713851928711,2.6526853845325653,41.064510345458984
2012-05-23 18:00:00+00:00,0.11839652061462402,28.558170318603516,3.34701026518136,28.338132858276367
2012-05-24 00:00:00+00:00,0.08861339092254639,52.00497055053711,2.749420343609766,51.8514289855957
2012-05-24 06:00:00+00:00,0.18409371376037598,27.761781692504883,3.303814395151725,27.241676330566406
2012-05-24 12:00:00+00:00,0.29552745819091797,684.1583251953125,0.9088342170632946,681.9276123046875
2012-05-25 06:00:00+00:00,0.19361698627471924,29.606075286865234,3.349662793922415,29.000324249267578
2012-05-25 12:00:00+00:00,0.09526598453521729,28.305648803710938,3.355375081011454,28.1640682220459
2012-05-25 18:00:00+00:00,0.22421026229858398,28.89996910095215,3.3436819757583036,28.11656951904297
2012-05-26 00:00:00+00:00,0.18246126174926758,31.67838478088379,3.343563278492467,31.094711303710938
2012-05-26 06:00:00+00:00,0.1511174440383911,37.31507873535156,2.9358649158783683,36.90771484375
2012-05-26 12:00:00+00:00,0.27911698818206787,43.67744064331055,2.420047814296601,42.35251998901367
2012-05-26 18:00:00+00:00,0.18221628665924072,35.497161865234375,2.8859078022605793,34.94926071166992
2012-05-27 00:00:00+00:00,0.1851862668991089,38.54182434082031,2.91569071755801,37.90837478637695
2012-05-27 06:00:00+00:00,0.16324269771575928,42.618289947509766,3.267073785484951,42.06875991821289
2012-05-27 12:00:00+00:00,0.22296810150146484,44.703277587890625,2.514230738006071,43.763179779052734
2012-05-27 18:00:00+00:00,0.17878055572509766,44.32695388793945,2.832619165468518,43.727088928222656
2012-05-28 00:00:00+00:00,0.17165637016296387,45.389034271240234,2.846034918380275,44.846099853515625
2012-05-28 06:00:00+00:00,0.29856348037719727,71.86650085449219,2.260877717932553,70.07169342041016
2012-05-28 12:00:00+00:00,0.287237286567688,47.91322708129883,2.8687662336854984,46.38127136230469
2012-05-28 18:00:00+00:00,0.27351367473602295,51.92034912109375,2.541523240285448,50.48762893676758
2012-05-29 00:00:00+00:00,0.25637340545654297,63.9079475402832,2.5926429363048022,62.60980987548828
2012-05-29 06:00:00+00:00,0.27122926712036133,57.16586685180664,2.6901544617011885,55.680885314941406
2012-05-29 12:00:00+00:00,0.2361236810684204,47.43582534790039,2.8971698543256523,46.35958480834961
2012-05-29 18:00:00+00:00,0.14631807804107666,45.30696487426758,2.447626855233758,44.94230651855469
2012-05-30 00:00:00+00:00,0.139288067817688,68.56605529785156,2.3706342790763957,68.15827178955078
2012-05-30 06:00:00+00:00,0.07397747039794922,57.993568420410156,2.4183833627684206,57.88294219970703
2012-05-30 12:00:00+00:00,0.06673097610473633,150.58670043945312,1.4772116843196943,150.48817443847656
2012-05-30 18:00:00+00:00,0.025752365589141846,56.71775436401367,2.7063404327473894,56.704017639160156
2012-05-31 00:00:00+00:00,0.06382328271865845,139.0542755126953,1.4069711081644796,138.97891235351562
2012-05-31 06:00:00+00:00,0.04333806037902832,51.30976867675781,2.503992563284505,51.27180099487305
2012-05-31 12:00:00+00:00,0.040448784828186035,76.42524719238281,1.9577176541052141,76.39212036132812
2012-05-31 18:00:00+00:00,0.0003082752227783203,119.75466918945312,1.4816643044865172,119.75467681884766
2012-06-01 00:00:00+00:00,0.20423978567123413,115.92239379882812,1.8753214147992456,114.91537475585938
2012-06-01 06:00:00+00:00,0.17676061391830444,96.90397644042969,1.835652757281768,96.23278045654297
2012-06-01 12:00:00+00:00,0.2992783188819885,134.6703338623047,2.0353325968104783,132.5105438232422
2012-06-01 18:00:00+00:00,0.3211882710456848,138.13189697265625,1.5983015349119232,135.66207885742188
2012-06-02 00:00:00+00:00,0.3771418333053589,125.3282699584961,1.9730312578079634,121.7850341796875
2012-06-02 06:00:00+00:00,0.30979377031326294,124.35767364501953,1.904369136289725,122.01016235351562
2012-06-02 12:00:00+00:00,0.3568388819694519,125.83218383789062,1.7514936222533435,122.85564422607422
2012-06-02 18:00:00+00:00,0.4179251790046692,199.15634155273438,1.4502672035861786,194.5920867919922
2012-06-03 00:00:00+00:00,0.43326085805892944,142.3767852783203,1.894198493725629,137.3725128173828
2012-06-03 06:00:00+00:00,0.3825441002845764,101.60376739501953,1.9403614380140304,98.55477905273438
2012-06-03 12:00:00+00:00,0.4581243395805359,150.84373474121094,1.6227175177771545,145.81573486328125
2012-06-03 18:00:00+00:00,0.15221375226974487,45.313941955566406,2.9610103222996003,44.92459487915039
2012-06-04 00:00:00+00:00,0.564625471830368,209.8894500732422,1.6170155027090538,199.97378540039062
2012-06-04 06:00:00+00:00,0.5637218058109283,214.25352478027344,2.1192129288014168,204.53248596191406
2012-06-04 12:00:00+00:00,0.6271636784076691,225.25518798828125,1.956516838125662,211.2848663330078
2012-06-04 18:00:00+00:00,0.644889622926712,277.6918640136719,1.8610854612934402,263.2513427734375
2012-06-05 00:00:00+00:00,0.6218824982643127,249.45755004882812,1.655846067928322,235.76251220703125
2012-06-05 06:00:00+00:00,0.6239923536777496,237.00721740722656,2.1305039717398255,222.5704803466797
2012-06-05 12:00:00+00:00,0.6294703185558319,261.58270263671875,2.0874063106544423,245.8731231689453
2012-06-05 18:00:00+00:00,0.6529518961906433,282.3236389160156,1.9036153358595262,267.2814025878906
2012-06-06 06:00:00+00:00,0.6428812444210052,249.5912628173828,2.3188573104605914,230.10716247558594
2012-06-06 12:00:00+00:00,0.6232830882072449,266.50445556640625,2.322034002808712,251.1756134033203
2012-06-06 18:00:00+00:00,0.614848256111145,130.24197387695312,2.7371403098458953,117.7308120727539
2012-06-07 00:00:00+00:00,0.6125243306159973,237.4429931640625,2.3143355623511055,221.09349060058594
2012-06-07 06:00:00+00:00,0.4718218445777893,174.6126708984375,2.8215387728545225,166.0032501220703
2012-06-07 12:00:00+00:00,0.5899460017681122,185.42459106445312,2.8383775801519335,169.53506469726562
2012-06-07 18:00:00+00:00,0.6140283048152924,171.40524291992188,3.014410729712457,157.12710571289062
2012-06-08 00:00:00+00:00,1.0,1718.6549072265625,0.5936714669166722,1718.6280517578125
2012-06-08 06:00:00+00:00,1.0,1497.43310546875,0.8623719218559517,1497.39697265625
2012-06-08 12:00:00+00:00,1.0,1359.2877197265625,0.9202573121529591,1359.2677001953125
2012-06-08 18:00:00+00:00,1.0,1241.2633056640625,0.4336873660411612,1241.230712890625
2012-06-09 00:00:00+00:00,0.7155390977859497,114.78318786621094,3.382202485096786,97.64344787597656
2012-06-09 06:00:00+00:00,0.5948134660720825,108.11225128173828,2.952860342433662,96.02621459960938
2012-06-09 12:00:00+00:00,0.6318004131317139,217.0646514892578,2.839217459474477,198.6313018798828
2012-06-09 18:00:00+00:00,0.7375640869140625,351.3976745605469,2.277228457713272,328.89947509765625
2012-06-10 00:00:00+00:00,0.6904662847518921,339.9302978515625,2.079238484162448,319.86627197265625
2012-06-10 06:00:00+00:00,0.7311863899230957,244.1529998779297,2.739878791163375,218.44102478027344
2012-06-10 12:00:00+00:00,0.5470870733261108,270.77777099609375,2.6017815282605437,257.4590759277344
2012-06-10 18:00:00+00:00,0.5751694440841675,72.7938232421875,2.963731915291766,65.84256744384766
2012-06-11 00:00:00+00:00,0.4408313035964966,84.33926391601562,3.1742353227973665,79.46255493164062
2012-06-11 06:00:00+00:00,0.48330581188201904,138.7330780029297,2.6084704157072913,132.2611541748047
2012-06-11 12:00:00+00:00,0.3196568489074707,45.39220428466797,3.5269018763431914,43.3162956237793
2012-06-11 18:00:00+00:00,0.3898646831512451,66.1247787475586,3.4725171462460804,62.17545700073242
2012-06-12 00:00:00+00:00,0.524451494216919,87.69779968261719,3.4603948459380103,79.04296112060547
2012-06-12 06:00:00+00:00,0.32158756256103516,69.89498138427734,3.3145944207864146,67.37505340576172
2012-06-12 12:00:00+00:00,0.46292591094970703,76.02706909179688,3.3028258331143703,70.48900604248047
2012-06-12 18:00:00+00:00,1.0,1967.2899169921875,0.40508891401764624,1967.2138671875
2012-06-13 00:00:00+00:00,1.0,2183.67138671875,0.8501324628456821,2183.58544921875
2012-06-13 06:00:00+00:00,1.0,2330.950927734375,0.36909344074311845,2330.870849609375
2012-06-13 12:00:00+00:00,1.0,2442.116455078125,0.397775644432116,2442.0771484375
2012-06-13 18:00:00+00:00,1.0,2680.36767578125,0.36349912775118187,2680.185791015625
2012-06-14 00:00:00+00:00,1.0,3052.064697265625,0.3364716505231827,3051.88525390625
2012-06-14 06:00:00+00:00,1.0,2967.985595703125,0.3389968654373597,2967.772705078125
2012-06-14 12:00:00+00:00,1.0,3082.24658203125,0.336058431986956,3082.014404296875
2012-06-14 18:00:00+00:00,1.0,3535.520263671875,0.3267536351276782,3535.288818359375
2012-06-15 00:00:00+00:00,1.0,3512.8359375,0.5639175094034853,3512.62353515625
2012-06-15 06:00:00+00:00,1.0,3587.996826171875,0.39590600728869507,3587.744384765625
2012-06-15 12:00:00+00:00,1.0,3346.0439453125,0.39466796530071035,3345.87841796875
2012-06-15 18:00:00+00:00,1.0,3353.927001953125,0.6207525775409379,3353.64306640625
2012-06-16 00:00:00+00:00,1.0,3118.91455078125,0.3409742703332959,3118.6884765625
2012-06-16 06:00:00+00:00,1.0,2881.558349609375,0.32172933456490466,2881.2353515625
2012-06-16 12:00:00+00:00,1.0,2708.33203125,0.37608316526080376,2708.050537109375
2012-06-16 18:00:00+00:00,1.0,2695.476318359375,0.4076545724892405,2695.2177734375
2012-06-17 00:00:00+00:00,1.0,2450.563232421875,0.355156626049372,2450.313720703125
2012-06-17 06:00:00+00:00,1.0,2172.711181640625,0.49528488458555137,2172.448974609375
2012-06-17 12:00:00+00:00,1.0,1995.0220947265625,0.324691212482871,1994.8004150390625
2012-06-17 18:00:00+00:00,0.5754328370094299,112.84466552734375,3.3656427230580963,100.50396728515625
2012-06-18 00:00:00+00:00,0.6836064457893372,101.80603790283203,3.2850850335662254,89.04971313476562
2012-06-18 06:00:00+00:00,0.4859945774078369,130.3883819580078,2.6615689695304847,124.34403228759766
2012-06-18 12:00:00+00:00,0.41578972339630127,112.5810775756836,2.7893588163137313,108.50650024414062
2012-06-18 18:00:00+00:00,0.14812761545181274,47.23237228393555,2.996597526591022,46.820186614990234
2012-06-19 00:00:00+00:00,0.04187428951263428,33.651920318603516,3.3347678900260593,33.6224365234375
2012-06-19 06:00:00+00:00,0.01720285415649414,101.82866668701172,2.2359489527300505,101.82272338867188
2012-06-19 12:00:00+00:00,0.002663850784301758,37.18688201904297,3.036149456200769,37.186771392822266
2012-06-19 18:00:00+00:00,0.008632183074951172,103.82894897460938,1.8133728260381883,103.82749938964844
2012-06-20 00:00:00+00:00,0.0058647990226745605,72.10779571533203,2.0661267362472797,72.10713195800781
2012-06-20 06:00:00+00:00,0.09430545568466187,849.7985229492188,0.8185999217633095,849.6022338867188
2012-06-20 12:00:00+00:00,0.11735844612121582,27.912353515625,3.3363351827716943,27.700889587402344
2012-06-20 18:00:00+00:00,0.12356579303741455,26.291593551635742,3.388156123740152,26.065670013427734
2012-06-21 00:00:00+00:00,0.13090109825134277,29.57935905456543,3.401216842747087,29.30076026916504
2012-06-21 06:00:00+00:00,0.2085326910018921,34.291969299316406,3.0298156739966005,33.58482360839844
2012-06-21 12:00:00+00:00,0.19443368911743164,35.280643463134766,3.107782945963581,34.645538330078125
2012-06-21 18:00:00+00:00,0.10842776298522949,70.6490478515625,1.8308103567537133,70.44170379638672
2012-06-22 00:00:00+00:00,0.1434117555618286,34.08161544799805,3.1980674223898644,33.72799301147461
2012-06-22 06:00:00+00:00,0.1558544635772705,41.33487319946289,2.6668068030169096,40.920387268066406
2012-06-22 12:00:00+00:00,0.20291900634765625,39.97380447387695,3.15546163066006,39.28054428100586
2012-06-22 18:00:00+00:00,0.23652541637420654,43.027591705322266,2.752800147644516,42.090396881103516
2012-06-23 00:00:00+00:00,0.22826111316680908,42.96619415283203,3.007012094913883,42.01694107055664
2012-06-23 06:00:00+00:00,0.22555017471313477,45.13172149658203,2.7032508250196785,44.20737838745117
2012-06-23 12:00:00+00:00,0.2523922920227051,34.29066848754883,3.167768850728881,33.304351806640625
2012-06-23 18:00:00+00:00,0.23528516292572021,40.851402282714844,2.668258622817123,39.88929748535156
2012-06-24 00:00:00+00:00,0.18605077266693115,49.83965301513672,2.272140146501399,49.216796875
2012-06-24 06:00:00+00:00,0.2634202241897583,47.44902801513672,2.5351072312792935,46.24269485473633
2012-06-24 12:00:00+00:00,0.2708507776260376,51.378196716308594,2.512132300938384,50.0920524597168
2012-06-24 18:00:00+00:00,0.2710719108581543,66.24156188964844,2.4764948797484765,64.80134582519531
2012-06-25 00:00:00+00:00,0.20085978507995605,73.23853302001953,1.9221851228757632,72.46479034423828
2012-06-25 06:00:00+00:00,0.15166544914245605,45.081382751464844,2.456781375052856,44.6705207824707
2012-06-25 12:00:00+00:00,0.12104332447052002,50.214332580566406,2.918269778398713,49.93769073486328
2012-06-25 18:00:00+00:00,0.05888187885284424,43.748939514160156,2.4867437012480287,43.68851852416992
2012-06-26 00:00:00+00:00,0.03995048999786377,50.5577278137207,2.499022357965828,50.527217864990234
2012-06-26 06:00:00+00:00,0.08349007368087769,51.0443000793457,2.458933298170125,50.9140510559082
2012-06-26 12:00:00+00:00,0.18016469478607178,62.46676254272461,2.0768066975592947,61.83964157104492
2012-06-26 18:00:00+00:00,0.2239840030670166,74.34022521972656,2.5280421063952674,73.22135925292969
2012-06-27 00:00:00+00:00,0.35165709257125854,69.14784240722656,2.52325274276688,66.39910125732422
2012-06-27 06:00:00+00:00,0.32608723640441895,98.0875015258789,2.0966433613832964,95.31808471679688
2012-06-27 12:00:00+00:00,0.38360339403152466,92.8340072631836,2.41608833220459,89.51605224609375
2012-06-27 18:00:00+00:00,0.39670002460479736,94.60411071777344,1.9979402628441127,90.91644287109375
2012-06-28 00:00:00+00:00,0.40181392431259155,114.7719955444336,2.155203490281991,110.7100830078125
2012-06-28 06:00:00+00:00,0.378980815410614,192.819580078125,1.2278891074568914,189.15292358398438
2012-06-28 12:00:00+00:00,0.4091346263885498,186.9668731689453,1.1562751478768,183.315673828125
2012-06-28 18:00:00+00:00,0.4309595227241516,125.74903106689453,2.0907881387387377,120.96761322021484
2012-06-29 00:00:00+00:00,0.4646352529525757,176.8357696533203,1.7884279245883183,170.8303985595703
2012-06-29 06:00:00+00:00,0.4730261564254761,125.6639404296875,2.329138971605402,120.46592712402344
2012-06-29 12:00:00+00:00,0.5022603869438171,150.39254760742188,1.8817345512407546,144.52699279785156
2012-06-29 18:00:00+00:00,0.4979979395866394,215.8253631591797,1.5553629678302259,209.68565368652344
2012-06-30 00:00:00+00:00,0.49941807985305786,201.50552368164062,1.4945733919942195,194.5389404296875
2012-06-30 06:00:00+00:00,0.45606160163879395,114.9095458984375,1.9067560398285686,110.55868530273438
2012-06-30 12:00:00+00:00,0.5714559853076935,215.4132080078125,1.7738287037997853,205.96446228027344
2012-06-30 18:00:00+00:00,0.5638372600078583,166.47174072265625,1.9881154809657855,157.76715087890625
2012-07-01 00:00:00+00:00,0.5411837995052338,183.74810791015625,1.778850153901613,174.83546447753906
2012-07-01 06:00:00+00:00,0.5178565084934235,180.23129272460938,1.7425776457820152,173.0731201171875
2012-07-01 12:00:00+00:00,0.5175323784351349,132.72023010253906,2.2346938640706697,125.91073608398438
2012-07-01 18:00:00+00:00,0.5224984288215637,171.6289520263672,1.9340081263004028,164.85626220703125
2012-07-02 00:00:00+00:00,0.5563099384307861,302.87542724609375,1.6669734955326256,292.3028259277344
2012-07-02 06:00:00+00:00,0.5955272614955902,224.60250854492188,2.225474862746724,211.48873901367188
2012-07-02 12:00:00+00:00,0.5628466010093689,178.8663787841797,2.609304383106001,167.46011352539062
2012-07-02 18:00:00+00:00,0.47333765029907227,101.73129272460938,2.21693177274726,96.5956039428711
2012-07-03 00:00:00+00:00,0.745682030916214,294.1932067871094,3.176651930663862,251.31483459472656
2012-07-03 06:00:00+00:00,0.3973628878593445,90.20955657958984,2.6343910287466668,86.00770568847656
2012-07-03 12:00:00+00:00,0.46650826930999756,72.85045623779297,2.880345152190563,67.62568664550781
2012-07-03 18:00:00+00:00,0.5278862118721008,98.50199890136719,2.5477269912564164,91.45294189453125
2012-07-04 00:00:00+00:00,0.26972997188568115,97.47048950195312,2.425380902828758,96.02896118164062
2012-07-04 06:00:00+00:00,0.17305725812911987,45.035789489746094,3.3738392491448392,44.4769172668457
2012-07-04 12:00:00+00:00,0.011135280132293701,16.527210235595703,3.899669188522479,16.525850296020508
2012-07-04 18:00:00+00:00,0.39582037925720215,87.47637176513672,2.8321023313096396,83.59625244140625
2012-07-05 00:00:00+00:00,0.11604797840118408,25.474496841430664,3.8340885504077966,25.278759002685547
2012-07-05 06:00:00+00:00,0.4037175178527832,58.79904556274414,3.1254992925017215,54.82917022705078
2012-07-05 12:00:00+00:00,0.5217145681381226,181.91453552246094,2.4565568591838125,173.4056854248047
2012-07-05 18:00:00+00:00,0.5530217885971069,110.63638305664062,2.9098566569095854,102.13902282714844
2012-07-06 00:00:00+00:00,0.5098565816879272,132.00770568847656,2.403786297766527,124.0018310546875
2012-07-06 06:00:00+00:00,0.223222017288208,32.34272384643555,3.548424829626699,31.60947608947754
2012-07-06 12:00:00+00:00,0.18547165393829346,32.05390548706055,3.1201228515678148,31.57792854309082
2012-07-06 18:00:00+00:00,0.3219611644744873,90.53156280517578,2.0830911824495324,88.1938705444336
2012-07-07 00:00:00+00:00,0.19106662273406982,46.72062683105469,3.0092987081609337,46.00936508178711
2012-07-07 06:00:00+00:00,0.23840022087097168,88.79701232910156,1.976459955325658,87.65460968017578
2012-07-07 12:00:00+00:00,0.10701227188110352,51.654258728027344,2.1714388168683016,51.45322799682617
2012-07-07 18:00:00+00:00,0.11526334285736084,52.870243072509766,2.329205632958469,52.61653518676758
2012-07-08 00:00:00+00:00,0.07120180130004883,40.96733093261719,2.4375793401998322,40.88078689575195
2012-07-08 06:00:00+00:00,0.11868607997894287,53.450809478759766,2.8101883986019525,53.13106918334961
2012-07-08 12:00:00+00:00,0.18502020835876465,66.07957458496094,2.545799905505323,65.35074615478516
2012-07-08 18:00:00+00:00,0.07293283939361572,53.48096466064453,2.8873939932705412,53.385040283203125
2012-07-09 00:00:00+00:00,0.17470455169677734,97.66375732421875,2.316455699566636,96.97040557861328
2012-07-09 06:00:00+00:00,0.18324482440948486,148.85877990722656,2.2514480377196926,147.9980010986328
2012-07-09 12:00:00+00:00,0.25237274169921875,50.05849838256836,2.693454997408416,49.02302169799805
2012-07-09 18:00:00+00:00,0.0600970983505249,21.657150268554688,4.06271160350444,21.608823776245117
2012-07-10 00:00:00+00:00,0.03286278247833252,23.866165161132812,3.7428030919870476,23.85215187072754
2012-07-10 06:00:00+00:00,0.324190616607666,26.415441513061523,3.5763170272327187,24.73411750793457
2012-07-10 12:00:00+00:00,0.4528094530105591,38.76435089111328,3.6653011743778006,34.50497055053711
2012-07-11 00:00:00+00:00,1.0,3879.553955078125,0.4028016520424987,3879.3232421875
2012-07-11 06:00:00+00:00,1.0,4087.447021484375,0.40048332178637436,4087.267333984375
2012-07-11 12:00:00+00:00,1.0,3768.6962890625,0.9271139061433702,3768.533203125
2012-07-11 18:00:00+00:00,1.0,3910.3857421875,0.7830335771963982,3910.19580078125
2012-07-12 00:00:00+00:00,1.0,4134.85205078125,0.4378824232876942,4134.623046875
2012-07-12 06:00:00+00:00,1.0,4319.3232421875,0.9272630799057319,4319.13623046875
2012-07-12 12:00:00+00:00,1.0,3958.74169921875,0.4187635943157473,3958.58203125
2012-07-12 18:00:00+00:00,1.0,3985.669189453125,0.42819618257683173,3985.3994140625
2012-07-13 00:00:00+00:00,1.0,4131.59521484375,0.3541301028261953,4131.283203125
2012-07-13 06:00:00+00:00,1.0,3913.232421875,0.5433856552051621,3913.03369140625
2012-07-13 12:00:00+00:00,1.0,3576.16064453125,0.9070855909829635,3575.982421875
2012-07-13 18:00:00+00:00,1.0,3681.16455078125,0.3733048861986154,3680.93896484375
2012-07-14 00:00:00+00:00,0.7452701330184937,35.143821716308594,3.120952993909687,24.12208366394043
2012-07-14 06:00:00+00:00,0.6064282655715942,53.53240203857422,3.4714093693009476,44.72647476196289
2012-07-14 12:00:00+00:00,0.4943145513534546,61.652950286865234,3.4218784550231014,55.4698486328125
2012-07-14 18:00:00+00:00,0.18146514892578125,36.48847198486328,3.6536871008500333,35.834983825683594
2012-07-15 00:00:00+00:00,0.45812511444091797,77.20835876464844,3.355075736742287,71.02610778808594
2012-07-15 06:00:00+00:00,0.5332871675491333,110.30671691894531,2.7892327175773333,101.58946990966797
2012-07-15 12:00:00+00:00,0.6271549463272095,130.32461547851562,3.3006227801855594,114.75125885009766
2012-07-15 18:00:00+00:00,0.4041246175765991,80.6211929321289,3.2134610679321045,76.2974853515625
2012-07-16 00:00:00+00:00,0.24418926239013672,86.26017761230469,2.665172586749863,84.7137680053711
2012-07-16 06:00:00+00:00,0.40060460567474365,83.65339660644531,2.710408283638569,79.64125061035156
2012-07-16 12:00:00+00:00,0.37144649028778076,60.30702209472656,3.0121676832415663,57.30864334106445
2012-07-16 18:00:00+00:00,0.24005937576293945,61.376380920410156,2.789402906442154,60.230194091796875
2012-07-17 00:00:00+00:00,0.2680550813674927,70.05427551269531,2.322328686342539,68.56385803222656
2012-07-17 06:00:00+00:00,0.22416210174560547,47.41726303100586,2.836441514647324,46.460914611816406
2012-07-17 12:00:00+00:00,0.052672386169433594,684.1590576171875,0.8755927476415183,684.0850830078125
2012-07-17 18:00:00+00:00,0.29064762592315674,851.9818115234375,0.7033338863539613,849.8421020507812
2012-07-18 00:00:00+00:00,0.2953317165374756,57.37615966796875,2.8514687683344873,55.51673889160156
2012-07-18 06:00:00+00:00,0.008838295936584473,999.819580078125,0.8226240770993545,999.8171997070312
2012-07-18 12:00:00+00:00,0.017078518867492676,986.2534790039062,0.8963238333469545,986.2444458007812
2012-07-18 18:00:00+00:00,0.37607717514038086,144.05987548828125,2.4065740554887114,140.29359436035156
2012-07-19 00:00:00+00:00,0.3980041742324829,107.77195739746094,2.3772301114342316,103.97615051269531
2012-07-19 06:00:00+00:00,0.31578803062438965,47.177642822265625,3.0248163471626066,45.34070587158203
2012-07-19 12:00:00+00:00,0.3644469976425171,107.55189514160156,2.1968383683716284,104.7971420288086
2012-07-19 18:00:00+00:00,0.3840296268463135,101.9145736694336,2.3265051813170796,98.60344696044922
2012-07-20 00:00:00+00:00,0.42356419563293457,115.30918884277344,2.3194283769561688,110.57171630859375
2012-07-20 06:00:00+00:00,0.4427831172943115,149.54852294921875,1.799583089866836,144.2752227783203
2012-07-20 12:00:00+00:00,0.43344414234161377,156.7986297607422,2.1643832248014645,151.4939422607422
2012-07-20 18:00:00+00:00,0.47897255420684814,226.05645751953125,1.8671466369885836,219.27001953125
2012-07-21 00:00:00+00:00,0.4391430616378784,251.71746826171875,1.7503796183982003,245.5946502685547
2012-07-21 06:00:00+00:00,0.3692634105682373,185.1028594970703,1.6600903548543657,181.376220703125
2012-07-21 12:00:00+00:00,0.3732151985168457,112.02843475341797,2.3159805201733317,108.43820190429688
2012-07-21 18:00:00+00:00,0.31569766998291016,124.77290344238281,2.0705740307732303,122.27699279785156
2012-07-22 00:00:00+00:00,0.24283623695373535,88.32962799072266,2.6085373708587003,86.89712524414062
2012-07-22 06:00:00+00:00,0.20672988891601562,100.52103424072266,2.0447223171792293,99.4942398071289
2012-07-22 12:00:00+00:00,0.12082064151763916,80.75694274902344,2.372501433165108,80.44331359863281
2012-07-22 18:00:00+00:00,0.15320205688476562,64.51673126220703,2.0657040109193496,64.04386901855469
2012-07-23 00:00:00+00:00,0.06446397304534912,72.57953643798828,2.1943508280041204,72.49359130859375
2012-07-23 06:00:00+00:00,0.13942134380340576,61.71930694580078,2.7523492286315228,61.2982292175293
2012-07-23 12:00:00+00:00,0.0068492889404296875,44.949737548828125,2.620353398004578,44.948936462402344
2012-07-23 18:00:00+00:00,0.10851925611495972,111.06822967529297,1.4844599676806527,110.83795166015625
2012-07-24 00:00:00+00:00,0.10489332675933838,67.66172790527344,1.9641010201615472,67.46295166015625
2012-07-24 06:00:00+00:00,0.1788945198059082,70.27033996582031,2.1864105575680988,69.71131896972656
2012-07-24 12:00:00+00:00,0.13933753967285156,50.806922912597656,2.6132911453299497,50.50678253173828
2012-07-24 18:00:00+00:00,0.13834387063980103,53.06610107421875,2.440327897687683,52.753170013427734
2012-07-25 00:00:00+00:00,0.20194119215011597,71.38150024414062,2.2640660306635585,70.69068145751953
2012-07-25 06:00:00+00:00,0.23630446195602417,67.52014923095703,1.9338452441648513,66.7004165649414
2012-07-25 12:00:00+00:00,0.26024818420410156,73.59053039550781,1.8194389218564655,72.71747589111328
2012-07-25 18:00:00+00:00,0.3126102089881897,115.38655090332031,1.6544350199590452,113.73944854736328
2012-07-26 00:00:00+00:00,0.3361194133758545,91.53820037841797,2.001449023608295,89.60213470458984
2012-07-26 06:00:00+00:00,0.25653326511383057,77.82950592041016,1.9237369019811121,76.77046203613281
2012-07-26 12:00:00+00:00,0.24749547243118286,63.1237678527832,2.037460921712493,62.27094268798828
2012-07-27 00:00:00+00:00,0.18247872591018677,67.23530578613281,1.935130637051898,66.7378158569336
2012-07-27 06:00:00+00:00,0.30326253175735474,53.554771423339844,2.66021643453805,52.110443115234375
2012-07-27 12:00:00+00:00,0.2456742525100708,54.14277648925781,2.4304619367824025,53.24458694458008
2012-07-27 18:00:00+00:00,0.22878742218017578,109.3457260131836,1.887804045599095,108.3463134765625
2012-07-28 00:00:00+00:00,0.16364586353302002,43.333274841308594,2.44269491082566,42.96668243408203
2012-07-28 06:00:00+00:00,0.23909521102905273,46.754234313964844,2.627571122943115,45.86862564086914
2012-07-28 12:00:00+00:00,0.2765081524848938,50.147247314453125,3.087383814547766,48.84107971191406
2012-07-28 18:00:00+00:00,0.2729426622390747,38.67333221435547,3.2063956302159173,37.51539611816406
2012-07-29 00:00:00+00:00,0.2960672378540039,50.879302978515625,2.882577029094875,49.43053436279297
2012-07-29 06:00:00+00:00,0.3632594347000122,113.77210998535156,2.812253353397381,110.1417236328125
2012-07-29 12:00:00+00:00,1.0,1729.025390625,0.4012553853269811,1728.969482421875
2012-07-29 18:00:00+00:00,0.2727848291397095,33.25395965576172,3.4803602075649227,32.08701705932617
2012-07-30 00:00:00+00:00,0.2218531370162964,19.833417892456055,3.6745854314665096,19.27435302734375
2012-07-30 06:00:00+00:00,1.0,2192.74169921875,0.4154585838132862,2192.718994140625
2012-07-30 12:00:00+00:00,1.0,2150.84521484375,0.5245972224999033,2150.818359375
2012-07-30 18:00:00+00:00,1.0,2345.408935546875,0.42758420225504346,2345.343994140625
2012-07-31 00:00:00+00:00,1.0,2393.313720703125,0.8990101234029784,2393.312744140625
2012-07-31 06:00:00+00:00,1.0,2419.31640625,0.4651543047326449,2419.3046875
2012-07-31 12:00:00+00:00,1.0,2215.60400390625,0.5844619180249125,2215.6005859375
2012-07-31 18:00:00+00:00,1.0,2311.4228515625,0.44084701690694433,2311.41748046875
2012-08-01 00:00:00+00:00,1.0,2404.303955078125,0.4403269877941314,2404.302490234375
2012-08-01 06:00:00+00:00,1.0,2407.051513671875,0.43813578683438686,2407.03955078125
2012-08-01 12:00:00+00:00,1.0,2192.23291015625,0.4045535796519199,2192.204345703125
2012-08-01 18:00:00+00:00,1.0,2113.231201171875,0.41289378729549536,2113.181640625
2012-08-02 00:00:00+00:00,1.0,2215.652099609375,0.8554843051875384,2215.583251953125
2012-08-02 06:00:00+00:00,1.0,2106.502685546875,0.7241385888093467,2106.45947265625
2012-08-02 12:00:00+00:00,1.0,1925.1053466796875,0.7215452478894582,1925.0443115234375
2012-08-02 18:00:00+00:00,1.0,1918.5164794921875,0.4548091170588172,1918.5098876953125
2012-08-03 00:00:00+00:00,1.0,1987.13232421875,0.4262958300008506,1987.1005859375
2012-08-03 06:00:00+00:00,1.0,1891.279296875,0.6204216143869218,1891.2674560546875
2012-08-03 12:00:00+00:00,1.0,1724.9967041015625,0.4135079461427345,1724.993896484375
2012-08-03 18:00:00+00:00,0.08239728212356567,15.581111907958984,3.5776415962018433,15.516801834106445
2012-08-04 00:00:00+00:00,0.01473379135131836,35.07268142700195,3.3664664262571193,35.06908416748047
2012-08-04 06:00:00+00:00,0.07433676719665527,25.440807342529297,3.8317712703750755,25.359111785888672
2012-08-04 12:00:00+00:00,0.03260087966918945,23.871795654296875,3.928320078319819,23.856731414794922
2012-08-04 18:00:00+00:00,0.2294895052909851,37.519622802734375,3.3213178147726112,36.55836868286133
2012-08-05 00:00:00+00:00,0.04802018404006958,26.118791580200195,3.805185011336078,26.08284568786621
2012-08-05 06:00:00+00:00,0.15976941585540771,24.48353385925293,3.8152697570710536,24.12944984436035
2012-08-05 12:00:00+00:00,0.01110696792602539,21.072526931762695,3.955261805028551,21.071063995361328
2012-08-05 18:00:00+00:00,0.16402196884155273,20.279052734375,3.844013360646367,19.974214553833008
2012-08-06 00:00:00+00:00,0.21556097269058228,30.709129333496094,3.8404882891491496,29.90278434753418
2012-08-06 06:00:00+00:00,0.10554194450378418,25.667776107788086,3.645337507261793,25.518230438232422
2012-08-06 12:00:00+00:00,0.1051030158996582,42.69028091430664,3.4453387271289886,42.45193099975586
2012-08-06 18:00:00+00:00,0.37814950942993164,22.79277801513672,3.989851390092112,20.861148834228516
2012-08-07 00:00:00+00:00,0.03269737958908081,33.65194320678711,3.9269190860325516,33.630897521972656
2012-08-07 06:00:00+00:00,0.20674896240234375,29.798688888549805,3.4874192921062632,29.17490005493164
2012-08-07 12:00:00+00:00,0.18068957328796387,31.513330459594727,3.810825017015964,30.950183868408203
2012-08-07 18:00:00+00:00,0.23573637008666992,43.78447723388672,3.6576992098829004,42.584877014160156
2012-08-08 00:00:00+00:00,0.24418199062347412,35.259986877441406,3.7862202796996587,33.93416213989258
2012-08-08 06:00:00+00:00,0.30972397327423096,52.1116828918457,3.6517296869498566,49.507781982421875
2012-08-08 12:00:00+00:00,0.8662182092666626,32622.923828125,1.0376635079096246,31400.68359375
2012-08-08 18:00:00+00:00,0.2602825164794922,31.69341468811035,3.743200201679701,30.347110748291016
2012-08-09 00:00:00+00:00,0.9339362382888794,17.772865295410156,1.6094379124341005,9.23304557800293
2012-08-09 06:00:00+00:00,0.5237796306610107,11.987397193908691,3.5655616865032322,10.090810775756836
2012-08-09 12:00:00+00:00,0.4397883415222168,40.6705207824707,2.9206870268936402,37.42237854003906
2012-08-09 18:00:00+00:00,0.0011527538299560547,55.478294372558594,3.0448204824645773,55.47826385498047
2012-08-10 00:00:00+00:00,0.25225865840911865,47.926265716552734,2.630253356389264,46.199867248535156
2012-08-10 06:00:00+00:00,0.2334965467453003,58.21561050415039,1.945910149055313,56.62432861328125
2012-08-10 12:00:00+00:00,1.0,1261.8614501953125,0.8179145840731117,1261.531005859375
2012-08-10 18:00:00+00:00,1.0,1236.7828369140625,0.4548560644592504,1236.437255859375
2012-08-11 00:00:00+00:00,1.0,1283.0244140625,0.4670615225433699,1282.7921142578125
2012-08-11 06:00:00+00:00,0.3049616813659668,39.1533317565918,2.7616257121977803,36.833717346191406
2012-08-11 12:00:00+00:00,0.46109139919281006,33.20244598388672,4.022495509140416,28.79083251953125
2012-08-11 18:00:00+00:00,0.22029340267181396,49.8253173828125,3.406232327934127,48.76383590698242
2012-08-12 00:00:00+00:00,0.40592217445373535,76.3862075805664,3.11018686750407,71.79759216308594
2012-08-12 06:00:00+00:00,0.4236034154891968,77.46365356445312,3.339793180179002,72.50291442871094
2012-08-12 12:00:00+00:00,0.3132462501525879,57.65000534057617,3.2094950140455594,55.39362335205078
2012-08-12 18:00:00+00:00,0.3756369352340698,94.16613006591797,2.5542947935197615,90.6112060546875
2012-08-13 00:00:00+00:00,0.41684842109680176,70.66610717773438,3.0887884845522513,66.2146987915039
2012-08-13 06:00:00+00:00,0.41356372833251953,92.23104095458984,2.6814151620027595,87.64332580566406
2012-08-13 12:00:00+00:00,0.4971872568130493,159.94618225097656,2.670785273220743,150.92575073242188
2012-08-13 18:00:00+00:00,0.45799338817596436,113.03565979003906,2.6792395903658215,107.94589233398438
2012-08-14 00:00:00+00:00,0.49327075481414795,217.375732421875,1.7499210555965654,209.85292053222656
2012-08-14 06:00:00+00:00,0.4454081058502197,176.6927032470703,2.138666413941601,170.8632354736328
2012-08-14 12:00:00+00:00,0.38788723945617676,95.54656982421875,2.4364267560621196,91.98548126220703
2012-08-14 18:00:00+00:00,0.5150524377822876,171.04725646972656,2.417365414119302,163.3666229248047
2012-08-15 00:00:00+00:00,0.42933857440948486,148.6543731689453,2.096030617673705,143.6602020263672
2012-08-15 06:00:00+00:00,0.4830702543258667,276.5264892578125,1.9044600308757298,269.8937683105469
2012-08-15 12:00:00+00:00,0.44924092292785645,98.352783203125,2.0427384399407624,94.43807983398438
2012-08-15 18:00:00+00:00,0.4528602361679077,119.941650390625,2.5514260523740324,114.34088897705078
2012-08-16 00:00:00+00:00,0.40210509300231934,145.8035430908203,2.21196274400711,141.64114379882812
2012-08-16 06:00:00+00:00,0.406333327293396,92.17813873291016,2.4370125831846057,88.73943328857422
2012-08-16 12:00:00+00:00,0.386820912361145,102.02977752685547,2.1136173730727235,99.1875
2012-08-16 18:00:00+00:00,0.38358640670776367,64.13008880615234,2.947875318516826,60.81201934814453
2012-08-17 00:00:00+00:00,0.28541266918182373,71.32361602783203,2.5662980483560354,69.60160827636719
2012-08-17 06:00:00+00:00,0.38560211658477783,101.72075653076172,2.646870137827002,98.07426452636719
2012-08-17 12:00:00+00:00,0.4129856824874878,111.40274810791016,2.2514680534376446,107.4881591796875
2012-08-17 18:00:00+00:00,0.4264655113220215,121.1630630493164,2.648402398946898,116.0904312133789
2012-08-18 00:00:00+00:00,0.3663095235824585,87.02841186523438,2.372006733715246,84.03836059570312
2012-08-18 06:00:00+00:00,0.4125378131866455,126.0848159790039,2.5140484883122607,121.50202178955078
2012-08-18 12:00:00+00:00,0.4260430335998535,127.80784606933594,2.3144941954025504,122.97746276855469
2012-08-18 18:00:00+00:00,0.3770284652709961,85.22842407226562,2.680924525837079,81.43765258789062
2012-08-19 00:00:00+00:00,0.35508978366851807,80.70474243164062,2.6547063175817014,77.7015151977539
2012-08-19 06:00:00+00:00,0.2843666076660156,46.411102294921875,3.160963956878913,44.958091735839844
2012-08-19 12:00:00+00:00,0.21853625774383545,65.19580078125,2.7178975818067777,64.18894958496094
2012-08-19 18:00:00+00:00,0.16375184059143066,57.47084426879883,2.936829780713474,56.948551177978516
2012-08-20 00:00:00+00:00,0.058101773262023926,58.40176010131836,2.4876528394878332,58.33226776123047
2012-08-20 06:00:00+00:00,0.1163974404335022,58.323543548583984,2.4020038624829922,58.07414245605469
2012-08-20 12:00:00+00:00,0.05300545692443848,58.543148040771484,2.3252653600424744,58.495391845703125
2012-08-20 18:00:00+00:00,0.03144097328186035,60.71477508544922,2.4255124015775182,60.697227478027344
2012-08-21 00:00:00+00:00,0.03832763433456421,80.4704818725586,1.9519771563180974,80.44237518310547
2012-08-21 06:00:00+00:00,0.013472497463226318,85.55070495605469,2.1407409313538817,85.5473403930664
2012-08-21 12:00:00+00:00,0.08146566152572632,62.339515686035156,2.0010358935262165,62.235443115234375
2012-08-21 18:00:00+00:00,0.14338231086730957,96.7662353515625,1.9637670438147625,96.38221740722656
2012-08-22 00:00:00+00:00,0.2247641682624817,114.76718139648438,1.7878411156756893,113.86003112792969
2012-08-22 06:00:00+00:00,0.21933043003082275,76.60490417480469,1.9123009995354279,75.88472747802734
2012-08-22 12:00:00+00:00,0.1563144326210022,57.58890151977539,2.129418101384045,57.27741622924805
2012-08-22 18:00:00+00:00,0.27274829149246216,88.84921264648438,2.010023793092415,87.56062316894531
2012-08-23 00:00:00+00:00,0.3160077929496765,140.62176513671875,1.631067991435849,139.02581787109375
2012-08-23 06:00:00+00:00,0.24173474311828613,56.331871032714844,2.0477551758532453,55.55616760253906
2012-08-23 12:00:00+00:00,0.16317343711853027,37.9941520690918,2.77335049563685,37.684574127197266
2012-08-23 18:00:00+00:00,0.2739992141723633,115.61628723144531,1.751738995824063,114.20978546142578
2012-08-24 00:00:00+00:00,0.34962815046310425,120.35472106933594,1.710560390478688,118.07530975341797
2012-08-24 06:00:00+00:00,0.3772328495979309,73.27104949951172,2.3792113522431144,70.62974548339844
2012-08-24 12:00:00+00:00,0.43041324615478516,99.3331069946289,1.9263335657722913,96.13563537597656
2012-08-24 18:00:00+00:00,0.4356755018234253,127.80519104003906,2.1140224087475046,123.84245300292969
2012-08-25 00:00:00+00:00,0.3962032198905945,39.434776306152344,2.8599716430938464,37.1165657043457
2012-08-25 06:00:00+00:00,0.38144737482070923,65.79263305664062,2.5042439073620524,63.07212448120117
2012-08-25 12:00:00+00:00,0.18386125564575195,30.686365127563477,3.388242293836998,30.20099449157715
2012-08-25 18:00:00+00:00,0.34128475189208984,70.4689712524414,3.4114987340256144,67.54560089111328
2012-08-26 00:00:00+00:00,0.6490232050418854,292.6816101074219,2.247134299721297,280.0132751464844
2012-08-26 06:00:00+00:00,0.6085494756698608,100.3553695678711,3.5030189301363297,87.5723876953125
2012-08-26 12:00:00+00:00,0.5039700567722321,35.43901824951172,3.8065480740527375,31.04743003845215
2012-08-26 18:00:00+00:00,0.2991461753845215,16.7244815826416,3.3194925761547527,15.725821495056152
2012-08-27 00:00:00+00:00,1.0,1076.1085205078125,0.40572134559599843,1076.0887451171875
2012-08-27 06:00:00+00:00,0.7851309925317764,1003.2418823242188,2.3594026522163154,936.0003662109375
2012-08-27 12:00:00+00:00,1.0,981.954345703125,0.3981807890012259,981.9535522460938
2012-08-27 18:00:00+00:00,0.7823552638292313,874.6875610351562,1.9277009996486842,838.7669677734375
2012-08-28 00:00:00+00:00,1.0,1051.08544921875,0.42605653935670157,1051.0849609375
2012-08-28 06:00:00+00:00,1.0,1045.3048095703125,0.4186771090914456,1045.302490234375
2012-08-28 12:00:00+00:00,1.0,948.9335327148438,0.3986886778115469,948.9295654296875
2012-08-28 18:00:00+00:00,1.0,944.0308837890625,0.43297437251085097,944.031005859375
2012-08-29 00:00:00+00:00,1.0,985.7246704101562,0.46104467814068567,985.7244873046875
2012-08-29 06:00:00+00:00,1.0,1017.9839477539062,0.7771011469434184,1017.9761352539062
2012-08-29 12:00:00+00:00,1.0,883.2857055664062,0.3953060875315248,883.2493286132812
2012-08-29 18:00:00+00:00,1.0,994.7324829101562,0.6196611333726277,994.721923828125
2012-08-30 00:00:00+00:00,1.0,1106.9490966796875,0.4119645646374879,1106.9246826171875
2012-08-30 06:00:00+00:00,1.0,1203.0235595703125,0.44109711956817255,1203.0062255859375
2012-08-30 12:00:00+00:00,1.0,1167.0872802734375,0.7929593808466977,1167.0787353515625
2012-08-30 18:00:00+00:00,1.0,1276.8648681640625,0.45232710604021875,1276.8424072265625
2012-08-31 00:00:00+00:00,1.0,1423.0733642578125,0.5893156006871866,1423.0706787109375
2012-08-31 06:00:00+00:00,1.0,1566.6064453125,0.4327178589952881,1566.5950927734375
2012-08-31 12:00:00+00:00,1.0,1453.3214111328125,0.5980415834493671,1453.2977294921875
2012-08-31 18:00:00+00:00,1.0,1573.0369873046875,0.455060795729886,1573.0159912109375
2012-09-01 00:00:00+00:00,1.0,1607.1199951171875,0.4413031571097285,1607.1068115234375
2012-09-01 06:00:00+00:00,1.0,1632.672607421875,0.4537678684988503,1632.6688232421875
2012-09-01 12:00:00+00:00,1.0,1476.112548828125,0.4087463934830731,1476.112548828125
2012-09-01 18:00:00+00:00,1.0,1601.48876953125,0.516538969166727,1601.487060546875
2012-09-02 00:00:00+00:00,1.0,1767.14990234375,0.4884583900180941,1767.149658203125
2012-09-02 06:00:00+00:00,1.0,1757.6668701171875,0.8677757318913399,1757.6650390625
2012-09-02 12:00:00+00:00,1.0,1581.6463623046875,0.8989488166623136,1581.64306640625
2012-09-02 18:00:00+00:00,1.0,1672.7840576171875,0.7892403463957021,1672.782470703125
2012-09-03 00:00:00+00:00,1.0,1757.925048828125,0.7361404847576476,1757.92236328125
2012-09-03 06:00:00+00:00,1.0,1682.8880615234375,0.7034611165995678,1682.887451171875
2012-09-03 12:00:00+00:00,1.0,1633.848876953125,0.48357047069034853,1633.8455810546875
2012-09-03 18:00:00+00:00,1.0,1710.767333984375,0.5925029089423142,1710.7584228515625
2012-09-04 00:00:00+00:00,1.0,1893.9056396484375,0.48372391217593147,1893.833251953125
2012-09-04 06:00:00+00:00,0.8414369821548462,3.921236753463745,1.6094379124341005,2.802816867828369
2012-09-04 12:00:00+00:00,0.050972580909729004,32.919490814208984,2.7752616293098358,32.88724136352539
2012-09-04 18:00:00+00:00,0.012788057327270508,17.922222137451172,3.144010601267822,17.920719146728516
2012-09-05 00:00:00+00:00,0.0013315677642822266,32.061187744140625,2.780466368938682,32.06116485595703
2012-09-05 06:00:00+00:00,0.5048081874847412,15.336962699890137,1.6726254461503205,14.608928680419922
2012-09-05 12:00:00+00:00,0.4799386262893677,31.63393211364746,3.155342603488295,27.695816040039062
2012-09-05 18:00:00+00:00,0.4346224069595337,36.159217834472656,3.70149271324863,32.08721160888672
2012-09-06 00:00:00+00:00,0.02489227056503296,52.1943244934082,3.6198217693095383,52.178348541259766
2012-09-06 06:00:00+00:00,0.25983381271362305,55.25767517089844,3.296329931115036,53.919315338134766
2012-09-06 12:00:00+00:00,0.3616267442703247,145.48532104492188,2.0217301881671967,143.0320281982422
2012-09-06 18:00:00+00:00,0.11036354303359985,64.67411041259766,2.496009936919496,64.46981048583984
2012-09-07 00:00:00+00:00,0.08160734176635742,28.262813568115234,3.8118900152937707,28.16253089904785
2012-09-07 06:00:00+00:00,0.2479468584060669,32.39701461791992,3.2600655789033524,31.570323944091797
2012-09-07 12:00:00+00:00,0.3397025465965271,92.74015808105469,2.6419550864441446,90.39636993408203
2012-09-07 18:00:00+00:00,0.16090059280395508,31.64946937561035,3.1850506046886813,31.308006286621094
2012-09-08 00:00:00+00:00,0.34943556785583496,45.772823333740234,3.22515961605051,43.41341018676758
2012-09-08 06:00:00+00:00,0.29720520973205566,49.44749450683594,2.7860709825153984,48.15857696533203
2012-09-08 12:00:00+00:00,0.25911766290664673,116.92215728759766,1.972712444580701,115.87151336669922
2012-09-08 18:00:00+00:00,0.34771692752838135,68.97968292236328,3.0047805414577833,66.8436279296875
2012-09-09 00:00:00+00:00,0.5540684461593628,182.8196563720703,2.2190777582401076,175.59072875976562
2012-09-09 06:00:00+00:00,0.469920814037323,57.117881774902344,2.9196177647620503,54.16275405883789
2012-09-09 12:00:00+00:00,0.47471511363983154,56.952816009521484,3.071448408867099,53.53398513793945
2012-09-09 18:00:00+00:00,0.6374674439430237,462.2364196777344,2.1392095995993605,442.6151123046875
2012-09-10 00:00:00+00:00,0.002480626106262207,14.702388763427734,3.74446053755574,14.70233154296875
2012-09-10 06:00:00+00:00,0.4054550528526306,114.02776336669922,2.8436223620224106,110.60740661621094
2012-09-10 12:00:00+00:00,0.36543208360671997,187.2151641845703,2.24005125115674,184.66941833496094
2012-09-10 18:00:00+00:00,0.008672237396240234,46.66071319580078,3.4482713950706776,46.65922927856445
2012-09-11 00:00:00+00:00,0.053456664085388184,50.52732467651367,3.218642499238944,50.471717834472656
2012-09-11 06:00:00+00:00,0.30494117736816406,91.81600952148438,2.7802158937444004,89.85991668701172
2012-09-11 12:00:00+00:00,0.23258423805236816,112.3747329711914,2.3798710771426044,111.13131713867188
2012-09-11 18:00:00+00:00,0.2009040117263794,35.27201843261719,3.3220775174381543,34.67361831665039
2012-09-12 00:00:00+00:00,0.2497929334640503,43.925682067871094,2.873742553139391,42.985904693603516
2012-09-12 06:00:00+00:00,0.33071625232696533,86.08361053466797,2.506815935704699,83.94414520263672
2012-09-12 12:00:00+00:00,0.2951408624649048,50.555355072021484,2.847562418606394,48.85667419433594
2012-09-12 18:00:00+00:00,0.32181644439697266,46.344970703125,3.473009290384478,44.13361358642578
2012-09-13 00:00:00+00:00,0.3345578908920288,53.29349899291992,3.2147851260659506,50.890132904052734
2012-09-13 06:00:00+00:00,0.39698874950408936,106.68289184570312,2.486126873554091,102.68904876708984
2012-09-13 12:00:00+00:00,0.42983996868133545,118.15418243408203,2.062465838238453,113.59986877441406
2012-09-13 18:00:00+00:00,0.4256960153579712,107.92594146728516,2.61176770336938,102.5662841796875
2012-09-14 00:00:00+00:00,0.32987189292907715,77.84197998046875,2.884661941647554,75.12239074707031
2012-09-14 06:00:00+00:00,0.4091928005218506,60.7492561340332,2.8699206737587417,56.97398376464844
2012-09-14 12:00:00+00:00,0.3770253658294678,75.22798919677734,2.8264455611412322,71.60950469970703
2012-09-14 18:00:00+00:00,0.45064878463745117,95.95331573486328,2.6980319637459615,89.22412872314453
2012-09-15 00:00:00+00:00,0.3849397897720337,104.49508666992188,2.8256963494721687,99.65333557128906
2012-09-15 06:00:00+00:00,0.4365530014038086,109.68466186523438,2.412555245857906,104.55433654785156
2012-09-15 12:00:00+00:00,0.38986408710479736,159.68101501464844,1.9377532331029246,155.41845703125
2012-09-15 18:00:00+00:00,0.22374379634857178,80.792236328125,2.722676021091121,79.49935150146484
2012-09-16 00:00:00+00:00,0.27178752422332764,79.32051849365234,2.3589650928066885,77.60276794433594
2012-09-16 06:00:00+00:00,0.2261650562286377,94.77287292480469,2.0822586313835494,93.53929138183594
2012-09-16 12:00:00+00:00,0.1446516513824463,47.71886444091797,2.871328111914016,47.31631088256836
2012-09-16 18:00:00+00:00,0.12005674839019775,61.85857009887695,2.611105729307622,61.592002868652344
2012-09-17 00:00:00+00:00,0.12242531776428223,93.86133575439453,2.1896579752241943,93.54432678222656
2012-09-17 06:00:00+00:00,0.06920671463012695,88.45745849609375,2.3888196518094444,88.3598861694336
2012-09-17 12:00:00+00:00,0.05465042591094971,108.0483627319336,1.7469176488942282,107.99330139160156
2012-09-17 18:00:00+00:00,0.09417933225631714,77.69685363769531,1.8915333016047178,77.54061126708984
2012-09-18 00:00:00+00:00,0.16397589445114136,57.761329650878906,2.245095790181351,57.35551834106445
2012-09-18 12:00:00+00:00,0.03222393989562988,45.669673919677734,2.3120103717072404,45.657955169677734
2012-09-18 18:00:00+00:00,0.07259827852249146,93.7524185180664,1.9572484647874167,93.65109252929688
2012-09-19 00:00:00+00:00,0.015694499015808105,52.84657287597656,2.15122589280523,52.84273147583008
2012-09-19 12:00:00+00:00,0.015138745307922363,64.69208526611328,1.8952468602195502,64.68897247314453
2012-09-19 18:00:00+00:00,0.02527529001235962,90.1299057006836,1.8961594377562137,90.11795043945312
2012-09-20 00:00:00+00:00,0.006166696548461914,29.7833251953125,3.0356639796036675,29.782833099365234
2012-09-20 12:00:00+00:00,0.08727681636810303,44.86798858642578,2.6458481822994075,44.731990814208984
2012-09-20 18:00:00+00:00,0.0669105052947998,67.96332550048828,2.7328550329593115,67.86402130126953
2012-09-21 00:00:00+00:00,0.14266830682754517,65.17781066894531,2.6432690412960684,64.75457763671875
2012-09-21 12:00:00+00:00,0.1288018822669983,30.765310287475586,3.8084112980061446,30.469755172729492
2012-09-21 18:00:00+00:00,0.05870932340621948,34.23018264770508,3.580032895207939,34.16691589355469
2012-09-22 00:00:00+00:00,0.029289603233337402,21.399126052856445,3.814696372159084,21.388898849487305
2012-09-22 12:00:00+00:00,0.149095356464386,22.992599487304688,3.89188598292695,22.702478408813477
2012-09-22 18:00:00+00:00,0.3737187385559082,17.38791275024414,3.9666270952407983,15.96531867980957
2012-09-23 00:00:00+00:00,1.0,1327.3280029296875,0.44290141786223014,1327.3218994140625
2012-09-23 12:00:00+00:00,1.0,1297.79638671875,0.4406723615807687,1297.7803955078125
2012-09-23 18:00:00+00:00,1.0,1381.678466796875,0.4752194523450599,1381.6365966796875
2012-09-24 00:00:00+00:00,1.0,1543.6009521484375,0.45638909821988133,1543.599853515625
2012-09-24 12:00:00+00:00,1.0,1483.0389404296875,0.5073872719959795,1483.0294189453125
2012-09-24 18:00:00+00:00,1.0,1634.990478515625,0.5696900931516808,1634.974609375
2012-09-25 00:00:00+00:00,1.0,1682.7506103515625,0.5207548466485546,1682.665771484375
2012-09-25 12:00:00+00:00,1.0,1615.7684326171875,0.427276566148559,1615.7545166015625
2012-09-25 18:00:00+00:00,1.0,1666.3192138671875,0.9281463536805882,1666.30029296875
2012-09-26 00:00:00+00:00,1.0,1618.4853515625,0.5396200164054217,1618.4449462890625
2012-09-26 12:00:00+00:00,1.0,1393.165771484375,0.9459680519193512,1393.0955810546875
2012-09-26 18:00:00+00:00,1.0,1467.007568359375,0.487389686784341,1466.9302978515625
2012-09-27 00:00:00+00:00,1.0,1515.873291015625,0.8914006892433477,1515.8184814453125
2012-09-27 06:00:00+00:00,1.0,1423.9078369140625,0.597595174880521,1423.8525390625
2012-09-27 12:00:00+00:00,1.0,1291.9306640625,0.49707884919028744,1291.91357421875
2012-09-27 18:00:00+00:00,1.0,1430.0340576171875,0.45889239103015095,1429.9991455078125
2012-09-28 00:00:00+00:00,1.0,1578.7532958984375,0.6618963144985472,1578.7523193359375
2012-09-28 06:00:00+00:00,1.0,1580.8988037109375,0.5262947082666786,1580.89892578125
2012-09-28 12:00:00+00:00,1.0,1476.13671875,0.5893027406975543,1476.1240234375
2012-09-28 18:00:00+00:00,1.0,1661.4349365234375,0.44653887159355826,1661.43017578125
2012-09-29 00:00:00+00:00,1.0,1831.5390625,0.5996267209236213,1831.4954833984375
2012-09-29 06:00:00+00:00,1.0,1842.8848876953125,0.5574840046880593,1842.807373046875
2012-09-29 12:00:00+00:00,1.0,1658.080322265625,0.6169783946338008,1657.975341796875
2012-09-29 18:00:00+00:00,1.0,1782.738525390625,0.45335420757114314,1782.619384765625
2012-09-30 00:00:00+00:00,1.0,1894.7493896484375,0.4501356833560955,1894.62353515625
2012-09-30 06:00:00+00:00,1.0,1860.5682373046875,0.8296139213795269,1860.4736328125
2012-09-30 12:00:00+00:00,1.0,1726.8494873046875,0.46608291194201207,1726.666748046875
2012-09-30 18:00:00+00:00,1.0,1901.553466796875,0.8696732756231225,1901.26513671875
2012-10-01 00:00:00+00:00,1.0,1988.9814453125,0.41536795984636904,1988.74169921875
2012-10-01 06:00:00+00:00,1.0,2000.6942138671875,0.8968066862129787,2000.4677734375
2012-10-01 12:00:00+00:00,1.0,1829.8248291015625,0.4868864561786097,1829.4405517578125
2012-10-01 18:00:00+00:00,1.0,1937.2144775390625,0.4160540300659958,1936.9383544921875
2012-10-02 00:00:00+00:00,0.9409799017012119,24.987369537353516,1.6094379124341005,19.432844161987305
2012-10-02 06:00:00+00:00,1.0,1912.1055908203125,0.7542689547891019,1911.8001708984375
2012-10-02 12:00:00+00:00,0.027803897857666016,24.193708419799805,1.7677614722893296,24.18816375732422
2012-10-02 18:00:00+00:00,0.6820836067199707,25.19740104675293,3.355951727977136,19.016925811767578
2012-10-03 00:00:00+00:00,0.20943236351013184,290.90069580078125,2.4170919173140213,289.2124328613281
2012-10-03 06:00:00+00:00,0.3074180483818054,58.723731994628906,3.1550315165413263,56.704505920410156
2012-10-03 12:00:00+00:00,0.19829750061035156,37.5267333984375,3.580647644407076,36.864463806152344
2012-10-03 18:00:00+00:00,0.31068211793899536,44.26017379760742,3.2207038082131096,42.470558166503906
2012-10-04 06:00:00+00:00,0.29404598474502563,45.02170181274414,2.6420938278242856,43.652008056640625
2012-10-04 12:00:00+00:00,0.3668862581253052,114.94998168945312,2.0060623182618706,112.31098937988281
2012-10-04 18:00:00+00:00,0.34758663177490234,57.11270523071289,2.5479879389086473,55.228878021240234
2012-10-05 00:00:00+00:00,0.4395192861557007,109.37290954589844,2.4665906529430845,105.37511444091797
2012-10-05 06:00:00+00:00,0.28464943170547485,87.10271453857422,2.3721046062009052,85.52269744873047
2012-10-05 12:00:00+00:00,0.3770345449447632,103.28273010253906,2.0287392374887014,100.77274322509766
2012-10-05 18:00:00+00:00,0.31035172939300537,60.1329460144043,2.585558843872206,58.32887649536133
2012-10-06 00:00:00+00:00,0.2723274827003479,79.33710479736328,2.2460425834800946,77.9151611328125
2012-10-06 06:00:00+00:00,0.2468658685684204,127.84563446044922,1.8907407078507286,126.3543472290039
2012-10-06 12:00:00+00:00,0.230837881565094,70.86106872558594,2.2443157658558395,69.9272232055664
2012-10-06 18:00:00+00:00,0.22970449924468994,68.00774383544922,2.5168767391658546,66.99942779541016
2012-10-07 00:00:00+00:00,0.2418690323829651,55.96333694458008,2.6240610416601546,54.987545013427734
2012-10-07 06:00:00+00:00,0.2581145763397217,78.8549575805664,2.2535196490598985,77.50788879394531
2012-10-07 12:00:00+00:00,0.2393500804901123,56.32201385498047,3.0201690573382014,55.18893051147461
2012-10-07 18:00:00+00:00,0.1950986385345459,298.8231506347656,1.389784279838786,297.80181884765625
2012-10-08 00:00:00+00:00,0.21016448736190796,316.71441650390625,1.403562734812902,315.38262939453125
2012-10-08 06:00:00+00:00,0.11129045486450195,63.61027145385742,2.8926141387255466,63.298927307128906
2012-10-08 12:00:00+00:00,0.17841094732284546,151.9709014892578,1.8271478719900756,151.05894470214844
2012-10-08 18:00:00+00:00,0.00024199485778808594,59.19874572753906,2.3677550371827354,59.19874572753906
2012-10-09 00:00:00+00:00,0.06606435775756836,71.1859359741211,2.6416435305136265,71.0889892578125
2012-10-09 06:00:00+00:00,0.027212977409362793,38.019866943359375,3.246121244213874,38.00693130493164
2012-10-09 12:00:00+00:00,0.12314999103546143,81.39522552490234,1.942844655569511,81.11431884765625
2012-10-09 18:00:00+00:00,0.012305974960327148,70.88887023925781,2.248109665561901,70.88584899902344
2012-10-10 00:00:00+00:00,0.13919413089752197,95.14924621582031,2.084297871470982,94.73583984375
2012-10-10 06:00:00+00:00,0.0874793529510498,74.17682647705078,2.273712065101197,74.03385925292969
2012-10-10 12:00:00+00:00,0.15518736839294434,82.00702667236328,2.0889240795301354,81.56283569335938
2012-10-11 00:00:00+00:00,0.15876448154449463,96.13130187988281,1.8902892384709697,95.61189270019531
2012-10-11 06:00:00+00:00,0.13248014450073242,92.05633544921875,1.8789459365492844,91.67554473876953
2012-10-11 12:00:00+00:00,0.22714412212371826,177.31881713867188,1.32029134521315,176.17654418945312
2012-10-11 18:00:00+00:00,0.20691657066345215,109.6396255493164,1.818086702189666,108.6622314453125
2012-10-12 00:00:00+00:00,0.16517126560211182,96.69091796875,1.8702802062597512,96.12330627441406
2012-10-12 06:00:00+00:00,0.20619750022888184,167.64898681640625,1.6809376776070462,166.57730102539062
2012-10-12 12:00:00+00:00,0.14802682399749756,75.21351623535156,2.1675058448823967,74.8013916015625
2012-10-12 18:00:00+00:00,0.19545137882232666,59.763153076171875,2.653798471479981,59.05400466918945
2012-10-13 00:00:00+00:00,0.10675501823425293,62.74525451660156,2.491458168086134,62.4832763671875
2012-10-13 06:00:00+00:00,0.20546329021453857,117.15550231933594,2.0745119366650724,116.22325134277344
2012-10-13 12:00:00+00:00,0.1138613224029541,86.07423400878906,1.9731230406310103,85.8303451538086
2012-10-13 18:00:00+00:00,0.1219942569732666,56.87825393676758,2.806265553505485,56.55280303955078
2012-10-14 00:00:00+00:00,0.1261681318283081,95.80327606201172,2.1101565782298195,95.45309448242188
2012-10-14 06:00:00+00:00,0.03613018989562988,123.14462280273438,2.094336884965356,123.11406707763672
2012-10-14 12:00:00+00:00,0.008652567863464355,43.16830062866211,3.0955520530797243,43.16690444946289
2012-10-14 18:00:00+00:00,0.04915785789489746,42.91569137573242,3.0418519113253613,42.87104034423828
2012-10-15 00:00:00+00:00,0.06667518615722656,81.78374481201172,2.3869288528001276,81.69155883789062
2012-10-15 06:00:00+00:00,0.16756188869476318,29.912805557250977,3.3890099745099658,29.48946189880371
2012-10-15 12:00:00+00:00,0.6888830661773682,1944.9927978515625,0.874029643718122,1925.4111328125
2012-10-15 18:00:00+00:00,0.07305514812469482,35.293975830078125,3.1961694659902276,35.21262741088867
2012-10-16 00:00:00+00:00,0.4212067127227783,1397.814208984375,0.9633496988530926,1392.60009765625
2012-10-16 06:00:00+00:00,0.12267065048217773,20.154499053955078,4.027770796613551,19.96375274658203
2012-10-16 12:00:00+00:00,0.22791528701782227,20.982084274291992,3.88727396795138,20.335046768188477
2012-10-16 18:00:00+00:00,0.22232019901275635,17.85165023803711,3.852906231347257,17.34634780883789
2012-10-17 00:00:00+00:00,0.013586997985839844,19.358640670776367,3.643759928860844,19.35681915283203
2012-10-17 06:00:00+00:00,0.42202985286712646,9.528254508972168,2.0794415416798357,8.281778335571289
2012-10-17 12:00:00+00:00,0.35328543186187744,26.29718589782715,2.3025850929940455,24.761167526245117
2012-10-18 00:00:00+00:00,1.0,1587.1055908203125,0.4712342603992565,1586.8619384765625
2012-10-18 06:00:00+00:00,1.0,1587.7581787109375,0.4639655305559328,1587.6053466796875
2012-10-18 12:00:00+00:00,1.0,1443.9866943359375,0.5216779798033196,1443.85791015625
2012-10-18 18:00:00+00:00,1.0,1596.2437744140625,0.6367404323218515,1596.14892578125
2012-10-19 00:00:00+00:00,1.0,1654.084716796875,0.8543582668029498,1654.0064697265625
2012-10-19 06:00:00+00:00,1.0,1616.421142578125,0.47424629977173177,1616.3448486328125
2012-10-19 12:00:00+00:00,1.0,1524.316162109375,0.6796692791855783,1524.24755859375
2012-10-19 18:00:00+00:00,1.0,1616.38525390625,0.519763929291328,1616.3626708984375
2012-10-20 00:00:00+00:00,1.0,1783.9456787109375,0.512161983635125,1783.8980712890625
2012-10-20 06:00:00+00:00,1.0,1719.9097900390625,0.8996780542249366,1719.849365234375
2012-10-20 12:00:00+00:00,1.0,1526.8743896484375,0.5418684487515399,1526.8724365234375
2012-10-20 18:00:00+00:00,1.0,1634.9609375,0.8174531839851357,1634.9544677734375
2012-10-21 00:00:00+00:00,1.0,1760.0560302734375,0.6306403149210904,1760.0391845703125
2012-10-21 06:00:00+00:00,1.0,1704.32958984375,0.5917435244531931,1704.2706298828125
2012-10-21 12:00:00+00:00,1.0,1578.7548828125,0.9511776234955108,1578.6978759765625
2012-10-21 18:00:00+00:00,1.0,1738.213134765625,0.5426876512963905,1738.13232421875
2012-10-22 00:00:00+00:00,1.0,1854.446044921875,0.9417885178251177,1854.2891845703125
2012-10-22 06:00:00+00:00,1.0,1797.264404296875,0.9597590218377027,1797.2149658203125
2012-10-22 12:00:00+00:00,0.793723464012146,100.4390640258789,2.9366930180190303,83.10150146484375
2012-10-22 18:00:00+00:00,0.46022534370422363,100.32970428466797,3.4553083114708856,92.98284149169922
2012-10-23 00:00:00+00:00,0.2963465452194214,61.2094841003418,3.502096162615202,58.99089050292969
2012-10-23 06:00:00+00:00,0.642890453338623,258.9019470214844,2.704253164814783,239.45045471191406
2012-10-23 12:00:00+00:00,0.6648969650268555,153.7067413330078,3.100501371848474,138.09564208984375
2012-10-23 18:00:00+00:00,0.5600135326385498,328.3392028808594,2.311015453133696,313.5758972167969
2012-10-24 00:00:00+00:00,0.5223819017410278,248.34780883789062,2.648877948175724,236.19003295898438
2012-10-24 06:00:00+00:00,0.5278840065002441,434.9691162109375,2.17376400574203,421.144775390625
2012-10-24 12:00:00+00:00,0.5448135137557983,109.2029037475586,2.802986178827591,101.74298095703125
2012-10-24 18:00:00+00:00,0.5197803974151611,323.76458740234375,2.0693811093421743,313.77667236328125
2012-10-25 00:00:00+00:00,0.4251352548599243,81.86648559570312,3.212130489795127,77.39604187011719
2012-10-25 06:00:00+00:00,0.572314977645874,138.82855224609375,2.793004229700372,128.30116271972656
2012-10-25 12:00:00+00:00,0.29647505283355713,55.98286437988281,3.031099709551598,54.214717864990234
2012-10-25 18:00:00+00:00,0.4672304391860962,114.42866516113281,2.6885688093706093,109.12183380126953
2012-10-26 00:00:00+00:00,0.4851231575012207,51.51240539550781,3.4964518223445653,46.61716079711914
2012-10-26 06:00:00+00:00,0.4275848865509033,58.39270782470703,3.291360686948989,54.22861862182617
2012-10-26 12:00:00+00:00,0.464715838432312,165.60903930664062,2.3498971460837623,159.06808471679688
2012-10-26 18:00:00+00:00,0.48673975467681885,301.3465881347656,2.0591370687591595,293.01513671875
2012-10-27 00:00:00+00:00,0.5285996198654175,2257.71142578125,1.238002170488119,2240.988037109375
2012-10-27 06:00:00+00:00,0.34998440742492676,71.62779998779297,3.319230692133866,68.18861389160156
2012-10-27 12:00:00+00:00,0.17177969217300415,35.97503662109375,3.303029293735388,35.49516296386719
2012-10-27 18:00:00+00:00,0.19813072681427002,40.1201171875,3.6267184578324905,39.29893493652344
2012-10-28 00:00:00+00:00,0.6510883867740631,2178.581298828125,1.6317581070153149,2138.858642578125
2012-10-28 06:00:00+00:00,0.07368862628936768,34.7796745300293,3.876054041353366,34.6649169921875
2012-10-28 12:00:00+00:00,0.16286802291870117,23.303255081176758,3.752792286914352,22.93164825439453
2012-10-28 18:00:00+00:00,0.2297576665878296,32.43614959716797,3.8128647637655506,31.374635696411133
2012-10-29 00:00:00+00:00,0.028172612190246582,27.37806510925293,3.9592531109152596,27.363805770874023
2012-10-29 06:00:00+00:00,0.051145851612091064,41.6634635925293,3.525917295541439,41.609527587890625
2012-10-29 12:00:00+00:00,0.13056206703186035,41.90925979614258,3.1524795728964734,41.6412467956543
2012-10-29 18:00:00+00:00,0.1295919418334961,24.635272979736328,3.913540752187833,24.404064178466797
2012-10-30 00:00:00+00:00,0.018860042095184326,32.83170700073242,3.304333527582888,32.82610321044922
2012-10-30 06:00:00+00:00,0.04892086982727051,22.279172897338867,3.5636704005584066,22.24961280822754
2012-10-30 12:00:00+00:00,0.06640684604644775,28.162811279296875,3.70086117243265,28.09661102294922
2012-10-30 18:00:00+00:00,0.10998713970184326,30.535640716552734,3.100988930490792,30.3695068359375
2012-10-31 00:00:00+00:00,0.13223057985305786,53.04467010498047,2.9926794985685077,52.7446174621582
2012-10-31 06:00:00+00:00,0.10858392715454102,74.34220123291016,2.2253593601888983,74.15957641601562
2012-10-31 12:00:00+00:00,0.10111600160598755,47.429691314697266,2.7103144379236506,47.285728454589844
2012-10-31 18:00:00+00:00,0.07146966457366943,43.67194747924805,2.8687048779733697,43.59306335449219
2012-11-01 00:00:00+00:00,0.06550902128219604,113.13118743896484,1.6876326940327397,113.05088806152344
2012-11-01 06:00:00+00:00,0.06471455097198486,1194.1351318359375,0.5613752724861063,1194.0264892578125
2012-11-01 12:00:00+00:00,0.14017295837402344,54.05531311035156,2.3984698918841802,53.79541015625
2012-11-01 18:00:00+00:00,0.06731492280960083,35.85647964477539,2.7876357571435557,35.79048538208008
2012-11-02 00:00:00+00:00,0.04416567087173462,33.301719665527344,3.0181480612161735,33.27300262451172
2012-11-02 06:00:00+00:00,0.13078582286834717,24.52845573425293,3.0571203214394624,24.331024169921875
2012-11-02 12:00:00+00:00,0.18241149187088013,47.5575065612793,2.405691079265609,47.13199234008789
2012-11-02 18:00:00+00:00,0.19311410188674927,42.4743537902832,2.5589409242249666,41.97380065917969
2012-11-03 00:00:00+00:00,0.11452966928482056,41.86789321899414,2.485358240749597,41.69270706176758
2012-11-03 06:00:00+00:00,0.09156644344329834,40.13008117675781,2.9345526509908804,40.006874084472656
2012-11-03 12:00:00+00:00,0.14310675859451294,47.480857849121094,2.781441859729601,47.15040588378906
2012-11-03 18:00:00+00:00,0.17302292585372925,36.244415283203125,3.4085502656579902,35.73649597167969
2012-11-04 00:00:00+00:00,0.10419851541519165,45.59876251220703,3.051843639586692,45.39395523071289
2012-11-04 06:00:00+00:00,0.31904876232147217,66.15702819824219,2.879328566486778,63.88337326049805
2012-11-04 12:00:00+00:00,0.3605155944824219,82.57255554199219,3.0235785771631307,79.3233413696289
2012-11-04 18:00:00+00:00,0.3681286573410034,94.77588653564453,2.5550409785938712,91.63033294677734
2012-11-05 00:00:00+00:00,0.40780723094940186,101.34906768798828,2.8599958941210697,96.69300079345703
2012-11-05 06:00:00+00:00,0.5328052937984467,74.67597198486328,3.3445845295384498,67.50532531738281
2012-11-05 12:00:00+00:00,0.35817527770996094,73.6550521850586,3.1366895932416123,70.6356430053711
2012-11-05 18:00:00+00:00,0.3473930358886719,74.89569091796875,3.210917828410352,71.84088897705078
2012-11-06 00:00:00+00:00,0.34451985359191895,53.931854248046875,3.3016270848760283,51.402191162109375
2012-11-06 06:00:00+00:00,0.1387091875076294,36.082820892333984,3.382806478318023,35.79060745239258
2012-11-06 12:00:00+00:00,0.04653120040893555,18.195215225219727,3.6589225733732227,18.173980712890625
2012-11-06 18:00:00+00:00,0.07956427335739136,17.231201171875,3.7746808128475653,17.167354583740234
2012-11-07 00:00:00+00:00,0.12985610961914062,18.302705764770508,3.6986295421509676,18.12006950378418
2012-11-07 06:00:00+00:00,0.3448317050933838,15.002833366394043,3.897976330931649,13.907914161682129
2012-11-07 12:00:00+00:00,0.1896895170211792,18.269451141357422,3.8827067311470893,17.862102508544922
2012-11-07 18:00:00+00:00,0.27904772758483887,33.37764358520508,3.482659264282664,32.09516143798828
2012-11-08 00:00:00+00:00,0.06567525863647461,38.38867950439453,2.855405610569396,38.32887268066406
2012-11-08 06:00:00+00:00,0.11425149440765381,21.57774543762207,3.523487763251377,21.413347244262695
2012-11-08 12:00:00+00:00,0.023024797439575195,28.066068649291992,3.2061442157435485,28.05926513671875
2012-11-08 18:00:00+00:00,0.030739307403564453,25.722702026367188,3.256367533777159,25.711124420166016
2012-11-09 00:00:00+00:00,0.1600167155265808,20.04367446899414,3.888024031791121,19.731487274169922
2012-11-09 06:00:00+00:00,0.03399747610092163,21.08475112915039,3.824401857918333,21.07069969177246
2012-11-09 12:00:00+00:00,0.0694323182106018,24.397117614746094,3.1240263446968104,24.354734420776367
2012-11-09 18:00:00+00:00,0.2867504954338074,18.965845108032227,3.5725723576801585,18.229320526123047
2012-11-10 00:00:00+00:00,0.454156756401062,78.73548126220703,2.6074730443840872,75.0472640991211
2012-11-10 06:00:00+00:00,0.22682523727416992,35.50653076171875,3.184153074658309,34.79739761352539
2012-11-10 12:00:00+00:00,0.16892606019973755,118.90750885009766,1.9632142108681767,118.42239379882812
2012-11-10 18:00:00+00:00,0.12116456031799316,67.7493896484375,2.49684789410065,67.50587463378906
2012-11-11 00:00:00+00:00,0.1168404221534729,17.890409469604492,3.634823124669599,17.75834083557129
2012-11-11 06:00:00+00:00,0.05529499053955078,27.96672821044922,3.731543242752654,27.92033576965332
2012-11-11 12:00:00+00:00,0.17801618576049805,29.688947677612305,3.978224398795489,29.113536834716797
2012-11-11 18:00:00+00:00,0.07902133464813232,41.91011428833008,3.51886917827278,41.788753509521484
2012-11-12 00:00:00+00:00,0.09199273586273193,30.24318504333496,4.0464952534923615,30.087003707885742
2012-11-12 06:00:00+00:00,0.04846668243408203,39.64707565307617,3.5916541447807333,39.597198486328125
2012-11-12 12:00:00+00:00,0.05772256851196289,21.660812377929688,3.9212925709832778,21.616168975830078
2012-11-12 18:00:00+00:00,0.1433335542678833,32.497501373291016,3.842867753075669,32.095272064208984
2012-11-13 00:00:00+00:00,0.2798384428024292,127.33860778808594,2.7995486372244573,125.52165985107422
2012-11-13 06:00:00+00:00,1.0,1933.693359375,0.3792724799701665,1933.6529541015625
2012-11-13 12:00:00+00:00,0.18434226512908936,108.43012237548828,3.0168893003863952,107.38118743896484
2012-11-13 18:00:00+00:00,0.0916982889175415,30.73699188232422,3.364064189977254,30.60396385192871
2012-11-15 00:00:00+00:00,1.0,1970.5816650390625,0.5517932992781933,1970.5755615234375
2012-11-15 06:00:00+00:00,1.0,1915.8438720703125,0.8137849449636937,1915.8436279296875
2012-11-15 12:00:00+00:00,1.0,1758.2388916015625,0.5559177871254708,1758.23876953125
2012-11-15 18:00:00+00:00,1.0,1881.13134765625,0.9151543956549655,1881.1036376953125
2012-11-16 00:00:00+00:00,1.0,1647.7552490234375,0.45580961389134017,1647.7369384765625
2012-11-16 06:00:00+00:00,1.0,1586.767578125,0.7297642527666778,1586.7586669921875
2012-11-16 12:00:00+00:00,1.0,1638.3282470703125,0.49265707834792793,1638.22705078125
2012-11-16 18:00:00+00:00,1.0,1737.4635009765625,0.47659678809914435,1737.4510498046875
2012-11-17 00:00:00+00:00,1.0,1586.9288330078125,0.5173533804731184,1586.8123779296875
2012-11-17 06:00:00+00:00,1.0,1611.3770751953125,0.593573854192535,1611.1607666015625
2012-11-17 12:00:00+00:00,1.0,1433.7703857421875,0.5096704279955426,1433.717529296875
2012-11-17 18:00:00+00:00,1.0,1473.157470703125,0.4961439789937115,1473.066162109375
2012-11-18 00:00:00+00:00,1.0,1561.060302734375,0.5384118062131602,1560.9827880859375
2012-11-18 06:00:00+00:00,1.0,1571.9599609375,0.5530289938456292,1571.8720703125
2012-11-18 12:00:00+00:00,1.0,1554.17431640625,0.614551046537652,1554.102294921875
2012-11-18 18:00:00+00:00,1.0,1821.3997802734375,0.8839694923542613,1821.3330078125
2012-11-19 00:00:00+00:00,1.0,1812.612548828125,0.49140543675307985,1812.57958984375
2012-11-19 06:00:00+00:00,1.0,1789.35009765625,0.45220499436010697,1789.3004150390625
2012-11-19 12:00:00+00:00,1.0,1557.413818359375,0.6465692353703861,1557.4107666015625
2012-11-19 18:00:00+00:00,1.0,1712.3790283203125,0.47614632916695493,1712.35205078125
2012-11-20 00:00:00+00:00,1.0,1662.3426513671875,0.7960974640487485,1662.3424072265625
2012-11-20 06:00:00+00:00,1.0,1651.186279296875,0.7681806034297158,1651.1861572265625
2012-11-20 12:00:00+00:00,1.0,1453.0670166015625,0.590529580670385,1453.065185546875
2012-11-20 18:00:00+00:00,1.0,1606.960205078125,0.4938709232837728,1606.9599609375
2012-11-21 00:00:00+00:00,1.0,1582.4788818359375,0.9372351422037535,1582.478759765625
2012-11-21 06:00:00+00:00,1.0,1780.563232421875,0.4258302338681842,1780.5494384765625
2012-11-21 12:00:00+00:00,1.0,1759.7598876953125,0.5736047129876223,1759.74951171875
2012-11-21 18:00:00+00:00,1.0,1922.2808837890625,0.6364831850434964,1922.2159423828125
2012-11-22 00:00:00+00:00,1.0,1954.48193359375,0.7546668913350267,1954.4368896484375
2012-11-22 06:00:00+00:00,0.6940267086029053,25.040485382080078,3.3092532847243064,17.591903686523438
2012-11-22 12:00:00+00:00,0.29141366481781006,20.621862411499023,3.627050793816561,19.490806579589844
2012-11-22 18:00:00+00:00,0.029319047927856445,27.046070098876953,3.492604082400686,27.033653259277344
2012-11-23 00:00:00+00:00,0.15701937675476074,125.60686492919922,2.5568963094111714,125.06411743164062
2012-11-23 06:00:00+00:00,0.30617427825927734,100.8146743774414,2.8492760068547462,98.10110473632812
2012-11-23 12:00:00+00:00,0.3104754686355591,66.0220718383789,3.149576668377266,63.619327545166016
2012-11-23 18:00:00+00:00,0.40342390537261963,179.7872772216797,2.9860058332338943,174.40310668945312
2012-11-24 00:00:00+00:00,0.1946660280227661,39.205467224121094,3.547234328867645,38.55094528198242
2012-11-24 06:00:00+00:00,0.0024055838584899902,89.80428314208984,2.694680602513956,89.80413818359375
2012-11-24 12:00:00+00:00,0.13062399625778198,47.25670623779297,2.8783222327479128,46.989959716796875
2012-11-24 18:00:00+00:00,0.1153075098991394,26.508623123168945,3.440313530866747,26.323787689208984
2012-11-25 00:00:00+00:00,0.1357938051223755,40.848575592041016,3.0268004316304227,40.54115676879883
2012-11-25 06:00:00+00:00,0.02513420581817627,29.852161407470703,3.287594687721299,29.843046188354492
2012-11-25 12:00:00+00:00,0.04760855436325073,51.87285614013672,2.5140450972415187,51.831295013427734
2012-11-25 18:00:00+00:00,0.15390485525131226,67.87618255615234,2.5075086416931947,67.43669128417969
2012-11-26 00:00:00+00:00,0.11045795679092407,60.788909912109375,2.832851518742134,60.56864547729492
2012-11-26 06:00:00+00:00,0.11126679182052612,35.5623664855957,2.9946338288510654,35.38058090209961
2012-11-26 12:00:00+00:00,0.18500399589538574,87.30269622802734,2.1675300985824597,86.7722396850586
2012-11-26 18:00:00+00:00,0.2814391255378723,79.01701354980469,2.1196150944693946,77.59754180908203
2012-11-27 00:00:00+00:00,0.37503767013549805,420.310791015625,1.2495870622238767,416.2867431640625
2012-11-27 06:00:00+00:00,0.36809849739074707,259.9473876953125,1.648306008444977,256.8789978027344
2012-11-27 12:00:00+00:00,0.3976423740386963,191.42730712890625,1.9775450362257254,187.80758666992188
2012-11-27 18:00:00+00:00,0.287201464176178,99.64447784423828,2.0942771265841276,97.9895248413086
2012-11-28 00:00:00+00:00,0.1323164701461792,102.57049560546875,2.097015764066443,102.29655456542969
2012-11-28 06:00:00+00:00,0.38802170753479004,279.8925476074219,1.346818994016728,276.40631103515625
2012-11-28 12:00:00+00:00,0.3375204801559448,175.80657958984375,1.9980416582417198,173.29742431640625
2012-11-28 18:00:00+00:00,0.3153894543647766,178.94921875,1.7056408422166849,177.15757751464844
2012-11-29 00:00:00+00:00,0.4235307574272156,179.75271606445312,1.9340689463150516,175.9456787109375
2012-11-29 06:00:00+00:00,0.3839232921600342,227.6840057373047,1.7435275515907234,223.2599334716797
2012-11-29 12:00:00+00:00,0.2511816620826721,78.7495346069336,2.5126921837065694,77.44111633300781
2012-11-29 18:00:00+00:00,0.4165002703666687,97.0916519165039,2.505324025047479,93.21761322021484
2012-11-30 00:00:00+00:00,0.5451106131076813,42.00412368774414,3.56886400349547,36.482032775878906
2012-11-30 06:00:00+00:00,0.5385574102401733,78.8147201538086,3.058525170163722,71.20296478271484
2012-11-30 12:00:00+00:00,0.4915462136268616,169.22866821289062,2.5606951315063684,161.97799682617188
2012-11-30 18:00:00+00:00,0.5040825307369232,67.08441162109375,3.579723734299674,59.746246337890625
2012-12-01 00:00:00+00:00,0.4459506869316101,68.32827758789062,3.4588096539799116,62.70174789428711
2012-12-01 06:00:00+00:00,1.0,1094.37646484375,0.6920816527150137,1094.2921142578125
2012-12-01 12:00:00+00:00,1.0,1048.25048828125,0.3699142631773593,1048.176513671875
2012-12-01 18:00:00+00:00,1.0,1113.036376953125,0.5496037505897852,1112.9844970703125
2012-12-02 00:00:00+00:00,1.0,1092.533935546875,0.7990558355309814,1092.48291015625
2012-12-02 06:00:00+00:00,1.0,1110.800537109375,0.29772298298799804,1110.6328125
2012-12-02 12:00:00+00:00,1.0,1055.62109375,0.5822334000208105,1055.5599365234375
2012-12-02 18:00:00+00:00,0.7336913347244263,21.85546875,2.484906649788001,14.440193176269531
2012-12-03 00:00:00+00:00,0.18188607692718506,13.56882095336914,3.0280290733074113,13.26050090789795
2012-12-03 06:00:00+00:00,0.13038456439971924,22.83513069152832,3.4453387271289886,22.576833724975586
2012-12-03 12:00:00+00:00,0.22408831119537354,26.173017501831055,3.723241507159999,25.425676345825195
2012-12-03 18:00:00+00:00,0.2526874542236328,30.232751846313477,3.8938341043248004,29.14629554748535
2012-12-04 00:00:00+00:00,0.08409124612808228,35.391902923583984,3.5481239393335664,35.269004821777344
2012-12-04 06:00:00+00:00,0.11469745635986328,36.55313491821289,3.902509454028679,36.28718948364258
2012-12-04 12:00:00+00:00,0.18752455711364746,28.8834228515625,3.896525276917243,28.283039093017578
2012-12-04 18:00:00+00:00,0.10939109325408936,31.542558670043945,3.855979924929491,31.328834533691406
2012-12-05 00:00:00+00:00,0.11944234371185303,44.31804656982422,3.241686790429545,44.01215744018555
2012-12-05 06:00:00+00:00,0.1020125150680542,24.89066505432129,3.959216903061433,24.733423233032227
2012-12-05 12:00:00+00:00,0.014677464962005615,22.782052993774414,4.115796109668707,22.77909278869629
2012-12-05 18:00:00+00:00,0.0007420182228088379,35.27964782714844,3.348516730889299,35.27963638305664
2012-12-06 00:00:00+00:00,0.15039706230163574,32.44221878051758,3.494532529513131,32.06071090698242
2012-12-06 06:00:00+00:00,0.20164263248443604,338.16497802734375,1.7360027783193501,337.1728515625
2012-12-06 12:00:00+00:00,0.1732041835784912,27.02884292602539,4.004155299019422,26.547977447509766
2012-12-06 18:00:00+00:00,0.3227156400680542,32.59905242919922,3.897205998678797,30.609739303588867
2012-12-07 00:00:00+00:00,0.15439212322235107,24.63568878173828,3.901285741674903,24.300674438476562
2012-12-07 06:00:00+00:00,0.005941033363342285,27.55530548095703,3.6499783689563476,27.55474281311035
2012-12-07 12:00:00+00:00,0.29147350788116455,26.760560989379883,3.701519760776208,25.523054122924805
2012-12-07 18:00:00+00:00,0.16369444131851196,21.76882553100586,4.136491298821279,21.39570426940918
2012-12-08 00:00:00+00:00,0.1772066354751587,46.54166030883789,2.8215229206523182,46.0714111328125
2012-12-08 06:00:00+00:00,0.3356778025627136,78.60347747802734,2.750689302031805,76.37109375
2012-12-08 12:00:00+00:00,0.30439674854278564,110.10467529296875,2.2409226750678375,108.1794204711914
2012-12-08 18:00:00+00:00,0.003939628601074219,100.61397552490234,2.428015710172043,100.61356353759766
2012-12-09 00:00:00+00:00,0.08082598447799683,63.88212203979492,2.443244321760734,63.75428771972656
2012-12-09 06:00:00+00:00,0.160172700881958,65.8225326538086,2.836690264162268,65.26626586914062
2012-12-09 12:00:00+00:00,0.20847457647323608,69.23030090332031,2.010182345393916,68.4478759765625
2012-12-09 18:00:00+00:00,0.1652790904045105,85.32633209228516,2.1811221647825625,84.64195251464844
2012-12-10 00:00:00+00:00,0.15381592512130737,95.13919830322266,2.153765300038712,94.5447998046875
2012-12-10 06:00:00+00:00,0.06075489521026611,17.699342727661133,3.5923818301345376,17.658607482910156
2012-12-10 12:00:00+00:00,0.025324702262878418,61.105064392089844,2.815064143623708,61.09117889404297
2012-12-10 18:00:00+00:00,0.15626949071884155,112.47802734375,2.374467801804632,111.78075408935547
2012-12-11 00:00:00+00:00,0.0699506402015686,109.34868621826172,2.007576943893902,109.21941375732422
2012-12-11 06:00:00+00:00,0.0015935897827148438,80.57319641113281,2.2819355773329537,80.5731430053711
2012-12-11 12:00:00+00:00,0.11420130729675293,96.54550170898438,2.313705973708952,96.21902465820312
2012-12-11 18:00:00+00:00,0.12455737590789795,130.08248901367188,2.0067647306415313,129.62911987304688
2012-12-12 00:00:00+00:00,0.08037662506103516,116.3878173828125,1.9307417685090156,116.21263885498047
2012-12-12 06:00:00+00:00,0.27501583099365234,160.2775115966797,2.17259590244784,158.05502319335938
2012-12-12 12:00:00+00:00,0.1662977933883667,127.167236328125,1.6616323990030242,126.49542236328125
2012-12-12 18:00:00+00:00,0.20005881786346436,123.05145263671875,2.2420658496713743,121.89498138427734
2012-12-13 00:00:00+00:00,0.3040168285369873,98.71762084960938,2.4794572304476157,96.14817810058594
2012-12-13 06:00:00+00:00,0.35234689712524414,158.90863037109375,1.941704902319392,155.38734436035156
2012-12-13 12:00:00+00:00,0.3062112331390381,115.01700592041016,2.1865716170992475,112.62077331542969
2012-12-13 18:00:00+00:00,0.2950640916824341,224.32431030273438,1.915004213067653,221.09031677246094
2012-12-14 00:00:00+00:00,0.33403730392456055,229.33038330078125,2.2802000657749133,224.69163513183594
2012-12-14 06:00:00+00:00,0.28211772441864014,105.61026000976562,2.4172025175144936,103.41250610351562
2012-12-14 12:00:00+00:00,0.25285255908966064,170.11233520507812,2.0980479424747402,168.04190063476562
2012-12-14 18:00:00+00:00,0.2247384786605835,102.07646942138672,2.2344630038957596,100.688720703125
2012-12-15 00:00:00+00:00,0.2856100797653198,224.0301971435547,1.684669712806315,221.05599975585938
2012-12-15 06:00:00+00:00,0.2734858989715576,124.396728515625,2.14265329837971,122.32266998291016
2012-12-15 12:00:00+00:00,0.2922236919403076,217.30262756347656,1.6418182293603776,214.70928955078125
2012-12-15 18:00:00+00:00,0.2716686725616455,248.40003967285156,1.6223725714384152,245.9148406982422
2012-12-16 00:00:00+00:00,0.3248852491378784,252.45523071289062,1.6204285390628685,249.2782440185547
2012-12-16 06:00:00+00:00,0.267087459564209,123.59361267089844,2.3980001757658735,121.5277099609375
2012-12-16 12:00:00+00:00,0.26305091381073,85.27494049072266,2.6579386646023084,83.21537017822266
2012-12-16 18:00:00+00:00,0.31145477294921875,112.27922821044922,2.8740045400423746,108.98481750488281
2012-12-17 00:00:00+00:00,0.32605957984924316,80.73651885986328,2.8890652672031534,77.28577423095703
2012-12-17 06:00:00+00:00,0.17283391952514648,92.89280700683594,2.674439977000405,91.94297790527344
2012-12-17 12:00:00+00:00,0.33893370628356934,156.66073608398438,2.4645986047791855,152.63336181640625
2012-12-17 18:00:00+00:00,0.24674475193023682,95.9787826538086,3.274480736500336,93.77405548095703
2012-12-18 00:00:00+00:00,0.20117104053497314,63.68721008300781,3.659340302878835,62.42451095581055
2012-12-18 06:00:00+00:00,0.14396953582763672,40.591796875,3.7315386122437353,40.105865478515625
2012-12-18 12:00:00+00:00,0.0653076171875,49.334442138671875,3.524944002030887,49.19986343383789
2012-12-18 18:00:00+00:00,0.23285675048828125,52.863807678222656,3.2444540412628635,51.177913665771484
2012-12-19 00:00:00+00:00,0.00363004207611084,51.346920013427734,3.5365366934222298,51.3465690612793
2012-12-19 06:00:00+00:00,0.045342445373535156,51.903263092041016,3.7348303080262433,51.84191131591797
2012-12-19 12:00:00+00:00,1.0,1303.714111328125,0.7665591763596777,1303.712890625
2012-12-19 18:00:00+00:00,1.0,1413.0390625,0.5916592469591213,1413.025634765625
2012-12-20 00:00:00+00:00,1.0,1501.154541015625,0.32744751075789463,1501.154052734375
2012-12-20 06:00:00+00:00,0.16137945652008057,40.38316345214844,3.6707369733067665,39.726356506347656
2012-12-20 12:00:00+00:00,0.13506847620010376,39.1176872253418,3.7093192167877675,38.71101760864258
2012-12-20 18:00:00+00:00,0.02225780487060547,39.94327926635742,3.6850529361311706,39.932411193847656
2012-12-21 00:00:00+00:00,0.23171991109848022,60.16828536987305,3.433995399914271,58.724369049072266
2012-12-21 06:00:00+00:00,0.24512243270874023,57.544044494628906,3.1706903376884137,56.01294708251953
2012-12-21 12:00:00+00:00,0.44379132986068726,43.14299774169922,3.8258334443632434,37.93373489379883
2012-12-21 18:00:00+00:00,0.4425452947616577,139.4755859375,3.146372901547925,130.55996704101562
2012-12-22 00:00:00+00:00,0.12186896800994873,157.04759216308594,2.95595883934977,156.30776977539062
2012-12-22 06:00:00+00:00,0.30747103691101074,284.812255859375,2.3792421771883108,280.9689025878906
2012-12-22 12:00:00+00:00,0.4064686894416809,108.99925994873047,2.9901235951025114,104.67188262939453
2012-12-22 18:00:00+00:00,0.26612579822540283,69.70584869384766,3.218387010271367,67.90328216552734
2012-12-23 00:00:00+00:00,0.32346922159194946,125.4979248046875,2.653399758823183,122.47444152832031
2012-12-23 06:00:00+00:00,0.3774278163909912,154.8106231689453,2.0985569274573033,151.20237731933594
2012-12-23 12:00:00+00:00,0.2598126530647278,180.56448364257812,1.8319204861698324,178.61944580078125
2012-12-23 18:00:00+00:00,0.24794411659240723,178.45242309570312,1.9282565754264587,176.6832733154297
2012-12-24 00:00:00+00:00,0.2305382490158081,123.78132629394531,2.0387205177664667,122.33037567138672
2012-12-24 06:00:00+00:00,0.2882768511772156,181.74647521972656,1.82291637854584,179.42037963867188
2012-12-24 12:00:00+00:00,0.28083211183547974,175.8599395751953,1.9545222791016905,173.683837890625
2012-12-24 18:00:00+00:00,0.2383406162261963,215.75791931152344,1.9377005824298301,213.93231201171875
2012-12-25 00:00:00+00:00,0.2649335265159607,115.57433319091797,2.4421243847678062,113.39430236816406
2012-12-25 06:00:00+00:00,0.26884764432907104,257.88287353515625,2.2133416961885835,255.24363708496094
2012-12-25 12:00:00+00:00,0.1947115659713745,114.03697204589844,2.7648864647258686,112.7409439086914
2012-12-25 18:00:00+00:00,0.28769469261169434,192.66932678222656,2.2408937665578743,189.5434112548828
2012-12-26 00:00:00+00:00,0.32570070028305054,205.57347106933594,2.8065892422227474,200.20785522460938
2012-12-26 06:00:00+00:00,0.27510446310043335,201.08238220214844,2.6861876845115646,197.10716247558594
2012-12-26 12:00:00+00:00,0.31978100538253784,622.876708984375,1.712049085494013,617.572021484375
2012-12-26 18:00:00+00:00,0.37575411796569824,439.7716369628906,2.0578859931074,432.0047607421875
2012-12-27 00:00:00+00:00,0.34151554107666016,141.58937072753906,3.0538973748805747,136.29672241210938
2012-12-27 06:00:00+00:00,0.40782010555267334,225.34326171875,2.7768150822587154,217.49508666992188
2012-12-27 12:00:00+00:00,0.4342886805534363,442.64886474609375,1.9583462944305743,432.0851135253906
2012-12-27 18:00:00+00:00,0.44657260179519653,135.1427459716797,3.2571812498311763,125.24385833740234
2012-12-28 00:00:00+00:00,0.3585834503173828,165.49716186523438,2.700765468780988,159.36944580078125
2012-12-28 06:00:00+00:00,0.42644256353378296,243.59597778320312,2.6835259043789494,233.57168579101562
2012-12-28 12:00:00+00:00,0.3213079571723938,178.67581176757812,2.889617656564174,173.58746337890625
2012-12-28 18:00:00+00:00,0.2890445590019226,172.83200073242188,3.010389634338384,168.32064819335938
2012-12-29 00:00:00+00:00,0.33793824911117554,157.195068359375,2.660549624008346,151.87155151367188
2012-12-29 06:00:00+00:00,0.3441272974014282,170.0618438720703,2.79713588193426,164.1453399658203
2012-12-29 12:00:00+00:00,0.3828641176223755,109.14459228515625,3.2500812753111816,102.04729461669922
2012-12-29 18:00:00+00:00,0.2939913272857666,116.86830139160156,3.29849689106936,112.67356872558594
2012-12-30 00:00:00+00:00,0.2312038540840149,91.66702270507812,3.3671960009530606,89.44263458251953
2012-12-30 06:00:00+00:00,0.2986804246902466,163.76226806640625,2.722360925291253,159.84085083007812
2012-12-30 12:00:00+00:00,0.07035893201828003,114.2828369140625,2.969202206683612,114.07223510742188
2012-12-30 18:00:00+00:00,0.1422242522239685,64.17193603515625,3.7407225359103413,63.483951568603516
2012-12-31 00:00:00+00:00,0.06182146072387695,83.36914825439453,3.738604264532805,83.20365142822266
2012-12-31 06:00:00+00:00,0.07179433107376099,68.32632446289062,3.6880281875012315,68.13813018798828
2012-12-31 12:00:00+00:00,0.00035703182220458984,47.28843688964844,3.8229882490373894,47.28843688964844
2012-12-31 18:00:00+00:00,0.036741793155670166,63.35213088989258,3.8092446616277464,63.308536529541016
