timestamp,global_R2,global_energy,global_entropy,global_variance
2015-01-01 00:00:00+00:00,0.22232216596603394,165.40318298339844,2.0931564209825217,163.0424041748047
2015-01-01 06:00:00+00:00,0.27443528175354004,200.6344757080078,1.8100733213321916,197.25115966796875
2015-01-01 12:00:00+00:00,0.2566071152687073,485.9605712890625,0.8674074638998378,483.1058349609375
2015-01-01 18:00:00+00:00,0.26997798681259155,212.33221435546875,1.9130552088746602,208.9857177734375
2015-01-02 00:00:00+00:00,0.29263901710510254,221.53451538085938,1.8866321405546695,217.28582763671875
2015-01-02 06:00:00+00:00,0.2851725220680237,197.7071075439453,1.9509324461185882,194.0113525390625
2015-01-02 12:00:00+00:00,0.28136885166168213,181.02020263671875,1.9694061358135448,177.4198760986328
2015-01-02 18:00:00+00:00,0.2701258063316345,235.0780029296875,1.86371073021811,231.73873901367188
2015-01-03 00:00:00+00:00,0.24870693683624268,171.95350646972656,2.3454458843041346,169.12461853027344
2015-01-03 06:00:00+00:00,0.2506612539291382,183.08932495117188,2.0057138505339918,180.3376922607422
2015-01-03 12:00:00+00:00,0.25482529401779175,207.12974548339844,2.029758644898319,204.2167205810547
2015-01-03 18:00:00+00:00,0.23467719554901123,212.8802947998047,1.857559186687188,210.20742797851562
2015-01-04 00:00:00+00:00,0.21126776933670044,207.8058319091797,1.8032099223036215,205.6812286376953
2015-01-04 06:00:00+00:00,0.20929068326950073,733.3803100585938,0.741109135472812,731.1096801757812
2015-01-04 12:00:00+00:00,0.19179564714431763,629.45947265625,0.6758115931632025,627.614990234375
2015-01-04 18:00:00+00:00,0.20949077606201172,187.6197967529297,1.960196569952652,185.56768798828125
2015-01-05 00:00:00+00:00,0.17370688915252686,198.6177978515625,1.6051702152315819,197.19851684570312
2015-01-05 06:00:00+00:00,0.11658596992492676,659.4425048828125,0.48152860163349126,658.77197265625
2015-01-05 12:00:00+00:00,0.17338579893112183,170.90426635742188,1.86594265705316,169.58053588867188
2015-01-05 18:00:00+00:00,0.12174898386001587,178.12728881835938,1.8106687915016622,177.46241760253906
2015-01-06 00:00:00+00:00,0.06091117858886719,189.72398376464844,1.71767586756742,189.54722595214844
2015-01-06 06:00:00+00:00,0.05903130769729614,141.16195678710938,1.9859471836877494,141.01547241210938
2015-01-06 12:00:00+00:00,0.015827715396881104,725.7684326171875,0.7949398081282261,725.7573852539062
2015-01-06 18:00:00+00:00,0.07973647117614746,125.8159408569336,2.140448016641593,125.55052947998047
2015-01-07 00:00:00+00:00,0.02924293279647827,148.98631286621094,1.6444985290895617,148.95095825195312
2015-01-07 06:00:00+00:00,0.018991708755493164,180.00274658203125,1.6568363587560275,179.98773193359375
2015-01-07 12:00:00+00:00,0.06703609228134155,135.55162048339844,2.150888759694143,135.36524963378906
2015-01-07 18:00:00+00:00,0.051397085189819336,182.15419006347656,1.844289805683104,182.04185485839844
2015-01-08 00:00:00+00:00,0.09875571727752686,195.0124053955078,1.676222730011423,194.58387756347656
2015-01-08 06:00:00+00:00,0.11136257648468018,203.0284423828125,1.8709091866331162,202.49765014648438
2015-01-08 12:00:00+00:00,0.12407612800598145,897.7951049804688,0.6857669272755498,897.1028442382812
2015-01-08 18:00:00+00:00,0.10435974597930908,170.22775268554688,1.9014712775025382,169.76947021484375
2015-01-09 00:00:00+00:00,0.13918447494506836,1319.3978271484375,0.4246518690042744,1318.5023193359375
2015-01-09 06:00:00+00:00,0.13090074062347412,167.3837127685547,2.2013749993841087,166.6997833251953
2015-01-09 12:00:00+00:00,0.07077980041503906,167.10540771484375,1.7089274409577557,166.9088897705078
2015-01-09 18:00:00+00:00,0.015014171600341797,177.320068359375,1.501611820004775,177.31124877929688
2015-01-10 00:00:00+00:00,0.050951600074768066,111.53775024414062,2.1198106439447897,111.438232421875
2015-01-10 06:00:00+00:00,0.029137253761291504,76.26998901367188,2.8192890737691174,76.24111938476562
2015-01-10 12:00:00+00:00,0.046717166900634766,97.00189971923828,2.4670037472727353,96.92814636230469
2015-01-10 18:00:00+00:00,0.06035721302032471,61.19457244873047,3.5901283271045346,61.06928634643555
2015-01-11 00:00:00+00:00,0.03751331567764282,60.79249954223633,3.609084833561469,60.743988037109375
2015-01-11 06:00:00+00:00,0.26631665229797363,121.90052032470703,2.86180901876415,119.43157196044922
2015-01-11 12:00:00+00:00,0.18338298797607422,107.56912231445312,3.323390147135593,106.3679428100586
2015-01-11 18:00:00+00:00,0.18801909685134888,53.91150665283203,3.2058430290511555,52.78913879394531
2015-01-12 00:00:00+00:00,0.07739448547363281,111.8322525024414,1.945910149055313,111.56132507324219
2015-01-12 06:00:00+00:00,0.5296005308628082,36.79244613647461,1.945910149055313,30.36129379272461
2015-01-12 12:00:00+00:00,1.0,2818.968994140625,0.5287572283458728,2818.79541015625
2015-01-12 18:00:00+00:00,1.0,2957.08447265625,0.6590658537249829,2957.057861328125
2015-01-13 00:00:00+00:00,0.3116708993911743,32.754798889160156,2.552085297620967,31.284631729125977
2015-01-13 06:00:00+00:00,0.06389391422271729,34.552650451660156,3.465646606355243,34.48037338256836
2015-01-13 12:00:00+00:00,0.23655402660369873,41.7070198059082,3.9820632850842808,40.28655242919922
2015-01-13 18:00:00+00:00,0.01602494716644287,44.07141876220703,4.028457576643934,44.06451416015625
2015-01-14 00:00:00+00:00,0.22307991981506348,167.3683319091797,2.332506989927546,165.73849487304688
2015-01-14 06:00:00+00:00,0.16257905960083008,99.27727508544922,2.7606175091155776,98.5538330078125
2015-01-14 12:00:00+00:00,0.2160935401916504,63.13245391845703,2.9214290880762075,62.00529098510742
2015-01-14 18:00:00+00:00,0.20921319723129272,217.35028076171875,1.7886034181105315,215.8102569580078
2015-01-15 00:00:00+00:00,0.16049683094024658,91.2076187133789,2.606263559695536,90.44468688964844
2015-01-15 06:00:00+00:00,0.28313446044921875,97.67366790771484,2.690688910822993,95.21220397949219
2015-01-15 12:00:00+00:00,0.24145430326461792,119.2204360961914,2.3896192927898574,117.48521423339844
2015-01-15 18:00:00+00:00,0.22696149349212646,131.00294494628906,1.9912956803561805,129.21685791015625
2015-01-16 00:00:00+00:00,0.25050872564315796,185.9381561279297,1.9124124595158656,183.864990234375
2015-01-16 06:00:00+00:00,0.18244296312332153,81.52320861816406,2.537826620725867,80.56980895996094
2015-01-16 12:00:00+00:00,0.18316322565078735,93.26346588134766,2.3015040613076336,92.33458709716797
2015-01-16 18:00:00+00:00,0.07013767957687378,558.8961791992188,0.8984070218908164,558.7173461914062
2015-01-17 00:00:00+00:00,0.10879361629486084,67.17784118652344,2.422254405286196,66.82363891601562
2015-01-17 06:00:00+00:00,0.1524500846862793,82.52067565917969,2.1824433141363695,81.86781311035156
2015-01-17 12:00:00+00:00,0.11378765106201172,73.12992858886719,2.329270027404631,72.7884292602539
2015-01-17 18:00:00+00:00,0.029943227767944336,60.73686218261719,2.6229868049282397,60.71123504638672
2015-01-18 00:00:00+00:00,0.06240439414978027,58.74419021606445,3.0192707976490327,58.63249969482422
2015-01-18 06:00:00+00:00,0.13119006156921387,46.51533126831055,2.9747404067812724,46.08865737915039
2015-01-18 12:00:00+00:00,0.052061498165130615,55.333335876464844,2.4668747773749664,55.267738342285156
2015-01-18 18:00:00+00:00,0.08614671230316162,59.812225341796875,2.9712378250363813,59.596927642822266
2015-01-19 00:00:00+00:00,0.10544514656066895,89.84236907958984,1.887764547111266,89.50782775878906
2015-01-19 06:00:00+00:00,0.12513113021850586,75.37361907958984,2.2129912305960984,74.94674682617188
2015-01-19 12:00:00+00:00,0.11065202951431274,53.104000091552734,2.5005120404651944,52.80705642700195
2015-01-19 18:00:00+00:00,0.12817150354385376,63.53960037231445,2.7706367545281014,63.03348922729492
2015-01-20 00:00:00+00:00,0.15017390251159668,57.505855560302734,2.9128481411053784,56.873870849609375
2015-01-20 06:00:00+00:00,0.19248056411743164,190.4144287109375,1.259190806009242,189.3885498046875
2015-01-20 12:00:00+00:00,0.14935600757598877,51.358055114746094,3.0342958494368277,50.81332015991211
2015-01-20 18:00:00+00:00,0.10043704509735107,68.16448211669922,2.8314011001632022,67.86028289794922
2015-01-21 00:00:00+00:00,0.13145452737808228,61.9587516784668,2.6933855227410324,61.45692443847656
2015-01-21 06:00:00+00:00,0.14779704809188843,149.3555145263672,1.324619542290313,148.75001525878906
2015-01-21 12:00:00+00:00,0.17789524793624878,153.82107543945312,1.2657163155911153,152.96397399902344
2015-01-21 18:00:00+00:00,0.0846097469329834,65.74335479736328,2.463412069961932,65.53401947021484
2015-01-22 00:00:00+00:00,0.11357557773590088,59.2892951965332,2.6911895368671583,58.95613479614258
2015-01-22 06:00:00+00:00,0.15426641702651978,331.81976318359375,0.8180761507995944,331.16552734375
2015-01-22 12:00:00+00:00,0.08874726295471191,116.30091857910156,1.199011021107477,116.10797882080078
2015-01-22 18:00:00+00:00,0.08106303215026855,68.10903930664062,2.174626059132008,67.92949676513672
2015-01-23 00:00:00+00:00,0.05795145034790039,49.82506561279297,2.671590707436786,49.74256134033203
2015-01-23 06:00:00+00:00,0.14919984340667725,60.292320251464844,2.12308481778287,59.77801513671875
2015-01-23 12:00:00+00:00,0.15244674682617188,300.2466735839844,0.7754713490591998,299.6824645996094
2015-01-23 18:00:00+00:00,0.1125214695930481,57.913761138916016,2.2491294042440706,57.59184646606445
2015-01-24 00:00:00+00:00,0.11460500955581665,48.45549774169922,2.864422958170911,48.14487075805664
2015-01-24 06:00:00+00:00,0.09445381164550781,274.5128479003906,0.8505210807056709,274.2966003417969
2015-01-24 12:00:00+00:00,0.17298680543899536,49.96572494506836,2.920299872135095,49.32578659057617
2015-01-24 18:00:00+00:00,0.1297946572303772,50.898193359375,2.9505243835370005,50.48189926147461
2015-01-25 00:00:00+00:00,0.15843147039413452,128.77127075195312,1.2712836993678056,128.17532348632812
2015-01-25 06:00:00+00:00,0.1837863326072693,57.58756637573242,1.8913993414003547,56.86907958984375
2015-01-25 12:00:00+00:00,0.08298003673553467,42.57828903198242,3.109754812850791,42.435035705566406
2015-01-25 18:00:00+00:00,0.18756705522537231,51.362693786621094,2.723905807569732,50.522621154785156
2015-01-26 00:00:00+00:00,0.13542503118515015,43.39039611816406,3.025262525586365,42.98793411254883
2015-01-26 06:00:00+00:00,0.1813805103302002,56.605411529541016,1.955349420718689,55.921791076660156
2015-01-26 12:00:00+00:00,0.1761990189552307,45.783180236816406,2.8489493377086115,45.12214660644531
2015-01-26 18:00:00+00:00,0.16596561670303345,45.19123458862305,2.9439368641110004,44.56251907348633
2015-01-27 00:00:00+00:00,0.24417108297348022,55.36955642700195,2.811769881368012,53.907405853271484
2015-01-27 06:00:00+00:00,0.21255779266357422,292.4053649902344,0.7602141222626647,291.34173583984375
2015-01-27 12:00:00+00:00,0.22776740789413452,71.03143310546875,1.9598658875695998,69.87789916992188
2015-01-27 18:00:00+00:00,0.28843194246292114,300.9222412109375,0.8313508996287716,298.5241394042969
2015-01-28 00:00:00+00:00,0.3277233839035034,109.5701675415039,1.982287124136822,106.66233825683594
2015-01-28 06:00:00+00:00,0.3045729398727417,319.1653747558594,0.8077955041464434,316.6881408691406
2015-01-28 12:00:00+00:00,0.29723984003067017,259.0596923828125,0.8491063417456424,256.852783203125
2015-01-29 00:00:00+00:00,0.3372921347618103,140.26324462890625,1.5550079814695381,136.95437622070312
2015-01-29 06:00:00+00:00,0.27797460556030273,83.60987854003906,2.364693668040745,81.68070983886719
2015-01-29 12:00:00+00:00,0.3349565863609314,265.9372253417969,0.8044069476902987,262.7754211425781
2015-01-29 18:00:00+00:00,0.34106189012527466,120.19541931152344,2.0692726514412563,116.69779968261719
2015-01-30 00:00:00+00:00,0.33430033922195435,309.15234375,0.7468338231896426,305.6802978515625
2015-01-30 06:00:00+00:00,0.3397149443626404,136.22584533691406,1.879862094199943,132.8070831298828
2015-01-30 12:00:00+00:00,0.4007958769798279,149.51123046875,1.7352832628333046,145.17312622070312
2015-01-30 18:00:00+00:00,0.3844904899597168,155.9467010498047,2.02667122744297,151.14654541015625
2015-01-31 00:00:00+00:00,0.33904969692230225,117.87857818603516,2.1483765244486626,114.66824340820312
2015-01-31 06:00:00+00:00,0.39484846591949463,147.80438232421875,1.777582534197373,143.11888122558594
2015-01-31 12:00:00+00:00,0.35479485988616943,110.3451156616211,2.087445895041076,107.11751556396484
2015-01-31 18:00:00+00:00,0.33727890253067017,142.9444122314453,1.3997640542526808,139.5535125732422
2015-02-01 00:00:00+00:00,0.35801178216934204,124.03594207763672,1.9424280251896355,120.64237976074219
2015-02-01 06:00:00+00:00,0.345251202583313,128.4589385986328,1.8706937402540347,125.03244018554688
2015-02-01 12:00:00+00:00,0.4006573557853699,133.04249572753906,2.026868663476789,128.5528564453125
2015-02-01 18:00:00+00:00,0.36295413970947266,128.83245849609375,2.0256103279600026,124.950439453125
2015-02-02 00:00:00+00:00,0.3344303369522095,190.65362548828125,0.9745055079603924,187.6685028076172
2015-02-02 06:00:00+00:00,0.3857746124267578,111.94205474853516,2.258878413571468,107.86626434326172
2015-02-02 12:00:00+00:00,0.35017406940460205,80.53704833984375,2.351316446781971,77.56842041015625
2015-02-02 18:00:00+00:00,0.3054400682449341,180.8059539794922,1.067436135815054,178.2620086669922
2015-02-03 00:00:00+00:00,0.3385302424430847,98.56804656982422,1.981835267834126,95.96768951416016
2015-02-03 06:00:00+00:00,0.3245278000831604,63.02312088012695,2.4778392849883204,60.732452392578125
2015-02-03 12:00:00+00:00,0.31266188621520996,61.5882453918457,2.570119192315658,59.52328872680664
2015-02-03 18:00:00+00:00,0.25974041223526,52.53190612792969,2.837190822351759,51.0787353515625
2015-02-04 00:00:00+00:00,0.21848660707473755,367.1639099121094,0.628010884833215,366.2060546875
2015-02-04 06:00:00+00:00,0.23515641689300537,44.16172409057617,2.1802097718130007,43.2330207824707
2015-02-04 12:00:00+00:00,0.21702337265014648,32.99746322631836,3.0965169758776225,32.23805236816406
2015-02-05 00:00:00+00:00,0.24874168634414673,39.062408447265625,2.7622846244987382,38.051090240478516
2015-02-05 06:00:00+00:00,0.23679298162460327,26.411300659179688,3.373192732859853,25.593524932861328
2015-02-05 12:00:00+00:00,0.21638339757919312,257.4267578125,0.8597105087538466,256.63519287109375
2015-02-05 18:00:00+00:00,0.17989319562911987,32.17513656616211,2.9469258427848337,31.63910675048828
2015-02-06 00:00:00+00:00,0.13742291927337646,26.360435485839844,2.932121957405469,26.102882385253906
2015-02-06 06:00:00+00:00,0.03649991750717163,25.297420501708984,3.2421701331545445,25.2789363861084
2015-02-06 12:00:00+00:00,0.07436233758926392,23.160924911499023,3.6386232851895377,23.08596420288086
2015-02-06 18:00:00+00:00,0.08816677331924438,23.311193466186523,3.80618209793473,23.203289031982422
2015-02-07 00:00:00+00:00,0.026885509490966797,21.874103546142578,3.8253764262369585,21.864633560180664
2015-02-07 06:00:00+00:00,0.10305839776992798,34.30928421020508,2.561475330525465,34.14878463745117
2015-02-07 12:00:00+00:00,0.02086961269378662,19.446252822875977,3.9559394371377694,19.44108772277832
2015-02-07 18:00:00+00:00,0.09899181127548218,21.61741828918457,3.8766282876157643,21.489042282104492
2015-02-08 00:00:00+00:00,0.011909425258636475,17.721559524536133,4.067339796607913,17.720048904418945
2015-02-08 06:00:00+00:00,0.0395282506942749,26.244348526000977,3.28697271415019,26.22252655029297
2015-02-08 12:00:00+00:00,0.10018956661224365,35.18972396850586,3.047011950621274,35.05966567993164
2015-02-08 18:00:00+00:00,0.18020135164260864,27.046035766601562,3.2226330704503816,26.61207389831543
2015-02-09 00:00:00+00:00,0.11606985330581665,51.514522552490234,2.9207992887114167,51.29795455932617
2015-02-09 06:00:00+00:00,0.3488529324531555,60.70968246459961,3.0596354601133466,58.24032211303711
2015-02-09 12:00:00+00:00,0.46606510877609253,123.48910522460938,2.3928866591284605,119.50060272216797
2015-02-09 18:00:00+00:00,0.341117262840271,80.17291259765625,2.5136218033857847,77.66397857666016
2015-02-10 00:00:00+00:00,0.5935599505901337,228.36741638183594,2.162091050176969,219.3576202392578
2015-02-10 06:00:00+00:00,0.5573132634162903,248.35443115234375,2.1129514489004317,237.8721923828125
2015-02-10 12:00:00+00:00,0.5686247050762177,272.77435302734375,1.7577566607090753,264.9277038574219
2015-02-10 18:00:00+00:00,0.4475216269493103,176.5737762451172,2.1527864786919184,170.84095764160156
2015-02-11 00:00:00+00:00,0.49500131607055664,220.12852478027344,1.5426486258764855,213.65737915039062
2015-02-11 06:00:00+00:00,0.48575109243392944,277.6390380859375,1.7662851074276749,269.9336853027344
2015-02-11 12:00:00+00:00,0.5036205947399139,183.5718994140625,2.050461584873512,177.475341796875
2015-02-11 18:00:00+00:00,0.4859238862991333,289.2561950683594,1.643787225439232,281.3489685058594
2015-02-12 00:00:00+00:00,0.45360493659973145,227.56689453125,1.4225643488081343,222.29779052734375
2015-02-12 06:00:00+00:00,0.40145009756088257,165.25439453125,1.9783805541166695,160.31703186035156
2015-02-12 12:00:00+00:00,0.41507768630981445,225.48316955566406,1.3474948201408858,220.88221740722656
2015-02-12 18:00:00+00:00,0.39777928590774536,144.7838134765625,2.127761788479257,140.87135314941406
2015-02-13 00:00:00+00:00,0.3779788613319397,378.4297790527344,1.1568916716979383,374.4371337890625
2015-02-13 06:00:00+00:00,0.36730360984802246,107.68809509277344,1.9802803299906422,104.50420379638672
2015-02-13 12:00:00+00:00,0.37219321727752686,109.4683837890625,1.969553155246718,106.54827117919922
2015-02-13 18:00:00+00:00,0.2787870168685913,83.11012268066406,1.7453819647631683,81.58563995361328
2015-02-14 00:00:00+00:00,0.22457391023635864,110.38047790527344,1.6601631542557689,109.3527603149414
2015-02-14 06:00:00+00:00,0.2079334855079651,48.63530349731445,2.8169778758698985,47.87458419799805
2015-02-14 12:00:00+00:00,0.15220493078231812,52.34441375732422,2.3508331118570673,51.950042724609375
2015-02-14 18:00:00+00:00,0.09331518411636353,57.880489349365234,1.8750700682142798,57.73040771484375
2015-02-15 00:00:00+00:00,0.09437531232833862,53.0882453918457,2.421542360495008,52.92368698120117
2015-02-15 06:00:00+00:00,0.03717362880706787,63.62432098388672,2.2130964969031517,63.594913482666016
2015-02-15 12:00:00+00:00,0.05210036039352417,48.31845474243164,2.418083310627985,48.26823806762695
2015-02-15 18:00:00+00:00,0.0031009912490844727,66.89179992675781,2.105072989191012,66.8916015625
2015-02-16 00:00:00+00:00,0.013261198997497559,48.80830764770508,2.3842692998047386,48.80500793457031
2015-02-16 06:00:00+00:00,0.04757225513458252,63.14282989501953,2.1707968738320624,63.08998489379883
2015-02-16 12:00:00+00:00,0.04603254795074463,72.36907196044922,2.1692659693550214,72.32135772705078
2015-02-16 18:00:00+00:00,0.04880869388580322,76.221435546875,2.0071573343141336,76.16584014892578
2015-02-17 00:00:00+00:00,0.0695873498916626,80.7540512084961,2.1255268572551818,80.64452362060547
2015-02-17 06:00:00+00:00,0.02604532241821289,114.79735565185547,1.840545686489498,114.77688598632812
2015-02-17 12:00:00+00:00,0.0023743510246276855,80.5138168334961,2.1267163464290526,80.513671875
2015-02-17 18:00:00+00:00,0.04542899131774902,66.32831573486328,2.5474183835676887,66.27641296386719
2015-02-18 00:00:00+00:00,0.012009620666503906,75.61320495605469,1.9717728760567148,75.60991668701172
2015-02-18 06:00:00+00:00,0.019965291023254395,74.32759094238281,2.0123888566869006,74.31673431396484
2015-02-18 12:00:00+00:00,0.021502375602722168,70.9119644165039,1.920580587467613,70.9007797241211
2015-02-18 18:00:00+00:00,0.07034730911254883,131.85797119140625,1.3006795848700945,131.7383575439453
2015-02-19 00:00:00+00:00,0.009685516357421875,57.11764144897461,2.246617450458136,57.115657806396484
2015-02-19 06:00:00+00:00,0.04476827383041382,56.89635467529297,2.1190562399812776,56.84695053100586
2015-02-19 12:00:00+00:00,0.041609346866607666,64.29021453857422,2.327807909646297,64.24818420410156
2015-02-19 18:00:00+00:00,0.029692113399505615,54.61069107055664,2.4772656735362792,54.59082794189453
2015-02-20 00:00:00+00:00,0.032822251319885254,58.37674331665039,2.2993353817966757,58.35337829589844
2015-02-20 06:00:00+00:00,0.015373051166534424,51.494510650634766,2.5741512588403066,51.489139556884766
2015-02-20 12:00:00+00:00,0.04513341188430786,117.46900939941406,1.2114845327544637,117.4246826171875
2015-02-20 18:00:00+00:00,0.03953373432159424,59.4794921875,2.09738178311777,59.444461822509766
2015-02-21 00:00:00+00:00,1.633167266845703e-05,49.40192413330078,2.3560402947502546,49.401920318603516
2015-02-21 06:00:00+00:00,0.008726537227630615,76.7545394897461,1.8033707630564493,76.75279998779297
2015-02-21 12:00:00+00:00,0.052657127380371094,46.6989860534668,2.520641882633573,46.64399719238281
2015-02-21 18:00:00+00:00,0.005261361598968506,66.52803802490234,2.209855743813077,66.52742004394531
2015-02-22 00:00:00+00:00,0.07832145690917969,61.56387710571289,2.522162521924031,61.43982696533203
2015-02-22 06:00:00+00:00,0.04642605781555176,83.30956268310547,2.0710493228097295,83.2655029296875
2015-02-22 12:00:00+00:00,0.08944416046142578,84.60009002685547,1.944684199541424,84.44080352783203
2015-02-22 18:00:00+00:00,0.015351533889770508,57.00701141357422,2.3300160433706063,57.00271987915039
2015-02-23 00:00:00+00:00,0.005147397518157959,105.4898681640625,1.9094440794647909,105.48932647705078
2015-02-23 06:00:00+00:00,0.22777271270751953,162.1543426513672,1.3587745560901445,161.05560302734375
2015-02-23 12:00:00+00:00,0.23673903942108154,227.103759765625,1.3294750441940995,225.82476806640625
2015-02-23 18:00:00+00:00,0.23497086763381958,51.60994338989258,2.929811389435,50.37257766723633
2015-02-24 00:00:00+00:00,0.3018226623535156,199.35487365722656,1.3761156089379218,197.17689514160156
2015-02-24 06:00:00+00:00,0.2835248112678528,49.92053985595703,3.1296723605922407,48.111385345458984
2015-02-24 12:00:00+00:00,0.3233721852302551,149.16070556640625,1.373121218421638,146.81927490234375
2015-02-24 18:00:00+00:00,0.3065236210823059,67.74481201171875,2.733095490286819,65.48323822021484
2015-02-25 00:00:00+00:00,0.38159674406051636,169.61573791503906,1.4141970508417316,165.8108367919922
2015-02-25 06:00:00+00:00,0.3561406135559082,87.88031005859375,2.2717061790000197,84.46559143066406
2015-02-25 12:00:00+00:00,0.3350135087966919,76.28821563720703,2.336634671720107,73.74368286132812
2015-02-25 18:00:00+00:00,0.37476372718811035,68.65579223632812,2.7377262138346836,65.01319122314453
2015-02-26 00:00:00+00:00,0.37055718898773193,95.37725067138672,2.244169842359818,92.01327514648438
2015-02-26 06:00:00+00:00,0.38799524307250977,108.56551361083984,2.4817097418952714,104.3287124633789
2015-02-26 12:00:00+00:00,0.4012718200683594,89.5894775390625,2.206174727619063,85.74615478515625
2015-02-26 18:00:00+00:00,0.4191148281097412,129.96267700195312,2.543722771749117,124.481689453125
2015-02-27 00:00:00+00:00,0.415882408618927,127.74779510498047,1.9262641562612204,123.06939697265625
2015-02-27 06:00:00+00:00,0.3980787396430969,113.48193359375,2.1188445631092674,108.97420501708984
2015-02-27 12:00:00+00:00,0.40901702642440796,125.45702362060547,1.57539456871364,121.36454010009766
2015-02-27 18:00:00+00:00,0.3552858233451843,114.314453125,1.7057987745167165,110.82305145263672
2015-02-28 00:00:00+00:00,0.3533381223678589,117.42426300048828,1.8320816490028518,114.3027572631836
2015-02-28 06:00:00+00:00,0.36252689361572266,115.76554107666016,2.3087111244247467,112.05455780029297
2015-02-28 12:00:00+00:00,0.36144107580184937,115.7177505493164,1.8293220167408595,112.55010986328125
2015-02-28 18:00:00+00:00,0.35633111000061035,138.01434326171875,1.8405678268032424,134.40548706054688
2015-03-01 00:00:00+00:00,0.37254124879837036,130.45213317871094,1.8033331080706079,127.05496978759766
2015-03-01 06:00:00+00:00,0.3348521590232849,119.29041290283203,1.5223505726413733,116.29717254638672
2015-03-01 12:00:00+00:00,0.33490216732025146,115.79442596435547,2.0291077705830465,112.92938995361328
2015-03-01 18:00:00+00:00,0.3379506468772888,104.39547729492188,1.9609499023997303,101.52910614013672
2015-03-02 00:00:00+00:00,0.3115421533584595,69.17738342285156,2.180013220990137,67.17597198486328
2015-03-02 06:00:00+00:00,0.3359023332595825,100.16380310058594,1.7953249911144864,97.47245025634766
2015-03-02 12:00:00+00:00,0.3326449394226074,127.12586212158203,1.2849944399799267,124.66170501708984
2015-03-02 18:00:00+00:00,0.23973989486694336,86.02617645263672,1.9545585440400632,84.7487564086914
2015-03-03 00:00:00+00:00,0.248507559299469,121.9111328125,1.1520707218825197,120.57779693603516
2015-03-03 06:00:00+00:00,0.2286028265953064,143.86929321289062,1.4036431469721933,142.5939178466797
2015-03-03 12:00:00+00:00,0.19790196418762207,113.59814453125,1.3880001581574763,112.8418197631836
2015-03-03 18:00:00+00:00,0.14663177728652954,89.92768096923828,1.4973518569710542,89.45889282226562
2015-03-04 00:00:00+00:00,0.1531502604484558,102.66216278076172,1.228111612225757,102.24910736083984
2015-03-04 06:00:00+00:00,0.10820835828781128,55.3748664855957,2.0186754160618308,55.14545440673828
2015-03-04 12:00:00+00:00,0.0876510739326477,49.70695114135742,2.0851997615383295,49.57139587402344
2015-03-04 18:00:00+00:00,0.0874718427658081,90.4290542602539,1.295869023759244,90.26927185058594
2015-03-05 00:00:00+00:00,0.1184510588645935,42.23115921020508,2.3709639656193207,42.00650405883789
2015-03-05 06:00:00+00:00,0.055491745471954346,107.72980499267578,1.170275062431632,107.66493225097656
2015-03-05 12:00:00+00:00,0.011897623538970947,39.53984832763672,2.391604744826842,39.53736877441406
2015-03-05 18:00:00+00:00,0.002909362316131592,47.395965576171875,2.063950530258868,47.395816802978516
2015-03-06 00:00:00+00:00,0.0037696361541748047,43.19656753540039,2.214232349796493,43.19633483886719
2015-03-06 06:00:00+00:00,0.11617505550384521,44.7038688659668,2.089908883259494,44.47673034667969
2015-03-06 12:00:00+00:00,0.022094130516052246,98.93946838378906,1.1823465531444781,98.93074035644531
2015-03-06 18:00:00+00:00,0.0038405656814575195,133.3007049560547,1.1254719728887026,133.3004150390625
2015-03-07 00:00:00+00:00,0.08434534072875977,40.3131103515625,2.2535556839909128,40.199527740478516
2015-03-07 06:00:00+00:00,0.05830270051956177,41.63752365112305,2.662180135141969,41.576622009277344
2015-03-07 12:00:00+00:00,0.052609264850616455,80.75031280517578,1.4301792500279067,80.70003509521484
2015-03-07 18:00:00+00:00,0.0970260500907898,78.0129623413086,2.0937085009375744,77.83354187011719
2015-03-08 00:00:00+00:00,0.12248420715332031,62.69916915893555,2.0980895504311277,62.45055389404297
2015-03-08 06:00:00+00:00,0.08720546960830688,47.372314453125,2.4338380477846537,47.238399505615234
2015-03-08 12:00:00+00:00,0.19620704650878906,74.23568725585938,1.9297890548200196,73.53083801269531
2015-03-08 18:00:00+00:00,0.2546852231025696,202.31509399414062,1.2454500027177708,200.9160614013672
2015-03-09 00:00:00+00:00,0.28054744005203247,94.59752655029297,1.922468431723841,93.22633361816406
2015-03-09 06:00:00+00:00,0.17007184028625488,59.08057403564453,2.659050212133487,58.48719024658203
2015-03-09 12:00:00+00:00,0.3454391360282898,91.13367462158203,2.3281989237924314,89.00885772705078
2015-03-09 18:00:00+00:00,0.4599995017051697,117.66927337646484,2.270844513167361,113.57563018798828
2015-03-10 00:00:00+00:00,0.45881974697113037,31.10077667236328,3.1120365019438094,28.955554962158203
2015-03-10 06:00:00+00:00,0.3560352325439453,97.82949829101562,1.946001531496465,94.89790344238281
2015-03-10 12:00:00+00:00,0.4337170124053955,192.5411834716797,1.7503501521909843,188.02244567871094
2015-03-10 18:00:00+00:00,0.4639379382133484,79.14994049072266,2.2338504474665646,75.21537780761719
2015-03-11 00:00:00+00:00,0.5866542160511017,149.79356384277344,2.22357120793603,142.41351318359375
2015-03-11 06:00:00+00:00,0.4925309419631958,130.47296142578125,2.4097255627820235,124.33853912353516
2015-03-11 12:00:00+00:00,0.48875707387924194,101.01927185058594,2.4672052137879006,95.58863067626953
2015-03-11 18:00:00+00:00,0.2685176730155945,112.01390838623047,2.1538087137249593,110.27137756347656
2015-03-12 00:00:00+00:00,0.2484281063079834,84.08094787597656,2.5613786409412396,82.82447052001953
2015-03-12 06:00:00+00:00,0.21851134300231934,78.04749298095703,2.379062057528438,76.99120330810547
2015-03-12 12:00:00+00:00,0.36294156312942505,15.896183967590332,1.7917594692280547,14.626206398010254
2015-03-12 18:00:00+00:00,0.11102646589279175,313.73175048828125,0.8637014942574476,313.4664306640625
2015-03-13 00:00:00+00:00,0.025356292724609375,48.59467315673828,2.221782313676041,48.58244705200195
2015-03-13 06:00:00+00:00,0.012420654296875,44.99294662475586,2.674611429672436,44.99002456665039
2015-03-13 12:00:00+00:00,0.10334229469299316,707.2824096679688,0.7744758021802921,707.033203125
2015-03-13 18:00:00+00:00,0.014993131160736084,201.54830932617188,0.9913542524526994,201.54278564453125
2015-03-14 00:00:00+00:00,0.06539380550384521,248.0308837890625,0.7789776894275733,247.93911743164062
2015-03-14 06:00:00+00:00,0.003054022789001465,50.975563049316406,2.107312465863214,50.97536849975586
2015-03-14 12:00:00+00:00,0.005960226058959961,47.86716842651367,2.32767447673707,47.866519927978516
2015-03-14 18:00:00+00:00,0.02963387966156006,246.13600158691406,0.8271524979949034,246.11508178710938
2015-03-15 00:00:00+00:00,0.049944162368774414,51.66929244995117,2.057108852166802,51.62250900268555
2015-03-15 06:00:00+00:00,0.008801817893981934,71.88594818115234,2.0195392630556572,71.88418579101562
2015-03-15 12:00:00+00:00,0.0038362741470336914,125.28116607666016,1.0840471815566912,125.2808609008789
2015-03-15 18:00:00+00:00,0.09916996955871582,54.12580108642578,2.181023221047653,53.9238166809082
2015-03-16 00:00:00+00:00,0.09395772218704224,57.34334945678711,1.889651031919288,57.18061447143555
2015-03-16 06:00:00+00:00,0.08601069450378418,59.78733444213867,2.1567983290002464,59.62696838378906
2015-03-16 12:00:00+00:00,0.05695098638534546,65.08942413330078,1.981104354041663,65.02354431152344
2015-03-16 18:00:00+00:00,0.069141685962677,137.40211486816406,1.1148590326535213,137.29058837890625
2015-03-17 00:00:00+00:00,0.12291675806045532,55.82368850708008,2.0696604643895293,55.53224563598633
2015-03-17 06:00:00+00:00,0.1084778904914856,67.10374450683594,2.199096290356355,66.83869934082031
2015-03-17 12:00:00+00:00,0.1394008994102478,79.5352783203125,1.819455210501454,79.09949493408203
2015-03-17 18:00:00+00:00,0.13298481702804565,65.11359405517578,2.0954050194539895,64.71926879882812
2015-03-18 00:00:00+00:00,0.12013250589370728,46.33607482910156,2.289893321743283,46.07196807861328
2015-03-18 06:00:00+00:00,0.13426333665847778,58.59231185913086,1.994724675821919,58.194786071777344
2015-03-18 12:00:00+00:00,0.15429121255874634,50.18644332885742,2.256497252327005,49.71613693237305
2015-03-18 18:00:00+00:00,0.156743586063385,56.843196868896484,2.051152395238648,56.309818267822266
2015-03-19 00:00:00+00:00,0.1252937912940979,65.22883605957031,1.601762030132656,64.91665649414062
2015-03-19 06:00:00+00:00,0.10835438966751099,64.05321502685547,1.8780810392848781,63.81039810180664
2015-03-19 12:00:00+00:00,0.10808861255645752,57.04860305786133,2.0747254670891433,56.815677642822266
2015-03-19 18:00:00+00:00,0.08918678760528564,58.27592849731445,2.1240730018188003,58.10599899291992
2015-03-20 00:00:00+00:00,0.1062808632850647,49.73317337036133,2.1762433436611803,49.52424621582031
2015-03-20 06:00:00+00:00,0.05223286151885986,69.90419006347656,1.7839415712903857,69.8498306274414
2015-03-20 12:00:00+00:00,0.03642702102661133,98.93878936767578,1.1808137371670369,98.91291046142578
2015-03-20 18:00:00+00:00,0.09734070301055908,51.73274230957031,2.353926491223027,51.5389404296875
2015-03-21 00:00:00+00:00,0.06856667995452881,36.361305236816406,2.3039337272076694,36.287864685058594
2015-03-21 06:00:00+00:00,0.04689836502075195,58.896244049072266,1.8264117800098056,58.85649871826172
2015-03-21 12:00:00+00:00,0.008264660835266113,57.307987213134766,2.1196709485097336,57.30681610107422
2015-03-21 18:00:00+00:00,0.004989564418792725,66.68373107910156,1.9240593280858,66.68325805664062
2015-03-22 00:00:00+00:00,0.03218519687652588,83.29061889648438,1.5665929736450295,83.27239990234375
2015-03-22 06:00:00+00:00,0.07234030961990356,96.05317687988281,1.6155369002726094,95.95174407958984
2015-03-22 12:00:00+00:00,0.12250202894210815,49.22877502441406,1.934171072197776,48.98766326904297
2015-03-22 18:00:00+00:00,0.05077868700027466,76.16658020019531,1.7137555810849945,76.11937713623047
2015-03-23 00:00:00+00:00,0.1455896496772766,30.453887939453125,2.860768605086272,30.137859344482422
2015-03-23 06:00:00+00:00,0.21990442276000977,42.38959884643555,2.2367311632159113,41.573753356933594
2015-03-23 12:00:00+00:00,0.23544222116470337,33.80180740356445,2.964763892341238,32.92123031616211
2015-03-23 18:00:00+00:00,0.24216216802597046,35.92576599121094,2.8761544681334525,34.92900848388672
2015-03-24 00:00:00+00:00,0.21363621950149536,32.41154479980469,2.7827256134337897,31.699886322021484
2015-03-24 06:00:00+00:00,0.2572883367538452,41.589847564697266,2.9646357238460723,40.39470291137695
2015-03-24 12:00:00+00:00,0.25129008293151855,43.08753204345703,2.523935657608262,42.00617599487305
2015-03-24 18:00:00+00:00,0.30442744493484497,52.62035369873047,2.398430442451764,50.735809326171875
2015-03-25 00:00:00+00:00,0.31144237518310547,56.896759033203125,2.4413868657947377,55.08641052246094
2015-03-25 06:00:00+00:00,0.26649338006973267,54.66686248779297,2.1286696320908174,53.229888916015625
2015-03-25 12:00:00+00:00,0.3519091010093689,53.49159240722656,2.3733228601663603,51.18451690673828
2015-03-25 18:00:00+00:00,0.32912248373031616,76.60638427734375,2.1595552521869954,74.20980834960938
2015-03-26 00:00:00+00:00,0.2928808331489563,54.00844955444336,2.6611234505706687,52.41669845581055
2015-03-26 06:00:00+00:00,0.24668675661087036,315.3481140136719,0.8119510516036005,313.902099609375
2015-03-26 12:00:00+00:00,0.26672905683517456,59.13102722167969,2.169576887124922,57.763153076171875
2015-03-26 18:00:00+00:00,0.3288976550102234,64.26750946044922,2.286884435434429,62.07855987548828
2015-03-27 00:00:00+00:00,0.310441792011261,67.88613891601562,1.965123815806989,66.07106018066406
2015-03-27 06:00:00+00:00,0.3090552091598511,61.41088104248047,2.4897832623487974,59.392730712890625
2015-03-27 12:00:00+00:00,0.23735207319259644,298.6694641113281,0.6190280366012914,297.47442626953125
2015-03-27 18:00:00+00:00,0.2916553020477295,53.68645477294922,2.425634134115428,51.97299575805664
2015-03-28 00:00:00+00:00,0.24850714206695557,290.66180419921875,0.698968874971689,289.35418701171875
2015-03-28 06:00:00+00:00,0.29956573247909546,80.74674987792969,2.223427576623177,78.5970230102539
2015-03-28 12:00:00+00:00,0.3291592001914978,67.85272979736328,2.0527167722151343,65.66149139404297
2015-03-28 18:00:00+00:00,0.2555542588233948,281.8037109375,0.8473509228322336,280.20355224609375
2015-03-29 00:00:00+00:00,0.3166808485984802,78.6274642944336,1.7339380738401329,76.5814208984375
2015-03-29 06:00:00+00:00,0.27311092615127563,103.8224105834961,1.3688311198178964,102.04598999023438
2015-03-29 12:00:00+00:00,0.2878660559654236,64.85157775878906,1.9012886815100494,63.160675048828125
2015-03-29 18:00:00+00:00,0.20233768224716187,66.51403045654297,1.9630852094419886,65.65406036376953
2015-03-30 00:00:00+00:00,0.16755861043930054,80.11612701416016,1.7013778765902483,79.51957702636719
2015-03-30 06:00:00+00:00,0.018086135387420654,109.468017578125,1.7627646119030251,109.45978546142578
2015-03-30 12:00:00+00:00,0.05866992473602295,154.95968627929688,1.2399056971874567,154.8704833984375
2015-03-30 18:00:00+00:00,0.02490830421447754,91.12397003173828,2.074391541473502,91.10810852050781
2015-03-31 00:00:00+00:00,0.1252439022064209,133.14784240722656,1.407165216813802,132.7551727294922
2015-03-31 06:00:00+00:00,0.17036426067352295,237.4574432373047,1.242071107633646,236.52476501464844
2015-03-31 12:00:00+00:00,0.17535793781280518,152.36407470703125,1.6320500956328399,151.5308837890625
2015-03-31 18:00:00+00:00,0.18649077415466309,199.3136749267578,1.402636760729927,198.27041625976562
2015-04-01 00:00:00+00:00,0.14107680320739746,116.36184692382812,1.8364578925421067,115.88558197021484
2015-04-01 18:00:00+00:00,0.14537954330444336,120.65144348144531,1.5268384873920697,120.08358001708984
2015-04-02 00:00:00+00:00,0.13808894157409668,87.16615295410156,1.7930546670059793,86.722412109375
2015-04-02 06:00:00+00:00,0.17127656936645508,127.30162811279297,1.8781544343609677,126.44737243652344
2015-04-02 12:00:00+00:00,0.09427273273468018,83.8082046508789,1.8165310675738933,83.5977783203125
2015-04-02 18:00:00+00:00,0.08064305782318115,148.26760864257812,1.0944948328821318,148.1082763671875
2015-04-03 00:00:00+00:00,0.015666723251342773,69.02255249023438,2.1117261119400497,69.01724243164062
2015-04-03 06:00:00+00:00,0.025494933128356934,86.25220489501953,1.7837714010703059,86.23686981201172
2015-04-03 12:00:00+00:00,0.04734349250793457,83.07457733154297,1.6642944620145992,83.02545928955078
2015-04-03 18:00:00+00:00,0.0037314295768737793,68.04147338867188,2.1328590379233225,68.04114532470703
2015-04-04 00:00:00+00:00,0.013512134552001953,58.14530563354492,2.2620041356508995,58.1417350769043
2015-04-04 06:00:00+00:00,0.06083458662033081,56.77008819580078,1.892329037015486,56.69467544555664
2015-04-04 12:00:00+00:00,0.04588174819946289,43.614192962646484,2.6224566688645483,43.5730094909668
2015-04-04 18:00:00+00:00,0.0046569108963012695,58.34282684326172,2.262811012933211,58.34233474731445
2015-04-05 00:00:00+00:00,0.02326345443725586,61.347381591796875,2.2977362093637264,61.33583450317383
2015-04-05 06:00:00+00:00,0.08086413145065308,58.109920501708984,2.318519535546119,57.96510696411133
2015-04-05 12:00:00+00:00,0.2219734787940979,84.63274383544922,2.241795969915206,83.52104949951172
2015-04-05 18:00:00+00:00,0.260345995426178,108.6498031616211,2.1734208122477323,106.98661804199219
2015-04-06 00:00:00+00:00,0.2558935880661011,58.073272705078125,2.2220226400455334,56.84469985961914
2015-04-06 06:00:00+00:00,0.32324814796447754,60.728187561035156,2.7392240573664086,58.59556198120117
2015-04-06 12:00:00+00:00,0.3505464196205139,90.74398803710938,2.453045884369502,87.97132873535156
2015-04-06 18:00:00+00:00,0.3181864023208618,68.80497741699219,2.8171330128862975,66.60270690917969
2015-04-07 00:00:00+00:00,0.4002807140350342,94.5929946899414,2.25623854689442,91.2139892578125
2015-04-07 06:00:00+00:00,0.3791798949241638,55.395164489746094,2.780057969953821,52.39848327636719
2015-04-07 12:00:00+00:00,0.21221858263015747,39.0301628112793,3.064544770689536,38.285797119140625
2015-04-07 18:00:00+00:00,0.300326406955719,56.856815338134766,2.762581984128459,55.06743621826172
2015-04-08 00:00:00+00:00,0.1689794659614563,39.956565856933594,2.859036786235712,39.49510955810547
2015-04-08 06:00:00+00:00,0.2663174867630005,32.63847732543945,3.5286082467932878,31.47917366027832
2015-04-08 12:00:00+00:00,0.19388741254806519,30.268335342407227,3.2685378380027155,29.700740814208984
2015-04-09 00:00:00+00:00,0.2445259690284729,41.404945373535156,3.2727236387449348,40.28718948364258
2015-04-09 06:00:00+00:00,0.26322782039642334,51.391326904296875,2.6988375562543774,50.0433349609375
2015-04-09 12:00:00+00:00,0.24494850635528564,64.55564880371094,2.0720658417622912,63.41282272338867
2015-04-09 18:00:00+00:00,0.2803837060928345,73.70940399169922,2.286149647429565,72.04059600830078
2015-04-10 00:00:00+00:00,0.2563629150390625,63.66151428222656,2.1637541912200584,62.47821807861328
2015-04-10 06:00:00+00:00,0.28580039739608765,62.19637680053711,2.4491801827183597,60.56175994873047
2015-04-10 12:00:00+00:00,0.26676613092422485,48.01860046386719,2.7882244874380286,46.759002685546875
2015-04-10 18:00:00+00:00,0.27279132604599,69.5357437133789,1.748563526843729,68.09532165527344
2015-04-11 00:00:00+00:00,0.3282198905944824,93.59398651123047,1.9699317309399114,91.5049057006836
2015-04-11 06:00:00+00:00,0.3249080181121826,104.74273681640625,1.7894491309920404,102.50875854492188
2015-04-11 12:00:00+00:00,0.3024791479110718,88.2157211303711,1.8297228386694127,86.40912628173828
2015-04-11 18:00:00+00:00,0.30320972204208374,76.75315856933594,2.1490205710588226,74.90937042236328
2015-04-12 00:00:00+00:00,0.30414021015167236,101.12512969970703,1.6115827388990556,99.24130249023438
2015-04-12 06:00:00+00:00,0.3569456934928894,117.74383544921875,2.035173316867175,114.7591323852539
2015-04-12 12:00:00+00:00,0.38736629486083984,95.59577941894531,2.2256278257268085,92.35454559326172
2015-04-12 18:00:00+00:00,0.3765047788619995,116.86160278320312,1.7248273830167258,113.52163696289062
2015-04-13 00:00:00+00:00,0.31804585456848145,98.90215301513672,1.6785641339413133,96.81796264648438
2015-04-13 06:00:00+00:00,0.3325808048248291,101.95443725585938,2.2235705267872135,99.33271789550781
2015-04-13 12:00:00+00:00,0.24700552225112915,69.00086212158203,2.1118885354621346,67.76927947998047
2015-04-13 18:00:00+00:00,0.2947326898574829,69.40519714355469,2.091571966982514,67.62214660644531
2015-04-14 00:00:00+00:00,0.3165799379348755,90.6693344116211,2.0718654142891086,88.59931182861328
2015-04-14 06:00:00+00:00,0.24718308448791504,74.93132019042969,2.35984888497621,73.5107650756836
2015-04-14 12:00:00+00:00,0.24780797958374023,84.24566650390625,1.9917709183354435,82.87271881103516
2015-04-14 18:00:00+00:00,0.2277626395225525,57.57645034790039,2.572190301316325,56.47595977783203
2015-04-15 00:00:00+00:00,0.23571377992630005,60.506500244140625,2.399319663525767,59.40304946899414
2015-04-15 06:00:00+00:00,0.23158180713653564,71.91551971435547,2.1346477675663156,70.69733428955078
2015-04-15 12:00:00+00:00,0.2181251049041748,59.497032165527344,2.588409691995687,58.47969436645508
2015-04-16 00:00:00+00:00,0.18283838033676147,90.79664611816406,1.8107199378698688,90.04155731201172
2015-04-16 06:00:00+00:00,0.1450061798095703,78.1677017211914,2.0278929331910844,77.66252136230469
2015-04-16 12:00:00+00:00,0.13488352298736572,58.86700439453125,2.3815930837786707,58.45977020263672
2015-04-16 18:00:00+00:00,0.07921308279037476,59.8007926940918,2.3859762343850766,59.664772033691406
2015-04-17 00:00:00+00:00,0.012188434600830078,69.79568481445312,2.0378380744694353,69.79266357421875
2015-04-17 06:00:00+00:00,0.046059250831604004,67.7667236328125,2.3120700748335064,67.72103118896484
2015-04-17 12:00:00+00:00,0.10144674777984619,91.31641387939453,2.1251043475224565,91.08989715576172
2015-04-17 18:00:00+00:00,0.12640380859375,61.51066207885742,2.4148258186814155,61.184783935546875
2015-04-18 00:00:00+00:00,0.13099908828735352,65.57470703125,2.419108781018762,65.24344635009766
2015-04-18 06:00:00+00:00,0.10154736042022705,69.01197814941406,2.2904834007787986,68.80010986328125
2015-04-18 12:00:00+00:00,0.06862926483154297,68.01750183105469,2.714445505310696,67.91239929199219
2015-04-18 18:00:00+00:00,0.1176079511642456,89.76274108886719,2.0175217330811006,89.44202423095703
2015-04-19 00:00:00+00:00,0.13708555698394775,100.70320129394531,2.1056587793649815,100.27679443359375
2015-04-19 06:00:00+00:00,0.12295675277709961,102.1374740600586,1.968955315715755,101.78479766845703
2015-04-19 12:00:00+00:00,0.23443269729614258,68.12406158447266,2.2841958143067824,66.97412109375
2015-04-19 18:00:00+00:00,0.30040955543518066,83.2858657836914,2.648001331539234,81.40989685058594
2015-04-20 00:00:00+00:00,0.377566933631897,51.9384765625,2.793831466235076,49.54892349243164
2015-04-20 06:00:00+00:00,0.2906374931335449,84.17976379394531,2.448274401865059,82.18297576904297
2015-04-20 12:00:00+00:00,0.2504364252090454,46.7879524230957,3.1528704823622777,45.64347457885742
2015-04-20 18:00:00+00:00,0.18534338474273682,64.06690216064453,2.4243269896283777,63.348426818847656
2015-04-21 00:00:00+00:00,0.03825640678405762,48.28557205200195,2.5168668093006166,48.25801467895508
2015-04-21 06:00:00+00:00,0.11228591203689575,783.901611328125,0.8579835535269074,783.576416015625
2015-04-21 12:00:00+00:00,0.49474257230758667,1722.388916015625,0.9115904041740055,1712.2437744140625
2015-04-21 18:00:00+00:00,0.23662340641021729,39.682369232177734,3.2031739643444164,38.650821685791016
2015-04-22 00:00:00+00:00,0.32431095838546753,1354.9779052734375,0.9189398671167458,1351.5933837890625
2015-04-22 06:00:00+00:00,0.11079120635986328,174.66403198242188,1.36968253415377,174.4016876220703
2015-04-22 12:00:00+00:00,0.10110992193222046,34.1945915222168,3.3661384945159516,34.01724624633789
2015-04-22 18:00:00+00:00,0.24427157640457153,626.6602783203125,0.9062960210857315,625.2242431640625
2015-04-23 00:00:00+00:00,0.13138961791992188,160.3095703125,1.2718840722402438,160.00222778320312
2015-04-23 06:00:00+00:00,0.16663920879364014,35.92401885986328,2.7991356262482907,35.44438171386719
2015-04-23 12:00:00+00:00,0.1622447371482849,360.48028564453125,1.085405138657152,359.85333251953125
2015-04-23 18:00:00+00:00,0.09543120861053467,46.033958435058594,2.66141348569238,45.84811019897461
2015-04-24 00:00:00+00:00,0.08621692657470703,79.64897155761719,2.279090901996995,79.49029541015625
2015-04-24 06:00:00+00:00,0.0031343698501586914,174.00750732421875,1.513336665468867,174.00726318359375
2015-04-24 12:00:00+00:00,0.12251222133636475,91.99303436279297,2.0848603513153137,91.68959045410156
2015-04-24 18:00:00+00:00,0.09863293170928955,295.117919921875,1.3061071421193833,294.85968017578125
2015-04-25 00:00:00+00:00,0.14833247661590576,121.51560974121094,2.3036068631983087,120.89725494384766
2015-04-25 06:00:00+00:00,0.10935068130493164,88.6563949584961,2.3224629476025918,88.3711929321289
2015-04-25 12:00:00+00:00,0.15253353118896484,89.88532257080078,2.1320410560650336,89.37699890136719
2015-04-25 18:00:00+00:00,0.04709732532501221,203.5662384033203,1.369367011479243,203.50668334960938
2015-04-26 00:00:00+00:00,0.15051758289337158,153.9879913330078,1.6810926649789995,153.4261932373047
2015-04-26 06:00:00+00:00,0.14366793632507324,184.43589782714844,1.4345774222146481,183.908935546875
2015-04-26 12:00:00+00:00,0.19307219982147217,138.91949462890625,1.333856243132,138.1147918701172
2015-04-26 18:00:00+00:00,0.1745288372039795,110.0143051147461,1.7014480884615604,109.40271759033203
2015-04-27 00:00:00+00:00,0.15258324146270752,104.84734344482422,1.6243687829579223,104.38004302978516
2015-04-27 06:00:00+00:00,0.18485379219055176,147.8647918701172,1.3402693898583868,147.1059112548828
2015-04-27 12:00:00+00:00,0.13644051551818848,59.37685012817383,2.1877834658195385,59.03569793701172
2015-04-27 18:00:00+00:00,0.13205158710479736,89.31210327148438,1.3430348688359597,88.970458984375
2015-04-28 00:00:00+00:00,0.1808563470840454,84.8086166381836,1.646838335019334,84.17680358886719
2015-04-28 06:00:00+00:00,0.16200947761535645,96.30059814453125,1.7425397865595715,95.73052978515625
2015-04-28 12:00:00+00:00,0.1584099531173706,67.19981384277344,1.6666374646616111,66.72695922851562
2015-04-28 18:00:00+00:00,0.1567084789276123,81.84468841552734,1.5638441534582428,81.36328887939453
2015-04-29 00:00:00+00:00,0.12132668495178223,62.457061767578125,1.7865250413230969,62.18948745727539
2015-04-29 06:00:00+00:00,0.1970120668411255,79.65447235107422,1.6342867283570854,78.86656188964844
2015-04-29 12:00:00+00:00,0.11686921119689941,58.494667053222656,1.920774437580871,58.24417495727539
2015-04-29 18:00:00+00:00,0.1240086555480957,78.32212829589844,1.6656007077281665,78.01849365234375
2015-04-30 00:00:00+00:00,0.08941197395324707,56.96531677246094,1.8216013706489769,56.82405090332031
2015-04-30 06:00:00+00:00,0.1394575834274292,67.97943878173828,1.9345671204886612,67.60138702392578
2015-04-30 12:00:00+00:00,0.08095669746398926,69.71105194091797,1.6502519563688591,69.58482360839844
2015-04-30 18:00:00+00:00,0.13197624683380127,113.77902221679688,1.6640025546129649,113.38910675048828
2015-05-01 00:00:00+00:00,0.11531758308410645,81.97854614257812,1.5900928363600473,81.72821044921875
2015-05-01 06:00:00+00:00,0.1073070764541626,85.00882720947266,1.8733508325436323,84.7654037475586
2015-05-01 12:00:00+00:00,0.06394124031066895,59.0836067199707,1.939276242719749,59.00624084472656
2015-05-01 18:00:00+00:00,0.02358067035675049,51.60662841796875,1.9978684711616153,51.59635543823242
2015-05-02 00:00:00+00:00,0.06449460983276367,44.54814529418945,1.9187361972439356,44.481781005859375
2015-05-02 06:00:00+00:00,0.04311162233352661,66.53948974609375,1.6390681297067395,66.50323486328125
2015-05-02 12:00:00+00:00,0.017866015434265137,65.37886810302734,1.5386988261332517,65.37322998046875
2015-05-02 18:00:00+00:00,0.001057744026184082,43.68217849731445,2.3340202897634943,43.682159423828125
2015-05-03 00:00:00+00:00,0.14777624607086182,44.66739273071289,2.3772222153445592,44.274227142333984
2015-05-03 06:00:00+00:00,0.15146523714065552,34.993900299072266,3.1994290275697987,34.589324951171875
2015-05-03 12:00:00+00:00,0.20340847969055176,34.157535552978516,2.9110618411046514,33.45305252075195
2015-05-03 18:00:00+00:00,0.15264618396759033,42.860801696777344,3.0452039472955157,42.410953521728516
2015-05-04 00:00:00+00:00,0.2305726408958435,47.56048583984375,2.5725190401976414,46.61870193481445
2015-05-04 06:00:00+00:00,0.30789870023727417,843.6155395507812,0.9284683824660378,841.045654296875
2015-05-04 12:00:00+00:00,0.212310791015625,43.90305709838867,2.9832644395752763,43.05275344848633
2015-05-04 18:00:00+00:00,0.31349730491638184,48.505435943603516,3.086525195636606,46.606990814208984
2015-05-05 00:00:00+00:00,0.35087472200393677,38.58761978149414,3.3036886702512738,36.3421745300293
2015-05-05 06:00:00+00:00,0.2951064705848694,53.101505279541016,3.007202153142351,51.236385345458984
2015-05-05 12:00:00+00:00,0.17950230836868286,41.184940338134766,3.335873274425713,40.58475112915039
2015-05-05 18:00:00+00:00,0.1885579228401184,34.25395584106445,3.3054502016698057,33.62310791015625
2015-05-06 00:00:00+00:00,0.31852972507476807,65.677490234375,2.7630660717129842,63.467281341552734
2015-05-06 06:00:00+00:00,0.31800377368927,69.59418487548828,2.8554148416602283,67.30575561523438
2015-05-06 12:00:00+00:00,0.23555141687393188,48.988895416259766,2.845681099243705,47.91880416870117
2015-05-06 18:00:00+00:00,0.3931167721748352,92.43809509277344,2.2422689626298506,88.92637634277344
2015-05-07 00:00:00+00:00,0.3089786767959595,64.4554443359375,2.483387227720382,62.46435546875
2015-05-07 06:00:00+00:00,0.4260910153388977,204.31927490234375,1.4860294004972125,199.2940673828125
2015-05-07 12:00:00+00:00,0.3756260275840759,103.01870727539062,2.289486813655535,99.5146713256836
2015-05-07 18:00:00+00:00,0.3657432198524475,101.75448608398438,2.07325808590646,98.62848663330078
2015-05-08 00:00:00+00:00,0.4372701644897461,121.80068969726562,2.048520560984141,116.56474304199219
2015-05-08 06:00:00+00:00,0.44528841972351074,167.72853088378906,2.019456192320697,161.69976806640625
2015-05-08 12:00:00+00:00,0.4805000424385071,180.25961303710938,1.5386518582869793,172.99261474609375
2015-05-08 18:00:00+00:00,0.4765365719795227,125.74819946289062,2.2816937757326725,118.75434112548828
2015-05-09 00:00:00+00:00,0.40652817487716675,122.8741455078125,2.1590216298139686,118.2652359008789
2015-05-09 06:00:00+00:00,0.45909982919692993,168.21090698242188,2.137544403604677,161.6185760498047
2015-05-09 12:00:00+00:00,0.4706026315689087,150.6208038330078,2.0408293917706355,143.6979217529297
2015-05-09 18:00:00+00:00,0.4267135262489319,110.52240753173828,2.217704564246761,105.6220703125
2015-05-10 00:00:00+00:00,0.38664811849594116,97.80422973632812,2.1008517303512697,94.41785430908203
2015-05-10 06:00:00+00:00,0.3928375840187073,132.37457275390625,2.0090274687064476,128.0565643310547
2015-05-10 12:00:00+00:00,0.3325672149658203,196.9107666015625,1.457849801283669,193.89805603027344
2015-05-10 18:00:00+00:00,0.3982452154159546,99.39578247070312,2.4589263611204832,95.30915069580078
2015-05-11 00:00:00+00:00,0.3162423372268677,108.64097595214844,2.101574839205396,106.08361053466797
2015-05-11 06:00:00+00:00,0.33917391300201416,203.263427734375,1.4167284214361806,200.1057891845703
2015-05-11 12:00:00+00:00,0.28169357776641846,89.51473236083984,2.1129206746082883,87.5544662475586
2015-05-11 18:00:00+00:00,0.2600136995315552,93.21061706542969,2.0465234598591486,91.45460510253906
2015-05-12 00:00:00+00:00,0.17266958951950073,195.0581817626953,1.2002968414416335,194.3777313232422
2015-05-12 06:00:00+00:00,0.10541743040084839,69.1412124633789,2.4892452571392547,68.87074279785156
2015-05-12 12:00:00+00:00,0.018152713775634766,58.92401885986328,2.477585183286725,58.917110443115234
2015-05-12 18:00:00+00:00,0.06986492872238159,203.0682373046875,1.2142916041062681,202.9486541748047
2015-05-13 00:00:00+00:00,0.0484616756439209,68.27684783935547,2.488521308414737,68.22615051269531
2015-05-13 12:00:00+00:00,0.1713346242904663,104.09673309326172,2.1352791784287066,103.46874237060547
2015-05-13 18:00:00+00:00,0.1295621395111084,137.1294403076172,1.5089083640810637,136.74423217773438
2015-05-14 00:00:00+00:00,0.2861067056655884,99.06578826904297,2.2756542634167363,97.15088653564453
2015-05-14 06:00:00+00:00,0.21086513996124268,295.97467041015625,0.9266993074596022,294.9310607910156
2015-05-14 12:00:00+00:00,0.23867642879486084,119.13506317138672,1.6054287528032105,117.9865493774414
2015-05-14 18:00:00+00:00,0.0955057144165039,205.15744018554688,1.9306154929176131,204.94554138183594
2015-05-15 00:00:00+00:00,0.4849497079849243,156.31121826171875,2.1667322697707703,149.7926483154297
2015-05-15 06:00:00+00:00,0.4351184368133545,153.79930114746094,2.117028908786509,149.4468231201172
2015-05-15 12:00:00+00:00,0.4741992950439453,386.7062072753906,1.406162418774373,379.723876953125
2015-05-15 18:00:00+00:00,0.4193713665008545,119.08425903320312,2.4417175983164414,115.14393615722656
2015-05-16 00:00:00+00:00,0.352935791015625,103.83150482177734,2.5445724315557094,100.90291595458984
2015-05-16 06:00:00+00:00,0.27745962142944336,271.3834533691406,1.315793534874902,269.3196716308594
2015-05-16 12:00:00+00:00,0.3534996509552002,218.02923583984375,2.1902457597685583,214.23358154296875
2015-05-16 18:00:00+00:00,0.4044954776763916,178.4359130859375,2.1444407698485177,173.97190856933594
2015-05-17 00:00:00+00:00,0.2810659408569336,114.6567611694336,2.231076232280825,112.97498321533203
2015-05-17 06:00:00+00:00,0.29794585704803467,97.90740966796875,2.4860030315359563,95.9768295288086
2015-05-17 12:00:00+00:00,0.20960593223571777,73.38597869873047,2.3635277600025484,72.62693786621094
2015-05-17 18:00:00+00:00,0.18322312831878662,65.3924331665039,2.560568528372584,64.83882904052734
2015-05-18 00:00:00+00:00,0.14675790071487427,26.86237144470215,3.341868236227875,26.572675704956055
2015-05-18 06:00:00+00:00,0.06824827194213867,21.615995407104492,3.7334271352544772,21.55699348449707
2015-05-18 12:00:00+00:00,0.1843569278717041,26.5269832611084,3.8799445689053114,26.01249885559082
2015-05-18 18:00:00+00:00,0.20949304103851318,30.209808349609375,3.749414618262937,29.459959030151367
2015-05-19 00:00:00+00:00,0.3103032112121582,20.02133560180664,4.028031058563139,18.841552734375
2015-05-19 06:00:00+00:00,0.1362500786781311,28.129257202148438,3.8011882224127147,27.85276985168457
2015-05-19 12:00:00+00:00,0.012296020984649658,22.0997257232666,3.872771115059329,22.097692489624023
2015-05-19 18:00:00+00:00,0.051841557025909424,24.341039657592773,3.4901107398175495,24.307144165039062
2015-05-20 00:00:00+00:00,0.10716474056243896,19.561294555664062,3.66314346242463,19.43193817138672
2015-05-20 06:00:00+00:00,0.10214418172836304,24.663965225219727,3.2165495702487394,24.53972625732422
2015-05-20 12:00:00+00:00,0.12288463115692139,27.97843360900879,3.124402227207769,27.7603816986084
2015-05-20 18:00:00+00:00,0.18130475282669067,44.62472152709961,2.5346135651547925,44.09427261352539
2015-05-21 00:00:00+00:00,0.10642492771148682,52.65912628173828,2.602551928372479,52.43695831298828
2015-05-21 06:00:00+00:00,0.07854950428009033,62.790348052978516,2.1447796858231376,62.663818359375
2015-05-21 12:00:00+00:00,0.08492165803909302,51.708797454833984,2.58705752300723,51.56344223022461
2015-05-21 18:00:00+00:00,0.011227607727050781,75.5038833618164,1.9579835180510476,75.5014419555664
2015-05-22 00:00:00+00:00,0.10344600677490234,89.50558471679688,2.182464558717833,89.26777648925781
2015-05-22 06:00:00+00:00,0.13787496089935303,77.44803619384766,2.3805540519300306,77.0221939086914
2015-05-22 12:00:00+00:00,0.23147118091583252,166.5862274169922,1.869416940371864,165.10946655273438
2015-05-22 18:00:00+00:00,0.32539820671081543,273.048095703125,1.5776717577450676,269.822021484375
2015-05-23 00:00:00+00:00,0.18876588344573975,434.9622497558594,1.0571708130922781,433.6424865722656
2015-05-23 06:00:00+00:00,0.20451605319976807,211.5237274169922,1.3130614385062098,210.38832092285156
2015-05-23 12:00:00+00:00,0.22485721111297607,119.23408508300781,1.8703698229526142,118.03535461425781
2015-05-23 18:00:00+00:00,0.22116482257843018,88.91366577148438,2.117907996405769,87.89286041259766
2015-05-24 00:00:00+00:00,0.2317347526550293,166.1145782470703,1.782593015481595,164.7296600341797
2015-05-24 06:00:00+00:00,0.22547149658203125,114.716064453125,1.7885342017377583,113.62586212158203
2015-05-24 12:00:00+00:00,0.23674499988555908,120.87378692626953,1.8210343377880673,119.61125183105469
2015-05-24 18:00:00+00:00,0.22488176822662354,99.22390747070312,2.1209262805370046,98.1274642944336
2015-05-25 00:00:00+00:00,0.2032088041305542,120.42801666259766,1.890828900593494,119.49105834960938
2015-05-25 06:00:00+00:00,0.1903393268585205,118.98977661132812,1.5259387439217278,118.25419616699219
2015-05-25 12:00:00+00:00,0.21336627006530762,82.80715942382812,1.8067522262830644,81.92879486083984
2015-05-25 18:00:00+00:00,0.16357207298278809,91.39667510986328,1.6452130556094133,90.89411926269531
2015-05-26 00:00:00+00:00,0.2117823362350464,74.77556610107422,1.8895323487564717,73.87163543701172
2015-05-26 06:00:00+00:00,0.11960422992706299,52.790245056152344,2.0428472205313484,52.54228210449219
2015-05-26 12:00:00+00:00,0.16907334327697754,68.38561248779297,2.110513149635758,67.85940551757812
2015-05-26 18:00:00+00:00,0.09484732151031494,90.53501892089844,1.3956528435676898,90.3717269897461
2015-05-27 00:00:00+00:00,0.0364459753036499,44.22215270996094,1.9869505997811094,44.19948196411133
2015-05-27 06:00:00+00:00,0.06321907043457031,36.84823226928711,2.3661414229783055,36.78268051147461
2015-05-27 12:00:00+00:00,0.0038552284240722656,34.978240966796875,2.472030099619654,34.97800064086914
2015-05-27 18:00:00+00:00,0.016617774963378906,41.61989212036133,2.4258858456737107,41.61526870727539
2015-05-28 00:00:00+00:00,0.004140615463256836,39.074649810791016,2.2077778373812835,39.07435989379883
2015-05-28 06:00:00+00:00,0.007147014141082764,42.410362243652344,2.27932347974123,42.40947341918945
2015-05-28 12:00:00+00:00,0.05172091722488403,40.151283264160156,2.2232436331773684,40.10551834106445
2015-05-28 18:00:00+00:00,0.016984879970550537,39.17963409423828,2.330000147073129,39.174808502197266
2015-05-29 00:00:00+00:00,0.021092772483825684,39.67875289916992,2.2438740866222964,39.67102813720703
2015-05-29 06:00:00+00:00,0.01659071445465088,82.17095184326172,1.3855296583926062,82.16563415527344
2015-05-29 12:00:00+00:00,0.033959925174713135,32.306182861328125,2.993683621070739,32.287357330322266
2015-05-29 18:00:00+00:00,0.015929758548736572,32.627628326416016,2.801979742017907,32.623329162597656
2015-05-30 00:00:00+00:00,0.07858490943908691,87.26405334472656,1.4381712154215833,87.15440368652344
2015-05-30 06:00:00+00:00,0.09684604406356812,33.987022399902344,3.101865596458703,33.823665618896484
2015-05-30 12:00:00+00:00,0.05258357524871826,36.06595230102539,2.6669209295215324,36.019325256347656
2015-05-30 18:00:00+00:00,0.0698927640914917,38.650726318359375,2.8021556494294586,38.56336975097656
2015-05-31 00:00:00+00:00,0.02245497703552246,29.2572021484375,3.3469198962531137,29.24907112121582
2015-05-31 06:00:00+00:00,0.03094637393951416,38.37001037597656,2.7452067104194775,38.35257339477539
2015-05-31 12:00:00+00:00,0.10284388065338135,175.1874542236328,1.3416210743274104,174.9570770263672
2015-05-31 18:00:00+00:00,0.024738311767578125,46.03676986694336,2.485214574641213,46.02534484863281
2015-06-01 00:00:00+00:00,0.12464869022369385,37.993473052978516,3.313648725487602,37.70502471923828
2015-06-01 06:00:00+00:00,0.1051708459854126,34.153133392333984,3.6739219069413327,33.94194793701172
2015-06-01 12:00:00+00:00,0.052922189235687256,36.18083572387695,3.0404380908464956,36.13041305541992
2015-06-01 18:00:00+00:00,0.114662766456604,234.67251586914062,1.3110933194720666,234.4024200439453
2015-06-02 00:00:00+00:00,0.1930176019668579,77.14631652832031,2.3350203356103743,76.35841369628906
2015-06-02 06:00:00+00:00,0.13247275352478027,32.30892562866211,3.5668217218557015,31.996437072753906
2015-06-02 12:00:00+00:00,0.25716227293014526,66.03445434570312,2.9949964905438176,64.45620727539062
2015-06-02 18:00:00+00:00,0.3685469627380371,124.87885284423828,2.544828092510531,120.72870635986328
2015-06-03 00:00:00+00:00,0.3689216375350952,106.7500228881836,2.747056086465533,102.73775482177734
2015-06-03 06:00:00+00:00,0.3116148114204407,95.5711898803711,2.4874858617032327,93.05790710449219
2015-06-03 12:00:00+00:00,0.4367499351501465,131.608642578125,2.427421959345353,126.56515502929688
2015-06-03 18:00:00+00:00,0.33036184310913086,59.68663787841797,2.835114191809647,57.35414505004883
2015-06-04 00:00:00+00:00,0.4156145453453064,129.58860778808594,2.535580910012524,124.73355865478516
2015-06-04 06:00:00+00:00,0.4527606964111328,203.0085906982422,2.0182897599003407,196.20216369628906
2015-06-04 12:00:00+00:00,0.44010359048843384,138.78167724609375,2.48742117825716,133.29270935058594
2015-06-04 18:00:00+00:00,0.4625139832496643,151.3611602783203,2.0889929536951155,144.922607421875
2015-06-05 00:00:00+00:00,0.511196494102478,202.8092041015625,1.5920861786222131,195.08062744140625
2015-06-05 06:00:00+00:00,0.5334115624427795,229.62973022460938,1.7942830865225559,220.57135009765625
2015-06-05 12:00:00+00:00,0.5194708406925201,361.24151611328125,1.2714860765000837,351.1448059082031
2015-06-05 18:00:00+00:00,0.4631408452987671,165.5955047607422,2.3450720398108964,159.06954956054688
2015-06-06 00:00:00+00:00,0.4625992178916931,217.13119506835938,1.8796501267590302,210.3675537109375
2015-06-06 06:00:00+00:00,0.4877629280090332,146.8033905029297,2.2684865408798767,139.6989288330078
2015-06-06 12:00:00+00:00,0.43083035945892334,125.7544937133789,2.2228764797525185,120.2669677734375
2015-06-06 18:00:00+00:00,0.5099932253360748,194.5862579345703,2.2048227079389444,185.50637817382812
2015-06-07 00:00:00+00:00,0.45602190494537354,152.58407592773438,2.089074526006131,145.95152282714844
2015-06-07 06:00:00+00:00,0.5280177295207977,189.17034912109375,1.9213440030117876,179.49020385742188
2015-06-07 12:00:00+00:00,0.4645867347717285,143.33900451660156,2.4611394340290644,136.0814971923828
2015-06-07 18:00:00+00:00,0.42198795080184937,115.87940216064453,2.5064363211768743,110.52045440673828
2015-06-08 00:00:00+00:00,0.4068921208381653,100.05290985107422,2.573010673172241,95.42970275878906
2015-06-08 06:00:00+00:00,0.3684083819389343,113.45848083496094,2.211975567801268,109.44168853759766
2015-06-08 12:00:00+00:00,0.40657132863998413,99.68714141845703,2.537019730259731,94.9990463256836
2015-06-08 18:00:00+00:00,0.47171247005462646,138.787353515625,2.5627403792949015,132.14393615722656
2015-06-09 00:00:00+00:00,0.3349449038505554,58.091583251953125,3.1236504330517274,55.577674865722656
2015-06-09 06:00:00+00:00,0.2950543165206909,54.65125274658203,2.6695802987148705,52.70819854736328
2015-06-09 12:00:00+00:00,0.2691802978515625,47.15660095214844,3.294048275940937,45.59089279174805
2015-06-09 18:00:00+00:00,0.20843267440795898,48.083675384521484,2.968417211902589,47.150909423828125
2015-06-10 00:00:00+00:00,0.12884169816970825,37.14319610595703,3.475912011102279,36.83720397949219
2015-06-10 06:00:00+00:00,0.22615647315979004,46.056617736816406,2.84427797053035,45.06475830078125
2015-06-10 12:00:00+00:00,0.0908743143081665,35.971256256103516,3.5624199080738914,35.81043243408203
2015-06-10 18:00:00+00:00,0.11751461029052734,35.197967529296875,3.4651384752320946,34.943359375
2015-06-11 00:00:00+00:00,0.09403359889984131,38.790184020996094,3.1558762464537677,38.63081359863281
2015-06-11 06:00:00+00:00,0.08182436227798462,48.108421325683594,2.7380635249765595,47.973121643066406
2015-06-11 12:00:00+00:00,0.05691152811050415,35.617984771728516,3.112338781852393,35.560245513916016
2015-06-11 18:00:00+00:00,0.11306720972061157,34.91181564331055,3.398165548083552,34.68702697753906
2015-06-12 00:00:00+00:00,0.09085488319396973,30.68056869506836,3.5006824533562986,30.538766860961914
2015-06-12 06:00:00+00:00,0.011546969413757324,26.88188362121582,3.438127321319536,26.879810333251953
2015-06-12 12:00:00+00:00,0.05877417325973511,25.812084197998047,3.7757585759574788,25.759294509887695
2015-06-12 18:00:00+00:00,0.04649144411087036,29.81549072265625,3.54193743088962,29.779199600219727
2015-06-13 00:00:00+00:00,0.06672239303588867,34.49905776977539,3.541766058878782,34.41279220581055
2015-06-13 06:00:00+00:00,0.005489468574523926,34.330745697021484,3.2097403706210854,34.33018493652344
2015-06-13 12:00:00+00:00,0.047513604164123535,27.058330535888672,3.670604274955754,27.02292251586914
2015-06-13 18:00:00+00:00,0.003062605857849121,28.99053955078125,3.589867076879072,28.990381240844727
2015-06-14 00:00:00+00:00,0.04814106225967407,23.241714477539062,3.790910283213437,23.209331512451172
2015-06-14 06:00:00+00:00,0.3049051761627197,1636.993408203125,1.067476738119495,1633.6461181640625
2015-06-14 12:00:00+00:00,0.10452038049697876,634.7313232421875,1.0381033015809469,634.488037109375
2015-06-14 18:00:00+00:00,0.04386603832244873,26.509090423583984,3.949878104734184,26.477968215942383
2015-06-15 00:00:00+00:00,0.052111268043518066,32.503196716308594,3.8844651269679717,32.452369689941406
2015-06-15 06:00:00+00:00,0.2882167100906372,17.800283432006836,3.854558508706398,16.83785057067871
2015-06-15 12:00:00+00:00,0.1724938154220581,13.936017036437988,3.7419850037953197,13.680768966674805
2015-06-15 18:00:00+00:00,0.3970385789871216,23.17221450805664,3.7757620800799696,20.898679733276367
2015-06-16 00:00:00+00:00,0.03303372859954834,12.297394752502441,3.6459139219171703,12.29013729095459
2015-06-16 06:00:00+00:00,0.41118788719177246,9.34940242767334,3.4678540963518394,8.392236709594727
2015-06-16 12:00:00+00:00,0.23561102151870728,14.295167922973633,3.620468138283165,13.777148246765137
2015-06-16 18:00:00+00:00,0.529524564743042,22.424856185913086,3.6715525771543516,18.89665985107422
2015-06-17 00:00:00+00:00,0.4647122621536255,20.654197692871094,3.901918627258399,18.08696174621582
2015-06-17 06:00:00+00:00,0.24207329750061035,21.372987747192383,3.548222572179004,20.780508041381836
2015-06-17 12:00:00+00:00,0.04312598705291748,25.235563278198242,3.547276790888144,25.21371841430664
2015-06-17 18:00:00+00:00,0.427364706993103,341.59051513671875,1.8439339421228584,337.0974426269531
2015-06-18 00:00:00+00:00,0.08559989929199219,28.523073196411133,3.8903270384540285,28.398178100585938
2015-06-18 06:00:00+00:00,0.10865306854248047,27.72111701965332,3.4080109293409793,27.56702423095703
2015-06-18 12:00:00+00:00,0.09108936786651611,44.160400390625,3.100877278953547,43.99806594848633
2015-06-18 18:00:00+00:00,0.044418931007385254,14.486366271972656,3.8712563321656144,14.469625473022461
2015-06-19 00:00:00+00:00,0.059760212898254395,25.907133102416992,3.6720671020225817,25.854814529418945
2015-06-19 06:00:00+00:00,0.17604076862335205,40.334999084472656,2.944629274021669,39.831851959228516
2015-06-19 12:00:00+00:00,0.26246702671051025,92.92754364013672,2.319125606273874,91.51492309570312
2015-06-19 18:00:00+00:00,0.30514299869537354,154.21136474609375,1.8442527245209792,151.70089721679688
2015-06-20 00:00:00+00:00,0.36483991146087646,122.66960906982422,2.2255869256039387,119.02835845947266
2015-06-20 06:00:00+00:00,0.5406570434570312,296.8772277832031,1.7517538733029943,287.07110595703125
2015-06-20 12:00:00+00:00,0.5398499965667725,214.31790161132812,1.9849058731962808,205.86451721191406
2015-06-20 18:00:00+00:00,0.4468083381652832,146.5443878173828,2.221596438150208,141.00924682617188
2015-06-21 00:00:00+00:00,0.38824033737182617,473.7941589355469,0.9590937065153848,468.77734375
2015-06-21 06:00:00+00:00,0.5543005466461182,210.47621154785156,2.3166022666662753,200.61862182617188
2015-06-21 12:00:00+00:00,0.35326993465423584,70.81941986083984,2.3322431753922968,68.40125274658203
2015-06-21 18:00:00+00:00,0.31298017501831055,59.66530227661133,2.7124836616787396,57.836265563964844
2015-06-22 00:00:00+00:00,0.24204552173614502,65.11904907226562,2.9795300278329044,63.89491653442383
2015-06-22 06:00:00+00:00,0.26653170585632324,46.75637435913086,2.95778582216892,45.51200866699219
2015-06-22 12:00:00+00:00,0.33699703216552734,69.41561889648438,2.4844438122015267,67.1456298828125
2015-06-22 18:00:00+00:00,0.08928990364074707,20.94989776611328,3.8238069889170148,20.85382080078125
2015-06-23 00:00:00+00:00,0.3065314292907715,71.91679382324219,2.2224105309553916,70.16544342041016
2015-06-23 06:00:00+00:00,0.26149284839630127,52.411136627197266,2.6441440120904223,51.20412826538086
2015-06-23 12:00:00+00:00,0.25511598587036133,70.90078735351562,1.9678195091444666,69.6618423461914
2015-06-23 18:00:00+00:00,0.2353498935699463,51.399940490722656,2.3937015576021423,50.415611267089844
2015-06-24 00:00:00+00:00,0.18899333477020264,57.21319580078125,2.4406829625265622,56.54469299316406
2015-06-24 06:00:00+00:00,0.23350214958190918,51.22510528564453,2.4524973966221246,50.26464080810547
2015-06-24 12:00:00+00:00,0.2290867567062378,76.26123046875,2.1110064625493505,75.26744842529297
2015-06-24 18:00:00+00:00,0.22236323356628418,65.39749145507812,2.3863131052410407,64.49980926513672
2015-06-25 00:00:00+00:00,0.15451514720916748,52.951786041259766,2.4285601124297402,52.52652359008789
2015-06-25 06:00:00+00:00,0.10430359840393066,84.51231384277344,1.7978400260567773,84.30599212646484
2015-06-25 12:00:00+00:00,0.19496726989746094,41.347686767578125,2.604429142954482,40.72639846801758
2015-06-25 18:00:00+00:00,0.20097458362579346,40.7359504699707,2.905468995882104,40.057395935058594
2015-06-26 00:00:00+00:00,0.1655365228652954,47.357765197753906,2.5100209897679404,46.8721809387207
2015-06-26 06:00:00+00:00,0.10125339031219482,97.56694030761719,1.9096119671519685,97.34172058105469
2015-06-26 12:00:00+00:00,0.09133541584014893,104.08328247070312,1.7976588158284896,103.90792083740234
2015-06-26 18:00:00+00:00,0.07186901569366455,46.728179931640625,2.829388537818529,46.63369369506836
2015-06-27 00:00:00+00:00,0.10585916042327881,41.62671661376953,2.6859308147879912,41.440486907958984
2015-06-27 06:00:00+00:00,0.07869875431060791,120.13504791259766,1.7538705197039715,120.00811004638672
2015-06-27 12:00:00+00:00,0.06536829471588135,36.20351791381836,3.051059807936795,36.133392333984375
2015-06-27 18:00:00+00:00,0.00930929183959961,35.981685638427734,2.6469544295645755,35.98028564453125
2015-06-28 00:00:00+00:00,0.022232770919799805,46.89704895019531,2.0721485182721424,46.889556884765625
2015-06-28 06:00:00+00:00,0.030589640140533447,26.221702575683594,3.2353424667710824,26.20813751220703
2015-06-28 12:00:00+00:00,0.18336373567581177,92.79729461669922,1.7763074305474722,92.1965103149414
2015-06-28 18:00:00+00:00,0.10289996862411499,35.8740119934082,3.1081795611869625,35.69017791748047
2015-06-29 00:00:00+00:00,0.15814220905303955,35.41450500488281,3.2845419017642583,34.97594451904297
2015-06-29 06:00:00+00:00,0.1999078392982483,43.45224380493164,2.537344160824381,42.727256774902344
2015-06-29 12:00:00+00:00,0.2085755467414856,43.336273193359375,2.670453614114426,42.53731918334961
2015-06-29 18:00:00+00:00,0.31240785121917725,58.59031295776367,2.43029003156094,56.66773986816406
2015-06-30 00:00:00+00:00,0.32648950815200806,89.89379119873047,2.225954238716206,87.5501480102539
2015-06-30 06:00:00+00:00,0.3691484332084656,100.38431549072266,1.9578339474109403,97.33099365234375
2015-06-30 12:00:00+00:00,0.3591902256011963,87.68721771240234,2.1422373632145457,84.9952392578125
2015-06-30 18:00:00+00:00,0.3439692258834839,85.85907745361328,2.0904569967987268,83.25065612792969
2015-07-01 00:00:00+00:00,0.3942340016365051,131.5198211669922,1.891122228362533,127.77168273925781
2015-07-01 06:00:00+00:00,0.35728538036346436,101.14898681640625,2.156581257682244,98.16378784179688
2015-07-01 12:00:00+00:00,0.3602111339569092,98.83797454833984,2.0277337998782086,95.90985107421875
2015-07-02 00:00:00+00:00,0.47684019804000854,202.2372283935547,2.0520413489162554,194.94847106933594
2015-07-02 06:00:00+00:00,0.49147331714630127,155.40060424804688,1.8914050052581186,148.2591552734375
2015-07-02 12:00:00+00:00,0.49726319313049316,149.6148223876953,1.9019136174725952,142.55148315429688
2015-07-02 18:00:00+00:00,0.453202486038208,122.8372802734375,2.072366873459489,116.95526123046875
2015-07-03 00:00:00+00:00,0.4779420495033264,223.81211853027344,1.9994158754619913,216.3629913330078
2015-07-03 06:00:00+00:00,0.4717097282409668,188.84475708007812,1.5936078390242496,182.13609313964844
2015-07-03 12:00:00+00:00,0.5174218714237213,204.63462829589844,2.1156620261360235,196.20225524902344
2015-07-03 18:00:00+00:00,0.44259166717529297,136.69264221191406,2.25463350552969,130.75335693359375
2015-07-04 00:00:00+00:00,0.5349133610725403,163.06797790527344,2.158068425133606,154.22076416015625
2015-07-04 06:00:00+00:00,0.5207176506519318,200.8108367919922,2.2602646171793292,191.266357421875
2015-07-04 12:00:00+00:00,0.49143481254577637,219.4361114501953,1.8103934128885848,211.09442138671875
2015-07-04 18:00:00+00:00,0.5006486773490906,207.4967803955078,2.1171761075696645,199.07028198242188
2015-07-05 00:00:00+00:00,0.38204747438430786,127.84192657470703,1.910692031696871,123.80545806884766
2015-07-05 06:00:00+00:00,0.4036632180213928,161.02767944335938,1.7486851400955759,155.96212768554688
2015-07-05 12:00:00+00:00,0.48756563663482666,113.47489166259766,2.2653349879106397,107.03375244140625
2015-07-05 18:00:00+00:00,0.410550594329834,81.29306030273438,2.609193740449629,77.21097564697266
2015-07-06 00:00:00+00:00,0.05949825048446655,87.60335540771484,2.258203350239791,87.52999877929688
2015-07-06 06:00:00+00:00,0.12706732749938965,118.4247055053711,1.7618223795680095,118.05809783935547
2015-07-06 12:00:00+00:00,0.16824102401733398,95.67791748046875,1.6689490871463986,95.2034912109375
2015-07-06 18:00:00+00:00,0.31371021270751953,192.2600860595703,1.8336513414831572,189.5113525390625
2015-07-07 00:00:00+00:00,0.35047388076782227,150.1951904296875,1.8702096719177266,147.3941192626953
2015-07-07 06:00:00+00:00,0.4064326286315918,113.60448455810547,2.2215957237570705,110.30109405517578
2015-07-07 12:00:00+00:00,0.26438605785369873,128.95069885253906,1.7832987179467608,127.75100708007812
2015-07-07 18:00:00+00:00,0.2519916296005249,59.59538269042969,2.3324938820781096,58.69447326660156
2015-07-08 00:00:00+00:00,0.2617872953414917,94.09146881103516,2.1340798242708363,92.90763092041016
2015-07-08 06:00:00+00:00,0.28528034687042236,59.81967544555664,2.5473501764839863,58.42905044555664
2015-07-08 12:00:00+00:00,0.28490614891052246,44.510337829589844,2.8531550009349087,43.167640686035156
2015-07-09 00:00:00+00:00,0.13681161403656006,46.070350646972656,2.4817060030465123,45.77669143676758
2015-07-09 06:00:00+00:00,0.13274455070495605,35.461769104003906,2.965005824431336,35.1837043762207
2015-07-09 12:00:00+00:00,0.15371274948120117,35.314449310302734,2.8168082082442685,34.93844223022461
2015-07-09 18:00:00+00:00,0.11816966533660889,139.71109008789062,1.7216860177154385,139.4301300048828
2015-07-10 00:00:00+00:00,0.12057113647460938,26.05693817138672,3.743266938167711,25.843488693237305
2015-07-10 06:00:00+00:00,0.08278173208236694,31.51482582092285,3.5605023904578164,31.397600173950195
2015-07-10 12:00:00+00:00,0.1305888295173645,32.02339172363281,3.069887620698962,31.728872299194336
2015-07-10 18:00:00+00:00,0.19908714294433594,178.05064392089844,1.4878611262150607,177.28834533691406
2015-07-11 00:00:00+00:00,0.10792821645736694,130.2980194091797,1.4663472714654546,130.09629821777344
2015-07-11 06:00:00+00:00,0.10064280033111572,29.377222061157227,3.1575066679777106,29.217437744140625
2015-07-11 12:00:00+00:00,0.03185725212097168,28.20066261291504,3.2097959783406482,28.185436248779297
2015-07-11 18:00:00+00:00,0.03630971908569336,121.7425765991211,1.7464572981751023,121.72016906738281
2015-07-12 00:00:00+00:00,0.09851586818695068,25.545568466186523,3.405948128340176,25.404897689819336
2015-07-12 06:00:00+00:00,0.11335265636444092,25.09135627746582,3.675428084276648,24.907514572143555
2015-07-12 12:00:00+00:00,0.015323281288146973,23.795265197753906,3.653011660113303,23.792062759399414
2015-07-12 18:00:00+00:00,0.003619670867919922,24.26406478881836,3.8963814147406377,24.26387596130371
2015-07-13 00:00:00+00:00,0.13894915580749512,23.632129669189453,3.893215155422337,23.360300064086914
2015-07-13 06:00:00+00:00,0.020578384399414062,26.49510383605957,3.6528287500056225,26.488752365112305
2015-07-13 12:00:00+00:00,0.13177096843719482,22.46627426147461,3.816370972783694,22.236467361450195
2015-07-13 18:00:00+00:00,0.005229949951171875,22.69973373413086,3.9381349842718647,22.699344635009766
2015-07-14 00:00:00+00:00,0.1087489128112793,25.670913696289062,3.596084779281316,25.496448516845703
2015-07-14 06:00:00+00:00,0.19067811965942383,24.786334991455078,3.805626687252945,24.267478942871094
2015-07-14 12:00:00+00:00,0.04234755039215088,19.84317970275879,4.128639324708156,19.820514678955078
2015-07-14 18:00:00+00:00,0.3279613256454468,26.337846755981445,3.773928283612078,24.709848403930664
2015-07-15 00:00:00+00:00,0.425174355506897,72.97432708740234,3.4845066418045167,67.90399169921875
2015-07-15 06:00:00+00:00,0.505867600440979,89.67445373535156,3.2826129279832132,82.94036865234375
2015-07-15 12:00:00+00:00,0.8540019989013672,492.0329895019531,2.617947031732065,427.5750427246094
2015-07-15 18:00:00+00:00,0.7502338886260986,318.5479736328125,2.6389049522957855,292.1365966796875
2015-07-16 00:00:00+00:00,0.44339466094970703,58.7850227355957,2.9780739844563593,56.02619171142578
2015-07-16 06:00:00+00:00,0.33230674266815186,114.74337005615234,2.3353016779044724,112.84190368652344
2015-07-16 12:00:00+00:00,0.3586728572845459,117.76683807373047,2.224182213801412,115.44314575195312
2015-07-16 18:00:00+00:00,0.42229163646698,93.65498352050781,2.4183140080137333,89.75285339355469
2015-07-17 00:00:00+00:00,0.35471129417419434,84.57036590576172,2.7937967285212224,81.78937530517578
2015-07-17 06:00:00+00:00,0.5208523273468018,137.16184997558594,2.517013863717315,129.74917602539062
2015-07-17 12:00:00+00:00,0.5419913530349731,332.806640625,2.0712529947860303,322.1847839355469
2015-07-17 18:00:00+00:00,0.29537534713745117,55.1347770690918,2.7917773424784107,53.481937408447266
2015-07-18 00:00:00+00:00,0.21729326248168945,76.71310424804688,2.4791030763673376,75.78947448730469
2015-07-18 06:00:00+00:00,0.27616238594055176,76.49937438964844,2.396837743439179,74.91866302490234
2015-07-18 12:00:00+00:00,0.24452459812164307,61.34629821777344,2.2630522592706765,60.302215576171875
2015-07-18 18:00:00+00:00,0.1907562017440796,48.882118225097656,2.4937284281701526,48.26142120361328
2015-07-19 00:00:00+00:00,0.1754854917526245,40.286460876464844,2.678643220429756,39.783443450927734
2015-07-19 06:00:00+00:00,0.22803568840026855,38.97036361694336,2.609429238026066,38.15437316894531
2015-07-19 12:00:00+00:00,0.13224267959594727,33.66426467895508,3.1215708673334293,33.39658737182617
2015-07-19 18:00:00+00:00,0.12064528465270996,45.28253173828125,2.6237892306661084,45.02360534667969
2015-07-20 00:00:00+00:00,0.23159372806549072,40.364776611328125,2.7926684608946624,39.45167922973633
2015-07-20 06:00:00+00:00,0.147322416305542,45.27790069580078,2.273679939842666,44.898475646972656
2015-07-20 12:00:00+00:00,0.16127562522888184,40.3097038269043,2.4748337673547267,39.908443450927734
2015-07-20 18:00:00+00:00,0.2327941656112671,53.05146026611328,2.518477263476762,52.060062408447266
2015-07-21 00:00:00+00:00,0.1488415002822876,51.42571258544922,2.5234854740608217,51.02124786376953
2015-07-21 06:00:00+00:00,0.21300733089447021,45.68452072143555,2.738848530810936,44.88712692260742
2015-07-21 12:00:00+00:00,0.21108925342559814,37.69488525390625,2.962811966410405,37.0267219543457
2015-07-21 18:00:00+00:00,0.19573545455932617,54.01815414428711,2.2319454720334497,53.35823440551758
2015-07-22 00:00:00+00:00,0.1732945442199707,63.777565002441406,2.2659116104490513,63.228885650634766
2015-07-22 06:00:00+00:00,0.19005334377288818,54.6436882019043,2.3081875886051844,53.94411087036133
2015-07-22 12:00:00+00:00,0.20481657981872559,66.6182861328125,1.894745364618759,65.83563232421875
2015-07-23 00:00:00+00:00,0.2496877908706665,55.842716217041016,2.544180463165498,54.75333023071289
2015-07-23 06:00:00+00:00,0.17380809783935547,43.78314971923828,2.5636944262586194,43.25074768066406
2015-07-23 12:00:00+00:00,0.13188433647155762,35.3225212097168,2.5785415493199766,35.06084442138672
2015-07-23 18:00:00+00:00,0.14258027076721191,50.43555450439453,2.499933476930108,50.07675552368164
2015-07-24 00:00:00+00:00,0.15075969696044922,45.594749450683594,2.4016198846444223,45.21650314331055
2015-07-24 06:00:00+00:00,0.19040274620056152,60.24068069458008,2.00045098531952,59.58099365234375
2015-07-24 12:00:00+00:00,0.22570455074310303,113.90379333496094,1.8472348057288048,112.86697387695312
2015-07-24 18:00:00+00:00,0.167763352394104,58.14858627319336,2.07186529991625,57.671268463134766
2015-07-25 00:00:00+00:00,0.2622213363647461,87.62174987792969,2.1931333569377243,86.32561492919922
2015-07-25 06:00:00+00:00,0.22140169143676758,90.50349426269531,1.9186287028127764,89.53990936279297
2015-07-25 12:00:00+00:00,0.20247173309326172,66.69853973388672,2.368829116892769,65.9124984741211
2015-07-25 18:00:00+00:00,0.1336883306503296,43.532901763916016,2.595076417609663,43.225711822509766
2015-07-26 00:00:00+00:00,0.0789041519165039,38.303768157958984,2.5152996654954114,38.205631256103516
2015-07-26 06:00:00+00:00,0.035694658756256104,36.918888092041016,2.8279996977645783,36.897621154785156
2015-07-26 12:00:00+00:00,0.002592146396636963,119.0949935913086,1.414471361948066,119.0948715209961
2015-07-26 18:00:00+00:00,0.10138142108917236,29.75216293334961,3.2413745179197404,29.589231491088867
2015-07-27 00:00:00+00:00,0.23945200443267822,304.9183349609375,1.2284302082862504,303.8448181152344
2015-07-27 06:00:00+00:00,0.18938469886779785,139.6973876953125,1.4547398681471038,139.07347106933594
2015-07-27 12:00:00+00:00,0.10862898826599121,31.19489860534668,3.1446431348672483,31.00647735595703
2015-07-27 18:00:00+00:00,0.2936757802963257,218.49124145507812,1.266222551733565,216.75473022460938
2015-07-28 00:00:00+00:00,0.27130818367004395,45.84483337402344,2.9120279368327586,44.365394592285156
2015-07-28 06:00:00+00:00,0.32122743129730225,63.35962677001953,2.642467075760029,61.10513687133789
2015-07-28 12:00:00+00:00,0.3188936710357666,51.4123420715332,2.833858080542124,49.488197326660156
2015-07-28 18:00:00+00:00,0.22964739799499512,279.9543762207031,1.1116319254173626,278.47528076171875
2015-07-29 00:00:00+00:00,0.34255683422088623,333.8230285644531,1.1460400609722488,330.06439208984375
2015-07-29 06:00:00+00:00,0.3765432834625244,119.16271209716797,2.435687122924709,115.628662109375
2015-07-29 12:00:00+00:00,0.3067457675933838,69.05538940429688,2.4579963527680486,67.03240203857422
2015-07-29 18:00:00+00:00,0.35925912857055664,63.66337585449219,2.905416791788928,60.526954650878906
2015-07-30 00:00:00+00:00,0.33179306983947754,154.20831298828125,1.6186792995925066,151.60206604003906
2015-07-30 06:00:00+00:00,0.38013482093811035,101.7535629272461,2.3550634933468624,98.0566177368164
2015-07-30 12:00:00+00:00,0.343600869178772,172.62649536132812,1.5982396663435332,169.88185119628906
2015-07-30 18:00:00+00:00,0.3816484808921814,90.92863464355469,2.454995193635756,87.2602767944336
2015-07-31 00:00:00+00:00,0.3569777011871338,91.34805297851562,2.535692851202851,87.96981048583984
2015-07-31 06:00:00+00:00,0.32707762718200684,63.60475540161133,3.077276770389676,61.0489501953125
2015-07-31 12:00:00+00:00,0.39500951766967773,167.75808715820312,1.6065174104041522,163.77337646484375
2015-07-31 18:00:00+00:00,0.3379923105239868,83.16484832763672,2.4508059463335723,80.30043029785156
2015-08-01 00:00:00+00:00,0.3836401104927063,85.23440551757812,2.6121691499088855,81.38745880126953
2015-08-01 06:00:00+00:00,0.2935892939567566,175.72494506835938,1.4198783658233387,173.24290466308594
2015-08-01 12:00:00+00:00,0.3150734305381775,55.661067962646484,2.761315476071709,53.524200439453125
2015-08-01 18:00:00+00:00,0.34170639514923096,68.79643249511719,2.8825459841473786,65.78421020507812
2015-08-02 00:00:00+00:00,0.3189123868942261,48.28862762451172,3.1519894290070614,46.163082122802734
2015-08-02 06:00:00+00:00,0.35098379850387573,61.67592239379883,2.979439431101409,58.94973373413086
2015-08-02 12:00:00+00:00,0.28133511543273926,55.899200439453125,2.5679143495152053,54.387359619140625
2015-08-02 18:00:00+00:00,0.28816699981689453,102.98780822753906,2.2043018441691276,101.09122467041016
2015-08-03 00:00:00+00:00,0.0036710500717163086,35.787818908691406,3.4327995923859684,35.78756332397461
2015-08-03 06:00:00+00:00,0.19060516357421875,37.300987243652344,3.598650667802184,36.589080810546875
2015-08-03 12:00:00+00:00,0.059883177280426025,34.39098358154297,3.451518150410143,34.32261276245117
2015-08-03 18:00:00+00:00,0.20113712549209595,36.7278938293457,3.8155000710066322,35.91969680786133
2015-08-04 00:00:00+00:00,0.11599951982498169,32.56193923950195,3.4919558430300595,32.32701873779297
2015-08-04 06:00:00+00:00,0.18912506103515625,36.23101806640625,3.2073513708426153,35.63242721557617
2015-08-04 12:00:00+00:00,0.13459652662277222,32.17006301879883,3.5614596001513528,31.839040756225586
2015-08-04 18:00:00+00:00,0.10698121786117554,34.98881149291992,3.59013737005104,34.764732360839844
2015-08-05 00:00:00+00:00,0.03331476449966431,32.85847091674805,3.2195430603900195,32.83876419067383
2015-08-05 06:00:00+00:00,0.04947781562805176,30.58083152770996,3.710128089122212,30.540115356445312
2015-08-05 12:00:00+00:00,0.1696116328239441,212.17320251464844,1.4549295787706076,211.63458251953125
2015-08-05 18:00:00+00:00,0.11596417427062988,51.71092224121094,2.4682321379592875,51.47465896606445
2015-08-06 00:00:00+00:00,0.018708407878875732,34.85991287231445,2.947837842818431,34.85386276245117
2015-08-06 06:00:00+00:00,0.18953722715377808,239.88609313964844,1.5288164042883368,239.129150390625
2015-08-06 12:00:00+00:00,0.1163070797920227,37.66133117675781,2.8703873216687086,37.43592834472656
2015-08-06 18:00:00+00:00,0.034542977809906006,27.754098892211914,3.8190233917764767,27.7353572845459
2015-08-07 00:00:00+00:00,0.15980708599090576,30.14474868774414,3.114179100325261,29.757478713989258
2015-08-07 06:00:00+00:00,0.11804819107055664,32.718910217285156,3.606017204954316,32.46299362182617
2015-08-07 12:00:00+00:00,0.0603560209274292,31.467382431030273,3.117814215182315,31.409690856933594
2015-08-07 18:00:00+00:00,0.053189992904663086,30.048965454101562,3.6269652736009634,30.001171112060547
2015-08-08 00:00:00+00:00,0.11516863107681274,29.958538055419922,3.557553934092379,29.740230560302734
2015-08-08 06:00:00+00:00,0.0796651840209961,30.870376586914062,3.5205753102888226,30.763803482055664
2015-08-08 12:00:00+00:00,0.011519551277160645,30.855323791503906,3.330863735827076,30.8531494140625
2015-08-08 18:00:00+00:00,0.0020990371704101562,28.40152931213379,3.5024938840389934,28.401464462280273
2015-08-09 00:00:00+00:00,0.1274634599685669,27.674190521240234,3.644593687928505,27.422473907470703
2015-08-09 06:00:00+00:00,0.006362318992614746,25.12244987487793,3.6477290687587174,25.12186050415039
2015-08-09 12:00:00+00:00,0.05105102062225342,25.973896026611328,3.4305591874979013,25.937557220458984
2015-08-09 18:00:00+00:00,0.09070253372192383,26.04281997680664,3.346588292348231,25.925621032714844
2015-08-10 00:00:00+00:00,0.08123409748077393,26.43303108215332,3.2109176565882422,26.34349250793457
2015-08-10 06:00:00+00:00,0.217521071434021,37.69032669067383,2.6700709960908218,36.96349334716797
2015-08-10 12:00:00+00:00,0.23445820808410645,75.20614624023438,2.3117287930838213,74.2273178100586
2015-08-10 18:00:00+00:00,0.33912229537963867,111.7346420288086,2.0760880118619967,109.23491668701172
2015-08-11 00:00:00+00:00,0.3570079803466797,87.70543670654297,2.351633731878772,85.1662826538086
2015-08-11 06:00:00+00:00,0.18545031547546387,267.6376647949219,0.9725636941749367,266.8970031738281
2015-08-11 12:00:00+00:00,0.2690526247024536,57.82033920288086,2.2962839530684893,56.70037841796875
2015-08-11 18:00:00+00:00,0.35054588317871094,142.85733032226562,1.8067305398247104,140.30406188964844
2015-08-12 00:00:00+00:00,0.2934913635253906,63.03278350830078,2.5138584983578696,61.482994079589844
2015-08-12 06:00:00+00:00,0.28027045726776123,62.83761978149414,2.166713988713682,61.389434814453125
2015-08-12 12:00:00+00:00,0.2944403886795044,111.83845520019531,1.7814089679869074,110.28475952148438
2015-08-12 18:00:00+00:00,0.3099592924118042,69.29166412353516,1.9681847559779264,67.53213500976562
2015-08-13 00:00:00+00:00,0.3175143003463745,95.6776351928711,1.6946318691720623,93.85649871826172
2015-08-13 06:00:00+00:00,0.3234981298446655,70.10279083251953,2.0783446969003316,68.20707702636719
2015-08-13 12:00:00+00:00,0.36624181270599365,86.87969970703125,2.186028429967754,84.26278686523438
2015-08-13 18:00:00+00:00,0.30317604541778564,76.43392181396484,2.4200569523006203,74.52145385742188
2015-08-14 00:00:00+00:00,0.2655225992202759,98.42962646484375,1.4372166320531852,97.15068817138672
2015-08-14 06:00:00+00:00,0.24008727073669434,341.8411865234375,0.8793909594905194,340.4659423828125
2015-08-14 12:00:00+00:00,0.2720679044723511,135.81163024902344,1.1807252319352353,134.34051513671875
2015-08-14 18:00:00+00:00,0.32437658309936523,71.97513580322266,2.1508024109683634,69.96266174316406
2015-08-15 00:00:00+00:00,0.33791565895080566,110.87666320800781,2.1989236656269187,108.37748718261719
2015-08-15 06:00:00+00:00,0.18541502952575684,151.01661682128906,1.1400757155468852,150.3263397216797
2015-08-15 12:00:00+00:00,0.22540104389190674,38.48218536376953,2.9051757540383623,37.67439270019531
2015-08-15 18:00:00+00:00,0.16524553298950195,39.997066497802734,2.905672969901488,39.54684066772461
2015-08-16 00:00:00+00:00,0.20375168323516846,54.767433166503906,2.5229696069223744,54.045257568359375
2015-08-16 06:00:00+00:00,0.18481910228729248,44.319091796875,2.5282957047789445,43.77874755859375
2015-08-16 12:00:00+00:00,0.2600579261779785,44.823463439941406,2.3458603359894106,43.790184020996094
2015-08-16 18:00:00+00:00,0.23930752277374268,67.07074737548828,1.9649941966069995,66.10569763183594
2015-08-17 00:00:00+00:00,0.24637627601623535,47.730491638183594,2.4223572072244512,46.724491119384766
2015-08-17 06:00:00+00:00,0.2601979970932007,61.19546890258789,2.1888946804786142,59.94501876831055
2015-08-17 12:00:00+00:00,0.25011587142944336,52.15885543823242,2.190764165053272,51.19862365722656
2015-08-17 18:00:00+00:00,0.2773780822753906,59.50366973876953,2.349773635050567,58.10928726196289
2015-08-18 00:00:00+00:00,0.22376155853271484,71.45466613769531,1.7188787098062268,70.543701171875
2015-08-18 06:00:00+00:00,0.26627302169799805,69.01617431640625,1.942146897525541,67.72364044189453
2015-08-18 12:00:00+00:00,0.25919973850250244,61.518035888671875,1.6751201062591528,60.47215270996094
2015-08-18 18:00:00+00:00,0.26771223545074463,75.79563903808594,1.987121917682568,74.41279602050781
2015-08-19 00:00:00+00:00,0.2789597511291504,59.69035720825195,2.37947636147082,58.34326934814453
2015-08-19 06:00:00+00:00,0.23679125308990479,75.89350891113281,1.7203583159143834,74.862060546875
2015-08-19 12:00:00+00:00,0.2724630832672119,53.687538146972656,2.2145015048173247,52.53398132324219
2015-08-19 18:00:00+00:00,0.23141109943389893,60.316436767578125,2.1589583368424186,59.32356643676758
2015-08-20 00:00:00+00:00,0.21923553943634033,69.01469421386719,2.1030220313787655,68.18905639648438
2015-08-20 06:00:00+00:00,0.2487238645553589,80.93399810791016,1.9802385505444584,79.65095520019531
2015-08-20 12:00:00+00:00,0.23090851306915283,59.28757095336914,2.17772299488842,58.39759063720703
2015-08-20 18:00:00+00:00,0.1763249635696411,48.82402801513672,2.46452721241803,48.25360870361328
2015-08-21 00:00:00+00:00,0.17884469032287598,47.12635803222656,1.997813366345204,46.64952087402344
2015-08-21 06:00:00+00:00,0.20947086811065674,73.28034210205078,1.9389406659857986,72.38436889648438
2015-08-21 12:00:00+00:00,0.1288055181503296,51.9112434387207,1.8242917089212987,51.62850570678711
2015-08-21 18:00:00+00:00,0.10522747039794922,46.90625762939453,2.2140534147206887,46.70081329345703
2015-08-22 00:00:00+00:00,0.1351022720336914,41.45259475708008,2.604986066990068,41.150611877441406
2015-08-22 06:00:00+00:00,0.15672504901885986,82.581787109375,1.7522974291786935,82.06615447998047
2015-08-22 12:00:00+00:00,0.2056947946548462,103.27020263671875,1.6838164832904656,102.41084289550781
2015-08-22 18:00:00+00:00,0.20496416091918945,118.0823974609375,1.8350309414524524,117.01567077636719
2015-08-23 00:00:00+00:00,0.2217237949371338,93.3375473022461,2.121585726255182,92.11674499511719
2015-08-23 06:00:00+00:00,0.1484299898147583,137.29473876953125,1.7892381249875229,136.66441345214844
2015-08-23 12:00:00+00:00,0.14287817478179932,139.2473602294922,1.7168711416555724,138.70274353027344
2015-08-23 18:00:00+00:00,0.04202842712402344,120.00810241699219,1.9642691445925315,119.95942687988281
2015-08-24 00:00:00+00:00,0.06731051206588745,148.72218322753906,1.6649238854083235,148.5953369140625
2015-08-24 06:00:00+00:00,0.049575090408325195,97.03497314453125,2.154919078882086,96.97130584716797
2015-08-24 12:00:00+00:00,0.18623584508895874,80.51519775390625,2.5557308231896703,79.6778335571289
2015-08-24 18:00:00+00:00,0.21737003326416016,90.59317016601562,2.3050525133751587,89.35289764404297
2015-08-25 00:00:00+00:00,0.24192911386489868,115.26923370361328,1.7560405003075725,113.78911590576172
2015-08-25 06:00:00+00:00,0.3254473805427551,113.51403045654297,2.2264777866634495,110.58323669433594
2015-08-25 12:00:00+00:00,0.25159895420074463,63.2096061706543,2.422399557790276,61.95694351196289
2015-08-25 18:00:00+00:00,0.32414644956588745,142.51417541503906,1.8507097102610777,139.6773223876953
2015-08-26 00:00:00+00:00,0.32285749912261963,125.55778503417969,1.8126784713922404,123.08944702148438
2015-08-26 06:00:00+00:00,0.37153613567352295,122.75338745117188,1.9430961305565928,119.24253845214844
2015-08-26 12:00:00+00:00,0.3406602144241333,91.64847564697266,1.8199350147378306,89.3307876586914
2015-08-26 18:00:00+00:00,0.31849849224090576,89.3089828491211,1.9941316924192944,86.85753631591797
2015-08-27 00:00:00+00:00,0.32173073291778564,82.55107879638672,1.757233118312971,80.28986358642578
2015-08-27 06:00:00+00:00,0.18427598476409912,40.02080535888672,2.8005191305256374,39.38907241821289
2015-08-27 12:00:00+00:00,0.29074913263320923,68.91195678710938,1.9053310374777859,67.28681945800781
2015-08-27 18:00:00+00:00,0.27455008029937744,103.99637603759766,1.9769101642383868,102.01578521728516
2015-08-28 00:00:00+00:00,0.2521955370903015,124.0614242553711,1.8579470298036687,122.4749984741211
2015-08-28 06:00:00+00:00,0.20391613245010376,117.20569610595703,1.7194841523007232,116.12016296386719
2015-08-28 12:00:00+00:00,0.17388302087783813,95.23572540283203,1.8601308050403724,94.58988189697266
2015-08-28 18:00:00+00:00,0.13566064834594727,77.27680969238281,1.9432060585708688,76.84258270263672
2015-08-29 00:00:00+00:00,0.13898402452468872,84.07972717285156,1.984652270823261,83.63214111328125
2015-08-29 06:00:00+00:00,0.11411088705062866,93.85589599609375,1.9948028167138516,93.55860137939453
2015-08-29 12:00:00+00:00,0.1181570291519165,121.49925231933594,1.2855803395603982,121.20439910888672
2015-08-29 18:00:00+00:00,0.004059910774230957,76.13386535644531,2.0664004530904725,76.13350677490234
2015-08-30 00:00:00+00:00,0.071616530418396,85.71934509277344,1.7795618142432852,85.6177978515625
2015-08-30 06:00:00+00:00,0.10312032699584961,62.070892333984375,2.307858530741972,61.864845275878906
2015-08-30 12:00:00+00:00,0.05036568641662598,54.955745697021484,2.237090882170116,54.91162109375
2015-08-30 18:00:00+00:00,0.10995113849639893,74.0778579711914,2.279813589204646,73.81935119628906
2015-08-31 00:00:00+00:00,0.1493372917175293,66.45809936523438,2.5753057754535367,66.01193237304688
2015-08-31 06:00:00+00:00,0.22151148319244385,98.94268035888672,2.126094100663873,97.83256530761719
2015-08-31 12:00:00+00:00,0.2618478536605835,48.63410186767578,2.3968044201683973,47.58610153198242
2015-08-31 18:00:00+00:00,0.3451542854309082,70.94374084472656,2.8269419069561943,68.45753479003906
2015-09-01 00:00:00+00:00,0.29688966274261475,71.26506042480469,2.2973400504883856,69.68218231201172
2015-09-01 06:00:00+00:00,0.27665257453918457,38.468509674072266,3.22354054907172,37.13521957397461
2015-09-01 12:00:00+00:00,0.29389238357543945,62.60480499267578,2.4700870560789356,60.941768646240234
2015-09-01 18:00:00+00:00,0.21748197078704834,45.563026428222656,2.659789183093225,44.7362174987793
2015-09-02 00:00:00+00:00,0.17549526691436768,47.27864074707031,2.5265660165004094,46.76814270019531
2015-09-02 06:00:00+00:00,0.19831788539886475,61.91703796386719,2.0026469947091226,61.220375061035156
2015-09-02 12:00:00+00:00,0.21065902709960938,48.035003662109375,2.4356769146527792,47.34554672241211
2015-09-02 18:00:00+00:00,0.24897372722625732,49.71720886230469,2.8364243745417164,48.622135162353516
2015-09-03 00:00:00+00:00,0.25192058086395264,47.78593063354492,2.479266958415899,46.704551696777344
2015-09-03 06:00:00+00:00,0.26211559772491455,54.83229064941406,2.3568225443209414,53.676292419433594
2015-09-03 12:00:00+00:00,0.28762316703796387,46.11188888549805,2.588855592783507,44.81334686279297
2015-09-03 18:00:00+00:00,0.26224076747894287,51.5983772277832,2.604136686452285,50.42124557495117
2015-09-04 00:00:00+00:00,0.2637673616409302,56.088932037353516,2.558223613239319,54.83981704711914
2015-09-04 06:00:00+00:00,0.3279978036880493,80.56402587890625,2.152702243972424,78.2651138305664
2015-09-04 12:00:00+00:00,0.28160881996154785,58.067745208740234,2.6056978521359953,56.62816619873047
2015-09-04 18:00:00+00:00,0.26443350315093994,52.2191162109375,2.531223328220584,50.926666259765625
2015-09-05 00:00:00+00:00,0.17364370822906494,83.12236022949219,1.4201845438047285,82.55699920654297
2015-09-05 06:00:00+00:00,0.1497734785079956,41.861480712890625,2.3616313324932943,41.481014251708984
2015-09-05 12:00:00+00:00,0.16714751720428467,40.26559829711914,2.2530691970087444,39.80841064453125
2015-09-05 18:00:00+00:00,0.21387624740600586,50.50135040283203,2.2082754240414797,49.67092514038086
2015-09-06 00:00:00+00:00,0.22880947589874268,75.72692108154297,1.7879864431252401,74.71318054199219
2015-09-06 06:00:00+00:00,0.24886798858642578,70.00939178466797,2.25884915396186,68.79181671142578
2015-09-06 12:00:00+00:00,0.2340449094772339,67.52369689941406,2.078414207249999,66.5530776977539
2015-09-06 18:00:00+00:00,0.27424752712249756,67.17041015625,2.2685877274019504,65.76679992675781
2015-09-07 00:00:00+00:00,0.290829062461853,81.75936889648438,1.8054628681455631,80.18335723876953
2015-09-07 06:00:00+00:00,0.2604726552963257,63.67810821533203,2.1706380933750533,62.47133255004883
2015-09-07 12:00:00+00:00,0.22549903392791748,50.430267333984375,2.2739008022283893,49.60793685913086
2015-09-07 18:00:00+00:00,0.35979413986206055,143.0242462158203,1.605758053187727,140.02239990234375
2015-09-08 00:00:00+00:00,0.35020530223846436,73.24568939208984,2.1759896776594276,70.8114242553711
2015-09-08 06:00:00+00:00,0.3468846082687378,92.91450500488281,1.9102316681025724,90.6724853515625
2015-09-08 12:00:00+00:00,0.40143537521362305,111.78980255126953,1.549899851405835,108.97418212890625
2015-09-08 18:00:00+00:00,0.374237060546875,128.5970458984375,1.8467808828558752,125.40287780761719
2015-09-09 00:00:00+00:00,0.36155080795288086,98.64413452148438,1.9334341034155684,95.915771484375
2015-09-09 06:00:00+00:00,0.3237041234970093,345.8330383300781,0.43614886368358,343.4324645996094
2015-09-09 12:00:00+00:00,0.35136938095092773,87.73194122314453,1.6921455465920927,85.6027603149414
2015-09-09 18:00:00+00:00,0.3691716194152832,107.49363708496094,1.8869179125803623,104.518310546875
2015-09-10 00:00:00+00:00,0.3510473966598511,88.26304626464844,1.5096904266834248,85.9553451538086
2015-09-10 06:00:00+00:00,0.32088375091552734,83.38587951660156,2.143697443631882,81.25210571289062
2015-09-10 12:00:00+00:00,0.35228395462036133,80.81278991699219,2.0068729196085244,78.49830627441406
2015-09-10 18:00:00+00:00,0.35541701316833496,92.90235900878906,1.9682568021246079,90.09589385986328
2015-09-11 00:00:00+00:00,0.33792316913604736,99.68750762939453,1.8495938174209823,97.27255249023438
2015-09-11 06:00:00+00:00,0.3262326717376709,88.37371063232422,1.8890306216954098,86.0062026977539
2015-09-11 12:00:00+00:00,0.2905571460723877,132.00245666503906,1.0376513338488371,130.31005859375
2015-09-11 18:00:00+00:00,0.31603097915649414,79.96721649169922,1.9832155736238462,77.83493041992188
2015-09-12 00:00:00+00:00,0.27758467197418213,61.433143615722656,2.324463415934361,59.96336364746094
2015-09-12 06:00:00+00:00,0.2912980318069458,53.51527404785156,2.5260517995564555,51.925514221191406
2015-09-12 12:00:00+00:00,0.2730860710144043,64.7089614868164,2.1929032251065763,63.36793518066406
2015-09-12 18:00:00+00:00,0.28031790256500244,82.69524383544922,1.9782002146040631,81.07720947265625
2015-09-13 00:00:00+00:00,0.2737915515899658,79.40320587158203,1.7083495275373375,77.95301818847656
2015-09-13 06:00:00+00:00,0.28950440883636475,86.33568572998047,2.017694521789326,84.66422271728516
2015-09-13 12:00:00+00:00,0.30109572410583496,75.88518524169922,1.7285737196302804,74.27952575683594
2015-09-13 18:00:00+00:00,0.2430051565170288,83.87187957763672,1.103112351450925,82.80445098876953
2015-09-14 00:00:00+00:00,0.2583271265029907,73.4765625,1.607172716608537,72.26941680908203
2015-09-14 06:00:00+00:00,0.2251589298248291,62.063026428222656,2.030415964620386,61.14920425415039
2015-09-14 12:00:00+00:00,0.22060132026672363,70.3094711303711,1.1376773187755527,69.50428009033203
2015-09-14 18:00:00+00:00,0.24055838584899902,58.75410079956055,2.1259238748378375,57.667640686035156
2015-09-15 00:00:00+00:00,0.22213685512542725,60.43496322631836,1.8987795737652198,59.57786178588867
2015-09-15 06:00:00+00:00,0.2090599536895752,65.5650863647461,1.84767140167387,64.77385711669922
2015-09-15 12:00:00+00:00,0.2203528881072998,61.03901672363281,2.023243803231899,60.21930694580078
2015-09-15 18:00:00+00:00,0.2679654359817505,69.93525695800781,1.9865934869315982,68.53767395019531
2015-09-16 00:00:00+00:00,0.2507181167602539,69.92341613769531,2.149851758081936,68.81741333007812
2015-09-16 06:00:00+00:00,0.25680017471313477,75.36302947998047,2.1989062922654927,74.05906677246094
2015-09-16 12:00:00+00:00,0.2675199508666992,54.318355560302734,2.144946746344825,53.133766174316406
2015-09-16 18:00:00+00:00,0.2688784599304199,75.01080322265625,2.037941553720689,73.50096130371094
2015-09-17 00:00:00+00:00,0.2665252685546875,63.98392868041992,2.20690718789969,62.692039489746094
2015-09-17 06:00:00+00:00,0.2645120620727539,89.16797637939453,1.9166006426806677,87.4791488647461
2015-09-17 12:00:00+00:00,0.21661782264709473,84.60095977783203,2.0280926072707888,83.59123992919922
2015-09-17 18:00:00+00:00,0.23648154735565186,83.66474151611328,2.2014307161666804,82.43682861328125
2015-09-18 00:00:00+00:00,0.21314775943756104,61.20224380493164,1.8995811512853789,60.383995056152344
2015-09-18 06:00:00+00:00,0.20423650741577148,54.32445526123047,2.5831767452274725,53.42639923095703
2015-09-18 12:00:00+00:00,0.11561775207519531,70.97157287597656,2.463302104251734,70.6558837890625
2015-09-18 18:00:00+00:00,0.047060608863830566,83.06511688232422,2.355035058113491,83.01368713378906
2015-09-19 00:00:00+00:00,0.0024355649948120117,88.1079330444336,2.1496123732958923,88.1077880859375
2015-09-19 06:00:00+00:00,0.116729736328125,95.25883483886719,2.3474347589066062,94.9131851196289
2015-09-19 12:00:00+00:00,0.16033965349197388,102.70574188232422,2.0869881964311343,102.10554504394531
2015-09-19 18:00:00+00:00,0.21665894985198975,115.52584075927734,1.8650786960211452,114.3361587524414
2015-09-20 00:00:00+00:00,0.3730766177177429,136.6361541748047,1.893973615190804,133.05746459960938
2015-09-20 06:00:00+00:00,0.3935335874557495,142.6709442138672,1.7653198082747956,138.65863037109375
2015-09-20 12:00:00+00:00,0.378656268119812,108.20671081542969,2.308816642685888,104.5075912475586
2015-09-20 18:00:00+00:00,0.37764841318130493,140.2528839111328,2.0447920874295518,136.51512145996094
2015-09-21 00:00:00+00:00,0.5093689858913422,203.7794189453125,2.0003378832817216,195.0693359375
2015-09-21 06:00:00+00:00,0.5462676882743835,253.62738037109375,1.7933108254840284,242.94749450683594
2015-09-21 12:00:00+00:00,0.4586002230644226,138.6508026123047,2.013284364820584,133.45985412597656
2015-09-21 18:00:00+00:00,0.4290826916694641,129.1766357421875,1.8200521047722928,124.1816635131836
2015-09-22 00:00:00+00:00,0.43356645107269287,122.92062377929688,2.255219724627316,118.3196792602539
2015-09-22 06:00:00+00:00,0.4767683744430542,109.73332214355469,2.516607163927565,104.07978820800781
2015-09-22 12:00:00+00:00,0.4568856358528137,136.59359741210938,1.981143320903714,131.7582550048828
2015-09-22 18:00:00+00:00,0.5009553134441376,239.27720642089844,1.6841920929921679,231.36029052734375
2015-09-23 00:00:00+00:00,0.405548632144928,96.95664978027344,2.485627013109776,92.88336181640625
2015-09-23 06:00:00+00:00,0.4491812586784363,207.0012969970703,1.6206748626806424,200.56671142578125
2015-09-23 12:00:00+00:00,0.38608086109161377,128.69151306152344,1.8217031837704174,125.21724700927734
2015-09-23 18:00:00+00:00,0.417372465133667,173.0470733642578,1.830378333919356,167.65293884277344
2015-09-24 00:00:00+00:00,0.3937990665435791,180.14468383789062,1.7767845720707558,175.59423828125
2015-09-24 06:00:00+00:00,0.4498276710510254,106.77078247070312,2.3209630319731884,100.78044128417969
2015-09-24 12:00:00+00:00,0.3864098787307739,99.90186309814453,2.344468062400739,96.00389862060547
2015-09-24 18:00:00+00:00,0.3598140478134155,151.74644470214844,2.295521597638481,147.9473419189453
2015-09-25 00:00:00+00:00,0.15285766124725342,35.84801483154297,3.1352680986843198,35.42755889892578
2015-09-25 06:00:00+00:00,0.34755051136016846,78.55647277832031,2.762760020284447,75.45298767089844
2015-09-25 12:00:00+00:00,0.32296860218048096,57.077884674072266,2.9923313223644064,54.7645149230957
2015-09-25 18:00:00+00:00,0.2417634129524231,37.61203384399414,3.3550447948713464,36.56571960449219
2015-09-26 00:00:00+00:00,0.2205938696861267,34.7928352355957,3.2657091580808277,33.99287033081055
2015-09-26 06:00:00+00:00,0.09596192836761475,33.1514892578125,3.8541190416410553,32.97052001953125
2015-09-26 12:00:00+00:00,0.09752023220062256,26.100400924682617,3.7343873884966357,25.94993782043457
2015-09-26 18:00:00+00:00,0.20504432916641235,26.881786346435547,3.824265313655698,26.21510124206543
2015-09-27 00:00:00+00:00,0.1811947226524353,21.003644943237305,3.7635335408828405,20.587614059448242
2015-09-27 06:00:00+00:00,0.6290737390518188,6609.095703125,0.8268169910720059,6550.39990234375
2015-09-27 12:00:00+00:00,0.7421011924743652,14642.4560546875,0.647309946684132,14529.310546875
2015-09-27 18:00:00+00:00,0.4305001497268677,7666.99462890625,0.8754315431007266,7637.4990234375
2015-09-28 00:00:00+00:00,0.36491620540618896,361.5513000488281,1.959635809822878,357.8539733886719
2015-09-28 06:00:00+00:00,0.15265077352523804,23.953125,3.9495462753446358,23.615673065185547
2015-09-28 12:00:00+00:00,0.5407619774341583,754.6067504882812,1.9581024315557538,738.7551879882812
2015-09-28 18:00:00+00:00,0.09863853454589844,25.61029815673828,3.5636428037400973,25.447486877441406
2015-09-29 00:00:00+00:00,0.8856026008725166,4213.79296875,1.3023331277264032,4069.021728515625
2015-09-29 06:00:00+00:00,0.6389920711517334,13.711566925048828,3.383739248713866,10.512811660766602
2015-09-29 12:00:00+00:00,0.13633942604064941,24.568065643310547,3.76232419186367,24.28249740600586
2015-09-29 18:00:00+00:00,0.2986132502555847,28.859086990356445,3.566397976455163,27.547624588012695
2015-09-30 00:00:00+00:00,0.051493167877197266,28.15098762512207,3.6509818695514378,28.10918426513672
2015-09-30 06:00:00+00:00,0.19471919536590576,34.173301696777344,2.9501590984579766,33.537010192871094
2015-09-30 12:00:00+00:00,0.16428101062774658,36.5182991027832,2.5703745226692476,36.09742736816406
2015-09-30 18:00:00+00:00,0.14807379245758057,39.568336486816406,2.796407333460123,39.194732666015625
2015-10-01 00:00:00+00:00,0.19672346115112305,49.70026779174805,2.4842506269455296,48.998348236083984
2015-10-01 06:00:00+00:00,0.20389342308044434,50.512332916259766,2.1308714506875277,49.794795989990234
2015-10-01 12:00:00+00:00,0.15703165531158447,89.67100524902344,1.0996193514446753,89.25751495361328
2015-10-01 18:00:00+00:00,0.23533332347869873,79.79206848144531,1.6021167684345983,78.71138763427734
2015-10-02 00:00:00+00:00,0.13966047763824463,140.10923767089844,1.1035811381883778,139.7252197265625
2015-10-02 06:00:00+00:00,0.23256921768188477,99.70604705810547,1.366808917876018,98.62446594238281
2015-10-02 12:00:00+00:00,0.2537102699279785,91.15422058105469,1.4524076704212885,89.88711547851562
2015-10-02 18:00:00+00:00,0.26103150844573975,60.459754943847656,2.828321151890323,59.16664505004883
2015-10-03 00:00:00+00:00,0.3022037744522095,74.87641906738281,1.996596648297008,73.05936431884766
2015-10-03 06:00:00+00:00,0.2962692975997925,221.38717651367188,0.6868797586096478,219.4710235595703
2015-10-03 12:00:00+00:00,0.30287814140319824,81.90811920166016,2.082328535892162,80.20699310302734
2015-10-03 18:00:00+00:00,0.3392237424850464,88.24806213378906,2.050681008989346,85.74818420410156
2015-10-04 00:00:00+00:00,0.39734673500061035,146.60206604003906,1.7423594730434122,142.88034057617188
2015-10-04 06:00:00+00:00,0.37073421478271484,114.91139221191406,1.9197274351489075,111.93788146972656
2015-10-04 12:00:00+00:00,0.3644484281539917,85.65054321289062,1.8229883405891796,83.21092224121094
2015-10-04 18:00:00+00:00,0.3646286725997925,120.7383804321289,1.784681254386624,117.74786376953125
2015-10-05 00:00:00+00:00,0.3617905378341675,87.40544128417969,2.0700705208636725,84.70751190185547
2015-10-05 06:00:00+00:00,0.3762857913970947,96.2761001586914,1.9679788297683543,93.45854949951172
2015-10-05 12:00:00+00:00,0.3665553331375122,106.37677001953125,1.935720220647155,103.88887023925781
2015-10-05 18:00:00+00:00,0.37860798835754395,156.42657470703125,1.4356293325463836,153.17286682128906
2015-10-06 00:00:00+00:00,0.3868361711502075,105.87728881835938,1.8048966551197339,102.69181823730469
2015-10-06 06:00:00+00:00,0.39873337745666504,108.2192611694336,1.957236438367059,104.7049560546875
2015-10-06 12:00:00+00:00,0.27563905715942383,66.59223175048828,2.1727492191343627,65.27027130126953
2015-10-06 18:00:00+00:00,0.32577788829803467,80.57486724853516,1.5992550451300436,78.48475646972656
2015-10-07 00:00:00+00:00,0.3439450263977051,83.6482162475586,1.810941787187066,81.25886535644531
2015-10-07 06:00:00+00:00,0.33550405502319336,88.90779876708984,2.017914700685037,86.43477630615234
2015-10-07 12:00:00+00:00,0.3443492650985718,88.39171600341797,1.9379390614786878,85.97775268554688
2015-10-08 00:00:00+00:00,0.33903205394744873,96.75289154052734,1.5660831105000432,94.37200164794922
2015-10-08 06:00:00+00:00,0.3342684507369995,92.16275024414062,1.1790067307507548,89.77738952636719
2015-10-08 12:00:00+00:00,0.3439985513687134,61.57272720336914,2.1265447422745805,59.452388763427734
2015-10-08 18:00:00+00:00,0.3230808973312378,73.86560821533203,1.9491645655222736,71.77558898925781
2015-10-09 00:00:00+00:00,0.31250035762786865,71.26744079589844,2.0623431957877196,69.28409576416016
2015-10-09 06:00:00+00:00,0.29543888568878174,84.5390396118164,1.7214871059720611,82.74809265136719
2015-10-09 12:00:00+00:00,0.30801641941070557,86.84054565429688,1.7301894848222943,85.02336120605469
2015-10-09 18:00:00+00:00,0.32114875316619873,81.28206634521484,2.1874279505100747,79.11548614501953
2015-10-10 00:00:00+00:00,0.28236889839172363,69.83915710449219,1.7513408860986004,68.31292724609375
2015-10-10 06:00:00+00:00,0.2736532688140869,71.11490631103516,1.9450198970009898,69.63805389404297
2015-10-10 12:00:00+00:00,0.2531222105026245,54.57951736450195,1.8951677998573389,53.51024627685547
2015-10-10 18:00:00+00:00,0.26163601875305176,88.68313598632812,1.2666877393889262,87.39998626708984
2015-10-11 00:00:00+00:00,0.27444541454315186,85.74944305419922,1.7528366717581574,84.28022003173828
2015-10-11 06:00:00+00:00,0.27063441276550293,74.8034896850586,1.8246065238520763,73.39170837402344
2015-10-11 12:00:00+00:00,0.26043927669525146,69.24444580078125,1.85463199627,68.11239624023438
2015-10-11 18:00:00+00:00,0.26648759841918945,77.44886779785156,1.5979541396477068,76.1715087890625
2015-10-12 00:00:00+00:00,0.24079275131225586,63.23869323730469,1.5874581248568251,62.26209259033203
2015-10-12 06:00:00+00:00,0.23600172996520996,65.02633666992188,1.8176086857116545,64.06800079345703
2015-10-12 12:00:00+00:00,0.26905226707458496,55.43239974975586,1.5948777111670445,54.31977844238281
2015-10-12 18:00:00+00:00,0.25308167934417725,70.0657958984375,1.7289491391310492,68.9513168334961
2015-10-13 00:00:00+00:00,0.22423279285430908,65.73287200927734,1.5797723956595335,64.89996337890625
2015-10-13 06:00:00+00:00,0.21972393989562988,63.841285705566406,1.74409711302369,63.001895904541016
2015-10-13 12:00:00+00:00,0.24922716617584229,51.22627639770508,2.1505329512570817,50.24775695800781
2015-10-13 18:00:00+00:00,0.2824516296386719,62.59284591674805,1.8311363610890707,61.12763595581055
2015-10-14 00:00:00+00:00,0.24019134044647217,53.62752914428711,2.0477139006130534,52.69689178466797
2015-10-14 06:00:00+00:00,0.2466799020767212,63.60795974731445,2.2403705026402143,62.50723648071289
2015-10-14 12:00:00+00:00,0.230637788772583,58.80678176879883,2.077239039338426,57.90641403198242
2015-10-14 18:00:00+00:00,0.22436916828155518,46.91679763793945,2.2284156184100024,46.07685089111328
2015-10-15 00:00:00+00:00,0.24944782257080078,53.78057098388672,1.7241280796058065,52.771663665771484
2015-10-15 06:00:00+00:00,0.26425135135650635,62.17522430419922,2.07171285836763,60.86328125
2015-10-15 12:00:00+00:00,0.19865357875823975,53.19401550292969,2.0447821530914556,52.49128723144531
2015-10-15 18:00:00+00:00,0.17761552333831787,64.48099517822266,1.7039116698362755,63.90314865112305
2015-10-16 00:00:00+00:00,0.20434558391571045,61.278053283691406,1.8894620790620669,60.54946517944336
2015-10-16 06:00:00+00:00,0.17594170570373535,62.98213195800781,1.9676169901131948,62.373802185058594
2015-10-16 12:00:00+00:00,0.06611216068267822,75.00886535644531,1.5085292862668316,74.92963409423828
2015-10-16 18:00:00+00:00,0.0380859375,89.34634399414062,1.6636159473386802,89.31767272949219
2015-10-17 00:00:00+00:00,0.020940065383911133,71.07076263427734,1.822380937746721,71.06298065185547
2015-10-17 06:00:00+00:00,0.1331653594970703,75.55635070800781,1.9679141934903244,75.24677276611328
2015-10-17 12:00:00+00:00,0.1129419207572937,50.432037353515625,1.918360185653011,50.23898696899414
2015-10-17 18:00:00+00:00,0.15099382400512695,95.98773193359375,1.556817197812079,95.58621978759766
2015-10-18 00:00:00+00:00,0.17815107107162476,74.13906860351562,2.2920833817919397,73.51456451416016
2015-10-18 06:00:00+00:00,0.38937926292419434,174.197265625,1.947111676075562,170.52960205078125
2015-10-18 12:00:00+00:00,0.2268965244293213,51.14177322387695,2.346988983044838,50.38181686401367
2015-10-18 18:00:00+00:00,0.43449699878692627,183.83724975585938,1.8924201644583025,178.59616088867188
2015-10-19 00:00:00+00:00,0.5505989491939545,148.3978729248047,2.3016004019916734,141.04827880859375
2015-10-19 06:00:00+00:00,0.537519097328186,180.78297424316406,2.179229957337801,173.59568786621094
2015-10-19 12:00:00+00:00,0.44988298416137695,159.95831298828125,1.8233484577265586,155.64974975585938
2015-10-19 18:00:00+00:00,0.5115285515785217,197.2119140625,2.064968621054929,190.3333282470703
2015-10-20 00:00:00+00:00,0.5113764107227325,147.3255615234375,2.3421052325893923,140.71316528320312
2015-10-20 06:00:00+00:00,0.3025059103965759,54.589805603027344,2.8314903911226263,53.03692626953125
2015-10-20 12:00:00+00:00,0.416817307472229,76.23137664794922,2.625192779599362,73.26526641845703
2015-10-20 18:00:00+00:00,0.40775007009506226,72.43596649169922,2.733091733576653,69.05225372314453
2015-10-21 00:00:00+00:00,0.3106268644332886,45.12436294555664,3.0646105017642697,43.73820114135742
2015-10-21 06:00:00+00:00,0.3825446367263794,49.72602081298828,3.241266409919301,47.220726013183594
2015-10-21 12:00:00+00:00,0.07384967803955078,14.874916076660156,4.05097142857908,14.825713157653809
2015-10-21 18:00:00+00:00,0.4061328172683716,60.4810676574707,2.8542831140059484,57.48651123046875
2015-10-22 00:00:00+00:00,0.18051844835281372,23.905614852905273,4.033981551624558,23.435121536254883
2015-10-22 06:00:00+00:00,0.12044835090637207,23.649818420410156,3.8695791838032654,23.461679458618164
2015-10-22 12:00:00+00:00,0.21965515613555908,18.507572174072266,4.156128787820289,17.898286819458008
2015-10-22 18:00:00+00:00,0.16138112545013428,28.475393295288086,4.019955517704436,28.026859283447266
2015-10-23 00:00:00+00:00,0.11146843433380127,24.334367752075195,3.99661551570561,24.151947021484375
2015-10-23 06:00:00+00:00,0.04870259761810303,21.224166870117188,3.974350261332992,21.1937255859375
2015-10-23 12:00:00+00:00,0.02470552921295166,26.853601455688477,3.639172793252367,26.84490966796875
2015-10-23 18:00:00+00:00,0.315662145614624,35.477760314941406,3.9575099957636515,33.33674240112305
2015-10-24 00:00:00+00:00,0.3563149571418762,30.910316467285156,3.8898744065426705,28.708152770996094
2015-10-24 06:00:00+00:00,0.39490777254104614,25.797956466674805,3.7318692636392536,23.618053436279297
2015-10-24 12:00:00+00:00,0.13141244649887085,52.275150299072266,2.738010727745109,51.977481842041016
2015-10-24 18:00:00+00:00,0.24218261241912842,36.83488082885742,3.153688594916771,35.812110900878906
2015-10-25 00:00:00+00:00,0.20477747917175293,40.811424255371094,3.236500484263122,39.986907958984375
2015-10-25 06:00:00+00:00,0.20796650648117065,40.63941955566406,3.264090366701895,39.77519226074219
2015-10-25 12:00:00+00:00,0.165613055229187,39.003849029541016,2.731365686633993,38.50700378417969
2015-10-25 18:00:00+00:00,0.22549927234649658,48.934146881103516,2.7878268259523793,47.8387451171875
2015-10-26 00:00:00+00:00,0.06862759590148926,39.06867218017578,3.251051079101659,38.971412658691406
2015-10-26 06:00:00+00:00,0.11712700128555298,51.4229850769043,2.3320971504947527,51.133853912353516
2015-10-26 12:00:00+00:00,0.1358235478401184,42.29480743408203,2.4053207451218066,41.953487396240234
2015-10-26 18:00:00+00:00,0.0008573532104492188,41.52601623535156,2.773478601902668,41.526004791259766
2015-10-27 00:00:00+00:00,0.010140180587768555,60.23383712768555,2.1343500199694474,60.23154830932617
2015-10-27 06:00:00+00:00,0.028582334518432617,50.08380889892578,2.235141877019487,50.06700134277344
2015-10-27 12:00:00+00:00,0.045929789543151855,47.6659049987793,2.2806466366599003,47.62534713745117
2015-10-27 18:00:00+00:00,0.046944260597229004,55.06675720214844,2.184782719693652,55.020301818847656
2015-10-28 00:00:00+00:00,0.006652235984802246,48.47372055053711,2.236468334588336,48.47282791137695
2015-10-28 06:00:00+00:00,0.10145068168640137,67.42805480957031,1.9345169423874895,67.20711517333984
2015-10-28 12:00:00+00:00,0.09196150302886963,46.90023422241211,2.3268280416167775,46.740684509277344
2015-10-29 00:00:00+00:00,0.12696194648742676,61.59991455078125,2.096115209482295,61.26544952392578
2015-10-29 06:00:00+00:00,0.13994872570037842,67.36550903320312,2.2381854320536427,66.9448013305664
2015-10-29 12:00:00+00:00,0.15997016429901123,62.250160217285156,1.8118724553863998,61.76472854614258
2015-10-29 18:00:00+00:00,0.17364025115966797,79.9593276977539,1.3620979906963775,79.33118438720703
2015-10-30 00:00:00+00:00,0.18319153785705566,78.87480926513672,1.9472044416429037,78.11933135986328
2015-10-30 06:00:00+00:00,0.1974250078201294,77.33951568603516,2.0084232294739266,76.51461791992188
2015-10-30 12:00:00+00:00,0.2232581377029419,104.4404525756836,1.1980146084762164,103.53271484375
2015-10-30 18:00:00+00:00,0.21883058547973633,57.581787109375,1.9143646019045786,56.739261627197266
2015-10-31 00:00:00+00:00,0.21149671077728271,76.33541870117188,1.624359069799564,75.47102355957031
2015-10-31 06:00:00+00:00,0.1919705867767334,71.85855102539062,1.893441664656527,71.17337036132812
2015-10-31 12:00:00+00:00,0.24200236797332764,103.01153564453125,1.4134494092886105,102.02809143066406
2015-10-31 18:00:00+00:00,0.21103525161743164,106.57479095458984,1.065799948891882,105.73958587646484
2015-11-01 00:00:00+00:00,0.2517627477645874,122.93669128417969,1.0517458639079265,121.76471710205078
2015-11-01 06:00:00+00:00,0.25128018856048584,65.93950653076172,1.9689310346801432,64.76110076904297
2015-11-01 12:00:00+00:00,0.284427285194397,102.84383392333984,1.1552670479656342,101.43415832519531
2015-11-01 18:00:00+00:00,0.35566282272338867,268.2486877441406,0.8793753189241595,265.6728210449219
2015-11-02 00:00:00+00:00,0.2741204500198364,83.3458023071289,1.6239455286718554,81.92236328125
2015-11-02 06:00:00+00:00,0.2440429925918579,85.65270233154297,1.3542582282839688,84.5475082397461
2015-11-02 12:00:00+00:00,0.2769756317138672,92.88903045654297,1.503331463782848,91.46395874023438
2015-11-02 18:00:00+00:00,0.24756944179534912,72.82207489013672,1.9377102547480805,71.64351654052734
2015-11-03 00:00:00+00:00,0.22931897640228271,73.38883209228516,1.6090739576547428,72.32110595703125
2015-11-03 06:00:00+00:00,0.27957046031951904,97.31354522705078,1.6116531414632205,95.5870361328125
2015-11-03 12:00:00+00:00,0.2837507724761963,137.73471069335938,1.0564824294821566,135.98757934570312
2015-11-03 18:00:00+00:00,0.290596604347229,93.8005599975586,1.9549350344832819,91.99871826171875
2015-11-04 00:00:00+00:00,0.22692906856536865,113.03944396972656,0.9471684770271567,111.94598388671875
2015-11-04 06:00:00+00:00,0.25745105743408203,117.54499053955078,1.0760274046395726,116.0879898071289
2015-11-04 12:00:00+00:00,0.25683629512786865,109.85518646240234,1.227821199542681,108.58822631835938
2015-11-04 18:00:00+00:00,0.21962106227874756,119.03587341308594,0.9071598085133895,118.081787109375
2015-11-05 00:00:00+00:00,0.26490044593811035,106.08990478515625,1.0073273664100433,104.6972427368164
2015-11-05 06:00:00+00:00,0.24009227752685547,83.28910064697266,0.9639447970031965,82.24800872802734
2015-11-05 12:00:00+00:00,0.22798895835876465,67.97645568847656,1.1619718150374148,67.11549377441406
2015-11-05 18:00:00+00:00,0.23527169227600098,72.8012924194336,1.429951384278109,71.78221130371094
2015-11-06 00:00:00+00:00,0.26015353202819824,52.823814392089844,2.328774931290454,51.616058349609375
2015-11-06 06:00:00+00:00,0.22724378108978271,88.9576644897461,1.196207887089715,87.99327087402344
2015-11-06 12:00:00+00:00,0.2398301362991333,45.718345642089844,2.1435012645934837,44.870052337646484
2015-11-06 18:00:00+00:00,0.24673187732696533,59.59275436401367,1.9856691087911584,58.53126525878906
2015-11-07 00:00:00+00:00,0.23930823802947998,61.096710205078125,1.7430775553895084,60.04909133911133
2015-11-07 06:00:00+00:00,0.23943936824798584,59.56640625,1.6183103568529205,58.5931396484375
2015-11-07 12:00:00+00:00,0.2765871286392212,76.0870361328125,1.1990366392416982,74.84886169433594
2015-11-07 18:00:00+00:00,0.24578261375427246,76.44022369384766,1.6201941052186881,75.4112319946289
2015-11-08 00:00:00+00:00,0.2660071849822998,87.7089614868164,1.0159962269045226,86.40399169921875
2015-11-08 06:00:00+00:00,0.23827481269836426,60.27245330810547,1.8791951188489788,59.28120803833008
2015-11-08 12:00:00+00:00,0.21542561054229736,49.89069366455078,2.1338046197817517,49.130455017089844
2015-11-08 18:00:00+00:00,0.1959679126739502,54.144775390625,1.9900580050603711,53.45946502685547
2015-11-09 00:00:00+00:00,0.21628856658935547,54.23189163208008,2.3742365585666954,53.392574310302734
2015-11-09 06:00:00+00:00,0.20250236988067627,55.583106994628906,2.0210095372642662,54.837188720703125
2015-11-09 12:00:00+00:00,0.2430894374847412,59.615238189697266,2.173009509329696,58.49433898925781
2015-11-09 18:00:00+00:00,0.2591207027435303,59.75480651855469,2.1782927698642602,58.491275787353516
2015-11-10 00:00:00+00:00,0.21261227130889893,53.01275634765625,2.1608845677255766,52.171146392822266
2015-11-10 06:00:00+00:00,0.26749885082244873,71.59929656982422,1.9950208602973845,70.19818115234375
2015-11-10 12:00:00+00:00,0.27071189880371094,64.96197509765625,2.0038508657559917,63.561004638671875
2015-11-10 18:00:00+00:00,0.26011741161346436,62.391883850097656,2.100224648941891,61.071468353271484
2015-11-11 00:00:00+00:00,0.2930837869644165,71.71429443359375,2.0436776576968416,70.05950927734375
2015-11-11 06:00:00+00:00,0.26655614376068115,75.18104553222656,1.612504926643807,73.74739074707031
2015-11-11 12:00:00+00:00,0.247749924659729,60.361473083496094,2.289310450552824,59.14317321777344
2015-11-11 18:00:00+00:00,0.2437511682510376,65.67819213867188,2.2792440842279804,64.41397857666016
2015-11-12 00:00:00+00:00,0.19016504287719727,54.7275390625,2.445782187480074,54.007225036621094
2015-11-12 06:00:00+00:00,0.14245140552520752,62.47793197631836,1.7583575216233518,62.086090087890625
2015-11-12 12:00:00+00:00,0.14151465892791748,63.58732604980469,2.2543601151586783,63.15529251098633
2015-11-12 18:00:00+00:00,0.030695438385009766,48.55764389038086,2.052224779848852,48.5404167175293
2015-11-13 00:00:00+00:00,0.028839588165283203,65.88146209716797,1.9478187281056931,65.86473846435547
2015-11-13 06:00:00+00:00,0.05940675735473633,64.56147003173828,2.4094142142704214,64.49002075195312
2015-11-13 12:00:00+00:00,0.025426149368286133,71.40393829345703,2.1811307656439816,71.39070892333984
2015-11-13 18:00:00+00:00,0.1850830316543579,92.75653839111328,1.7907182180017296,92.04602813720703
2015-11-14 00:00:00+00:00,0.18635088205337524,97.36885070800781,1.8111554536743177,96.64794158935547
2015-11-14 06:00:00+00:00,0.1266579031944275,59.75667190551758,2.4323615465828685,59.44465637207031
2015-11-14 12:00:00+00:00,0.13702720403671265,46.97397232055664,2.539766042815017,46.65258026123047
2015-11-14 18:00:00+00:00,0.2855920195579529,155.2755126953125,1.8082732739179863,153.37680053710938
2015-11-15 00:00:00+00:00,0.36555081605911255,173.60702514648438,2.0770709253312782,169.56838989257812
2015-11-15 06:00:00+00:00,0.363831102848053,124.26046752929688,2.1622979447098127,120.71559143066406
2015-11-15 12:00:00+00:00,0.5325494706630707,396.6504821777344,1.5105835653749418,388.05743408203125
2015-11-15 18:00:00+00:00,0.4034242033958435,208.8665771484375,2.033860953345732,204.45388793945312
2015-11-16 00:00:00+00:00,0.455173134803772,135.90663146972656,2.538029961394476,130.2163543701172
2015-11-16 06:00:00+00:00,0.5835934579372406,163.4829864501953,1.993724314867048,154.68759155273438
2015-11-16 12:00:00+00:00,0.5617196261882782,171.8856201171875,2.421533450168855,162.6534881591797
2015-11-16 18:00:00+00:00,0.5299518406391144,178.4758758544922,2.336315185661745,169.75741577148438
2015-11-17 00:00:00+00:00,0.4968423843383789,130.28379821777344,2.528823663427382,123.76824951171875
2015-11-17 06:00:00+00:00,0.571793794631958,152.1268310546875,2.5663867015222857,141.89340209960938
2015-11-17 12:00:00+00:00,0.541365921497345,168.0452880859375,2.37146743334205,158.36761474609375
2015-11-17 18:00:00+00:00,0.5183323621749878,152.14443969726562,2.690357406513221,142.9330291748047
2015-11-18 00:00:00+00:00,0.43476998805999756,99.28439331054688,2.664351187923354,93.68173217773438
2015-11-18 06:00:00+00:00,0.3627423644065857,116.22672271728516,2.688452186454401,112.27924346923828
2015-11-18 12:00:00+00:00,0.252562940120697,72.9596176147461,2.66043877244256,71.2984848022461
2015-11-18 18:00:00+00:00,0.2541981339454651,68.1941146850586,2.6803870343631315,66.38905334472656
2015-11-19 00:00:00+00:00,0.1114850640296936,55.82521057128906,3.546262648742772,55.468414306640625
2015-11-19 06:00:00+00:00,0.052425384521484375,47.8920783996582,3.5346042397469057,47.81919479370117
2015-11-19 12:00:00+00:00,0.06063276529312134,47.92804718017578,3.5444168634296043,47.834922790527344
2015-11-19 18:00:00+00:00,0.13163334131240845,50.28925704956055,3.768604814539434,49.8167839050293
2015-11-20 00:00:00+00:00,0.09538990259170532,52.32892608642578,3.529930373290666,52.06429672241211
2015-11-20 06:00:00+00:00,0.16279900074005127,46.85116958618164,3.275250463718341,46.19707107543945
2015-11-20 12:00:00+00:00,0.054014742374420166,43.20793151855469,3.3624426239116447,43.14353561401367
2015-11-20 18:00:00+00:00,0.15992778539657593,40.737640380859375,3.086654036853045,40.21181869506836
2015-11-21 00:00:00+00:00,0.1785639524459839,100.73829650878906,1.7620062000351377,99.96124267578125
2015-11-21 06:00:00+00:00,0.18422406911849976,37.77799606323242,3.5611160686380146,37.096595764160156
2015-11-21 12:00:00+00:00,0.1641528606414795,31.952125549316406,3.2151181619238307,31.4898681640625
2015-11-21 18:00:00+00:00,0.16014987230300903,45.62657165527344,2.548995951763696,45.13057327270508
2015-11-22 00:00:00+00:00,0.10198110342025757,157.05296325683594,1.382162744986516,156.81858825683594
2015-11-22 06:00:00+00:00,0.18376755714416504,38.58810043334961,3.0910273817038645,37.935604095458984
2015-11-22 12:00:00+00:00,0.23783928155899048,39.58804702758789,2.858556069704953,38.54531478881836
2015-11-22 18:00:00+00:00,0.15626347064971924,109.55852508544922,1.3770158550659304,109.04731750488281
2015-11-23 00:00:00+00:00,0.15724658966064453,113.98359680175781,1.343747011757505,113.42453002929688
2015-11-23 06:00:00+00:00,0.17715656757354736,54.50181579589844,2.694448397852717,53.795230865478516
2015-11-23 12:00:00+00:00,0.10338741540908813,113.24833679199219,1.3350583841978558,113.0205307006836
2015-11-23 18:00:00+00:00,0.07654649019241333,34.53635787963867,2.8483879633501243,34.43489456176758
2015-11-24 00:00:00+00:00,0.0630871057510376,89.87142181396484,1.3432742063590306,89.79513549804688
2015-11-24 06:00:00+00:00,0.09615671634674072,38.20528793334961,2.197009781112133,38.04229736328125
2015-11-24 12:00:00+00:00,0.06149405241012573,83.5987548828125,1.3264070889821684,83.533447265625
2015-11-24 18:00:00+00:00,0.10242688655853271,32.34928894042969,3.070986985427261,32.17538833618164
2015-11-25 00:00:00+00:00,0.05542004108428955,35.360836029052734,3.045945540833203,35.305694580078125
2015-11-25 06:00:00+00:00,0.04896676540374756,95.18074035644531,1.308611460294796,95.13350677490234
2015-11-25 12:00:00+00:00,0.06715112924575806,87.3164291381836,1.3443347066634777,87.23853302001953
2015-11-25 18:00:00+00:00,0.08564448356628418,35.84505081176758,2.793554839560219,35.723793029785156
2015-11-26 00:00:00+00:00,0.08758699893951416,69.35485076904297,1.4937367439617548,69.21256256103516
2015-11-26 06:00:00+00:00,0.03361380100250244,61.083251953125,1.679268526653121,61.06329345703125
2015-11-26 12:00:00+00:00,0.001474618911743164,67.0512924194336,1.4684099555835395,67.05126190185547
2015-11-26 18:00:00+00:00,0.007115542888641357,38.26220703125,2.524863745233528,38.26137161254883
2015-11-27 00:00:00+00:00,0.015962839126586914,51.17384719848633,2.2077154996243022,51.16923141479492
2015-11-27 06:00:00+00:00,0.05288398265838623,49.92064666748047,2.163209023236001,49.87409210205078
2015-11-27 12:00:00+00:00,0.14227426052093506,64.05606079101562,1.7514975961687012,63.74794006347656
2015-11-27 18:00:00+00:00,0.19893181324005127,62.777099609375,2.2189035568113002,62.09718322753906
2015-11-28 00:00:00+00:00,0.09377181529998779,45.68082809448242,2.3292056159561922,45.53485870361328
2015-11-28 06:00:00+00:00,0.20204734802246094,67.59004974365234,1.9273034050512763,66.93299102783203
2015-11-28 12:00:00+00:00,0.21207976341247559,58.555233001708984,1.9772348072790988,57.80143356323242
2015-11-28 18:00:00+00:00,0.20118391513824463,44.01926803588867,2.0955126653221945,43.41522979736328
2015-11-29 00:00:00+00:00,0.18921303749084473,50.1497917175293,2.2393719472250218,49.52249526977539
2015-11-29 06:00:00+00:00,0.21455109119415283,49.95433044433594,2.1606959641711647,49.22761154174805
2015-11-29 12:00:00+00:00,0.17352640628814697,34.92430114746094,2.6203480240301227,34.468727111816406
2015-11-29 18:00:00+00:00,0.19185197353363037,40.36528396606445,2.4123384631108125,39.79787826538086
2015-11-30 00:00:00+00:00,0.16470348834991455,31.3504581451416,2.8631420967621404,30.93451690673828
2015-11-30 06:00:00+00:00,0.16018688678741455,34.495174407958984,2.779938774978337,34.09157180786133
2015-11-30 12:00:00+00:00,0.16454708576202393,71.7182846069336,1.2317689752105163,71.33467102050781
2015-11-30 18:00:00+00:00,0.1761620044708252,32.51580810546875,2.5265324996787983,32.06599807739258
2015-12-01 00:00:00+00:00,0.19164550304412842,31.95240020751953,2.7510874202489983,31.41987419128418
2015-12-01 06:00:00+00:00,0.13576924800872803,69.63550567626953,1.279356184880927,69.34304809570312
2015-12-01 12:00:00+00:00,0.21650314331054688,32.352806091308594,2.455715709430756,31.694753646850586
2015-12-01 18:00:00+00:00,0.1939183473587036,40.51010513305664,2.0210268227617063,39.93449783325195
2015-12-02 00:00:00+00:00,0.19337141513824463,43.77882385253906,2.115115441383586,43.173728942871094
2015-12-02 06:00:00+00:00,0.19640874862670898,41.21099090576172,2.4731459012352515,40.58659362792969
2015-12-02 12:00:00+00:00,0.2299126386642456,48.3109245300293,2.1604132971591365,47.4432373046875
2015-12-02 18:00:00+00:00,0.2233794927597046,54.982940673828125,1.7923795390704726,54.08842468261719
2015-12-03 00:00:00+00:00,0.24148666858673096,70.60693359375,1.690172573410233,69.4776382446289
2015-12-03 06:00:00+00:00,0.2254199981689453,57.066463470458984,1.8938048337696425,56.189369201660156
2015-12-03 12:00:00+00:00,0.1981724500656128,60.4641227722168,1.628306679887165,59.79790115356445
2015-12-03 18:00:00+00:00,0.20414698123931885,64.25800323486328,1.9855798389148853,63.480857849121094
2015-12-04 00:00:00+00:00,0.2306450605392456,66.18617248535156,1.9282141493973928,65.17310333251953
2015-12-04 06:00:00+00:00,0.2296442985534668,72.15433502197266,1.8171650965408266,71.21319580078125
2015-12-04 12:00:00+00:00,0.20310771465301514,59.98128128051758,1.8347725830593242,59.256866455078125
2015-12-04 18:00:00+00:00,0.2396787405014038,97.9911117553711,1.0460346916457726,96.83348846435547
2015-12-05 00:00:00+00:00,0.22662782669067383,68.35530853271484,1.7660644096951574,67.34710693359375
2015-12-05 06:00:00+00:00,0.21259570121765137,73.91267395019531,1.5155362322067938,73.09507751464844
2015-12-05 12:00:00+00:00,0.2440330982208252,85.96671295166016,1.8357751744056168,84.81103515625
2015-12-05 18:00:00+00:00,0.2704402208328247,95.17730712890625,1.6633336317469574,93.58799743652344
2015-12-06 00:00:00+00:00,0.2744638919830322,91.67264556884766,1.7205198716661791,90.06661224365234
2015-12-06 06:00:00+00:00,0.2745499610900879,88.20323944091797,1.5166688831521609,86.63484954833984
2015-12-06 12:00:00+00:00,0.2729989290237427,72.3434066772461,2.186626062547764,70.85514068603516
2015-12-06 18:00:00+00:00,0.3398216962814331,133.41464233398438,1.5747825290820003,130.58419799804688
2015-12-07 00:00:00+00:00,0.32625114917755127,97.32196807861328,1.8889838721334966,94.89569091796875
2015-12-07 06:00:00+00:00,0.36419856548309326,124.874755859375,1.720099961996806,121.83712005615234
2015-12-07 12:00:00+00:00,0.33963000774383545,149.74411010742188,1.3173529898946126,147.0015411376953
2015-12-07 18:00:00+00:00,0.34709346294403076,139.06358337402344,1.7346451134650487,135.9678955078125
2015-12-08 00:00:00+00:00,0.36871349811553955,178.260986328125,1.4603414255800211,174.4911651611328
2015-12-08 06:00:00+00:00,0.35345470905303955,206.13479614257812,1.499243480108882,202.899169921875
2015-12-08 12:00:00+00:00,0.37888431549072266,166.37342834472656,1.7058811366653945,162.57362365722656
2015-12-08 18:00:00+00:00,0.39008164405822754,208.3374786376953,1.5721229992555006,203.85238647460938
2015-12-09 00:00:00+00:00,0.3733978271484375,157.1824951171875,1.5966300382112533,153.48675537109375
2015-12-09 06:00:00+00:00,0.41255998611450195,178.58099365234375,1.6197292178404228,173.93118286132812
2015-12-09 12:00:00+00:00,0.4154644012451172,218.81307983398438,1.4867216480999648,213.61317443847656
2015-12-09 18:00:00+00:00,0.3463571071624756,170.19114685058594,1.8509753572202865,166.4999237060547
2015-12-10 00:00:00+00:00,0.2796781063079834,150.32635498046875,1.7225044133269427,147.98406982421875
2015-12-10 06:00:00+00:00,0.18882715702056885,115.31765747070312,1.8021665764801207,114.36260223388672
2015-12-10 12:00:00+00:00,0.10809409618377686,153.2540740966797,1.6847524467500359,152.92266845703125
2015-12-10 18:00:00+00:00,0.08821046352386475,174.24310302734375,1.615177296066848,173.98590087890625
2015-12-11 00:00:00+00:00,0.056428372859954834,188.88343811035156,1.6331578219909582,188.77780151367188
2015-12-11 06:00:00+00:00,0.07242476940155029,182.37844848632812,1.8253064746025098,182.20785522460938
2015-12-11 12:00:00+00:00,0.08810240030288696,226.98883056640625,1.487911976862249,226.74472045898438
2015-12-11 18:00:00+00:00,0.25030195713043213,322.7216796875,1.55666471842455,320.24432373046875
2015-12-12 00:00:00+00:00,0.38748443126678467,432.6486511230469,1.5123268466261612,426.5018005371094
2015-12-12 06:00:00+00:00,0.47819602489471436,501.7169494628906,1.3941564980033359,492.3689270019531
2015-12-12 12:00:00+00:00,0.5324359238147736,256.8307189941406,2.1370478186887776,246.723876953125
2015-12-12 18:00:00+00:00,0.6102897822856903,439.8678283691406,1.6633231652915477,421.6706848144531
2015-12-13 00:00:00+00:00,0.532206267118454,264.2666015625,2.1667771846854142,252.00636291503906
2015-12-13 06:00:00+00:00,0.6364844739437103,407.43365478515625,2.211398395717008,387.4819641113281
2015-12-13 12:00:00+00:00,0.5966592729091644,580.6649780273438,1.6583560316506891,562.2238159179688
2015-12-13 18:00:00+00:00,0.633656233549118,740.093505859375,1.7127658074636392,713.642822265625
2015-12-14 00:00:00+00:00,0.5706323981285095,307.8125,2.1170087447666113,291.4945068359375
2015-12-14 06:00:00+00:00,0.5536496341228485,280.81396484375,1.9693072493755008,267.3269958496094
2015-12-14 12:00:00+00:00,0.5760391652584076,336.2617492675781,2.044910865009991,319.02069091796875
2015-12-14 18:00:00+00:00,0.5225665867328644,347.8452453613281,2.1990746898560296,334.8289794921875
2015-12-15 00:00:00+00:00,0.4708400368690491,262.8211364746094,2.286334054000357,253.58554077148438
2015-12-15 06:00:00+00:00,0.4188258647918701,162.5947265625,2.4389821973956707,156.1194610595703
2015-12-15 12:00:00+00:00,0.3793981075286865,260.29949951171875,2.2626250362324187,254.9693145751953
2015-12-15 18:00:00+00:00,0.40980762243270874,477.3102111816406,1.5722131230436043,470.92010498046875
2015-12-16 00:00:00+00:00,0.2660938501358032,88.57537841796875,2.775013875134918,86.53118896484375
2015-12-16 06:00:00+00:00,0.059361815452575684,53.25638198852539,3.1260790232097877,53.17023849487305
2015-12-16 12:00:00+00:00,0.06391716003417969,48.03223419189453,3.2310885150793904,47.939693450927734
2015-12-16 18:00:00+00:00,0.029595911502838135,59.34538650512695,3.166671869210176,59.32199478149414
2015-12-17 00:00:00+00:00,0.28810811042785645,512.4830932617188,1.4724456133111483,509.9238586425781
2015-12-17 06:00:00+00:00,0.019126296043395996,277.44000244140625,1.515722511695272,277.4316711425781
2015-12-17 12:00:00+00:00,0.13753879070281982,30.224090576171875,3.869514836714893,29.907804489135742
2015-12-17 18:00:00+00:00,0.2143721580505371,123.82218170166016,1.9703947889989124,122.73738098144531
2015-12-18 00:00:00+00:00,0.23364144563674927,113.99349975585938,2.042927943717812,112.61323547363281
2015-12-18 06:00:00+00:00,0.18692374229431152,46.11534118652344,2.8746428616792903,45.34356689453125
2015-12-18 12:00:00+00:00,0.07381939888000488,951.0203247070312,0.6223350135474279,950.8568725585938
2015-12-18 18:00:00+00:00,0.14237689971923828,54.722408294677734,3.2368275428459943,54.148258209228516
2015-12-19 00:00:00+00:00,0.15585273504257202,62.42993927001953,2.91123347737745,61.73103332519531
2015-12-19 06:00:00+00:00,0.23425692319869995,151.52645874023438,1.5341466167484379,149.99612426757812
2015-12-19 12:00:00+00:00,0.15586471557617188,62.21635437011719,2.5280756964613804,61.570491790771484
2015-12-19 18:00:00+00:00,0.2921963930130005,562.8170166015625,0.9847678317622466,559.659423828125
2015-12-20 00:00:00+00:00,0.24794429540634155,81.01217651367188,2.687970671487421,79.06951904296875
2015-12-20 06:00:00+00:00,0.19972550868988037,65.84410095214844,2.756998448929074,64.6854476928711
2015-12-20 12:00:00+00:00,0.24876511096954346,91.15943908691406,2.129271805449363,89.3349380493164
2015-12-20 18:00:00+00:00,0.18445318937301636,81.55581665039062,2.5540978388866984,80.37918853759766
2015-12-21 00:00:00+00:00,0.20900458097457886,106.8301773071289,2.51801600377869,105.19902038574219
2015-12-21 06:00:00+00:00,0.2425125241279602,82.64093017578125,2.600480512867367,80.81744384765625
2015-12-21 12:00:00+00:00,0.23864108324050903,734.6773681640625,0.5747765248995591,732.499267578125
2015-12-21 18:00:00+00:00,0.1982172727584839,123.60909271240234,2.1875087867347527,122.09561920166016
2015-12-22 00:00:00+00:00,0.21374940872192383,645.8136596679688,0.6520163177634705,644.0233764648438
2015-12-22 06:00:00+00:00,0.17883288860321045,86.46477508544922,1.92641355998648,85.47506713867188
2015-12-22 12:00:00+00:00,0.14435023069381714,74.07848358154297,2.1990094056488436,73.44451904296875
2015-12-22 18:00:00+00:00,0.12031513452529907,89.7354736328125,2.3370445812111043,89.21343994140625
2015-12-23 00:00:00+00:00,0.11981159448623657,84.24793243408203,2.1863163828560035,83.76555633544922
2015-12-23 06:00:00+00:00,0.1309267282485962,77.83956146240234,2.5238467484949645,77.27793884277344
2015-12-23 12:00:00+00:00,0.07996052503585815,78.003662109375,2.228887087134596,77.80442810058594
2015-12-23 18:00:00+00:00,0.082675039768219,83.1703109741211,2.2722061263943623,82.93018341064453
2015-12-24 00:00:00+00:00,0.09711891412734985,95.76143646240234,1.9034416260445068,95.42720794677734
2015-12-24 06:00:00+00:00,0.10958176851272583,81.66356658935547,2.18117635164662,81.27423858642578
2015-12-24 12:00:00+00:00,0.07295292615890503,83.35748291015625,2.2198493506100454,83.18177795410156
2015-12-24 18:00:00+00:00,0.09114205837249756,79.64120483398438,2.394376412482476,79.34871673583984
2015-12-25 00:00:00+00:00,0.0584789514541626,107.7554931640625,1.7257385863360364,107.63207244873047
2015-12-25 06:00:00+00:00,0.0203096866607666,84.78755187988281,2.1822152729367397,84.77474212646484
2015-12-25 12:00:00+00:00,0.042070984840393066,97.2527847290039,1.9296934028158232,97.19703674316406
2015-12-25 18:00:00+00:00,0.0489649772644043,83.75193786621094,2.4533839752578603,83.67192077636719
2015-12-26 00:00:00+00:00,0.00919032096862793,116.67256927490234,2.026619231359743,116.66935729980469
2015-12-26 06:00:00+00:00,0.03634750843048096,73.27619171142578,2.43205158476008,73.23483276367188
2015-12-26 12:00:00+00:00,0.03815746307373047,88.00818634033203,2.219839385857768,87.96345520019531
2015-12-26 18:00:00+00:00,0.09881877899169922,88.92507934570312,2.3626186840257377,88.5850830078125
2015-12-27 06:00:00+00:00,0.10025894641876221,900.17529296875,0.49901978274469916,899.8016967773438
2015-12-27 12:00:00+00:00,0.1554795503616333,96.15221405029297,2.1135930045789677,95.42460632324219
2015-12-28 06:00:00+00:00,0.19152653217315674,130.66238403320312,1.952736121677829,129.41287231445312
2015-12-28 12:00:00+00:00,0.1803497076034546,133.40541076660156,1.652665851019278,132.37109375
2015-12-28 18:00:00+00:00,0.21395838260650635,171.63319396972656,1.8324322458456441,169.83424377441406
2015-12-29 00:00:00+00:00,0.19118332862854004,169.61334228515625,1.8999612730922568,168.21482849121094
2015-12-29 06:00:00+00:00,0.20235097408294678,142.73150634765625,1.9165053928798832,141.3081817626953
2015-12-29 12:00:00+00:00,0.2045271396636963,158.32704162597656,1.6773913251858832,156.87037658691406
2015-12-29 18:00:00+00:00,0.15823018550872803,144.3525390625,1.7016977913854423,143.42047119140625
2015-12-30 00:00:00+00:00,0.1319645643234253,119.75370025634766,1.838149294974497,119.1009521484375
2015-12-30 06:00:00+00:00,0.13210606575012207,113.09858703613281,1.7835102152354778,112.5075912475586
2015-12-30 12:00:00+00:00,0.14616429805755615,95.81281280517578,2.0999628163034822,95.12125396728516
2015-12-30 18:00:00+00:00,0.15829741954803467,122.37398529052734,1.6684391175850866,121.46733856201172
2015-12-31 00:00:00+00:00,0.16489410400390625,148.06887817382812,1.760377644517113,146.9671630859375
2015-12-31 06:00:00+00:00,0.16522884368896484,125.8348617553711,1.677338913638805,124.87199401855469
2015-12-31 12:00:00+00:00,0.18306434154510498,144.33738708496094,1.7126640332949798,143.16371154785156
2015-12-31 18:00:00+00:00,0.13444757461547852,117.42436218261719,2.001799296476735,116.75953674316406
