timestamp,R2_1_1,skew_1_1,R2_1_2,skew_1_2,R2_1_3,skew_1_3,R2_2_1,skew_2_1,R2_2_2,skew_2_2,R2_2_3,skew_2_3,R2_3_1,skew_3_1,R2_3_2,skew_3_2,R2_3_3,skew_3_3,R2_4_1,skew_4_1,R2_4_2,skew_4_2,R2_4_3,skew_4_3,n_ch_total,n_ch_kept
2018-01-01 00:00:00+00:00,,,0.1685582399368286,-2.1204679830775137,,,,,,,,,0.18180477619171143,-0.8333393652409135,,,,,,,0.13507962226867676,6.091848728013156,0.1828417181968689,-0.5687383329618625,4,4
2018-01-01 06:00:00+00:00,,,0.23637163639068604,-2.890535613997972,,,,,,,,,0.06452232599258423,-0.7631884141142838,,,,,,,0.1843864917755127,4.42934033048636,,,3,3
2018-01-01 12:00:00+00:00,,,0.2116990089416504,-4.548167138666168,,,,,,,,,0.12632882595062256,0.655218202653915,,,,,,,0.15448236465454102,2.6333274492087604,,,3,3
2018-01-01 18:00:00+00:00,,,0.22742044925689697,-2.2395451691191006,,,,,,,,,0.27285170555114746,3.9705096931308907,,,0.21672654151916504,1.7073083557258504,,,0.16073453426361084,1.8648150525594835,,,4,4
2018-01-02 00:00:00+00:00,,,0.22492218017578125,-5.58249079901842,,,,,,,,,0.3336296081542969,8.270677931852493,,,0.1559072732925415,5.6087565545884415,,,0.14996886253356934,1.638883350720283,0.4531981945037842,-0.8926218251797183,5,5
2018-01-02 06:00:00+00:00,,,0.2303762435913086,2.4828061631447897,,,,,,,,,0.25365138053894043,2.7599545245730046,,,0.2489469051361084,5.008787499750207,,,0.14371967315673828,3.7886250938568327,,,4,4
2018-01-02 12:00:00+00:00,,,0.2599589228630066,-6.428749091455335,,,,,,,,,0.18943679332733154,1.435449490262475,,,0.19900047779083252,1.6034776967394737,,,0.10627102851867676,0.6569221230550505,,,4,4
2018-01-02 18:00:00+00:00,,,0.19783633947372437,-4.110497205390246,,,,,,,,,0.1723465919494629,8.726616271087275,,,0.11953294277191162,3.0372261006259413,,,0.1491706371307373,0.8149084917598711,,,4,4
2018-01-03 00:00:00+00:00,,,0.1977541446685791,-11.471222397298682,,,,,,,,,0.17086708545684814,3.4594850708924296,,,0.20269370079040527,0.1130373873489367,,,0.04758179187774658,1.457755070020646,,,5,5
2018-01-03 06:00:00+00:00,,,0.20720094442367554,-3.03156161050247,,,,,,,,,0.22765350341796875,19.350062500985114,,,0.07841956615447998,0.5332812874028958,,,0.13412201404571533,1.1657101543614135,,,4,4
2018-01-03 12:00:00+00:00,,,0.25945788621902466,-1.587203038793109,,,,,,,,,0.19198358058929443,13.366727430528043,,,0.17852163314819336,0.06800244726552045,,,0.12203896045684814,1.2396410419584503,0.32691627740859985,0.43681967852356773,5,5
2018-01-03 18:00:00+00:00,,,0.2616787552833557,-4.8348094895105715,,,,,,,,,0.24345314502716064,6.106671198469327,0.4354633092880249,6.396867780838893,0.013187706470489502,0.16277792144061198,,,0.1439962387084961,0.7648750021733578,,,5,5
2018-01-04 00:00:00+00:00,,,0.21571505069732666,-5.61312980516539,,,,,,,,,0.15112638473510742,4.371999095899881,0.281316876411438,14.578475228842917,0.33915984630584717,-0.1143687873332049,,,0.11959517002105713,1.4931858093278327,,,5,5
2018-01-04 06:00:00+00:00,,,0.2149810791015625,-2.854460631320165,,,,,,,,,,,0.2771797180175781,9.269313729015376,,,,,0.1641305685043335,3.9421951544657796,0.20476597547531128,-0.33192404933900965,4,4
2018-01-04 12:00:00+00:00,,,0.21020859479904175,-3.541289582251382,,,,,,,,,,,,,,,,,0.17752587795257568,5.32812008395023,0.0288316011428833,0.20554534330440172,3,3
2018-01-04 18:00:00+00:00,,,0.214419424533844,-3.1632972965799975,,,,,,,,,,,,,,,,,0.20397424697875977,12.11428933376867,,,3,2
2018-01-05 00:00:00+00:00,,,0.19982773065567017,-5.843099987553699,,,,,,,,,,,,,,,,,0.16544699668884277,7.7163466228837105,,,2,2
2018-01-05 06:00:00+00:00,,,0.25732195377349854,-10.387185295290863,,,,,,,,,0.4506065845489502,-0.24740736390315868,,,,,,,0.18567681312561035,5.873428295105119,,,3,3
2018-01-05 12:00:00+00:00,,,0.2364368438720703,1.9777887317733045,,,,,,,,,0.029115915298461914,-0.5041509068891632,,,,,,,0.18731188774108887,9.0820321821451,,,3,3
2018-01-05 18:00:00+00:00,,,0.24628621339797974,-3.0163055689697633,,,,,,,,,0.1299591064453125,0.061841285165424954,,,,,,,0.17455947399139404,6.245048562138859,,,3,3
2018-01-06 00:00:00+00:00,,,0.23987138271331787,-11.770600148628025,,,,,,,,,0.24392569065093994,0.5419620767326274,0.3524700403213501,14.9241670918642,,,,,0.1764918565750122,10.176197576077513,,,4,4
2018-01-06 06:00:00+00:00,,,0.26583731174468994,-6.3763655703216715,,,,,,,,,0.19196748733520508,0.29228374914470584,0.27905023097991943,12.872329087216727,,,,,0.18883860111236572,6.736688433492833,,,4,4
2018-01-06 12:00:00+00:00,,,0.23049944639205933,-11.604786903926035,,,,,,,,,0.04167163372039795,0.4808501834109365,0.10729247331619263,-3.171730398429404,,,,,0.17705786228179932,0.9191796397321385,,,4,4
2018-01-06 18:00:00+00:00,,,0.23187869787216187,-11.89057033144876,,,,,,,,,0.28072869777679443,2.227383832414882,0.16575825214385986,1.5810126590260305,,,,,0.18209826946258545,9.66527177086849,,,5,5
2018-01-07 00:00:00+00:00,,,0.2247651219367981,-6.398134781304977,,,,,,,,,0.575167179107666,7.387960638590223,0.15904462337493896,0.17098936813068996,0.05922287702560425,-1.6618648595925154,,,0.15176475048065186,2.352286279875315,,,5,5
2018-01-07 06:00:00+00:00,,,0.21985459327697754,-2.7905256480375953,,,,,,,,,0.1749124526977539,0.8328545433027548,,,0.13543200492858887,-0.17667525109132656,,,0.15006792545318604,2.1885191040909526,,,5,5
2018-01-07 12:00:00+00:00,,,0.26740896701812744,-4.155551748229161,,,,,,,,,0.1726454496383667,4.615920039549022,,,0.11953669786453247,0.19898580170347505,,,0.18257808685302734,5.326865728670242,,,5,5
2018-01-07 18:00:00+00:00,,,0.2070678472518921,-4.085163980591104,,,,,,,,,0.05528688430786133,2.3268906583924056,,,0.08557319641113281,-0.25648118817348,,,0.18923377990722656,2.3174847534230327,,,4,4
2018-01-08 00:00:00+00:00,,,0.2586710453033447,-3.300648705957547,,,,,,,,,,,0.2017819881439209,6.462525619808331,,,,,0.13782262802124023,1.889403451083313,,,3,3
2018-01-08 06:00:00+00:00,,,0.215953528881073,-3.4053708709846497,,,,,,,,,,,0.12303924560546875,2.033108851899433,,,,,0.15771079063415527,3.4493344479651076,,,3,3
2018-01-08 12:00:00+00:00,,,0.2190672755241394,-3.1960946042102987,,,,,,,,,,,0.16498756408691406,4.569845957534397,,,,,0.17545735836029053,3.2266090568260064,,,3,3
2018-01-08 18:00:00+00:00,,,0.22314220666885376,-2.8206945616833363,,,,,,,,,,,0.26280295848846436,5.776028345506088,,,,,0.13995742797851562,1.4430459271007228,,,5,5
2018-01-09 00:00:00+00:00,,,0.19277280569076538,24.502322651861594,,,,,,,,,,,0.3156174421310425,4.886663829275143,,,,,0.13695001602172852,1.7609043239803104,,,4,4
2018-01-09 06:00:00+00:00,,,0.2527908682823181,8.166686355288967,,,,,,,,,,,0.3859826326370239,9.944187469708194,,,,,0.16789019107818604,1.0206379669712664,,,4,4
2018-01-09 12:00:00+00:00,,,0.23647373914718628,-2.1376178690483796,,,,,,,,,,,0.1551448106765747,0.6191385172960596,,,,,0.1852738857269287,1.7692747137746445,,,4,4
2018-01-09 18:00:00+00:00,,,0.21415084600448608,-3.2194952782967374,,,,,,,,,,,0.38358747959136963,5.0333305580057965,,,,,0.11339831352233887,0.9232552878096408,0.1360858678817749,1.2740494710233854,6,6
2018-01-10 00:00:00+00:00,,,0.10229414701461792,40.5038570787756,,,,,,,,,,,0.2966766357421875,3.4450736756853875,,,,,0.15068411827087402,4.296674369606572,0.2719094753265381,0.8888251769023031,7,7
2018-01-10 06:00:00+00:00,,,0.2793910503387451,-5.027140767863983,,,,,,,,,,,0.3397653102874756,7.482462334778044,0.366959810256958,0.13912684802995814,,,0.12191176414489746,1.4007503905162444,0.24845170974731445,0.4084742602481359,7,7
2018-01-10 12:00:00+00:00,,,0.22080367803573608,-3.1704774328935046,,,,,,,,,,,0.22521865367889404,1.4358761633663324,,,,,0.17660069465637207,2.423199971104073,0.08431363105773926,-0.13621221825775998,5,5
2018-01-11 00:00:00+00:00,,,0.1807105541229248,-3.434575001956117,,,,,,,,,,,0.2677614688873291,6.80514869625761,0.5785617828369141,-0.20032012547900868,,,0.11966657638549805,1.9651141045375047,0.007163643836975098,1.279749097796174,6,6
2018-01-11 06:00:00+00:00,,,0.24657833576202393,-35.24868110148376,,,,,,,,,,,0.25216758251190186,10.247236477633164,,,,,0.13716411590576172,2.022120385347199,0.11938238143920898,-0.039422160587249074,5,5
2018-01-11 12:00:00+00:00,,,0.2715417742729187,-6.970198696439025,,,,,,,,,,,0.19025564193725586,5.187232237722618,,,,,0.12451028823852539,1.4480409518943909,0.08784675598144531,0.41202863405832535,5,5
2018-01-11 18:00:00+00:00,,,0.23383241891860962,-10.24739709262276,,,,,,,,,,,0.17145705223083496,8.170995751175692,,,,,0.19754958152770996,1.7680367214178085,0.11617159843444824,-0.102971836191424,4,4
2018-01-12 00:00:00+00:00,,,0.17355847358703613,-3.17931564916835,,,,,,,,,0.3946656584739685,-1.9739050538480973,0.26396191120147705,4.332909465531663,,,,,0.11126363277435303,0.7301976187297978,0.12468457221984863,0.003177333086442065,5,5
2018-01-12 06:00:00+00:00,,,0.18869709968566895,-3.591111920839168,,,,,,,,,0.3560641407966614,-3.8535507948795207,,,0.21711409091949463,2.010910277360689,,,0.15487706661224365,1.764945753384738,0.09214699268341064,0.4175950564442502,5,5
2018-01-12 12:00:00+00:00,,,0.15940874814987183,-2.813538965197384,,,,,,,,,0.3320738673210144,-2.443012939920331,,,0.2294454574584961,13.121836117065577,,,0.12485659122467041,5.577196628000624,0.08157825469970703,0.18487832037151125,5,5
2018-01-12 18:00:00+00:00,,,0.17293226718902588,-4.604086600702265,,,,,,,,,0.1478109359741211,-2.243111067362947,,,0.1672530174255371,2.135688125870115,,,0.15932142734527588,5.147049468685122,,,5,5
2018-01-13 00:00:00+00:00,,,0.13922661542892456,-1.587000950313272,,,,,,,,,0.1613193154335022,-1.3373121448524512,,,0.22581911087036133,4.481241625801422,,,0.1207190752029419,0.9875612129966812,,,6,6
2018-01-13 06:00:00+00:00,,,0.20047152042388916,-2.7300746175473556,,,,,,,,,0.33121728897094727,-3.312360978823536,,,0.08053433895111084,-0.5954991380866492,,,0.10434746742248535,1.2609961054857513,,,6,6
2018-01-13 12:00:00+00:00,,,0.15996164083480835,-1.1433772118001946,,,,,,,,,0.3468583822250366,-6.416950652517833,,,0.12048768997192383,5.37863484575735,,,0.1604372262954712,1.586512612941369,0.25767433643341064,-0.5955749785767346,6,6
2018-01-13 18:00:00+00:00,,,0.20627951622009277,4.12395879504359,,,,,,,,,0.3325757384300232,-5.686192430583802,,,0.1933838129043579,3.4126097030833265,,,0.12697529792785645,0.9862712041771982,,,5,5
2018-01-14 00:00:00+00:00,,,0.17272686958312988,-2.4363442849534684,,,,,,,,,0.2573029398918152,-9.579691690083196,,,0.18622398376464844,1.0756199160103763,,,0.11362278461456299,0.8533779641269303,,,4,4
2018-01-14 06:00:00+00:00,,,0.19371330738067627,-3.514167449055971,,,,,,,,,0.4006726145744324,-7.892664237965505,,,0.14521872997283936,0.794029479325258,,,0.15904569625854492,0.79271093173984,,,4,4
2018-01-14 12:00:00+00:00,,,0.11457705497741699,-4.0640321882901995,,,,,,,,,0.3652888536453247,-5.980487940690587,,,,,,,0.19745230674743652,1.9911114624746447,,,3,3
2018-01-14 18:00:00+00:00,,,0.1404557228088379,-2.5328598511468807,,,,,,,,,0.4517109990119934,-7.162428278678387,,,,,,,,,0.192946195602417,0.7287684851136227,3,3
2018-01-15 00:00:00+00:00,,,0.1867203712463379,-2.9274819275517947,,,,,,,,,0.41927027702331543,-10.335557912791552,,,,,,,,,0.15764760971069336,0.3405507428365313,3,3
2018-01-15 06:00:00+00:00,,,0.2385578155517578,-17.39340490567117,,,,,,,,,0.43381643295288086,-6.266538127519788,,,,,,,,,0.09460318088531494,1.1515994724083873,3,3
2018-01-15 12:00:00+00:00,,,0.1990758180618286,-1.5962289792655966,,,,,,,,,,,0.4318600296974182,-10.350507890724948,,,,,,,0.11545360088348389,1.7007870389353918,3,3
2018-01-15 18:00:00+00:00,,,0.2088354229927063,-3.6944462432247964,,,,,,,,,,,0.39008575677871704,-7.752615169443344,,,,,,,0.18163001537322998,0.6786058152116436,3,3
2018-01-16 00:00:00+00:00,,,0.2448452115058899,-3.1081107152526815,,,,,,,,,,,0.46539950370788574,-10.996273190123166,,,,,,,0.04069244861602783,1.723534081601358,3,3
2018-01-16 06:00:00+00:00,,,0.2989959716796875,-9.471011096175683,,,,,,,,,,,0.4460231065750122,-13.163984199641511,,,,,,,0.13022637367248535,1.1107384730978218,3,3
2018-01-16 12:00:00+00:00,,,0.2653558850288391,-2.6523664957303072,,,,,,,,,,,0.5617696344852448,-12.751551887685569,,,,,,,0.1769554615020752,0.4830985289381964,4,3
2018-01-16 18:00:00+00:00,,,0.1958630084991455,-2.407145529027113,,,,,,,,,,,0.44045335054397583,-8.198716511736025,,,,,,,0.09392869472503662,0.6341618139475113,3,3
2018-01-17 00:00:00+00:00,,,0.20133501291275024,17.28252131521355,,,,,,,,,,,0.4156993627548218,-8.40282449771817,,,,,,,0.17734289169311523,0.3777465493267266,4,3
2018-01-17 06:00:00+00:00,,,0.2763424515724182,-6.478206793173998,,,,,,,,,,,0.43848878145217896,-9.404113216370307,,,,,,,0.31883275508880615,0.11435178040854632,4,4
2018-01-17 12:00:00+00:00,,,0.26564115285873413,-2.903383297350334,,,,,,,,,,,0.501158744096756,-10.972729386968533,,,,,,,0.03136086463928223,0.27237071212987285,4,4
2018-01-18 00:00:00+00:00,,,0.24971050024032593,-9.454281714857483,,,,,,,,,,,0.48202240467071533,-12.979560147916157,,,,,,,,,3,2
2018-01-18 06:00:00+00:00,,,0.22650182247161865,-8.332262417036945,,,,,,,,,,,0.4746397137641907,-8.80278581375848,,,,,,,,,2,2
2018-01-18 12:00:00+00:00,,,0.2576367259025574,-3.795322933433781,,,,,,,,,,,0.4466264843940735,-11.698706321627293,,,,,,,,,2,2
2018-01-18 18:00:00+00:00,,,0.15779274702072144,-3.8268358613324587,,,0.2216944694519043,0.25766721385900493,,,,,,,0.4727000594139099,-12.008918913299512,,,,,,,,,3,3
2018-01-19 00:00:00+00:00,,,0.2920113205909729,-3.0968289444408774,,,0.2573626637458801,-2.1847289026204426,,,,,,,0.46047502756118774,-7.977335692064811,,,,,,,,,3,3
2018-01-19 06:00:00+00:00,,,0.21479129791259766,-3.0208984343676435,,,0.2634212374687195,-7.127441990434031,,,,,,,0.4650112986564636,-15.808188468530346,,,,,,,,,4,4
2018-01-19 12:00:00+00:00,,,0.2577725052833557,-3.2522686546402904,,,0.5516701638698578,-9.48684721292442,,,,,,,0.44501012563705444,-6.721656079311155,,,,,,,,,4,4
2018-01-19 18:00:00+00:00,,,0.2507794499397278,-2.849654061967323,,,,,0.36712872982025146,-7.477099516136753,,,,,0.424235463142395,-10.190426849625148,,,,,,,,,4,4
2018-01-20 00:00:00+00:00,,,0.17456978559494019,-2.7195440006210596,,,,,0.3069523572921753,-11.224084056079898,,,,,,,0.48697686195373535,-12.08458144863753,,,,,,,4,4
2018-01-20 06:00:00+00:00,,,0.2086285948753357,-37.506402273746815,,,,,0.3249948024749756,-2.866226421060267,,,,,,,0.3951703906059265,-9.732313802196376,,,,,,,5,5
2018-01-20 12:00:00+00:00,,,0.18209385871887207,-3.5033449162812493,,,,,0.0004013180732727051,1.3131115525801664,,,,,,,0.3678610920906067,-5.154407667019153,,,,,,,6,5
2018-01-20 18:00:00+00:00,,,0.1355707049369812,13.816879270933445,,,,,0.06287527084350586,0.4288160986199575,,,,,,,0.3627420663833618,-9.324088694872454,0.2003765106201172,-0.3715720005246134,,,,,7,7
2018-01-21 00:00:00+00:00,,,0.16023635864257812,-2.6018689616522197,,,,,0.45807552337646484,-12.767019827481048,,,,,,,0.3219677805900574,-8.703046870550537,0.26698946952819824,0.31792798829777463,,,,,6,6
2018-01-21 06:00:00+00:00,,,0.14955753087997437,-3.487199532399326,,,,,0.42873281240463257,-6.1639922052709695,,,,,,,0.23154550790786743,-4.72912402673623,0.03951716423034668,-0.23532523259246774,,,,,7,7
2018-01-21 12:00:00+00:00,,,0.12782371044158936,-1.56113026250763,,,,,0.4078517556190491,-14.409667867851308,,,,,,,0.32631975412368774,-7.884013988496989,0.17068493366241455,0.4763515916705999,,,,,6,6
2018-01-21 18:00:00+00:00,,,0.17231249809265137,19.769070821770896,,,,,0.24568676948547363,-12.31370942551772,,,,,,,0.35421115159988403,-7.527515636419645,0.19457292556762695,1.6149173512037642,,,,,6,6
2018-01-22 00:00:00+00:00,,,0.16555440425872803,-1.4536222721631529,,,,,0.3212870955467224,-8.614841121667167,,,,,,,0.20829355716705322,-0.525724224565755,0.14824235439300537,0.505929948831235,,,,,6,6
2018-01-22 06:00:00+00:00,,,0.24034857749938965,-1.760122074383427,,,,,0.3931756019592285,-6.8535776029527415,0.06214034557342529,-0.5253551717075801,,,,,0.21789073944091797,-2.375306699866909,0.15594267845153809,0.9606420364646662,,,,,8,7
2018-01-22 12:00:00+00:00,,,0.17941200733184814,-2.5183779876962116,,,,,0.47043436765670776,-4.661464072669024,0.08642125129699707,0.09986892302986998,,,,,0.33021676540374756,-2.9580197446746213,0.11260652542114258,0.3024781729191374,,,,,5,5
2018-01-22 18:00:00+00:00,,,0.20233339071273804,-1.6109585835389635,,,,,0.414514422416687,-14.425794019083376,0.2948751449584961,-2.166087183438032,,,,,0.23318302631378174,-3.944583124632431,0.11262238025665283,0.8259648733370027,,,,,5,5
2018-01-23 00:00:00+00:00,,,0.15640002489089966,-5.782061939494292,,,,,0.5682618618011475,-9.228719610962063,,,,,,,0.20780223608016968,-1.0029161711258112,0.10803782939910889,1.512201420674104,,,,,6,6
2018-01-23 06:00:00+00:00,,,0.279201865196228,-4.755328824251357,,,,,0.35348230600357056,-1.6617767896347155,,,,,,,0.17761290073394775,-1.339094244576348,,,0.15988576412200928,4.548561807752775,,,6,6
2018-01-23 12:00:00+00:00,,,0.21448636054992676,-5.412616327287767,,,,,0.3314779996871948,-3.7619952837696813,,,,,,,0.15311449766159058,-1.2625498286029018,,,0.1809232234954834,0.49659406405336126,,,5,5
2018-01-23 18:00:00+00:00,,,0.13631105422973633,28.921997102124653,,,,,0.44711732864379883,-8.751255939913278,0.393887996673584,0.25755356216515973,,,,,0.251730740070343,-0.6098719444433297,,,0.06245744228363037,0.32913357154781137,,,7,6
2018-01-25 00:00:00+00:00,,,0.22172456979751587,-23.761936932474793,,,,,0.24951469898223877,-15.659438191771919,,,,,,,,,,,0.07038533687591553,1.1486238064611667,,,3,3
2018-01-25 06:00:00+00:00,,,0.22282707691192627,-1.9583234220586514,,,,,0.16420459747314453,-3.68244743135302,,,,,,,,,,,0.13607847690582275,1.4737399903009831,,,3,3
2018-01-25 12:00:00+00:00,,,0.22133100032806396,-3.7136474165746196,,,,,0.31263333559036255,-3.5619675338963392,,,,,,,,,,,0.13057684898376465,32.239030905728036,,,3,3
2018-01-25 18:00:00+00:00,,,0.2062370777130127,19.65004972462425,,,,,0.00740206241607666,1.5837220866032091,,,,,,,,,,,0.1262226104736328,1.9348341374616977,,,3,3
2018-01-26 00:00:00+00:00,,,0.21384894847869873,-2.6410164125672613,,,,,0.0886344313621521,-0.09543300205047749,,,,,,,,,,,0.10696864128112793,0.6302773592372403,,,3,3
2018-01-26 06:00:00+00:00,,,0.2250421643257141,-6.52021365086806,,,,,0.08755755424499512,-0.9175809549225079,,,,,,,,,,,0.1306781768798828,1.7162708855287545,,,4,3
2018-01-26 12:00:00+00:00,,,0.19773012399673462,-2.8172182184332013,,,,,0.10065221786499023,-4.118835186355589,,,,,,,0.5558004379272461,0.41132223530822465,0.45597660541534424,0.8870549593709949,0.1964651346206665,2.1717101611640404,,,5,5
2018-01-26 18:00:00+00:00,,,0.2685205936431885,-28.96047826759644,,,,,0.25853753089904785,-3.2910722333186837,,,,,,,0.12583255767822266,-2.4815076445465163,0.6480585336685181,-9.123620091738822,0.15213334560394287,4.109435035964687,,,5,5
2018-01-27 00:00:00+00:00,,,0.22352242469787598,-7.97315148476981,,,,,0.2519557476043701,-0.725313609699921,,,,,,,0.06067347526550293,1.2648843589257708,0.4891730546951294,0.2632663419238732,0.26570630073547363,2.7568426381941302,,,5,5
2018-01-27 06:00:00+00:00,,,0.228216290473938,-1.7993928280813027,,,,,0.27054399251937866,-3.629236587444848,,,,,0.09382033348083496,1.0006021364406155,0.15745151042938232,0.13462523550703867,0.026822447776794434,-0.3154602288847312,0.18282365798950195,1.40266776075552,,,6,6
2018-01-27 12:00:00+00:00,,,0.26456230878829956,-3.4107554873429664,,,,,0.3085978031158447,-9.917906731488983,,,,,0.22815465927124023,3.8478382613201947,,,0.17792880535125732,0.14436986545249253,0.22549748420715332,26.760652259635407,,,5,5
2018-01-27 18:00:00+00:00,,,0.2268688678741455,-2.779005883029151,,,,,0.3504042625427246,-2.5059944361118887,,,,,0.23088014125823975,0.04419517759517231,0.055001139640808105,-1.8112185180959,0.22929883003234863,0.5229909855162328,0.14023971557617188,-0.350420368127227,,,6,6
2018-01-28 00:00:00+00:00,,,0.2607548236846924,-3.6057262980375233,,,,,0.13586896657943726,-0.0013463132082727584,,,0.09576833248138428,-0.18684905589303138,,,0.5010391473770142,-0.15556163175340101,,,0.0473858118057251,0.47478175608859696,,,6,6
2018-01-28 06:00:00+00:00,,,0.28453224897384644,-2.0129151602384217,,,,,0.22972100973129272,-9.6246745734328,,,0.07202279567718506,-0.1925614454339198,,,0.7774326801300049,0.4108743514077811,,,0.1896580457687378,2.2136711917153136,,,6,6
2018-01-28 12:00:00+00:00,,,0.2237185835838318,-2.153828919111697,,,,,0.00240248441696167,3.6332676328437525,,,0.1338542103767395,-0.06773001974840283,,,,,,,0.19150149822235107,5.079259675098413,0.056682586669921875,-0.09854654268100892,6,6
2018-01-28 18:00:00+00:00,,,0.19396358728408813,-4.699055094678235,,,,,0.4101877808570862,-8.60180071383162,,,,,,,,,0.11852431297302246,0.05257938568941785,0.10983073711395264,0.3316109964901827,0.37981170415878296,-0.3198690377082421,7,6
2018-01-29 00:00:00+00:00,,,0.22112804651260376,-2.913294444151461,,,,,,,0.03623795509338379,-0.2551855549479677,0.18625175952911377,0.3155315323209056,,,,,,,0.12206494808197021,0.17787819627423443,0.1895672082901001,0.23614242263454854,5,5
2018-01-29 06:00:00+00:00,,,0.22620874643325806,-1.943938144235704,,,,,,,,,0.10027694702148438,0.8468161032382138,,,,,,,0.15303146839141846,0.6026769014531791,0.08228814601898193,-1.2997225711554057,5,5
2018-01-29 12:00:00+00:00,,,0.2827538847923279,-7.63321909068588,,,,,,,,,0.11901736259460449,2.836817635929338,,,,,,,0.19940578937530518,0.039100721987023614,,,6,5
2018-01-29 18:00:00+00:00,,,0.2078607678413391,-7.0615641825494695,,,,,,,0.17019033432006836,0.14663413124077243,0.186326265335083,3.0610081200445167,,,,,,,0.16439509391784668,-25.08231057469471,,,4,4
2018-01-30 00:00:00+00:00,,,0.24813508987426758,-2.588444914930551,,,,,,,0.008227348327636719,0.4277207267760427,0.09049618244171143,3.5920036062025362,,,,,,,0.11571300029754639,0.4915335015577037,,,4,4
2018-01-30 06:00:00+00:00,,,0.23610621690750122,-1.5514267278295126,,,,,,,,,,,,,,,,,0.18789255619049072,2.1678677859056936,,,2,2
2018-01-30 12:00:00+00:00,,,0.22905594110488892,-3.3171492241447478,,,,,,,,,,,,,,,,,0.12291157245635986,-10.65209470946516,,,2,2
2018-01-30 18:00:00+00:00,,,0.2482944130897522,-3.6216886999020352,,,,,,,,,,,,,,,,,0.13045334815979004,1.1558224290168049,,,2,2
2018-01-31 00:00:00+00:00,,,0.2642304301261902,-3.481196564014696,,,,,,,,,,,,,,,,,0.21675360202789307,2.886254935392334,,,2,2
2018-01-31 06:00:00+00:00,,,0.2910248637199402,-3.3341626826402093,,,,,,,,,,,,,,,,,0.2009129524230957,2.275680250587454,,,2,2
2018-01-31 12:00:00+00:00,,,0.3010118007659912,-5.2625341766139,,,,,,,,,,,,,,,,,0.1802687644958496,2.3587845967758545,,,2,2
2018-01-31 18:00:00+00:00,,,0.2098705768585205,-4.225494203524684,,,,,,,,,,,,,,,,,0.18828606605529785,10.493092222537856,,,2,2
2018-02-01 00:00:00+00:00,,,0.23926138877868652,4.978220270398031,,,,,,,,,,,,,,,,,0.13714706897735596,2.9749694604910712,,,2,2
2018-02-01 06:00:00+00:00,,,0.27437371015548706,-2.3212722668544226,,,,,,,,,,,,,,,,,0.19300425052642822,15.818089348709918,,,2,2
2018-02-01 12:00:00+00:00,,,0.2941890358924866,-1.587378887196328,,,,,,,,,,,,,,,,,0.1774156093597412,4.37504558457463,,,2,2
2018-02-01 18:00:00+00:00,,,0.24083447456359863,-2.839323653621808,0.45543909072875977,0.22408535445323852,,,,,,,,,,,,,,,0.17959463596343994,4.750520332682484,,,3,3
2018-02-02 00:00:00+00:00,,,0.2398848533630371,-5.369990557323187,,,,,,,,,,,,,,,,,0.1987384557723999,-13.434823630108063,,,2,2
2018-02-02 06:00:00+00:00,,,0.29277098178863525,-2.135033924073299,,,,,,,,,,,,,,,,,0.2180556058883667,-6.159933753287516,,,2,2
2018-02-02 12:00:00+00:00,,,0.2829315662384033,-3.9898424547817752,,,,,,,,,,,0.17309224605560303,3.2694360838994134,,,,,0.2026817798614502,2.035019481561733,,,3,3
2018-02-02 18:00:00+00:00,,,0.296883761882782,-4.423695417739708,,,,,,,,,,,0.26801514625549316,0.44514030760180295,,,,,0.19408202171325684,3.702024098228139,,,3,3
2018-02-03 00:00:00+00:00,,,0.3069380521774292,-6.504500733133197,,,,,,,,,,,0.24153101444244385,1.0707732291509955,,,,,0.1765151023864746,2.7171750382171385,0.20051389932632446,-0.2784008481797301,6,6
2018-02-03 06:00:00+00:00,,,0.3032858371734619,-4.611564409165507,,,,,,,,,,,0.004369974136352539,1.022066886855441,,,,,0.21229374408721924,-25.780921528318768,0.3358525037765503,-0.9058064729769105,4,4
2018-02-03 12:00:00+00:00,,,0.1812170147895813,23.434752908707736,,,,,,,,,,,,,0.2672966718673706,0.5436135964466953,,,0.2480030059814453,2.866261680686725,,,4,4
2018-02-03 18:00:00+00:00,,,0.24841022491455078,7.088653428511509,,,,,,,,,,,,,0.2740662693977356,0.11330758516708136,,,0.1836339235305786,2.1212304134533286,,,4,4
2018-02-04 00:00:00+00:00,,,0.2962445616722107,-4.437030972140823,,,,,,,,,,,,,,,0.11865097284317017,-0.8508633170625384,0.1889173984527588,2.4028965591264315,,,4,4
2018-02-04 06:00:00+00:00,,,0.3221321702003479,-2.9670282812567446,,,,,,,,,,,,,,,0.4659698009490967,-0.6331709521162565,0.23313164710998535,3.4160765733282203,,,4,4
2018-02-04 12:00:00+00:00,,,0.33678728342056274,-1.5164131274839199,,,,,,,,,,,,,,,,,0.22402477264404297,2.872806928803333,,,3,3
2018-02-04 18:00:00+00:00,,,0.338678240776062,-2.8183986706436643,,,,,,,,,,,,,,,,,0.26496005058288574,5.258130324786494,,,3,3
2018-02-05 00:00:00+00:00,,,0.33116912841796875,-2.0293928657433713,,,,,,,,,,,,,,,0.3366454243659973,0.12536078701767794,0.2313905954360962,5.430637261570909,,,4,4
2018-02-05 06:00:00+00:00,,,0.3489071726799011,-2.8756983977783275,,,,,,,,,,,,,,,,,0.2185901403427124,3.5378478013039385,,,2,2
2018-02-05 12:00:00+00:00,,,0.29058003425598145,12.516037974257749,,,,,,,,,,,,,,,,,0.17262673377990723,3.2538223290730195,,,2,2
2018-02-05 18:00:00+00:00,,,0.2947589159011841,-3.8305777201696416,,,,,,,,,,,,,,,,,0.18977653980255127,3.976783202287295,,,2,2
2018-02-06 00:00:00+00:00,,,0.31799638271331787,-4.375959353529003,,,,,,,,,,,,,,,,,0.1849067211151123,6.638339973024819,,,2,2
2018-02-06 06:00:00+00:00,,,0.3207854628562927,-5.290857389539749,,,,,,,,,,,,,,,,,0.23919785022735596,6.488437297534384,0.26690804958343506,0.2951742770956953,3,3
2018-02-06 12:00:00+00:00,,,0.33910971879959106,-17.803216803645196,,,,,,,,,,,,,,,,,0.23030412197113037,4.450927343448166,0.07535099983215332,-0.5884908417573798,3,3
2018-02-06 18:00:00+00:00,,,0.2994077205657959,11.872811496907646,,,,,,,,,,,,,,,,,0.2594912052154541,5.15149026598064,,,2,2
2018-02-07 00:00:00+00:00,,,0.33506065607070923,-6.753959506825802,,,,,,,,,,,,,,,,,0.17704808712005615,6.213007811823951,,,2,2
2018-02-07 06:00:00+00:00,,,0.30410510301589966,-2.535743085277885,,,,,,,,,,,,,,,,,0.25116705894470215,2.477946827163629,,,2,2
2018-02-07 12:00:00+00:00,,,0.32497739791870117,-4.3788167762139185,,,,,,,,,,,,,,,,,0.2519906759262085,2.191727486608521,,,2,2
2018-02-07 18:00:00+00:00,,,0.31386131048202515,-2.016894856769888,,,,,,,,,,,,,,,,,0.20029258728027344,1.111191179597496,,,2,2
2018-02-08 00:00:00+00:00,,,0.25096362829208374,1.4442861027871465,,,,,,,,,,,,,,,,,0.2168281078338623,1.7137878908296416,,,2,2
2018-02-08 06:00:00+00:00,,,0.3128353953361511,-1.8634821223945082,,,,,,,,,0.31679844856262207,-0.31212528500874703,,,,,,,0.19071686267852783,2.3660586977026443,,,3,3
2018-02-08 12:00:00+00:00,,,0.41840970516204834,-4.0860727236406955,,,,,,,,,0.2154233455657959,-0.13764725216657164,,,,,,,0.23720061779022217,1.552988120797398,,,3,3
2018-02-08 18:00:00+00:00,,,0.32669419050216675,-3.0844643783544057,,,,,,,,,0.1042889952659607,-0.8997612984719701,,,,,,,0.2216637134552002,1.4197469379640029,,,3,3
2018-02-09 00:00:00+00:00,,,0.2620083689689636,-1.4498931049456154,,,,,,,,,0.11005353927612305,-0.06169465473098729,,,,,,,0.15057790279388428,3.53617378342909,,,3,3
2018-02-09 06:00:00+00:00,,,0.33015406131744385,-5.450319228379251,,,,,,,,,0.14118337631225586,-0.36554460843963693,,,,,,,0.16867709159851074,1.3140782679946912,,,3,3
2018-02-09 12:00:00+00:00,,,0.2975975275039673,-4.171233291773777,,,,,,,,,0.24234366416931152,-2.70143238198828,,,,,,,0.22577857971191406,0.7401789578072696,,,3,3
2018-02-09 18:00:00+00:00,,,0.2960606813430786,-3.7252778832791504,,,,,,,,,0.18600904941558838,-2.1097449328436153,,,,,,,,,0.2022496461868286,0.8997679308839028,3,3
2018-02-10 00:00:00+00:00,,,0.32068169116973877,-3.439446497613139,,,,,,,,,0.4363930821418762,-8.696904852232146,,,,,,,,,0.2414264678955078,1.758111934858179,3,3
2018-02-10 06:00:00+00:00,,,0.26575666666030884,-3.2152779475459177,,,,,,,,,0.39680421352386475,-8.721712975997624,,,,,,,,,0.1527174711227417,0.4468076836280318,3,3
2018-02-10 12:00:00+00:00,,,0.21111160516738892,19.648528598962343,,,,,,,,,0.3774295449256897,-4.310491910806698,,,,,,,,,0.1430518627166748,1.032943508108647,3,3
2018-02-10 18:00:00+00:00,,,0.2938549518585205,-3.2250157825087538,,,,,,,,,0.4325615167617798,-6.562047610560877,,,0.39912962913513184,0.1694392037518163,,,0.17693638801574707,1.2691807209902797,,,4,4
2018-02-11 00:00:00+00:00,,,0.31308138370513916,-6.811837037632462,,,,,,,,,0.3870946168899536,-9.86645399819098,,,0.20337963104248047,-0.2877631948349676,,,0.1377955675125122,1.2709057913428083,,,4,4
2018-02-11 06:00:00+00:00,,,0.37160342931747437,-39.54817422674574,,,,,,,,,0.3348926901817322,-3.0953055763331365,,,,,,,0.15578162670135498,0.320087005643595,,,4,3
2018-02-11 12:00:00+00:00,,,0.17385733127593994,40.337053438571175,,,,,,,,,,,0.44792789220809937,-6.625796376221224,,,,,0.2526282072067261,0.39778845891954645,,,3,3
2018-02-11 18:00:00+00:00,,,0.2448563575744629,-2.468743015748968,,,,,,,,,,,0.46182894706726074,-6.401494579099555,,,,,0.2689875364303589,0.5505225734795394,,,3,3
2018-02-12 00:00:00+00:00,,,0.17426764965057373,-4.150055814360232,,,,,,,,,,,0.46854329109191895,-6.57006172254426,,,,,0.10963761806488037,-0.2986829104233576,0.07888472080230713,0.008466564154946168,4,4
2018-02-12 06:00:00+00:00,,,0.2659480571746826,-3.4721315611395047,,,,,,,,,,,0.449393630027771,-7.465907990608578,,,,,0.11534500122070312,0.22853406581960642,0.43519127368927,-0.1785830147712216,5,4
2018-02-12 12:00:00+00:00,,,0.37167882919311523,-3.861822639741648,,,,,,,,,,,0.47619909048080444,-5.446955943324878,,,,,0.08345913887023926,-0.05049130299355878,,,3,3
2018-02-12 18:00:00+00:00,,,0.09213334321975708,30.29572233444586,0.33030927181243896,0.04157537487491734,,,,,,,,,0.507764458656311,-12.468624479477144,,,,,0.20491063594818115,0.021028932795994357,0.14620083570480347,-0.30008907764022774,6,6
2018-02-13 00:00:00+00:00,,,0.33342593908309937,-28.65850694255347,0.4461095333099365,-0.3678828771191775,,,,,,,,,0.4191315174102783,-11.105690723158142,,,,,0.05908656120300293,-0.19238760004643285,0.25862765312194824,-9.91772314960557,5,5
2018-02-13 06:00:00+00:00,,,0.32321369647979736,-4.858311048861867,,,,,,,,,,,0.43385761976242065,-10.223310293355453,,,,,0.019924819469451904,0.10633354857858926,0.37014591693878174,-5.732186662425056,5,5
2018-02-13 12:00:00+00:00,,,0.33089619874954224,-1.8279341340149624,,,,,,,,,,,0.47019004821777344,-12.69860286284126,,,,,,,0.06475555896759033,0.03529350549086834,6,5
2018-02-13 18:00:00+00:00,,,0.3088860511779785,-28.266194628232803,,,,,,,,,,,0.43380916118621826,-14.19832955953936,,,,,,,0.11081504821777344,0.09356923908419057,4,4
2018-02-14 00:00:00+00:00,,,0.25443631410598755,-1.6386884333024332,,,,,,,,,,,0.4399891495704651,-12.248704081026053,,,,,,,0.2734958529472351,0.03791628158491789,4,3
2018-02-14 06:00:00+00:00,,,0.2028093934059143,3.565357003212881,,,,,,,,,,,0.3974176049232483,-9.24595058872656,,,,,,,0.1591881513595581,-0.5236170321738711,3,3
2018-02-14 12:00:00+00:00,,,0.30725425481796265,-35.31763555679376,,,,,,,,,,,0.4157523512840271,-11.913141987215287,,,,,,,0.03173565864562988,0.8888605138194217,4,3
2018-02-14 18:00:00+00:00,,,0.313970685005188,-2.185704904208647,,,,,,,,,,,0.39690500497817993,-6.3776364076119,,,,,,,,,4,3
2018-02-15 00:00:00+00:00,,,0.3339322805404663,-1.8801862684528658,,,,,,,,,,,0.41399890184402466,-7.847215082406487,,,,,,,,,4,3
2018-02-15 06:00:00+00:00,,,0.3965240716934204,-25.18085724072407,,,,,0.06708860397338867,0.233491591969873,,,,,0.3637429475784302,-2.9243004462825577,,,,,,,0.36420106887817383,0.5271780063622397,4,4
2018-02-15 12:00:00+00:00,,,0.2979322075843811,-6.613053695373844,,,,,,,,,0.010237157344818115,-0.16109956741718975,0.42600369453430176,-8.50671334226052,,,,,,,0.22924363613128662,-0.044615690489646004,6,6
2018-02-15 18:00:00+00:00,,,0.22583937644958496,-9.948774587360727,,,,,,,,,0.24950110912322998,0.6734665501255088,0.33517569303512573,-4.620789401590084,,,,,,,0.4776097536087036,0.7119321332260625,5,5
2018-02-16 00:00:00+00:00,,,0.21062475442886353,-1.2883215056763666,,,0.1343945860862732,-0.4044199520476366,0.5613215267658234,-4.564334102459723,,,0.03858828544616699,-0.23029318784553743,0.41792911291122437,-7.8125792851977875,,,,,,,,,5,5
2018-02-16 06:00:00+00:00,,,0.2184598445892334,-0.7552588794524602,,,0.29243481159210205,-3.622624287314788,0.22702497243881226,-5.090501536719432,,,0.060111045837402344,0.6097666862370223,0.4900514483451843,-6.404302666491344,,,,,,,,,6,6
2018-02-16 12:00:00+00:00,,,0.23860514163970947,-1.9714859170447965,,,0.30924493074417114,-1.5664983987799004,0.22462153434753418,-0.3736694026870513,,,0.3914705514907837,1.4094597811967673,0.4632009267807007,-7.807782896928996,0.4454081654548645,-2.9471588284928583,,,,,,,7,7
2018-02-16 18:00:00+00:00,,,0.2619580626487732,-4.551533251572334,,,0.06018173694610596,-0.49198409583054337,0.41754984855651855,-5.895876445884407,,,0.02007472515106201,-0.18178666457765708,0.3152523636817932,-4.265352740697541,0.3761308193206787,-1.1633606368333858,,,,,,,9,9
2018-02-17 00:00:00+00:00,,,0.2200402021408081,-1.8544226004040678,,,0.31521379947662354,-1.8168332727026515,0.35611027479171753,-14.318483238036556,,,0.28988730907440186,3.2227972058899947,0.42539674043655396,-5.514888497423082,0.34778887033462524,-1.138917250569344,,,,,,,10,10
2018-02-17 06:00:00+00:00,,,0.25613635778427124,-14.0259220872268,,,,,0.09707748889923096,-0.5837137486168317,,,0.3366227149963379,4.071612772546241,,,0.39338618516921997,-4.364556667563277,0.45016634464263916,0.3561621902682984,,,,,9,9
2018-02-17 12:00:00+00:00,,,0.1279977560043335,1.6942859058435518,,,,,0.056583404541015625,2.1650400407770927,,,0.4018721580505371,2.0765475662053667,,,0.3312867283821106,-3.2732771805242584,,,,,,,8,8
2018-02-17 18:00:00+00:00,0.42085808515548706,-2.4325368287903446,0.265397310256958,-7.929274505223365,,,,,0.3325005769729614,-4.187385193353574,,,0.37452709674835205,2.2366841312654446,0.3824864625930786,4.846780702934006,0.3070591688156128,-8.347759329220011,,,,,,,10,9
2018-02-18 00:00:00+00:00,,,0.23268002271652222,-6.5648198653349725,,,,,0.4018095135688782,-9.70738815567389,,,0.3091897964477539,1.994862389371737,0.34577298164367676,2.287533637312544,0.28009122610092163,-3.873018588983449,0.14461541175842285,0.1562696055025596,,,,,10,10
2018-02-18 06:00:00+00:00,,,0.21628177165985107,-2.8337574147595617,,,0.6273322701454163,-1.529539343873748,0.29570287466049194,-3.127346425426785,,,0.21510827541351318,0.22940659985505868,0.3771698474884033,3.6685802469270197,0.2642442584037781,-2.7645987270687473,0.24022436141967773,-0.45001891858845305,,,,,12,12
2018-02-18 12:00:00+00:00,,,0.15394437313079834,-1.7920359243620634,,,0.17560148239135742,-0.7994152306836848,0.2691112160682678,-3.955634303005987,,,,,0.480318546295166,4.779072555677131,0.24636822938919067,-1.4232168433339119,0.10251820087432861,0.7633315562287384,,,,,10,10
2018-02-18 18:00:00+00:00,,,0.19326210021972656,-2.8688100245001222,,,0.1259317398071289,-0.03550613106702671,0.21141475439071655,-4.081280716913462,,,,,0.21628403663635254,2.911693668234922,0.28473609685897827,-1.7620923925640748,0.13222205638885498,-0.33123088959795544,,,,,10,10
2018-02-19 00:00:00+00:00,,,0.22387206554412842,-2.8938342603374676,,,,,0.14382392168045044,9.781933562153355,0.01321488618850708,-5.775548703958231,,,0.46374619007110596,6.803684166660001,0.22930628061294556,-1.6044613591594634,0.03728562593460083,-0.3545050136810974,,,,,9,9
2018-02-19 06:00:00+00:00,,,0.2359265685081482,-0.4935942070600121,,,0.027203261852264404,-0.08534105388896167,0.16987013816833496,-5.159304822640566,0.1013861894607544,0.5414123345984505,,,0.3547412157058716,7.464193566387285,0.22109150886535645,-1.9228991269296662,0.07489842176437378,-0.1923446590724384,,,,,10,9
2018-02-19 12:00:00+00:00,,,0.21052902936935425,-6.555369836546783,,,0.23518884181976318,0.551765686547805,0.262967586517334,-9.392218074729302,0.45621389150619507,0.2514264546564201,,,0.27494966983795166,3.983817966754116,0.27772819995880127,-0.4852603390660316,0.09004020690917969,-0.10487803676996288,,,,,10,10
2018-02-19 18:00:00+00:00,,,0.19916194677352905,-3.275699807419525,,,0.011069178581237793,0.5498170160247031,0.23409539461135864,-0.8940901826836856,,,,,0.34057652950286865,2.337934282401362,0.2600000500679016,-1.5888138462906278,0.21299004554748535,-0.19302718666348861,,,,,9,9
2018-02-20 00:00:00+00:00,,,0.22168183326721191,-6.287593416930409,,,0.2291182279586792,-2.046830618857255,0.34968090057373047,-3.8782766688810555,,,,,0.47141897678375244,8.232049636608417,0.1313595175743103,-2.274767128185058,0.05352818965911865,-0.009977926383150095,,,,,9,9
2018-02-20 06:00:00+00:00,,,0.22789674997329712,-3.5501831860152246,,,0.2919721007347107,-4.423141985523033,,,,,,,0.3459538221359253,3.7129607951782253,0.15055060386657715,-0.5617824588614347,0.20910334587097168,1.6490055235974819,,,,,7,7
2018-02-20 12:00:00+00:00,,,0.2600289583206177,-7.000707531628289,,,0.17390966415405273,-0.9101556758351179,0.30355119705200195,-7.029939302737487,,,0.024266719818115234,-0.3769428836712256,0.06058084964752197,0.7010843240584159,0.26893770694732666,-1.4889472115742013,0.10366249084472656,0.4761148384794335,,,,,10,10
2018-02-20 18:00:00+00:00,,,0.2355690598487854,-7.608140612595554,,,0.2268635630607605,-1.3803982581387486,0.32023030519485474,-2.658217186315172,,,,,0.2475113868713379,12.822505575767705,0.44660794734954834,-0.49829228344177284,0.18303251266479492,1.1162915649691922,0.1511216163635254,0.39579788465088067,,,12,10
2018-02-21 00:00:00+00:00,,,0.20646828413009644,-5.103928107942487,,,0.7025877833366394,-5.497955491070644,0.21803754568099976,-1.9036263877902082,,,,,0.2280193567276001,4.541054033387195,,,0.1541677713394165,0.9557319769112791,0.04764699935913086,0.17903773571361856,,,7,7
2018-02-21 06:00:00+00:00,,,0.24769651889801025,-4.216793036018879,,,0.5175745785236359,-7.949051473926254,0.27377015352249146,-1.5654677822693632,0.3481366038322449,-2.442588264505262,,,0.3708115816116333,4.080924511587147,,,0.05830347537994385,1.0977843519653552,,,,,7,7
2018-02-21 12:00:00+00:00,,,0.2512335181236267,-10.076891849551716,,,,,0.18278729915618896,0.6871973242570292,0.29184651374816895,0.026542945064400747,,,0.003553032875061035,-6.5952032193518075,,,0.15636694431304932,0.5407259941419078,,,,,7,7
2018-02-21 18:00:00+00:00,,,0.22290629148483276,-7.503909123733971,,,,,0.3060908317565918,-3.7468678344262343,0.4486234188079834,-0.26294644773757286,,,0.30574870109558105,0.9542862992052619,,,0.1453094482421875,1.4649625634876005,,,,,6,6
2018-02-22 00:00:00+00:00,,,0.225572407245636,-4.730387333826115,,,,,0.4662401080131531,-3.518052182067195,,,,,0.45089900493621826,0.5844194349243799,,,0.04655492305755615,0.9047672571015827,,,,,4,4
2018-02-22 06:00:00+00:00,,,0.2493688464164734,-4.4207742574877456,,,,,0.42183417081832886,-8.99585639461593,,,,,,,0.20894789695739746,0.3820032764452134,0.18113291263580322,2.818172517974242,,,,,4,4
2018-02-22 12:00:00+00:00,,,0.24441570043563843,-4.263413871269773,,,,,0.33814388513565063,-4.57130340260783,0.03442072868347168,-1.1924664259576079,,,,,,,,,0.13581883907318115,1.955127447027917,,,4,4
2018-02-22 18:00:00+00:00,,,0.2122952938079834,-6.350644951553649,,,,,0.18789911270141602,-3.3354365139123887,,,,,,,,,,,0.18640339374542236,1.2117890353858423,,,4,4
2018-02-23 00:00:00+00:00,,,0.22697758674621582,3.4574493377549462,,,,,0.2813495397567749,-8.357405424963616,,,,,,,,,,,0.1603403091430664,0.8051342307804418,,,3,3
2018-02-23 06:00:00+00:00,,,0.2548810839653015,-3.9071867382922676,,,,,0.3018553853034973,-13.629085497067392,0.44493937492370605,0.42895489465674136,,,,,,,,,0.13051366806030273,2.5190407440661384,,,5,5
2018-02-23 12:00:00+00:00,,,0.2259235978126526,-5.902035602517243,0.22843950986862183,-1.0467465721152365,,,0.33127355575561523,-7.4507052317597715,,,,,,,,,,,0.19394278526306152,0.8382480698640652,,,6,6
2018-02-23 18:00:00+00:00,,,0.2134256362915039,-10.909683382404422,0.24360400438308716,-0.21189250356426564,,,0.3298489451408386,-11.036652222968618,,,,,,,,,,,0.12919509410858154,0.7490156359360338,,,5,5
2018-02-24 00:00:00+00:00,,,0.23838907480239868,-4.834768964552199,0.34721678495407104,-2.771180772988267,,,0.3159674406051636,-5.3284321430903105,,,,,,,,,,,0.18037021160125732,5.573991964875749,,,5,5
2018-02-24 06:00:00+00:00,,,0.24502813816070557,-4.531579573102997,,,,,0.26833009719848633,-8.019106774036072,0.052052974700927734,0.15263788472341186,,,,,,,,,0.17982780933380127,0.5942536116499515,,,4,4
2018-02-24 12:00:00+00:00,,,0.23430198431015015,-4.630362626984561,0.056846559047698975,-1.4846568234986532,,,0.21693825721740723,-0.8245422856863226,,,,,,,,,,,0.1728116273880005,6.478984009104986,,,4,4
2018-02-24 18:00:00+00:00,,,0.19928759336471558,-4.235725070864576,,,,,0.32828909158706665,-7.301477240895258,0.06727474927902222,-3.0324415866861045,,,,,,,0.1294541358947754,0.5138280897934405,0.17932677268981934,8.307971570430622,,,6,6
2018-02-25 00:00:00+00:00,,,0.2260798215866089,-3.2585003629862177,,,,,0.32422709465026855,-1.3603434004403279,0.21304357051849365,-0.4500304480259442,,,,,,,,,0.13936066627502441,2.5543672988361767,,,6,6
2018-02-25 06:00:00+00:00,,,0.24517583847045898,-2.7486679968851444,,,,,0.18534713983535767,-6.105817134569727,0.2865368723869324,-1.6031430857991193,0.024171292781829834,-0.042603395097954334,,,,,,,0.23018217086791992,1.7923218825390848,,,7,7
2018-02-25 12:00:00+00:00,,,0.31686437129974365,-22.436684677203043,,,,,0.37584519386291504,-7.065459021850536,0.3016400933265686,-3.0844293943168335,0.04718220233917236,0.22956982761997366,0.05351245403289795,0.583693689892713,,,0.07954621315002441,-0.7524006701349326,0.15317296981811523,-22.936161625786692,,,9,9
2018-02-25 18:00:00+00:00,,,0.2555946707725525,-3.406160936818008,,,,,,,0.34915876388549805,-5.908479419623005,,,,,,,,,0.182228684425354,1.6688499799495542,,,6,6
2018-02-26 00:00:00+00:00,,,0.2539529800415039,-2.508808430906332,,,,,,,0.26779401302337646,-2.7150688471702287,,,,,,,,,0.1634608507156372,4.2604441235305135,,,5,5
2018-02-26 06:00:00+00:00,,,0.2682022452354431,-2.3146854142736264,,,,,,,0.19555610418319702,-0.15149465649477004,0.11069512367248535,1.7752567065703584,0.0025701522827148438,0.021613439427717714,,,,,0.1596735715866089,1.1456175788608913,,,6,6
2018-02-26 12:00:00+00:00,,,0.2646712064743042,-2.2362849325376923,,,,,,,0.1795867681503296,-0.9078800334179601,,,0.2793935537338257,2.3660335463020807,,,0.4108426570892334,1.4989294897786116,0.21723830699920654,3.5590850621305083,,,6,6
2018-02-26 18:00:00+00:00,,,0.2863008379936218,-3.8278602891993727,,,,,,,0.028796792030334473,-0.14454245402904128,0.2564504146575928,2.4674745935155977,0.11835610866546631,1.9627897138558257,,,,,0.2487267255783081,0.7576117093226746,,,5,5
2018-02-27 00:00:00+00:00,,,0.270865261554718,-6.094592310739246,,,,,,,,,,,,,,,,,0.1735825538635254,3.641621271933162,,,2,2
2018-02-27 06:00:00+00:00,,,0.3134901523590088,-3.4137103773764554,,,,,,,,,,,,,,,,,0.2029409408569336,3.8113567810079503,,,2,2
2018-02-27 12:00:00+00:00,,,0.3183937072753906,-8.059438286769295,,,,,,,,,,,,,,,,,0.2089782953262329,3.0516502025234202,,,2,2
2018-02-27 18:00:00+00:00,,,0.2957227826118469,-9.537892272614986,,,,,,,,,,,,,,,,,0.15401411056518555,1.4155588620741524,,,2,2
2018-02-28 00:00:00+00:00,,,0.3048279285430908,-18.94051740787101,,,,,,,,,,,,,,,0.02228999137878418,0.09059655058014805,0.1855398416519165,3.4261003416193105,0.019750893115997314,-0.5580854335642158,5,4
2018-02-28 06:00:00+00:00,,,0.23810327053070068,16.559571441519417,,,,,,,,,,,,,,,,,0.13529515266418457,4.659441155134096,,,3,2
2018-02-28 12:00:00+00:00,,,0.2973727583885193,6.280324057935046,,,,,,,,,,,,,,,,,0.15450942516326904,4.313553687388128,,,3,3
2018-02-28 18:00:00+00:00,,,0.2673335671424866,-4.74382463741748,,,,,,,,,,,,,,,,,0.163041353225708,3.8956133604245973,,,2,2
2018-03-01 00:00:00+00:00,,,0.3106490969657898,-2.2806213951181546,,,,,,,,,,,0.14974761009216309,2.4526616075242216,,,,,0.10937130451202393,18.8544171848537,,,3,3
2018-03-01 06:00:00+00:00,,,0.3232954144477844,-2.6332462247795436,,,,,,,,,,,0.12808752059936523,0.46791432394658666,,,,,0.1422790288925171,2.090954932751597,,,3,3
2018-03-01 12:00:00+00:00,,,0.2670355439186096,-4.0309707734692335,,,,,,,,,,,0.20327913761138916,6.044647578600375,,,,,0.18432092666625977,1.5086852379190605,,,4,4
2018-03-01 18:00:00+00:00,,,0.29884421825408936,-2.5465454114548574,,,,,,,,,,,0.1620340347290039,1.9204178302693327,,,,,0.21511340141296387,2.171292100547459,,,5,5
2018-03-02 00:00:00+00:00,,,0.28890126943588257,-6.227484018676804,,,,,,,,,,,0.20214438438415527,2.940617355568065,,,,,0.16348648071289062,-1.6080805255148456,,,6,6
2018-03-02 06:00:00+00:00,,,0.29862600564956665,-6.04753630352536,,,,,,,,,,,0.2092282772064209,4.513869140237961,,,,,0.2033308744430542,2.9285611485381273,,,5,5
2018-03-02 12:00:00+00:00,,,0.2761056423187256,-4.279265953265975,,,,,,,,,,,,,0.11652946472167969,-0.5743443487366557,,,0.22129249572753906,5.069884173775463,,,4,3
2018-03-02 18:00:00+00:00,,,0.2550097107887268,11.821228295524685,,,,,,,,,,,0.348699688911438,3.9838369353699603,0.2833545207977295,2.1667182327861174,,,0.22525477409362793,2.833554421992263,,,4,4
2018-03-03 00:00:00+00:00,,,0.30747681856155396,-3.7320232977140253,,,,,,,,,,,,,0.2075885534286499,2.7023760010502804,,,0.19287073612213135,3.4225654963288585,0.18084323406219482,0.38432878145417254,5,5
2018-03-03 06:00:00+00:00,,,0.2800678014755249,-3.3596703007881423,0.008363008499145508,0.29642497513416466,,,,,,,,,,,0.1606912612915039,0.9824909514235727,,,0.1947004795074463,4.039858657702062,,,5,5
2018-03-03 12:00:00+00:00,,,0.2801688313484192,-2.571363467169727,,,,,,,,,,,,,0.09567391872406006,-0.2323115174799928,,,0.2461336851119995,5.431347289889706,,,6,5
2018-03-03 18:00:00+00:00,,,0.2938816547393799,-2.8842475979207447,,,,,,,,,,,,,0.2045358419418335,6.152240025172882,,,0.24643361568450928,2.8161045481584246,,,4,4
2018-03-04 00:00:00+00:00,,,0.3208206295967102,-4.92315733884695,,,,,,,,,,,,,0.1581103801727295,-0.4392594864421401,,,0.13729703426361084,-14.622224187511442,,,4,4
2018-03-04 06:00:00+00:00,,,0.2619903087615967,-3.594574870621837,,,,,,,,,,,0.029642045497894287,2.2451691459809653,0.057851195335388184,0.04552145133377037,,,0.26394200325012207,10.003670365183321,,,5,4
2018-03-04 12:00:00+00:00,,,0.2642018795013428,-1.5280835051390569,,,,,,,,,,,,,0.24511396884918213,0.3409395399129732,,,0.22977983951568604,6.182853708420018,,,3,3
2018-03-04 18:00:00+00:00,,,0.2880309224128723,-2.539358704114329,,,,,,,,,,,,,0.08645856380462646,0.08245277982260726,,,0.23871564865112305,3.5734915797597075,,,4,4
2018-03-05 00:00:00+00:00,,,0.3640361428260803,-3.2396645911083266,,,,,,,,,,,0.3350151777267456,10.202042850448112,0.0043762922286987305,-0.02316903182132439,,,0.2653251886367798,12.348134920423467,0.47144651412963867,0.17040730097010012,8,8
2018-03-05 06:00:00+00:00,,,0.36492079496383667,-4.917740558029456,,,,,,,,,,,0.1708129644393921,3.4008305329364688,0.042023539543151855,-0.11976890133968256,,,0.20868325233459473,12.225031021420941,0.5360776484012604,0.20128278005947295,6,6
2018-03-05 12:00:00+00:00,,,0.23300665616989136,-3.269866420732013,,,,,,,,,,,0.04969501495361328,9.646028595767195,,,,,0.19945955276489258,2.292234667584273,0.4293649196624756,1.0999440075007014,5,5
2018-03-05 18:00:00+00:00,,,0.26137346029281616,-3.9503589602836024,,,,,,,,,,,0.22294044494628906,0.00402001984698978,,,,,0.2213064432144165,3.121248070528723,,,4,3
2018-03-06 00:00:00+00:00,,,0.28154492378234863,4.04626743522668,,,,,,,0.172676682472229,-1.095450489241234,0.4195670485496521,0.7764146085162251,,,,,,,0.20487070083618164,10.117548080382479,,,4,4
2018-03-06 06:00:00+00:00,,,0.2714082598686218,-2.6220510280288383,,,,,,,0.10211747884750366,-1.1126931141482417,0.3049841523170471,-0.03764816035022132,,,,,,,0.19789528846740723,3.3872832693844184,,,4,4
2018-03-06 12:00:00+00:00,,,0.29360049962997437,-4.211756273180649,,,,,,,0.21819013357162476,-3.87674084704048,0.2764115333557129,-0.1643885339661314,0.16548240184783936,0.9558930712425796,,,,,0.2386021614074707,5.0749944195441365,,,5,5
2018-03-06 18:00:00+00:00,,,0.2730178236961365,-2.0135550176507784,,,,,,,0.4920884370803833,-4.701439663802779,0.302470326423645,-1.8747362815148803,,,0.15337872505187988,-0.31729853080159853,,,0.21267282962799072,3.3824224863428256,,,5,5
2018-03-07 00:00:00+00:00,,,0.27154719829559326,-3.0987607757377877,,,,,,,0.25974607467651367,-0.16688413167146762,0.1763094663619995,-1.4054991150028044,,,0.09832274913787842,6.059678925531152,,,0.18773972988128662,4.939509377724413,,,6,6
2018-03-07 06:00:00+00:00,,,0.31139057874679565,-1.7576851168844172,,,,,,,0.11997115612030029,0.18877397078535973,0.3547990918159485,-1.6221568074775272,,,0.1608494520187378,-0.6121986391567018,,,0.18426036834716797,2.505159157864241,,,5,5
2018-03-07 12:00:00+00:00,,,0.3191588521003723,-1.6395033791201084,,,,,,,,,0.3923627734184265,-1.2177258381802052,,,,,,,0.21011698246002197,1.576685332429679,,,3,3
2018-03-07 18:00:00+00:00,,,0.2996419072151184,-2.2005627714375806,,,,,,,,,0.29015564918518066,-1.1518284049457657,,,,,,,0.1852320432662964,5.2932335594217115,,,3,3
2018-03-08 00:00:00+00:00,,,0.2276771068572998,-1.3097456549529238,,,,,,,,,0.19241726398468018,-4.440821836385146,0.018409550189971924,-0.038783588986735756,,,,,0.1818084716796875,3.52648259967698,,,4,4
2018-03-08 06:00:00+00:00,,,0.28965604305267334,-1.0531803036146319,,,,,,,,,0.36450207233428955,-2.286258744224576,,,,,,,0.22781896591186523,3.279156299457345,,,3,3
2018-03-08 12:00:00+00:00,,,0.3222430348396301,-3.4687761303357334,,,,,,,,,0.36270493268966675,-6.878351462545572,,,,,,,0.16347992420196533,1.0810016544246601,,,3,3
2018-03-08 18:00:00+00:00,,,0.28854280710220337,-2.2929129786486784,,,,,,,,,0.33537185192108154,-6.243693542113421,,,,,,,0.22101044654846191,4.685591328608549,,,3,3
2018-03-09 00:00:00+00:00,,,0.23577076196670532,-1.8560697352147517,,,,,,,,,0.41340726613998413,-7.20599735591084,,,,,,,0.21673977375030518,2.4601966209647497,,,3,3
2018-03-09 06:00:00+00:00,,,0.31859123706817627,-2.65701208140505,,,,,,,,,0.31649595499038696,-6.183264816896628,,,,,,,0.16790175437927246,1.1195834480083695,,,3,3
2018-03-09 12:00:00+00:00,,,0.23303699493408203,-2.108920820838613,,,,,,,,,0.4043065309524536,-7.069335871648268,,,,,,,0.271823525428772,1.4909483818468692,0.39252758026123047,0.14574161267589725,4,4
2018-03-09 18:00:00+00:00,,,0.2886055111885071,-20.980199462904682,,,,,,,,,0.36289823055267334,-5.12103143379915,,,,,,,0.13575923442840576,0.515915411273556,,,4,4
2018-03-10 00:00:00+00:00,,,0.23093533515930176,-1.383476461869226,,,,,,,,,0.4421640634536743,-6.659898874709067,,,,,,,,,0.16130220890045166,1.347970042090902,4,4
2018-03-10 06:00:00+00:00,,,0.21266436576843262,-1.5630751769832856,,,,,,,,,,,0.45703762769699097,-7.16264913184344,,,,,0.12040281295776367,2.2355492565995627,,,3,3
2018-03-10 12:00:00+00:00,,,0.21645623445510864,18.14568339922108,,,,,,,,,,,0.4324911832809448,-8.834247398394316,,,,,,,0.1805732250213623,0.7191861014739942,3,3
2018-03-10 18:00:00+00:00,,,0.23605316877365112,-0.8013322165374958,,,,,,,,,0.298201322555542,-0.8303174968138042,0.4401763677597046,-9.93107363166505,,,,,,,0.24374806880950928,1.3015467818171087,5,4
2018-03-11 00:00:00+00:00,,,0.22732317447662354,-2.005954948391858,,,,,,,,,,,0.4248225688934326,-7.066861680769096,,,,,,,0.051344871520996094,-3.20417737095549,3,3
2018-03-11 06:00:00+00:00,,,0.2636061906814575,-1.947103940404497,,,,,,,,,,,0.4532214403152466,-6.289665811821782,,,,,,,0.1981334686279297,0.6993193071189854,3,3
2018-03-11 12:00:00+00:00,,,0.25928831100463867,-4.9586951648097575,,,,,,,,,,,0.4551519751548767,-9.392690771769452,,,,,0.3135840892791748,2.9956521695147478,0.27997326850891113,-0.3537935819437612,5,4
2018-03-11 18:00:00+00:00,,,0.2935193181037903,-2.4514944967104944,,,,,,,,,,,0.4857657551765442,-7.893924013643232,,,,,0.15113389492034912,0.259154104405953,0.08898603916168213,1.137253576206224,5,5
2018-03-12 00:00:00+00:00,,,0.25020766258239746,12.112796768774368,,,,,,,,,,,0.4691552519798279,-6.764481213396987,,,,,0.14319133758544922,-0.009741881325129044,0.0997154712677002,0.2764145734349757,5,5
2018-03-12 06:00:00+00:00,,,0.3001886010169983,-1.855165408303122,,,,,,,,,,,0.4833977222442627,-7.890635328783842,,,,,0.13339948654174805,0.5007360454286484,0.22409886121749878,-0.3073568627193291,4,4
2018-03-12 12:00:00+00:00,,,0.27981412410736084,-3.569885622966581,,,,,,,,,,,0.4807244539260864,-11.294693711865706,,,,,0.10438740253448486,0.04737273924028859,0.05192220211029053,0.8705690268676292,5,4
2018-03-12 18:00:00+00:00,,,0.3461156487464905,-5.307476792124661,,,,,,,,,,,0.44601285457611084,-8.930744202245837,,,,,0.18236827850341797,0.7931575015408935,,,4,3
2018-03-13 00:00:00+00:00,,,0.16396385431289673,18.58697392576721,,,,,,,,,,,0.3904244899749756,-9.584572749049638,,,,,0.09290635585784912,0.3102456683003164,0.38624072074890137,1.6475966217692237,4,4
2018-03-13 06:00:00+00:00,,,0.24898213148117065,-2.056350369323883,,,,,,,,,,,0.38992780447006226,-8.70737070983519,,,,,,,0.23676538467407227,0.699983548766339,3,3
2018-03-13 12:00:00+00:00,,,0.2207624912261963,-2.627185319294863,,,,,,,,,,,0.45306122303009033,-8.4803839460695,,,,,,,0.21725940704345703,1.3443485169382605,4,3
2018-03-13 18:00:00+00:00,,,0.2652245759963989,-7.92380539338966,,,,,,,,,,,0.3489362597465515,-6.490091323949731,,,,,,,0.15733754634857178,0.2551601311000858,3,3
2018-03-14 00:00:00+00:00,,,0.24356979131698608,-1.6119541122334111,,,,,,,,,,,0.4686433672904968,-8.33452115771862,,,,,0.24854624271392822,0.30272490153708875,,,3,3
2018-03-14 06:00:00+00:00,,,0.33300256729125977,-2.608290944693369,,,,,,,,,,,0.4083278179168701,-7.4741398498723735,,,,,,,0.15802860260009766,1.0725789064604565,4,4
2018-03-14 12:00:00+00:00,,,0.28377628326416016,-4.514210347407828,,,,,,,,,,,0.41427433490753174,-8.454765847432657,,,,,,,0.17954468727111816,0.022505431897814947,3,3
2018-03-14 18:00:00+00:00,,,0.30375438928604126,-3.025135235425037,,,,,,,,,,,0.38730376958847046,-6.230287464998318,,,,,,,0.10700690746307373,1.466290188003089,4,4
2018-03-15 00:00:00+00:00,,,0.3185712695121765,-6.1417373536541415,,,,,,,,,,,0.40200358629226685,-5.707437671556604,,,,,0.15933871269226074,0.35882312770511565,,,3,3
2018-03-15 06:00:00+00:00,,,0.27327048778533936,-3.6415721329264206,,,,,,,,,,,0.35645127296447754,-9.217156537924465,,,,,0.05863678455352783,-6.034332282726756,,,3,3
2018-03-15 12:00:00+00:00,,,0.2602688670158386,-3.9246962440901023,,,,,,,,,,,,,0.3584388494491577,-8.173362583248032,,,0.12546002864837646,1.842440303576155,,,3,3
2018-03-15 18:00:00+00:00,,,0.23415517807006836,-2.6566425479064346,,,,,,,,,,,,,0.3875223994255066,-5.061805750993358,,,0.08799970149993896,0.7660286526688252,,,3,3
2018-03-16 00:00:00+00:00,,,0.18028169870376587,-0.24910698298707687,,,,,,,,,,,,,0.3676936626434326,-9.476188037660343,,,0.1179194450378418,1.740108704971306,,,3,3
2018-03-16 06:00:00+00:00,0.19210004806518555,-7.804377178546804,,,,,,,,,,,,,,,0.28403371572494507,-4.142400598546914,,,0.13478517532348633,0.6425505344948652,,,3,3
2018-03-16 12:00:00+00:00,0.21967333555221558,-2.4790150186795197,,,,,,,,,,,,,,,0.29235023260116577,-8.143039272559813,,,0.0890113115310669,-0.33293010320643285,,,3,3
2018-03-16 18:00:00+00:00,0.23479408025741577,-3.763442765782843,,,,,,,,,,,,,0.5175767540931702,-5.737441691300892,0.2812740206718445,-3.148696737647426,,,0.29304587841033936,0.3232330665990775,,,5,5
2018-03-17 00:00:00+00:00,0.15903377532958984,-5.507294007324967,,,,,0.3127278685569763,-0.13858756807963374,,,,,,,,,0.20661145448684692,-7.9090562691483575,,,0.3199183940887451,0.2894596168970378,,,4,4
2018-03-17 06:00:00+00:00,0.19526362419128418,-3.9323158741748228,,,,,,,,,,,,,,,0.2961863875389099,-5.712313763746423,,,0.13006985187530518,0.9756082788161782,,,5,4
2018-03-17 12:00:00+00:00,0.21556955575942993,-4.347837501880423,,,,,,,0.1730828881263733,-1.6814895087997084,,,,,0.22009694576263428,0.8692471481471309,0.19116675853729248,-2.5446703215229993,,,0.316067099571228,1.997876151386957,,,6,6
2018-03-17 18:00:00+00:00,0.20029890537261963,53.96097083055993,,,0.20407593250274658,-0.4828625379636641,,,0.06024599075317383,-0.9532793508175694,,,,,0.10501134395599365,0.11404555337145313,0.2760504484176636,-1.5349957638323861,,,0.11617541313171387,1.7933112207599622,,,7,7
2018-03-18 00:00:00+00:00,0.25056272745132446,-2.43318016940469,0.45668160915374756,-0.24020265124123272,0.27033478021621704,-0.4984958109903426,,,0.06382673978805542,-1.8046507391601534,,,,,0.20202064514160156,2.070368065418662,0.14933830499649048,-0.583736901344168,,,0.17366665601730347,0.06618920992473197,,,9,9
2018-03-18 06:00:00+00:00,0.23040419816970825,-5.760514729944296,0.277424693107605,-1.545527785787853,,,,,0.11520683765411377,-2.24418925460844,,,,,0.28294408321380615,5.11296385060244,0.0789940357208252,0.25696566331513265,,,0.20203173160552979,0.5511826745855273,,,8,8
2018-03-18 12:00:00+00:00,,,0.24222028255462646,-9.735841310296818,,,,,0.08744794130325317,-3.7157715866904546,,,,,0.28237664699554443,3.7098152834807436,0.12334853410720825,-0.05412333578113757,,,0.2146165370941162,0.08491042697339463,,,7,7
2018-03-18 18:00:00+00:00,,,0.2204788327217102,-2.6297953629208286,,,,,0.04527759552001953,0.9786994953128281,,,,,0.07710492610931396,0.9149559686253868,0.03675347566604614,-0.3509590544416807,,,0.06326711177825928,0.19734238742440918,,,6,6
2018-03-19 00:00:00+00:00,,,0.24175035953521729,-8.4993576000256,,,0.4303351044654846,-2.5928476204575905,0.24889850616455078,-5.839205059349587,,,,,0.3522273302078247,6.969062259957494,0.1237720251083374,-0.8003640326875586,,,0.22568726539611816,-0.12370532198494016,,,10,10
2018-03-19 06:00:00+00:00,,,0.2413778305053711,-6.194677823970792,,,,,0.12768816947937012,-5.833597265061634,,,,,0.43089795112609863,1.7868177588965584,0.13966995477676392,-8.279305340051133,,,0.2887308597564697,0.6419694304860025,,,7,7
2018-03-19 12:00:00+00:00,,,0.25466132164001465,-3.8332762879755022,,,0.34395623207092285,-11.98061562986574,0.24728262424468994,-0.25831966373487475,,,,,0.259194016456604,13.432893272781321,0.09047150611877441,-0.5619034409535313,,,0.10121798515319824,0.08432592181838987,,,10,9
2018-03-19 18:00:00+00:00,,,0.24055880308151245,-7.386651965066406,,,,,0.27265727519989014,-0.21786577095039877,,,,,0.18070447444915771,0.24539035859588948,0.2749471664428711,0.8437065748296124,,,0.21277976036071777,1.0921314332703354,,,5,5
2018-03-20 00:00:00+00:00,0.04633951187133789,0.02717138373938745,0.1922626495361328,-3.843604138569613,,,0.2783827781677246,-1.0963814869814275,0.00011914968490600586,1.261098241953891,,,,,0.38148224353790283,0.40196303401005773,0.04406863451004028,0.23259613997263706,,,0.06505715847015381,0.014600770506623019,,,10,10
2018-03-20 06:00:00+00:00,,,0.27147024869918823,-2.229410137016744,,,0.10614192485809326,-0.9027542671627861,0.2794875502586365,-5.357345307573237,0.23406243324279785,0.6702828514572775,,,0.09677112102508545,-0.980283740178616,,,0.13349401950836182,0.01781915158341715,0.18220913410186768,0.3189654096651437,,,12,11
2018-03-20 12:00:00+00:00,,,0.2301298975944519,-4.789647315794673,,,,,0.28382188081741333,-17.241085846274572,0.2570396065711975,-0.8396193021244948,,,0.016512274742126465,1.7932417948566202,,,0.3800179958343506,-0.05053891559343891,0.269966721534729,0.30072915171341963,,,11,11
2018-03-20 18:00:00+00:00,,,0.18179792165756226,-1.4096632533473712,,,0.10958576202392578,-1.1182791465951698,0.2640079855918884,-5.886802384216308,,,,,0.1962294578552246,0.2017489270334903,,,,,0.22729384899139404,0.06416771737638377,,,7,7
2018-03-21 00:00:00+00:00,,,,,,,,,0.2824215292930603,-9.244790062485459,,,,,0.2710210084915161,1.1486038339218316,,,,,0.11230981349945068,0.16331493271061218,,,3,3
2018-03-21 06:00:00+00:00,0.07405376434326172,-1.4681087147551506,0.29856985807418823,-3.60218260442696,,,,,,,,,,,,,,,,,0.22442913055419922,0.33421962974353764,0.8771049976348877,0.4884124093022388,4,4
2018-03-21 12:00:00+00:00,,,0.2545839548110962,-2.9216623581912184,,,,,0.2960777282714844,-2.631240328027714,,,,,,,,,,,0.18518531322479248,0.12171737156844095,,,4,3
2018-03-21 18:00:00+00:00,,,0.26977062225341797,-5.116741929275497,,,,,0.4707428216934204,-10.335528288344143,,,0.47479236125946045,-1.6572925717825335,,,,,0.3888293504714966,-0.12436645571344185,0.2500276565551758,0.40237923902790046,,,9,9
2018-03-22 00:00:00+00:00,,,0.26548057794570923,-6.611424362208011,,,,,0.3684006333351135,-8.242447106565406,,,0.2270416021347046,0.32530778837159485,,,,,0.09872889518737793,-0.07111400070306782,0.03298664093017578,0.38425428338321505,0.7070584297180176,0.15325900041049478,6,6
2018-03-22 06:00:00+00:00,,,0.25752508640289307,-4.858335180597874,,,,,0.4384274482727051,-4.711830902871359,,,0.14423274993896484,0.29767944744183267,,,,,0.15365225076675415,-0.4943916800003782,0.15461516380310059,0.13496289105588624,,,5,5
2018-03-22 12:00:00+00:00,,,0.2624276876449585,-6.5642632305166595,,,,,0.4945414662361145,-10.102040147743216,,,0.08068311214447021,-0.05852960625947297,,,,,0.40091145038604736,0.43343110487851744,0.21665048599243164,0.4763592651089519,,,7,6
2018-03-22 18:00:00+00:00,,,0.25196343660354614,11.197976793647609,,,,,0.44767242670059204,-9.424603990137534,,,0.16301369667053223,0.1933318536193832,,,,,0.1544296145439148,0.4124729175481697,0.250277042388916,0.0181527891555605,,,6,6
2018-03-23 00:00:00+00:00,,,0.24169743061065674,-3.004017731580671,,,,,0.4428669810295105,-9.862093002118787,0.3889555335044861,-2.559379591209426,0.17916178703308105,-0.025053290562164533,,,,,0.38023555278778076,-0.2146668231097885,0.26538050174713135,1.0264091770418298,,,7,7
2018-03-23 06:00:00+00:00,,,0.26894330978393555,-4.349668035876432,,,,,0.2881106734275818,-3.693791256657443,,,0.05256080627441406,-0.35303871628993116,,,,,0.2745809555053711,-0.09021742894822742,0.1230928897857666,0.5145315686988965,,,5,5
2018-03-23 12:00:00+00:00,,,0.27841001749038696,-5.0822735822672795,,,,,0.40402865409851074,-9.165437354463869,0.3519808053970337,-1.2741407488814875,0.295620322227478,-0.37526429119551147,,,,,0.030281126499176025,0.2753069595502493,0.2644963264465332,1.454810529827427,,,8,8
2018-03-23 18:00:00+00:00,,,0.28149712085723877,-2.8151006522514406,,,,,0.3374459743499756,-12.091289996336632,0.2974950075149536,-2.0738985025043752,0.09932422637939453,-0.05495118753118372,,,,,0.04063010215759277,-13.183795928653696,0.15646612644195557,0.3092345708697338,,,8,8
2018-03-24 00:00:00+00:00,,,0.26880574226379395,-8.076399115200662,,,,,0.4690432548522949,-6.166117335784165,0.0531349778175354,0.47772154854813936,0.08365833759307861,2.0024805683075204,,,,,0.14708566665649414,0.41383108838942273,0.18059039115905762,0.6829554702130687,,,8,8
2018-03-24 06:00:00+00:00,,,0.26791173219680786,-2.187151928661325,,,,,,,0.37689846754074097,-5.154700344542006,0.28545570373535156,0.5480525828116766,,,,,0.16773056983947754,0.2012044475922412,,,,,6,6
2018-03-24 12:00:00+00:00,,,0.32481855154037476,-2.8174013780781846,,,,,,,0.2983055114746094,-1.883684085793165,0.3178853988647461,-1.090036978260329,0.005649924278259277,0.40504241579046185,,,,,0.17793381214141846,1.0379968149578256,,,7,7
2018-03-24 18:00:00+00:00,,,0.31524449586868286,-2.4406037176014737,,,,,,,0.4746870994567871,-13.378740353476275,,,,,,,0.16187453269958496,2.98446733247596,,,,,5,5
2018-03-25 00:00:00+00:00,,,0.2911241054534912,-2.513585291262413,,,,,,,0.2391529679298401,-4.464880569643541,,,0.1597217321395874,5.008647072316909,,,,,,,,,4,4
2018-03-25 06:00:00+00:00,,,0.2831099033355713,-2.544511640071341,0.01746225357055664,-2.7862134469591107,,,,,0.3757166862487793,-3.091525504056619,,,0.20295143127441406,2.6372849909235283,,,,,0.14651381969451904,1.9007978940353767,,,6,6
2018-03-25 12:00:00+00:00,,,0.2849264144897461,-2.9826839095551922,,,,,,,0.3644176721572876,-3.8494681206269306,0.34930574893951416,-0.0700393566258386,0.2095257043838501,9.589484458171501,,,,,,,,,6,6
2018-03-25 18:00:00+00:00,,,0.23492395877838135,-1.462910194205711,,,,,,,0.3672219514846802,-3.7285919151934737,0.08835995197296143,0.21016329703423695,,,,,,,0.23545515537261963,6.555669518227133,,,4,4
2018-03-26 00:00:00+00:00,,,0.24223309755325317,0.17271963066131202,0.07715815305709839,1.0702757049000864,,,,,,,,,,,0.23978066444396973,-2.483087095254672,,,0.1511756181716919,3.642866824024435,,,4,4
2018-03-26 06:00:00+00:00,,,0.27530401945114136,-2.48645319279813,0.07898199558258057,-0.3025511033734292,,,,,,,,,,,0.5366296768188477,-0.8429057129884893,,,0.15471923351287842,5.044069548429899,,,5,5
2018-03-26 12:00:00+00:00,,,0.2344914674758911,-1.9349817309691848,0.11359661817550659,-0.1687537090025664,,,,,,,,,0.4397675395011902,-0.9221329418675671,0.586182564496994,-1.2069768721487057,,,0.12439179420471191,0.9091810405481118,,,5,5
2018-03-26 18:00:00+00:00,,,0.2450079321861267,-1.7167136092930932,0.028229832649230957,0.6727010369486511,,,,,,,,,0.1237187385559082,2.4003593148130626,0.7020933926105499,-1.7082188508668155,,,0.15890347957611084,1.3299783830682816,,,6,6
2018-03-27 00:00:00+00:00,,,0.27123647928237915,-2.2621437516895915,0.03054952621459961,-0.018268772286931648,,,,,,,,,0.19015729427337646,1.2333926176097454,,,,,0.13702011108398438,6.739662241411057,,,4,4
2018-03-27 06:00:00+00:00,,,0.21297913789749146,-1.8262493151575925,0.05939316749572754,-0.10649925689513629,,,,,,,,,0.5734891891479492,1.255967074138383,,,,,0.15105831623077393,2.8063345385454403,,,4,4
2018-03-27 12:00:00+00:00,,,0.2884201407432556,-2.377410138237594,0.4528265595436096,-0.25331085143820925,,,,,,,,,0.38227617740631104,0.496820490109715,,,,,0.1708540916442871,4.608061287740872,,,4,4
2018-03-27 18:00:00+00:00,,,0.2641039490699768,-1.605446358905817,,,,,,,,,0.22236669063568115,-0.054621979759657366,0.3024085760116577,7.380627342144651,,,,,0.09276461601257324,0.5387187519141452,0.2073829174041748,-0.5420411112307731,6,6
2018-03-28 00:00:00+00:00,,,0.20906126499176025,-2.1586186590673644,,,,,,,,,,,0.2419898509979248,8.750575389548349,,,,,0.11740827560424805,-10.685608256638272,,,4,4
2018-03-28 06:00:00+00:00,,,0.28072118759155273,-5.375682301374336,0.9617384225130081,-2.6655291746660765,,,,,,,,,0.46955955028533936,-1.11026873469252,,,,,0.16707301139831543,1.6446913608363642,,,4,4
2018-03-28 12:00:00+00:00,,,0.2902756929397583,-4.157915616978214,,,,,,,,,,,0.06559371948242188,-0.4502727171066887,,,,,0.13882195949554443,-0.13672284476555685,,,5,5
2018-03-28 18:00:00+00:00,,,0.27008509635925293,-3.4974009450024854,,,,,,,,,,,0.08450841903686523,1.4113455181733052,,,,,0.15667355060577393,1.9601307117074762,,,3,3
2018-03-29 00:00:00+00:00,,,0.2894268035888672,-2.8888600098773867,,,,,,,,,,,0.026858031749725342,0.4277036381625091,0.2852621078491211,1.0339798250155494,,,0.2037445306777954,0.8522232952001418,,,5,5
2018-03-29 06:00:00+00:00,,,0.27936190366744995,-2.8935714178342953,,,,,,,,,,,0.05671131610870361,0.2887795780731717,0.06722903251647949,0.5148029498076561,,,0.14812076091766357,5.66887802355721,,,5,5
2018-03-29 12:00:00+00:00,,,0.29944247007369995,-2.5925898096911517,,,,,,,,,,,0.06362736225128174,2.974516375878394,0.2357494831085205,0.4640496638145449,,,0.13344264030456543,2.7525583062960304,,,4,4
2018-03-29 18:00:00+00:00,,,0.29651081562042236,-2.1598036981200437,,,,,,,,,,,0.08403432369232178,-0.052953674409695395,,,,,0.12101876735687256,0.9322441178666635,,,3,3
2018-03-30 00:00:00+00:00,,,0.33485984802246094,-3.163795125020008,,,,,,,,,,,0.05235445499420166,2.7713166843530708,,,,,0.202978253364563,5.795846555092121,,,3,3
2018-03-30 06:00:00+00:00,,,0.2785720229148865,-1.7420157172934438,,,,,,,,,,,,,0.06812405586242676,1.7038957756825184,,,0.16834330558776855,1.42351977807747,,,4,3
2018-03-30 12:00:00+00:00,,,0.34894323348999023,-3.1631089221210926,,,,,,,,,,,,,0.2157677412033081,2.2002141224669685,,,0.12286531925201416,1.1957491177491444,,,3,3
2018-03-30 18:00:00+00:00,,,0.2777864336967468,-4.698329636723647,,,,,,,,,,,,,0.18613886833190918,-0.21251578858877315,,,0.20386946201324463,2.7021916560341395,,,3,3
2018-03-31 00:00:00+00:00,,,0.2825140953063965,-4.928002066735913,,,,,,,,,,,,,,,,,0.15661942958831787,2.1234493640018406,,,2,2
2018-03-31 06:00:00+00:00,,,0.2303297519683838,20.92976089790069,,,,,,,,,,,,,0.0012328624725341797,0.04794705386181655,,,0.15268385410308838,0.9219961660349867,,,4,4
2018-03-31 12:00:00+00:00,,,0.2936365008354187,-4.513044044447159,,,,,,,,,,,,,0.3134636878967285,2.59420957637616,,,0.1908797025680542,3.9592691409847145,,,5,5
2018-03-31 18:00:00+00:00,,,0.32150352001190186,-5.241631877415052,,,,,,,,,,,,,0.12964069843292236,0.952762801269506,,,0.18629562854766846,2.4586729312841613,,,5,5
2018-04-01 00:00:00+00:00,,,0.31794077157974243,-2.6131507400980545,,,,,0.1776186227798462,-6.496062209070777,,,0.43423449993133545,-0.17042668957591361,,,,,,,0.13475608825683594,1.5901708797296619,,,4,4
2018-04-01 06:00:00+00:00,,,0.31948208808898926,-1.8587516628439371,,,,,0.04583090543746948,0.39704795760395856,,,0.41204094886779785,1.399832055433505,,,,,,,0.12273108959197998,0.9625071582659511,,,4,4
2018-04-01 12:00:00+00:00,,,0.29015374183654785,-2.6600783320390837,,,,,,,,,0.04848438501358032,-0.455913205406851,,,,,,,0.15709614753723145,2.537143991123016,,,3,3
2018-04-01 18:00:00+00:00,,,0.28901177644729614,-2.433256355786183,,,,,,,,,0.16045838594436646,-7.162150576423298,,,,,,,0.2023221254348755,1.4049063892023363,0.10345637798309326,0.13189715748908604,4,4
2018-04-02 00:00:00+00:00,,,0.2878984212875366,-1.5993824899290567,,,,,,,,,0.15287047624588013,-0.5601914779231149,,,0.548661857843399,0.9493014106271042,,,0.16677331924438477,1.8677213103168748,0.03702855110168457,0.45276966683836517,5,5
2018-04-02 06:00:00+00:00,,,0.2572214603424072,-3.72226926565101,,,,,,,,,0.16920006275177002,-1.1017746108635693,,,0.6391164064407349,-0.5998997855273955,,,0.17314469814300537,2.962535886476499,,,5,4
2018-04-02 12:00:00+00:00,,,0.3554078936576843,-40.732729255708264,,,,,,,,,0.2952679991722107,-3.334399154402634,,,,,,,0.16203999519348145,1.1369040826165804,,,3,3
2018-04-02 18:00:00+00:00,,,0.24685603380203247,-2.7582114293322904,0.3119206428527832,1.0948895950177189,,,,,,,0.20998495817184448,-0.9150679183831643,,,,,,,0.23032116889953613,3.484300295876511,,,4,4
2018-04-03 00:00:00+00:00,,,0.2937130331993103,-2.834206075937265,,,0.16615080833435059,-1.0262312876717674,,,,,,,,,,,,,0.16566526889801025,2.920169192911947,,,3,3
2018-04-03 06:00:00+00:00,,,0.29138249158859253,-7.486274090777528,,,0.431440532207489,-3.1672268785088504,,,,,,,,,,,,,0.21531891822814941,5.817672744877692,,,3,3
2018-04-03 12:00:00+00:00,,,0.3134763240814209,-3.306490284657151,,,0.4584404230117798,-7.275956436311922,,,,,,,,,,,,,0.1833134889602661,1.2589013511921034,,,3,3
2018-04-03 18:00:00+00:00,,,0.2505566477775574,-2.6246265281265724,,,0.5133673250675201,-6.74964189394536,,,,,,,,,,,,,0.21196866035461426,3.5639114279727853,0.30759644508361816,-0.11129543744116958,4,4
2018-04-04 00:00:00+00:00,,,0.27024704217910767,-3.0451367540909735,,,,,,,,,0.3390205502510071,-4.218594795644654,,,,,,,0.1959596872329712,2.0866094715208887,0.23850911855697632,0.11970569803528273,4,4
2018-04-04 06:00:00+00:00,,,0.2671660780906677,-1.81419934053259,,,,,,,,,0.3717416524887085,-5.274137387981552,,,,,,,0.12577319145202637,1.087341935339299,0.27254021167755127,0.3895297825257002,4,4
2018-04-04 12:00:00+00:00,,,0.29782575368881226,-2.114947673517211,,,,,,,,,0.4527825713157654,-6.386745508137352,,,,,,,0.1682429313659668,5.326530786672205,0.0033205747604370117,0.1063390026948619,4,4
2018-04-04 18:00:00+00:00,,,0.3005295395851135,-4.7150300027807255,,,,,,,,,0.5173305571079254,-13.489618740544786,,,,,,,0.17550182342529297,2.914745097889386,0.14836907386779785,0.03435165109813025,5,5
2018-04-05 00:00:00+00:00,,,0.30833137035369873,-2.104009155629871,,,,,,,,,0.4263077974319458,-12.531833522776475,,,,,,,0.1681365966796875,3.9035719672031135,,,4,3
2018-04-05 06:00:00+00:00,,,0.3341017961502075,-3.7679582948782775,,,,,,,,,,,0.5358537435531616,-16.882520079012068,,,,,0.18427789211273193,2.0147360514649892,,,4,3
2018-04-05 12:00:00+00:00,,,0.32565224170684814,-2.3034832142876436,,,,,,,,,,,0.56680828332901,-16.22855834299502,,,,,0.19521701335906982,1.9119634779300847,,,3,3
2018-04-05 18:00:00+00:00,,,0.3326706886291504,-4.735202981694051,,,,,,,,,,,0.5353749394416809,-13.467636326882557,,,,,0.20653772354125977,0.8920429861739863,,,3,3
2018-04-06 00:00:00+00:00,,,0.26108574867248535,-2.4869242920820733,,,,,,,,,,,0.521001785993576,-7.763311363427086,0.2704153060913086,-0.3496696458913498,,,0.267744779586792,16.21040473337246,,,4,4
2018-04-06 06:00:00+00:00,,,0.37204426527023315,-4.246799720687084,,,,,,,,,,,0.4864773154258728,-19.92846158787459,,,,,0.22836220264434814,6.121425572925741,,,3,3
2018-04-06 12:00:00+00:00,,,0.30464833974838257,-1.1822392659323242,,,,,,,,,,,0.5083054900169373,-12.748037328938713,,,,,0.2418053150177002,0.7250867498118556,,,3,3
2018-04-06 18:00:00+00:00,,,0.2562648057937622,-1.5671596924375193,,,,,,,,,,,0.5780316591262817,-11.934911995620944,0.38874512910842896,-7.079234141878445,,,0.1756737232208252,0.9907894643186704,,,4,4
2018-04-07 00:00:00+00:00,,,0.28747910261154175,-3.005311582373031,,,,,,,,,,,0.48949599266052246,-11.45040077910758,0.2332194447517395,-0.7128173972532044,,,0.24611735343933105,0.35339097175192913,0.19103044271469116,0.01872095600173327,6,6
2018-04-07 06:00:00+00:00,,,0.23588931560516357,-1.3126896613194021,,,,,,,,,,,0.4284970164299011,-20.43946012980833,,,,,0.24470579624176025,0.08251914324741136,0.03214752674102783,0.32754374261719826,5,5
2018-04-07 12:00:00+00:00,,,0.2580615282058716,-25.67799013757038,,,,,,,,,,,0.5253444612026215,-18.91645153657985,,,,,0.20463871955871582,2.1887909957089127,0.32869577407836914,-1.829949793537359,6,5
2018-04-07 18:00:00+00:00,,,0.1621495485305786,-2.280266251558481,,,,,,,,,,,0.5543117821216583,-9.239731272347539,,,,,0.20936381816864014,0.9033599031572528,0.6143292188644409,-0.013850325629655283,6,4
2018-04-08 00:00:00+00:00,,,0.36331790685653687,-4.039009887248785,,,,,,,,,,,0.5289605259895325,-8.54709837462111,,,0.6033270359039307,-0.1846743956323586,0.07874095439910889,-15.792461580882456,0.44438862800598145,1.8387520679537614,6,5
2018-04-08 06:00:00+00:00,,,0.30975449085235596,-1.3551524152737737,,,,,,,,,,,0.5117115676403046,-8.084902731355713,,,0.5494087934494019,-0.11813476673982028,0.22462224960327148,0.9792659283514286,0.29997825622558594,-0.18147752652211302,5,5
2018-04-08 12:00:00+00:00,,,0.33763909339904785,-1.544395977960552,,,,,,,,,,,0.44527482986450195,-9.82980765492411,,,,,0.33414244651794434,0.4171195153543089,,,3,3
2018-04-08 18:00:00+00:00,,,0.3548417091369629,-2.934196394881118,,,,,,,,,,,0.47376614809036255,-13.691323276731291,,,,,0.21366477012634277,-0.0928517245316221,,,3,3
2018-04-09 00:00:00+00:00,,,0.255797803401947,-1.9928006014320618,,,,,,,,,,,0.4678471088409424,-9.943169811404736,,,,,0.3809199333190918,0.2772498881759644,,,3,3
2018-04-09 06:00:00+00:00,,,0.3311460018157959,-9.307589069851032,,,,,,,,,,,0.4857828617095947,-7.3605269632298835,,,,,0.34469616413116455,0.561255563563382,0.32328999042510986,0.7815438423405361,4,4
2018-04-09 12:00:00+00:00,,,0.36192888021469116,-2.4047296047119597,,,,,,,,,,,0.41569703817367554,-6.277684061443827,,,,,0.22426140308380127,0.303036406917076,0.10245919227600098,0.195203064990878,4,4
2018-04-09 18:00:00+00:00,,,0.29346323013305664,-1.0374656866457819,,,,,,,,,,,0.4012795686721802,-8.79413174444602,,,,,0.2766692638397217,0.2526109356897206,,,3,3
2018-04-10 00:00:00+00:00,,,0.28289031982421875,-2.0388222627760366,,,,,,,,,,,0.46088194847106934,-5.199556268469483,,,,,0.08730018138885498,-0.07973766861500173,,,4,4
2018-04-10 06:00:00+00:00,,,0.2433488965034485,-1.9017277112591184,,,,,,,,,,,,,0.4452486038208008,-6.932902029555745,,,0.29584622383117676,0.6675718178700889,,,3,3
2018-04-10 12:00:00+00:00,,,0.27546584606170654,-0.6755849405029716,,,,,,,,,,,,,0.3692600727081299,-5.454054466145086,,,0.2951263189315796,0.5521143432214327,,,4,4
2018-04-10 18:00:00+00:00,,,0.253903329372406,-20.27056188663968,,,,,,,,,,,,,0.3779957890510559,-6.331867354781073,,,0.15247321128845215,0.21359051126468484,,,4,4
2018-04-11 00:00:00+00:00,,,0.22919094562530518,-1.3944127384766558,,,,,,,,,,,0.1253674030303955,-0.7762759580654888,0.3314201831817627,-4.427831892108853,,,0.13043642044067383,0.24277234063234435,,,4,4
2018-04-11 06:00:00+00:00,,,0.35305094718933105,-0.8326699565902823,,,,,,,,,,,,,0.2812201976776123,-2.9592256462878868,,,0.005260348320007324,-0.23696559684252996,,,3,3
2018-04-11 12:00:00+00:00,,,0.32547956705093384,-2.1164403760978954,,,,,,,0.13267135620117188,-1.2156132253183256,,,0.42553114891052246,-5.447724456607111,0.3504753112792969,-4.05472928912756,0.2582138180732727,0.17820182430168205,0.03964078426361084,-0.16364198425843451,,,6,6
2018-04-12 00:00:00+00:00,,,0.29502588510513306,-1.1122078738364156,,,0.0758865475654602,0.4228978461428643,,,,,,,0.28966379165649414,-2.902570253448501,0.277515172958374,1.8277937132974873,0.2822425365447998,0.447457288787,0.18670231103897095,-0.1963383746804312,,,6,6
2018-04-12 06:00:00+00:00,,,0.32660895586013794,-1.6730700745075373,,,0.11162447929382324,-0.31666168894666025,,,,,,,0.5071438550949097,-8.788792881938347,0.31755316257476807,-3.628660579552224,0.27591681480407715,0.03131221672667941,0.36244261264801025,0.5757605799810656,,,6,6
2018-04-12 12:00:00+00:00,,,0.26312971115112305,-1.1405196054757691,,,0.22119629383087158,-0.96957672348479,,,,,,,,,0.2968498468399048,-7.959458980835521,,,0.23455452919006348,0.3743662515386154,,,5,5
2018-04-12 18:00:00+00:00,,,0.3096521496772766,-1.211469559450627,,,0.17744231224060059,-0.6262270032447695,,,,,,,,,0.32571643590927124,-3.2859376169892487,,,0.20236587524414062,-0.2755026670556226,,,5,5
2018-04-13 00:00:00+00:00,,,0.14144366979599,29.791400628449978,,,0.048204660415649414,-0.7209375933110659,,,,,,,,,0.17579936981201172,-1.074002299781662,,,0.18902599811553955,1.8541633271140054,,,5,5
2018-04-13 06:00:00+00:00,,,0.250762939453125,-0.5293071641836533,,,0.220655620098114,-2.1886568376506395,,,,,,,,,0.00797206163406372,-0.4912711266452748,,,0.1617199182510376,0.04861540701946868,0.0959327220916748,0.12255085422625928,5,5
2018-04-13 12:00:00+00:00,,,0.25301802158355713,-10.487157244082972,,,0.25280606746673584,-0.5860213698448968,,,,,,,,,0.3500404953956604,-0.9954544432678105,,,0.1709054708480835,0.5228128555626699,,,4,4
2018-04-13 18:00:00+00:00,0.29485392570495605,0.08102438838480726,0.3103989362716675,-1.0823047582301755,,,0.021021366119384766,-0.14256012433752416,,,,,,,,,0.2827065587043762,-0.3636960122562869,,,0.18182373046875,0.5564537003930149,,,5,5
2018-04-14 00:00:00+00:00,,,0.23089474439620972,-2.497908198225733,,,0.03049790859222412,-1.825714391529461,,,,,,,,,,,,,0.17227303981781006,-0.2344385155194674,,,3,3
2018-04-14 06:00:00+00:00,,,0.25519227981567383,-2.3383873456828694,,,0.30975276231765747,-8.049406443450682,,,,,,,,,,,,,0.11362624168395996,0.4620597098713424,,,3,3
2018-04-14 12:00:00+00:00,,,0.25326651334762573,-0.986331320916057,,,0.27670371532440186,-13.733796870087975,,,,,,,,,,,,,0.09957575798034668,0.5258674487682571,,,3,3
2018-04-14 18:00:00+00:00,,,0.21741682291030884,-0.630361737099681,,,0.2930576205253601,-4.961156209633263,,,,,,,,,,,,,0.2286684513092041,0.9391298303948098,,,3,3
2018-04-15 00:00:00+00:00,,,0.23126661777496338,-0.7418912701043765,,,0.1872960329055786,-7.807332848967808,,,,,,,,,,,,,0.32360804080963135,2.732398203833352,,,3,3
2018-04-15 06:00:00+00:00,,,0.4223388433456421,-36.48844447207504,0.0674980878829956,-0.5911815560999308,0.005620837211608887,-1.1194279307920076,0.3314734697341919,-19.014984788159136,,,,,,,,,,,0.1540977954864502,0.24226316120222535,,,5,5
2018-04-15 12:00:00+00:00,,,0.19226431846618652,-0.7230669619534933,,,,,0.20445895195007324,-2.85022522086621,,,,,,,,,,,0.14403724670410156,0.43761666438197105,,,3,3
2018-04-15 18:00:00+00:00,,,0.2238256335258484,-2.586490662679621,,,,,0.2603769302368164,-12.989902441778861,,,,,,,,,,,0.25317859649658203,0.31511566844708094,,,3,3
2018-04-16 00:00:00+00:00,,,0.19371014833450317,-1.3330355719488123,,,,,0.2150399088859558,-13.532411802630888,,,,,,,,,,,0.11690187454223633,0.5306515033943555,,,3,3
2018-04-16 06:00:00+00:00,0.12236839532852173,-0.3733843982045521,0.197445809841156,-2.877402510497123,,,,,0.2528928518295288,-9.693264671988622,,,,,,,,,,,0.1302933692932129,0.16630282326893087,,,4,4
2018-04-16 12:00:00+00:00,,,0.29083478450775146,-25.693428752463124,,,,,0.2985149621963501,-9.881745789361874,,,,,,,,,,,0.17721068859100342,2.1621233897095684,,,3,3
2018-04-16 18:00:00+00:00,,,0.22732579708099365,-1.5370581296833812,,,,,0.28857266902923584,-10.54972605182418,,,,,,,,,,,0.19601809978485107,1.4471380733424424,,,3,3
2018-04-17 00:00:00+00:00,,,0.24179065227508545,-9.434136418284881,,,,,0.2842004895210266,-11.400627739493963,,,,,,,,,,,0.1912984848022461,0.6285532044514217,,,3,3
2018-04-17 06:00:00+00:00,,,0.2651737332344055,-6.499922061071067,,,,,0.2710869312286377,-6.901074502106553,,,,,,,,,,,0.20673882961273193,0.4602638701829145,,,3,3
2018-04-17 12:00:00+00:00,,,0.23383718729019165,-3.323461473634863,,,,,0.2749999761581421,-4.440043358647638,,,,,,,,,,,0.0468214750289917,-0.08990574905231137,,,3,3
2018-04-17 18:00:00+00:00,,,0.2345408797264099,-6.3722478917689775,,,,,0.2919533848762512,-7.3273177020242635,,,,,,,,,,,0.04483997821807861,-0.22371242399755797,,,3,3
2018-04-18 00:00:00+00:00,0.7854642868041992,-0.5063981354434143,0.26916253566741943,-6.871313983213407,,,,,0.22966301441192627,-10.798171122400788,,,,,,,,,,,0.1396923065185547,2.4078769876060333,,,5,5
2018-04-18 06:00:00+00:00,,,0.25278323888778687,-2.844150039965745,,,,,0.29808807373046875,-29.322422552196816,,,,,,,,,,,0.14541006088256836,-0.08435559480922909,,,3,3
2018-04-18 12:00:00+00:00,,,0.27415651082992554,-4.638835168092348,,,,,0.28015029430389404,-5.422444903324987,,,,,0.46767371892929077,-4.941178959659574,,,,,0.18984472751617432,0.7612380553224191,,,7,7
2018-04-19 00:00:00+00:00,,,0.22460949420928955,-4.215789992349452,,,,,0.45752209424972534,-7.223041761440569,0.30290818214416504,-6.06766172517115,,,,,,,,,0.0781092643737793,1.517905165958964,,,6,6
2018-04-19 06:00:00+00:00,,,0.2840306758880615,-5.067940114093482,,,,,0.40110450983047485,-6.817617546262069,0.2599703073501587,-0.6014070888126929,,,0.4807409644126892,-5.6872455372552855,,,,,0.11149799823760986,0.9849177116295806,,,7,7
2018-04-19 18:00:00+00:00,,,0.2726680636405945,-0.25264720303521776,,,,,0.07799839973449707,-1.5659565661634312,0.4236924648284912,-2.671127456154049,,,0.6071628928184509,-2.3968783820943673,,,,,0.1720486879348755,2.9703168780688354,,,6,6
2018-04-20 00:00:00+00:00,,,0.22666919231414795,-6.470386867858962,,,,,,,0.4497604966163635,-3.940357591471644,,,0.42949551343917847,-4.980589062773425,,,,,0.08623981475830078,0.7387297369455774,0.35647326707839966,0.7676034024643306,6,6
2018-04-20 06:00:00+00:00,,,0.22459006309509277,-3.038635030329744,,,,,,,0.16897857189178467,-3.732617740115348,,,,,0.3856661319732666,-2.6732919354467377,,,0.14542055130004883,1.2584576523503448,0.46396803855895996,0.09507285517114096,5,5
2018-04-20 12:00:00+00:00,,,0.23348677158355713,-14.023955714496669,,,,,,,0.24951142072677612,-3.6212630822325598,,,,,0.3295918107032776,-2.2794491072338965,,,0.14021337032318115,1.3747098297782128,,,5,4
2018-04-20 18:00:00+00:00,,,0.32031410932540894,-24.409071122117048,,,,,,,0.26026779413223267,-6.405041130626944,,,,,0.41789931058883667,-1.788852215527555,,,0.13712012767791748,0.9260221112910161,,,6,5
2018-04-21 00:00:00+00:00,,,0.30455684661865234,-40.136187808873096,,,,,,,0.2675970792770386,-4.238146202875906,0.1702432632446289,4.576353241397777,,,0.44496577978134155,-2.8557762682496324,0.26964282989501953,12.404338555010122,0.13410687446594238,1.8029554943331292,,,7,7
2018-04-21 06:00:00+00:00,,,0.25054067373275757,-3.164850505320504,,,,,,,0.1932833194732666,-1.8784569350526577,,,,,0.28797805309295654,-0.27315600583680266,,,0.18488359451293945,2.9456201047921358,,,4,4
2018-04-21 12:00:00+00:00,,,0.2444358468055725,-52.018106301565126,,,,,,,0.20406681299209595,-1.9985316246231366,,,0.3008686304092407,0.9121055135684885,,,,,0.118399977684021,1.1249492850384748,,,4,4
2018-04-21 18:00:00+00:00,,,0.2742180824279785,-3.4956524939980236,,,,,,,0.3045457601547241,-0.9202886299886207,,,0.09638816118240356,0.37736302190817433,,,,,0.152144193649292,-36.24731496065139,,,4,4
2018-04-22 00:00:00+00:00,,,0.21447253227233887,-3.437074606806171,0.0690886378288269,0.210269788998161,,,,,,,,,0.19038283824920654,4.211623224597955,0.5029091536998749,-3.8742945532033506,,,0.17377722263336182,0.4149063174194478,,,6,6
2018-04-22 06:00:00+00:00,,,0.29036402702331543,-5.44999818984542,,,,,,,,,,,0.16940748691558838,6.678020192035107,0.18520605564117432,-0.06990901417758086,,,0.12371325492858887,0.27614503247166483,,,6,6
2018-04-22 12:00:00+00:00,,,0.2889068126678467,-5.228863344417197,,,,,,,,,,,0.007242321968078613,0.9333502737733554,,,,,0.13183331489562988,-15.430887820471364,,,3,3
2018-04-22 18:00:00+00:00,,,0.2630805969238281,-2.1924245000408105,,,,,,,,,,,0.24098575115203857,6.606092294599475,,,,,0.13070011138916016,-23.120917239140304,,,4,4
2018-04-23 00:00:00+00:00,,,0.26941531896591187,-6.462260920097843,0.09735327959060669,-1.4745160688447108,,,,,,,,,0.8709497451782227,4.825107902259786,,,0.3115013837814331,0.20253700134512845,0.12964820861816406,0.5434431922255082,,,6,5
2018-04-23 06:00:00+00:00,,,0.303239643573761,-7.691335377143023,,,,,,,,,,,,,,,0.024072706699371338,0.3371703287880754,0.1720879077911377,0.7476882959558212,,,3,3
2018-04-23 12:00:00+00:00,,,0.21311980485916138,-3.146506757832792,,,,,,,,,,,,,,,0.42302393913269043,0.8448647761014557,0.12552320957183838,0.679173067414126,,,4,4
2018-04-23 18:00:00+00:00,,,0.2839887738227844,-3.7323906182679423,,,,,,,,,,,,,,,0.12919831275939941,0.4744292257630984,0.006466805934906006,-35.870774739488816,,,3,3
2018-04-24 00:00:00+00:00,,,0.2868347764015198,-3.7361041554258563,,,,,,,,,,,0.01475822925567627,-0.9828384616410265,,,0.0786740779876709,-0.4486327118426553,0.10946059226989746,-12.014142262655893,,,4,4
2018-04-24 06:00:00+00:00,,,0.32005542516708374,-40.05482418124653,,,,,,,,,,,0.11253786087036133,2.482060665596552,,,0.14043688774108887,0.8632478746348841,0.180961012840271,2.5151891819364685,,,4,4
2018-04-24 12:00:00+00:00,,,0.2529771327972412,-3.8851520400280317,,,,,,,,,,,,,0.08435606956481934,0.4833137362466801,,,0.2303234338760376,24.63772755759913,,,3,3
2018-04-24 18:00:00+00:00,,,0.2838607430458069,-3.890599412999634,,,,,,,,,,,,,0.27838826179504395,0.7087167681183157,,,0.2643674612045288,3.5003077625390766,,,3,3
2018-04-25 00:00:00+00:00,,,0.2660641670227051,-3.879566018504836,,,,,,,,,,,,,0.14321297407150269,0.43841833529747637,,,0.163199782371521,0.985677454240702,,,4,4
2018-04-25 06:00:00+00:00,,,0.3337019085884094,-4.653439420017553,,,,,,,,,,,,,0.19619619846343994,0.9934039258422889,,,0.23736786842346191,0.6383098225796312,,,3,3
2018-04-25 12:00:00+00:00,,,0.2857862710952759,-2.571296633325334,,,,,,,,,,,,,0.08303934335708618,-0.3113706333673508,,,0.17517757415771484,2.073092039240564,,,3,3
2018-04-25 18:00:00+00:00,,,0.29049330949783325,-4.417536844713036,,,,,,,,,,,,,0.11372613906860352,-0.3700798475275947,,,0.18576860427856445,16.345818534705412,,,3,3
2018-04-26 00:00:00+00:00,,,0.29150646924972534,-6.11647902354332,,,,,,,,,,,,,0.027868270874023438,-1.1500360328789812,,,0.11810958385467529,0.6661476599957473,,,3,3
2018-04-26 06:00:00+00:00,,,0.21389257907867432,-15.788036135731858,,,,,,,,,,,,,0.38880598545074463,0.2876722685432217,,,0.10489356517791748,-0.23585566994658183,,,3,3
2018-04-26 12:00:00+00:00,,,0.24310815334320068,-1.468736489028441,,,,,,,,,,,,,0.8179231882095337,0.5025427067674961,,,0.1397179365158081,-26.50245927035145,0.1560513973236084,0.9570302942535122,5,5
2018-04-26 18:00:00+00:00,,,0.2951790690422058,-3.629988209406618,,,,,,,,,,,,,,,,,0.1798020601272583,18.18451621807366,0.49643468856811523,0.6770012365810816,3,3
2018-04-27 00:00:00+00:00,,,0.26969051361083984,-3.121740728484801,,,,,,,,,,,,,,,,,0.12476789951324463,2.490417035311829,0.1445925235748291,0.5851992607072469,4,4
2018-04-27 06:00:00+00:00,,,0.2656136155128479,-3.0376896858117473,,,,,,,,,,,,,,,,,0.17092716693878174,0.9794290015086519,0.23005449771881104,5.152096001538651,5,5
2018-04-27 12:00:00+00:00,,,0.21733343601226807,-3.898596684253342,,,,,,,,,,,,,,,,,0.1503967046737671,3.90087664059006,0.40989255905151367,-0.34280430866925976,4,4
2018-04-27 18:00:00+00:00,,,0.2324662208557129,-2.7728284903862934,,,,,,,,,,,,,,,,,0.095162034034729,2.7824566586446347,0.03826320171356201,0.4427153232521158,4,3
2018-04-28 00:00:00+00:00,,,0.28172534704208374,-3.323049891733212,,,0.1217184066772461,0.15889958034621218,0.15215277671813965,0.6210636251740987,,,,,,,,,,,0.18286120891571045,1.1471518794926907,0.24257564544677734,-0.5964040621508235,6,6
2018-04-28 06:00:00+00:00,,,0.26014846563339233,-5.9274777443583675,,,0.011399984359741211,0.06284667602908693,,,,,,,,,,,,,0.18247079849243164,1.0421639813851729,0.24795138835906982,0.21934526307154575,5,5
2018-04-28 12:00:00+00:00,,,0.22292804718017578,-4.206429751068781,,,0.40259188413619995,-0.6011356790871548,,,,,,,,,,,,,0.18710768222808838,2.2199203447821296,,,4,4
2018-04-28 18:00:00+00:00,,,0.2433719038963318,-4.76199258673628,,,0.3697251081466675,-3.3880335183986277,,,,,,,0.28219902515411377,2.3618762922246703,,,,,0.15553224086761475,1.281484051534646,,,4,4
2018-04-29 00:00:00+00:00,,,0.28196394443511963,-0.4117362193750387,,,0.24772751331329346,-8.576065346837913,,,,,,,,,,,,,0.1639927625656128,3.7050533200721985,,,3,3
2018-04-29 06:00:00+00:00,,,0.2970905303955078,-4.526134870185129,,,0.5183358490467072,-2.393471069514865,,,,,,,,,,,,,0.18245267868041992,1.0449812315116662,,,3,3
2018-04-29 12:00:00+00:00,,,0.2557970881462097,-1.6607145856622216,,,0.3923600912094116,-2.417600281355049,,,,,,,,,,,,,0.1668546199798584,2.0352971053174067,,,3,3
2018-04-29 18:00:00+00:00,,,0.2226230502128601,15.452576214035425,,,0.38752955198287964,-4.0868609100629305,,,,,,,,,,,,,0.14321303367614746,0.8955471211516219,,,3,3
2018-04-30 00:00:00+00:00,,,0.21511030197143555,-6.848930595472019,,,0.41357606649398804,-6.063069091680759,,,,,,,,,,,,,0.15345454216003418,5.352013933507996,,,3,3
2018-04-30 06:00:00+00:00,,,0.2908496856689453,-3.772421826467181,,,0.37396037578582764,-4.60021678025778,,,,,,,,,,,,,0.13554859161376953,0.8666385364640278,,,3,3
2018-04-30 12:00:00+00:00,,,0.27585238218307495,-1.4992193501981956,,,0.45019394159317017,-7.912585357556461,,,,,,,,,,,,,0.1540529727935791,0.7349884242600795,,,3,3
2018-04-30 18:00:00+00:00,,,0.21946853399276733,-1.497580568838402,,,0.45110267400741577,-7.265248560501889,,,,,,,,,,,,,0.16118407249450684,1.0022596861366964,,,3,3
2018-05-01 00:00:00+00:00,,,0.24067896604537964,-3.7491999358102954,,,0.5915312170982361,-5.0670001665386915,,,,,,,,,,,,,0.19504547119140625,1.3840850819058519,,,3,3
2018-05-01 06:00:00+00:00,,,0.23255634307861328,-2.1607995854958113,,,,,0.4216434955596924,-4.475944897467249,,,,,,,,,,,0.19777178764343262,11.397223214636107,,,3,3
2018-05-01 12:00:00+00:00,,,0.2809077501296997,-1.584835992371653,,,,,0.6032664775848389,-7.313500619549874,,,0.049943745136260986,-2.114832834355217,,,,,,,0.24584150314331055,6.784419256938542,,,4,4
2018-05-01 18:00:00+00:00,,,0.24919211864471436,-1.5316325516203237,,,,,0.4950786232948303,-8.626877370851503,,,,,,,,,,,0.16252243518829346,0.9512069066874828,,,3,3
2018-05-02 00:00:00+00:00,,,0.23244941234588623,-0.649608166345174,,,,,0.45622289180755615,-4.612790205688997,,,,,,,,,,,0.192535400390625,1.7271307108293816,,,3,3
2018-05-02 06:00:00+00:00,,,0.3247452974319458,-1.740646575722484,,,,,0.4187120795249939,-10.266596920530718,,,,,,,,,,,0.18243145942687988,2.154959840049856,,,3,3
2018-05-02 12:00:00+00:00,,,0.2506118416786194,-2.2101219244830275,,,,,0.48237770795822144,-8.466600875772652,,,,,,,,,,,0.16836845874786377,1.267160177112499,,,3,3
2018-05-02 18:00:00+00:00,,,0.282789409160614,-2.971558320432446,,,,,0.4845428466796875,-7.545757378255923,,,,,,,,,,,0.1292119026184082,0.731466592614078,,,3,3
2018-05-03 00:00:00+00:00,,,0.26916736364364624,2.7342101937000884,,,,,0.4379383325576782,-8.354544555043676,,,,,,,,,,,0.1220782995223999,0.9011845430114566,,,4,3
2018-05-03 06:00:00+00:00,,,0.25605279207229614,-1.013189406447666,,,,,0.4828171133995056,-15.070642721510762,,,,,,,0.08535885810852051,0.027123816493011467,,,0.22972381114959717,3.452140415312167,,,5,4
2018-05-03 12:00:00+00:00,,,0.2440662384033203,2.8156684684572872,0.26734042167663574,0.6775883681686943,,,0.4335050582885742,-7.544783900723579,,,,,,,0.03227412700653076,-0.16062704651201812,,,0.1660137176513672,1.0629671909947582,,,5,5
2018-05-03 18:00:00+00:00,,,0.2736074924468994,-2.6234819371075444,0.44436949491500854,-0.14321173861915384,,,0.4304386377334595,-7.5073993333658455,,,,,,,,,,,0.1963886022567749,1.0587486559117985,0.23089206218719482,0.03688641007348769,5,5
2018-05-04 00:00:00+00:00,,,0.2854371666908264,-1.1912830322615353,0.5627791583538055,0.06135641618890335,,,0.5304207503795624,-10.489830236860195,,,,,0.3374655842781067,-7.441581065945179,,,,,0.10885500907897949,1.5481329951770193,0.3816004991531372,-0.4622541313902689,6,6
2018-05-04 06:00:00+00:00,,,0.1782742738723755,-0.9326797825683497,0.7649129629135132,-0.7239574654872194,,,,,,,,,0.4599669575691223,-6.54244350925771,,,,,0.19123625755310059,1.3070098195363429,,,5,4
2018-05-04 12:00:00+00:00,,,0.24955397844314575,-0.8939602314914127,,,,,,,,,,,0.472550630569458,-8.16463228596752,,,,,0.16630947589874268,0.8606211041788502,,,5,3
2018-05-04 18:00:00+00:00,,,0.13728809356689453,-1.9202858926399444,,,,,,,,,,,0.41204380989074707,-11.372873849027672,,,,,0.16526126861572266,1.5987498906392867,,,4,3
2018-05-05 00:00:00+00:00,,,0.2123543620109558,-0.47362062097683966,,,,,,,,,,,0.40602409839630127,-7.611698474988504,,,,,0.20689725875854492,1.8050798108336383,0.4406159520149231,0.20805359557957853,4,4
2018-05-05 06:00:00+00:00,,,0.29927659034729004,-1.694585872265411,,,,,,,,,,,0.4236118793487549,-6.110164671657793,,,,,0.16859114170074463,3.9035233404748624,,,3,3
2018-05-05 12:00:00+00:00,,,0.2649928331375122,9.020167059075154,,,,,,,,,,,0.4251145124435425,-8.880319105819373,,,,,0.19415199756622314,0.7008672864206661,,,3,3
2018-05-05 18:00:00+00:00,,,0.3154071569442749,-19.1041924899693,,,,,,,0.44093751907348633,-6.713314281186804,,,0.34435421228408813,-6.369148909842624,,,,,0.21723520755767822,1.546218938534166,,,4,4
2018-05-06 00:00:00+00:00,,,0.277027428150177,-2.900585913068264,,,,,,,,,,,0.37311404943466187,-9.562802250282086,,,,,0.1470702886581421,-1.6020550445687796,,,3,3
2018-05-06 06:00:00+00:00,,,0.2585086226463318,-38.36410199364883,,,,,,,,,,,0.38234615325927734,-7.624969453426054,,,,,0.2267378568649292,3.0028138765323784,,,3,3
2018-05-06 12:00:00+00:00,,,0.2890012264251709,-1.7474988406166492,,,,,,,,,,,0.32436567544937134,-10.504512043658009,0.4076218008995056,-8.630681312008445,,,0.27985286712646484,2.760292360688738,,,4,4
2018-05-06 18:00:00+00:00,,,0.274804949760437,-1.5875603034982413,,,,,,,,,,,,,0.34200918674468994,-5.497732536911993,,,0.18424677848815918,1.31840044302031,,,3,3
2018-05-07 00:00:00+00:00,,,0.2201526165008545,-1.5717108038205327,,,,,,,,,,,0.3519141674041748,-9.675183133535173,0.3365328907966614,-11.7182427101679,,,0.19970905780792236,2.3005853628060837,,,4,4
2018-05-07 06:00:00+00:00,,,0.3716425895690918,-30.32356174710255,,,,,,,,,,,,,0.3522471785545349,-3.6514574231521606,,,0.15975451469421387,1.5982570104807075,,,3,3
2018-05-07 12:00:00+00:00,,,0.2949565649032593,-3.4882591583739524,,,,,,,,,,,,,0.28737425804138184,-5.320202163786606,,,0.15869545936584473,2.2991136850244693,,,3,3
2018-05-07 18:00:00+00:00,,,0.26892364025115967,-1.8464968567159528,,,,,,,,,,,,,0.29850244522094727,-5.001885454546202,,,0.15768957138061523,3.9454684375928597,,,3,3
2018-05-08 00:00:00+00:00,,,0.19802021980285645,-1.791848294977874,,,,,,,,,,,0.311864972114563,-4.236414090808265,0.24928712844848633,-4.13876191353529,,,0.1604628562927246,8.083369624321815,,,4,4
2018-05-08 06:00:00+00:00,,,0.2224041223526001,-2.1581028654548255,,,,,,,,,,,0.20497655868530273,-15.454574485991731,0.21437710523605347,-3.911664602813922,,,0.25430428981781006,1.3328538652496116,,,4,4
2018-05-08 12:00:00+00:00,,,0.13741189241409302,-1.1533880409912924,,,,,,,,,,,0.3357025384902954,-5.03813300156077,0.23398399353027344,-1.6978918501434488,,,0.21485555171966553,1.1582037799545886,,,4,4
2018-05-08 18:00:00+00:00,,,0.18941617012023926,-0.7512236986957628,,,,,,,,,,,,,0.23852205276489258,-0.9102628394614977,,,0.17018342018127441,1.5697813432221612,,,4,4
2018-05-09 00:00:00+00:00,,,0.19311672449111938,-1.5467063041084559,,,,,,,,,,,0.04235947132110596,-0.8292258526992096,0.20670944452285767,-2.461229525684386,,,0.0777130126953125,-0.06284905129651933,,,5,5
2018-05-09 06:00:00+00:00,,,0.17999452352523804,-0.6384955885830286,,,,,,,,,,,0.6446014046669006,-2.407392134237584,0.3274286985397339,-3.3687413452787407,,,0.15249013900756836,0.7570719491968065,,,4,4
2018-05-09 12:00:00+00:00,,,0.2446100115776062,-1.5383439682935196,,,,,,,,,,,0.3958917260169983,-8.005321781424628,0.1748948097229004,-1.368931671261689,,,0.17557740211486816,1.6539441758801587,,,5,5
2018-05-09 18:00:00+00:00,,,0.20686471462249756,-2.578450210360311,,,,,,,,,,,0.2147153615951538,-0.5149909073455182,0.16568583250045776,-2.492874690536016,,,0.2160395383834839,5.460608185886714,,,4,4
2018-05-10 00:00:00+00:00,,,0.2479649782180786,-2.3050995217731858,,,,,,,,,,,0.2533952593803406,0.3478739039643475,0.1826552152633667,-4.066074342145998,,,0.23117518424987793,0.8040785456480082,,,4,4
2018-05-10 06:00:00+00:00,,,0.2418157458305359,-2.3604645274609535,,,,,,,,,,,,,0.17589300870895386,-6.447289100023014,,,0.18886911869049072,2.792679974507309,,,4,4
2018-05-10 12:00:00+00:00,,,0.2370394468307495,-1.741839765340495,,,,,,,,,,,,,0.22320085763931274,-7.862975610167222,,,0.19420015811920166,1.0698099699989734,,,6,6
2018-05-10 18:00:00+00:00,,,0.27199602127075195,-2.4827558470106506,,,,,,,,,,,,,0.31087446212768555,-0.727530822716468,,,0.20584440231323242,1.5294996795193347,,,5,5
2018-05-11 00:00:00+00:00,,,0.27428358793258667,-2.050989172460795,,,,,,,,,,,,,0.43088316917419434,-1.2504236039928684,,,0.23493826389312744,1.6787599197033194,,,3,3
2018-05-11 06:00:00+00:00,,,0.31699997186660767,-5.179578976198147,,,,,,,,,,,,,0.17543083429336548,-0.30484979841105664,,,0.3217027187347412,1.587997243368292,,,3,3
2018-05-11 12:00:00+00:00,,,0.31940561532974243,-2.9268778606166213,0.5365336239337921,-0.016921857118872657,0.18243557214736938,0.08236189053009305,,,,,,,,,0.2137332558631897,-2.2516014571722573,,,0.13311290740966797,1.9486225246470503,0.3758084774017334,-0.026294928207417353,6,6
2018-05-11 18:00:00+00:00,,,0.25292348861694336,-2.0358904405465212,,,0.11145448684692383,-0.36258451363571687,,,,,,,,,,,,,0.2645195722579956,4.031180767648113,,,5,3
2018-05-12 00:00:00+00:00,,,0.2694268226623535,-3.1065023853953555,,,0.06950104236602783,0.15807783702873843,,,,,,,,,,,,,0.11977124214172363,0.115967479770789,,,4,3
2018-05-12 06:00:00+00:00,,,0.19709134101867676,6.844479038282744,,,,,0.19989889860153198,-2.4495328947964445,,,,,,,,,,,0.17115449905395508,1.2171975965184794,,,3,3
2018-05-12 12:00:00+00:00,,,0.30930250883102417,-1.40541848093362,,,,,0.08755373954772949,-2.134177486076857,,,,,,,,,,,0.21043062210083008,0.0997089905856538,,,3,3
2018-05-12 18:00:00+00:00,,,0.25856703519821167,-1.7686889413810687,,,,,0.23822075128555298,-6.720045486923401,,,,,,,,,,,0.26489341259002686,2.5121323089808647,,,3,3
2018-05-13 00:00:00+00:00,,,0.07697153091430664,32.14811674134184,,,,,0.17202985286712646,-1.7160785162652283,,,,,,,,,,,0.22039508819580078,0.3686734480157909,,,3,3
2018-05-13 06:00:00+00:00,,,0.2105165719985962,-1.8831865255209597,,,,,0.22735601663589478,-3.3086637052633594,,,,,,,,,,,0.09854590892791748,2.2136385000093575,,,4,3
2018-05-13 12:00:00+00:00,,,0.23511528968811035,-1.63579603836198,,,,,0.2561171054840088,-3.843858056661506,,,,,,,,,,,0.19423282146453857,7.164697755068353,,,4,3
2018-05-13 18:00:00+00:00,,,0.4392372965812683,-17.65769015049363,,,,,0.24311858415603638,-13.370934259917417,,,,,,,,,,,0.1916337013244629,0.7885524402592733,,,3,3
2018-05-14 00:00:00+00:00,,,0.18049603700637817,-1.3053351507338644,,,,,0.2659609913825989,-6.451897489970846,,,,,,,,,,,0.2137089967727661,0.49548308587794737,,,4,4
2018-05-14 06:00:00+00:00,,,0.32146966457366943,-2.1965086161391754,,,,,0.15802687406539917,-3.3930384095033332,,,,,,,,,,,0.3046010732650757,3.521493754818183,,,4,4
2018-05-14 12:00:00+00:00,,,0.29289066791534424,-6.357670264576489,,,,,0.5146867334842682,-9.454540401307565,,,,,,,,,,,0.27774226665496826,1.0664636233741955,,,4,4
2018-05-14 18:00:00+00:00,,,0.2732492685317993,-10.513601554765907,,,,,0.2488161325454712,-3.868798906593685,,,,,,,,,,,0.24272680282592773,3.811799384143615,,,5,5
2018-05-15 00:00:00+00:00,,,0.2384701371192932,0.17326427880234385,,,,,0.3677094578742981,-8.188551684414053,,,,,,,,,,,0.20146429538726807,3.1565236910290246,,,4,4
2018-05-15 06:00:00+00:00,,,0.3903077244758606,-2.6681857969195257,,,,,0.32791876792907715,-6.209733518949784,,,,,,,,,,,0.1598072052001953,2.5488888649465835,,,4,4
2018-05-15 12:00:00+00:00,,,0.3038322329521179,-10.74353371463609,,,,,0.35882872343063354,-3.7057851762798517,,,,,,,,,,,0.19444894790649414,1.6170125512418985,,,5,5
2018-05-15 18:00:00+00:00,,,0.1544402837753296,10.61561536431242,,,,,0.42020177841186523,-4.934788841732102,,,,,,,,,,,0.12752199172973633,0.8426538339147834,,,4,4
2018-05-16 00:00:00+00:00,,,0.2672625780105591,-1.0973345924115487,,,,,0.357705295085907,-10.915537856868003,,,,,,,,,,,0.1766970157623291,2.3004720557689393,,,4,4
2018-05-16 06:00:00+00:00,,,0.24189108610153198,-3.235507894997363,,,,,,,0.3582056164741516,-8.384587007837451,,,,,,,,,0.23251545429229736,2.10064195332516,,,3,3
2018-05-16 12:00:00+00:00,,,0.25213754177093506,-4.729637179038656,,,,,,,0.07763612270355225,3.13638216054594,,,,,,,,,0.19384443759918213,-10.816808241250161,,,3,3
2018-05-16 18:00:00+00:00,,,0.3407006859779358,-2.327519561701434,,,,,,,0.2849327325820923,-1.186657133781264,0.40466248989105225,1.7915256010841543,,,,,,,0.22039198875427246,1.660178246047498,,,4,4
2018-05-17 00:00:00+00:00,,,0.2354869246482849,-1.7038184652793824,,,,,,,0.27507179975509644,-1.1835118541767808,,,0.2977691888809204,0.8007283469973888,,,,,0.16371965408325195,0.8150885686575606,,,4,4
2018-05-17 06:00:00+00:00,,,0.22612088918685913,-2.9770300132601033,,,,,,,0.4441855549812317,-6.543277431489569,,,,,,,,,0.17789924144744873,2.459196936350217,,,3,3
2018-05-17 12:00:00+00:00,,,0.2854854464530945,-1.4271869232059022,,,,,,,0.36741405725479126,-1.6020466324869382,,,,,,,,,0.19253754615783691,1.282687970252519,,,3,3
2018-05-17 18:00:00+00:00,,,0.2932763695716858,-12.946582572040144,,,,,,,0.3738328814506531,-0.3196953842025609,,,,,,,,,0.19298243522644043,-1.4808668380921495,,,3,3
2018-05-18 00:00:00+00:00,,,0.24581307172775269,-2.4283401903015416,,,,,,,0.20406287908554077,-0.8411287841147363,,,,,,,,,0.24942278861999512,12.576845294069381,,,3,3
2018-05-18 06:00:00+00:00,,,0.2538505792617798,-11.647216663985095,,,,,,,0.24302709102630615,-0.32732268102434936,,,,,,,,,0.24910187721252441,3.2594833860088275,,,3,3
2018-05-18 12:00:00+00:00,,,0.2624630928039551,-13.909459680155914,,,,,,,0.22094112634658813,1.0737979022237178,,,,,,,,,0.19149231910705566,4.853839015402716,,,3,3
2018-05-18 18:00:00+00:00,,,0.31883037090301514,-1.8869731986105314,,,,,,,0.12636512517929077,-0.39111094330855584,,,0.2911667823791504,5.350685972659693,,,,,0.16368556022644043,1.8935108958704974,,,4,4
2018-05-19 00:00:00+00:00,,,0.299491822719574,-3.9211996690300714,,,,,,,,,,,,,,,,,0.18662631511688232,8.436240328253806,,,2,2
2018-05-19 06:00:00+00:00,,,0.2714318037033081,-2.532399798322248,,,,,,,,,,,0.23548448085784912,6.724090372986622,,,,,0.2109283208847046,1.5793919042129296,,,3,3
2018-05-19 12:00:00+00:00,,,0.24330580234527588,-4.9907683054023915,,,,,,,,,,,0.2475423812866211,7.371626905851463,,,,,0.20966804027557373,3.3550431126984663,,,3,3
2018-05-19 18:00:00+00:00,,,0.2729124426841736,-4.826444455785431,,,,,,,,,,,0.21968936920166016,1.1765575424547514,,,,,0.15389680862426758,0.6620201820915803,,,3,3
2018-05-20 00:00:00+00:00,,,0.18865126371383667,-2.8509368178753425,,,,,,,,,,,0.2625168561935425,5.399256497413243,,,,,0.21964550018310547,-10.15252139644864,,,3,3
2018-05-20 06:00:00+00:00,,,0.2709805965423584,-4.873665202395731,,,,,,,,,,,0.31074225902557373,5.199061097405872,,,,,0.1976717710494995,-11.199101876443528,,,3,3
2018-05-20 12:00:00+00:00,,,0.2337849736213684,-1.2399377547190236,,,,,,,,,,,0.3692053556442261,6.5225457050146,,,,,0.2117900848388672,2.2354114201808613,,,3,3
2018-05-20 18:00:00+00:00,,,0.2406945824623108,-0.910015909599119,,,,,,,,,,,0.2689328193664551,2.2516285135857186,,,,,0.12595081329345703,0.5813734400821482,,,4,4
2018-05-21 00:00:00+00:00,,,0.24872660636901855,-1.1755183452337943,,,,,,,,,,,0.30142533779144287,2.8497617872253094,,,,,0.21159207820892334,6.9252440773101425,,,3,3
2018-05-21 06:00:00+00:00,,,0.2989325523376465,-5.788225900811062,,,,,,,,,,,0.2913086414337158,6.039270081202057,,,,,0.15584468841552734,0.9497012866329104,,,3,3
2018-05-21 12:00:00+00:00,,,0.2968757748603821,-0.7332661456210954,,,,,,,,,,,,,0.25942111015319824,7.123953694696683,,,0.1853235960006714,-5.433189144111862,,,3,3
2018-05-21 18:00:00+00:00,,,0.23951125144958496,-0.5894111520882639,,,,,,,,,,,,,0.11585533618927002,7.126434916540344,,,0.14056694507598877,-28.351975003948645,,,3,3
2018-05-22 00:00:00+00:00,,,0.3124033808708191,-1.373095767549554,,,,,,,,,,,,,0.22217369079589844,5.900619438200698,,,0.11377954483032227,0.2836408685486825,,,3,3
2018-05-22 06:00:00+00:00,,,0.2688339352607727,-2.1533047227789703,,,,,,,,,,,0.043952345848083496,-1.070308518781008,,,,,0.1364527940750122,1.1541089292505193,,,3,3
2018-05-22 12:00:00+00:00,,,0.26737165451049805,-7.504977033018023,,,,,,,,,,,0.18327796459197998,-1.1882343504650763,0.16563057899475098,0.8421807031785681,,,0.11792135238647461,1.1816867277565113,,,5,5
2018-05-22 18:00:00+00:00,,,0.28585922718048096,-2.91731046612854,,,,,,,,,,,,,0.13142502307891846,1.2958210345383503,,,0.20147693157196045,3.332269060320475,,,3,3
2018-05-23 00:00:00+00:00,,,0.24094974994659424,-5.7628673249517,,,,,,,,,,,,,0.1145169734954834,2.5992261483663057,,,0.17877686023712158,2.18822759747981,,,3,3
2018-05-23 06:00:00+00:00,,,0.24872535467147827,-4.035421820396003,,,,,,,,,,,,,0.22027337551116943,1.9233002706256241,,,0.22865545749664307,6.77139063301232,,,3,3
2018-05-23 12:00:00+00:00,,,0.29116004705429077,-19.52365357150627,,,,,,,,,,,,,,,,,0.1533585786819458,2.2305254879325807,,,2,2
2018-05-23 18:00:00+00:00,,,0.2946701645851135,-10.526356436630005,,,0.17839664220809937,0.608003501357628,,,,,,,,,,,,,0.22588765621185303,2.567483021506451,0.26656174659729004,-0.741216881526215,4,4
2018-05-24 00:00:00+00:00,,,0.23075073957443237,15.891617797176135,,,0.22287976741790771,0.010965617782620986,,,,,,,,,,,,,0.18749308586120605,2.8863561673953817,,,3,3
2018-05-24 06:00:00+00:00,,,0.22344619035720825,-4.144589610764093,,,0.016438961029052734,-0.36476303050251185,,,,,,,,,,,,,0.13010823726654053,0.8656749532735629,,,3,3
2018-05-24 12:00:00+00:00,,,0.2515296936035156,-2.727875960751721,,,0.11316245794296265,-0.07390328510199923,,,,,,,,,,,,,0.18228936195373535,1.8246709825405454,,,3,3
2018-05-24 18:00:00+00:00,,,0.23893874883651733,-2.6203825763210356,,,0.24354195594787598,-0.6384068189281517,,,,,,,,,,,,,0.17876338958740234,3.445139719077326,,,3,3
2018-05-25 00:00:00+00:00,,,0.31410109996795654,-3.9543803232057795,,,0.351890504360199,-0.043114297135892155,,,,,,,,,,,,,0.16569411754608154,3.512939307077097,,,3,3
2018-05-25 06:00:00+00:00,,,0.20476758480072021,-0.06230664584884709,,,0.33005404472351074,-8.846233998148591,,,,,,,,,,,,,0.1661168336868286,-11.584997358128655,,,3,3
2018-05-25 12:00:00+00:00,,,0.18593454360961914,-4.648908921510167,,,0.24070101976394653,-4.806001479924643,,,,,,,,,,,,,0.22997117042541504,2.7486691743437492,0.44695019721984863,0.21359863684864258,4,4
2018-05-25 18:00:00+00:00,,,0.23243290185928345,-2.4200703313986107,,,0.2925812005996704,-2.410637201405175,,,,,,,0.297588586807251,2.981727251232502,,,,,0.18992459774017334,3.7536753118490713,,,4,4
2018-05-26 00:00:00+00:00,,,0.24781149625778198,-1.230726007272524,,,0.3062167763710022,-4.563457326197246,,,,,,,,,,,,,0.22067058086395264,3.559791652690712,,,3,3
2018-05-26 06:00:00+00:00,,,0.2643381953239441,-3.9136664596527164,,,0.31947463750839233,-3.9745281785356488,,,,,,,,,,,,,0.18115723133087158,2.369750378655303,,,3,3
2018-05-26 12:00:00+00:00,,,0.22892528772354126,16.34124432867542,,,0.3345392942428589,-5.744021595793446,0.5465857982635498,0.268746601172591,,,,,,,,,,,0.15743637084960938,5.0637285092407565,,,4,4
2018-05-26 18:00:00+00:00,,,0.2622571587562561,-5.5252177050394575,,,0.38092851638793945,-5.780193636174707,0.20617538690567017,-2.6885983013254053,,,,,,,,,,,0.17041230201721191,4.839145467439142,,,4,4
2018-05-27 00:00:00+00:00,0.4797666072845459,-0.5079714048628655,0.2551952004432678,-2.6066283268375274,,,0.383442759513855,-4.7836581980088875,0.2618516683578491,-1.1302058399130874,,,,,,,0.4209674596786499,1.2550902802271084,,,0.1924809217453003,2.4578057088344565,,,6,6
2018-05-27 06:00:00+00:00,,,0.1610560417175293,44.014722339072094,,,0.4323374032974243,-5.495862839823639,0.20574438571929932,0.5596259385673207,,,,,,,0.2229832410812378,0.9408991663710471,,,0.15271949768066406,6.400122893119549,,,5,5
2018-05-27 12:00:00+00:00,,,0.24312621355056763,-2.954986005450463,,,0.44546622037887573,-5.264648402284496,0.31396597623825073,-6.2679560683490845,,,,,,,,,,,0.18751883506774902,1.6204217233765101,,,4,4
2018-05-27 18:00:00+00:00,,,0.2614448070526123,-3.403886378866621,,,0.4561489224433899,-7.315233714192915,0.003139972686767578,-0.6821704076907473,,,,,,,,,,,0.15142905712127686,0.24627112730552497,,,4,4
2018-05-28 00:00:00+00:00,,,0.2794572710990906,-4.3393816695986605,,,,,0.4546564817428589,-10.612956692214876,,,,,,,,,,,0.19593894481658936,0.5603410225366894,,,4,4
2018-05-28 06:00:00+00:00,,,0.21451401710510254,-2.8118126537147927,,,,,0.36059391498565674,-2.393135270621338,,,,,,,,,,,0.17948079109191895,1.7369547580591105,,,4,4
2018-05-28 12:00:00+00:00,,,0.2533470392227173,-47.082921698635786,,,,,0.4753193259239197,-5.592220580032696,,,,,,,0.1708669662475586,0.23933395972132432,,,0.18000614643096924,1.7607257843131179,0.589848518371582,0.653753678235911,6,6
2018-05-28 18:00:00+00:00,,,0.25543713569641113,-3.037191351380439,,,,,0.5138972699642181,-7.635664820035413,,,,,,,0.155489981174469,0.5149925151131819,,,0.25064587593078613,1.099260234645322,0.14664161205291748,0.4601361657307993,6,6
2018-05-29 00:00:00+00:00,,,0.05807560682296753,50.09501934396751,,,,,0.38773590326309204,-7.396847834374355,,,,,,,0.02346879243850708,-0.22236156849608119,,,0.15223157405853271,0.08046636856014029,,,5,5
2018-05-29 06:00:00+00:00,,,0.2409583330154419,-1.4295061009412593,,,,,0.525527685880661,-6.423851119785962,,,,,,,,,,,0.15628314018249512,1.0634726135765202,,,5,5
2018-05-29 12:00:00+00:00,,,0.2510886788368225,-1.3220290936874535,,,,,0.5205217897891998,-6.424816191269527,,,,,,,,,,,0.10942721366882324,-9.108551480176386,,,5,5
2018-05-29 18:00:00+00:00,,,0.2262939214706421,-1.4314530805778112,,,,,0.5624575912952423,-11.615979249820585,,,,,,,,,,,0.15935611724853516,1.2244534424374074,,,6,6
2018-05-30 00:00:00+00:00,,,0.34587860107421875,-7.961356354952879,,,,,0.538894534111023,-10.146983374745846,,,,,,,,,,,0.15370190143585205,1.6589208321993856,,,5,5
2018-05-30 06:00:00+00:00,,,0.2238839864730835,-2.0596834482887627,,,,,0.46368473768234253,-7.636776882756856,,,,,,,,,,,0.1356443166732788,0.09768336253497328,,,5,5
2018-05-30 12:00:00+00:00,,,0.06708508729934692,36.70553853120622,,,,,0.48581522703170776,-7.959285428176075,,,,,,,,,,,0.20894408226013184,3.1331171635286634,,,6,6
2018-05-30 18:00:00+00:00,,,0.2904888391494751,-1.722556501378349,0.22622394561767578,-0.002636622022564439,,,0.4886550307273865,-11.556796399042147,,,,,,,,,,,0.16573727130889893,1.0852005377660876,,,5,5
2018-05-31 00:00:00+00:00,,,0.2698558568954468,-2.764915875205983,,,,,0.46062541007995605,-7.670751009641962,0.06042778491973877,0.18374525523971638,,,,,,,,,0.17728018760681152,2.250223751496442,,,4,4
2018-05-31 06:00:00+00:00,,,0.2437494993209839,-3.3718251392362393,,,,,0.42347580194473267,-10.000033486772391,0.15078675746917725,-1.0576440163264924,,,,,,,,,0.1117556095123291,1.8768085325271786,,,4,4
2018-05-31 12:00:00+00:00,,,0.22455757856369019,-2.0707328777763205,,,,,0.40192580223083496,-10.589024863108596,0.02753889560699463,0.25984019422574034,,,,,,,,,0.2116541862487793,1.7805708880990088,,,4,4
2018-05-31 18:00:00+00:00,,,0.21501445770263672,-1.2099847253018612,0.4058803915977478,-0.4461930275866489,,,0.4259059429168701,-10.593339555752646,,,,,,,,,,,0.18499696254730225,1.4725025701847791,,,4,4
2018-06-01 00:00:00+00:00,,,0.2858543395996094,-2.6895749215838687,,,,,0.4145875573158264,-16.808428597496864,0.40616488456726074,-2.540533055055812,,,,,,,,,0.18693888187408447,0.604263081591153,,,4,4
2018-06-01 06:00:00+00:00,,,0.30622953176498413,-2.49188169803165,,,,,0.3506832718849182,-6.494113548081755,0.2426702380180359,-1.168594638374815,,,,,,,,,0.20089423656463623,3.1021302561047284,,,5,4
2018-06-01 12:00:00+00:00,,,0.331866979598999,-26.201851529218818,,,,,0.42814773321151733,-7.388266957246854,0.3507999777793884,0.21116913279085242,,,,,,,,,0.2642498016357422,2.913075888301905,,,4,4
2018-06-01 18:00:00+00:00,,,0.2610507607460022,-0.9547264278014458,,,,,0.39535582065582275,-10.505716977076336,0.45572447776794434,0.30792665583703666,,,,,,,,,0.21716809272766113,2.2755609263953045,,,4,4
2018-06-02 00:00:00+00:00,,,0.245019793510437,-12.454852837779766,,,,,0.4288294315338135,-22.318038583933888,,,,,,,,,,,0.21766996383666992,0.1848560422986353,,,3,3
2018-06-02 06:00:00+00:00,,,0.15431445837020874,-1.9263481247499488,,,,,,,0.3706821799278259,-4.057845268402514,,,,,,,,,0.14301717281341553,2.515892453554833,,,3,3
2018-06-02 12:00:00+00:00,,,0.19719833135604858,-0.4826872253132546,,,,,,,0.3019952178001404,-4.113574595967955,,,,,,,,,0.17823421955108643,1.1807120125339503,,,3,3
2018-06-02 18:00:00+00:00,,,0.2126251459121704,-0.30363335296743116,,,,,,,0.30854332447052,-2.8764974684013604,,,,,,,,,0.23343682289123535,2.269621729772871,,,4,4
2018-06-03 00:00:00+00:00,,,0.24017393589019775,-0.6350092996167453,,,,,,,0.30869215726852417,-3.9183021891811873,,,,,,,,,0.21418213844299316,1.8699808385021814,,,3,3
2018-06-03 06:00:00+00:00,,,0.09191298484802246,-0.8334851888117364,,,,,,,0.29399722814559937,-10.623656262520361,,,,,,,,,0.2637094259262085,4.456157929720121,,,4,4
2018-06-03 12:00:00+00:00,,,0.2615535259246826,-1.2953699843473778,,,,,,,0.3602890968322754,-8.01896303226776,,,,,,,,,0.1626032590866089,3.653347041232009,,,4,4
2018-06-03 18:00:00+00:00,,,0.16926437616348267,-1.3438183403748527,,,,,,,0.2920151352882385,-5.417183607892602,,,,,,,,,0.2404489517211914,2.1568354316621785,,,4,4
2018-06-04 00:00:00+00:00,,,0.2626916766166687,-0.9847805847094645,,,,,,,0.3262927532196045,-6.843634016983399,,,,,,,,,0.2289268970489502,2.0737356108987157,,,3,3
2018-06-04 06:00:00+00:00,,,0.15271598100662231,-0.4698278569512204,,,,,,,0.21030622720718384,-4.086675049344809,,,,,,,,,0.1826174259185791,1.6829005875557839,,,3,3
2018-06-04 12:00:00+00:00,,,0.1652294397354126,-0.8210789373598466,,,,,,,0.24562424421310425,-0.7426998691193543,,,,,,,,,0.20978474617004395,1.8274834594253944,,,3,3
2018-06-04 18:00:00+00:00,,,0.1687164306640625,-1.7319667358441577,0.23247671127319336,-0.20731007432611617,,,,,0.2357081174850464,-2.7556502759210595,,,,,,,,,0.22457408905029297,2.6421271007882883,,,4,4
2018-06-05 00:00:00+00:00,,,0.12967455387115479,-0.9919384097029207,0.2054985761642456,-0.21145135395561088,,,,,0.2324548363685608,-1.188449128826457,,,,,,,,,0.23495447635650635,1.1166239098104627,,,5,5
2018-06-05 06:00:00+00:00,,,0.2177269458770752,-0.9400532693036401,,,,,,,0.2749382257461548,-0.49060186964674646,,,,,,,,,0.25963830947875977,4.107014892207507,,,4,4
2018-06-05 12:00:00+00:00,,,0.1857830286026001,-1.1333175782856464,,,,,,,0.0571599006652832,-0.3484670880557582,,,,,,,,,0.23987746238708496,3.8136011918723534,,,4,4
2018-06-05 18:00:00+00:00,,,0.23455089330673218,-2.392376749576376,,,,,,,0.026105403900146484,-0.23893864008861565,,,,,,,,,0.25062012672424316,5.171834074966589,,,4,3
2018-06-06 00:00:00+00:00,,,0.15750277042388916,-1.5587180922414758,,,,,,,,,,,,,,,,,0.19557714462280273,2.7641100760698105,,,2,2
2018-06-06 06:00:00+00:00,,,0.30312424898147583,-23.750465844508895,,,,,,,,,,,,,,,,,0.17107141017913818,2.2282625922521553,,,2,2
2018-06-06 12:00:00+00:00,,,0.04093432426452637,-0.7917720576719731,,,,,,,,,,,,,,,,,0.20298409461975098,1.4382718680752473,,,2,2
2018-06-06 18:00:00+00:00,,,0.24398469924926758,-0.599801811715499,,,,,,,,,,,,,,,,,0.2285778522491455,3.50370753792837,,,2,2
2018-06-07 00:00:00+00:00,,,0.16972029209136963,-0.127677486437749,,,,,,,,,,,,,,,,,0.21377480030059814,1.4807020794951524,,,2,2
2018-06-07 06:00:00+00:00,,,0.316018283367157,-5.915943654006564,,,,,,,,,,,,,,,,,0.21636605262756348,2.9011095787022607,,,3,2
2018-06-07 12:00:00+00:00,,,0.07521724700927734,-0.17347932694198367,0.09906429052352905,-0.09391950075679424,,,,,,,,,,,,,,,0.23764848709106445,7.034342382421336,,,3,3
2018-06-07 18:00:00+00:00,,,0.10730618238449097,-0.1004773390040328,0.09235435724258423,-0.27484663976292856,,,,,,,,,,,,,,,0.22331750392913818,0.39507129679698577,,,3,3
2018-06-08 00:00:00+00:00,,,0.23388326168060303,-0.37540066013644796,0.8978951722383499,-0.3321104805304885,,,,,,,,,,,,,,,0.11217749118804932,0.42039382674495224,,,4,3
2018-06-08 06:00:00+00:00,,,0.3276737928390503,-0.8229847573661603,0.19625341892242432,-0.08618667127901945,,,0.31692808866500854,-2.5276713794899184,,,,,,,,,0.5335228443145752,-3.44232419052563,0.23843979835510254,2.4186078894808,,,5,5
2018-06-08 12:00:00+00:00,,,0.22209864854812622,-0.4506288782597357,0.9539988040924072,-1.4666159720642429,,,0.4688255786895752,-0.8121899048513326,,,,,,,,,0.31923341751098633,-0.2578741221202222,0.22903335094451904,1.031742511628971,,,5,5
2018-06-08 18:00:00+00:00,0.6603518128395081,-0.8481684230669847,0.1571427583694458,-0.5678468569543932,,,,,0.48259466886520386,-5.426480605190509,,,,,,,,,0.03111863136291504,0.5059968684433761,,,0.20679235458374023,1.7625611007627735,6,5
2018-06-09 00:00:00+00:00,0.0002677440643310547,-0.0326198560796945,0.27464210987091064,-0.15493256906696812,,,,,0.4429992437362671,-3.3827273586186424,,,,,,,,,0.025310993194580078,0.052050025087546956,0.23030269145965576,0.21967750044175638,0.04947960376739502,0.041299820309945265,6,6
2018-06-09 06:00:00+00:00,0.3692159652709961,-0.8914556078888142,0.5148928761482239,-1.0994678852362754,,,,,0.4058786630630493,-4.2506193742356775,,,,,,,,,,,0.21982038021087646,0.6554832632926645,0.08614099025726318,-0.36423983914155167,5,5
2018-06-09 12:00:00+00:00,,,0.22222793102264404,-0.4789840467007673,,,,,0.31631410121917725,-8.215949650758075,,,,,,,,,,,0.11606216430664062,0.4818541952635392,0.15514612197875977,-0.13342945042499113,5,4
2018-06-09 18:00:00+00:00,,,0.20818638801574707,-0.29603829986923275,,,,,0.2920607924461365,-12.65932444498548,,,,,,,,,,,0.06886458396911621,-2.082816979448317,0.3464127779006958,-0.45837374690784594,4,4
2018-06-10 00:00:00+00:00,,,0.23570406436920166,-1.3534578398029595,,,,,0.19556033611297607,-5.378529177638618,,,,,,,,,,,0.20045459270477295,1.0505795646920832,0.07793724536895752,0.039332630736159856,5,4
2018-06-10 06:00:00+00:00,,,0.283430278301239,-1.9227815936302064,,,,,0.203652024269104,-2.8403746187333785,,,,,,,,,,,0.17129874229431152,0.3544123056787101,0.33450400829315186,0.09733384014932919,6,5
2018-06-10 12:00:00+00:00,,,0.1636286973953247,-1.2033701261324914,,,,,0.31607985496520996,-0.9300387496997425,,,,,,,,,,,0.21090483665466309,0.8673363487347948,0.4638407230377197,0.09283409748810713,5,5
2018-06-10 18:00:00+00:00,,,0.2644387483596802,-2.777416723122859,,,,,0.13922226428985596,0.09722630544818057,,,,,,,,,,,0.2498112916946411,0.8781714961372681,,,4,4
2018-06-11 00:00:00+00:00,,,0.28943705558776855,-0.5440007296010048,,,,,0.0015581846237182617,-1.8573783462415119,,,,,,,,,,,0.24331581592559814,1.178575353335217,,,4,4
2018-06-11 06:00:00+00:00,,,0.3273308277130127,-1.8309257837091002,,,,,0.3842407464981079,0.33523284032890327,,,0.28375720977783203,10.181541898668476,,,,,,,0.25159215927124023,1.3056883590949866,,,5,5
2018-06-11 12:00:00+00:00,,,0.21662843227386475,-0.7271691255325503,,,,,0.21730804443359375,0.8733134333361376,,,0.3120090961456299,1.7243404231997566,,,,,,,0.23473668098449707,1.8139461556377794,,,5,5
2018-06-11 18:00:00+00:00,,,0.2491723895072937,-2.069662358104363,,,,,,,,,0.28731846809387207,2.6414669431980284,,,,,,,0.20819222927093506,1.9694646569695087,,,3,3
2018-06-12 00:00:00+00:00,,,0.18661946058273315,-5.1968499410763656,,,,,,,,,0.15330839157104492,0.4492838155008057,,,,,,,0.2246166467666626,2.201592410825837,,,3,3
2018-06-12 06:00:00+00:00,,,0.11829698085784912,-1.7975025232526343,,,,,,,,,0.09963643550872803,0.4956256366162338,,,,,,,0.2136300802230835,5.813501641331705,,,3,3
2018-06-12 12:00:00+00:00,,,0.22255563735961914,-0.4861925273606353,,,,,,,,,0.21158289909362793,3.717846579958466,,,,,,,0.22718966007232666,2.4651014349135907,,,3,3
2018-06-12 18:00:00+00:00,,,0.2387269139289856,-1.3743916977716568,,,,,,,,,0.28234708309173584,6.992049187914329,,,,,,,0.17569506168365479,3.4525470512827887,,,3,3
2018-06-13 12:00:00+00:00,,,0.3212786912918091,-0.4805261050935179,,,,,,,,,,,0.14207184314727783,2.84319675846474,,,,,0.2974957227706909,4.346865701745562,,,3,3
2018-06-13 18:00:00+00:00,,,0.2513512372970581,-3.1840983981771576,,,,,,,,,,,0.07438945770263672,2.7856484045828824,,,,,0.22629892826080322,2.3293395872403253,,,3,3
2018-06-14 00:00:00+00:00,,,0.23164886236190796,-1.5946543063041032,,,,,,,,,,,0.26425623893737793,7.436584404205291,,,,,0.23814475536346436,2.1775076454847113,,,3,3
2018-06-14 06:00:00+00:00,,,0.1721552014350891,-1.619794348841029,,,,,,,,,,,0.1888192892074585,2.818630428642713,,,,,0.2544522285461426,2.363387844394082,,,4,4
2018-06-14 12:00:00+00:00,,,0.1776253581047058,-0.8449112015893104,,,,,,,,,,,0.2449491024017334,4.8805320078842485,,,,,0.291839599609375,2.2034258625227148,,,4,4
2018-06-14 18:00:00+00:00,,,0.2646712064743042,-3.456812451133784,,,,,,,,,,,0.2161647081375122,2.8236129145037405,,,,,0.2370697259902954,2.4190612480413325,0.15938222408294678,0.0233253694026635,5,5
2018-06-15 00:00:00+00:00,,,0.3035053610801697,-1.7439418378194933,,,,,,,,,0.4603115916252136,0.4703914251563615,0.33347809314727783,8.465847699048911,,,,,0.2791813611984253,1.8297244077443178,,,4,4
2018-06-15 06:00:00+00:00,0.08377736806869507,-0.03446840317154402,0.1824687123298645,-0.6575241748234425,,,,,,,,,0.7344588041305542,-0.7028657637069659,0.2747194766998291,6.490641661132188,,,,,0.21942138671875,2.6636543226615617,0.4066346287727356,0.26858060530843,6,6
2018-06-15 12:00:00+00:00,0.06963032484054565,-0.5643681893435403,0.17807579040527344,-0.6567691310311348,,,,,,,,,0.8215168118476868,0.09920775255179175,0.15199697017669678,0.988447902980303,,,,,0.3154268264770508,3.902903906574457,,,5,5
2018-06-15 18:00:00+00:00,,,0.2127389907836914,-1.8991113085388676,,,,,,,,,0.6841009855270386,-0.6458561082085054,0.20639681816101074,3.875928371090619,,,,,0.29338395595550537,6.845860916377476,,,4,4
2018-06-16 00:00:00+00:00,,,0.27448201179504395,-1.2915738013936273,,,,,,,,,0.2076857089996338,-0.4553599833955298,0.1932671070098877,6.598516203770128,,,,,0.282259464263916,2.876373080531193,,,4,4
2018-06-16 06:00:00+00:00,,,0.2590554356575012,-3.8248353212363146,,,,,,,,,0.03627622127532959,-0.3588670165104765,0.302223801612854,2.021509215050427,,,,,0.32805824279785156,5.212823135373016,,,4,4
2018-06-16 12:00:00+00:00,,,0.33616840839385986,-2.9919967375809153,,,,,,,,,0.41211998462677,-0.11693338398786064,0.22115087509155273,-0.6036187904309798,,,,,0.30259668827056885,4.506175819695019,,,4,4
2018-06-16 18:00:00+00:00,,,0.25764280557632446,-1.1462817938682395,,,,,,,,,0.27876198291778564,0.3267021479059674,0.34152305126190186,6.407067317155458,,,,,0.28225672245025635,2.093667585530545,,,4,4
2018-06-17 00:00:00+00:00,,,0.29606032371520996,-1.6114030236007308,,,,,,,,,0.32567572593688965,0.47960746050111497,0.01778876781463623,1.152912094497462,,,,,0.2188504934310913,6.335049280869351,,,4,4
2018-06-17 06:00:00+00:00,,,0.272510290145874,-0.6018666177350427,,,,,,,,,0.04140627384185791,0.03218474640751709,0.48506391048431396,0.7448842399051293,,,,,0.31629741191864014,10.910212234986616,,,4,4
2018-06-17 12:00:00+00:00,,,0.27002590894699097,-1.2465106682680491,,,,,,,,,0.3148537874221802,1.2817019802447085,,,,,,,0.28020524978637695,4.405573708806201,,,3,3
2018-06-17 18:00:00+00:00,,,0.2719305753707886,-1.5638705584779184,,,,,,,,,0.36807847023010254,3.088192756593569,,,,,,,0.2791174650192261,3.9275158119907663,,,3,3
2018-06-18 00:00:00+00:00,,,0.2458311915397644,-1.2194735865223312,,,,,,,,,0.26367759704589844,3.4358939792159253,,,,,,,0.208115816116333,3.0819151759889962,,,3,3
2018-06-18 06:00:00+00:00,,,0.22767633199691772,-3.723984303457049,,,,,,,,,0.23354017734527588,1.8049935818244887,,,,,,,0.294622540473938,2.577538976366103,,,3,3
2018-06-18 12:00:00+00:00,,,0.3533639907836914,-24.894523071293793,,,,,,,,,0.18180334568023682,2.500178371447042,,,,,,,0.2528897523880005,4.086257099123023,,,3,3
2018-06-18 18:00:00+00:00,,,0.15917658805847168,-0.9997062480072746,,,,,,,,,0.038701534271240234,0.9510250757882269,,,,,,,0.2580699920654297,2.5326394928372973,,,3,3
2018-06-19 00:00:00+00:00,,,0.3156525492668152,-20.499399524127554,,,,,,,,,,,0.21277928352355957,5.514977683938668,,,,,0.2890636920928955,3.0529466184372573,,,3,3
2018-06-19 06:00:00+00:00,,,0.25949519872665405,-3.2333083318451328,,,,,,,,,,,,,,,,,0.2467278242111206,3.8811861357299833,,,2,2
2018-06-19 12:00:00+00:00,,,0.15267741680145264,-0.3526502119294729,,,,,,,,,,,,,,,,,0.23112165927886963,-44.58546496778916,,,3,2
2018-06-19 18:00:00+00:00,,,0.15741288661956787,-3.231894253729738,,,0.34910672903060913,-0.2726691916125138,,,,,,,,,,,,,0.20050179958343506,2.8613399228271863,,,3,3
2018-06-20 00:00:00+00:00,,,0.20930629968643188,-6.865198476760027,,,0.25133854150772095,0.15269464719660716,,,,,,,,,,,,,0.22552978992462158,5.85719667237261,,,3,3
2018-06-20 06:00:00+00:00,,,0.16020268201828003,-0.3322971090037106,,,0.19554412364959717,-1.2967449125961017,,,,,,,,,,,,,0.22876441478729248,3.849719855417065,,,3,3
2018-06-20 12:00:00+00:00,,,0.2054455280303955,-0.9192350704360919,,,0.18760180473327637,-1.5745525359260808,,,,,,,,,,,,,0.2646338939666748,5.329206268536786,,,4,4
2018-06-20 18:00:00+00:00,,,0.19911694526672363,-1.8117045253187003,,,0.08095252513885498,-0.8322790459581978,,,,,,,,,,,,,0.2554887533187866,14.002446644077262,,,4,4
2018-06-21 00:00:00+00:00,,,0.2107190489768982,-0.8357089072007605,,,0.236250102519989,-1.3023908927921277,,,,,,,,,,,,,0.250360369682312,2.6118221109601816,,,3,3
2018-06-21 06:00:00+00:00,,,0.2002158761024475,-2.3821365410795883,,,0.22954124212265015,-1.4408689640664003,,,,,,,,,,,,,0.21536803245544434,3.3783993447418887,,,3,3
2018-06-21 12:00:00+00:00,,,0.2320384383201599,-1.734814219989618,,,0.26357895135879517,-3.037580695586542,,,,,,,,,,,,,0.2639507055282593,15.131649571882715,,,4,4
2018-06-21 18:00:00+00:00,,,0.3264310956001282,-29.022088633498445,,,0.3360990881919861,-3.312180761478439,,,,,,,,,,,,,0.22763454914093018,-8.998589732783833,,,4,4
2018-06-22 00:00:00+00:00,,,0.176530122756958,33.71820048546182,,,0.32473695278167725,-4.195165139892714,,,,,,,,,,,,,0.15691208839416504,-43.692131672070104,,,4,4
2018-06-22 06:00:00+00:00,,,0.2659434676170349,-1.092810952029862,,,0.34477663040161133,-3.938358905489088,,,,,,,,,,,,,0.1951591968536377,2.355166392701765,,,4,4
2018-06-22 12:00:00+00:00,,,0.14669334888458252,-0.8113403339363908,,,0.36241137981414795,-9.404128823754274,0.44176822900772095,-2.552813453346672,,,,,,,,,,,0.23711931705474854,4.069212562300858,,,5,5
2018-06-22 18:00:00+00:00,,,0.1872609257698059,-0.9895305419229952,,,0.4143869876861572,-4.514222796973014,0.3531540632247925,-12.455309156536162,,,,,,,,,,,0.1864023208618164,2.8899959035561413,,,6,6
2018-06-23 00:00:00+00:00,,,0.25160956382751465,-2.2324524105030945,,,0.39036327600479126,-3.79669025464909,0.24332863092422485,-6.677196033602046,,,,,,,,,,,0.22084057331085205,3.631873336143663,0.21389615535736084,-0.893552814051906,6,6
2018-06-23 06:00:00+00:00,,,0.2243938446044922,-3.1610700360792356,,,0.415422260761261,-3.6826755807111082,0.4150020480155945,-9.207586746595682,,,,,,,,,,,0.19540655612945557,0.6940056070605953,,,7,7
2018-06-23 12:00:00+00:00,,,0.24712610244750977,-2.3886762711023386,,,0.464951753616333,-4.392489203087271,0.3690694570541382,-6.988055795074931,,,,,,,,,,,0.19791853427886963,1.817183317836538,,,7,7
2018-06-23 18:00:00+00:00,,,0.27293622493743896,-1.577817070455052,,,0.3526718020439148,-4.974508281568745,0.3893510103225708,-10.12421048603432,,,,,,,0.3100980520248413,0.20891909067819617,,,0.17120099067687988,0.8774892383923792,,,10,10
2018-06-24 00:00:00+00:00,,,0.23504281044006348,-7.319580406289267,,,0.6011888384819031,-1.8351693948482615,0.23538070917129517,-0.9048259244910837,,,,,,,0.10537779331207275,0.4709590493268451,,,,,0.1489642858505249,1.3571457393188586,7,7
2018-06-24 06:00:00+00:00,,,0.2678331732749939,-2.194621649083658,,,,,0.2698923945426941,-4.818029952048155,,,,,,,0.021429896354675293,0.3256468775612448,,,,,0.2969273328781128,1.044926568541038,7,7
2018-06-24 12:00:00+00:00,,,0.24895983934402466,-2.566360556221617,,,0.26981550455093384,-1.32682767934907,0.5046893358230591,-6.667057072098195,,,,,0.02373605966567993,0.7020312024210111,0.18501269817352295,-0.4211320241142397,0.05707848072052002,0.06316536949298011,,,0.24642395973205566,-0.678481125210239,8,8
2018-06-24 18:00:00+00:00,,,0.23229211568832397,-1.4445612375201256,,,0.40579813718795776,-1.5407988943450202,0.26225435733795166,-7.707290377505034,,,,,,,,,0.16007578372955322,0.501540465905863,,,0.25995969772338867,0.03287826088587983,7,7
2018-06-25 00:00:00+00:00,,,0.21607160568237305,-1.102674043255099,,,0.4612700939178467,-1.2980427569712782,0.3666791319847107,-6.3478713999306455,,,,,,,,,0.1711280345916748,0.7511310928020212,,,0.1482241153717041,2.1014530706159102,8,8
2018-06-25 06:00:00+00:00,,,0.19126522541046143,-1.7513347496092198,,,0.5056595802307129,-2.6811494523192594,0.30210626125335693,-4.9604373836847895,,,,,,,,,,,0.20617127418518066,0.35994447762040993,,,6,6
2018-06-25 12:00:00+00:00,,,0.2040824294090271,-1.3608355336311342,,,,,0.08737379312515259,2.3680580522474814,,,,,,,,,0.2754988670349121,0.06719470491484326,,,0.2018529176712036,0.19378347799106774,5,5
2018-06-25 18:00:00+00:00,0.8665370941162109,2.2139801756454314,0.18314450979232788,-1.947130963063093,,,,,0.36479687690734863,-7.60700227716593,,,,,,,,,0.20418822765350342,0.6293814593729302,,,0.14839112758636475,0.0377214834143567,6,6
2018-06-26 00:00:00+00:00,0.24170291423797607,-0.08121442644054407,0.19681882858276367,-2.4890762689413815,,,,,0.6032241582870483,-3.3056825533954566,,,,,,,,,0.17861616611480713,0.6457545944024565,,,0.13238108158111572,0.08285196854166754,6,6
2018-06-26 06:00:00+00:00,,,0.21440035104751587,-0.2629860949692458,,,,,0.39768075942993164,-2.988690742861698,,,,,,,,,0.17790913581848145,1.1877314547962994,,,0.1343834400177002,0.03895321612449102,7,7
2018-06-26 12:00:00+00:00,,,0.19193142652511597,-1.833898889454298,,,,,0.45161402225494385,-8.987772364902515,,,,,,,,,0.282306432723999,0.5385314473528353,,,0.31821727752685547,0.07028008242007094,8,8
2018-06-26 18:00:00+00:00,,,0.2446044683456421,-1.9430030630651125,,,,,0.23315280675888062,2.7337339098493585,,,,,,,,,0.2880157232284546,9.272610785867716,,,0.22287285327911377,-0.1490354229953941,5,5
2018-06-27 00:00:00+00:00,,,0.2566254138946533,-1.952107977589603,,,,,0.1829526424407959,-2.708626620931916,,,,,,,,,0.23729217052459717,1.0653937127023716,,,0.3090517520904541,0.5438132510137027,4,4
2018-06-27 06:00:00+00:00,,,0.23781388998031616,-4.2961118973441526,,,,,0.037446439266204834,-0.9356632979372219,,,,,,,,,0.17916929721832275,4.7134074894382,,,0.11737573146820068,0.7323435558667845,5,5
2018-06-27 12:00:00+00:00,,,0.16519653797149658,-7.2320718766776215,,,,,0.018144726753234863,0.7999558430953669,,,,,,,,,0.22493982315063477,1.4360228825527235,,,,,3,3
2018-06-28 00:00:00+00:00,,,0.21556895971298218,-0.8145317650209158,,,,,0.1748465895652771,-0.9981070604049549,,,,,,,,,,,0.20636320114135742,1.4278894955572978,,,3,3
2018-06-29 00:00:00+00:00,,,0.20568996667861938,-3.3027827512890573,,,,,0.20432323217391968,-3.9260970177692442,,,,,,,,,,,0.2404855489730835,2.3939054306962424,,,3,3
2018-06-29 06:00:00+00:00,,,0.23477941751480103,-2.980810322795803,,,,,0.11833322048187256,1.923126246578626,,,,,,,,,,,0.21700358390808105,2.2442808760387085,,,3,3
2018-06-29 12:00:00+00:00,,,0.22039419412612915,-1.330956815538899,,,,,0.4963192343711853,-4.98647825896434,,,,,,,,,,,0.2156621217727661,-30.591471445846423,,,3,3
2018-06-29 18:00:00+00:00,,,0.01602029800415039,15.185023493516429,,,,,0.2214563488960266,-1.988288739619063,,,,,,,,,,,0.16675174236297607,3.6304821226461534,,,3,3
2018-06-30 00:00:00+00:00,,,0.2016858458518982,-0.985452124719395,,,,,,,,,,,,,,,,,0.2264542579650879,2.8736435247186787,,,2,2
2018-06-30 06:00:00+00:00,,,0.22886884212493896,-0.989585751214578,,,,,,,,,,,,,,,,,0.24476253986358643,3.754162135378576,,,2,2
2018-06-30 12:00:00+00:00,,,,,0.20296669006347656,-1.4709872822846766,,,,,,,,,,,,,,,0.22106075286865234,-3.840182448709543,,,2,2
2018-06-30 18:00:00+00:00,,,0.18639028072357178,-0.910699323806678,,,,,,,,,,,,,,,,,0.1949073076248169,3.243714277427643,,,2,2
2018-07-01 00:00:00+00:00,,,,,0.21249574422836304,-33.74426313126539,,,,,,,,,,,,,,,0.12074577808380127,3.688766760132693,,,2,2
2018-07-01 06:00:00+00:00,,,,,0.16733062267303467,-0.38359998378372373,,,,,,,,,,,,,,,0.17877471446990967,2.1215970274737384,,,2,2
2018-07-01 12:00:00+00:00,,,0.10334891080856323,-0.46165419561893667,0.25921744108200073,-1.0775802540975281,,,,,0.33578330278396606,0.3387562275454478,,,,,,,,,0.23807382583618164,5.65005977046812,,,4,4
2018-07-01 18:00:00+00:00,,,0.19189780950546265,-0.23205579981176908,0.10484790802001953,0.39269034121161955,,,,,0.5218337774276733,0.4803333191185078,,,,,,,,,0.18761146068572998,2.002296121116202,,,4,4
2018-07-02 00:00:00+00:00,,,0.2385280728340149,-0.9272909041019726,,,,,,,0.2686501741409302,-0.12098500244798226,,,,,,,,,0.20875489711761475,2.6513200314702363,,,3,3
2018-07-02 06:00:00+00:00,,,0.25116682052612305,-0.5497553428242348,,,,,,,,,,,,,,,,,0.2311183214187622,2.4500215950067306,,,3,2
2018-07-02 12:00:00+00:00,,,0.25725263357162476,-0.09483205599447286,,,,,,,,,,,,,,,,,0.26725077629089355,2.8416964207601465,,,2,2
2018-07-02 18:00:00+00:00,,,0.15408962965011597,-1.168089262442653,,,,,,,,,,,,,,,,,0.19937479496002197,2.4476596244924345,,,2,2
2018-07-03 00:00:00+00:00,,,0.11696183681488037,-0.4688315616141924,,,,,,,,,,,,,,,,,0.20303261280059814,1.7519663338904448,,,2,2
2018-07-03 06:00:00+00:00,,,0.23487913608551025,-0.03655393069717971,,,,,,,,,,,,,,,,,0.24298322200775146,2.438193045937576,,,2,2
2018-07-03 12:00:00+00:00,,,0.06777620315551758,-0.262887148780964,,,,,,,,,,,,,,,,,0.27539896965026855,4.691529615899275,,,2,2
2018-07-03 18:00:00+00:00,,,0.27159881591796875,-2.389684851911492,,,,,,,,,,,,,,,,,0.2165355682373047,2.827705553278361,,,2,2
2018-07-04 00:00:00+00:00,,,0.07421994209289551,-1.9560053078683326,,,,,,,,,,,,,,,,,0.2288217544555664,3.364417061231372,,,2,2
2018-07-04 06:00:00+00:00,,,0.07778424024581909,-0.8148568558606766,,,,,,,,,,,,,,,,,0.22730660438537598,2.166496532757316,,,2,2
2018-07-04 12:00:00+00:00,,,0.0069789886474609375,0.24118809716584477,,,,,,,,,,,,,,,,,0.2868138551712036,5.0472977170851205,,,2,2
2018-07-04 18:00:00+00:00,,,0.0002346634864807129,-0.42036116214942254,,,,,,,,,,,,,,,,,0.26362431049346924,5.096260712195562,,,2,2
2018-07-05 00:00:00+00:00,,,0.05122929811477661,0.2813493519730513,,,,,,,,,,,,,,,,,0.24873745441436768,4.420957832092429,,,2,2
2018-07-05 06:00:00+00:00,,,0.04648864269256592,0.03460373414876976,,,,,,,,,,,,,,,,,0.21726679801940918,3.7292822894586193,,,2,2
2018-07-05 12:00:00+00:00,,,0.0685117244720459,0.13898702257995682,,,,,,,,,,,,,,,,,0.3065592050552368,2.54210112949923,,,2,2
2018-07-05 18:00:00+00:00,,,0.04856473207473755,-0.5405616526788544,,,,,,,,,,,,,,,,,0.2425670623779297,3.8561854652772274,,,2,2
2018-07-06 00:00:00+00:00,,,0.245089590549469,-0.016014550611503423,,,,,,,,,,,,,,,,,0.19518709182739258,6.176871398431784,,,2,2
2018-07-06 06:00:00+00:00,,,0.006837248802185059,-0.1070330279741034,,,,,,,,,,,,,,,,,0.26212990283966064,1.3845662895579742,,,2,2
2018-07-06 12:00:00+00:00,,,0.011681437492370605,0.25235419885298765,0.07831615209579468,-0.6836621585800784,,,,,,,,,,,,,,,0.2764585018157959,1.2655641628167242,,,3,3
2018-07-06 18:00:00+00:00,,,0.0023047924041748047,-0.7634053591791119,0.012293577194213867,0.0989433948997274,,,,,,,,,,,,,,,0.2723890542984009,2.441458381911621,,,4,3
2018-07-07 00:00:00+00:00,,,0.3070616126060486,-0.238462935510476,,,,,,,,,,,,,,,,,0.16741406917572021,1.5691409686365048,,,3,2
2018-07-07 06:00:00+00:00,,,0.2571755647659302,-0.3959091254945731,,,,,,,,,,,,,,,,,0.22067153453826904,1.7324108368275404,,,2,2
2018-07-07 12:00:00+00:00,,,0.0913127064704895,-0.3058868537221548,,,,,,,,,,,,,,,,,0.3019503355026245,2.5874162705681507,,,2,2
2018-07-07 18:00:00+00:00,,,0.1613907814025879,-0.3077738829486702,,,,,,,,,,,,,,,,,0.2171400785446167,7.081085212439677,,,2,2
2018-07-08 00:00:00+00:00,,,0.16045188903808594,-0.2341235255564381,,,,,,,,,,,,,,,,,0.2473742961883545,5.284129872072323,,,2,2
2018-07-08 06:00:00+00:00,,,0.12396937608718872,-1.5586296728119278,,,,,,,,,,,,,,,,,0.24669134616851807,2.464643817252689,,,2,2
2018-07-08 12:00:00+00:00,,,0.038252830505371094,-0.05458751400158444,,,,,,,,,,,,,,,,,0.2539987564086914,1.0890053969377376,,,2,2
2018-07-08 18:00:00+00:00,,,0.11819702386856079,0.008259272243875982,,,,,,,,,,,,,,,,,0.2580742835998535,3.1049173259029916,,,2,2
2018-07-09 00:00:00+00:00,,,0.176439106464386,0.2655514803785232,,,,,,,,,,,,,,,,,0.25082194805145264,2.7576517501133457,,,2,2
2018-07-09 06:00:00+00:00,,,0.09280741214752197,-0.06560194989500036,,,,,,,,,,,,,,,,,0.19918310642242432,4.646444933734814,,,2,2
2018-07-09 12:00:00+00:00,,,0.06525993347167969,-0.6537579845097682,,,,,,,,,,,,,,,,,0.22201251983642578,3.94379876101301,,,2,2
2018-07-09 18:00:00+00:00,,,0.20509827136993408,-0.3183282557528555,,,,,,,,,,,,,,,,,0.24468183517456055,1.7843280669083674,,,2,2
2018-07-10 00:00:00+00:00,,,0.14191293716430664,-0.38830689182994765,,,0.18084508180618286,-0.17298283308062057,,,,,,,,,,,,,0.22994256019592285,1.6063343520511084,,,3,3
2018-07-10 06:00:00+00:00,,,0.29432225227355957,-0.923490855419035,,,0.13663643598556519,-3.3991207133835766,,,,,,,,,,,,,0.19815075397491455,1.0366581040996707,,,3,3
2018-07-10 12:00:00+00:00,,,0.3663015365600586,-1.023413429851052,,,0.17507046461105347,-4.254741483611021,,,,,,,,,,,,,0.23610424995422363,-1.4857541707810478,,,3,3
2018-07-10 18:00:00+00:00,,,0.12830650806427002,-0.7261365282621544,,,,,0.09849584102630615,1.4107045147524575,,,,,,,,,,,0.2124413251876831,3.0564857057827965,,,3,3
2018-07-11 00:00:00+00:00,,,0.06570202112197876,-0.5072481052935827,,,,,0.37531179189682007,-7.514538133319307,,,,,,,,,,,0.2212233543395996,1.804557693715253,,,3,3
2018-07-11 06:00:00+00:00,,,0.18476641178131104,0.10546432347677188,0.300062894821167,0.9401385825509935,,,0.34966814517974854,-4.174009227655166,,,,,,,,,,,0.21646225452423096,1.492811665982111,,,4,4
2018-07-11 12:00:00+00:00,,,0.2200939655303955,-1.1674647767102226,0.01655101776123047,-0.3472999208328395,,,0.34560978412628174,-3.4309293309515803,,,,,,,,,,,0.2398432493209839,2.106420317297187,0.7466526627540588,0.18048948521221198,5,5
2018-07-12 00:00:00+00:00,,,0.17206692695617676,-0.4011999873050717,0.20822006464004517,0.12242593173676414,,,0.06055593490600586,4.0436684485727765,,,,,,,,,,,0.16850101947784424,1.8112188162910452,,,5,4
2018-07-12 06:00:00+00:00,,,0.20779532194137573,-0.41456754486564246,,,,,0.0052291154861450195,-2.209213666016551,,,,,,,,,,,0.2287743091583252,1.6285558826470066,,,3,3
2018-07-12 12:00:00+00:00,,,0.23271656036376953,-0.3372901915012952,,,,,0.41588860750198364,-9.547901159773586,,,,,,,,,,,0.21122992038726807,2.5358841911586723,,,3,3
2018-07-12 18:00:00+00:00,0.03407496213912964,-0.5126931846004293,0.1881008744239807,-0.8726332832237604,,,,,0.3386240005493164,-0.673396736006881,,,,,,,,,,,0.24431192874908447,2.158567666236292,,,4,4
2018-07-13 00:00:00+00:00,0.3653862476348877,0.40102771777478075,0.2641589641571045,-0.016886765524613937,,,,,0.27420610189437866,-4.179200362352455,,,,,,,,,,,0.22297871112823486,2.849002456366939,,,4,4
2018-07-13 06:00:00+00:00,,,0.31672292947769165,-0.9709775790342462,,,,,0.18732309341430664,-3.420799949725329,,,,,,,,,,,0.22572648525238037,1.8028334678620148,,,3,3
2018-07-13 12:00:00+00:00,,,0.31194669008255005,-0.3460381904131873,,,,,0.4730384945869446,-4.129889998697947,,,,,,,,,,,0.2500002384185791,-4.645302773965404,,,3,3
2018-07-13 18:00:00+00:00,,,0.0859714150428772,-1.6859351278388917,,,,,0.4358235001564026,-1.9293303559998367,,,,,,,,,,,0.2715350389480591,1.455266114372521,,,3,3
2018-07-14 00:00:00+00:00,0.019525647163391113,0.24839098512760432,1.0,0.34849786865546367,0.7626030594110489,-1.7019467096710477,,,,,,,,,,,,,,,0.21506142616271973,3.0324811918628694,,,4,4
2018-07-14 06:00:00+00:00,,,0.03455686569213867,0.7466552120504459,0.26659083366394043,0.19689699047438358,,,,,,,,,,,,,,,0.2638704776763916,2.1832067367947867,,,3,3
2018-07-14 12:00:00+00:00,,,0.11401212215423584,0.14077394740596866,0.3589227795600891,0.5279517290509258,,,,,,,,,,,,,,,0.20844388008117676,1.9386472122182437,,,3,3
2018-07-14 18:00:00+00:00,,,0.1252649426460266,0.010968351784783874,,,,,,,,,,,,,,,,,0.25399208068847656,1.6757363382335102,,,3,2
2018-07-15 00:00:00+00:00,,,0.16222608089447021,0.4823092212753186,,,,,,,,,,,,,,,,,0.28098344802856445,3.4259839343349943,,,3,2
2018-07-15 06:00:00+00:00,0.2744332551956177,2.198314186560829,0.09520763158798218,-0.31111533235437233,,,,,,,,,,,,,,,,,0.2663918733596802,3.396088313943008,,,3,3
2018-07-15 12:00:00+00:00,0.6277964413166046,-1.1324747219911833,0.28154754638671875,0.6249393676018035,,,,,,,,,,,,,,,,,0.3061879873275757,2.31060876402702,,,3,3
2018-07-15 18:00:00+00:00,0.28550267219543457,-0.40033737243793044,0.3886897563934326,0.3789458106810484,,,,,,,,,,,,,,,,,0.2825944423675537,2.0153225474650283,,,3,3
2018-07-16 00:00:00+00:00,0.01950705051422119,0.6012811348942797,0.47745347023010254,0.6352832780885145,,,,,,,,,,,,,,,,,0.25618016719818115,-2.029871863065535,,,3,3
2018-07-16 06:00:00+00:00,0.40505367517471313,0.0963178969922901,0.014269232749938965,0.06641068964616219,,,,,,,,,,,,,,,,,0.2539304494857788,1.51592879009313,,,3,3
2018-07-16 12:00:00+00:00,,,0.09689086675643921,0.1965155185689499,,,,,,,,,,,,,,,,,0.2921109199523926,3.537942897146329,,,2,2
2018-07-16 18:00:00+00:00,,,0.24190789461135864,-0.42249933965077124,,,,,,,,,,,0.09910726547241211,3.6428071279110465,,,,,0.3279688358306885,5.021263716055573,,,3,3
2018-07-17 00:00:00+00:00,,,0.006890535354614258,0.29434886861049475,,,,,,,,,,,0.23460566997528076,5.2770066260502295,,,,,0.27038347721099854,3.8777464225682143,,,3,3
2018-07-17 06:00:00+00:00,,,0.11870354413986206,-0.4038699468536096,,,,,,,,,,,0.29139602184295654,10.569808172643045,,,,,0.3040210008621216,2.8276987568050567,,,3,3
2018-07-17 12:00:00+00:00,,,0.1424877643585205,-0.544470711804096,,,,,,,,,,,0.44073915481567383,11.41208534374576,,,,,0.2824591398239136,4.830187678607327,,,3,3
2018-07-17 18:00:00+00:00,,,0.20979541540145874,-4.097224716225289,,,,,,,,,,,0.337174654006958,4.637759859923331,,,,,0.3328511714935303,2.2514218334477674,,,3,3
2018-07-18 00:00:00+00:00,,,0.17952698469161987,-1.0553503414675236,,,,,,,,,,,0.2667180299758911,7.811224920906571,,,,,0.2535719871520996,3.4332004419315267,,,4,4
2018-07-18 06:00:00+00:00,,,0.1754738688468933,-1.3645381878577265,,,,,,,,,,,0.2938706874847412,-0.32012350837365755,,,,,0.2613762617111206,3.612098320051259,,,4,4
2018-07-18 12:00:00+00:00,,,0.13065898418426514,-0.7315289652482156,,,,,,,,,,,0.39869213104248047,2.087115577027357,,,,,0.28267478942871094,2.911818528287708,,,4,4
2018-07-18 18:00:00+00:00,,,0.18704235553741455,-0.07546396904344754,,,,,,,,,,,0.6027590036392212,6.264364760416021,,,,,0.3048595190048218,2.994965088418053,,,4,4
2018-07-19 00:00:00+00:00,,,0.09546834230422974,-0.723758423220656,,,,,,,,,,,0.25065481662750244,6.285805571786297,0.394667387008667,0.8633346825779719,,,0.3193322420120239,2.977583866586301,,,4,4
2018-07-19 06:00:00+00:00,,,0.1510319709777832,-0.8572719114553052,,,0.10588550567626953,0.1584690857653228,,,,,,,0.510743260383606,2.8797636381402727,0.241599440574646,0.1824500424907163,,,0.308713436126709,3.560237629061615,,,5,5
2018-07-19 12:00:00+00:00,,,0.21718931198120117,-0.4349707191370488,,,0.25490647554397583,-0.10495388207790071,,,,,,,0.3721216917037964,1.182499010757635,,,,,0.34468603134155273,-2.1483364303619177,,,5,5
2018-07-19 18:00:00+00:00,,,0.17271769046783447,-1.0526466676937538,,,0.23820722103118896,-7.529696090199927,,,,,,,,,0.12642192840576172,0.878678814349774,,,0.36404871940612793,7.167788724824614,,,6,6
2018-07-20 00:00:00+00:00,,,0.25704771280288696,-1.2373767172917487,,,0.17455178499221802,-0.7839267052167697,,,,,,,,,0.35162365436553955,3.135001973294371,,,0.25710558891296387,4.163381616741907,,,5,5
2018-07-20 06:00:00+00:00,,,0.24976176023483276,-3.1972319504733817,,,0.01671808958053589,0.39552584060604884,0.17767882347106934,-6.572724330613722,,,,,,,,,,,0.3211526870727539,2.918732061223821,0.4604635238647461,2.246446225752733,5,5
2018-07-20 12:00:00+00:00,,,0.12870913743972778,-0.2435551916397684,,,0.3389282822608948,-0.15830940006584054,0.31176477670669556,-3.8329646871929914,,,,,,,,,,,0.34744012355804443,2.670685907850864,,,5,5
2018-07-20 18:00:00+00:00,,,0.2943646311759949,-1.398562977867601,,,,,0.30773502588272095,-7.794857908700243,,,,,,,,,,,0.3435312509536743,1.969654743427906,,,3,3
2018-07-21 00:00:00+00:00,,,0.2386777400970459,-4.999574890633263,,,,,0.21871399879455566,-2.8473680696132284,,,,,,,,,,,0.2757594585418701,4.131143652258614,,,4,4
2018-07-21 06:00:00+00:00,,,0.22086715698242188,-1.0877126135971202,,,0.34520018100738525,-6.367497416369624,0.3130553364753723,-7.074093754767352,,,,,,,0.02663707733154297,-0.15704615120738494,,,0.28255951404571533,4.3140633317526795,,,6,6
2018-07-21 12:00:00+00:00,,,0.2341260313987732,-1.4192897987803672,,,0.19697022438049316,-2.338569668004922,0.2812780737876892,-7.154105500446047,,,,,,,,,,,0.3496992588043213,7.2405297586950095,,,5,5
2018-07-21 18:00:00+00:00,,,0.22209984064102173,-1.4323926167865058,,,0.34549784660339355,-3.5637982618609523,0.13908624649047852,-0.5345173638621623,,,,,0.36711573600769043,-5.311018918550875,,,,,0.33240842819213867,2.846673817250779,,,7,7
2018-07-22 00:00:00+00:00,,,0.20700359344482422,-1.082680028776082,,,,,0.3823363184928894,-13.057006799423144,,,,,,,,,,,0.3019179105758667,4.393543819445772,,,5,5
2018-07-22 06:00:00+00:00,,,0.1724151372909546,-1.4685610420620496,,,,,0.47712790966033936,-5.94208823886622,,,,,,,,,,,0.3645482063293457,3.9897469091162185,,,9,9
2018-07-22 12:00:00+00:00,,,0.13951563835144043,-0.06136192187590011,,,0.33755117654800415,-3.0813355369280524,0.49895864725112915,-9.974913109381948,,,,,,,,,,,0.26811742782592773,7.987183499384328,,,9,9
2018-07-22 18:00:00+00:00,,,0.2206515073776245,-3.116446980811738,0.0013768672943115234,-0.7281126950198745,0.024034857749938965,-0.35929504319360994,0.3253364562988281,-6.996455044380191,,,,,,,,,,,0.2545650005340576,1.9061119740588623,,,10,10
2018-07-23 00:00:00+00:00,0.4804283380508423,-0.9354624305831158,0.2548145651817322,-2.150603214518392,0.3665773272514343,-2.194150875912394,,,0.23154467344284058,-3.902056640919621,,,,,,,,,,,0.1774836778640747,2.2514697246943047,,,8,8
2018-07-23 06:00:00+00:00,0.32031214237213135,-0.1723039048814771,0.23046672344207764,-0.7967148587911164,0.08284461498260498,0.16881609099118053,,,0.3338407874107361,-5.794692050149456,,,,,,,,,,,0.25500714778900146,2.098007532704092,,,9,9
2018-07-23 12:00:00+00:00,0.21583503484725952,-2.3612677717815127,0.21055364608764648,-9.845933566776468,0.09142649173736572,-0.22837123329018885,,,0.26092416048049927,-5.63071031147387,,,,,,,,,,,0.31667065620422363,2.479166373383139,,,10,10
2018-07-23 18:00:00+00:00,,,0.1932494044303894,-0.6937079160891135,0.19128471612930298,-3.2853513059075388,,,0.3068538308143616,-8.299256312892078,,,,,,,,,,,0.3109511137008667,3.037312344078424,,,9,9
2018-07-24 00:00:00+00:00,0.18041318655014038,-0.060484358823437764,0.25224584341049194,-27.884889681573945,0.2360914945602417,-0.29356973696428923,,,0.31365418434143066,-9.470647708564705,0.14896035194396973,-4.362759987000409,,,,,,,,,0.24628233909606934,3.511454119351509,,,9,9
2018-07-24 06:00:00+00:00,,,0.14141440391540527,-3.3643589832980174,0.3014219403266907,-0.2957323537814428,,,0.27242588996887207,-2.181820659633005,0.201199471950531,-1.5018128958937127,,,,,0.2534850835800171,-4.504213099530077,,,0.2495516538619995,6.934742784327964,,,11,11
2018-07-24 12:00:00+00:00,,,0.2495766282081604,-4.284348953659072,,,,,0.29595011472702026,-4.992063959950486,0.2835949659347534,0.17934814525190357,,,,,0.157037615776062,2.413447813214586,,,0.27781498432159424,3.3543965031139065,,,6,6
2018-07-24 18:00:00+00:00,,,0.1184316873550415,0.39133070813167775,,,,,0.1531321406364441,-1.9980128418036287,0.03822588920593262,0.4271063284834674,,,,,,,,,0.26851916313171387,5.397604600036695,,,6,5
2018-07-25 00:00:00+00:00,,,0.18898046016693115,-0.7949967447877372,0.3373234272003174,0.2286076756608176,,,0.17207837104797363,-4.919052575121489,0.18907368183135986,0.9224097795093745,,,,,,,0.5301996469497681,-1.3171217569070475,0.21256804466247559,1.8887023891976933,,,9,9
2018-07-25 06:00:00+00:00,,,0.1906290054321289,-1.4510371808753075,0.15559113025665283,0.35938187468524924,,,0.23044472932815552,-5.029394974880888,0.3643738627433777,-0.8605641696505417,,,,,,,,,0.2564927339553833,2.0438398195669625,,,7,7
2018-07-25 12:00:00+00:00,,,0.16079074144363403,-3.5731845651958425,,,,,0.2933276891708374,-7.329151103325502,0.1658039093017578,0.29199825228772713,,,,,,,,,0.3102877140045166,6.0370268171878925,,,5,5
2018-07-25 18:00:00+00:00,,,0.11895453929901123,-0.8131980395541322,,,,,0.23293465375900269,-11.285013950593804,0.3021858334541321,-0.1303249513028398,,,,,,,,,0.21928620338439941,1.4345172666768986,,,5,5
2018-07-26 00:00:00+00:00,,,0.16344165802001953,-1.2673603269839215,0.6402113139629364,0.9169395908017396,,,0.2931464910507202,-3.0909370448531925,0.2504000663757324,0.19362559778274713,,,,,,,,,0.27655327320098877,3.8858958679825872,,,7,7
2018-07-26 06:00:00+00:00,,,0.24809110164642334,-1.7068385663980765,,,,,0.3586321473121643,-13.99955546631206,0.3354226350784302,-5.254444616555325,,,,,,,,,0.25008225440979004,4.365941015871558,,,6,6
2018-07-26 12:00:00+00:00,,,0.19222652912139893,-2.7347877602481865,,,,,0.2621878385543823,-1.583764703004396,0.3994353413581848,-2.434154291576717,,,,,,,,,0.2820296287536621,3.762545225489768,,,5,5
2018-07-26 18:00:00+00:00,,,0.22884750366210938,-2.4147935053179186,,,,,0.2892841696739197,0.16713776180983095,0.1401594877243042,-1.5167197895987083,,,,,,,,,0.2885913848876953,2.8828942611156547,,,4,4
2018-07-27 00:00:00+00:00,,,0.22777140140533447,-0.6781244779144064,,,,,0.17831528186798096,-1.1209868392494198,0.0379633903503418,0.5446616703372378,,,,,,,,,0.3242279291152954,8.160865050691223,,,5,5
2018-07-27 06:00:00+00:00,,,0.1811315417289734,-2.7235523966772783,,,,,0.37817132472991943,-0.7524616950204972,0.13350802659988403,-1.3354753434396673,,,,,,,,,0.2549821138381958,3.0832574010269314,,,5,5
2018-07-27 12:00:00+00:00,,,0.23358440399169922,-33.803236111377615,,,,,,,0.117154061794281,-0.5379972528260741,,,,,,,,,0.2789287567138672,3.449696611211661,,,5,5
2018-07-27 18:00:00+00:00,,,0.13343805074691772,-0.7556027386734749,,,,,,,0.2511010766029358,-1.4978196468383436,,,,,,,,,0.30161166191101074,3.1851920738141857,,,4,4
2018-07-28 00:00:00+00:00,,,0.10450178384780884,13.16502670730041,,,,,,,0.07700616121292114,-0.6126673057421804,,,,,,,,,0.2729525566101074,4.803093021400737,,,4,4
2018-07-28 06:00:00+00:00,,,0.1370871663093567,-1.184089763356119,,,,,0.407662034034729,2.0981434075676613,0.2704772353172302,-0.314240651615967,,,,,,,,,0.2893712520599365,6.588472125048621,,,4,4
2018-07-28 12:00:00+00:00,,,0.13632935285568237,-1.5941955199002968,,,,,,,0.2258702516555786,-1.2309034989683616,,,,,,,,,0.2555476427078247,4.553298926313818,,,3,3
2018-07-28 18:00:00+00:00,,,0.25827181339263916,-2.4377530296261734,,,0.06577539443969727,-0.7694078448574968,,,0.22326958179473877,-0.274373385471856,,,,,,,,,0.2645455598831177,3.1997170827783963,,,5,5
2018-07-29 00:00:00+00:00,,,0.2077031135559082,-1.1139998106954239,,,0.5412735939025879,-0.889109581741631,,,0.0445636510848999,-0.2102752762398565,,,,,,,,,0.2105388641357422,3.4458276225646136,0.09787392616271973,0.422072893269959,7,7
2018-07-29 06:00:00+00:00,,,0.07532721757888794,5.78385588353246,,,,,0.279901385307312,-1.5920192994674494,0.010391294956207275,0.5952741702654781,0.05695796012878418,3.740206352758651,,,,,,,0.24442827701568604,5.554018005950763,0.05834245681762695,-0.2839548232877079,6,6
2018-07-29 12:00:00+00:00,,,0.15132111310958862,-2.4175207580590623,0.17309212684631348,0.6011353048182805,,,0.22835588455200195,-1.1925892497363195,0.293154239654541,-0.2356614260383257,0.3080751895904541,-1.6022404933891163,,,,,,,0.25429773330688477,3.224443893787215,0.017946600914001465,-0.33332534866815605,7,7
2018-07-29 18:00:00+00:00,,,0.06540423631668091,-0.6576594916825523,,,,,0.13134914636611938,-2.426152779736253,0.07341790199279785,1.3273956195009031,0.42360109090805054,-2.6534658897857852,,,,,,,0.2414562702178955,1.395155920176736,,,5,5
2018-07-30 00:00:00+00:00,,,0.16898000240325928,-0.504574900512177,,,0.19681251049041748,-1.8330965354680988,0.10347342491149902,-1.3099666734719164,,,0.3592708706855774,-8.272450667115665,,,,,,,0.19618594646453857,2.1021732060592075,,,6,5
2018-07-30 06:00:00+00:00,,,0.21263521909713745,-0.6962691270100199,0.3869820833206177,0.6207072839354099,0.5513100028038025,-2.811301756534782,0.3804910182952881,-3.009851530252941,,,,,0.2571811079978943,-4.685328184991422,,,,,0.2798478603363037,4.126601991547815,,,6,6
2018-07-30 12:00:00+00:00,,,0.17452681064605713,11.395729873761814,,,0.23284143209457397,-0.7293301894484543,0.4339318871498108,-4.052774898460921,,,,,,,,,,,0.261293888092041,1.9530290007825095,,,6,5
2018-07-30 18:00:00+00:00,,,0.26351457834243774,-5.530931030875603,0.03937578201293945,-0.31799645075463195,,,0.2962954044342041,-2.50265114926292,0.33882707357406616,0.8523944579331229,,,,,,,,,0.20258963108062744,2.52449316462582,,,6,6
2018-07-31 00:00:00+00:00,,,0.3596898317337036,-18.863247081501285,,,,,0.3720398545265198,-2.9373821341418127,,,,,,,,,,,0.21665704250335693,0.4463994424100564,,,5,5
2018-07-31 06:00:00+00:00,,,0.22926545143127441,6.536650140534268,,,,,0.29804670810699463,-0.18645121640079793,,,,,,,,,,,0.23839426040649414,0.15356334059954332,,,5,5
2018-07-31 12:00:00+00:00,,,0.45646440982818604,-1.0500447400908466,0.3505728244781494,-0.8020579426010832,,,0.41858726739883423,-6.923466290242752,,,,,,,,,,,0.23575711250305176,3.09829149602276,,,6,6
2018-07-31 18:00:00+00:00,,,0.20958900451660156,-1.032986846791356,,,,,0.272835910320282,-3.6681939642591366,,,,,,,,,,,0.24776840209960938,6.516701684128404,,,5,5
2018-08-01 00:00:00+00:00,,,0.12201279401779175,-3.161068274704675,,,,,0.4932568073272705,-7.922073001301419,,,,,,,,,,,0.2686413526535034,2.2288508704943033,,,4,4
2018-08-01 06:00:00+00:00,,,0.29680395126342773,-0.5231577483245775,,,,,0.3640778064727783,-6.627855265279533,,,,,,,,,,,0.21761691570281982,2.7409732397232416,,,4,4
2018-08-01 12:00:00+00:00,,,0.25846409797668457,-0.7352264624719262,,,,,0.39958763122558594,-6.084539350410811,,,,,,,,,,,0.2065521478652954,0.8010393329644507,,,4,4
2018-08-01 18:00:00+00:00,,,0.2045956254005432,-0.7261603140923083,,,,,0.2210935354232788,4.348952236487248,,,,,0.3810337781906128,-4.887277747005169,,,,,0.28026247024536133,1.5859434956453504,,,5,5
2018-08-02 00:00:00+00:00,,,0.28189557790756226,-0.44051187943923253,,,,,0.7461897730827332,-7.173881519013483,,,,,0.34972459077835083,-1.7445643122311125,,,,,0.19144320487976074,1.6156814149911611,,,5,5
2018-08-02 06:00:00+00:00,,,0.35695260763168335,-0.32530348074588805,,,,,0.0903012752532959,-1.3601512541137857,,,,,0.3599206209182739,-0.23072776435524298,,,,,0.2562136650085449,-0.08449583136337094,,,6,6
2018-08-02 12:00:00+00:00,,,0.07560062408447266,-1.7496781423905057,,,,,0.023933768272399902,2.8529004466438304,,,,,0.5745376348495483,6.114057554896932,,,,,0.23280489444732666,3.0234375223500987,,,6,6
2018-08-02 18:00:00+00:00,,,0.11805540323257446,-0.362343283149993,,,,,0.4125022888183594,-0.16398276099049355,,,,,0.33869826793670654,1.6994186597565435,,,,,0.2187434434890747,1.7223663076234839,,,5,5
2018-08-03 00:00:00+00:00,,,0.0591888427734375,-1.605273038490925,,,,,0.0012624263763427734,-0.144640162952286,,,,,0.30184364318847656,4.149054185411637,,,,,0.19274604320526123,0.5178711440072533,,,5,5
2018-08-03 06:00:00+00:00,,,,,0.030263185501098633,0.14989615182066435,,,0.07794409990310669,-0.6859917777531815,,,,,0.2687194347381592,0.6434511173605082,,,,,0.20191633701324463,4.060145705419624,,,5,5
2018-08-03 12:00:00+00:00,,,,,0.18945175409317017,-0.13453997025189668,,,0.39965617656707764,-3.0739967109634287,,,,,0.09312748908996582,0.18238324108066087,0.17429697513580322,-0.40530383249222,,,0.29001283645629883,4.060961005572074,,,5,5
2018-08-03 18:00:00+00:00,,,,,0.47892510890960693,-0.4210553612814089,,,,,0.1879652738571167,-1.036851908156257,,,0.2516517639160156,4.633667555884366,0.1652085781097412,-1.1487063262373207,,,0.23797202110290527,2.3288363093449815,,,5,5
2018-08-04 00:00:00+00:00,,,0.1064651608467102,-2.2316318045658816,,,0.45601850748062134,-3.9670023885043393,,,0.3549538254737854,-1.9296313702901207,,,0.22015881538391113,-0.8968529972718298,,,,,0.24578166007995605,1.833618549494846,,,5,5
2018-08-04 06:00:00+00:00,,,0.11432373523712158,0.6525988141843063,0.03936004638671875,0.28982857136092033,0.1481560468673706,-0.0731110351234137,,,0.3876301050186157,0.02698843066332717,,,0.3066197633743286,1.5502451259224024,,,,,0.22013163566589355,-14.754725363638476,,,6,6
2018-08-04 12:00:00+00:00,,,0.21949392557144165,-0.40382884039908995,0.17120468616485596,-0.620407719468687,0.5813217461109161,0.6692138958348558,,,0.18008458614349365,-0.05242916807343751,,,0.17488336563110352,4.098293605682277,,,,,0.27122533321380615,3.5864501548847847,,,6,6
2018-08-04 18:00:00+00:00,,,0.0469660758972168,-0.5959169678301867,0.1429736614227295,0.4569719938965429,0.17898333072662354,0.41419508159192636,,,0.4046093225479126,-0.6458941103054028,,,0.2246870994567871,1.8969008512559173,,,,,0.2242518663406372,2.5047044605260873,,,6,6
2018-08-05 00:00:00+00:00,,,0.12620693445205688,-0.1985844796653627,0.03650933504104614,0.02121815694869888,0.029126763343811035,-0.2978827913436166,,,,,,,0.3208547830581665,2.254087900721626,,,,,0.21250224113464355,1.57068789135974,,,5,5
2018-08-05 06:00:00+00:00,,,0.1853351593017578,0.20066183100123855,0.1744617223739624,-0.389027716733739,0.29756730794906616,-2.281335409127806,,,,,,,0.04055970907211304,-0.03061145196909941,,,,,0.25082576274871826,0.9137375613005413,,,7,5
2018-08-05 12:00:00+00:00,0.48497360944747925,-0.6208803435110737,0.10686254501342773,0.8903441753738225,0.3012860417366028,-1.45427963398339,0.4479227066040039,-4.628884424388776,,,,,,,0.16826653480529785,0.3447041576158879,,,,,0.25964319705963135,2.1700346341334598,,,7,7
2018-08-05 18:00:00+00:00,0.10489410161972046,-0.0735393129255525,0.13256609439849854,-0.40369608857443,,,0.2852816581726074,-4.256169060454569,,,,,,,,,0.21436429023742676,0.5782887995332756,,,0.20812952518463135,2.3901229263142874,,,7,6
2018-08-06 00:00:00+00:00,0.4079580307006836,-1.5210849946985474,0.08314377069473267,-1.3272962932600962,,,0.36547791957855225,-4.773902936651158,,,,,,,0.5716163814067841,-6.068159139741867,0.4827793836593628,1.3221893476704532,,,0.2260047197341919,6.463062185535557,,,7,6
2018-08-06 06:00:00+00:00,0.1147458553314209,0.8855356129735824,0.573515921831131,-1.8807391323235676,,,0.22797679901123047,-4.630817478000505,,,,,,,0.048541903495788574,-1.291690838662063,0.20039331912994385,0.8672408358240167,,,0.22797667980194092,3.6811595180395464,,,6,6
2018-08-06 12:00:00+00:00,0.09307241439819336,-0.0959399167921246,0.3063044548034668,0.6189234908886551,,,0.3642256259918213,-3.9839989072294544,,,,,,,0.5337437987327576,-11.885859792299405,0.2212587594985962,0.3392638883552668,,,0.22036218643188477,1.2055388444934059,,,6,6
2018-08-06 18:00:00+00:00,0.22951006889343262,0.6797928272737088,0.5027691423892975,-0.6954268561615807,,,0.24502670764923096,-2.29292513707838,,,,,,,0.29730796813964844,-1.1761575358439027,,,,,0.20855093002319336,1.541082302219106,,,5,5
2018-08-07 00:00:00+00:00,0.23652935028076172,-0.24959383175217958,,,,,,,0.3250667452812195,-6.5455773568692885,,,,,0.6211219429969788,-7.905856175244968,,,,,0.2376343011856079,4.140211068938073,,,5,4
2018-08-07 06:00:00+00:00,,,0.06626468896865845,-0.29121013727465883,,,,,0.33574312925338745,-4.674726912792924,,,,,0.3499302864074707,-0.811385230209586,,,,,0.2305699586868286,3.3986560272283457,,,4,4
2018-08-07 12:00:00+00:00,,,0.14556008577346802,-0.3396834225233229,,,,,0.32733702659606934,-10.991187262177764,,,,,0.6191716194152832,-7.477319234562308,,,,,0.23497092723846436,32.8383147099405,,,4,4
2018-08-07 18:00:00+00:00,,,0.3019302487373352,-0.9299545009809168,,,,,0.22976988554000854,-1.7792947506684933,,,,,0.5242591500282288,-5.822689434454942,,,,,0.21888518333435059,2.6300821902594964,,,4,4
2018-08-08 00:00:00+00:00,,,0.2284160852432251,-1.069911158298238,,,,,0.455597460269928,-4.372721386113043,,,,,0.40241968631744385,-5.350557490265781,,,,,0.21037328243255615,2.646579751613375,,,4,4
2018-08-08 06:00:00+00:00,,,0.18368583917617798,-0.9420423131926688,,,,,0.495450496673584,-9.249313213752531,,,,,0.5756198465824127,-5.318570689885615,,,,,0.23870515823364258,11.133303796953104,,,4,4
2018-08-08 12:00:00+00:00,,,0.11790770292282104,-0.4697117321396974,,,,,0.27027755975723267,-8.550318597578812,,,,,0.6123011410236359,-5.547396271795796,,,,,0.28235316276550293,3.223981254765605,,,4,4
2018-08-08 18:00:00+00:00,,,0.025631487369537354,-0.40121565294092737,,,,,0.19221889972686768,4.5746777151626095,,,,,0.5750805735588074,-10.688746274208043,,,,,0.23773348331451416,1.6703613573812723,,,4,4
2018-08-09 00:00:00+00:00,,,0.133431077003479,-0.7317954181308721,,,,,0.3146969676017761,-7.100028099097185,,,,,0.5124186277389526,-4.000846749505246,,,,,0.22810888290405273,4.5814278052248625,,,4,4
2018-08-09 06:00:00+00:00,,,0.2577122449874878,-0.653801566684252,,,,,0.3770793676376343,-3.5299023161515946,,,,,0.4484095573425293,-5.352828859811571,,,,,0.21351659297943115,2.5227379981757743,,,4,4
2018-08-09 12:00:00+00:00,,,0.24626553058624268,-0.36954332315071936,,,,,0.3139633536338806,-5.925523089448262,,,,,0.5342198312282562,-6.36691267262922,,,,,0.21154844760894775,1.6445696302609736,,,4,4
2018-08-09 18:00:00+00:00,,,0.005872011184692383,-2.335202137700271,,,,,0.3345797061920166,-3.428969314398547,,,,,0.2696773409843445,-1.5850732704287223,,,,,0.26446378231048584,3.8385641804895796,,,4,4
2018-08-10 00:00:00+00:00,,,0.21151280403137207,-0.16485790905418415,,,,,0.02149033546447754,0.4290173394637487,,,,,,,,,,,0.27247560024261475,7.156007739907348,,,4,4
2018-08-10 06:00:00+00:00,,,0.17732608318328857,1.568893217646939,,,,,0.09127366542816162,-0.6441193945214927,0.6125982105731964,-3.2485447441545654,,,0.25466716289520264,3.8037071401786946,,,,,0.24056684970855713,2.170103236492781,,,6,5
2018-08-10 12:00:00+00:00,,,0.1910628080368042,-0.543256974730567,,,,,0.08425146341323853,0.21257382221130675,0.5305243134498596,-2.703363297763885,,,0.43739140033721924,2.107897193333694,,,,,0.29530227184295654,8.875823193595002,,,6,5
2018-08-10 18:00:00+00:00,,,0.1732732653617859,-0.3794581240369045,,,,,,,,,0.4615745544433594,2.9020087701429564,0.5948352813720703,6.860578885261098,,,,,0.29724156856536865,3.812126282721809,,,5,5
2018-08-11 00:00:00+00:00,,,0.2585241198539734,0.01018018363159728,,,,,,,0.00023728609085083008,-0.5357633736290868,0.24723148345947266,1.3931081856072896,0.6859767436981201,11.17200471715534,,,,,0.2988697290420532,2.148118682385394,,,5,5
2018-08-11 06:00:00+00:00,,,,,0.37211424112319946,-0.8865318184470614,,,,,0.121238112449646,-0.40110287061278066,0.27671074867248535,3.4690818321155676,0.6069408655166626,6.5535307747455,,,,,0.27668166160583496,3.3967299119161134,,,6,6
2018-08-11 12:00:00+00:00,,,,,0.3274480700492859,-1.58282462972784,,,,,,,,,0.5433611869812012,8.694858556124736,,,,,0.29287195205688477,1.7794534755581732,,,5,5
2018-08-11 18:00:00+00:00,,,,,0.40811043977737427,-1.065295593997773,,,,,,,,,0.5669240951538086,11.617231198415876,,,,,0.24375581741333008,2.609089983375328,,,4,4
2018-08-12 00:00:00+00:00,0.45125001668930054,-0.14436918353205772,,,0.311970055103302,0.07892408122278304,,,,,,,,,0.617447018623352,13.740664370698042,,,,,0.2043396234512329,4.139078838684549,,,4,4
2018-08-12 06:00:00+00:00,0.12857604026794434,-0.3695032101860752,,,0.3499754071235657,-0.7825147069408278,,,,,,,,,0.6254371404647827,6.3302761277788075,,,,,0.23645532131195068,3.2938102861680583,,,4,4
2018-08-12 12:00:00+00:00,0.37653839588165283,-0.12616074566476085,,,0.33628416061401367,0.5347002671946905,,,,,,,,,0.5987124443054199,9.763865905019731,,,,,0.19530606269836426,3.451512475894427,,,6,6
2018-08-12 18:00:00+00:00,0.12214207649230957,0.10872564505692368,,,0.11866486072540283,-1.7567501550037332,,,,,,,,,0.529078483581543,8.79049297697839,,,,,0.2195756435394287,2.143154194508941,,,4,4
2018-08-13 00:00:00+00:00,0.013884246349334717,0.1344794855408501,,,0.31970280408859253,0.2924089010611531,,,,,,,0.29407811164855957,-1.6383664696958526,0.6018649339675903,7.457593321787905,,,,,0.23567473888397217,2.2478580143614244,,,5,5
2018-08-13 06:00:00+00:00,0.04793280363082886,0.8100907930332076,,,0.3165799379348755,-0.522474909871403,,,,,,,0.014971435070037842,-0.3993451541662601,0.52510666847229,9.78889828280962,,,,,0.24777793884277344,2.309263151006133,,,7,7
2018-08-13 12:00:00+00:00,0.2622356414794922,-0.4268591197847333,,,,,,,,,,,0.21342134475708008,-4.502521211919972,0.5863165855407715,8.852661596231794,,,,,0.3033022880554199,2.8096423759114337,,,5,5
2018-08-13 18:00:00+00:00,0.20689499378204346,-1.7523938705055646,,,,,0.4490056037902832,-0.38922865105542204,,,,,0.18982118368148804,-2.4779105895568856,0.5363442897796631,7.4626897814837525,,,,,0.28543269634246826,3.8941727451760633,,,7,7
2018-08-14 00:00:00+00:00,0.17681223154067993,0.0858428736149101,,,,,0.2755278944969177,-0.32055597461436375,,,,,0.22975653409957886,-1.57154179366553,0.5596451759338379,9.092632733168443,,,,,0.25604987144470215,7.1404078440421035,,,6,6
2018-08-14 06:00:00+00:00,0.096951425075531,0.24066294743553085,,,,,0.2737382650375366,-0.6598952476861838,,,,,0.2555968165397644,-0.6858646004223509,0.2104320526123047,2.21003545695379,0.47967958450317383,8.648691463785969,,,0.2882266044616699,8.691190670463996,,,7,7
2018-08-14 12:00:00+00:00,0.02086848020553589,-2.1669133749442,,,,,0.20269697904586792,-0.7455417422948449,,,,,0.4045318365097046,-4.812669448976601,0.37471747398376465,5.524365768785851,0.39957690238952637,3.808706137150058,,,0.3227245807647705,2.95883762008039,,,8,8
2018-08-14 18:00:00+00:00,0.01438993215560913,1.0064994620674674,,,,,0.0972205400466919,-4.957415385704948,,,0.46273231506347656,3.380268915310457,0.18290561437606812,-4.348767476897005,0.16672539710998535,1.2555462289413883,0.07511234283447266,0.5391019759487251,,,0.29099035263061523,6.687411847319877,,,9,9
2018-08-15 00:00:00+00:00,0.06846237182617188,-0.6702039935707397,,,,,0.2997840642929077,-6.347917829115892,,,0.6155060529708862,4.278115628134611,,,0.1924898624420166,0.2859520284518544,0.6148132085800171,3.510345774204142,,,0.23157691955566406,1.8352727374226934,,,10,10
2018-08-15 06:00:00+00:00,0.12327200174331665,-0.02643474578807125,,,,,0.32516998052597046,-3.5579853502353105,,,0.50107741355896,8.203994487103696,,,,,0.32098472118377686,0.5954116700027219,,,0.22884845733642578,3.0363047960149285,,,9,9
2018-08-15 12:00:00+00:00,0.034610867500305176,-0.12880762440115634,,,,,0.19663149118423462,-1.354165735147062,,,0.542037844657898,3.451609585829978,,,,,0.12892436981201172,8.214233909227092,,,0.3403741121292114,5.5312748439196495,,,9,9
2018-08-15 18:00:00+00:00,0.09199059009552002,-0.12444638637695117,,,,,0.015530765056610107,-2.217899197393134,,,0.43542051315307617,1.8713769029865162,,,0.31609487533569336,-2.976427714589317,0.2193617820739746,2.630911973659298,,,0.2500283718109131,2.679446078851248,0.20593774318695068,3.687319628849692,9,9
2018-08-16 00:00:00+00:00,,,0.08969438076019287,0.048549170900045756,,,0.02431851625442505,-0.19366643434620326,0.21920251846313477,-2.621655739916329,0.2198019027709961,1.0453142013900962,,,,,0.18956875801086426,1.4388954196271466,,,0.28925156593322754,5.2791021431647,,,8,8
2018-08-16 06:00:00+00:00,,,0.060861170291900635,-0.7759198597772766,,,0.13498973846435547,-0.39566811046624073,0.2984772324562073,-6.382062185281146,0.08428895473480225,0.3341658265792946,,,,,0.4226970672607422,0.7412903685001856,,,0.2711751461029053,9.239851397108055,,,7,7
2018-08-16 12:00:00+00:00,,,0.1868131160736084,-0.5665796553980914,,,0.2337399125099182,-2.1972049994427985,0.39130347967147827,-10.004556541408931,0.49443745613098145,4.688233225875261,,,,,0.1739864945411682,0.3498041226141228,,,0.2502415180206299,8.571063427267196,,,9,9
2018-08-16 18:00:00+00:00,,,0.16521704196929932,-0.7096031855748495,,,0.21446245908737183,-3.517742657579772,0.37678492069244385,-5.293019515881501,0.3034994602203369,2.335779144621284,,,,,0.07516884803771973,0.6015530839254054,,,0.3401303291320801,3.924894805270154,,,9,9
2018-08-17 00:00:00+00:00,,,0.09747087955474854,-1.0402969420318597,,,0.35500699281692505,-4.296840943678407,0.3392832279205322,-4.563556389420906,0.4103323221206665,4.151152270705506,,,,,,,,,0.30329012870788574,34.734704869501186,0.029102325439453125,-1.4887280458803296,8,8
2018-08-17 06:00:00+00:00,,,0.09712457656860352,-0.6480419604173907,,,0.2730693817138672,-4.140644080793994,0.33197730779647827,-6.734139096257412,0.22835445404052734,0.2169975378128832,,,,,,,,,0.32119858264923096,3.9347891773889754,,,6,6
2018-08-17 12:00:00+00:00,,,0.07008349895477295,-0.016082285270428168,,,0.35484176874160767,-4.4007427011639955,0.3124379515647888,-9.454165896654324,,,,,,,,,0.0190809965133667,-0.6329988317857885,0.26734495162963867,6.073290782564309,,,5,5
2018-08-17 18:00:00+00:00,,,0.02634894847869873,-0.22700019120198425,,,0.3235333561897278,-3.2007888599919245,0.28978264331817627,-8.358528299700218,,,0.5427944660186768,2.7856768982669613,,,,,0.19903123378753662,0.3200883695083122,0.2734600305557251,4.036261745192731,,,8,8
2018-08-18 00:00:00+00:00,,,0.14872729778289795,-2.707997069495996,,,,,0.30028432607650757,-4.722675654302129,,,0.47538328170776367,0.643288999736258,0.32938843965530396,-2.100879723516764,,,0.21605664491653442,0.2903762177149123,0.26206183433532715,2.425957426437868,,,11,11
2018-08-18 06:00:00+00:00,,,0.022562921047210693,19.70612459478039,,,,,0.2655789852142334,-6.618654405507442,,,0.16977167129516602,0.580624617954398,0.36569756269454956,-11.850146038188827,,,,,0.24610817432403564,33.94494176391424,0.09523844718933105,0.5673022352881985,9,9
2018-08-18 12:00:00+00:00,,,0.17824918031692505,-0.9162645376892349,,,,,0.28508955240249634,-4.714966600696941,,,0.46618664264678955,5.015360158584193,0.3653078079223633,-6.276143635183196,,,,,0.23472511768341064,1.4552022980062453,,,6,6
2018-08-18 18:00:00+00:00,,,0.16314399242401123,-0.1675326483543625,,,,,0.23782944679260254,-5.097274185515726,,,0.15448713302612305,0.6668400066286418,,,,,,,0.20145010948181152,-7.308867680827691,,,6,6
2018-08-19 00:00:00+00:00,,,0.22379690408706665,-0.7995120785594602,,,,,0.26432573795318604,-9.777547068340661,,,0.0352097749710083,-0.14127654000754264,,,,,,,0.16269409656524658,-17.814996570493257,,,8,8
2018-08-19 06:00:00+00:00,,,0.1905415654182434,-1.5585607690606387,,,,,0.3108862638473511,-11.78319738714758,,,0.3784719705581665,5.27937076157603,0.3630968928337097,-8.303096889951865,,,,,0.24075639247894287,0.8579694646896271,,,6,6
2018-08-19 12:00:00+00:00,,,0.015057563781738281,-0.9737949412429289,0.0820041298866272,-5.2951852563535615,,,0.2318859100341797,-5.494841715879843,,,0.5382378101348877,3.548577047365645,0.4192282557487488,-7.847992393409292,,,,,0.2256171703338623,2.044102737112294,,,7,7
2018-08-19 18:00:00+00:00,,,0.1629258394241333,-1.6375015548249634,0.0001952648162841797,0.25860052433985464,,,0.292815625667572,-14.234936169837638,,,0.3590519428253174,0.47720567417652965,0.34392255544662476,-10.006822992873357,,,,,0.20576810836791992,1.5433827705413128,,,7,7
2018-08-20 00:00:00+00:00,,,0.0919155478477478,-0.9590317637450558,0.1510220766067505,0.3465643482792134,,,0.19579720497131348,-2.7992129947436974,,,,,0.38066327571868896,3.3701081439707123,0.42572152614593506,-9.95727548767354,,,0.2704113721847534,7.43751044846395,,,7,7
2018-08-20 06:00:00+00:00,,,0.17085832357406616,-0.6719307004909105,0.28806596994400024,-0.5864586414665881,,,0.31342339515686035,-16.229012995517987,,,,,0.2575497627258301,8.316440383311441,0.2643892765045166,-4.104910090414379,,,0.236037015914917,1.557008721743763,,,8,8
2018-08-20 12:00:00+00:00,,,0.0554203987121582,26.341340515556507,,,,,0.28734642267227173,-9.93032491451813,0.3888522982597351,-1.3380923589029283,,,0.41922926902770996,2.233200408686174,0.6137472689151764,-2.5973784355082183,,,0.23993265628814697,3.9846972948743704,,,9,9
2018-08-20 18:00:00+00:00,,,0.18128621578216553,-4.785082027431744,,,,,0.3238115906715393,-1.500832723215571,0.45368069410324097,-0.7920883572027503,,,0.3799787759780884,6.2016920188285924,0.5235031843185425,-4.3446526074494045,,,0.3151438236236572,4.374131355349536,,,11,10
2018-08-21 00:00:00+00:00,,,0.06109589338302612,0.060364480343445416,,,,,0.2950514554977417,-5.758839619205447,0.23840725421905518,0.3219293482751221,,,0.2943115234375,9.443770048668851,0.4602084159851074,-0.2538871985670486,,,0.2850598096847534,4.777171918517005,,,8,8
2018-08-21 06:00:00+00:00,,,0.13266009092330933,-0.6079146474403178,0.03149580955505371,0.03268534551465334,,,0.1850261092185974,0.17162088625329655,0.3915276527404785,-0.7697874292280186,,,0.4258540868759155,5.381928508875021,0.2957291603088379,-1.464631377230474,,,0.22838938236236572,2.3842447825315123,,,10,9
2018-08-21 12:00:00+00:00,,,0.07332080602645874,-0.3821987787040357,0.042637526988983154,-0.3345026689510475,,,0.1709619164466858,-3.025193875336494,0.4311150312423706,-5.707249604480389,,,0.47649526596069336,6.8904561196382135,0.19446539878845215,-0.7689164433550263,,,0.2608926296234131,5.3839579076923805,,,9,9
2018-08-21 18:00:00+00:00,,,0.04553401470184326,0.0006358097370487951,0.21850502490997314,-1.1762870890330437,,,0.06155884265899658,-1.6206901609335396,0.09701216220855713,-0.9381090233680933,,,0.416257381439209,4.7118793296837795,0.5133918523788452,-2.39011271702339,,,0.3324092626571655,24.26111829918386,,,10,10
2018-08-22 00:00:00+00:00,,,0.29346638917922974,-15.073224765288353,0.19289886951446533,0.06877622644374341,,,,,0.2768862247467041,-5.746439289679938,,,0.3785473108291626,6.4305216899794235,0.31188470125198364,-0.9937174661440006,,,0.28270697593688965,6.332213239650453,,,8,7
2018-08-22 06:00:00+00:00,,,0.06010812520980835,-0.49845817836585005,0.3997921347618103,-1.124310868222864,,,0.4383511543273926,-0.8063479901166208,0.19332528114318848,-2.0499467263973017,,,0.33926403522491455,13.773032856452927,0.17153745889663696,-1.6451724655379492,,,0.29558026790618896,3.370840677064016,0.49840307235717773,0.17033411027089346,10,10
2018-08-22 12:00:00+00:00,,,0.10784292221069336,-1.4839777997108048,0.4392903447151184,-0.4955812023175711,,,0.12133240699768066,0.7033993847781875,0.3111110329627991,-1.8105195055982501,,,0.4506343603134155,6.476892038507984,0.5331147909164429,-4.110414491342045,,,0.3391458988189697,6.482099105839758,,,11,11
2018-08-22 18:00:00+00:00,,,0.23060232400894165,-1.2715700703383976,0.24647068977355957,1.0234830683335407,,,0.04921102523803711,0.029443063730367532,0.03059256076812744,0.35882161772449744,,,0.35098016262054443,2.8313680339219225,,,,,0.2961682081222534,4.548655852721794,,,11,11
2018-08-23 00:00:00+00:00,,,0.26421189308166504,-1.6707054941724948,0.07635140419006348,0.4003621753986903,,,0.5215891599655151,0.17713888778523096,0.30125105381011963,-0.18355888444180846,,,0.31857895851135254,6.1426635539349475,,,,,0.31890368461608887,4.556711118793795,,,9,8
2018-08-23 06:00:00+00:00,,,0.43785595893859863,-16.18873119919133,,,,,,,0.4527413249015808,-0.1389761530887822,,,0.42316770553588867,1.757807664802302,,,,,0.31486308574676514,5.906878492895608,,,5,4
2018-08-23 12:00:00+00:00,,,0.08715426921844482,11.281081166122078,0.40586477518081665,0.02448239637579984,,,,,,,,,0.28102874755859375,2.447543986316533,,,,,0.30662453174591064,3.135942843217688,,,5,5
2018-08-23 18:00:00+00:00,,,0.35689032077789307,-13.882146034911308,,,,,,,,,,,0.19925308227539062,-0.2767038878122134,,,,,0.3644721508026123,4.438969359128206,,,3,3
2018-08-24 00:00:00+00:00,,,0.16059744358062744,-3.4317633020258644,,,,,,,,,,,0.2467416524887085,2.3945503960198495,,,,,0.31097471714019775,5.5918436096647115,,,3,3
2018-08-24 06:00:00+00:00,,,0.228255033493042,-7.42551185904009,,,,,,,,,,,0.1665283441543579,1.9449965210222935,,,,,0.36963510513305664,3.2088164603727725,,,4,4
2018-08-24 12:00:00+00:00,,,0.003284275531768799,40.10245851574508,,,,,,,,,,,,,0.29439854621887207,1.19490520260854,,,0.2674964666366577,-30.04288323787759,,,4,4
2018-08-24 18:00:00+00:00,,,0.15294581651687622,-1.4420080453643473,,,,,,,,,0.16061699390411377,0.2803498029851505,,,0.05259215831756592,0.09577271767916443,,,0.290530800819397,3.404134802914272,,,4,4
2018-08-25 00:00:00+00:00,,,0.12392330169677734,-2.3493867601626155,,,,,,,,,0.267896831035614,-1.5271342166080661,,,0.31331193447113037,1.1659170404366972,,,0.30122697353363037,19.879968438826694,,,4,4
2018-08-25 06:00:00+00:00,,,0.12200796604156494,-5.009671784813358,,,,,,,,,0.33796268701553345,-3.0027742615229975,,,0.4263659715652466,2.224552853206118,,,0.324904203414917,5.66696432793988,,,4,4
2018-08-25 12:00:00+00:00,,,0.20416861772537231,-1.5427095724900333,,,,,,,,,0.3172706961631775,-4.574286774616448,,,0.18104767799377441,-0.314433747112785,,,0.29746389389038086,4.53353722691009,,,4,4
2018-08-25 18:00:00+00:00,,,0.1624172329902649,-1.195515020161197,,,,,0.4044851064682007,-1.5834960323108622,,,0.5079882144927979,-4.349932771834723,,,,,,,0.3222407102584839,6.244410623573196,,,5,4
2018-08-26 00:00:00+00:00,,,0.27124714851379395,-2.2458227706447738,,,,,0.25343966484069824,-2.63174319511831,,,0.15871477127075195,-3.62486863212938,,,,,,,0.28012704849243164,7.967333746846506,,,4,4
2018-08-26 06:00:00+00:00,,,0.2916524410247803,-1.4140522528035695,,,,,0.07853716611862183,-0.7916954646424289,,,,,0.35126668214797974,-4.406027658105335,,,,,0.34216058254241943,5.649619668327124,,,4,4
2018-08-26 12:00:00+00:00,,,0.19134825468063354,-7.704034706348425,,,,,0.07634991407394409,-1.1736732135141426,,,,,0.4951494336128235,-1.533182267332816,,,0.24281346797943115,-0.2674567939713922,0.3206448554992676,2.892258895245547,,,5,5
2018-08-26 18:00:00+00:00,,,0.14153456687927246,-0.9694536327587346,,,,,0.14107489585876465,-1.4613981128968556,,,,,0.3441096544265747,-5.446343081985922,,,0.04225790500640869,-0.2904018255653278,0.31364011764526367,4.71322660212916,,,5,5
2018-08-27 00:00:00+00:00,,,0.259055495262146,-14.656361868375344,,,,,0.0055130720138549805,3.0023537652909464,,,,,0.2619338035583496,-1.2002592177921776,,,0.24417662620544434,0.18789266566078017,0.3019610643386841,2.0105144100211914,,,5,5
2018-08-27 06:00:00+00:00,,,0.16386330127716064,-0.4573401621659049,,,,,0.09508419036865234,0.06507991667503198,,,,,0.3723868131637573,-0.8977305657368767,,,,,0.2937290668487549,2.953175794687005,,,4,4
2018-08-27 12:00:00+00:00,,,0.14875060319900513,-0.9959339810248573,,,,,0.17878860235214233,-0.7141587126109921,,,,,0.43581902980804443,-7.91826330636392,,,,,0.2822561264038086,3.1965438858587465,,,4,4
2018-08-27 18:00:00+00:00,,,0.10832428932189941,-0.105080256816795,,,,,0.5073188543319702,0.43433827376481093,,,,,0.316880464553833,-1.2068098360755186,,,,,0.3038572072982788,2.1211148450477624,,,4,4
2018-08-28 00:00:00+00:00,,,0.15744221210479736,-0.8604209587264134,,,,,0.03317689895629883,0.6003954566835087,,,,,0.15682750940322876,-1.7120267360704982,,,,,0.2756398916244507,2.6653436909898907,,,4,4
2018-08-28 06:00:00+00:00,,,0.13934653997421265,-0.014303441640943786,,,,,0.3307282328605652,-0.9749556488144207,,,,,0.09388083219528198,-2.3383365360194905,,,,,0.2497999668121338,3.4795301553785887,,,4,4
2018-08-28 12:00:00+00:00,,,0.10890549421310425,-0.8660463049418377,,,,,0.0953553318977356,5.263208051452768,,,,,0.2786361575126648,-1.3675700657416139,,,,,0.2601430416107178,2.475905314387445,,,4,4
2018-08-28 18:00:00+00:00,,,0.15706336498260498,-0.4034909287572503,,,,,0.20109140872955322,-0.24075141424652075,,,,,0.1788252592086792,0.015984987564314674,,,,,0.29608774185180664,2.2582998262733773,,,4,4
2018-08-29 00:00:00+00:00,,,0.19971823692321777,-0.30001458080007615,,,,,,,,,,,0.23570668697357178,1.2066571025186121,,,,,0.2555927038192749,6.3546452718662865,,,3,3
2018-08-29 06:00:00+00:00,,,0.1681569218635559,-0.4955762437731024,,,,,,,,,,,0.13035154342651367,-0.34254350680325807,,,0.4210139513015747,0.0019441210374202707,0.29570698738098145,-11.892406256132695,,,4,4
2018-08-29 12:00:00+00:00,,,0.25202274322509766,-16.748157608102936,,,,,,,,,,,0.2691563367843628,-8.835728296185266,,,,,0.33589673042297363,4.485561206703438,,,3,3
2018-08-29 18:00:00+00:00,,,0.19304341077804565,-0.10332877283963479,,,,,,,,,,,0.2191530466079712,2.268666692093936,,,,,0.3126237392425537,4.707869739607083,,,3,3
2018-08-30 00:00:00+00:00,,,0.08035540580749512,-0.3881514517085029,,,,,,,,,,,0.46485698223114014,-1.0742076752870244,,,,,0.25608932971954346,3.905622234318183,,,3,3
2018-08-30 06:00:00+00:00,,,0.21936404705047607,-0.13745585355778167,0.039330244064331055,0.946161829314398,,,,,,,,,0.4084792733192444,-1.716708789647996,,,,,0.2017652988433838,3.4725066564241565,,,4,4
2018-08-30 12:00:00+00:00,,,0.13803350925445557,0.6012767695886698,0.22251808643341064,0.13091815330261217,,,,,,,,,,,0.36319369077682495,-3.437122750405715,,,0.31753039360046387,2.9838608569390255,,,4,4
2018-08-30 18:00:00+00:00,,,0.11454641819000244,-0.30811633951735173,0.6530789136886597,-9.188582211082885,,,,,,,,,,,,,,,0.30467748641967773,4.200895502607853,,,3,3
2018-08-31 00:00:00+00:00,,,0.0059029459953308105,0.3718326948627332,0.1458677053451538,0.7354831565388896,0.38013243675231934,0.5182723383052124,,,,,,,,,,,,,0.2488863468170166,1.4976392444929338,,,4,4
2018-08-31 06:00:00+00:00,,,0.26943516731262207,12.45988514355289,0.7146525382995605,-0.26214916517665837,0.5547954738140106,-1.9239965703377526,,,,,,,,,,,,,0.2719982862472534,2.011009639191098,,,6,5
2018-08-31 12:00:00+00:00,,,0.3616308569908142,0.03668998613044888,0.03982186317443848,0.11624060263743106,0.300004780292511,-3.6951271456200994,,,,,,,,,,,,,0.3050398826599121,2.597585558836731,,,5,5
2018-08-31 18:00:00+00:00,,,0.3434411883354187,-0.15640403649339543,0.7777334451675415,-0.20325310687764564,0.3831247091293335,-2.688804169663995,,,,,,,,,,,,,0.2886439561843872,2.5328182881316335,,,5,4
2018-09-01 00:00:00+00:00,,,0.1705968976020813,-0.09498380595277257,,,0.39779287576675415,-3.072534549643969,,,,,,,,,,,,,0.23817205429077148,3.023774012339514,,,3,3
2018-09-01 06:00:00+00:00,,,0.08404803276062012,0.9730008416619518,,,0.30484652519226074,-15.05249591693343,,,,,,,,,,,,,0.280586838722229,3.323239533352204,,,3,3
2018-09-01 12:00:00+00:00,,,0.008495569229125977,-0.11271779900170914,,,0.3186599016189575,-5.910063245856183,,,,,,,,,,,,,0.2828550338745117,2.776051645259567,,,3,3
2018-09-01 18:00:00+00:00,,,0.1133221983909607,0.07859473834328436,,,0.40559983253479004,-5.511190646613252,,,,,,,,,,,,,0.3119388818740845,2.323613496322801,,,3,3
2018-09-02 00:00:00+00:00,,,0.260545551776886,-1.0561110630720538,,,0.3357203006744385,-8.541774319635177,,,,,,,,,,,,,0.2601654529571533,1.4772234916068965,,,3,3
2018-09-02 06:00:00+00:00,,,0.10911679267883301,-0.92538068100721,,,,,0.2912389039993286,-9.238057343253029,,,,,,,,,,,0.263635516166687,1.95973142306451,,,3,3
2018-09-02 12:00:00+00:00,,,0.24117672443389893,-0.7794277588505589,,,,,0.24443018436431885,-4.918839563433765,,,,,,,,,,,0.332291841506958,5.175668082995504,,,3,3
2018-09-02 18:00:00+00:00,,,0.36210477352142334,-1.4581627642219543,,,,,0.3672451972961426,-4.361913523676409,,,,,,,,,,,0.25908374786376953,3.961343324872815,,,3,3
2018-09-03 00:00:00+00:00,,,0.21925079822540283,-0.24101983741306177,,,,,0.29901814460754395,-4.0553898263570645,,,,,,,,,,,0.27616608142852783,1.8075934003668965,,,3,3
2018-09-03 06:00:00+00:00,,,0.42528486251831055,-0.028369390891467134,,,,,0.2973223924636841,-9.738208435593734,,,,,,,,,,,0.27979469299316406,3.2888690334038015,,,3,3
2018-09-03 12:00:00+00:00,,,0.5012837946414948,-0.35615004717498916,,,,,0.29612457752227783,-3.689405213248467,,,,,,,,,,,0.24579870700836182,0.781815380884669,,,3,3
2018-09-03 18:00:00+00:00,,,0.2169533371925354,-0.6277985852462454,,,,,0.3922373652458191,-11.518247835067422,,,,,,,,,,,0.31714773178100586,1.6446873160606048,,,3,3
2018-09-04 00:00:00+00:00,,,0.18413424491882324,-0.3681713466763543,,,,,0.3181559443473816,-4.130798507124701,,,,,0.7072090208530426,-1.9198804570165036,,,,,0.20640254020690918,1.4609011525909505,0.10785341262817383,0.1873108750374108,5,5
2018-09-04 06:00:00+00:00,,,0.16846472024917603,-0.06856959494508238,,,,,0.37276721000671387,-10.766124923045181,,,,,,,,,,,0.2855691909790039,1.357487361296992,0.1063605546951294,-0.1716076142234971,5,4
2018-09-04 12:00:00+00:00,,,0.4006909132003784,0.7740413038320425,,,,,0.42238807678222656,-7.88654075693576,,,0.8843804597854614,2.4617408237494716,,,,,,,0.2830331325531006,1.5474691321895673,0.058168888092041016,0.8600783391789234,5,5
2018-09-04 18:00:00+00:00,,,0.2798905372619629,0.09297974100133505,,,,,0.35513776540756226,-8.622504317965497,,,0.6315141916275024,2.4372244316120586,,,,,,,0.2555485963821411,2.4562545716064563,0.30012255907058716,-0.3792759895540223,5,5
2018-09-05 00:00:00+00:00,,,,,0.04712116718292236,-0.5736998157611849,,,0.44526296854019165,-19.471875225691598,,,0.5637301206588745,6.516551314914696,,,,,,,0.3085758686065674,2.3332532952028338,,,4,4
2018-09-05 06:00:00+00:00,,,,,0.26841092109680176,-0.18279491431282888,,,0.36339038610458374,-5.9019383676820585,,,0.46057558059692383,3.696549849160723,,,,,,,0.23433256149291992,1.5847619883729074,,,4,4
2018-09-05 12:00:00+00:00,,,,,0.20883262157440186,0.44075326815315713,,,0.33995336294174194,-6.6910045933016455,,,0.5173237323760986,6.631798033702819,,,,,,,0.21151483058929443,2.188462128088802,,,4,4
2018-09-05 18:00:00+00:00,,,,,,,,,0.3158978223800659,-22.159326547600447,,,0.40655291080474854,7.932542535179596,,,,,,,0.29148173332214355,1.7780660041527758,,,6,3
2018-09-06 00:00:00+00:00,0.4953330159187317,-0.93710554900873,,,,,,,0.38311803340911865,-9.488876878183033,,,,,0.49997973442077637,6.8302082020618125,,,0.6182618141174316,0.08988808160006684,0.2193012237548828,1.7735498114009383,,,6,5
2018-09-06 06:00:00+00:00,0.5850350856781006,-1.5134451986579192,,,,,,,0.4861162304878235,-7.818521658479537,,,,,0.47538888454437256,6.928507096719341,,,,,0.24179625511169434,2.4493752992039184,,,5,5
2018-09-06 12:00:00+00:00,0.6184692978858948,-7.423416469434514,,,,,,,0.3106146454811096,-1.925236294937621,0.34422731399536133,-4.273559764040633,,,0.506667971611023,7.296922767105823,,,,,0.20517849922180176,2.26114447665548,,,5,5
2018-09-06 18:00:00+00:00,0.08127117156982422,-1.1767099835697536,,,,,,,0.3917638659477234,0.11662545787647577,0.3272215723991394,-3.2106427009405936,,,0.5273756980895996,9.113506041959484,,,,,0.20630109310150146,2.596356257174731,,,5,5
2018-09-07 00:00:00+00:00,0.18645954132080078,-2.8719254866228185,,,,,,,,,0.42146801948547363,-10.957775280323531,,,0.5157310962677002,10.679414927786798,,,,,0.19374394416809082,3.321117452138062,,,4,4
2018-09-07 06:00:00+00:00,0.30341005325317383,-1.0068244443964662,,,,,,,,,0.3296416997909546,-2.0318319243303264,0.4638170003890991,3.6521400943085367,0.4810253381729126,8.09638004619968,,,,,0.21850454807281494,1.2472046794195903,,,6,6
2018-09-07 12:00:00+00:00,0.3898061513900757,-0.7157628965182434,,,,,,,,,,,0.4944286346435547,5.669884006952886,0.49450719356536865,9.445700067775233,0.29402661323547363,-1.1760293774480046,,,0.2760988473892212,2.394788662920863,,,5,5
2018-09-07 18:00:00+00:00,0.21110332012176514,-0.33865919583088616,,,,,,,,,,,,,0.5168099403381348,11.704264333978623,,,,,0.24325323104858398,3.2182006850491804,,,4,4
2018-09-08 00:00:00+00:00,,,0.28364938497543335,-0.8344966600541045,,,,,,,,,,,0.5843720436096191,8.911528599766411,,,,,0.26145708560943604,2.795667767792236,,,4,4
2018-09-08 06:00:00+00:00,,,0.253437876701355,-0.7988596088772215,,,,,,,,,,,0.5199931859970093,6.875092689089346,,,,,0.2965959310531616,3.482940315704647,,,4,4
2018-09-08 12:00:00+00:00,,,0.11067146062850952,0.036761945786034506,,,,,,,,,,,0.44953715801239014,8.992956746325827,,,,,0.23017191886901855,-10.10794142094659,,,3,3
2018-09-08 18:00:00+00:00,,,0.3667767643928528,-1.5290704527442156,,,,,0.04246032238006592,0.036274255504077084,,,,,0.4691513776779175,7.362439042901608,,,,,0.21573758125305176,2.485891541603894,,,4,4
2018-09-09 00:00:00+00:00,,,0.646153599023819,-13.112348725647736,,,,,0.43129730224609375,7.124850635655322,,,,,0.1880648136138916,1.595552344025254,,,,,0.22958338260650635,5.566121413305605,,,4,4
2018-09-09 06:00:00+00:00,,,0.2649485468864441,1.254319290789201,,,0.738866925239563,8.136406400651355,0.5148690938949585,18.80355156019652,,,,,0.23842120170593262,2.2852089651538527,,,,,0.23430991172790527,2.712513649819077,,,5,5
2018-09-09 12:00:00+00:00,,,0.24923080205917358,-0.42109587022565187,,,0.3645092248916626,-1.4608251817739575,0.49030184745788574,9.88556213221505,,,,,0.31145739555358887,2.8179249157689417,,,,,0.25062572956085205,2.8283456404556993,,,6,6
2018-09-09 18:00:00+00:00,,,0.2539314031600952,-1.7081982005520266,,,0.35220950841903687,-0.41932336083413524,0.37967777252197266,7.394715665099396,,,,,0.09482729434967041,-0.9226771480321451,,,,,0.2609975337982178,2.675978539299801,,,6,6
2018-09-10 00:00:00+00:00,,,0.3336760401725769,-0.5070773131114352,,,0.214469313621521,-2.458663475304084,0.4503898620605469,3.687193898687283,,,,,0.2392491102218628,5.597788110392,,,,,0.26795971393585205,4.134102007250803,,,5,5
2018-09-10 06:00:00+00:00,,,0.16018736362457275,-0.47352698908507723,,,0.21544688940048218,-1.3205458875891303,,,0.4629850387573242,9.284435400898357,,,0.29258430004119873,2.436029493785284,0.19816160202026367,1.9331208245673273,,,0.2358165979385376,7.000824443783551,,,6,6
2018-09-10 12:00:00+00:00,,,0.28172123432159424,-1.0177469227030629,,,0.04470711946487427,-1.1971792697176942,,,0.3937932252883911,11.047468105660347,,,0.00011038780212402344,-0.30177187331760535,0.0663309097290039,1.3549961363443872,,,0.27933990955352783,5.58340205627393,,,7,7
2018-09-10 18:00:00+00:00,,,0.04032766819000244,-0.4423718434700647,,,0.12224650382995605,-4.83162464738168,,,0.4510819911956787,4.713095100802989,,,0.03306007385253906,-0.21976052661274859,0.03209024667739868,2.0121144028053752,,,0.26977574825286865,2.927109481830476,,,6,6
2018-09-11 00:00:00+00:00,,,0.10551130771636963,-0.428463726015925,,,0.15243709087371826,-1.9672781565557838,,,0.5098187923431396,3.904141043833971,,,,,0.09329986572265625,-0.8425748882054268,,,0.23005008697509766,3.5625410339418537,,,5,5
2018-09-11 06:00:00+00:00,,,0.19592446088790894,-2.135029517747341,,,0.16573333740234375,-1.1229309251933188,,,0.4611504077911377,3.4322102377400863,,,,,0.07350385189056396,0.19104660978282637,,,0.2714914083480835,2.8523170856249696,,,6,6
2018-09-11 12:00:00+00:00,,,0.42566174268722534,-1.4628593554352545,,,0.15088194608688354,-2.8281438672577166,,,0.4753216505050659,2.5059473540573975,,,,,0.35020577907562256,1.4685449089279485,,,0.24921369552612305,-8.005065832125746,,,6,6
2018-09-11 18:00:00+00:00,,,0.23714464902877808,-0.8214060017330165,,,0.37133151292800903,-3.5231028834308633,,,0.2983248233795166,1.3356240475667376,,,,,0.6951303482055664,3.2330326115501165,,,0.25706398487091064,-3.2358561484615684,,,5,5
2018-09-12 00:00:00+00:00,,,0.24041563272476196,-1.2088456599602013,,,0.20326179265975952,-8.39531318332945,,,0.2898139953613281,4.505624001936056,,,,,0.22429323196411133,1.6346834473868985,,,0.2758263349533081,4.650086678034206,,,5,5
2018-09-12 06:00:00+00:00,,,0.31238478422164917,-0.8245658566066001,,,0.3123757243156433,-8.533751201325972,,,0.02688014507293701,0.6960039123604789,,,,,0.41645491123199463,2.3616630984197404,,,0.251642107963562,3.120836670777562,,,5,5
2018-09-12 12:00:00+00:00,,,0.19180744886398315,-1.079317768528656,,,0.32195329666137695,-6.23704872336642,,,0.39876627922058105,5.914352303737821,,,,,0.4057474136352539,-0.15147128695964285,,,0.26694703102111816,3.691667646541404,,,6,6
2018-09-13 00:00:00+00:00,0.04129207134246826,-0.14121258557151772,0.07235997915267944,6.232992770701746,,,,,0.3187236785888672,-13.231592447820505,0.4479219913482666,0.6049387317413588,,,,,,,,,0.20896637439727783,3.038122912530842,,,5,5
2018-09-13 06:00:00+00:00,0.09302294254302979,0.1282799481039563,0.20654034614562988,-0.46152896885823685,,,,,0.3301694393157959,-9.007390009921531,,,,,,,,,,,0.26308774948120117,4.946748302779337,,,4,4
2018-09-13 12:00:00+00:00,0.058333635330200195,0.31326673967191626,0.152732253074646,0.11901793693721001,,,,,0.41713911294937134,-7.935639022481995,,,,,,,,,,,0.2240976095199585,3.8767558958652986,,,5,5
2018-09-13 18:00:00+00:00,0.2681471109390259,-0.27739583994074474,0.24987328052520752,-0.1171531293434343,,,,,0.30238550901412964,-9.263270190756527,,,,,,,,,,,0.2907670736312866,5.17675256101461,,,4,4
2018-09-14 00:00:00+00:00,0.11427843570709229,-0.37557715481089826,0.27489209175109863,-14.959153486778005,,,,,0.36442846059799194,-11.136966491651092,,,,,0.04172790050506592,-0.008372570716925263,,,,,0.30014169216156006,3.027694220285836,,,5,5
2018-09-14 06:00:00+00:00,0.004732906818389893,-0.4083403518979615,0.1901671290397644,-0.03589956951803744,,,,,0.4074905514717102,-6.385220127367778,,,0.056021928787231445,0.13268230915213727,,,,,,,0.2542639970779419,2.2206054643717112,,,5,5
2018-09-14 12:00:00+00:00,0.1254880428314209,-0.859239844523467,0.21413540840148926,-0.2563408706963197,,,,,0.3891889452934265,-8.395749763815182,,,0.18254822492599487,0.05646590258126617,,,,,,,,,0.21530818939208984,2.9436869540672554,6,6
2018-09-14 18:00:00+00:00,0.10655713081359863,0.3302319071232507,,,,,,,0.35811591148376465,-10.72941166681087,,,0.2641810178756714,0.9476906048523666,0.582054853439331,-2.634984906174739,,,,,,,0.27059435844421387,4.440278908241803,6,6
2018-09-15 00:00:00+00:00,0.19211256504058838,8.508091047053705,0.03998684883117676,-0.24965051468125532,,,,,0.35328876972198486,-5.122020208951331,,,0.07960760593414307,3.6013780565610864,,,,,,,,,0.20225751399993896,3.538568382586045,7,7
2018-09-15 06:00:00+00:00,,,0.006700873374938965,-0.1992554990414636,0.11686885356903076,0.8250341323740673,,,0.2904254198074341,-8.737741008059059,,,0.26388847827911377,-0.07796129711240735,0.6023889183998108,-5.63923515495229,,,,,,,0.2662407159805298,3.060607785895877,9,9
2018-09-15 12:00:00+00:00,,,0.1430777907371521,-1.4565752033797967,,,,,0.29573583602905273,-3.7266326431984025,,,0.1587677001953125,0.398050416610935,0.47434234619140625,-3.2900594263504828,,,,,,,0.29496538639068604,4.102272660243013,8,8
2018-09-15 18:00:00+00:00,,,0.12095582485198975,-0.9024457912619837,,,,,0.3808854818344116,-5.76908608962268,0.14210504293441772,2.8278620276792963,,,,,,,0.1716541051864624,1.9471352182838715,,,0.1656869649887085,1.2015323624632561,8,7
2018-09-16 00:00:00+00:00,,,0.08441287279129028,-0.09038576748872271,,,,,0.36640775203704834,-9.043895488293211,0.13054418563842773,-0.6646168761098372,,,,,,,0.19981861114501953,8.79141038835445,,,0.10630917549133301,-13.061919081339997,6,6
2018-09-16 06:00:00+00:00,,,0.11305826902389526,-0.6697389776640593,,,,,0.24126607179641724,-3.050850778308881,0.1821376085281372,-1.8535811177666353,,,,,0.6054982542991638,-3.8238593086207557,0.22097885608673096,3.542792414576273,,,0.21921253204345703,1.1501995667901321,7,7
2018-09-16 12:00:00+00:00,,,0.12577694654464722,-2.073947547749021,,,,,0.31743574142456055,-12.73122435770875,0.20100343227386475,0.8271685826449191,,,,,0.2969820499420166,-1.0486752659765188,0.19881772994995117,3.108320161671218,,,0.2446765899658203,1.2744466939478314,6,6
2018-09-16 18:00:00+00:00,,,0.1343245506286621,-1.0216035630521842,,,,,0.34528636932373047,-9.61935659844981,0.19604551792144775,-0.2144550332012983,,,,,0.4479944705963135,-5.823181329297736,,,0.21995115280151367,3.3293260749550955,,,5,5
2018-09-17 00:00:00+00:00,,,0.13784879446029663,-0.3740987619256476,,,,,0.3376549482345581,-2.644261577792924,0.22337496280670166,-0.05393831134171151,,,,,0.43903058767318726,-3.4352276422880874,,,0.1565380096435547,2.293403854521736,,,5,5
2018-09-17 06:00:00+00:00,,,0.2028157114982605,-1.5153836352455574,,,,,0.24739480018615723,-3.352385900565798,0.12371081113815308,-0.0524445281161989,,,,,,,,,0.23938417434692383,1.3248402176428666,,,4,4
2018-09-17 12:00:00+00:00,,,0.2221727967262268,-0.46696805124167196,,,,,0.4959592819213867,-1.0638733909402893,0.23379963636398315,-4.167256151120951,,,,,,,,,0.2349323034286499,-26.74415124551068,0.15000468492507935,-0.946001862581553,5,5
2018-09-17 18:00:00+00:00,,,0.17326456308364868,-4.2327629005560645,,,,,,,0.3076626658439636,-2.9359703260883094,,,,,,,,,0.19202232360839844,1.0823791824772948,,,4,4
2018-09-18 00:00:00+00:00,,,0.09051048755645752,-0.36531516890469456,,,,,,,0.21656709909439087,-3.2600732805667287,,,,,,,,,0.20797491073608398,1.6976473700733126,,,3,3
2018-09-18 06:00:00+00:00,,,0.16051173210144043,-0.353305784768034,,,,,,,0.168901264667511,-4.298547067510242,,,,,,,,,0.21476507186889648,-29.124601410365685,,,4,4
2018-09-18 12:00:00+00:00,,,0.058250248432159424,-0.6908012143258107,,,,,,,0.244503915309906,-0.707066960344814,,,0.6202104091644287,6.025855835026751,,,,,0.24506723880767822,3.2877479543745913,,,4,4
2018-09-18 18:00:00+00:00,,,0.10385584831237793,8.954496108725618,0.18504047393798828,0.3096421417857584,,,,,0.386321485042572,-2.733557505574711,,,0.34966933727264404,3.533623097662723,,,,,0.21034038066864014,2.0510940502045205,,,7,7
2018-09-19 00:00:00+00:00,,,0.08486926555633545,-0.19053272418450165,0.3399597406387329,0.5547794525810249,,,,,0.46436578035354614,-1.900229343680451,,,0.7073723077774048,2.5168733066336237,,,,,0.20484209060668945,4.89994984849192,,,6,6
2018-09-19 06:00:00+00:00,,,0.06800282001495361,0.10758625565037007,0.4617490768432617,-4.833179211792904,,,,,0.3026794195175171,-0.8309531892920926,,,0.013634920120239258,-0.31507374324088455,,,,,0.2555612325668335,4.791232379980337,,,6,6
2018-09-19 12:00:00+00:00,,,0.00664973258972168,0.6436562753674451,,,,,,,,,,,,,,,,,0.27313005924224854,2.0542854960595753,,,3,3
2018-09-19 18:00:00+00:00,,,0.16350221633911133,-0.33999065756232205,0.12909215688705444,-0.3457305014506348,,,,,,,,,,,,,,,0.24289560317993164,7.65495551030566,,,3,3
2018-09-20 00:00:00+00:00,,,0.14171624183654785,-0.7036093042457502,0.0022155046463012695,3.2467637945826455,,,,,,,,,,,,,,,0.2030034065246582,1.085953325412911,,,3,3
2018-09-20 06:00:00+00:00,,,0.011947274208068848,-1.3035856136358137,0.002406001091003418,-0.005524348686707992,,,0.6637657880783081,-7.262116404591091,,,,,,,,,,,0.28143560886383057,3.8781240915867015,,,4,4
2018-09-20 12:00:00+00:00,,,0.13382172584533691,-0.9176292412214401,,,,,0.019913315773010254,-0.27906354538979805,,,,,,,,,,,0.29437315464019775,5.677679965215256,,,3,3
2018-09-20 18:00:00+00:00,,,0.09434044361114502,-0.5637566991692143,,,,,0.3339232802391052,-7.3897469853075535,,,,,,,,,,,0.27547574043273926,4.48335729800196,,,3,3
2018-09-21 00:00:00+00:00,,,0.14326059818267822,-0.22394067945384666,0.7080682516098022,-0.6646481214304039,,,0.3809535503387451,-4.337631650905745,,,,,,,,,,,0.2753840684890747,2.278754040972496,,,4,4
2018-09-21 06:00:00+00:00,,,0.17654746770858765,-0.5768321589188918,0.004558920860290527,0.5519736797543863,,,0.07587325572967529,-1.861096755776231,,,,,,,,,,,0.2583078145980835,2.982937857634244,,,4,4
2018-09-21 12:00:00+00:00,,,0.06594234704971313,-0.7961047471021814,0.22513151168823242,0.1283939494966437,,,0.32114142179489136,-2.1407908678871976,,,,,0.4110546112060547,6.092563906608458,,,,,0.27822375297546387,1.9832453119082698,,,6,6
2018-09-21 18:00:00+00:00,,,0.13499528169631958,-0.20940878753706116,0.13815927505493164,-0.38058616971663706,,,0.07335072755813599,2.377946924921881,,,,,0.21960127353668213,0.04752933883593445,,,,,0.2690136432647705,2.727725998472583,,,6,6
2018-09-22 00:00:00+00:00,,,0.13367503881454468,-0.6854253929045747,0.5343193709850311,0.6681694298530395,,,0.4037100672721863,-2.132954660309114,,,,,,,,,,,0.26985394954681396,3.42281428436146,,,5,5
2018-09-22 06:00:00+00:00,,,0.102916419506073,-0.17362523957072232,,,,,0.22671931982040405,-1.8712341596795783,,,,,,,,,,,0.22562289237976074,2.793421084230641,,,4,4
2018-09-22 12:00:00+00:00,,,0.12447506189346313,-0.6253712543951936,,,,,0.4258025884628296,-6.0038000522438315,,,,,,,,,,,0.24922025203704834,1.6295430213152158,,,3,3
2018-09-22 18:00:00+00:00,,,0.15655404329299927,-0.4902605415535845,,,,,0.26929640769958496,-3.772655050388268,,,,,,,,,,,0.2921816110610962,2.700546728630037,,,3,3
2018-09-23 00:00:00+00:00,,,0.1171531081199646,-0.40796540444599,,,,,0.39145171642303467,0.008821335971472938,,,,,,,,,,,0.23572373390197754,2.3049244524963695,,,3,3
2018-09-23 06:00:00+00:00,,,0.169242262840271,-0.6415770905086131,,,,,,,,,,,,,,,,,0.27229738235473633,4.154752511029885,,,2,2
2018-09-23 12:00:00+00:00,,,0.14680695533752441,-0.27571697670913803,,,,,,,,,,,,,,,,,0.3022482395172119,2.84065744033444,,,2,2
2018-09-23 18:00:00+00:00,,,0.052221596240997314,-0.9805662937562271,,,,,,,,,,,,,,,,,0.2752654552459717,2.869520247241816,,,2,2
2018-09-24 00:00:00+00:00,,,0.038782715797424316,-0.17121083140290044,,,,,,,,,,,,,,,,,0.24227476119995117,1.8347352976510354,,,2,2
2018-09-24 06:00:00+00:00,,,0.11370313167572021,-0.2843566648572451,,,,,,,,,,,,,,,,,0.28155195713043213,2.863842457449112,,,2,2
2018-09-24 12:00:00+00:00,,,0.10344618558883667,-0.688306419382366,,,,,,,,,,,,,,,,,0.2598433494567871,1.7191859044859028,,,2,2
2018-09-24 18:00:00+00:00,,,0.21738409996032715,-0.10853078236652136,0.5424433946609497,-0.0756337076285416,,,,,,,,,,,,,,,0.3073936700820923,2.0544864619763024,,,3,3
2018-09-25 00:00:00+00:00,,,0.14997202157974243,-0.6629785650164447,,,,,,,,,,,,,,,,,0.30778658390045166,3.25930170895484,0.6735512018203735,0.7370393417885635,4,3
2018-09-25 06:00:00+00:00,,,0.2102474570274353,-0.5612213157099699,0.10713040828704834,-0.3865279026751432,,,,,,,,,,,,,,,0.24773955345153809,2.327155876018914,,,3,3
2018-09-25 12:00:00+00:00,,,0.25041913986206055,-0.6099796632562933,0.20335644483566284,0.20861702934466864,,,,,,,,,,,,,,,0.3197298049926758,3.2480230624879125,,,3,3
2018-09-25 18:00:00+00:00,,,0.1989266276359558,-1.3669784307056545,0.008248746395111084,0.2738167840177822,,,,,,,,,,,,,,,0.2601044178009033,2.2962748614375643,,,3,3
2018-09-26 00:00:00+00:00,,,0.0881110429763794,0.08193644355045757,0.19111144542694092,-0.29486897989805866,,,,,,,,,,,,,,,0.2649106979370117,2.709244147938417,,,3,3
2018-09-26 06:00:00+00:00,,,0.2107277512550354,-0.20258398741031733,0.08004426956176758,-0.131521909963385,,,,,,,,,,,,,,,0.27047407627105713,3.0998862517288694,,,3,3
2018-09-26 12:00:00+00:00,,,0.07452011108398438,0.9943556188759582,0.06682693958282471,0.05842771609612391,,,,,,,,,,,,,,,0.33725202083587646,2.486852431501582,,,3,3
2018-09-26 18:00:00+00:00,,,0.19686609506607056,-0.4452452866178619,0.10815238952636719,0.6421561369461964,0.4627256393432617,0.5937946189741857,,,,,,,,,,,,,0.30400896072387695,6.779465257750663,,,4,4
2018-09-27 00:00:00+00:00,,,0.08982211351394653,-0.8987219169559882,,,0.8224450796842575,-0.9410279254798836,,,,,,,,,,,,,0.32877135276794434,5.654657795167629,,,4,3
2018-09-27 06:00:00+00:00,,,0.10396802425384521,-0.013045055945170152,,,0.21342408657073975,-0.9858513727040925,,,,,,,,,,,,,0.326554536819458,4.431425691450071,,,4,3
2018-09-27 12:00:00+00:00,,,0.02667391300201416,-0.7160905412893863,,,,,,,,,0.09638148546218872,0.06150682761092583,,,,,,,0.3395742177963257,3.3131087050798516,0.8093273490667343,0.2958056924718052,4,4
2018-09-27 18:00:00+00:00,,,0.16382235288619995,-0.5043407287763512,,,,,,,,,0.25745564699172974,-4.158063193712576,,,,,,,0.32694149017333984,9.976731661878977,,,3,3
2018-09-28 00:00:00+00:00,,,0.036018311977386475,0.05955949758859921,,,,,,,,,0.26171886920928955,-4.462558630619969,,,,,,,0.3544192314147949,8.8687662106967,,,4,3
2018-09-28 06:00:00+00:00,,,0.02897590398788452,-2.273605051758319,,,,,,,,,0.2767425775527954,-1.9114923285516197,,,,,,,0.31056106090545654,2.8060488835481303,,,3,3
2018-09-28 12:00:00+00:00,,,0.16788995265960693,-0.22610924573189872,,,,,,,,,0.18362975120544434,-3.2912417450255855,,,,,,,0.32110869884490967,4.625717628578355,,,3,3
2018-09-28 18:00:00+00:00,,,0.22927623987197876,0.09391989860837663,,,0.36221492290496826,-4.000251749484916,,,,,,,,,,,,,0.37244534492492676,8.841955673983135,,,3,3
2018-09-29 00:00:00+00:00,,,0.19199538230895996,-16.106033282972586,,,,,0.2581372857093811,-3.30302593786373,,,,,,,,,,,0.3203439712524414,4.870299286136363,,,3,3
2018-09-29 06:00:00+00:00,,,0.3379531502723694,-0.2620985020769367,,,,,0.22556591033935547,-4.410044706496712,,,,,,,,,,,0.31240761280059814,7.838877548681263,,,3,3
2018-09-29 12:00:00+00:00,,,,,0.2628546357154846,-1.4332537911570546,,,,,,,,,0.3524397015571594,-4.17656755262698,,,,,0.3375338315963745,3.4824719604138714,,,4,3
2018-09-29 18:00:00+00:00,,,,,0.19574087858200073,-0.7287818133192939,,,0.3183494806289673,-5.6697009635527165,,,,,,,,,,,0.30742549896240234,2.648983135290536,,,3,3
2018-09-30 00:00:00+00:00,,,,,0.16743046045303345,-0.13986278071943717,0.2764158844947815,-0.5108178805065063,0.25244075059890747,-6.266955772803101,,,,,0.4079655408859253,-6.472250987163684,,,,,0.2564429044723511,4.361736542828631,,,5,5
2018-09-30 06:00:00+00:00,,,,,0.30914634466171265,0.4296588227647685,0.4626041650772095,-0.4898315423652149,0.43833106756210327,-5.454976930393775,,,,,,,,,,,0.30499327182769775,5.135769837814563,,,6,6
2018-09-30 12:00:00+00:00,,,0.06489908695220947,-0.006107898879161056,0.0020056962966918945,0.42912683397602264,0.2588942050933838,2.4695394021222397,0.4894148111343384,-10.795328420466035,,,,,,,,,,,0.30391550064086914,3.5409074053865788,,,6,5
2018-09-30 18:00:00+00:00,,,,,0.09351217746734619,0.17146245460093845,,,0.4155920147895813,-7.046350674290984,,,0.2706531286239624,6.488105473662984,,,,,,,0.35119152069091797,3.765187083226258,,,4,4
2018-10-01 00:00:00+00:00,,,,,0.28447139263153076,-0.4533780027239859,,,0.4314494729042053,-8.997135198295814,,,0.4091460704803467,3.3520643383935296,,,,,,,0.2960919141769409,7.234736900079697,,,6,5
2018-10-01 06:00:00+00:00,,,,,0.6506364345550537,0.35253787668249437,0.24720895290374756,4.285872437441485,0.4499630928039551,-18.43143497375733,,,,,,,,,,,0.33309340476989746,6.893846500204217,,,5,5
2018-10-01 12:00:00+00:00,0.0830695629119873,0.8552635503323568,,,,,,,0.4891176223754883,-11.877766850812232,,,0.2933844327926636,2.7990201470273037,,,,,,,0.33293628692626953,6.064505533023594,,,5,4
2018-10-01 18:00:00+00:00,0.24178433418273926,-0.22729364137550834,,,,,,,0.35307776927948,-6.724838107892577,,,0.33033835887908936,4.74880003835232,,,,,,,0.24638378620147705,3.1539483687679852,,,5,4
2018-10-02 00:00:00+00:00,0.10017991065979004,-0.28953599271038305,,,,,,,0.394292414188385,-8.042782760114564,,,0.37760841846466064,8.195875952485213,,,,,,,0.3288271427154541,4.080842046540469,,,4,4
2018-10-02 06:00:00+00:00,0.14022314548492432,-0.24529020456903167,,,,,,,0.35733580589294434,-2.0521840202565036,,,0.281826376914978,3.962307600386741,,,,,,,0.28783559799194336,4.020662649619744,,,4,4
2018-10-02 12:00:00+00:00,0.1655493974685669,0.46283163594202864,,,,,,,0.09063434600830078,2.052756395128679,,,0.39640700817108154,6.600990714171272,0.14835011959075928,0.004664079310376972,,,,,0.3356417417526245,3.1185535732295233,,,5,5
2018-10-02 18:00:00+00:00,0.013940095901489258,-0.6229063251477633,,,,,,,0.35695403814315796,-11.02713947820124,,,,,0.4020717144012451,6.929542339305101,,,,,0.34362101554870605,4.814397328166965,,,4,4
2018-10-03 00:00:00+00:00,0.39178645610809326,-0.7838867230767199,,,,,,,0.3152046203613281,-3.4336575033703105,,,,,0.41665828227996826,14.657871788178433,,,,,0.31559205055236816,6.1319593009505535,,,5,5
2018-10-03 06:00:00+00:00,0.41094785928726196,-0.20302321341668347,,,,,,,0.27288246154785156,-0.4988834545393953,,,,,0.49384987354278564,8.664882828072942,0.5566926002502441,-4.7131208909778755,,,0.2737499475479126,-2.4252489862340387,,,5,5
2018-10-03 12:00:00+00:00,,,0.14507818222045898,-0.21285277923140616,,,,,,,0.23484551906585693,1.8623020561756551,,,0.43406569957733154,8.204665671007863,0.6885986328125,-4.932849942123421,,,0.29691874980926514,1.9529694602469858,,,5,5
2018-10-04 00:00:00+00:00,,,0.15694862604141235,-0.09035704283224809,,,,,,,,,,,0.36764657497406006,8.600983190989687,0.24942076206207275,-0.4306136359200764,,,0.2550039291381836,5.222956994001993,,,4,4
2018-10-04 06:00:00+00:00,,,0.27802836894989014,0.1947188853354386,,,,,,,,,,,0.39626967906951904,7.072062880030869,0.824786365032196,-4.126777639316327,,,0.1713491678237915,-10.106722693767663,,,4,4
2018-10-04 12:00:00+00:00,,,0.09034579992294312,-1.0473530013509502,,,,,,,,,,,0.41738343238830566,12.666909985007054,,,,,0.26719141006469727,3.047267305441667,,,3,3
2018-10-04 18:00:00+00:00,,,0.08938300609588623,-0.3294929334679803,,,,,,,,,,,0.4054144620895386,8.685788093434105,,,,,0.1649719476699829,2.8316959025324504,,,3,3
2018-10-05 00:00:00+00:00,,,0.1521397829055786,-2.1451963124869033,,,,,,,,,,,0.47419464588165283,16.52628356463407,,,,,0.22935080528259277,1.1753675754315958,,,4,4
2018-10-05 06:00:00+00:00,,,0.11928856372833252,11.114190881962903,,,,,,,,,,,0.5096120834350586,12.792583800704481,,,,,0.28737032413482666,1.0053676022596392,,,4,4
2018-10-05 12:00:00+00:00,,,0.2928089499473572,-0.6261396728693409,,,,,,,,,,,0.5294015407562256,11.093373851097645,,,,,0.31212174892425537,2.317981231807313,,,4,4
2018-10-05 18:00:00+00:00,,,0.25867462158203125,-0.10719605759117526,,,,,,,,,,,0.4799621105194092,11.404241347376374,,,,,0.18008291721343994,1.9489304810619847,,,5,5
2018-10-06 00:00:00+00:00,,,0.10639923810958862,3.4739384632079955,,,0.6805142164230347,0.29472761335801595,,,,,,,0.5083953142166138,8.626954229487753,,,,,0.2455805540084839,4.2108811733225355,,,5,5
2018-10-06 06:00:00+00:00,,,0.2190454602241516,-0.6812967799138361,,,0.4506611227989197,-0.14173917936743802,,,,,,,0.4315093755722046,6.997713472966404,,,,,0.24725520610809326,1.5161903302528832,,,5,5
2018-10-06 12:00:00+00:00,,,0.13769453763961792,4.710704125922972,,,0.3155631422996521,-0.14071700806901763,,,,,,,0.4450794458389282,8.961494136405324,,,,,0.2504335641860962,5.3847418076412055,,,6,6
2018-10-06 18:00:00+00:00,,,0.17087775468826294,-0.39284907371857264,,,0.13833606243133545,0.1253861629133865,,,,,,,0.4966263771057129,10.095118719586186,,,,,0.23901772499084473,3.405644204392809,,,6,5
2018-10-07 00:00:00+00:00,0.1686267852783203,0.1611878701400961,0.3910428285598755,-0.6311924206549135,,,0.11814504861831665,-0.46087834277714923,,,,,,,0.4364047050476074,8.3365299841934,,,,,0.26514530181884766,2.467350153143507,,,7,7
2018-10-07 06:00:00+00:00,0.10439932346343994,-0.4324220097929244,0.28888171911239624,-1.1212305352920302,,,0.30460691452026367,-2.43249964809539,,,,,,,0.15059077739715576,3.1001146395346035,0.4355604648590088,10.913537318508297,,,0.27278971672058105,4.615887134380797,,,7,7
2018-10-07 12:00:00+00:00,0.31473761796951294,-0.31715200889085843,0.28558409214019775,-0.04196207639226599,,,0.19235962629318237,-0.8267202880514206,,,,,,,0.22682034969329834,2.2557348504260735,0.42550647258758545,8.944866324324797,,,0.2601583003997803,2.496951656495843,,,7,7
2018-10-07 18:00:00+00:00,0.0750586986541748,0.07733402450755619,0.30513960123062134,-0.48213969727636524,,,0.08885300159454346,-0.9860619462676046,,,,,,,0.254727840423584,4.89538823222924,0.4118107557296753,3.9980582784426377,,,0.2532525062561035,3.2769135107879523,,,6,6
2018-10-08 00:00:00+00:00,0.008554458618164062,0.2759024879012885,0.20905286073684692,-0.9112561553738607,,,0.14503836631774902,-1.609125363117658,,,,,,,0.14113211631774902,1.3681862716543003,0.46990954875946045,5.2319757883897875,,,0.2853502035140991,3.563328527112426,,,7,7
2018-10-08 06:00:00+00:00,0.05454587936401367,0.6232242969958446,0.5411978662014008,-9.798890037340799,,,0.25587189197540283,-7.552551006227642,,,,,,,0.03812706470489502,-2.0965557142330744,0.3546936511993408,3.6883812290707314,,,0.27622199058532715,4.1581981740562,,,8,8
2018-10-08 12:00:00+00:00,0.057406604290008545,-0.1269043305955022,0.1295289397239685,-0.3135480165553493,,,0.171295166015625,-2.245353968847048,,,,,,,0.5262893438339233,5.155605869954196,0.3828694820404053,6.458053236143175,,,0.2710307836532593,2.5332797714815416,,,8,8
2018-10-08 18:00:00+00:00,0.0028284788131713867,8.97270575340038,0.27316200733184814,0.3300422627667801,,,0.21838915348052979,-5.16316223681256,,,,,,,,,0.4183223247528076,4.290124837842528,,,0.24490034580230713,2.7947350884681863,,,8,8
2018-10-09 00:00:00+00:00,,,0.10780912637710571,-0.02842048105254386,,,0.24464702606201172,-5.910723721060278,,,,,0.12541818618774414,-0.06898032490023627,,,0.45057833194732666,5.859108801305336,,,0.25373995304107666,7.062355461925787,,,7,7
2018-10-09 06:00:00+00:00,,,0.009941935539245605,-0.6154862299737888,,,0.28586024045944214,-3.6891658610306495,,,,,,,,,0.4225684404373169,5.138383141271463,,,0.3253523111343384,2.098800136328097,,,6,6
2018-10-09 12:00:00+00:00,,,0.10772401094436646,-0.24484288146251343,,,0.12089884281158447,-2.3147280762795104,0.3787844181060791,-4.997488278939192,,,,,,,0.3074442148208618,3.198653386010802,,,0.3119986057281494,2.675998276922465,,,7,7
2018-10-09 18:00:00+00:00,,,0.0652620792388916,-0.18363754999294227,,,0.09805619716644287,-0.45660011160679814,0.22958093881607056,-2.1132960810398367,0.5283282995223999,0.5812531531005483,,,,,0.26912426948547363,3.9142877220857666,,,0.2735551595687866,1.8231362787445322,,,7,7
2018-10-10 00:00:00+00:00,,,0.17340803146362305,0.049377411702936316,,,0.018163204193115234,-1.1400719799087466,0.2044316530227661,-1.2092052400109814,0.08299088478088379,1.8087501531395973,,,,,0.3760570287704468,3.32638885725679,,,0.2982065677642822,4.045450928496185,,,7,7
2018-10-10 06:00:00+00:00,,,0.1110008955001831,-4.056142625097585,,,,,0.21684038639068604,-11.14388484716591,,,,,,,0.22657692432403564,6.7386246116534245,,,0.27635109424591064,1.7500628338545177,,,7,7
2018-10-10 12:00:00+00:00,,,0.1691669225692749,-4.571683911604245,,,,,0.31210798025131226,-9.679852867404389,,,,,,,0.15464913845062256,0.225388530092029,,,0.27534019947052,1.6803707362557605,,,5,5
2018-10-10 18:00:00+00:00,,,0.15075749158859253,-0.506112320094347,,,,,0.3380173444747925,-6.025423790179596,,,,,,,0.13256847858428955,-0.008502626624067627,,,0.2952655553817749,1.7605866180641032,,,5,5
2018-10-11 00:00:00+00:00,,,0.14721423387527466,-0.6267245144395515,,,,,0.354727566242218,-10.429634060195509,,,,,,,0.22797083854675293,0.04883746944817318,,,0.25725293159484863,1.0449021643942638,,,6,6
2018-10-11 06:00:00+00:00,,,0.13605564832687378,-0.584586219006888,,,,,0.2721186876296997,-6.948564828803922,,,,,,,0.1783553957939148,0.07311597411316793,,,0.3359999656677246,5.802338765211441,,,7,7
2018-10-11 12:00:00+00:00,,,0.23074698448181152,0.20132763844287838,,,,,0.33195704221725464,-20.538365844092837,,,,,0.5052165389060974,-0.20636238469748067,,,,,0.3183969259262085,1.7217469127280896,,,4,4
2018-10-11 18:00:00+00:00,,,0.17371129989624023,-0.7120323026652887,,,,,0.3522464632987976,-11.705999588005874,,,,,0.4647015929222107,-7.8730885252804645,,,,,0.2621866464614868,1.990118427039277,,,4,4
2018-10-12 00:00:00+00:00,,,0.19869941473007202,-3.1152037556596675,,,,,0.38302677869796753,-2.495686697835483,,,,,0.3015992045402527,-1.6421754136330995,,,,,0.27160072326660156,2.497880301558375,,,5,5
2018-10-12 06:00:00+00:00,,,0.17468887567520142,-1.269149756412387,,,,,0.3675326704978943,-9.063656580267466,,,,,0.7498514950275421,-3.413820004366625,,,,,0.23889148235321045,2.1551811719483402,,,5,5
2018-10-12 12:00:00+00:00,,,0.2849528193473816,-26.7885499065546,,,,,0.3087430000305176,-7.740789926997027,,,,,0.23095178604125977,-3.11098031631918,,,,,0.2687433958053589,1.4543139197759685,,,7,7
2018-10-12 18:00:00+00:00,,,0.16233253479003906,8.602026339534282,,,,,0.3583793044090271,-6.714620565906613,,,,,0.31400609016418457,-2.7137313617372767,,,,,0.26102471351623535,1.426597233272821,,,6,6
2018-10-13 18:00:00+00:00,,,0.13769543170928955,-0.4686404712669181,,,,,0.38521772623062134,-1.8892477407609132,0.23440247774124146,-0.43449459239355515,,,,,,,,,0.31360113620758057,4.2942860521238,,,7,7
2018-10-14 00:00:00+00:00,,,0.1676102876663208,-3.048314509554983,,,,,0.12827861309051514,-1.4935504435211227,0.2510097026824951,-2.608563125563088,,,,,,,,,0.20324337482452393,2.695982873605165,,,6,6
2018-10-14 06:00:00+00:00,,,0.14800310134887695,-1.4646053778209716,,,,,0.25093787908554077,0.18326637644062307,0.3107803463935852,-1.7232221147741742,,,,,,,,,0.24657630920410156,2.326269488218343,,,6,6
2018-10-14 12:00:00+00:00,,,0.2364180088043213,-17.345948662985954,,,,,0.006560564041137695,0.29936506586305967,0.4892491102218628,-6.613674986993326,,,0.06434160470962524,-0.06084850859504001,,,,,0.3447561264038086,1.3881445069880314,,,8,8
2018-10-14 18:00:00+00:00,,,0.28194504976272583,-0.711316601321167,,,,,0.40612518787384033,0.6522196299432413,0.11998414993286133,-3.210066197328392,,,,,,,,,0.297954797744751,0.46122291096800305,,,7,7
2018-10-15 00:00:00+00:00,,,0.25580519437789917,-0.6045105607602289,,,,,,,0.3175632953643799,-1.3341832866441288,,,,,,,,,0.2656604051589966,1.3192408629752115,,,5,5
2018-10-15 06:00:00+00:00,,,0.19334948062896729,-0.6645224091837408,,,,,,,0.49179506301879883,-7.187533772713953,,,,,,,,,0.20302748680114746,1.6536806367746484,,,5,5
2018-10-15 12:00:00+00:00,,,0.11938554048538208,-0.5771584011435128,,,,,,,0.17001760005950928,-7.806704199682512,,,,,,,,,0.19183802604675293,-16.981397332727372,,,6,6
2018-10-15 18:00:00+00:00,,,0.37336182594299316,-1.1447609695128855,,,,,,,0.15526384115219116,-0.534931894003764,,,,,,,,,0.3376041650772095,3.2693699549391892,,,6,6
2018-10-16 00:00:00+00:00,0.12766671180725098,-0.3332087053536555,0.3110860586166382,-0.48870936627395434,,,,,,,0.2752254605293274,-1.733204672830382,,,,,,,,,0.3286091089248657,3.5839726079980814,,,7,7
2018-10-16 06:00:00+00:00,,,0.3210858702659607,-0.3077587646286541,,,,,,,0.4256918430328369,-6.029659955452244,,,,,,,,,0.2779407501220703,3.9183499161685917,,,5,5
2018-10-17 00:00:00+00:00,,,0.24540603160858154,-0.6963311011790357,0.3955148458480835,0.05912765291606147,0.24380803108215332,0.3697229574785037,,,,,,,,,,,,,0.21810925006866455,3.3448579467668904,,,5,5
2018-10-17 06:00:00+00:00,,,0.34310680627822876,-11.474810807749808,0.18615007400512695,-0.912307708490936,0.4741159677505493,1.1480553531448996,,,,,,,,,,,,,0.2916501760482788,1.6892529833857222,,,5,5
2018-10-17 12:00:00+00:00,,,0.17518746852874756,-0.05555318084472411,,,0.12278574705123901,-0.5259233312794459,,,,,,,,,,,,,0.3057417869567871,6.578070839566561,,,4,4
2018-10-17 18:00:00+00:00,,,0.02842921018600464,18.927241193716593,,,0.4208614230155945,-0.16556474659135959,,,,,,,,,,,,,0.2874866724014282,2.1661059916508862,,,4,4
2018-10-18 00:00:00+00:00,,,0.2589528560638428,-1.29238151453292,,,0.11671805381774902,-2.1684747687851735,,,,,,,0.10869061946868896,0.5797127996739034,,,,,0.28533935546875,3.8853885646121493,,,6,6
2018-10-18 06:00:00+00:00,,,0.3538007140159607,-0.5346349990933296,,,0.6374480426311493,-0.3963911864785152,,,,,,,0.043511271476745605,0.6336008762825275,,,,,0.336406946182251,3.0020137089011523,,,6,6
2018-10-18 12:00:00+00:00,,,0.2270195484161377,-0.5908045047193502,,,0.4912385940551758,-3.142446384974553,,,,,,,0.25189757347106934,1.6565434772157472,,,,,0.3406480550765991,3.294636304044158,,,6,6
2018-10-18 18:00:00+00:00,,,0.12887442111968994,-0.09106556657310687,,,0.44288480281829834,-1.4577087115891258,,,,,,,0.003462076187133789,0.09664864221861183,,,,,0.3507493734359741,2.3599212151513327,,,5,5
2018-10-19 00:00:00+00:00,,,0.07055157423019409,-0.2605878440673761,,,,,0.3397049903869629,-3.526924120690148,,,,,0.36171388626098633,4.1329606033143085,,,,,0.2929335832595825,3.8702941969433606,,,5,5
2018-10-19 06:00:00+00:00,,,0.23218822479248047,-2.718033841843113,,,,,0.24450057744979858,-2.123761475709435,,,,,,,,,,,0.3316918611526489,3.520704456766786,,,4,4
2018-10-19 12:00:00+00:00,,,0.21626120805740356,-0.610586430041014,,,,,0.0680360198020935,-0.8854971291611233,,,,,,,,,,,0.28797948360443115,2.5780629633661456,,,4,4
2018-10-19 18:00:00+00:00,,,0.13990694284439087,-0.5970766665388689,,,,,0.06356233358383179,-0.9462015236829248,,,,,,,,,,,0.2971620559692383,2.178064439097367,,,5,4
2018-10-20 00:00:00+00:00,,,0.08345693349838257,-3.1962375477106373,,,,,0.42343664169311523,-1.9051240286357178,,,,,,,,,,,0.2756156921386719,4.14409117360781,,,4,4
2018-10-20 06:00:00+00:00,,,0.08653432130813599,-2.0718501647615657,,,,,0.1831449270248413,-7.028154922572774,,,,,,,,,,,0.32583391666412354,7.524164870732856,,,4,4
2018-10-20 12:00:00+00:00,,,0.11812955141067505,-0.4860410006893679,,,,,0.28683745861053467,-5.165817268217536,,,,,,,,,,,0.28478896617889404,2.8240836281891935,,,4,4
2018-10-20 18:00:00+00:00,,,0.1757715344429016,-1.2299672141940488,,,,,0.2441583275794983,-1.3647835771486319,,,,,,,,,,,0.26974475383758545,6.885658295370623,,,4,4
2018-10-21 00:00:00+00:00,,,0.18745166063308716,-2.110725485401334,,,,,0.14508044719696045,-1.9771680742992623,,,,,,,,,,,0.3613854646682739,5.397690620661,,,4,4
2018-10-21 06:00:00+00:00,,,0.21691542863845825,-2.670447040260122,,,,,0.2438122034072876,-8.33287815118884,,,,,,,,,,,0.3185170888900757,3.565373505760665,,,5,5
2018-10-21 12:00:00+00:00,,,0.14607477188110352,-1.6698651288404318,,,,,0.1144552230834961,0.09249088159319754,,,,,0.22605544328689575,-2.662163780219471,,,,,0.30977392196655273,2.534158017147892,,,6,6
2018-10-21 18:00:00+00:00,,,0.19702833890914917,-0.6152364427802268,,,,,0.29050368070602417,-18.945195697934818,,,,,,,,,,,0.2353609800338745,-2.4268056920271053,,,4,4
2018-10-22 00:00:00+00:00,,,0.10535842180252075,-1.528542733028586,,,,,0.09581685066223145,0.08896188501771746,,,,,0.28171712160110474,-12.733205118549185,,,,,0.24812233448028564,3.9657868463125676,,,5,5
2018-10-22 06:00:00+00:00,,,0.1279240846633911,-0.6806620364212193,,,,,0.21078050136566162,-2.351805161095769,,,,,0.20792412757873535,-3.9213816177945233,,,,,0.27624547481536865,2.5521700769723776,,,5,5
2018-10-22 12:00:00+00:00,,,0.1221359372138977,-0.19474888198483056,,,,,0.2712932825088501,-8.041080094614932,0.17957210540771484,1.3316846645760205,,,0.027888238430023193,-4.32255921514521,,,,,0.2518272399902344,4.942538835608397,,,6,6
2018-10-22 18:00:00+00:00,,,0.21716982126235962,-0.27680662055930355,0.10026615858078003,-0.010023764220625777,,,0.1514984369277954,-2.7952873893032204,,,,,0.05413210391998291,-3.316877393453084,,,,,0.23410749435424805,7.206061784496738,,,7,7
2018-10-23 00:00:00+00:00,,,0.14734899997711182,-0.14646021814860335,0.09387558698654175,0.36740402253726995,,,0.09852397441864014,-0.6154354714706749,0.05693161487579346,-0.7495915604207603,,,0.43758124113082886,-4.488418202063059,,,,,0.25814521312713623,4.175585046595121,,,7,7
2018-10-23 06:00:00+00:00,,,0.15874862670898438,-0.630143834416193,0.060943663120269775,0.03664435923727602,,,0.026241302490234375,-0.8030968246246428,,,,,,,0.08835554122924805,0.4075860686075988,,,0.25147533416748047,1.3277963869352698,,,5,5
2018-10-23 12:00:00+00:00,,,0.21111851930618286,-24.07133632079516,0.19537848234176636,0.051531432999284525,,,0.18556129932403564,-0.7972013382798404,,,,,,,0.38892197608947754,-3.877776241466001,,,0.29466569423675537,2.925511898555282,,,5,5
2018-10-23 18:00:00+00:00,,,0.18087506294250488,-2.206577527232828,0.27271080017089844,-0.2581185977721108,,,,,0.03494703769683838,-1.2548721707335138,,,,,,,,,0.3030359745025635,5.33159120974872,,,5,5
2018-10-24 00:00:00+00:00,,,0.11919236183166504,-0.9075009417089661,0.24146366119384766,0.046213072969739234,,,,,0.16828101873397827,-2.454619638494578,,,,,,,,,0.21491825580596924,1.8198733730191534,,,5,5
2018-10-24 06:00:00+00:00,,,0.16310590505599976,-0.1980782626200918,,,,,,,0.016632676124572754,-2.5416301508140426,,,,,,,,,0.2583324909210205,2.1977482936258763,,,3,3
2018-10-24 12:00:00+00:00,,,0.18753433227539062,-5.690792453185535,,,,,,,,,,,,,,,,,0.23508894443511963,6.063841126579394,,,2,2
2018-10-24 18:00:00+00:00,0.2599151134490967,3.211949926864131,0.2546077370643616,-2.243870203690755,,,,,,,0.18713724613189697,4.134944625326833,,,,,,,,,0.2812767028808594,2.966762700776412,,,6,6
2018-10-25 00:00:00+00:00,0.04994344711303711,-0.946759708134142,0.26826000213623047,-0.6262863186975677,,,0.0236586332321167,-0.008871864508100374,,,0.1331276297569275,0.02467257377814262,,,,,,,,,0.2324293851852417,7.295974731565659,,,6,6
2018-10-25 06:00:00+00:00,,,0.25799649953842163,-0.45481310504881,,,0.19790208339691162,-0.34380017350053355,,,0.08738303184509277,0.3858387965006812,,,,,,,,,0.2310187816619873,2.0295013997759495,,,7,6
2018-10-25 12:00:00+00:00,,,0.13365894556045532,-0.03247038336508976,,,0.13450175523757935,-7.2095817401376445,,,0.1078140139579773,-0.00943654146349904,,,,,,,,,0.23773229122161865,3.06768220828905,,,5,5
2018-10-25 18:00:00+00:00,,,0.18933403491973877,-1.523517478493623,,,0.3463851809501648,-1.6076381409312221,,,0.13680499792099,0.1436280242806834,,,,,,,,,0.2523839473724365,4.8188587604416675,,,4,4
2018-10-26 00:00:00+00:00,,,0.19549405574798584,-1.7907148321077424,,,,,0.3459835648536682,-3.547121317599848,0.2224908471107483,-0.14880364791886166,,,,,,,,,0.26212823390960693,2.58336977081923,,,5,4
2018-10-26 06:00:00+00:00,,,0.15184026956558228,-0.06011900770845137,,,,,0.516785055398941,-9.869319854533208,0.008220791816711426,0.035425123950407034,,,,,,,,,0.2523740530014038,7.862690957964159,,,4,4
2018-10-26 12:00:00+00:00,,,0.27982568740844727,-0.721366463182081,,,0.2157878875732422,2.027128285341021,0.6133530735969543,-9.17555394387274,0.1008615493774414,1.4004543109225749,,,,,,,,,0.21419167518615723,1.8947932678197132,,,5,5
2018-10-26 18:00:00+00:00,,,0.09502273797988892,-4.000256014826057,,,0.11120426654815674,4.606433179360142,0.5063634812831879,-6.052024244273662,,,,,,,,,,,0.22659516334533691,2.1396012695887405,,,4,4
2018-10-27 00:00:00+00:00,,,0.03926730155944824,15.379074093794019,,,0.1332547664642334,1.6528704410501753,0.4820575714111328,-6.359960931887482,,,,,,,,,,,0.25726866722106934,2.2175156971972227,,,4,4
2018-10-27 06:00:00+00:00,,,0.17644017934799194,-1.7971528130783925,,,0.24838578701019287,3.1113826642184716,0.6015046834945679,-4.456061242030651,,,,,0.03159129619598389,-1.58283469644612,,,,,0.24279260635375977,1.3086110928746253,,,5,5
2018-10-27 12:00:00+00:00,,,0.08322536945343018,-1.4687530516392733,,,0.2366427183151245,2.171291858783493,0.5031434893608093,-6.806620950794208,,,,,0.5318635106086731,-5.612869789891871,,,,,0.23004698753356934,6.958942693643932,,,5,5
2018-10-27 18:00:00+00:00,,,0.21120309829711914,-0.9139512677492573,,,0.11110138893127441,3.4599316381939067,0.49507391452789307,-10.219582569177357,,,,,0.44364041090011597,-9.064187663327484,,,,,0.3126869201660156,2.673618640535831,,,6,6
2018-10-28 00:00:00+00:00,,,0.13756978511810303,-0.6060141709211682,,,0.11043429374694824,1.0995424265417257,0.46741360425949097,-1.6547092386916344,,,,,0.17179685831069946,-1.2483363771460172,,,,,0.24376463890075684,3.0094338518273696,,,5,5
2018-10-28 06:00:00+00:00,,,0.037050485610961914,0.14324787513589013,,,0.17470848560333252,2.419683880334277,0.6211575269699097,-2.7710181909877165,,,,,0.18904340267181396,-2.038594953225205,,,,,0.18568873405456543,3.8380213639662877,,,6,6
2018-10-28 12:00:00+00:00,,,0.0506361722946167,-0.15930301464062013,,,0.5528090000152588,9.56448639125012,0.490553081035614,-3.63318549559542,,,,,0.29177653789520264,-8.787112078213688,,,,,0.26624226570129395,5.64418515469109,,,6,6
2018-10-28 18:00:00+00:00,,,0.25461655855178833,-0.6602491629519393,,,0.370181679725647,3.1769126055110677,,,,,,,0.25129425525665283,5.04237854504912,,,,,0.20760893821716309,1.2558756403513245,,,5,5
2018-10-29 00:00:00+00:00,,,0.10847342014312744,-0.5912636867440205,,,0.425384521484375,13.113032206276158,,,,,,,0.14820683002471924,-1.2805117639274501,,,,,0.27500057220458984,4.048413932931701,,,4,4
2018-10-29 06:00:00+00:00,,,0.18794792890548706,-0.6826680854809276,,,0.3380547761917114,9.177800232589494,,,,,,,0.2980850338935852,-2.115558123516708,,,,,0.17565417289733887,1.2916850454946092,0.420108437538147,-0.2147587082767109,5,5
2018-10-29 12:00:00+00:00,,,,,0.014834165573120117,-0.7573803831318311,,,,,,,0.4009103775024414,4.919891526400068,0.49840909242630005,-3.3250129518031066,,,,,0.2559819221496582,1.0364327376020206,0.1642603874206543,1.956214246033026,6,5
2018-10-29 18:00:00+00:00,,,,,0.01061391830444336,-0.5728571825905147,,,,,,,,,0.4504818916320801,6.8261336028802395,,,,,0.24291718006134033,2.84747553186477,,,3,3
2018-10-30 00:00:00+00:00,,,,,0.07376468181610107,0.14407121479660828,,,0.4130532741546631,3.762940147625171,,,0.2935389280319214,2.6256786490162036,0.03897237777709961,0.9712054224378176,,,,,0.2742445468902588,4.318700692680886,,,6,6
2018-10-30 06:00:00+00:00,,,0.2305588722229004,-0.4570084377348765,,,,,0.39094114303588867,9.248773564075048,0.35195642709732056,-4.514643334488434,0.383764386177063,9.689833953698592,0.45686203241348267,-3.177026465855545,,,,,0.2869255542755127,3.5950535306753344,,,6,6
2018-10-30 12:00:00+00:00,,,0.35667097568511963,-0.41953244653141697,0.4528142809867859,0.34913142146562415,,,,,0.44348084926605225,-1.840212284204119,,,0.42662954330444336,9.352027105425513,,,,,0.31079375743865967,2.389686531570718,0.16495132446289062,0.789044111849432,6,6
2018-10-30 18:00:00+00:00,,,0.013652026653289795,-0.9833822787923502,,,,,,,,,,,0.38989901542663574,7.845709504074018,0.4035869240760803,-0.939791165133863,,,0.2820262908935547,2.079673359457358,,,5,5
2018-10-31 00:00:00+00:00,,,0.29149675369262695,-1.5227645668619385,,,,,,,0.6359647512435913,-2.4217034667223367,,,0.4225653409957886,12.667764243339924,0.23954898118972778,0.017011794045792426,,,0.2579284906387329,4.4724198836024245,,,5,5
2018-10-31 06:00:00+00:00,,,0.30198168754577637,0.2908083400717269,,,,,,,0.37444639205932617,-0.8134651352392731,,,0.3973245620727539,10.648874398104187,,,,,0.25686025619506836,4.147254347883954,,,4,4
2018-10-31 12:00:00+00:00,,,0.011250495910644531,-0.014992107881923514,,,,,,,0.5202176570892334,-0.7578010042824231,,,0.33311498165130615,4.161498445066494,,,,,0.258536696434021,1.9802203448094708,,,4,4
2018-10-31 18:00:00+00:00,,,0.28402674198150635,0.7107852125542607,,,,,,,0.16925060749053955,-3.129697288471553,,,0.4660642147064209,13.207357332664133,,,,,0.31124627590179443,1.3599648554622052,,,4,4
2018-11-01 00:00:00+00:00,,,,,0.07968628406524658,-1.6286938391923205,,,,,,,,,0.4218250513076782,6.604643251566922,,,,,0.24615705013275146,1.2229902878745822,,,4,3
2018-11-01 06:00:00+00:00,,,,,0.4937952756881714,0.25972485302955056,,,,,,,,,0.46468400955200195,11.194615121466303,,,,,0.24584901332855225,5.408602813615597,0.12239623069763184,-0.51873422067493,5,5
2018-11-01 12:00:00+00:00,,,,,0.29420334100723267,-0.3097926916991333,,,,,,,,,0.4906301498413086,7.525534392530358,,,,,0.28504252433776855,4.0223945059311035,,,3,3
2018-11-01 18:00:00+00:00,,,,,0.18163013458251953,0.14270629860647088,,,,,,,,,0.45183753967285156,6.370730397122794,,,,,0.26956748962402344,-4.146455203749168,0.10024797916412354,0.06048749301932144,5,4
2018-11-02 00:00:00+00:00,,,,,0.23963260650634766,0.09736196461952838,,,,,,,,,0.4183305501937866,6.408223752077181,,,,,0.30722033977508545,2.766589102749838,,,4,3
2018-11-02 06:00:00+00:00,,,,,0.28558969497680664,-0.3247177496487575,,,,,,,,,0.4211634397506714,10.923107303513692,,,,,0.2728252410888672,2.370696052636031,,,3,3
2018-11-02 12:00:00+00:00,,,,,0.33756721019744873,-4.075639293188469,,,,,,,0.30872178077697754,0.47159392701646513,0.3564596176147461,5.575494147160138,,,,,0.2937502861022949,2.9552905713482813,,,4,4
2018-11-02 18:00:00+00:00,,,,,0.8703709840774536,-4.087204241849793,,,0.4384007453918457,11.156034782201514,,,0.3393017649650574,-1.745968687353945,0.44033730030059814,7.6454701993380185,,,,,0.2974754571914673,1.073929013832152,,,6,6
2018-11-03 00:00:00+00:00,,,,,,,,,0.3879086971282959,3.3795803690813386,0.29914069175720215,4.817708892768908,0.4788971543312073,-2.1139331982517913,0.30854105949401855,8.473053449188455,,,,,0.27113544940948486,4.339667690506998,,,7,5
2018-11-03 06:00:00+00:00,,,,,,,,,0.2398897409439087,0.9725592888511846,0.38892316818237305,7.756975923142697,0.3135753870010376,-0.9910225575290743,0.4322073459625244,8.747818613034685,,,,,0.32594847679138184,2.181728007052714,,,8,5
2018-11-03 12:00:00+00:00,0.4184788465499878,0.1032023008041686,,,,,,,0.1882539987564087,1.0136433629892767,0.4123196601867676,7.191145104076952,0.45219969749450684,-2.6310489756836217,0.30625617504119873,4.20833522335717,,,,,0.30661284923553467,3.3475064434763926,,,7,6
2018-11-03 18:00:00+00:00,0.16547369956970215,-0.17460093052026407,,,0.17208331823349,-0.5418089135304968,,,,,0.3795732259750366,6.496261163473898,0.27942025661468506,-2.744080614766701,0.33508574962615967,2.1382506417759886,,,,,0.25376033782958984,0.35217311844009863,,,6,6
2018-11-04 00:00:00+00:00,0.0283394455909729,-0.5131386562709725,,,0.02777576446533203,0.3394995894739297,,,0.2994459867477417,0.20954934913126316,0.09888702630996704,-0.1818304141739367,0.29178082942962646,-1.4035845423345636,,,0.3659842014312744,5.7006682221359775,,,0.25812721252441406,2.2164539691331653,,,8,8
2018-11-04 06:00:00+00:00,0.1532961130142212,0.07603585936826632,,,0.2136458158493042,-0.5019242048536681,,,,,0.435954213142395,0.5439685086234679,0.10228621959686279,6.770665060705093,,,0.4562394618988037,8.865458288148396,,,0.31103670597076416,5.683164463300533,,,8,8
2018-11-04 12:00:00+00:00,0.05468893051147461,7.162608310735638,,,0.05224800109863281,-0.12812643352459951,0.4254875183105469,-0.1353913211402648,,,0.0413435697555542,0.44499357699173614,0.033244967460632324,-3.437121689859584,,,0.452547550201416,7.751995087540292,,,0.35112833976745605,2.7893640455397666,,,10,10
2018-11-04 18:00:00+00:00,0.09492224454879761,-0.17473954207126932,,,0.30160045623779297,-0.20677876611663798,0.3062748312950134,-0.6583233249339477,,,0.13669514656066895,0.5446110069147059,,,0.4721575975418091,-6.950091850859187,0.4311767816543579,3.714973484829132,,,0.3236178159713745,1.6045966771694102,,,10,10
2018-11-05 00:00:00+00:00,0.23066747188568115,-0.5313795604466195,,,0.25542712211608887,0.5775097618212829,0.19350647926330566,1.3834681784026883,,,0.11976492404937744,0.5445798512732956,,,0.37247538566589355,-7.077660396932019,0.4193350076675415,3.664101008114151,,,0.3424259424209595,2.8438883800131833,,,9,9
2018-11-05 06:00:00+00:00,0.05789285898208618,0.2391371115581468,,,,,0.06032496690750122,-0.7461911035674299,,,,,,,0.5597918033599854,-8.814375827414764,0.35769927501678467,1.4848276754607215,,,0.2633756399154663,1.6298517398141676,,,6,6
2018-11-05 12:00:00+00:00,0.2295582890510559,-0.23617118960642708,,,,,0.3839645981788635,-5.1863829379283715,,,,,,,0.5718041062355042,-9.530427318136075,0.35674333572387695,2.0381478940564044,,,0.365686297416687,0.13226608831432454,,,8,8
2018-11-05 18:00:00+00:00,0.24682384729385376,-0.46223620533127946,,,,,0.3144344091415405,-2.1320129840285507,,,,,,,0.5008821785449982,-9.864658421846288,0.19626069068908691,-0.4452606181430571,,,0.32156217098236084,2.1564019596407897,,,8,8
2018-11-06 00:00:00+00:00,0.26678329706192017,-1.9377864120470276,,,,,0.34414833784103394,-13.86762314579335,0.30927157402038574,-3.5065390746159473,0.01676476001739502,0.6522996502183069,,,0.5649108588695526,-12.194649458367548,0.20190727710723877,1.6038834446837666,,,0.31889092922210693,-3.3805881590269338,,,9,9
2018-11-06 06:00:00+00:00,0.17907285690307617,-0.7271167069423248,,,,,0.2892534136772156,-7.8968413940297735,0.24551749229431152,-3.3346025663302328,0.17521774768829346,0.27173423080945125,,,0.5826978385448456,-9.838382321161342,0.19932734966278076,0.8301558756193854,,,0.28811585903167725,-8.177227573510656,,,10,10
2018-11-06 12:00:00+00:00,0.2801090478897095,-0.5962279446805315,,,,,0.2569804787635803,-6.0347899253616,0.3540523648262024,-5.457656498512979,0.6195709705352783,-0.5071673844520067,,,0.526684582233429,-6.634522320111059,0.15830063819885254,0.35102303442854726,,,0.3448972702026367,2.7509180165277374,,,9,9
2018-11-06 18:00:00+00:00,0.2845199704170227,-1.0351570448390641,,,0.4343786835670471,0.09171485176422833,0.2232303023338318,-2.863283168401329,0.17920011281967163,-1.9776917723835896,,,,,0.43720823526382446,-7.33328870456437,0.11794543266296387,1.1092019901780767,,,0.3286978006362915,5.158591189738146,,,10,10
2018-11-07 00:00:00+00:00,,,0.21491491794586182,-0.13190871284867844,,,,,0.30044323205947876,-5.860151826476376,,,,,0.3631133437156677,-6.484852176364359,0.4009830951690674,0.16932399209462917,,,0.3518182039260864,4.0557654750828895,,,6,6
2018-11-07 06:00:00+00:00,0.2462930679321289,-1.4358307554931626,,,0.2582938075065613,-1.4645883581196146,,,0.2689996361732483,-4.291041305249674,,,,,0.6000605225563049,-10.813230092857657,0.2884034514427185,-0.5695338598221913,,,0.3133455514907837,2.9555613954419644,,,7,7
2018-11-07 12:00:00+00:00,,,0.2619746923446655,-0.4644675905648021,0.23563623428344727,-0.35049683691601735,,,0.30850499868392944,-6.123047192655186,,,,,0.38912540674209595,0.003024575547110753,0.09834575653076172,0.39842342396208685,,,0.30020058155059814,3.026022305547493,,,7,7
2018-11-07 18:00:00+00:00,,,0.17251431941986084,-0.8228582470744211,0.48323923349380493,-0.3599456052781056,,,0.31496119499206543,-5.679520413284996,,,,,0.09857648611068726,2.459426475813126,0.08369171619415283,-0.7190819256265559,,,0.33405423164367676,3.7691812812852774,,,7,7
2018-11-08 00:00:00+00:00,,,0.259540319442749,-0.5977688288554744,0.7002720832824707,0.6437370788169914,,,0.2834665775299072,-6.285034177356128,,,,,0.3946463465690613,-2.7678717744590537,0.11532771587371826,-0.11805132935651519,,,0.2860386371612549,3.548489128105031,,,7,6
2018-11-08 06:00:00+00:00,,,0.18495410680770874,-1.7541085231114302,,,,,0.31733375787734985,-8.150252031071652,,,,,0.25394564867019653,-4.989082255446512,,,,,0.2552785873413086,-0.4580032920782007,,,4,4
2018-11-08 12:00:00+00:00,,,0.18727624416351318,-0.7488553732038955,,,,,0.29362499713897705,-12.78053564696239,,,,,0.18873083591461182,-1.1890807725390993,,,,,0.2648134231567383,19.900280280926008,,,4,4
2018-11-08 18:00:00+00:00,,,0.18674874305725098,-0.8556114019008041,,,,,0.24579524993896484,-5.822027719071878,,,,,0.1480204463005066,1.1941647703488008,,,,,0.25248539447784424,3.172129752445952,,,4,4
2018-11-09 00:00:00+00:00,,,0.2205330729484558,-2.8106994552726667,,,,,0.3244253396987915,-13.439164509410405,,,,,0.2824411392211914,-8.403583624222168,,,,,0.29235219955444336,-0.008194840230032098,,,5,5
2018-11-09 06:00:00+00:00,,,0.16839438676834106,-3.25774249031301,,,,,0.30616408586502075,-6.658528447101869,,,,,0.17421239614486694,-1.7807124505553833,,,,,0.32050418853759766,2.1091714799802084,,,7,7
2018-11-09 12:00:00+00:00,,,0.19122827053070068,-0.5481829371659565,,,,,0.22490251064300537,-4.871407261162737,,,,,0.4862252473831177,-1.9916177372203245,,,,,0.3381110429763794,3.1126926955876435,,,6,6
2018-11-09 18:00:00+00:00,,,0.19666796922683716,-1.3216069404923034,,,,,0.2664830684661865,-6.599224996958065,,,,,0.26488053798675537,0.020484471904903996,,,,,0.25159239768981934,2.030983296437784,,,7,7
2018-11-10 00:00:00+00:00,0.2932056188583374,0.45138052200904577,0.2251194715499878,-2.2407347719058763,,,,,0.2757735848426819,-5.446191124945022,0.3680878281593323,-7.930607797537431,,,0.43743330240249634,-7.510077579634972,,,,,0.2909616231918335,1.5907035316560947,,,8,8
2018-11-10 06:00:00+00:00,,,0.23956221342086792,-1.9213908620622158,,,,,0.2834334373474121,-3.5470130289638773,0.2908795475959778,-7.4477575872103365,,,0.2489457130432129,-1.0843628598547972,,,,,0.22875523567199707,-0.27597239644507515,,,8,8
2018-11-10 12:00:00+00:00,,,0.33840566873550415,-2.8997218394472006,,,,,0.3100133538246155,-11.657913578089335,0.2083079218864441,-0.8029477631922726,,,0.46106433868408203,-1.9300090788220126,,,,,0.29631662368774414,1.0593452646728136,,,7,7
2018-11-10 18:00:00+00:00,,,0.2997802495956421,-3.529862099263426,,,,,0.3163565993309021,-7.867815821040507,0.2835880517959595,-2.2567273407166186,,,0.19942617416381836,-0.8523589588752027,,,,,0.1879255771636963,2.5370464855861554,,,9,9
2018-11-11 00:00:00+00:00,,,0.2901029586791992,-3.1149015544444714,,,,,0.2531428337097168,-7.167866682930534,0.312394380569458,-10.154879872428552,,,,,0.45362013578414917,-2.377642524239121,,,0.23000872135162354,1.227126303826775,,,5,5
2018-11-11 06:00:00+00:00,,,0.2711617946624756,-4.795315303365624,0.44500118494033813,-0.1989075635302915,,,0.12451285123825073,-0.8373701576421105,0.21838396787643433,-2.3929078628575624,,,,,0.4715322256088257,-2.708240960690379,,,0.28326451778411865,0.9297964569452875,,,8,8
2018-11-11 12:00:00+00:00,0.13105928897857666,-0.5897960552458745,0.2508508563041687,-2.4228403030219203,0.07944691181182861,-0.8709847003877311,,,,,0.24761217832565308,-5.709836146217424,,,,,0.5498380959033966,-2.6130125455676314,,,0.20635831356048584,0.7764737574468115,,,11,11
2018-11-11 18:00:00+00:00,,,0.10103285312652588,-2.015316442370213,0.4276108145713806,-1.357871182156593,,,,,0.20651572942733765,-2.7067561786422654,,,,,,,,,0.18148040771484375,1.011637359576415,,,9,9
2018-11-12 00:00:00+00:00,,,0.2471960186958313,-3.998608641992023,0.28748518228530884,0.43856851463135016,,,,,0.2290305495262146,-8.035542530513153,,,,,,,,,0.22774386405944824,0.5036049199326168,,,8,8
2018-11-12 06:00:00+00:00,,,0.20354539155960083,-2.6076297832710287,0.6078608930110931,0.8979004935181126,,,0.014357924461364746,0.04174118230703603,0.20297229290008545,-1.953447894179361,,,,,,,,,0.10851407051086426,-42.8651054170693,0.06152462959289551,0.21295194997616898,11,11
2018-11-12 12:00:00+00:00,0.04951685667037964,-1.4230694814217764,0.2562676668167114,-3.9454997547730795,,,,,0.11859029531478882,-0.7836798118147368,0.09194403886795044,-0.2281184198422969,,,,,,,,,0.1801764965057373,-21.682863739713756,,,10,9
2018-11-12 18:00:00+00:00,,,0.27047795057296753,-3.4022886133887686,,,,,0.1645362377166748,0.8204158251322774,0.16022378206253052,-0.763668901323204,,,,,,,,,0.23553192615509033,1.5098915829030357,,,6,6
2018-11-13 00:00:00+00:00,,,0.29166752099990845,-7.310461872084106,,,,,,,0.2980220317840576,-1.4612807381107167,,,,,,,,,0.27103328704833984,0.8605815825613118,,,6,6
2018-11-13 06:00:00+00:00,,,0.1801660656929016,-3.398375621732218,,,,,,,0.050870537757873535,-0.5025938324086043,,,,,,,,,0.19279742240905762,3.129337943701261,,,6,6
2018-11-13 12:00:00+00:00,,,0.2954590916633606,-15.845813825906681,,,,,0.1084715723991394,-0.1326456162394026,0.385012149810791,-3.7257137803773976,,,,,,,,,0.1552501916885376,-21.099489424596772,,,6,6
2018-11-13 18:00:00+00:00,,,0.17778635025024414,-0.546040506083571,,,,,0.2598283290863037,0.9079600449560362,0.31292498111724854,-0.4840988662880976,,,,,,,,,0.15400826930999756,2.9126095732318724,,,8,7
2018-11-14 00:00:00+00:00,,,0.2584882974624634,-1.0988363082349086,,,,,0.40185749530792236,-3.199174492651566,0.5807094573974609,0.5350386112147567,,,,,,,,,0.1704472303390503,2.3664456668823806,,,6,5
2018-11-14 06:00:00+00:00,,,0.22018319368362427,-1.8769394244512336,,,,,0.32761693000793457,-0.4264536421557799,,,,,,,,,,,0.2258741855621338,1.2617860242894678,,,4,4
2018-11-14 12:00:00+00:00,,,0.1199800968170166,-1.3381519440844036,,,,,0.0855785608291626,7.8814760706794935,,,,,0.2847381830215454,1.2102996001516935,,,,,0.18680226802825928,41.96640134163507,,,5,5
2018-11-14 18:00:00+00:00,,,0.09816795587539673,33.443111119441596,,,,,0.27459681034088135,-4.9517184635768325,,,,,,,,,,,0.20493459701538086,1.808816374537857,,,5,5
2018-11-15 00:00:00+00:00,,,0.199665367603302,-1.164026245902511,,,,,0.08588671684265137,-3.1744449833628083,,,,,,,,,,,0.19320321083068848,6.967256476518743,,,4,4
2018-11-15 06:00:00+00:00,,,0.19935166835784912,-1.6709084898220965,,,,,0.02924346923828125,-2.126773186108623,,,,,,,,,,,0.23148107528686523,39.74347052583454,,,4,4
2018-11-15 12:00:00+00:00,,,0.22711271047592163,-42.87148055017801,,,,,0.16542357206344604,-7.268551506940874,,,,,,,,,,,0.1959993839263916,2.46844398686343,,,4,4
2018-11-15 18:00:00+00:00,,,0.21375858783721924,-1.1075717853294604,,,,,0.3541579842567444,-1.818909275714501,,,,,,,,,,,0.2137906551361084,2.5971197454302084,,,4,4
2018-11-16 00:00:00+00:00,,,0.13733941316604614,-1.039087477145519,0.4618305563926697,0.22508120189189307,,,0.13433754444122314,-1.3393944594623322,,,,,,,,,,,0.18810820579528809,3.5295451626256606,,,5,5
2018-11-16 06:00:00+00:00,,,0.18268191814422607,-1.8423420069460448,0.7092522382736206,-5.3953989586777515,,,0.19520598649978638,-0.3619414062261171,0.24799585342407227,-3.8039985903505373,,,,,,,,,0.21944892406463623,2.4886141296616917,,,5,5
2018-11-16 12:00:00+00:00,,,0.1882604956626892,-2.491963323690299,0.6000162363052368,-1.5953769103189483,,,0.2144564986228943,-0.5684482894448425,0.2223835587501526,0.4570972336415283,,,,,,,,,0.22438693046569824,6.057327888834814,,,5,5
2018-11-16 18:00:00+00:00,,,0.1728074550628662,-1.2214408156219512,0.0009766817092895508,-0.3353500805498041,,,0.13177138566970825,-2.5925889458357654,0.16900885105133057,0.7873522226912412,,,,,,,,,0.1763991117477417,4.7904232049753555,,,5,5
2018-11-17 00:00:00+00:00,,,0.20259231328964233,-1.5975942150066733,0.13022077083587646,-0.34728474917981933,,,0.2974804639816284,0.36713927390433576,0.28762900829315186,-1.915057098655563,,,,,,,,,0.20788872241973877,3.343981123244689,,,5,5
2018-11-17 06:00:00+00:00,,,0.16056746244430542,-3.6421055791898214,0.2702450752258301,-0.0021599644837135765,,,,,0.14583396911621094,0.2807030149840887,,,,,,,,,0.19389450550079346,2.999043271126498,,,4,4
2018-11-17 12:00:00+00:00,,,0.21360623836517334,-10.586519845243446,,,,,,,0.08469653129577637,-1.9356587035027262,,,,,,,,,0.20042800903320312,6.675380978313263,,,3,3
2018-11-17 18:00:00+00:00,,,0.1756313443183899,-1.4161987832396856,,,,,,,0.016100704669952393,0.6350452746318385,,,,,0.3069758415222168,2.388917399823634,,,0.2155512571334839,6.903438553787893,,,4,4
2018-11-18 00:00:00+00:00,,,0.1866266131401062,-10.660833427334731,,,,,,,0.04770404100418091,0.3750437785358535,,,,,0.23193645477294922,-0.040823225343545017,,,0.20251679420471191,2.2724389100666254,,,4,4
2018-11-18 06:00:00+00:00,,,0.1556767225265503,-2.134217327045113,,,,,0.26150834560394287,-7.473440621622681,0.07753169536590576,0.8108171663229944,,,,,,,,,0.15539777278900146,4.208249946009057,,,4,4
2018-11-18 12:00:00+00:00,,,0.0426480770111084,38.99781382865109,,,,,0.18386900424957275,-2.6991646237031177,0.24189257621765137,-0.1668063829799021,,,,,,,,,0.18103766441345215,3.2978067837892135,,,5,5
2018-11-18 18:00:00+00:00,,,0.18721765279769897,-2.2181302268584444,,,,,0.23695778846740723,-3.983028580157137,,,,,,,,,,,0.17843937873840332,2.2507128365855578,,,4,4
2018-11-19 00:00:00+00:00,,,0.15230590105056763,-0.6935760167574212,,,0.2604736089706421,0.8719150844084739,0.1675390601158142,-3.407479393828603,,,,,,,,,,,0.22715306282043457,4.6264353731958066,,,6,6
2018-11-19 06:00:00+00:00,,,0.18658548593521118,-7.387707855988906,,,0.08248329162597656,-0.6922833002906877,0.24029892683029175,-6.125594004449676,,,,,,,,,,,0.1701200008392334,1.1736155923370188,,,5,5
2018-11-19 12:00:00+00:00,,,0.10658687353134155,-3.180562357878319,,,0.07664108276367188,-0.24016762009852274,0.20579081773757935,-2.6231967680196973,,,,,,,0.17899107933044434,0.0475649853318568,,,0.2052382230758667,1.3716773102998634,,,6,6
2018-11-19 18:00:00+00:00,,,0.1977289319038391,-2.2807591308635566,,,0.08875584602355957,-0.17482909467423585,0.29187023639678955,-4.438361613603996,,,,,,,0.35413622856140137,0.11156089775366836,,,0.19470667839050293,3.322912148256525,,,7,7
2018-11-20 00:00:00+00:00,,,0.1847233772277832,-4.329348184616861,,,0.2890656590461731,-0.26627413638687736,0.2096812129020691,-1.4038804895356038,,,,,,,0.08249258995056152,-0.13474945766340693,,,0.1539745330810547,3.647557981594044,,,6,6
2018-11-20 06:00:00+00:00,,,0.07008719444274902,26.968242923445594,,,0.18180179595947266,-1.7262884466435233,0.35632991790771484,-2.4623804699196055,,,,,,,0.5323675870895386,0.43478579055231703,,,0.1597667932510376,2.505370097720823,,,6,6
2018-11-20 12:00:00+00:00,,,0.1918049454689026,-1.699571781010755,,,0.3265668749809265,-2.1023109146598014,0.39839035272598267,-3.233719005926683,0.2850053310394287,-1.4619400061702017,,,,,0.649838000535965,0.034839804947189836,,,0.23989272117614746,3.1466368753065748,,,7,6
2018-11-20 18:00:00+00:00,,,0.15002310276031494,-0.8750787534258266,,,0.22992932796478271,-2.862708509255541,0.2505396604537964,-3.1340227318717804,0.3033186197280884,-1.519318267784834,,,,,0.40295839309692383,0.10606235812236153,,,0.16996848583221436,1.8749121280474539,,,6,6
2018-11-21 00:00:00+00:00,,,0.2278231978416443,-2.477228829945901,,,0.37962549924850464,-4.77083048621433,0.16484475135803223,0.43258120522496124,0.2809843420982361,-1.0658670062290403,,,,,0.4689655303955078,0.48920623620257697,,,0.1955031156539917,1.2750438638014108,,,6,6
2018-11-21 06:00:00+00:00,,,0.19039523601531982,-0.404307023120964,,,0.21750235557556152,-3.6911612214504648,0.193592369556427,-1.2696279558986514,0.4106137752532959,-0.448660137651059,,,,,,,,,0.2481633424758911,1.2898472698934844,,,5,5
2018-11-21 12:00:00+00:00,,,0.1619706153869629,-0.49795696123023114,,,,,0.5769855082035065,-5.85406560722822,0.2096552848815918,-1.2079787017359387,,,,,,,,,0.26101958751678467,3.5540040009639693,,,6,5
2018-11-21 18:00:00+00:00,,,0.21719622611999512,-0.4151442763675689,,,,,0.21545183658599854,-1.3224267689481872,0.18108433485031128,-1.3290858619205377,,,,,,,,,0.23768270015716553,2.5473163518999913,,,6,6
2018-11-22 00:00:00+00:00,,,0.17712223529815674,-0.3664423508269493,,,,,0.5751518309116364,-8.141091238596918,0.35969144105911255,-0.49417120136755444,,,,,,,,,0.24055278301239014,2.1888744445565,,,5,5
2018-11-22 06:00:00+00:00,,,0.09806579351425171,-1.0030783143888986,,,,,0.23162811994552612,0.3843606837522769,0.11107921600341797,0.19594116236274148,,,,,,,,,0.2422494888305664,5.903261607319561,,,5,5
2018-11-22 12:00:00+00:00,,,0.1560688614845276,-1.5476507608761827,,,,,0.2625744938850403,-4.973109825784503,0.1842830777168274,-1.6851454692268644,,,0.07951569557189941,0.0026516147991199335,,,,,0.29626941680908203,3.3132649331908226,,,6,6
2018-11-22 18:00:00+00:00,,,0.17100191116333008,-0.7088710122134548,,,,,0.37618595361709595,-12.929878545842092,0.2614612579345703,0.12595872710221934,,,,,,,,,0.21482622623443604,4.4590706413803805,,,4,4
2018-11-23 00:00:00+00:00,,,0.1700713038444519,15.28684612623467,,,,,0.43349021673202515,-8.395039794321685,0.22302138805389404,-0.8743662087210582,,,,,,,,,0.155165433883667,3.9496459331971656,,,4,4
2018-11-23 06:00:00+00:00,0.04884219169616699,-0.4868673987535173,0.2331504225730896,-1.183703086049862,,,,,0.20708376169204712,-3.91758487144946,0.548527717590332,0.3542611770871103,,,,,,,,,0.18838083744049072,1.7373130190550314,,,7,6
2018-11-23 12:00:00+00:00,,,0.18348002433776855,-1.2185229554115884,,,0.7981293201446533,2.8409391545086926,0.26265770196914673,-6.8478976573328225,,,,,,,,,,,0.26131510734558105,3.190513307336351,,,5,5
2018-11-23 18:00:00+00:00,,,0.20341581106185913,-1.7088850667969537,,,0.34537243843078613,-0.03011529771129763,0.3399299383163452,-10.38174777705325,,,,,,,,,,,0.22549772262573242,2.375784894343881,,,4,4
2018-11-24 00:00:00+00:00,,,0.2108505368232727,-1.4910307305159478,,,0.0758814811706543,-0.47040977733076084,0.4228740334510803,-7.591699203316108,,,,,,,,,,,0.2544686794281006,0.8166510973786384,,,4,4
2018-11-24 06:00:00+00:00,,,0.20982491970062256,-2.091080789355173,,,0.1527714729309082,0.4421204261121252,0.4422832131385803,-8.420208913670733,,,,,,,,,,,0.2120755910873413,2.813487805299826,,,4,4
2018-11-24 12:00:00+00:00,,,0.21819406747817993,-4.173904697173769,,,0.39517831802368164,3.414010435383142,0.40467536449432373,-2.9971786575249038,,,,,,,,,,,0.23740780353546143,1.550212715146597,,,4,4
2018-11-24 18:00:00+00:00,,,0.17615699768066406,-3.014826749814749,,,0.34279847145080566,4.3576570557585415,0.38364434242248535,-7.126546157312089,,,,,,,,,,,0.29097890853881836,4.545777988977618,,,4,4
2018-11-25 00:00:00+00:00,,,0.2343462109565735,-1.1224425136938279,,,0.10020649433135986,0.8584213295665151,0.36612457036972046,-2.4197443734432604,,,,,,,,,,,0.2803596258163452,2.7701112873657356,,,4,4
2018-11-25 06:00:00+00:00,,,0.2442643642425537,-0.9516017285747786,0.6474619209766388,-0.0989982813546896,0.08090746402740479,1.5271057791015712,0.4534696936607361,-2.961642587765031,,,,,,,,,,,0.18923377990722656,-8.803457159312932,,,6,6
2018-11-25 12:00:00+00:00,,,0.2011033296585083,-2.543752986647658,,,0.19142770767211914,5.673354542234025,0.20097148418426514,-0.5043216704877664,,,,,,,,,,,0.20264768600463867,2.3502802594736587,,,5,4
2018-11-25 18:00:00+00:00,,,0.24468976259231567,-2.1243730564573506,,,0.2526707649230957,3.355694340546482,0.40995609760284424,-6.314167861354053,,,,,,,,,,,0.18606483936309814,-0.2570067874526331,,,4,4
2018-11-26 00:00:00+00:00,,,0.2360512614250183,-4.153238103216018,,,,,,,0.23134225606918335,-1.273689939642882,,,0.28738832473754883,12.496090754419285,,,,,0.2501174211502075,2.84491749313595,,,4,4
2018-11-26 06:00:00+00:00,,,0.17431658506393433,-1.090133138858834,,,,,,,0.33119839429855347,-2.5730142108737915,0.028187274932861328,-0.602253366317854,0.35041189193725586,8.302088492674477,,,,,0.25581395626068115,2.09175889419312,,,5,5
2018-11-26 12:00:00+00:00,,,0.27263712882995605,-1.6682559001743944,,,,,,,0.3541223406791687,-2.297855150577887,0.2230156660079956,-0.24559800389735223,0.31880760192871094,7.2266856968956965,,,,,0.28659653663635254,1.2113525376843512,,,5,5
2018-11-26 18:00:00+00:00,,,0.2727090120315552,-1.190646346551318,,,,,,,0.5586647093296051,-1.1554546237750611,0.10792338848114014,0.6793216351268606,0.31891655921936035,9.430874827068102,,,,,0.2701646089553833,-9.002650941693663,,,5,5
2018-11-27 00:00:00+00:00,,,,,0.263960599899292,-0.28514562740219684,,,,,,,0.3858070373535156,1.783006185198414,0.257285475730896,13.043857596068667,,,,,0.18327856063842773,-4.628504201055251,,,4,4
2018-11-27 06:00:00+00:00,,,,,0.17098242044448853,-0.9036072393926551,,,0.3101983070373535,5.088936785006434,,,0.12446951866149902,-0.137427380895852,0.28248679637908936,6.209661512921845,,,,,0.26302242279052734,1.6288013956555385,,,6,6
2018-11-27 12:00:00+00:00,,,,,0.2537044882774353,-0.5593707150213438,,,0.22436118125915527,4.544804801384298,,,,,0.2522975206375122,8.90139197413396,,,,,0.18410241603851318,-11.315126352150392,,,5,5
2018-11-27 18:00:00+00:00,,,,,0.20959293842315674,-0.8421726532250955,,,0.3122885227203369,15.245144274017239,,,0.03898131847381592,0.2353557497215919,0.2667659521102905,12.699940153587702,,,,,0.20925569534301758,1.1862287044823419,,,5,5
2018-11-28 00:00:00+00:00,,,,,0.21907269954681396,-2.9396087797336015,,,0.24085581302642822,9.270114086443243,,,,,0.34322643280029297,19.163016459088794,,,,,0.18740522861480713,1.62730538424337,,,5,5
2018-11-28 06:00:00+00:00,,,,,0.1360713243484497,-0.5666305509440389,,,0.23502230644226074,7.07249491174036,,,,,0.24998390674591064,6.26637113799365,,,,,0.21237802505493164,0.6849799720235633,,,6,6
2018-11-28 12:00:00+00:00,,,,,0.07857489585876465,-0.09648839940042236,,,0.30327773094177246,10.958491665036519,,,,,0.2033977508544922,15.239361308144263,,,,,0.22383713722229004,1.3588116474480325,,,6,6
2018-11-28 18:00:00+00:00,,,,,0.2775918245315552,-0.39562175574938274,,,0.2312556505203247,7.9640823160448155,,,,,0.20513463020324707,7.610266770927593,,,,,0.2285999059677124,1.2002944097620343,,,5,5
2018-11-29 00:00:00+00:00,,,,,0.17415213584899902,-1.0083617214350193,,,0.2545574903488159,6.199754584726425,,,,,0.2924879789352417,1.6287283888607293,,,,,0.23153245449066162,1.9846597438127502,,,5,5
2018-11-29 06:00:00+00:00,,,0.1489015817642212,0.17779805017871578,,,,,0.28379952907562256,8.585658063174082,,,,,0.10842907428741455,0.33073411797724894,,,,,0.2442847490310669,-6.203709280846549,,,6,6
2018-11-29 12:00:00+00:00,,,0.20814383029937744,-1.0070119845325554,,,,,0.31306231021881104,7.9306152942453485,,,,,0.1969813108444214,0.005459142486985593,,,,,0.27504265308380127,-5.24021190241585,,,4,4
2018-11-29 18:00:00+00:00,,,0.256366491317749,-0.841120697352188,,,,,0.27464592456817627,0.17040038661735785,,,,,0.30219101905822754,0.2363305276507923,,,,,0.21471118927001953,-16.766351668143166,0.4107459783554077,-0.4802546925377276,5,5
2018-11-30 00:00:00+00:00,,,0.260198712348938,-1.2354208922176089,,,,,,,0.3114762306213379,7.208254277743517,,,0.3955519199371338,8.22280475340668,,,,,0.2523677349090576,2.111223959330346,0.17044425010681152,-0.24998905311636932,7,7
2018-11-30 06:00:00+00:00,,,0.1100759506225586,21.895496220239465,,,,,,,0.34992074966430664,4.810073943848163,,,0.11689019203186035,4.093648249078476,,,,,0.21189069747924805,2.1275577062119067,,,7,6
2018-11-30 12:00:00+00:00,,,0.22152692079544067,-3.4122362322802333,,,,,,,0.2553539276123047,4.5728029860781065,,,0.41063785552978516,10.492856373868642,0.35863006114959717,2.9999144434760843,,,0.2512075901031494,-1.775062632311706,,,7,7
2018-11-30 18:00:00+00:00,,,0.24891334772109985,-2.764950061793011,,,,,,,0.31133270263671875,11.179433939127744,,,0.18601059913635254,2.509548111550944,,,,,0.24851953983306885,6.067722113639283,,,5,4
2018-12-01 00:00:00+00:00,,,0.2025926113128662,0.6126726265971575,,,,,,,0.2551748752593994,1.4029211358808793,,,0.17376649379730225,7.607784173511014,0.46639275550842285,8.855931021976831,,,0.1836627721786499,1.6642643008446054,,,6,5
2018-12-01 06:00:00+00:00,,,0.21051406860351562,-11.932961544527162,,,,,,,0.279866099357605,1.3338524541968189,,,0.32295775413513184,3.4566554807660848,0.49639809131622314,2.7423058607562916,,,0.24492502212524414,3.8594890004119997,,,6,6
2018-12-01 12:00:00+00:00,,,0.1795189380645752,0.7569474174367086,,,,,,,0.2039949893951416,1.8074256352406992,,,0.23862218856811523,4.327145445605071,0.6223031282424927,2.6471250295346134,,,0.295137882232666,4.488136755347685,,,8,7
2018-12-01 18:00:00+00:00,,,0.19015580415725708,-0.2777887490275127,,,0.18772727251052856,-0.4377763315019327,,,0.3117791414260864,4.741469324927162,,,0.07302236557006836,-0.4873790050871264,0.315018892288208,2.6186967877476457,,,0.2521411180496216,2.5210719023086345,,,9,8
2018-12-02 00:00:00+00:00,0.13344526290893555,0.31985947901649364,0.22387254238128662,-0.4144006768455793,,,0.12118226289749146,-1.5772527357317316,,,0.3073594570159912,0.6530802950044273,,,0.2233567237854004,0.18817092122986814,0.2688335180282593,2.147525125924498,,,0.25752055644989014,1.4508074287011874,,,10,9
2018-12-02 06:00:00+00:00,0.06573861837387085,-0.20438516421344252,0.08166497945785522,-0.34310641868356717,,,0.3055887818336487,-1.9439726135428563,,,0.2866250276565552,0.4810855073878305,,,0.5945452451705933,0.16567270018495175,0.2324070930480957,11.01098621658001,,,0.2261793613433838,2.0360098479350133,,,7,7
2018-12-02 12:00:00+00:00,0.13987529277801514,-0.15036123628672646,0.15840667486190796,-0.017649107255054773,,,,,0.23797160387039185,-6.050207013188949,0.11867344379425049,1.0204366275867676,0.10870623588562012,0.15887732983517389,,,0.17018616199493408,0.4169073384372398,,,0.26092588901519775,1.8058044201780117,,,7,7
2018-12-02 18:00:00+00:00,0.037020742893218994,-0.11438027434415693,0.11955314874649048,-0.22109148728487313,,,0.36212581396102905,-14.720704888251515,,,0.3827939033508301,2.901502658085011,0.17075461149215698,-1.0723507125135567,,,0.1603316068649292,2.3310846667885463,,,0.1305924654006958,-9.061910083911185,,,7,7
2018-12-03 00:00:00+00:00,0.0059081315994262695,0.2744483057923448,0.41400057077407837,-0.4752608318406591,,,0.16197896003723145,-10.955821837667596,,,,,0.11027646064758301,-0.8396651628053268,,,0.0869826078414917,0.4073932719477386,,,0.22031283378601074,3.399476043848209,,,7,7
2018-12-03 06:00:00+00:00,0.16103166341781616,-0.20043416034156347,,,,,0.2063676118850708,-9.076369444402244,0.11646312475204468,-2.421410955348789,,,,,0.3014254570007324,-11.965991898795995,0.10220670700073242,0.6628778611460221,,,0.16275203227996826,0.6099302262169,,,9,9
2018-12-03 12:00:00+00:00,0.11504119634628296,-0.6885194960377589,,,,,0.2750359773635864,-1.4996078193783478,0.22368007898330688,-14.041628377539713,,,,,0.25042545795440674,-6.493996430213183,0.24063396453857422,2.3699295654533628,,,0.19538664817810059,2.337392988495642,,,7,7
2018-12-03 18:00:00+00:00,0.09246236085891724,-1.2283745168791629,,,,,0.59024977684021,0.07125037670537951,0.2407534122467041,-3.5721556823820912,,,,,,,0.2323681116104126,1.732562798547766,,,0.2398512363433838,3.9852947349773857,,,5,5
2018-12-04 00:00:00+00:00,0.14122337102890015,-2.5941000357570094,,,,,0.007863879203796387,-0.6440849730694274,0.1768871545791626,-9.724529150453694,,,,,,,0.024143755435943604,0.7692702388228946,,,0.33043551445007324,1.3966533695901775,,,6,6
2018-12-04 06:00:00+00:00,0.18285197019577026,-1.8830984923579317,,,,,0.19767165184020996,-0.4690079293171271,0.23610877990722656,-11.511113438757086,,,,,0.02799302339553833,1.2198111519946677,0.41868120431900024,-0.7274394616898381,,,0.24898242950439453,2.2440016310428055,,,7,7
2018-12-04 12:00:00+00:00,0.11343353986740112,-0.9260586829838651,,,,,,,0.17312955856323242,-4.1677434973152225,,,,,0.4028801918029785,-4.062319947879302,0.5186980962753296,1.6745474064342518,,,0.17343497276306152,1.2529378336117991,,,6,6
2018-12-04 18:00:00+00:00,,,,,,,,,0.17785322666168213,-7.166425760623543,,,,,0.4626225233078003,-4.367701728221272,0.3850365877151489,-0.7601909273845194,,,0.30404436588287354,2.0779716555791214,,,6,6
2018-12-05 00:00:00+00:00,0.14951038360595703,-3.663147113711159,,,,,,,0.22441315650939941,-9.186902652303681,,,,,0.11859285831451416,1.1381475883823657,,,,,0.2573075294494629,1.596113754502288,,,5,5
2018-12-05 06:00:00+00:00,,,,,,,,,0.17092400789260864,-6.902171047798243,,,,,0.4770691990852356,-2.7829555323944293,,,,,0.20938587188720703,-32.486338427579675,,,5,5
2018-12-05 12:00:00+00:00,,,0.1875433325767517,-1.039163133252968,,,,,0.23877286911010742,-8.080905601993505,,,,,0.38655149936676025,-5.334346521366448,,,,,0.30759406089782715,3.91313457084678,,,6,6
2018-12-05 18:00:00+00:00,,,0.16225343942642212,-4.098052582719444,,,,,0.187822163105011,-3.751262515609911,,,,,0.29970937967300415,-1.897153531882923,,,,,0.21930289268493652,1.1880752216686026,,,6,5
2018-12-06 00:00:00+00:00,,,,,,,,,0.2288627028465271,-15.364106037495649,,,,,,,,,,,0.21078908443450928,8.988459660369344,,,3,3
2018-12-06 06:00:00+00:00,,,,,,,,,0.21632885932922363,-25.504330773102446,,,,,0.35454559326171875,-12.04477276795435,,,,,0.2545403242111206,0.6705853666978496,,,6,6
2018-12-06 12:00:00+00:00,,,0.1854674220085144,-3.2386125737841636,,,,,0.22483199834823608,-9.929535424820642,,,,,,,,,,,0.2731872797012329,1.888625730003101,,,6,6
2018-12-06 18:00:00+00:00,0.3130386471748352,-1.7712220944597221,0.14091253280639648,-2.2032280128597463,,,,,0.2370973825454712,-11.419198243634575,,,,,,,,,,,0.18263792991638184,1.1529244261725364,,,6,6
2018-12-07 00:00:00+00:00,,,,,,,,,0.18196195363998413,-6.319004873063412,,,,,0.1966547966003418,-4.459805608167424,0.7445170283317566,-4.125023406150261,,,0.1900186538696289,1.7306698743386295,,,5,5
2018-12-07 06:00:00+00:00,,,0.17931115627288818,-12.568656820006789,,,,,0.19681233167648315,-8.17002210931752,0.22653180360794067,-0.052479880846816505,,,0.20884740352630615,-9.992008517295458,,,,,0.2874106168746948,1.9389914785718239,,,5,5
2018-12-07 12:00:00+00:00,,,,,,,,,0.20408236980438232,-7.452313743119651,0.7044574320316315,-1.5845940749930432,,,0.39443689584732056,-3.2669277088496735,,,,,0.28041768074035645,1.737748430119871,,,6,5
2018-12-07 18:00:00+00:00,,,,,,,,,0.19966357946395874,-28.60218269880015,0.5928102135658264,-2.844487346506494,,,0.40211284160614014,-3.2009333946471727,,,,,0.1870410442352295,16.0748222595783,,,5,5
2018-12-08 00:00:00+00:00,,,0.16311997175216675,-7.5204764733314216,,,,,,,0.26970720291137695,-11.593709274932971,,,0.20427078008651733,-2.993139133820713,,,,,0.2710357904434204,2.2131078127479347,,,6,6
2018-12-08 06:00:00+00:00,,,0.14599144458770752,6.447993266841746,0.10137295722961426,0.12639013929986243,,,0.32028406858444214,-4.33537376463464,0.19279718399047852,-6.525655928748254,,,,,0.12004977464675903,-2.05981995254576,,,0.14843976497650146,-36.713247278216464,,,8,8
2018-12-08 12:00:00+00:00,,,0.13880187273025513,0.28114424361169543,0.16560494899749756,-0.4187064464299646,,,0.175309419631958,-1.3957079072604337,0.18708199262619019,-4.352168306609945,,,,,0.22051101922988892,-1.5365928005612552,,,0.26791417598724365,1.4252254659993735,0.00980079174041748,0.17011317933264536,9,9
2018-12-08 18:00:00+00:00,,,0.19108283519744873,-3.17741667200414,0.41754812002182007,-0.44511790404321205,,,0.21454107761383057,-3.4275443783316364,0.23963874578475952,-5.860321412083042,,,,,0.08175581693649292,1.4913119219032258,,,0.15774869918823242,-32.59535932490434,,,7,7
2018-12-09 00:00:00+00:00,,,0.11994785070419312,-0.02045257272990195,0.2879588007926941,-0.3234119581273686,,,0.2783225178718567,-5.480907087120129,0.26257574558258057,-0.6277899354383936,,,,,0.1844644546508789,-0.40995249425941604,,,0.19603419303894043,2.1972564938912997,,,13,13
2018-12-09 06:00:00+00:00,,,0.1262088418006897,-0.12254950198345323,0.026459217071533203,0.38358356391697285,,,0.009200453758239746,-0.29416958204656685,0.21794456243515015,-0.056269817480552056,,,,,0.04144322872161865,0.09646484028051336,,,0.10774493217468262,-16.050306212719168,,,11,10
2018-12-09 12:00:00+00:00,,,0.18278658390045166,-1.3491205817806513,0.0993046760559082,0.7793764454985959,,,,,0.11716550588607788,-0.2580308942008556,,,,,0.3467142581939697,0.2181234167365944,,,0.15071213245391846,-25.447059288566734,,,9,9
2018-12-09 18:00:00+00:00,,,0.16477429866790771,-1.1138444745023255,0.36900579929351807,0.39181664211571804,,,,,0.3693590760231018,-1.2396560148737636,,,,,,,,,0.16946172714233398,1.716625944649496,,,8,8
2018-12-10 00:00:00+00:00,,,0.1474212408065796,-0.5781950330861247,0.3152318596839905,-3.3657075288843425,,,,,0.26928436756134033,0.14074588391838377,,,,,,,,,0.1991513967514038,0.9313550244148777,,,8,8
2018-12-10 06:00:00+00:00,,,0.23075133562088013,-1.9244681815981095,,,,,,,0.1228935718536377,-0.17284249397916834,,,,,,,,,0.19449615478515625,4.876992712558026,,,6,6
2018-12-10 12:00:00+00:00,,,0.14229035377502441,-0.6325331472176864,,,0.1640106439590454,0.11073358831982799,,,0.05226278305053711,1.5940757413426614,,,,,,,,,0.22730350494384766,1.4282281791755957,,,5,5
2018-12-10 18:00:00+00:00,,,0.19655001163482666,-3.8431495968513762,,,0.4647294878959656,-0.5829378664777374,,,0.08149808645248413,-0.9005417632492104,,,,,,,,,0.14812827110290527,2.0045795389730525,,,4,4
2018-12-11 00:00:00+00:00,,,0.22994041442871094,-2.1420085893628618,0.1324772834777832,-0.5883789235389874,,,,,0.04168272018432617,0.07447640527817925,,,,,,,,,0.16149210929870605,1.5336412312170353,,,4,4
2018-12-11 06:00:00+00:00,,,0.18775337934494019,-2.6634626424766936,0.49116408824920654,0.752183507506557,,,,,0.5944193601608276,-0.5676802796593745,,,,,,,,,0.16610658168792725,1.0579677516899717,,,4,4
2018-12-11 12:00:00+00:00,,,0.24352926015853882,-16.96322486536119,,,0.10716211795806885,0.46820108191132465,0.5298884212970734,-6.202613780311034,,,,,,,,,,,0.2586928606033325,3.3287678895395634,,,5,5
2018-12-11 18:00:00+00:00,,,0.16778069734573364,-1.5250535947944377,,,0.08990341424942017,-0.2905826348846249,0.08552950620651245,-0.9461632912029425,,,,,,,,,,,0.21818721294403076,1.5844484753247927,,,5,5
2018-12-12 00:00:00+00:00,,,0.1966215968132019,-2.5391112674063194,,,,,0.011996686458587646,2.271510123761372,,,,,,,,,,,0.19348156452178955,2.2779962820269604,,,5,5
2018-12-12 06:00:00+00:00,,,0.1894339919090271,-2.403207817180218,,,,,0.09317493438720703,-1.6620898498165757,,,,,,,,,,,0.18221938610076904,1.9466367745545021,,,5,5
2018-12-12 12:00:00+00:00,,,0.16381621360778809,-6.525984023700511,,,,,0.15857821702957153,-2.845329434548224,,,,,,,,,,,0.1674708127975464,0.9853775429561299,,,5,5
2018-12-12 18:00:00+00:00,,,0.133894681930542,-4.1685482352377194,,,,,0.003674149513244629,0.003496411389020857,,,,,,,,,,,0.24611032009124756,1.6820986168473642,,,5,5
2018-12-13 00:00:00+00:00,,,0.17673546075820923,-4.149329518925478,,,,,0.07126772403717041,1.9687380891521977,,,,,,,,,,,0.12365233898162842,1.842713124396366,,,4,4
2018-12-13 06:00:00+00:00,,,0.18207377195358276,-2.417052830610849,,,0.6244995594024658,-2.91160804253006,0.06810593605041504,-0.5452664561462427,,,,,,,,,,,0.16330718994140625,1.358133465290971,,,5,5
2018-12-13 12:00:00+00:00,,,0.17948955297470093,-3.4499435683106436,,,0.27112698554992676,-3.6073306526130464,0.09708642959594727,-0.8380882442512526,,,,,,,,,,,0.175528883934021,1.0728875980505779,,,6,6
2018-12-13 18:00:00+00:00,,,0.19192564487457275,-4.330934373766066,,,0.22730237245559692,-3.6840380001778033,0.17369890213012695,-3.546170591780344,,,,,,,,,,,0.14470016956329346,1.1506698724676487,,,6,6
2018-12-14 00:00:00+00:00,,,0.1842007040977478,-2.6844426422108225,,,0.08714836835861206,-2.934672643104145,0.06857717037200928,-0.02312848903988899,,,,,,,,,,,0.15760743618011475,1.5133141742175074,,,6,6
2018-12-14 06:00:00+00:00,,,0.1962040662765503,-2.8689016706371344,,,,,0.051273882389068604,-0.8894698021978409,0.126628577709198,-9.427266288065274,,,,,,,,,0.12759661674499512,1.7459574115223535,,,6,6
2018-12-14 12:00:00+00:00,,,0.26645535230636597,-7.525321255828732,,,,,0.13346368074417114,-3.3143621228195217,0.07040274143218994,0.4370379738572614,,,,,,,,,0.1713472604751587,2.2854974617332244,,,6,6
2018-12-14 18:00:00+00:00,,,0.17369800806045532,-3.1681370436548493,,,,,0.13053977489471436,-1.2702270956846897,0.02765434980392456,-0.42433285415470606,,,,,,,,,0.1380913257598877,0.6554182026279509,0.17429226636886597,-0.14871314882823378,7,7
2018-12-15 00:00:00+00:00,,,0.1829124093055725,-3.8083532907147055,,,,,0.21181315183639526,-4.087823601114953,0.5089992880821228,-3.705180766742187,,,,,,,,,0.14222609996795654,2.9053864383277426,,,6,6
2018-12-15 06:00:00+00:00,,,0.20351803302764893,-2.87406101727933,,,,,0.1912561058998108,-4.43431023238769,0.0735427737236023,-0.7964788907719229,,,,,,,,,0.12206292152404785,-0.5332422563823379,,,6,6
2018-12-15 12:00:00+00:00,,,0.18374991416931152,-1.5853032065363286,0.13211137056350708,-3.614358737576428,,,0.32647597789764404,-6.9782443430196475,0.07527518272399902,-1.191065725804179,,,,,,,,,0.2123560905456543,1.225866408557307,,,7,7
2018-12-15 18:00:00+00:00,,,0.20102065801620483,-3.9662221645416316,,,,,0.2731635570526123,-5.59519883435098,0.027142882347106934,-0.2786745321253784,,,,,,,,,0.20207393169403076,-1.4306126623270632,,,4,4
2018-12-16 00:00:00+00:00,,,0.22277992963790894,-2.104248076831597,,,,,0.32582777738571167,-14.39792008651627,,,,,,,,,,,0.12487733364105225,1.195902085087821,,,3,3
2018-12-16 06:00:00+00:00,,,0.16782301664352417,-4.384800027550543,,,,,0.43197429180145264,-11.21941312682209,,,,,,,,,,,0.14028775691986084,1.0414886633934322,,,3,3
2018-12-16 12:00:00+00:00,,,0.21192795038223267,-4.614665317344066,,,,,0.2992295026779175,-2.4224287198589507,,,,,,,,,,,0.23667693138122559,2.009128160006734,,,3,3
2018-12-16 18:00:00+00:00,,,0.20200562477111816,-1.8030288200069362,,,,,0.18961602449417114,-3.658794066271767,,,,,,,,,,,0.21358978748321533,3.278382896215519,,,3,3
2018-12-17 00:00:00+00:00,,,0.23622363805770874,-3.969580058685623,0.3440999984741211,-0.5021466378072332,,,0.3545886278152466,-5.830775627426251,,,,,,,,,,,0.18456709384918213,1.5407440447621386,0.03345620632171631,-0.3831704460770685,5,5
2018-12-17 06:00:00+00:00,,,0.22565048933029175,-2.2806988310416605,,,,,0.3124125003814697,-11.84531806723955,,,,,,,,,,,0.19589686393737793,3.255724137282419,0.26393020153045654,-0.20299192236184033,4,4
2018-12-17 12:00:00+00:00,,,0.22801727056503296,-3.005075257493615,0.1540735363960266,-0.5683242436469997,,,0.20227354764938354,-3.258802963538404,,,,,,,,,,,0.18568634986877441,2.2697681080937664,0.370863676071167,-0.32205060028195515,5,5
2018-12-17 18:00:00+00:00,,,0.18665343523025513,-2.51896630227238,0.01883375644683838,-0.08002482832041356,,,0.18160635232925415,0.07197005201144308,,,,,,,,,,,0.15198957920074463,2.5034742198560225,0.14180660247802734,0.11936643260335035,6,6
2018-12-18 00:00:00+00:00,,,0.19353562593460083,-1.5719468508441208,,,,,0.19646614789962769,-3.6904208397064644,,,0.10163253545761108,-0.3357303409116738,,,,,,,0.13546395301818848,4.616136845775533,0.5770748853683472,0.07702788593009978,6,6
2018-12-18 06:00:00+00:00,,,0.175689697265625,27.899575123578384,0.47341489791870117,0.48880963411555783,,,0.22353142499923706,-7.019380942309353,,,0.39749032258987427,-1.9979305068191764,,,,,,,0.1875821352005005,1.9367638199465118,0.36193037033081055,-0.3843134897961566,6,6
2018-12-18 12:00:00+00:00,,,0.18392586708068848,4.869679699214706,,,,,0.39539968967437744,-9.429760044460322,,,,,0.35727667808532715,-4.896916008770507,,,,,0.1621236801147461,1.7029459730287797,,,4,4
2018-12-18 18:00:00+00:00,,,0.16930168867111206,25.82105543320933,,,,,,,0.26256263256073,-4.118692172966385,,,0.3893354535102844,-2.1919588528394045,,,,,0.16721642017364502,4.311108615220229,,,4,4
2018-12-19 00:00:00+00:00,,,0.12935549020767212,-2.9147697610848464,,,,,,,0.219704270362854,-1.060197016355114,,,0.4134782552719116,-11.266322019619167,,,,,0.20191574096679688,7.63372235351959,,,4,4
2018-12-19 06:00:00+00:00,,,0.21320027112960815,-3.0681019542515475,,,,,0.2812119722366333,-3.1120792188465725,0.19301503896713257,-0.7179144926844373,,,,,,,,,0.24919331073760986,2.528335546546056,,,4,4
2018-12-19 12:00:00+00:00,,,0.14839613437652588,-4.834514015841209,,,,,,,0.25641536712646484,-1.0668210294447977,,,0.31381863355636597,-4.602015799792569,,,,,0.18892502784729004,1.617724134503507,,,4,4
2018-12-19 18:00:00+00:00,,,0.20646584033966064,-2.9301116423261084,,,,,,,0.15443283319473267,-0.4597977686529925,,,0.3722655773162842,-11.586235741177367,,,,,0.15948951244354248,1.4784103534127448,,,4,4
2018-12-20 00:00:00+00:00,,,0.1816939115524292,-3.714324208700792,,,,,,,0.17081844806671143,-1.812085724018154,,,0.3967905044555664,-5.0726775310508705,,,,,0.15392768383026123,1.0967402097284853,,,4,4
2018-12-20 06:00:00+00:00,,,0.18843209743499756,-0.8780971231121741,0.49157023429870605,-5.518097945930288,,,,,0.22205966711044312,-0.4338008077808196,,,0.2722908854484558,-1.4958364063236562,,,,,0.16277360916137695,1.291892002415643,,,5,5
2018-12-20 12:00:00+00:00,,,0.15448498725891113,-1.3374107888963662,,,,,,,0.2318120002746582,-2.129285203209195,,,0.14808982610702515,-3.6891709074807224,,,,,0.15463316440582275,1.8638962886718824,,,4,4
2018-12-20 18:00:00+00:00,,,0.16350984573364258,-2.2240845308136805,,,,,,,0.20474481582641602,-0.6428964345260886,,,,,,,,,0.13986027240753174,2.7090485158968067,,,3,3
2018-12-21 00:00:00+00:00,,,0.12353456020355225,-1.4465361024371342,,,,,,,0.002149641513824463,-8.719821130182034,0.38555335998535156,4.832229629050615,,,,,,,0.12373435497283936,1.7487762584293054,,,4,4
2018-12-21 06:00:00+00:00,,,0.1697763204574585,-3.570738897982109,,,,,,,0.18400096893310547,-0.08146317554103151,0.385036826133728,4.569734732356934,0.012869417667388916,-0.5594182920527034,,,,,0.19992053508758545,0.7762392263953549,,,5,5
2018-12-21 12:00:00+00:00,,,0.22208887338638306,-27.90416773873493,,,,,,,0.5602850914001465,0.7806029346491977,0.3028353452682495,4.902698422594897,0.1491416096687317,-0.6743046882686646,,,,,0.18042421340942383,1.0444705898034625,,,5,5
2018-12-21 18:00:00+00:00,,,0.16867691278457642,-2.6371198472128845,,,,,,,,,0.2685002088546753,4.2741377006631565,,,,,,,0.15553617477416992,1.10518151645826,,,3,3
2018-12-22 00:00:00+00:00,,,0.12111002206802368,-3.2157129342673336,,,,,,,,,0.213081955909729,3.7329063364125057,,,,,,,0.15225183963775635,1.1345351229890042,,,4,4
2018-12-22 06:00:00+00:00,,,0.20933902263641357,-2.729757290838062,,,,,,,,,0.30529534816741943,9.980103443329726,,,,,,,0.1932586431503296,0.8624149986150417,,,4,4
2018-12-22 12:00:00+00:00,,,0.20663738250732422,-2.344221921522113,,,,,,,,,0.37661290168762207,6.542267551314519,0.22160935401916504,-1.616741646197741,,,,,0.1303008794784546,2.31775410304947,,,5,5
2018-12-22 18:00:00+00:00,,,0.2648940086364746,-5.823065785365823,,,,,,,,,0.3677377700805664,13.795974523973422,,,,,,,0.17373394966125488,1.165155674911123,,,4,4
2018-12-23 00:00:00+00:00,,,0.1531701683998108,-3.2213741125043573,,,,,,,,,0.0313037633895874,0.3695937324413199,0.28139829635620117,6.775945148552331,,,,,0.1910039186477661,2.2005485206458713,,,4,4
2018-12-23 06:00:00+00:00,,,0.15465211868286133,-4.081918894549842,0.31834810972213745,0.10520314092786075,,,,,,,0.27019965648651123,2.243411943883525,0.34283149242401123,6.775563868834822,,,,,0.1009523868560791,0.9264569870117941,,,5,5
2018-12-23 12:00:00+00:00,,,0.18790751695632935,-3.5489264962283964,0.6076113283634186,-1.0675741232779208,,,,,,,0.23045742511749268,10.667043320048126,0.28368544578552246,13.642776743507932,,,,,0.1348179578781128,1.004653756707585,,,5,5
2018-12-23 18:00:00+00:00,,,0.20930153131484985,-3.5112057030773456,0.3950202465057373,-0.24850422308334535,,,,,,,0.28553712368011475,2.2673124241403517,0.2879418134689331,8.430737290611528,,,,,0.08467817306518555,3.552557838937994,,,5,5
2018-12-24 00:00:00+00:00,,,0.19587361812591553,-1.5331846172726393,,,,,,,,,0.21326863765716553,4.7964786313724925,0.3472846746444702,14.614966668780939,,,,,0.14997363090515137,4.068071472483023,,,4,4
2018-12-24 06:00:00+00:00,,,0.2029070258140564,-1.7255365168018357,,,,,,,,,0.09823822975158691,-0.5000441656847683,0.34530115127563477,15.643646672931265,,,,,0.15112411975860596,1.661583566433786,,,5,4
2018-12-24 12:00:00+00:00,,,0.15910571813583374,-5.978712320145404,,,,,,,,,,,0.3039892911911011,10.65986281067362,,,,,0.19629311561584473,1.783800843650054,,,4,4
2018-12-24 18:00:00+00:00,,,0.12137603759765625,32.58750764150487,,,,,,,,,,,0.2175428867340088,5.332236436009377,,,,,0.1601020097732544,1.4110505175666872,,,5,5
2018-12-25 00:00:00+00:00,,,0.1970042586326599,-4.175503242593107,,,,,,,,,,,0.3505382537841797,16.361788842912464,,,,,0.17456376552581787,2.217540764763082,,,5,5
2018-12-25 06:00:00+00:00,,,0.20705920457839966,-3.8707478311482504,,,,,,,,,,,0.34423112869262695,8.234063658741473,,,,,0.18673503398895264,4.880344938420561,,,4,4
2018-12-25 12:00:00+00:00,,,0.22274214029312134,-2.5806022087306943,,,,,,,,,,,0.24836766719818115,9.148476066715961,,,,,0.16183972358703613,1.269193462264412,,,4,3
2018-12-25 18:00:00+00:00,,,0.15130972862243652,-1.819492036588066,,,,,,,,,,,0.2939462661743164,8.984162616629149,,,,,0.15531706809997559,3.117829956930421,,,4,4
2018-12-26 00:00:00+00:00,,,0.20773136615753174,-1.8631646180986716,,,,,,,,,,,0.4079568386077881,12.160883370546411,,,,,0.1796931028366089,6.9821814372887285,,,4,4
2018-12-26 06:00:00+00:00,,,0.21033799648284912,-3.216278286040535,,,,,,,,,,,0.36592793464660645,6.397722402993455,,,,,0.14394724369049072,2.5193000369067686,,,4,4
2018-12-26 12:00:00+00:00,,,0.2189321517944336,-2.4839077232871527,,,,,,,,,,,0.2978769540786743,6.738915134259773,,,,,0.1687154769897461,4.431066421439669,,,4,4
2018-12-26 18:00:00+00:00,,,0.18652629852294922,-1.477901625822441,,,,,,,,,,,0.3710998296737671,14.032072795757134,,,,,0.1293092966079712,1.6418536705009807,,,4,4
2018-12-27 00:00:00+00:00,,,0.1858929991722107,-0.7992772797470749,,,,,,,,,,,0.2720766067504883,9.515968563873932,,,,,0.16238796710968018,13.703713344210513,,,4,4
2018-12-27 06:00:00+00:00,,,0.19724738597869873,-1.2979257078825088,,,0.10201513767242432,0.1732165453681842,,,,,,,0.2944049835205078,8.819797737337247,,,,,0.20653104782104492,4.9083621904136665,,,6,6
2018-12-27 12:00:00+00:00,,,0.21298450231552124,-1.6943429718077765,,,0.032251060009002686,-0.4559805460735512,,,,,,,0.11948370933532715,0.5101621455223739,0.32962048053741455,7.628118325252144,,,0.1643296480178833,1.6541367988747213,,,7,7
2018-12-27 18:00:00+00:00,,,0.19705581665039062,-1.547348704009267,,,0.13329482078552246,-0.09306995067706797,,,,,,,0.26382172107696533,8.237280248454555,0.1983124017715454,6.397439080592736,,,0.1967918872833252,5.245519786549768,,,7,6
2018-12-28 00:00:00+00:00,,,0.16839855909347534,-1.2775725686883534,,,0.050261497497558594,-0.14884696550799698,,,,,,,0.36862123012542725,7.954379638669709,0.2805541753768921,2.2370501224285624,,,0.1771526336669922,2.183765174685077,,,5,5
2018-12-28 06:00:00+00:00,,,0.19438821077346802,-0.7566142567369246,,,,,,,,,,,0.17236685752868652,0.043043909633237884,0.3005819320678711,2.4340155515580606,,,0.19307410717010498,2.1672179434672536,,,7,6
2018-12-28 12:00:00+00:00,,,0.19276762008666992,-2.419356745935869,,,0.09575849771499634,-0.2685977060063396,,,,,,,0.11558806896209717,0.3762321692279033,0.29996323585510254,2.7868564684579957,,,0.19255423545837402,2.2887459106219894,,,7,6
2018-12-28 18:00:00+00:00,,,0.10754692554473877,-1.4209694796005419,,,0.07453864812850952,-3.1465237033095073,,,,,0.2312554121017456,1.318609047904389,0.05309498310089111,0.18208470958689438,0.23104345798492432,2.403113623034893,,,0.1324913501739502,1.3368935824314723,,,6,6
2018-12-29 00:00:00+00:00,,,0.15804743766784668,-0.7503064365880483,,,0.34930527210235596,-4.426473726951793,,,,,0.27334851026535034,-0.2906979720887698,,,0.3871084451675415,3.93529761802019,,,0.10440754890441895,2.49906341707598,,,5,5
2018-12-29 06:00:00+00:00,,,,,0.13748276233673096,-4.762513838127961,0.16239327192306519,-2.7777273887364484,,,,,0.1659940481185913,-0.22988552340213653,,,0.40578532218933105,4.595688992378764,,,0.21656274795532227,2.9275251992365363,,,5,5
2018-12-29 12:00:00+00:00,0.005658388137817383,1.0754033781731929,,,0.2147732377052307,-0.6879988154354677,0.41956090927124023,-9.862380835760725,,,,,0.04858887195587158,-4.290176968436102,,,0.45757412910461426,2.092556034640897,,,0.1323394775390625,1.1491440702692428,,,6,6
2018-12-29 18:00:00+00:00,0.17389875650405884,-1.8237576026428277,,,0.2338646650314331,-0.2726296299735563,,,0.2440456748008728,-0.36304758901104717,,,0.01755523681640625,0.2011050694110885,,,0.07662951946258545,0.3755702010097676,,,0.19013965129852295,4.50560926888833,,,6,6
2018-12-30 00:00:00+00:00,,,0.09065413475036621,-0.312270653124842,,,,,0.32929742336273193,-5.254200430555376,,,0.07245630025863647,-0.428424227682398,,,0.22319602966308594,4.599838012859985,,,0.10810744762420654,3.6687719766113314,0.1746842861175537,0.6838249465545968,6,6
2018-12-30 06:00:00+00:00,,,,,0.04982888698577881,-0.32286176855756726,,,0.2565474510192871,-7.565418086114385,,,0.1857202649116516,-2.9449716254305436,,,0.13667958974838257,0.266440963567488,,,0.197401762008667,1.5344027337196062,,,5,5
2018-12-30 12:00:00+00:00,,,0.10215872526168823,-0.1248837414501943,,,,,0.2516368627548218,-6.075025552965662,,,0.1569042205810547,-0.4374328085535766,,,,,,,0.15847229957580566,3.3331880532898666,0.1747676134109497,0.7497986749999292,5,5
2018-12-30 18:00:00+00:00,,,0.2780020236968994,-23.638942257932683,,,,,0.2211284041404724,-5.444186068754723,,,0.28823792934417725,-13.22391150304432,,,,,,,0.1461195945739746,0.7275984779931295,0.06892949342727661,-0.22566825207547087,5,5
2018-12-31 00:00:00+00:00,,,0.11197787523269653,-0.2963115756657016,,,,,0.262673020362854,-3.7599677258023223,,,0.20116716623306274,-4.157468953387595,,,,,,,0.15194416046142578,1.7506693179739894,0.14663058519363403,-0.5883896877468685,6,6
2018-12-31 06:00:00+00:00,,,0.045874714851379395,-3.2717139063269056,,,,,0.2650086283683777,-11.254955246994797,,,,,0.10349684953689575,-0.491716644452441,,,,,0.22614693641662598,8.200463017892345,0.23689687252044678,2.212240908750546,6,6
2018-12-31 12:00:00+00:00,,,0.11927974224090576,-0.9159307634292515,,,,,0.34829896688461304,-13.01318363367083,,,,,0.19359749555587769,-4.136307423602698,,,,,,,0.17086124420166016,4.447039240870431,4,4
2018-12-31 18:00:00+00:00,,,0.09098708629608154,32.73994194354888,,,,,0.21103090047836304,-8.299580969582895,,,,,0.19221216440200806,-1.3359126878698162,,,,,,,0.10706877708435059,1.6435880096335975,4,4
