timestamp,global_R2,global_energy,global_entropy,global_variance
2011-01-01 00:00:00+00:00,0.0282560586929321,91.88813018798828,2.059833105449661,91.85887145996094
2011-01-01 06:00:00+00:00,0.019841194152832,73.8075942993164,2.2961041722300157,73.79510498046875
2011-01-01 12:00:00+00:00,0.0119217634201049,91.3427276611328,2.847051745026559,91.33702850341795
2011-01-01 18:00:00+00:00,0.0188392400741577,91.3551025390625,2.001955261443218,91.34243774414062
2011-01-02 00:00:00+00:00,0.0255243182182312,112.51555633544922,2.2179525621233047,112.48682403564452
2011-01-02 06:00:00+00:00,0.0063158273696899,81.1594009399414,2.076436330334881,81.15814208984375
2011-01-02 12:00:00+00:00,0.0084370970726013,93.53035736083984,2.0368227721847694,93.52798461914062
2011-01-02 18:00:00+00:00,0.0301963686943054,87.3796157836914,2.33887985842653,87.34868621826172
2011-01-03 00:00:00+00:00,0.0537754893302917,112.05738067626952,1.9247550305814047,111.95413208007812
2011-01-03 06:00:00+00:00,0.0380973219871521,101.07527160644533,1.8485256123525848,101.02935791015624
2011-01-03 12:00:00+00:00,0.1012964248657226,162.27769470214844,1.6114520531613108,161.93692016601562
2011-01-03 18:00:00+00:00,0.0674376487731933,119.0364990234375,2.314779464892576,118.856689453125
2011-01-04 00:00:00+00:00,0.0866418480873107,116.33531951904295,1.8647233648183084,116.07876586914062
2011-01-04 06:00:00+00:00,0.1191704273223877,118.44313049316406,1.837369252128748,118.0048370361328
2011-01-04 12:00:00+00:00,0.131154716014862,125.04096221923828,1.836292126463413,124.51913452148438
2011-01-04 18:00:00+00:00,0.1447721123695373,125.35942840576172,1.9277416276698784,124.66950988769533
2011-01-05 00:00:00+00:00,0.1441031098365783,166.19931030273438,1.9065790417864037,165.43209838867188
2011-01-05 06:00:00+00:00,0.1742523312568664,142.36508178710938,1.83956159280417,141.42636108398438
2011-01-05 12:00:00+00:00,0.1680015921592712,131.61795043945312,1.9960407185710969,130.7228240966797
2011-01-05 18:00:00+00:00,0.1250128149986267,116.96114349365234,2.050802496771177,116.3807373046875
2011-01-06 00:00:00+00:00,0.186518907546997,153.42965698242188,1.912153205799589,152.17555236816406
2011-01-06 06:00:00+00:00,0.2267404198646545,219.6527099609375,1.5276051428424429,217.88394165039065
2011-01-06 12:00:00+00:00,0.2097815871238708,205.70089721679688,1.6918204670917898,204.19309997558597
2011-01-06 18:00:00+00:00,0.1578697562217712,120.27674102783205,2.057427320119904,119.47932434082033
2011-01-07 00:00:00+00:00,0.1734554767608642,165.02163696289062,1.793504326302671,163.91806030273438
2011-01-07 06:00:00+00:00,0.1436509490013122,116.5816650390625,2.141671420357167,115.89043426513672
2011-01-07 12:00:00+00:00,0.1466116309165954,117.53607177734376,2.104592127150816,116.82868957519533
2011-01-07 18:00:00+00:00,0.1297960877418518,99.6603775024414,2.263385499367417,99.1065673828125
2011-01-08 00:00:00+00:00,0.0823951959609985,84.92630767822266,2.174845377938301,84.71128845214844
2011-01-08 06:00:00+00:00,0.12953782081604,108.2926788330078,2.093164440324211,107.77529907226562
2011-01-08 12:00:00+00:00,0.1179817914962768,89.59671783447266,2.093870954636747,89.18350982666016
2011-01-08 18:00:00+00:00,0.0791122913360595,86.48748016357422,2.048958742695209,86.2887954711914
2011-01-09 00:00:00+00:00,0.0786874294281005,108.20398712158205,1.843735521398649,108.0041961669922
2011-01-09 06:00:00+00:00,0.0620298385620117,78.7496109008789,2.3251853391471373,78.64429473876953
2011-01-09 12:00:00+00:00,0.0464952588081359,68.80420684814453,2.250083316280651,68.74905395507812
2011-01-09 18:00:00+00:00,0.0625714659690857,224.8423614501953,0.831230214849856,224.71536254882807
2011-01-10 00:00:00+00:00,0.0653546452522277,114.77156829833984,1.7399269168465574,114.63460540771484
2011-01-10 06:00:00+00:00,0.0168359875679016,91.74981689453124,1.6981938380789994,91.742431640625
2011-01-10 12:00:00+00:00,0.0529822707176208,93.80094146728516,1.8859822953745349,93.7228546142578
2011-01-10 18:00:00+00:00,0.0106787681579589,98.4197006225586,1.7322450393600168,98.41620635986328
2011-01-11 00:00:00+00:00,0.0076971054077148,90.5678939819336,1.8544392503057043,90.56605529785156
2011-01-11 06:00:00+00:00,0.0198254585266113,105.48340606689452,1.6782996087317463,105.47169494628906
2011-01-11 12:00:00+00:00,0.0348012447357177,77.58495330810547,1.9634316477461224,77.5510025024414
2011-01-11 18:00:00+00:00,0.0169657468795776,107.40975189208984,1.8074241131811373,107.40056610107422
2011-01-12 00:00:00+00:00,0.038563847541809,111.40341186523438,1.5808040558451923,111.35491943359376
2011-01-12 06:00:00+00:00,0.0284029245376586,111.78363037109376,1.5730381594515528,111.7591781616211
2011-01-12 12:00:00+00:00,0.0600639581680297,115.8021011352539,1.4954664691335189,115.69368743896484
2011-01-12 18:00:00+00:00,0.0648243427276611,112.70953369140624,1.620925685865929,112.5671615600586
2011-01-13 00:00:00+00:00,0.1193373203277587,154.6184844970703,1.7714734289219962,154.0974578857422
2011-01-13 06:00:00+00:00,0.1220710277557373,149.41183471679688,1.292934231014683,148.92442321777344
2011-01-13 12:00:00+00:00,0.1046227216720581,114.8835906982422,1.826374683831032,114.52621459960938
2011-01-14 00:00:00+00:00,0.1207360029220581,117.31602478027344,1.8300636411044675,116.8133316040039
2011-01-14 06:00:00+00:00,0.1479572057723999,146.8473663330078,1.4186139555839374,146.1171875
2011-01-14 12:00:00+00:00,0.1496294736862182,102.44956970214844,2.0627552512786003,101.7285614013672
2011-01-14 18:00:00+00:00,0.174375295639038,111.62714385986328,1.9320896913905208,110.5783462524414
2011-01-15 00:00:00+00:00,0.1551282405853271,131.29347229003906,1.7684101945145745,130.44859313964844
2011-01-15 06:00:00+00:00,0.1938014030456543,124.27760314941406,2.075657635506444,123.0471649169922
2011-01-15 12:00:00+00:00,0.1369374990463256,92.8333969116211,2.153156078222852,92.24774932861328
2011-01-15 18:00:00+00:00,0.1803493499755859,125.47547912597656,1.9524121063387128,124.3398666381836
2011-01-16 00:00:00+00:00,0.1785717010498047,111.3742904663086,1.9760042287987196,110.31832885742188
2011-01-16 06:00:00+00:00,0.213802695274353,156.60183715820312,1.4689632455627628,155.152099609375
2011-01-16 12:00:00+00:00,0.1549931764602661,109.69487762451172,1.971867233064636,108.9733657836914
2011-01-16 18:00:00+00:00,0.1648416519165039,154.2545166015625,1.4065682313674717,153.34738159179688
2011-01-17 00:00:00+00:00,0.1453611850738525,141.2501678466797,1.1959935128836492,140.59584045410156
2011-01-17 06:00:00+00:00,0.1975864171981811,331.7168884277344,1.028243698018952,330.44091796875
2011-01-17 12:00:00+00:00,0.1606332063674926,87.69878387451172,1.6359624848551104,86.95536804199219
2011-01-17 18:00:00+00:00,0.14467453956604,142.82969665527344,1.426743930113327,142.11737060546875
2011-01-18 00:00:00+00:00,0.12887704372406,107.7527313232422,1.6338147010577146,107.23430633544922
2011-01-18 06:00:00+00:00,0.1698623895645141,149.70738220214844,1.4588467354327834,148.79885864257812
2011-01-18 12:00:00+00:00,0.1777553558349609,360.6227416992188,1.0289606319551263,359.5340881347656
2011-01-18 18:00:00+00:00,0.1459847688674926,172.37733459472656,1.2210801162217697,171.62384033203125
2011-01-19 00:00:00+00:00,0.1702635288238525,347.73797607421875,1.00189625474511,346.79998779296875
2011-01-19 06:00:00+00:00,0.1409447193145752,160.20375061035156,1.5648645049629903,159.49200439453125
2011-01-19 12:00:00+00:00,0.2307350635528564,411.9753723144531,1.0045765924032908,410.3083190917969
2011-01-19 18:00:00+00:00,0.0751310586929321,85.25240325927734,1.8133781983791344,85.08432006835938
2011-01-20 00:00:00+00:00,0.1602307558059692,161.47650146484375,1.57888726169189,160.72715759277344
2011-01-20 06:00:00+00:00,0.0984759330749511,66.69283294677734,2.252631843457098,66.44007873535156
2011-01-20 12:00:00+00:00,0.1758091449737548,221.54075622558597,1.4512717789782332,220.6421661376953
2011-01-20 18:00:00+00:00,0.1669620275497436,52.35400390625,3.0360062532849077,51.584285736083984
2011-01-21 00:00:00+00:00,0.2389004230499267,289.7318725585937,1.4306049913203018,288.0263977050781
2011-01-21 06:00:00+00:00,0.1130622625350952,69.05780029296875,2.247348171138271,68.72403717041016
2011-01-21 12:00:00+00:00,0.2179889678955078,267.05523681640625,1.504962304544737,265.7130432128906
2011-01-21 18:00:00+00:00,0.2411973476409912,1029.1331787109375,0.9945641616691654,1026.8248291015625
2011-01-22 00:00:00+00:00,0.143456220626831,350.4239196777344,1.5961002341709585,349.5845031738281
2011-01-22 06:00:00+00:00,0.1957671642303466,475.8252868652344,1.142038429655328,474.7681579589844
2011-01-22 12:00:00+00:00,0.0598748922348022,60.12005615234375,2.28297477250968,60.04216766357422
2011-01-22 18:00:00+00:00,0.1565407514572143,338.67926025390625,1.410096676737514,337.9300842285156
2011-01-23 00:00:00+00:00,0.0411630868911743,65.67793273925781,2.3696825363324336,65.6355972290039
2011-01-23 06:00:00+00:00,0.1132878065109252,36.42431640625,3.712548461639056,36.15280532836914
2011-01-23 12:00:00+00:00,0.142461895942688,57.6923828125,3.054739669083075,57.14388275146485
2011-01-23 18:00:00+00:00,0.0109078288078308,968.24365234375,0.778682887565161,968.2401733398438
2011-01-24 00:00:00+00:00,0.0772980451583862,39.07099151611328,3.2104851125644003,38.94246292114258
2011-01-24 06:00:00+00:00,0.1421005725860595,41.39568328857422,3.267220297175642,40.95565032958984
2011-01-24 12:00:00+00:00,0.1111272573471069,37.9727668762207,3.3186441898883285,37.71730422973633
2011-01-24 18:00:00+00:00,0.1792036294937133,45.17682266235352,3.241300644543623,44.424503326416016
2011-01-25 00:00:00+00:00,0.1822572946548462,244.1818389892578,1.2107475928589773,243.31344604492188
2011-01-25 06:00:00+00:00,0.1468338966369629,44.36916732788086,3.1143649741921493,43.91196060180664
2011-01-25 12:00:00+00:00,0.2406549453735351,39.049903869628906,3.4062685132098114,37.867313385009766
2011-01-25 18:00:00+00:00,0.0937992334365844,44.68715286254883,2.9996491084522194,44.48844909667969
2011-01-26 00:00:00+00:00,0.0748165845870971,44.10347366333008,2.687269081360234,43.97893905639648
2011-01-26 06:00:00+00:00,0.0857802629470825,36.685150146484375,3.2253374410633686,36.53786849975586
2011-01-26 12:00:00+00:00,0.0941731929779052,36.238426208496094,3.09665821622602,36.0726432800293
2011-01-26 18:00:00+00:00,0.1091428995132446,42.07133102416992,2.8278526330623146,41.8200798034668
2011-01-27 00:00:00+00:00,0.0448428392410278,43.38296127319336,2.694282604596579,43.34135055541992
2011-01-27 06:00:00+00:00,0.0293617248535156,39.69560623168945,2.70952618032934,39.679718017578125
2011-01-27 12:00:00+00:00,0.0456225872039794,38.45670700073242,2.248283868779561,38.42124176025391
2011-01-28 00:00:00+00:00,0.0186625719070434,45.98760223388672,2.244609348649793,45.98035430908203
2011-01-28 06:00:00+00:00,0.020565927028656,52.494140625,2.595310619721788,52.4837760925293
2011-01-28 12:00:00+00:00,0.074294626712799,39.36836242675781,2.4426355604175054,39.27141571044922
2011-01-28 18:00:00+00:00,0.071941077709198,62.104103088378906,2.7305785266801497,61.96498489379883
2011-01-29 00:00:00+00:00,0.1179677248001098,71.52862548828125,2.08506487184641,71.20116424560547
2011-01-29 06:00:00+00:00,0.1143462061882019,52.10369110107422,2.2169933900848298,51.84729766845703
2011-01-29 12:00:00+00:00,0.141616404056549,58.79842758178711,2.109925026031025,58.40669250488281
2011-01-29 18:00:00+00:00,0.1203187704086303,119.4497299194336,1.1326606185584511,119.0988311767578
2011-01-30 00:00:00+00:00,0.1382830739021301,70.82852935791016,1.9284638458988088,70.38489532470703
2011-01-30 06:00:00+00:00,0.1228514313697815,76.06924438476562,1.6045483024693157,75.75941467285156
2011-01-30 12:00:00+00:00,0.1295239925384521,59.17477798461914,2.143033315607925,58.84791946411133
2011-01-30 18:00:00+00:00,0.1310620307922363,91.32561492919922,1.5534659317913162,90.93973541259766
2011-01-31 00:00:00+00:00,0.1238631606101989,104.87960052490234,1.2093671334238445,104.50858306884766
2011-01-31 06:00:00+00:00,0.1585855484008789,126.5694580078125,1.3823079454378002,125.98247528076172
2011-01-31 12:00:00+00:00,0.1368941068649292,81.83063507080078,1.7604365214872189,81.4436264038086
2011-01-31 18:00:00+00:00,0.1483571529388427,93.35663604736328,1.6429580078475832,92.82691192626952
2011-02-01 00:00:00+00:00,0.1582759618759155,113.56105041503906,1.5544495018854716,112.95525360107422
2011-02-01 06:00:00+00:00,0.16540420055389404,99.33503723144531,1.6399175993674235,98.67971801757812
2011-02-01 12:00:00+00:00,0.13435804843902588,104.7179183959961,1.4434304220574472,104.22132110595703
2011-02-01 18:00:00+00:00,0.1983165144920349,120.63897705078125,1.4413105534769315,119.66983795166016
2011-02-02 00:00:00+00:00,0.21452754735946655,114.27227783203125,1.3296739127049377,113.26110076904297
2011-02-02 06:00:00+00:00,0.24169641733169556,121.41517639160156,1.6286878835513465,119.94087982177734
2011-02-02 12:00:00+00:00,0.1956579089164734,112.29242706298828,1.474561314756476,111.40483093261719
2011-02-02 18:00:00+00:00,0.2124955654144287,112.67740631103516,1.8615180893332155,111.58808898925781
2011-02-03 00:00:00+00:00,0.21562200784683228,101.9334716796875,1.3696625325769471,100.99276733398438
2011-02-03 06:00:00+00:00,0.1631656289100647,107.95037078857422,1.292968965598781,107.32849884033203
2011-02-03 12:00:00+00:00,0.17625319957733154,119.54598236083984,1.1764667709467387,118.83085632324219
2011-02-03 18:00:00+00:00,0.16489052772521973,109.96179962158203,1.4368554204267965,109.34271240234375
2011-02-04 00:00:00+00:00,0.15591490268707275,128.11463928222656,1.0453711890217086,127.61861419677734
2011-02-04 06:00:00+00:00,0.17317217588424683,67.70446014404297,2.3935195767278064,67.04304504394531
2011-02-04 12:00:00+00:00,0.14230585098266602,68.83057403564453,2.0577674533559174,68.40827178955078
2011-02-04 18:00:00+00:00,0.13460832834243774,76.06844329833984,1.8331959801928384,75.68733215332031
2011-02-05 00:00:00+00:00,0.04264247417449951,162.2503662109375,0.9857439113092725,162.21572875976562
2011-02-05 06:00:00+00:00,0.05190342664718628,40.308135986328125,2.578731948440159,40.26023864746094
2011-02-05 12:00:00+00:00,0.02317291498184204,37.439918518066406,2.6084235429635907,37.430908203125
2011-02-05 18:00:00+00:00,0.02104473114013672,52.27993392944336,1.8637173828283353,52.27229690551758
2011-02-06 00:00:00+00:00,0.03163409233093262,43.28208923339844,2.169527985217968,43.26572036743164
2011-02-06 06:00:00+00:00,0.009543776512145996,37.2362060546875,2.622109758339441,37.234622955322266
2011-02-06 12:00:00+00:00,0.015005648136138916,32.81412887573242,2.6172648706281896,32.81057357788086
2011-02-06 18:00:00+00:00,0.04765975475311279,34.314064025878906,2.7289637450364315,34.2777099609375
2011-02-07 00:00:00+00:00,0.1083822250366211,33.97936248779297,2.4219461670386178,33.7960319519043
2011-02-07 06:00:00+00:00,0.09631717205047607,29.870098114013672,2.8206249978359077,29.73493003845215
2011-02-07 12:00:00+00:00,0.14216649532318115,36.10565948486328,2.660934696564751,35.791107177734375
2011-02-07 18:00:00+00:00,0.11129581928253174,32.782188415527344,2.4555108675191293,32.59949493408203
2011-02-08 00:00:00+00:00,0.13763141632080078,42.8092041015625,2.2394278314873386,42.499298095703125
2011-02-08 06:00:00+00:00,0.09665274620056152,34.168251037597656,2.301464543612705,34.02637481689453
2011-02-08 12:00:00+00:00,0.08420956134796143,31.384300231933594,2.4280310205396667,31.28725814819336
2011-02-08 18:00:00+00:00,0.1419212818145752,41.01396942138672,1.9483717899157074,40.705108642578125
2011-02-09 00:00:00+00:00,0.11674010753631592,43.470664978027344,2.257606955687361,43.24788284301758
2011-02-09 06:00:00+00:00,0.12212920188903809,45.86271286010742,1.9397097020879692,45.62018966674805
2011-02-09 12:00:00+00:00,0.12348878383636475,37.94611740112305,2.0388153102673017,37.72821807861328
2011-02-09 18:00:00+00:00,0.16964077949523926,43.03139114379883,2.088599450053406,42.5576171875
2011-02-10 00:00:00+00:00,0.21872234344482422,55.41089630126953,2.217081995694093,54.54430389404297
2011-02-10 06:00:00+00:00,0.18580341339111328,61.90055465698242,1.6667702287518344,61.25310134887695
2011-02-10 12:00:00+00:00,0.15254831314086914,41.12396240234375,2.2059194550707826,40.746498107910156
2011-02-10 18:00:00+00:00,0.17204523086547852,42.69717025756836,2.9750353492549406,42.112728118896484
2011-02-11 00:00:00+00:00,0.2074335813522339,47.291481018066406,2.4229562019064286,46.522151947021484
2011-02-11 06:00:00+00:00,0.20948004722595215,56.665584564208984,2.1336486709359335,55.796817779541016
2011-02-11 12:00:00+00:00,0.2291114330291748,61.94995880126953,1.8475156103411277,60.9766960144043
2011-02-11 18:00:00+00:00,0.18210077285766602,47.44075012207031,2.3628957812796108,46.848060607910156
2011-02-12 00:00:00+00:00,0.19319403171539307,37.238407135009766,2.5847876003710457,36.60989761352539
2011-02-12 06:00:00+00:00,0.2162938117980957,51.13640213012695,2.049350007902718,50.183502197265625
2011-02-12 12:00:00+00:00,0.23482906818389893,34.246437072753906,3.0139920969632072,33.34339141845703
2011-02-12 18:00:00+00:00,0.21841025352478027,39.76618576049805,2.5623493425994384,38.923946380615234
2011-02-13 00:00:00+00:00,0.21059298515319824,45.92174530029297,2.546531839793706,45.128944396972656
2011-02-13 06:00:00+00:00,0.23551428318023682,88.14158630371094,1.4807210289141444,86.95177459716797
2011-02-13 12:00:00+00:00,0.20222747325897217,46.0520133972168,2.3771561735643933,45.25613784790039
2011-02-13 18:00:00+00:00,0.24074792861938477,39.627506256103516,3.1912610064965605,38.51007080078125
2011-02-14 00:00:00+00:00,0.21969401836395264,41.344112396240234,2.658631942803589,40.50657272338867
2011-02-14 06:00:00+00:00,0.22918248176574707,231.54888916015625,0.9496245496887781,230.30799865722656
2011-02-14 12:00:00+00:00,0.24061119556427002,218.85438537597656,0.8741249160562571,217.72166442871094
2011-02-14 18:00:00+00:00,0.23020386695861816,44.03768539428711,2.2195249747599592,43.070987701416016
2011-02-15 00:00:00+00:00,0.22042632102966309,80.2335205078125,1.403360851344637,79.33289337158203
2011-02-15 06:00:00+00:00,0.15216660499572754,319.1349792480469,0.7164845763202543,318.60272216796875
2011-02-15 12:00:00+00:00,0.2339569330215454,188.2318572998047,0.9861675664824205,187.03240966796875
2011-02-15 18:00:00+00:00,0.193312406539917,83.32666015625,1.4334705316092011,82.57666015625
2011-02-16 00:00:00+00:00,0.19719016551971436,260.9436340332031,1.0003778278631792,259.8515930175781
2011-02-16 06:00:00+00:00,0.2188420295715332,56.27517318725586,2.3384950753209015,55.161502838134766
2011-02-16 12:00:00+00:00,0.20223188400268555,44.11112594604492,2.937529224246885,43.22760772705078
2011-02-16 18:00:00+00:00,0.2423921823501587,240.81382751464844,0.9232847265813111,239.45742797851562
2011-02-17 00:00:00+00:00,0.11514687538146973,531.8311767578125,0.6873904460673548,531.4908447265625
2011-02-17 06:00:00+00:00,0.19387924671173096,49.5034294128418,3.0449180039507633,48.58415222167969
2011-02-17 12:00:00+00:00,0.15437090396881104,44.19298553466797,3.119373476782173,43.644046783447266
2011-02-17 18:00:00+00:00,0.18791675567626953,42.68153381347656,2.892783684560901,41.900840759277344
2011-02-18 00:00:00+00:00,0.14610552787780762,76.72643280029297,1.868393148121825,76.2234878540039
2011-02-18 06:00:00+00:00,0.19061362743377686,46.054569244384766,3.256466179786413,45.154518127441406
2011-02-18 12:00:00+00:00,0.1763448715209961,51.13692855834961,3.0913163883971726,50.37398147583008
2011-02-18 18:00:00+00:00,0.14083480834960938,51.85397720336914,2.5956947713308223,51.39868927001953
2011-02-19 00:00:00+00:00,0.12460148334503174,43.898685455322266,3.1441747474648043,43.55813980102539
2011-02-19 06:00:00+00:00,0.137689471244812,60.86980056762695,2.2860892850528645,60.39338302612305
2011-02-19 12:00:00+00:00,0.1262267827987671,47.024658203125,3.1872776074234426,46.6521110534668
2011-02-19 18:00:00+00:00,0.19583988189697266,53.32015609741211,3.380968355212988,52.310699462890625
2011-02-20 00:00:00+00:00,0.13158297538757324,45.36791229248047,3.0188778039201285,44.98530960083008
2011-02-20 06:00:00+00:00,0.10539364814758301,107.29548645019531,1.6581167346427574,107.0362548828125
2011-02-20 12:00:00+00:00,0.24060869216918945,691.3621215820312,0.744865046381256,689.9623413085938
2011-02-20 18:00:00+00:00,0.1728651523590088,47.72174072265625,2.9886054643224123,47.061710357666016
2011-02-21 00:00:00+00:00,0.17360377311706543,50.38694763183594,2.1974014378485434,49.84142303466797
2011-02-21 06:00:00+00:00,0.14152705669403076,36.22187423706055,2.8849297339487525,35.88516616821289
2011-02-21 12:00:00+00:00,0.12449085712432861,77.87521362304688,1.6447750575197564,77.59548950195312
2011-02-21 18:00:00+00:00,0.023480653762817383,235.86720275878906,1.181141279480442,235.85501098632812
2011-02-22 00:00:00+00:00,0.08792638778686523,34.30486297607422,3.1288622202532372,34.171142578125
2011-02-22 06:00:00+00:00,0.12070560455322266,91.9676742553711,1.5722845635966785,91.68975067138672
2011-02-22 12:00:00+00:00,0.09763550758361816,30.031435012817383,3.353958306658103,29.871578216552734
2011-02-22 18:00:00+00:00,0.07670044898986816,73.12759399414062,1.714865624939911,73.0166244506836
2011-02-23 00:00:00+00:00,0.0646517276763916,170.5821075439453,1.340976088470774,170.49609375
2011-02-23 06:00:00+00:00,0.08523142337799072,33.896942138671875,2.835797984749151,33.767791748046875
2011-02-23 12:00:00+00:00,0.03277003765106201,31.745628356933594,2.7143467866242874,31.728679656982422
2011-02-23 18:00:00+00:00,0.01754939556121826,60.5584716796875,1.5765108280660347,60.55259704589844
2011-02-24 00:00:00+00:00,0.009818792343139648,97.74779510498047,1.4745310662530795,97.74592590332031
2011-02-24 06:00:00+00:00,0.08609557151794434,42.439903259277344,2.3274342907321004,42.31257629394531
2011-02-24 12:00:00+00:00,0.03491741418838501,37.16433334350586,2.2290000679055137,37.144256591796875
2011-02-24 18:00:00+00:00,0.04921364784240723,66.46424102783203,1.5979354945316293,66.41806030273438
2011-02-25 00:00:00+00:00,0.11761695146560669,48.87125778198242,2.326610848108305,48.60083770751953
2011-02-25 06:00:00+00:00,0.16156327724456787,68.18067169189453,1.9986142463768541,67.65531158447266
2011-02-25 12:00:00+00:00,0.12150418758392334,48.79114532470703,2.4665219317655143,48.51477813720703
2011-02-25 18:00:00+00:00,0.1898881196975708,61.47536087036133,2.2195439946584736,60.74774169921875
2011-02-26 00:00:00+00:00,0.18592488765716553,54.23618698120117,2.031244056709208,53.5503044128418
2011-02-26 06:00:00+00:00,0.18666571378707886,61.546722412109375,2.6826418447126956,60.69775390625
2011-02-26 12:00:00+00:00,0.17505913972854614,60.10114288330078,1.6532970334381185,59.57067108154297
2011-02-26 18:00:00+00:00,0.1681983470916748,54.21135711669922,2.3711490207690122,53.68345260620117
2011-02-27 00:00:00+00:00,0.18677258491516113,59.714412689208984,1.6635847645427153,59.08475875854492
2011-02-27 06:00:00+00:00,0.18794435262680054,59.54879379272461,2.017956613695728,58.88082504272461
2011-02-27 12:00:00+00:00,0.24498236179351807,64.32331085205078,2.149435993580486,63.237247467041016
2011-02-27 18:00:00+00:00,0.25799262523651123,71.96061706542969,2.1590135109979265,70.66445922851562
2011-02-28 00:00:00+00:00,0.22309958934783936,66.32465362548828,1.7670838082299214,65.49468231201172
2011-02-28 06:00:00+00:00,0.25233423709869385,70.84819030761719,2.236243717703765,69.5945053100586
2011-02-28 12:00:00+00:00,0.27576595544815063,72.72212219238281,2.051258956975463,71.38169860839844
2011-02-28 18:00:00+00:00,0.2518833875656128,84.43742370605469,2.0078510036346042,83.18277740478516
2011-03-01 00:00:00+00:00,0.26805299520492554,63.381690979003906,2.094761146469708,62.21990203857422
2011-03-01 06:00:00+00:00,0.26859718561172485,82.1529541015625,1.773505808444528,80.69422912597656
2011-03-01 12:00:00+00:00,0.28771454095840454,105.75707244873047,1.720801464946044,104.1561279296875
2011-03-01 18:00:00+00:00,0.27197545766830444,112.91138458251953,1.9377154229344946,111.419677734375
2011-03-02 00:00:00+00:00,0.23077380657196045,86.31745910644531,1.9891334849960622,85.19834899902344
2011-03-02 06:00:00+00:00,0.2643190026283264,75.33625793457031,1.7991311861519377,73.9638442993164
2011-03-02 12:00:00+00:00,0.28138846158981323,64.90059661865234,2.3293695797890357,63.4251823425293
2011-03-02 18:00:00+00:00,0.24978917837142944,68.64554595947266,2.1429208345389945,67.48834991455078
2011-03-03 00:00:00+00:00,0.2704055905342102,69.99557495117188,2.1777761685559356,68.54454803466797
2011-03-03 06:00:00+00:00,0.15625280141830444,99.23595428466797,1.420970739445964,98.68212890625
2011-03-03 12:00:00+00:00,0.22329163551330566,58.1016960144043,2.594640241000798,57.122718811035156
2011-03-03 18:00:00+00:00,0.14433562755584717,49.6469841003418,2.35727032807021,49.27259063720703
2011-03-04 00:00:00+00:00,0.08200788497924805,38.06598663330078,2.940152377325855,37.9593391418457
2011-03-04 06:00:00+00:00,0.0432814359664917,36.58287811279297,2.680795931872571,36.55156326293945
2011-03-04 12:00:00+00:00,0.044872403144836426,34.99081802368164,2.9031547558112543,34.95732116699219
2011-03-04 18:00:00+00:00,0.06139576435089111,34.20482635498047,3.1165270152506985,34.141971588134766
2011-03-05 00:00:00+00:00,0.19579672813415527,31.187307357788086,3.0453054446549586,30.58272933959961
2011-03-05 06:00:00+00:00,0.13441228866577148,35.28295135498047,2.704915106229621,34.98672866821289
2011-03-05 12:00:00+00:00,0.23349463939666748,28.842519760131836,3.158592321063596,28.017343521118164
2011-03-05 18:00:00+00:00,0.27541351318359375,26.99142074584961,3.2957473562319626,25.904788970947266
2011-03-06 00:00:00+00:00,0.13182854652404785,28.604347229003906,3.054633327735131,28.337596893310547
2011-03-06 06:00:00+00:00,0.1408984661102295,31.737430572509766,3.2766810622586364,31.395631790161133
2011-03-06 12:00:00+00:00,0.10590171813964844,165.48255920410156,1.1934183183986138,165.27919006347656
2011-03-06 18:00:00+00:00,0.10080289840698242,31.971847534179688,3.0445746180509734,31.80948829650879
2011-03-07 00:00:00+00:00,0.0196533203125,457.2831115722656,0.5948584854418342,457.2751770019531
2011-03-07 06:00:00+00:00,0.11123442649841309,86.02658081054688,1.2397490400771214,85.8027572631836
2011-03-07 12:00:00+00:00,0.16308796405792236,109.4451904296875,1.0627091380034444,108.9778060913086
2011-03-07 18:00:00+00:00,0.14213252067565918,97.23723602294922,1.196815494596528,96.8663101196289
2011-03-08 00:00:00+00:00,0.19648265838623047,37.11845779418945,2.694808083883605,36.455440521240234
2011-03-08 06:00:00+00:00,0.10018253326416016,218.53079223632812,0.9281674493039431,218.31939697265625
2011-03-08 12:00:00+00:00,0.06722807884216309,417.2701721191406,0.8705360955091207,417.17474365234375
2011-03-08 18:00:00+00:00,0.1951143741607666,41.14527893066406,2.81407497921749,40.47736358642578
2011-03-09 00:00:00+00:00,0.04519951343536377,346.8759460449219,0.8667600526789445,346.8363952636719
2011-03-09 06:00:00+00:00,0.21225178241729736,41.502925872802734,2.6722997412575196,40.69461441040039
2011-03-09 12:00:00+00:00,0.1702786684036255,35.33223342895508,2.8596611095623996,34.883277893066406
2011-03-09 18:00:00+00:00,0.19440853595733643,103.72570037841797,1.189960175857124,103.0234375
2011-03-10 00:00:00+00:00,0.2090158462524414,40.675697326660156,2.5861061117579935,39.974708557128906
2011-03-10 06:00:00+00:00,0.20074844360351562,59.03639602661133,1.9384768923092202,58.215476989746094
2011-03-10 12:00:00+00:00,0.1930180788040161,54.94874954223633,1.7718769205935465,54.27275466918945
2011-03-10 18:00:00+00:00,0.23874402046203613,55.28011703491211,2.343951966434323,54.130393981933594
2011-03-11 00:00:00+00:00,0.19896280765533447,73.38310241699219,1.523441409409652,72.6174545288086
2011-03-11 06:00:00+00:00,0.2737041711807251,62.47556686401367,2.4122432237040115,60.80916213989258
2011-03-11 12:00:00+00:00,0.20383226871490479,181.45147705078125,0.9987608944077395,180.5682373046875
2011-03-11 18:00:00+00:00,0.2182157039642334,63.671485900878906,1.8324986210076075,62.704734802246094
2011-03-12 00:00:00+00:00,0.1685788631439209,229.0994110107422,0.9333249212748606,228.50338745117188
2011-03-12 06:00:00+00:00,0.23327374458312988,60.809295654296875,2.454690265499669,59.64321517944336
2011-03-12 12:00:00+00:00,0.2393646240234375,59.63187789916992,1.9826131730702516,58.53630065917969
2011-03-12 18:00:00+00:00,0.1977543830871582,40.879661560058594,2.75047926156543,40.172752380371094
2011-03-13 00:00:00+00:00,0.24758410453796387,56.247833251953125,2.12724065182641,55.112754821777344
2011-03-13 06:00:00+00:00,0.19099128246307373,49.08504867553711,2.587649018314967,48.31708526611328
2011-03-13 12:00:00+00:00,0.207045316696167,40.73033905029297,2.475252074657581,39.95037841796875
2011-03-13 18:00:00+00:00,0.19999539852142334,49.50887680053711,2.530190229792515,48.66504669189453
2011-03-14 00:00:00+00:00,0.16367876529693604,41.010765075683594,2.914792320618037,40.51492691040039
2011-03-14 06:00:00+00:00,0.16217315196990967,47.29903030395508,2.6425291141417357,46.741111755371094
2011-03-14 12:00:00+00:00,0.20361733436584473,84.90864562988281,1.3843018448103128,84.05748748779297
2011-03-14 18:00:00+00:00,0.2075345516204834,46.48216247558594,2.478534041790742,45.61569595336914
2011-03-15 00:00:00+00:00,0.24171292781829834,65.49456787109375,1.7063002160183247,64.31353759765625
2011-03-15 06:00:00+00:00,0.17157554626464844,47.67717742919922,2.5654282335976495,47.05581283569336
2011-03-15 12:00:00+00:00,0.2231208086013794,45.056968688964844,2.6314713979089888,44.01995849609375
2011-03-15 18:00:00+00:00,0.1676701307296753,40.713890075683594,3.24545646341317,40.10194396972656
2011-03-16 00:00:00+00:00,0.1681598424911499,41.69838333129883,2.5726612812795766,41.13325500488281
2011-03-16 06:00:00+00:00,0.19152820110321045,50.473751068115234,2.729023020136671,49.64986801147461
2011-03-16 12:00:00+00:00,0.1802157163619995,39.42472457885742,3.2509733033523474,38.76655960083008
2011-03-16 18:00:00+00:00,0.20587170124053955,45.16335678100586,2.788040949227941,44.20674514770508
2011-03-17 00:00:00+00:00,0.19578492641448975,40.74888610839844,3.0270156605899903,40.001991271972656
2011-03-17 06:00:00+00:00,0.19358885288238525,49.136905670166016,2.6747612148069284,48.345298767089844
2011-03-17 12:00:00+00:00,0.17148184776306152,40.5424690246582,2.6318903433846086,39.99755096435547
2011-03-17 18:00:00+00:00,0.20176541805267334,58.15400314331055,2.307164998877357,57.27109146118164
2011-03-18 00:00:00+00:00,0.1737351417541504,49.51486587524414,2.4057896091532136,48.962677001953125
2011-03-18 06:00:00+00:00,0.24785172939300537,57.90324020385742,2.279467472597555,56.68549346923828
2011-03-18 12:00:00+00:00,0.22683274745941162,45.350486755371094,2.4261934682704664,44.44417190551758
2011-03-18 18:00:00+00:00,0.19346153736114502,55.41983413696289,2.8551604890138655,54.556396484375
2011-03-19 00:00:00+00:00,0.22003841400146484,43.85161590576172,2.5630447126836406,43.03572463989258
2011-03-19 06:00:00+00:00,0.22963178157806396,49.43654251098633,2.2368122959542283,48.44865417480469
2011-03-19 12:00:00+00:00,0.24570858478546143,50.9046630859375,2.042081047410114,49.904483795166016
2011-03-19 18:00:00+00:00,0.24968039989471436,61.18296432495117,1.708585860837618,59.96965408325195
2011-03-20 00:00:00+00:00,0.19717955589294434,59.68833541870117,2.3954572101031832,58.81633377075195
2011-03-20 06:00:00+00:00,0.2738548517227173,60.71896743774414,2.1164836644496,59.331520080566406
2011-03-20 12:00:00+00:00,0.22645390033721924,64.9094009399414,1.9843219993644932,64.0283203125
2011-03-20 18:00:00+00:00,0.2897679805755615,52.460872650146484,2.530451546235893,50.78923416137695
2011-03-21 00:00:00+00:00,0.23637890815734863,54.073211669921875,2.481055575132415,53.016075134277344
2011-03-21 06:00:00+00:00,0.25038719177246094,49.36200714111328,2.13540689063597,48.182701110839844
2011-03-21 12:00:00+00:00,0.24139976501464844,54.400020599365234,2.192802555763359,53.31269073486328
2011-03-21 18:00:00+00:00,0.2629861831665039,67.4134750366211,2.0463350904236766,66.05147552490234
2011-03-22 00:00:00+00:00,0.2294398546218872,47.38907241821289,2.37575655921316,46.460205078125
2011-03-22 06:00:00+00:00,0.22780895233154297,54.96281814575195,2.4683269464380997,53.82586669921875
2011-03-22 12:00:00+00:00,0.21172869205474854,40.66501998901367,3.007246419825362,39.898902893066406
2011-03-22 18:00:00+00:00,0.17596924304962158,34.18653869628906,2.927824547127559,33.655887603759766
2011-03-23 00:00:00+00:00,0.11709892749786377,32.680850982666016,2.8418414284745417,32.461483001708984
2011-03-23 06:00:00+00:00,0.10619950294494629,30.252653121948242,2.403937308715285,30.07684898376465
2011-03-23 12:00:00+00:00,0.13041973114013672,31.021041870117188,2.683056284903515,30.758193969726562
2011-03-23 18:00:00+00:00,0.15563523769378662,34.54108428955078,2.462669841295192,34.16155242919922
2011-03-24 00:00:00+00:00,0.129957914352417,79.86695098876953,1.3762613123286132,79.58317565917969
2011-03-24 06:00:00+00:00,0.17537641525268555,32.192989349365234,2.922184899059873,31.68379783630371
2011-03-24 12:00:00+00:00,0.1543489694595337,35.99543380737305,3.0009133563479935,35.592491149902344
2011-03-24 18:00:00+00:00,0.11712849140167236,36.27804946899414,2.495707897994535,36.04212951660156
2011-03-25 00:00:00+00:00,0.0827341079711914,34.79072952270508,2.7110747695671487,34.6770133972168
2011-03-25 06:00:00+00:00,0.09403562545776367,42.00663757324219,2.4151814377103324,41.845340728759766
2011-03-25 12:00:00+00:00,0.05609714984893799,45.15311813354492,2.1172692971349476,45.100975036621094
2011-03-25 18:00:00+00:00,0.054149746894836426,34.11683654785156,2.7844498000347437,34.0685920715332
2011-03-26 00:00:00+00:00,0.014483511447906494,40.87052917480469,1.927997024501109,40.8671875
2011-03-26 06:00:00+00:00,0.029334545135498047,48.25690460205078,2.4133630027382025,48.24059295654297
2011-03-26 12:00:00+00:00,0.11436784267425537,54.61000061035156,1.9461141346624378,54.392066955566406
2011-03-26 18:00:00+00:00,0.0051233768463134766,66.52700805664062,2.362473173586606,66.52642822265625
2011-03-27 00:00:00+00:00,0.055765390396118164,56.228302001953125,2.22613823596539,56.1734733581543
2011-03-27 06:00:00+00:00,0.06911009550094604,135.8108673095703,1.7272320993985113,135.69631958007812
2011-03-27 12:00:00+00:00,0.029896855354309082,49.86853790283203,2.235052128516136,49.85311508178711
2011-03-27 18:00:00+00:00,0.032800495624542236,90.95921325683594,2.1008582884910125,90.93910217285156
2011-03-28 00:00:00+00:00,0.047470688819885254,75.41143035888672,2.2478269726216773,75.36602783203125
2011-03-28 06:00:00+00:00,0.055936336517333984,956.3077392578125,0.7109951021928259,956.1986694335938
2011-03-28 12:00:00+00:00,0.16424715518951416,1057.6842041015625,0.7777584760177172,1056.822998046875
2011-03-28 18:00:00+00:00,0.004448294639587402,48.2166862487793,2.872092880669427,48.21625900268555
2011-03-29 00:00:00+00:00,0.06041920185089111,48.903160095214844,2.8208726890782407,48.81565475463867
2011-03-29 06:00:00+00:00,0.20245671272277832,39.13298034667969,3.772691144144088,38.22213363647461
2011-03-29 12:00:00+00:00,0.07847988605499268,32.48973846435547,4.069585694525288,32.373130798339844
2011-03-29 18:00:00+00:00,0.298414945602417,125.4776611328125,2.160815103159919,123.29669952392578
2011-03-30 00:00:00+00:00,0.05913352966308594,36.23048782348633,3.808167630179325,36.15835189819336
2011-03-30 06:00:00+00:00,0.2917548418045044,35.82317352294922,3.8515991154570774,34.066734313964844
2011-03-30 12:00:00+00:00,0.13841867446899414,30.98352813720703,3.8509054096399242,30.643753051757812
2011-03-30 18:00:00+00:00,0.15164363384246826,38.17127990722656,3.875238258238117,37.648685455322266
2011-03-31 00:00:00+00:00,0.021695852279663086,44.4547233581543,3.3622645572855054,44.44346618652344
2011-03-31 06:00:00+00:00,0.06490707397460938,39.655792236328125,3.1849577524310266,39.57102584838867
2011-03-31 12:00:00+00:00,0.11954450607299805,35.185035705566406,3.694391354175824,34.904212951660156
2011-03-31 18:00:00+00:00,0.10070514678955078,35.30866241455078,3.8266496232986866,35.09044647216797
2011-04-01 00:00:00+00:00,0.2077428102493286,43.61652755737305,3.177170015991758,42.71085739135742
2011-04-01 06:00:00+00:00,0.17125862836837769,2915.064208984375,0.4726485298474303,2914.041015625
2011-04-01 12:00:00+00:00,0.0406193733215332,30.921728134155273,3.6444555534797196,30.893388748168945
2011-04-01 18:00:00+00:00,0.04287755489349365,33.37892150878906,3.796480580769291,33.34269714355469
2011-04-02 00:00:00+00:00,0.04588133096694946,29.511499404907227,3.657121643221453,29.47494125366211
2011-04-02 06:00:00+00:00,0.10159730911254883,121.71730041503906,1.702112164888598,121.5358657836914
2011-04-02 12:00:00+00:00,0.00034105777740478516,27.90336799621582,3.358042483931285,27.903362274169922
2011-04-02 18:00:00+00:00,0.08839279413223267,1616.0316162109375,0.7278524101068718,1615.82958984375
2011-04-03 00:00:00+00:00,0.04512643814086914,28.22800636291504,3.6716947324142355,28.19425392150879
2011-04-03 06:00:00+00:00,0.05475282669067383,29.87002944946289,2.855536831460182,29.825639724731445
2011-04-03 12:00:00+00:00,0.00039076805114746094,75.4655532836914,1.7363145967699352,75.46553802490234
2011-04-03 18:00:00+00:00,0.07050740718841553,30.245601654052734,3.419355132885406,30.163938522338867
2011-04-04 00:00:00+00:00,0.010695695877075195,34.34273910522461,2.4305434508018395,34.34100341796875
2011-04-04 06:00:00+00:00,0.04360854625701904,30.5222110748291,3.189302127723065,30.490026473999023
2011-04-04 12:00:00+00:00,0.1056293249130249,30.713171005249023,2.96274960930264,30.53693389892578
2011-04-04 18:00:00+00:00,0.15520477294921875,33.823974609375,3.392532142047188,33.37843704223633
2011-04-05 00:00:00+00:00,0.11961197853088379,41.37055587768555,2.6768369417321267,41.10939407348633
2011-04-05 06:00:00+00:00,0.10598719120025635,43.30805206298828,2.75274261993228,43.093292236328125
2011-04-05 12:00:00+00:00,0.09461605548858643,36.067081451416016,2.302034915176971,35.92438507080078
2011-04-05 18:00:00+00:00,0.11894500255584717,47.69956588745117,2.3119761497119544,47.427433013916016
2011-04-06 00:00:00+00:00,0.22332310676574707,39.6367301940918,2.3561804301865705,38.8187370300293
2011-04-06 12:00:00+00:00,0.18157196044921875,43.550941467285156,2.436585380729459,43.01804733276367
2011-04-06 18:00:00+00:00,0.19124233722686768,63.522071838378906,2.358661484112644,62.806671142578125
2011-04-07 00:00:00+00:00,0.2246077060699463,51.06854248046875,2.1319551789853106,50.20081329345703
2011-04-07 06:00:00+00:00,0.21639978885650635,63.33047866821289,2.37431574453296,62.40437698364258
2011-04-07 12:00:00+00:00,0.2064533233642578,44.20553970336914,2.4507177321117846,43.51400375366211
2011-04-07 18:00:00+00:00,0.2615762948989868,77.1051254272461,1.7752372025218601,75.73834991455078
2011-04-08 00:00:00+00:00,0.1964263916015625,59.087623596191406,2.170578812966059,58.41891098022461
2011-04-08 06:00:00+00:00,0.20853936672210693,91.3270492553711,1.645390150966438,90.45421600341797
2011-04-08 12:00:00+00:00,0.22594451904296875,54.268707275390625,2.250763953021857,53.21193313598633
2011-04-08 18:00:00+00:00,0.23943376541137695,50.10163879394531,2.4410349044525823,49.04825210571289
2011-04-09 00:00:00+00:00,0.18012630939483643,78.2587661743164,1.5500759965055682,77.68524932861328
2011-04-09 06:00:00+00:00,0.21438634395599365,45.99467086791992,2.5217684228039263,45.16400146484375
2011-04-09 12:00:00+00:00,0.20660746097564697,42.88009262084961,2.5541519479334087,42.16415023803711
2011-04-09 18:00:00+00:00,0.1753782033920288,73.8648681640625,1.6217104469204404,73.29545593261719
2011-04-10 00:00:00+00:00,0.23171567916870117,57.111026763916016,2.1323588442718053,56.18766403198242
2011-04-10 06:00:00+00:00,0.2057023048400879,61.05164337158203,2.195491230683528,60.24957275390625
2011-04-10 12:00:00+00:00,0.2560631036758423,58.82240676879883,2.2099259782346565,57.617958068847656
2011-04-10 18:00:00+00:00,0.2622642517089844,37.78443908691406,3.1206104231275273,36.57521438598633
2011-04-11 00:00:00+00:00,0.20932090282440186,32.22397994995117,2.8031039973264984,31.555683135986328
2011-04-11 06:00:00+00:00,0.22960102558135986,34.6791877746582,3.2330884209160407,33.80533981323242
2011-04-11 12:00:00+00:00,0.20756709575653076,39.53401184082031,2.1573067799286463,38.778587341308594
2011-04-11 18:00:00+00:00,0.2551999092102051,32.981773376464844,3.144393229391879,31.874753952026367
2011-04-12 00:00:00+00:00,0.23179197311401367,40.73530578613281,2.2973989758897515,39.867252349853516
2011-04-12 06:00:00+00:00,0.11285006999969482,120.89742279052734,1.2657312909987184,120.6601333618164
2011-04-12 12:00:00+00:00,0.12120187282562256,114.36683654785156,1.216477004773507,114.11897277832031
2011-04-12 18:00:00+00:00,0.19445955753326416,43.36808395385742,2.841296068255477,42.670082092285156
2011-04-13 00:00:00+00:00,0.10134291648864746,114.94056701660156,1.207805740193168,114.75695037841797
2011-04-13 06:00:00+00:00,0.1630321741104126,34.232940673828125,2.976218601409837,33.77676010131836
2011-04-13 12:00:00+00:00,0.16487324237823486,30.56440544128418,2.7979405114902614,30.141597747802734
2011-04-14 06:00:00+00:00,0.17636001110076904,40.004154205322266,2.2040384158724358,39.4533805847168
2011-04-14 12:00:00+00:00,0.15498363971710205,78.39952850341797,1.3037358681976936,77.99752807617188
2011-04-14 18:00:00+00:00,0.19777190685272217,38.5025749206543,2.5141849558439455,37.854427337646484
2011-04-15 00:00:00+00:00,0.20734071731567383,38.935115814208984,2.2102288621075306,38.24998092651367
2011-04-15 06:00:00+00:00,0.17816102504730225,37.30252456665039,2.586697135465044,36.739776611328125
2011-04-15 12:00:00+00:00,0.20086264610290527,37.30931854248047,2.5167817368638667,36.668785095214844
2011-04-15 18:00:00+00:00,0.13860607147216797,76.9104232788086,1.3875466685673408,76.5661849975586
2011-04-16 00:00:00+00:00,0.19349050521850586,39.45463943481445,2.4425590852697576,38.88856887817383
2011-04-16 06:00:00+00:00,0.18216288089752197,43.32644271850586,2.140378888508808,42.7317008972168
2011-04-16 12:00:00+00:00,0.1837095022201538,371.0068359375,0.46003396378135725,370.3723449707031
2011-04-16 18:00:00+00:00,0.18750393390655518,52.41002655029297,2.3053559717475984,51.79518127441406
2011-04-17 00:00:00+00:00,0.17826664447784424,63.33304214477539,1.8023686489223865,62.66695022583008
2011-04-17 06:00:00+00:00,0.1800854206085205,43.300071716308594,2.2971979170198074,42.74036407470703
2011-04-17 12:00:00+00:00,0.23314762115478516,38.90541458129883,2.565349412677178,38.00264358520508
2011-04-17 18:00:00+00:00,0.2346271276473999,40.64940643310547,2.316980535726498,39.71711349487305
2011-04-18 00:00:00+00:00,0.214829683303833,49.72486877441406,2.204367708303574,48.94041061401367
2011-04-18 06:00:00+00:00,0.22726023197174072,64.70893096923828,1.56398042569716,63.711002349853516
2011-04-18 12:00:00+00:00,0.16117465496063232,46.328834533691406,1.9497939744728578,45.85762405395508
2011-04-18 18:00:00+00:00,0.1687467098236084,37.1677360534668,2.765823407812861,36.662567138671875
2011-04-19 00:00:00+00:00,0.18257391452789307,45.51702880859375,2.2479217245167473,44.92472457885742
2011-04-19 06:00:00+00:00,0.20242655277252197,43.882911682128906,2.736491509507995,43.08779525756836
2011-04-19 12:00:00+00:00,0.18733274936676025,39.78455352783203,2.4085982348998214,39.16282272338867
2011-04-19 18:00:00+00:00,0.16801798343658447,51.35307693481445,2.1148457859504735,50.79465866088867
2011-04-20 00:00:00+00:00,0.16956877708435059,39.59992599487305,2.720049041130992,39.088783264160156
2011-04-20 06:00:00+00:00,0.1502079963684082,245.77001953125,0.9107810509200723,245.2734832763672
2011-04-20 12:00:00+00:00,0.23215413093566895,42.933921813964844,2.3950771008683085,41.927032470703125
2011-04-21 00:00:00+00:00,0.12641429901123047,248.9111328125,0.8235866111634059,248.59312438964844
2011-04-21 06:00:00+00:00,0.15401959419250488,57.51887512207031,1.7504445152164372,57.0660400390625
2011-04-21 12:00:00+00:00,0.21400535106658936,53.57577133178711,2.310947380358903,52.68484878540039
2011-04-21 18:00:00+00:00,0.13069045543670654,266.03936767578125,0.7969830313119715,265.66278076171875
2011-04-22 00:00:00+00:00,0.2437305450439453,43.35969161987305,2.8187142533036136,42.22245407104492
2011-04-22 06:00:00+00:00,0.21991956233978271,72.64280700683594,1.6390619149058607,71.6130142211914
2011-04-22 12:00:00+00:00,0.26155948638916016,50.7294921875,2.150515865359279,49.43185043334961
2011-04-22 18:00:00+00:00,0.19998645782470703,49.86070251464844,2.6273496763496933,49.11272048950195
2011-04-23 00:00:00+00:00,0.129103422164917,99.8072280883789,1.758997067209371,99.34012603759766
2011-04-23 06:00:00+00:00,0.2470945119857788,47.57817840576172,2.756992324590823,46.345863342285156
2011-04-23 12:00:00+00:00,0.18485617637634277,34.96464920043945,3.2470957704309957,34.358402252197266
2011-04-23 18:00:00+00:00,0.20939314365386963,42.95717239379883,2.5024541572096193,42.09185028076172
2011-04-24 00:00:00+00:00,0.1898183822631836,43.884002685546875,2.5549818516039378,43.23390579223633
2011-04-24 06:00:00+00:00,0.1484661102294922,85.17049407958984,1.7714869467517633,84.71124267578125
2011-04-24 12:00:00+00:00,0.17323434352874756,97.07909393310547,1.67108553606933,96.4799575805664
2011-04-24 18:00:00+00:00,0.1908198595046997,39.78512954711914,2.9346165386272993,39.07722854614258
2011-04-25 00:00:00+00:00,0.10754632949829102,44.348609924316406,2.5596971230455923,44.12136459350586
2011-04-25 06:00:00+00:00,0.14999628067016602,59.33858108520508,2.096091767999493,58.92539978027344
2011-04-25 12:00:00+00:00,0.23048853874206543,29.961318969726562,3.2571436064667143,29.14019775390625
2011-04-25 18:00:00+00:00,0.053891777992248535,38.314208984375,2.6281729201590265,38.27018356323242
2011-04-26 00:00:00+00:00,0.029820680618286133,61.32499313354492,1.9326345867053139,61.311378479003906
2011-04-26 06:00:00+00:00,0.030476689338684082,25.1953125,3.2109243983385674,25.183435440063477
2011-04-26 12:00:00+00:00,0.08072298765182495,32.23666000366211,3.1684063048750843,32.1461067199707
2011-04-26 18:00:00+00:00,0.08124995231628418,102.38079833984375,1.9895627080634406,102.25707244873047
2011-04-27 00:00:00+00:00,0.16250717639923096,27.34105110168457,3.414566979309981,27.009212493896484
2011-04-27 06:00:00+00:00,0.17822152376174927,67.2293701171875,2.662898178706455,66.7397689819336
2011-04-27 12:00:00+00:00,0.08930009603500366,17.212718963623047,3.319706912981782,17.151952743530273
2011-04-27 18:00:00+00:00,0.4362559914588928,87.10674285888672,2.509406286320102,83.81376647949219
2011-04-28 00:00:00+00:00,0.4278525710105896,88.11135864257812,2.2189260018440415,85.67486572265625
2011-04-28 06:00:00+00:00,0.2323678731918335,48.592933654785156,2.2562312356673293,48.01927185058594
2011-04-28 12:00:00+00:00,0.4132995009422302,43.5260009765625,2.906414430115903,41.339195251464844
2011-04-28 18:00:00+00:00,0.2941743731498718,43.94398880004883,2.3583991491078975,42.9424934387207
2011-04-29 00:00:00+00:00,0.3322315812110901,120.73656463623047,1.541949639630717,119.44637298583984
2011-04-29 06:00:00+00:00,0.3212769627571106,65.69322967529297,2.4207678369507635,64.25810241699219
2011-04-29 12:00:00+00:00,0.23843348026275635,29.17796516418457,2.9561171265372845,28.493412017822266
2011-04-29 18:00:00+00:00,0.22313767671585083,38.655967712402344,3.198597186423554,37.837318420410156
2011-04-30 00:00:00+00:00,0.250197172164917,35.88192367553711,2.86033844319982,34.999359130859375
2011-04-30 06:00:00+00:00,0.21585434675216675,37.01885986328125,3.130014235173343,36.29246520996094
2011-04-30 12:00:00+00:00,0.1875205636024475,37.484317779541016,2.7051865305267317,36.94965362548828
2011-04-30 18:00:00+00:00,0.1774195432662964,35.70940399169922,3.0448238462818455,35.17636489868164
2011-05-01 00:00:00+00:00,0.1236923336982727,32.648681640625,3.1905618201732455,32.40678405761719
2011-05-01 06:00:00+00:00,0.10631638765335083,31.809511184692383,3.1420269606330296,31.624061584472656
2011-05-01 12:00:00+00:00,0.13163435459136963,30.852100372314453,3.1422814780828126,30.577404022216797
2011-05-01 18:00:00+00:00,0.23372924327850342,48.44157409667969,3.026151614078211,47.294734954833984
2011-05-02 00:00:00+00:00,0.17976683378219604,37.04835891723633,2.9189003987922884,36.51533126831055
2011-05-02 06:00:00+00:00,0.15273207426071167,87.51734161376953,2.0100006321854114,87.03856658935547
2011-05-02 12:00:00+00:00,0.10025399923324585,94.70731353759766,1.5535766521365417,94.52238464355469
2011-05-02 18:00:00+00:00,0.2020915150642395,42.445579528808594,2.855451808863941,41.707237243652344
2011-05-03 00:00:00+00:00,0.05287712812423706,82.7681884765625,1.5743859312159818,82.71709442138672
2011-05-03 06:00:00+00:00,0.17739838361740112,45.97994613647461,2.623648951758063,45.38832092285156
2011-05-03 12:00:00+00:00,0.0792393684387207,44.56414794921875,2.3122316441526722,44.45090103149414
2011-05-03 18:00:00+00:00,0.07398480176925659,50.566932678222656,2.571743457606257,50.45534896850586
2011-05-04 00:00:00+00:00,0.017782211303710938,64.43197631835938,1.7750282869573022,64.42607879638672
2011-05-04 06:00:00+00:00,0.019353032112121582,47.607322692871094,2.363296494255678,47.60019302368164
2011-05-04 12:00:00+00:00,0.02621591091156006,50.472232818603516,2.2816303125750035,50.45964431762695
2011-05-04 18:00:00+00:00,0.060141563415527344,55.23683166503906,2.2503939931230743,55.162864685058594
2011-05-05 00:00:00+00:00,0.018115758895874023,39.624881744384766,2.1133057108624236,39.619441986083984
2011-05-05 06:00:00+00:00,0.022798597812652588,43.732112884521484,2.112758279402775,43.72270202636719
2011-05-05 12:00:00+00:00,0.0305214524269104,42.7961311340332,2.1930621709729614,42.78046798706055
2011-05-05 18:00:00+00:00,0.035698533058166504,34.278961181640625,3.167700470275085,34.2559814453125
2011-05-06 00:00:00+00:00,0.059169888496398926,36.40872573852539,2.805836842354389,36.34956359863281
2011-05-06 06:00:00+00:00,0.15172827243804932,33.50943374633789,3.071846290919967,33.10942459106445
2011-05-06 12:00:00+00:00,0.09238755702972412,30.88469886779785,3.3452812675201486,30.74315643310547
2011-05-06 18:00:00+00:00,0.11944830417633057,39.20281982421875,2.7763331579357686,38.944393157958984
2011-05-07 00:00:00+00:00,0.17164063453674316,32.65294647216797,3.20673174824903,32.14125061035156
2011-05-07 06:00:00+00:00,0.11374461650848389,34.81977844238281,3.2167538033341985,34.58778381347656
2011-05-07 12:00:00+00:00,0.03279459476470947,39.73063659667969,3.281415774620126,39.7082405090332
2011-05-07 18:00:00+00:00,0.1063086986541748,35.00188446044922,3.0050878681180473,34.80171585083008
2011-05-08 00:00:00+00:00,0.10348737239837646,29.957178115844727,3.5447295924359197,29.780031204223633
2011-05-08 06:00:00+00:00,0.11845695972442627,33.59958267211914,3.3629248864332064,33.35240173339844
2011-05-08 12:00:00+00:00,0.18023788928985596,35.04524230957031,3.2472809329537196,34.45033645629883
2011-05-08 18:00:00+00:00,0.13724684715270996,33.04433059692383,3.3993052096734395,32.71668243408203
2011-05-09 00:00:00+00:00,0.11439120769500732,35.27546691894531,3.3346240948809047,35.0418815612793
2011-05-09 06:00:00+00:00,0.0684809684753418,31.71819305419922,3.4293237067594196,31.637523651123047
2011-05-09 12:00:00+00:00,0.18935179710388184,28.520082473754883,3.4041951305650713,27.946529388427734
2011-05-09 18:00:00+00:00,0.15627872943878174,33.81169128417969,3.215686984346579,33.369651794433594
2011-05-10 00:00:00+00:00,0.17481935024261475,31.56804847717285,2.7323648981726354,31.07590103149414
2011-05-10 06:00:00+00:00,0.12258589267730713,36.6850700378418,2.9693875957578353,36.41434860229492
2011-05-10 12:00:00+00:00,0.16569757461547852,39.69093322753906,2.8610712942622114,39.21592712402344
2011-05-10 18:00:00+00:00,0.1189345121383667,32.32425308227539,3.0786728207753837,32.08374786376953
2011-05-11 00:00:00+00:00,0.133034348487854,33.52845764160156,2.735675600301799,33.239261627197266
2011-05-11 06:00:00+00:00,0.15528607368469238,42.99502182006836,1.9512761852793543,42.60076141357422
2011-05-11 12:00:00+00:00,0.17061948776245117,35.072235107421875,2.8259388469353715,34.60228729248047
2011-05-11 18:00:00+00:00,0.0861133337020874,126.48180389404297,1.3563991806172155,126.31932067871094
2011-05-12 00:00:00+00:00,0.13006079196929932,28.563674926757812,3.3351410464410334,28.31129264831543
2011-05-12 06:00:00+00:00,0.13656890392303467,56.98014831542969,1.4350185131035458,56.67593765258789
2011-05-12 12:00:00+00:00,0.116904616355896,41.98604202270508,2.595574232775769,41.717586517333984
2011-05-12 18:00:00+00:00,0.15128612518310547,39.986228942871094,2.5096765582537985,39.600440979003906
2011-05-13 00:00:00+00:00,0.14281117916107178,34.327239990234375,2.5067743595716654,34.005699157714844
2011-05-13 06:00:00+00:00,0.17473912239074707,39.45564651489258,2.5705082041895593,38.9474983215332
2011-05-13 12:00:00+00:00,0.1513993740081787,35.73728561401367,2.6942266922649236,35.3593864440918
2011-05-13 18:00:00+00:00,0.16590988636016846,45.37222671508789,2.1087697290673213,44.891632080078125
2011-05-14 00:00:00+00:00,0.11065244674682617,34.36093521118164,2.6588320512934422,34.158390045166016
2011-05-14 06:00:00+00:00,0.14411282539367676,36.34420394897461,2.6006241243116106,35.9950065612793
2011-05-14 12:00:00+00:00,0.13424420356750488,32.72422790527344,3.0870423096174253,32.426212310791016
2011-05-14 18:00:00+00:00,0.1479262113571167,65.085205078125,1.5032764944873647,64.70574951171875
2011-05-15 00:00:00+00:00,0.15745222568511963,43.467857360839844,2.433169767898059,43.03511047363281
2011-05-15 06:00:00+00:00,0.14779043197631836,39.04813003540039,2.7159318863734705,38.67121505737305
2011-05-15 12:00:00+00:00,0.13351094722747803,34.77529525756836,2.9719054847753097,34.466156005859375
2011-05-15 18:00:00+00:00,0.1504732370376587,42.16222381591797,2.4859198177157666,41.734867095947266
2011-05-16 00:00:00+00:00,0.138441801071167,37.71868896484375,2.575847124366473,37.36903381347656
2011-05-16 06:00:00+00:00,0.13225185871124268,43.52137756347656,2.535299159876714,43.20287322998047
2011-05-16 12:00:00+00:00,0.1684563159942627,95.93670654296875,1.365024775274152,95.42634582519531
2011-05-16 18:00:00+00:00,0.20926761627197266,34.35812759399414,3.009982333953301,33.58009338378906
2011-05-17 00:00:00+00:00,0.17842113971710205,111.05235290527344,1.4942291228797597,110.30543518066406
2011-05-17 06:00:00+00:00,0.22693979740142822,99.97215270996094,1.418682459854869,99.02040100097656
2011-05-17 12:00:00+00:00,0.2127293348312378,109.0713119506836,1.2892967605787633,108.24357604980469
2011-05-17 18:00:00+00:00,0.20419037342071533,122.22221374511719,1.2877822307065625,121.46232604980469
2011-05-18 00:00:00+00:00,0.16665422916412354,101.1844482421875,1.4226256112130704,100.65119934082031
2011-05-18 06:00:00+00:00,0.16421115398406982,43.806095123291016,2.2922950145892385,43.31031036376953
2011-05-18 12:00:00+00:00,0.18217074871063232,31.366840362548828,3.37220845610486,30.79847526550293
2011-05-18 18:00:00+00:00,0.23585307598114014,112.75675964355469,1.421940001207955,111.63748931884766
2011-05-19 00:00:00+00:00,0.14595246315002441,39.95948791503906,2.3305068094662262,39.56869125366211
2011-05-19 06:00:00+00:00,0.11070442199707031,31.519691467285156,3.2337254820646155,31.309711456298828
2011-05-19 12:00:00+00:00,0.14185404777526855,34.16105651855469,3.053331169680347,33.80345916748047
2011-05-20 00:00:00+00:00,0.04769134521484375,138.67562866210938,1.3550208535309436,138.63064575195312
2011-05-20 06:00:00+00:00,0.14358890056610107,41.788429260253906,2.53493721280684,41.39779281616211
2011-05-20 12:00:00+00:00,0.18321764469146729,56.03650665283203,2.184449017562927,55.384281158447266
2011-05-20 18:00:00+00:00,0.1763848066329956,37.834712982177734,2.6775532820205656,37.2723503112793
2011-05-21 00:00:00+00:00,0.18986010551452637,51.044471740722656,1.879359169534538,50.431453704833984
2011-05-21 06:00:00+00:00,0.3027622699737549,917.0702514648438,0.5496601480507342,914.9028930664062
2011-05-21 12:00:00+00:00,0.2437903881072998,139.1930389404297,1.4761705869356267,138.0950469970703
2011-05-21 18:00:00+00:00,0.13590741157531738,44.164615631103516,2.407162464258618,43.822086334228516
2011-05-22 00:00:00+00:00,0.19903910160064697,156.23593139648438,1.4240581484084343,155.5266876220703
2011-05-22 06:00:00+00:00,0.16961991786956787,29.4494686126709,3.424408649212821,28.988862991333008
2011-05-22 12:00:00+00:00,0.2276778221130371,34.77186965942383,2.6963628711566194,33.93492126464844
2011-05-22 18:00:00+00:00,0.10343277454376221,30.2336368560791,3.316104245285165,30.05552864074707
2011-05-23 00:00:00+00:00,0.00972205400466919,40.33233642578125,2.5743271453918575,40.330810546875
2011-05-23 06:00:00+00:00,0.021027207374572754,31.459218978881836,2.8715355693703657,31.452713012695312
2011-05-23 12:00:00+00:00,0.09176826477050781,26.610898971557617,2.8666531070213006,26.502777099609375
2011-05-23 18:00:00+00:00,0.01629161834716797,34.174049377441406,2.8353482264763215,34.16999053955078
2011-05-24 00:00:00+00:00,0.09769648313522339,44.544822692871094,2.509062544619371,44.39885711669922
2011-05-24 06:00:00+00:00,0.14753562211990356,48.24216842651367,2.1430982871174122,47.94246292114258
2011-05-24 12:00:00+00:00,0.18849682807922363,58.628196716308594,2.0925589656862966,58.104183197021484
2011-05-24 18:00:00+00:00,0.2849230170249939,68.02942657470703,2.1860189483565144,66.91667175292969
2011-05-25 00:00:00+00:00,0.29386603832244873,52.73908233642578,2.510356650745771,51.48172378540039
2011-05-25 06:00:00+00:00,0.3175607919692993,42.74509048461914,2.1829794254475674,41.612831115722656
2011-05-25 12:00:00+00:00,0.38746827840805054,136.31829833984375,1.6088077413524762,133.7779083251953
2011-05-25 18:00:00+00:00,0.18396788835525513,34.47825622558594,2.5563065375472926,34.09687042236328
2011-05-26 00:00:00+00:00,0.34337103366851807,48.181819915771484,2.433892152134777,46.99686813354492
2011-05-26 06:00:00+00:00,0.20568186044692993,34.194217681884766,2.541490331093835,33.66538619995117
2011-05-26 12:00:00+00:00,0.17009830474853516,45.68935775756836,2.4322862820191187,45.28900909423828
2011-05-26 18:00:00+00:00,0.2826542854309082,54.55077362060547,2.4774430422303597,53.32114028930664
2011-05-27 00:00:00+00:00,0.268945574760437,56.59071731567383,2.0918679125095543,55.56418991088867
2011-05-27 06:00:00+00:00,0.16441673040390015,55.881893157958984,2.5846162181347663,55.378746032714844
2011-05-27 12:00:00+00:00,0.19367694854736328,56.97492599487305,2.2985019824232937,56.340538024902344
2011-05-27 18:00:00+00:00,0.2522262930870056,106.28756713867188,1.9304864970694344,104.81204223632812
2011-05-28 00:00:00+00:00,0.15924572944641113,36.987327575683594,2.8028139044222686,36.59159469604492
2011-05-28 06:00:00+00:00,0.1681416630744934,41.87294387817383,2.8195878349635395,41.38142776489258
2011-05-28 12:00:00+00:00,0.10369300842285156,32.27643585205078,3.2712695443445607,32.10494613647461
2011-05-28 18:00:00+00:00,0.1920517086982727,48.99720764160156,2.4798699096137975,48.310997009277344
2011-05-29 00:00:00+00:00,0.18507695198059082,56.95436096191406,2.826605086863152,56.249637603759766
2011-05-29 06:00:00+00:00,0.233350932598114,77.68389892578125,2.228147747330293,76.48213958740234
2011-05-29 12:00:00+00:00,0.27162718772888184,94.38735961914062,2.320532176591561,92.72216033935547
2011-05-29 18:00:00+00:00,0.3124685287475586,82.62799835205078,2.1771946804702957,80.3652114868164
2011-05-30 00:00:00+00:00,0.35376930236816406,127.10868072509766,2.1073189650912054,123.55393981933594
2011-05-30 06:00:00+00:00,0.46134841442108154,194.76771545410156,1.8440329695659963,188.01473999023438
2011-05-30 12:00:00+00:00,0.4106077551841736,199.84414672851562,1.435231057703997,195.0437469482422
2011-05-30 18:00:00+00:00,0.4523744583129883,128.3152618408203,2.4824976952845192,122.00651550292969
2011-05-31 00:00:00+00:00,0.42456114292144775,215.35031127929688,1.3843829596777821,209.59107971191406
2011-05-31 06:00:00+00:00,0.3844592571258545,124.63496398925781,1.730947025878051,120.7963638305664
2011-05-31 12:00:00+00:00,0.35014623403549194,107.18801879882812,2.302302797148755,103.96511840820312
2011-05-31 18:00:00+00:00,0.39180630445480347,197.4566650390625,1.3927504917264213,193.2210693359375
2011-06-01 00:00:00+00:00,0.4525306820869446,181.7574005126953,1.9588538908270046,175.46524047851562
2011-06-01 06:00:00+00:00,0.39851802587509155,133.17141723632812,1.8635259977669674,128.9318389892578
2011-06-01 12:00:00+00:00,0.3368425965309143,103.9629898071289,2.2438953701826203,101.0532455444336
2011-06-01 18:00:00+00:00,0.32237446308135986,110.0385971069336,2.2107037011489847,107.14080047607422
2011-06-02 00:00:00+00:00,0.3266724944114685,114.2139892578125,1.8567703175238581,111.52216339111328
2011-06-02 06:00:00+00:00,0.30604833364486694,104.70693969726562,1.9743241824821238,102.29119110107422
2011-06-02 12:00:00+00:00,0.29227060079574585,103.185791015625,2.233979406992283,100.87417602539062
2011-06-02 18:00:00+00:00,0.2707894444465637,93.51681518554688,2.57766399606863,91.6162109375
2011-06-03 00:00:00+00:00,0.28790152072906494,73.93913269042969,2.399458449948683,72.05005645751953
2011-06-03 06:00:00+00:00,0.3329961895942688,103.42838287353516,2.4872938526001676,100.3217544555664
2011-06-03 12:00:00+00:00,0.3700888156890869,70.12992095947266,2.6613325290087317,66.98130798339844
2011-06-03 18:00:00+00:00,0.34109801054000854,58.41666793823242,3.150427277506561,55.679725646972656
2011-06-04 00:00:00+00:00,0.315771222114563,59.35023498535156,3.214737784123586,57.146881103515625
2011-06-04 06:00:00+00:00,0.13413572311401367,39.813663482666016,3.5698450883254416,39.44432067871094
2011-06-04 12:00:00+00:00,0.08150792121887207,32.27120590209961,3.865424903401034,32.14573669433594
2011-06-04 18:00:00+00:00,0.022648870944976807,41.76329040527344,3.6998077861492193,41.75065231323242
2011-06-05 00:00:00+00:00,0.17055118083953857,26.008106231689453,3.9507792194336906,25.532411575317383
2011-06-05 06:00:00+00:00,0.3732389211654663,38.32942581176758,3.5131610857445117,35.94487380981445
2011-06-05 12:00:00+00:00,0.012935459613800049,34.34116744995117,3.7777146911313744,34.33805847167969
2011-06-05 18:00:00+00:00,0.2685278654098511,30.5913028717041,3.6500884327754695,29.448888778686523
2011-06-06 00:00:00+00:00,0.09135764837265015,20.10271453857422,3.719394285191491,20.006872177124023
2011-06-06 06:00:00+00:00,0.24480831623077393,28.05919647216797,4.028406912213016,27.044687271118164
2011-06-06 12:00:00+00:00,0.03017646074295044,30.054176330566406,3.8961727197182348,30.03840446472168
2011-06-06 18:00:00+00:00,0.05292332172393799,27.014636993408203,3.7346278214543354,26.97056007385254
2011-06-07 00:00:00+00:00,0.19543004035949707,33.95737838745117,3.41742706049678,33.23199462890625
2011-06-07 06:00:00+00:00,0.011317968368530273,127.05349731445312,1.5208292043364766,127.05142211914062
2011-06-07 12:00:00+00:00,0.06621384620666504,114.13325500488281,1.5593341997842596,114.05096435546875
2011-06-07 18:00:00+00:00,0.16741597652435303,30.42336654663086,3.2017969651167983,29.980274200439453
2011-06-08 00:00:00+00:00,0.07931685447692871,101.8650131225586,1.6354778075658671,101.74354553222656
2011-06-08 06:00:00+00:00,0.019411087036132812,99.10880279541016,1.5226281820673615,99.10202026367188
2011-06-08 12:00:00+00:00,0.08058774471282959,87.71501159667969,1.5686491352603904,87.59546661376953
2011-06-08 18:00:00+00:00,0.14204585552215576,85.87845611572266,1.5755571530843564,85.49214935302734
2011-06-09 00:00:00+00:00,0.1605905294418335,93.780029296875,1.4067717786382352,93.28047943115234
2011-06-09 06:00:00+00:00,0.14908373355865479,47.53157424926758,2.566636431867175,47.120723724365234
2011-06-09 12:00:00+00:00,0.12958812713623047,48.55508804321289,2.188393446875366,48.25025177001953
2011-06-09 18:00:00+00:00,0.08089995384216309,82.7591781616211,1.4533339536528267,82.64215850830078
2011-06-10 00:00:00+00:00,0.15087509155273438,39.05813980102539,3.008548623672711,38.65384292602539
2011-06-10 06:00:00+00:00,0.10763406753540039,37.51756286621094,3.0662203279525944,37.30272674560547
2011-06-10 12:00:00+00:00,0.1526881456375122,36.13015365600586,2.8636489819197397,35.718223571777344
2011-06-10 18:00:00+00:00,0.2165994644165039,41.97288513183594,2.9642699753503408,41.097164154052734
2011-06-11 00:00:00+00:00,0.21017718315124512,47.12693405151367,2.9135206212076907,46.2663688659668
2011-06-11 06:00:00+00:00,0.17746376991271973,66.59574127197266,2.1736468642816464,65.96515655517578
2011-06-11 12:00:00+00:00,0.1311626434326172,35.16707992553711,2.823620032191838,34.87736511230469
2011-06-11 18:00:00+00:00,0.1820530891418457,48.00481033325195,2.7072994720762105,47.42754364013672
2011-06-12 00:00:00+00:00,0.12306571006774902,37.92981719970703,2.886699096910801,37.66257095336914
2011-06-12 06:00:00+00:00,0.15532076358795166,30.285930633544922,3.459687357747408,29.8880615234375
2011-06-12 12:00:00+00:00,0.08476555347442627,29.878122329711914,3.379148869633521,29.76320457458496
2011-06-12 18:00:00+00:00,0.11353051662445068,29.519655227661133,3.5188351474942694,29.309179306030273
2011-06-13 00:00:00+00:00,0.134130597114563,30.957006454467773,3.5069767663651925,30.655269622802734
2011-06-13 06:00:00+00:00,0.15037786960601807,38.63103103637695,2.6815790640973005,38.20966339111328
2011-06-13 12:00:00+00:00,0.06257736682891846,27.31625747680664,3.303061462804616,27.255237579345703
2011-06-13 18:00:00+00:00,0.10202515125274658,27.0894775390625,3.6627848899485365,26.92715072631836
2011-06-14 00:00:00+00:00,0.14451730251312256,40.057193756103516,3.0611495954572048,39.669273376464844
2011-06-14 06:00:00+00:00,0.17171180248260498,59.930965423583984,2.2144254955427574,59.42719650268555
2011-06-14 12:00:00+00:00,0.23216307163238525,54.45944595336914,2.6261685190921478,53.438838958740234
2011-06-14 18:00:00+00:00,0.237662672996521,68.8719711303711,2.283441643753901,67.77168273925781
2011-06-15 00:00:00+00:00,0.2056671380996704,69.97028350830078,2.3429151147325697,69.10901641845703
2011-06-15 06:00:00+00:00,0.02753448486328125,32.61067581176758,3.5463957804151716,32.596866607666016
2011-06-15 12:00:00+00:00,0.058964312076568604,37.36408615112305,3.1036339283001637,37.2980842590332
2011-06-15 18:00:00+00:00,0.05242347717285156,47.659690856933594,2.386757664063376,47.608306884765625
2011-06-16 00:00:00+00:00,0.109280526638031,65.25931549072266,2.2337584971269044,64.98955535888672
2011-06-16 06:00:00+00:00,0.18207234144210815,79.13713073730469,2.3513618412090422,78.3385238647461
2011-06-16 12:00:00+00:00,0.14647257328033447,86.09441375732422,2.1542457327203732,85.58683013916016
2011-06-16 18:00:00+00:00,0.09969979524612427,80.97879791259766,2.324996323441359,80.7384262084961
2011-06-17 00:00:00+00:00,0.13826048374176025,155.22230529785156,1.7685815160145286,154.63063049316406
2011-06-17 06:00:00+00:00,0.18567544221878052,162.72972106933594,2.055207095671731,161.6189727783203
2011-06-17 12:00:00+00:00,0.21598201990127563,162.0784454345703,1.4880504952328453,160.73397827148438
2011-06-17 18:00:00+00:00,0.19937986135482788,154.10150146484375,2.096889484586681,152.7894744873047
2011-06-18 00:00:00+00:00,0.3483502268791199,163.9962615966797,2.19501402842238,159.736083984375
2011-06-18 06:00:00+00:00,0.35582202672958374,169.01902770996094,1.7860458437110878,165.31539916992188
2011-06-18 12:00:00+00:00,0.31224900484085083,104.53545379638672,2.1235298361446224,102.09781646728516
2011-06-18 18:00:00+00:00,0.5138541162014008,190.90499877929688,2.018661932656235,182.53819274902344
2011-06-19 00:00:00+00:00,0.4695664048194885,163.0042724609375,2.371965854203468,156.51512145996094
2011-06-19 06:00:00+00:00,0.5060553252696991,248.49314880371094,2.0207011263003274,240.67974853515625
2011-06-19 12:00:00+00:00,0.5692712664604187,218.0399169921875,1.8522480702825093,208.92776489257812
2011-06-19 18:00:00+00:00,0.5712778270244598,162.40225219726562,2.086636998469406,153.33981323242188
2011-06-20 00:00:00+00:00,0.564436286687851,145.3505096435547,2.2076373101619255,136.41958618164062
2011-06-20 06:00:00+00:00,0.6497951745986938,353.3614501953125,1.7306686869797705,338.27740478515625
2011-06-20 12:00:00+00:00,0.5343964993953705,143.5926055908203,2.289295611133021,136.13970947265625
2011-06-20 18:00:00+00:00,0.5382247865200043,330.5898742675781,1.235725805711776,322.6762390136719
2011-06-21 00:00:00+00:00,0.5262637138366699,150.90614318847656,2.2327005075478397,143.54808044433594
2011-06-21 06:00:00+00:00,0.5382457971572876,216.8234100341797,1.6493700183530469,208.8100128173828
2011-06-21 12:00:00+00:00,0.5677702724933624,242.07835388183594,2.0234388614730245,230.99964904785156
2011-06-21 18:00:00+00:00,0.5212150514125824,201.0216522216797,2.115155972453665,192.74046325683594
2011-06-22 00:00:00+00:00,0.5175213515758514,136.9498291015625,2.259307860083471,130.0131378173828
2011-06-22 06:00:00+00:00,0.5298047959804535,180.07647705078125,2.009976869655216,171.01507568359375
2011-06-22 12:00:00+00:00,0.4966161847114563,206.3753662109375,1.8176223839854095,199.5484161376953
2011-06-22 18:00:00+00:00,0.4992980360984802,197.0701904296875,1.941834380760213,189.4757080078125
2011-06-23 00:00:00+00:00,0.46665555238723755,134.46669006347656,2.1044706849199946,129.49549865722656
2011-06-23 06:00:00+00:00,0.4497902989387512,86.77104949951172,2.9182485504810587,81.82172393798828
2011-06-23 12:00:00+00:00,0.44098907709121704,127.35468292236328,2.7604446097223225,121.71109771728516
2011-06-23 18:00:00+00:00,0.42984288930892944,146.81292724609375,2.2117160997962424,141.56336975097656
2011-06-24 00:00:00+00:00,0.29920047521591187,94.63602447509766,2.7518500407116506,91.83876037597656
2011-06-24 06:00:00+00:00,0.41122007369995117,264.0847473144531,1.3274572144656884,259.4391784667969
2011-06-24 12:00:00+00:00,0.40046191215515137,88.36931610107422,2.265626935416764,84.5028305053711
2011-06-24 18:00:00+00:00,0.41708093881607056,101.3268814086914,2.724437302607454,96.51600646972656
2011-06-25 00:00:00+00:00,0.40067189931869507,80.37342071533203,2.8378252728995315,76.2064437866211
2011-06-25 06:00:00+00:00,0.3521159291267395,77.12754821777344,2.858584327506687,74.02386474609375
2011-06-25 12:00:00+00:00,0.3285132646560669,72.42637634277344,2.5637663536369626,69.8820571899414
2011-06-25 18:00:00+00:00,0.37517887353897095,64.90979766845703,2.744730134434142,61.84493637084961
2011-06-26 00:00:00+00:00,0.469673216342926,161.0220947265625,2.0662511830113774,154.1587371826172
2011-06-26 06:00:00+00:00,0.40579307079315186,99.15303802490234,2.5138637884916974,95.18547821044922
2011-06-26 12:00:00+00:00,0.3400002717971802,81.34723663330078,2.2257797973100635,78.92041015625
2011-06-26 18:00:00+00:00,0.3230140805244446,116.65516662597656,1.7067044605331603,114.27872467041016
2011-06-27 00:00:00+00:00,0.3394600749015808,132.24749755859375,1.8237313065034786,129.14768981933594
2011-06-27 06:00:00+00:00,0.32108521461486816,118.08426666259766,1.827692919602364,115.71696472167969
2011-06-27 12:00:00+00:00,0.2608010172843933,65.31590270996094,2.4410385496264477,63.96691131591797
2011-06-27 18:00:00+00:00,0.3016890287399292,110.61810302734375,1.6694609921107337,108.66570281982422
2011-06-28 00:00:00+00:00,0.3154391646385193,154.12496948242188,1.7700252520053026,151.60568237304688
2011-06-28 06:00:00+00:00,0.2904489040374756,71.08922576904297,2.4708289706261284,69.40594482421875
2011-06-28 12:00:00+00:00,0.2659546732902527,79.49183654785156,1.9684044292978071,77.95389556884766
2011-06-28 18:00:00+00:00,0.20945459604263306,66.39252471923828,2.020281358520148,65.51556396484375
2011-06-29 00:00:00+00:00,0.2610509395599365,99.06912231445312,1.7889595559220615,97.52992248535156
2011-06-29 06:00:00+00:00,0.30653417110443115,113.96410369873047,2.125378771176485,111.85346984863281
2011-06-29 12:00:00+00:00,0.3272387981414795,83.7911148071289,2.579062092766324,81.32435607910156
2011-06-29 18:00:00+00:00,0.25079238414764404,81.99192810058594,2.418332040712595,80.64959716796875
2011-06-30 00:00:00+00:00,0.2695696949958801,96.37661743164062,1.656890674055002,94.8114242553711
2011-06-30 06:00:00+00:00,0.2464655637741089,61.42535400390625,2.130816408267277,60.1930046081543
2011-06-30 12:00:00+00:00,0.23796617984771729,67.40068054199219,2.176356248376644,66.24063110351562
2011-06-30 18:00:00+00:00,0.27823954820632935,71.5531997680664,2.1871290124065514,70.09848022460938
2011-07-01 00:00:00+00:00,0.23099255561828613,54.9283561706543,2.7188377847955505,53.92245864868164
2011-07-01 06:00:00+00:00,0.2578396797180176,57.89179229736328,2.647596677622168,56.63991928100586
2011-07-01 12:00:00+00:00,0.2573004961013794,53.190093994140625,2.7165661384217104,51.98366165161133
2011-07-01 18:00:00+00:00,0.2989863157272339,53.54631042480469,2.67115854725327,52.022010803222656
2011-07-02 00:00:00+00:00,0.29613834619522095,91.90959167480469,1.942143562084787,90.02536010742188
2011-07-02 06:00:00+00:00,0.2363191843032837,72.510498046875,2.5291521793513425,71.37181854248047
2011-07-02 12:00:00+00:00,0.3066222071647644,55.779388427734375,2.855773439016496,54.154144287109375
2011-07-02 18:00:00+00:00,0.3813115358352661,60.613548278808594,2.907879315714724,58.14225387573242
2011-07-03 00:00:00+00:00,0.3579578995704651,58.5769157409668,2.4952611235751516,56.293670654296875
2011-07-03 06:00:00+00:00,0.37549853324890137,100.49959564208984,2.502057226354237,97.11353302001953
2011-07-03 12:00:00+00:00,0.18571805953979492,100.57123565673828,2.3920691686563833,99.71565246582031
2011-07-03 18:00:00+00:00,0.05514633655548096,46.49794006347656,3.273743329107956,46.442325592041016
2011-07-04 00:00:00+00:00,0.18548870086669922,66.54884338378906,2.6272530129142257,65.94083404541016
2011-07-04 06:00:00+00:00,0.14573872089385986,41.04186248779297,2.976972485939976,40.675994873046875
2011-07-04 12:00:00+00:00,0.25875139236450195,49.257362365722656,2.830389196260051,48.18431854248047
2011-07-04 18:00:00+00:00,0.145194411277771,188.33738708496094,1.3454605235852313,187.94387817382812
2011-07-05 00:00:00+00:00,0.07850301265716553,163.87570190429688,1.4488433214695102,163.75146484375
2011-07-05 06:00:00+00:00,0.08119988441467285,43.782615661621094,2.5910422689731245,43.67598342895508
2011-07-05 12:00:00+00:00,0.21253752708435059,55.442291259765625,2.4337754533975953,54.683658599853516
2011-07-05 18:00:00+00:00,0.028641939163208008,147.982421875,1.2593667251351848,147.96673583984375
2011-07-06 00:00:00+00:00,0.13420891761779785,33.56816482543945,3.083225553349087,33.27769088745117
2011-07-06 06:00:00+00:00,0.19901835918426514,107.27064514160156,1.3889005659039988,106.521240234375
2011-07-06 12:00:00+00:00,0.1379929780960083,463.604248046875,0.8417437517993178,463.1535949707031
2011-07-06 18:00:00+00:00,0.25934529304504395,67.17298126220703,2.0087985429601245,65.89768981933594
2011-07-07 00:00:00+00:00,0.26058685779571533,71.12904357910156,2.3731402305928975,69.69462585449219
2011-07-07 06:00:00+00:00,0.2863044738769531,136.45388793945312,1.3669892336988139,134.6637420654297
2011-07-07 12:00:00+00:00,0.22810089588165283,76.5181655883789,2.018030188026206,75.53844451904297
2011-07-07 18:00:00+00:00,0.22367870807647705,46.764686584472656,2.5555562100218516,45.925941467285156
2011-07-08 00:00:00+00:00,0.24826514720916748,96.53935241699219,1.564261704869779,95.31879425048828
2011-07-08 06:00:00+00:00,0.1356196403503418,94.10324096679688,1.3524117105798328,93.77668762207031
2011-07-08 12:00:00+00:00,0.1855769157409668,55.046142578125,2.29519857788541,54.44406509399414
2011-07-08 18:00:00+00:00,0.277606725692749,72.1227798461914,2.295930972482264,70.6937255859375
2011-07-09 00:00:00+00:00,0.1752079725265503,39.696075439453125,3.1864545357308165,39.106082916259766
2011-07-09 06:00:00+00:00,0.16706693172454834,47.06595993041992,2.7220619412906384,46.577335357666016
2011-07-09 12:00:00+00:00,0.23222839832305908,40.15579605102539,2.4573707942825664,39.30717086791992
2011-07-09 18:00:00+00:00,0.19038748741149902,36.02701950073242,3.0688093230531726,35.44538497924805
2011-07-10 00:00:00+00:00,0.13605594635009766,32.76823806762695,3.010856228097465,32.49089050292969
2011-07-10 06:00:00+00:00,0.20489239692687988,35.44761276245117,2.6492114990083975,34.79228210449219
2011-07-10 12:00:00+00:00,0.1841261386871338,31.73287582397461,3.432461837634923,31.206619262695312
2011-07-10 18:00:00+00:00,0.08105099201202393,31.89647102355957,3.2139314131611347,31.791866302490234
2011-07-11 00:00:00+00:00,0.15816748142242432,242.3334197998047,1.3220522855490895,241.8759002685547
2011-07-11 06:00:00+00:00,0.05136394500732422,63.69612503051758,2.306808260004991,63.64630126953125
2011-07-11 12:00:00+00:00,0.10625487565994263,41.985660552978516,2.85514521907943,41.78961944580078
2011-07-11 18:00:00+00:00,0.023950397968292236,253.2008819580078,1.206829020269931,253.189697265625
2011-07-12 00:00:00+00:00,0.05434727668762207,219.373046875,1.2985200711873672,219.3141326904297
2011-07-12 06:00:00+00:00,0.15105009078979492,36.594032287597656,3.14911695096707,36.2353401184082
2011-07-12 12:00:00+00:00,0.12647747993469238,28.55782127380371,3.2514069518886313,28.314794540405273
2011-07-12 18:00:00+00:00,0.006238460540771484,190.51905822753906,1.2278984827137203,190.51834106445312
2011-07-13 00:00:00+00:00,0.09131616353988647,178.96841430664062,1.1997846970963228,178.7931365966797
2011-07-13 06:00:00+00:00,0.022530317306518555,36.41916275024414,3.0878084572001154,36.410709381103516
2011-07-13 12:00:00+00:00,0.18393003940582275,80.48331451416016,1.953724038403656,79.86804962158203
2011-07-13 18:00:00+00:00,0.139143705368042,141.00645446777344,1.0958529893461717,140.63446044921875
2011-07-14 00:00:00+00:00,0.1917726993560791,155.71116638183594,1.239662488445216,154.85232543945312
2011-07-14 06:00:00+00:00,0.171347975730896,57.260467529296875,2.4586852473736105,56.691078186035156
2011-07-14 12:00:00+00:00,0.15044385194778442,116.83444213867188,1.0952112602944513,116.39525604248047
2011-07-14 18:00:00+00:00,0.19749772548675537,122.56381225585938,1.1224521770454134,121.82695007324219
2011-07-15 00:00:00+00:00,0.22902488708496094,145.95233154296875,1.0585495707410844,144.83518981933594
2011-07-15 06:00:00+00:00,0.2543630599975586,135.1371307373047,1.1277485570965995,133.7858428955078
2011-07-15 12:00:00+00:00,0.2230837345123291,132.83909606933594,1.098316963982745,131.8442840576172
2011-07-15 18:00:00+00:00,0.23740726709365845,146.79751586914062,1.0554706621933587,145.6092987060547
2011-07-16 00:00:00+00:00,0.2943417429924011,181.45526123046875,1.1117432880464548,179.36175537109375
2011-07-16 06:00:00+00:00,0.28644585609436035,142.20770263671875,1.119721751709912,140.4856414794922
2011-07-16 12:00:00+00:00,0.3074154257774353,183.12098693847656,0.926206005878581,181.14291381835938
2011-07-16 18:00:00+00:00,0.2766057848930359,147.22218322753906,1.0699146011214746,145.50856018066406
2011-07-17 00:00:00+00:00,0.3274000883102417,109.50665283203125,2.090882553565285,107.15196990966797
2011-07-17 06:00:00+00:00,0.31611764430999756,84.3637466430664,2.0245898701567464,82.50336456298828
2011-07-17 12:00:00+00:00,0.30664336681365967,103.9670181274414,1.5313078588053468,102.18757629394531
2011-07-17 18:00:00+00:00,0.3268551826477051,136.16574096679688,1.5814931956950913,133.90274047851562
2011-07-18 00:00:00+00:00,0.2550552487373352,99.598388671875,1.8224630531980344,98.25037384033203
2011-07-18 06:00:00+00:00,0.30616098642349243,147.38348388671875,1.4197546511369055,145.62545776367188
2011-07-18 12:00:00+00:00,0.24525761604309082,89.07290649414062,2.0580511975012308,87.97712707519531
2011-07-18 18:00:00+00:00,0.33255088329315186,80.41189575195312,1.975074247464977,78.36237335205078
2011-07-19 00:00:00+00:00,0.2941431403160095,99.4283447265625,1.7844256981905704,97.78197479248047
2011-07-19 06:00:00+00:00,0.35065126419067383,107.08549499511719,2.2980514405652,104.21222686767578
2011-07-19 12:00:00+00:00,0.34100842475891113,107.96451568603516,2.064995539196036,105.68588256835938
2011-07-19 18:00:00+00:00,0.2901304364204407,95.27446746826172,1.972898703756356,93.56853485107422
2011-07-20 00:00:00+00:00,0.2900581955909729,92.55231475830078,2.051020588987568,90.89557647705078
2011-07-20 06:00:00+00:00,0.2556310296058655,149.76577758789062,1.680269661152543,147.87745666503906
2011-07-20 12:00:00+00:00,0.2906515598297119,55.057525634765625,2.829758694787317,53.47010803222656
2011-07-21 00:00:00+00:00,0.3369755148887634,69.46186828613281,2.475058652234608,67.30876159667969
2011-07-21 06:00:00+00:00,0.2144695520401001,57.06501770019531,2.8091188880015805,56.079681396484375
2011-07-21 12:00:00+00:00,0.15564024448394775,54.65065383911133,2.6971051423625436,54.16972351074219
2011-07-21 18:00:00+00:00,0.27470654249191284,52.7374267578125,3.0382737947424006,51.18482971191406
2011-07-22 00:00:00+00:00,0.19295525550842285,40.023441314697266,3.099635837237428,39.35500717163086
2011-07-22 06:00:00+00:00,0.17101657390594482,44.00815200805664,3.0456077811734774,43.410438537597656
2011-07-22 12:00:00+00:00,0.35357511043548584,45.96097183227539,3.440399634378748,43.36335372924805
2011-07-22 18:00:00+00:00,0.2416849136352539,41.276973724365234,2.8042705525861162,40.260894775390625
2011-07-23 00:00:00+00:00,0.2545125484466553,46.986778259277344,2.914501526429276,45.779052734375
2011-07-23 06:00:00+00:00,0.19755196571350098,44.24565505981445,2.9912203859255353,43.53874969482422
2011-07-23 12:00:00+00:00,0.22811168432235718,53.608642578125,2.578596207257638,52.57632064819336
2011-07-23 18:00:00+00:00,0.17336738109588623,63.61272048950195,3.0537898934806273,62.8062744140625
2011-07-24 00:00:00+00:00,0.3263993263244629,86.11397552490234,2.6927956028925983,83.50556945800781
2011-07-24 06:00:00+00:00,0.22973191738128662,48.45082092285156,2.8547480243816277,47.41055679321289
2011-07-24 12:00:00+00:00,0.24219012260437012,69.09827423095703,2.1565159611313702,67.90310668945312
2011-07-24 18:00:00+00:00,0.28127068281173706,103.97992706298828,1.861280496110617,102.20452880859375
2011-07-25 00:00:00+00:00,0.3147890567779541,71.02169799804688,2.5686758011785864,68.8144302368164
2011-07-25 06:00:00+00:00,0.32823240756988525,82.73284149169922,2.3604425393470843,80.37931060791016
2011-07-25 12:00:00+00:00,0.3093985915184021,71.81917572021484,2.1335529700779676,69.99938201904297
2011-07-25 18:00:00+00:00,0.31324470043182373,94.72774505615234,2.0938995036706993,92.53433990478516
2011-07-26 00:00:00+00:00,0.36228471994400024,94.55471801757812,2.201233870431835,91.41133880615234
2011-07-26 06:00:00+00:00,0.2986060380935669,91.40081024169922,2.413934274020925,89.33827209472656
2011-07-26 12:00:00+00:00,0.26624107360839844,57.660099029541016,2.4185907293209254,56.349853515625
2011-07-26 18:00:00+00:00,0.36485224962234497,93.1166763305664,2.5583348309341307,89.8225326538086
2011-07-27 00:00:00+00:00,0.3070901036262512,112.81330871582031,2.101214937514268,110.39938354492188
2011-07-27 06:00:00+00:00,0.3219035267829895,127.97834777832031,1.6884099900718472,125.42295837402344
2011-07-27 12:00:00+00:00,0.31309396028518677,107.02690124511719,2.281395813133083,104.240478515625
2011-07-27 18:00:00+00:00,0.30429261922836304,102.83494567871094,1.8630911588262375,100.70907592773438
2011-07-28 00:00:00+00:00,0.40074098110198975,103.80166625976562,2.052904972492884,99.7361831665039
2011-07-28 06:00:00+00:00,0.33881163597106934,117.46611022949219,2.3472564850133266,113.64749145507812
2011-07-28 12:00:00+00:00,0.2965030074119568,77.93484497070312,2.232760648262733,76.05098724365234
2011-07-28 18:00:00+00:00,0.37992042303085327,118.91482543945312,2.1354277163819333,115.22234344482422
2011-07-29 00:00:00+00:00,0.35512983798980713,98.11585235595703,2.162571826524025,94.95503234863281
2011-07-29 06:00:00+00:00,0.3343849778175354,86.05174255371094,1.9945844904528212,83.55379486083984
2011-07-29 12:00:00+00:00,0.31295710802078247,67.42601776123047,2.4963317056764396,65.47438049316406
2011-07-29 18:00:00+00:00,0.4906024932861328,139.9790496826172,2.277835854237155,133.0250244140625
2011-07-30 00:00:00+00:00,0.35954272747039795,72.89822387695312,2.480635854337589,70.00324249267578
2011-07-30 06:00:00+00:00,0.3397100567817688,90.49989318847656,2.373260303105889,87.77376556396484
2011-07-30 12:00:00+00:00,0.3738386631011963,72.08572387695312,2.8290748706476947,69.0650634765625
2011-07-30 18:00:00+00:00,0.5460732877254486,91.2093734741211,2.672333244260517,83.46613311767578
2011-07-31 00:00:00+00:00,0.15451908111572266,22.03386116027832,3.773350334953851,21.736066818237305
2011-07-31 06:00:00+00:00,0.03494471311569214,18.96782684326172,3.4854762687696343,18.95478630065918
2011-07-31 12:00:00+00:00,0.1766376495361328,21.35211944580078,3.4881268044306415,20.96137237548828
2011-07-31 18:00:00+00:00,0.30231940746307373,14.732871055603027,3.7934467764361024,13.92444133758545
2011-08-01 00:00:00+00:00,0.06636625528335571,16.94148063659668,3.9025431525857908,16.89761734008789
2011-08-01 06:00:00+00:00,0.20860624313354492,25.895864486694336,3.5865908870627177,25.36080551147461
2011-08-01 12:00:00+00:00,0.4207594394683838,36.203983306884766,3.659617257692667,33.20579147338867
2011-08-01 18:00:00+00:00,0.3768380880355835,25.293115615844727,3.906746004456661,23.303163528442383
2011-08-02 00:00:00+00:00,0.05395615100860596,24.930986404418945,4.031358661404795,24.88799285888672
2011-08-02 06:00:00+00:00,0.09203028678894043,30.527952194213867,3.763411366494898,30.390323638916016
2011-08-02 12:00:00+00:00,0.15874743461608887,36.543479919433594,3.2536675325246813,36.10585403442383
2011-08-02 18:00:00+00:00,0.056645989418029785,34.31644058227539,3.6505719655875235,34.25703048706055
2011-08-03 00:00:00+00:00,0.06269586086273193,27.954204559326172,3.7948521171719682,27.891254425048828
2011-08-03 06:00:00+00:00,0.10440957546234131,28.420045852661133,3.673895166651034,28.246156692504883
2011-08-03 12:00:00+00:00,0.17899513244628906,33.86519241333008,3.342601114618373,33.29917526245117
2011-08-03 18:00:00+00:00,0.25010526180267334,35.762454986572266,3.41449585883003,34.586307525634766
2011-08-04 00:00:00+00:00,0.06808412075042725,32.024295806884766,3.46483032454133,31.940107345581055
2011-08-04 06:00:00+00:00,0.06480920314788818,32.86227035522461,3.047935307002937,32.7910270690918
2011-08-04 12:00:00+00:00,0.11395108699798584,28.873157501220703,3.7408903214607245,28.65328025817871
2011-08-04 18:00:00+00:00,0.07215344905853271,33.64094924926758,3.574761325461403,33.544090270996094
2011-08-05 00:00:00+00:00,0.1321556568145752,34.749122619628906,3.064362005961484,34.428863525390625
2011-08-05 06:00:00+00:00,0.09180819988250732,32.610713958740234,2.599357997428604,32.48560333251953
2011-08-05 12:00:00+00:00,0.1695195436477661,35.230350494384766,2.758989233119349,34.79742431640625
2011-08-05 18:00:00+00:00,0.12817060947418213,33.774593353271484,3.1788591850901358,33.50056838989258
2011-08-06 00:00:00+00:00,0.1341632604598999,33.0958251953125,2.7911489038976507,32.819480895996094
2011-08-06 06:00:00+00:00,0.05072629451751709,34.6030387878418,3.273410908422605,34.559486389160156
2011-08-06 12:00:00+00:00,0.08427131175994873,30.105472564697266,3.546340465170089,29.989898681640625
2011-08-06 18:00:00+00:00,0.16681170463562012,29.349843978881836,3.58633348439937,28.902673721313477
2011-08-07 00:00:00+00:00,0.0805368423461914,32.720680236816406,3.925705576271692,32.60091781616211
2011-08-07 06:00:00+00:00,0.03739523887634277,40.1926383972168,3.066344100748883,40.166015625
2011-08-07 12:00:00+00:00,0.14550185203552246,27.21988296508789,3.578176207276486,26.893686294555664
2011-08-07 18:00:00+00:00,0.13140714168548584,33.24937438964844,3.6040992084183943,32.945247650146484
2011-08-08 00:00:00+00:00,0.10042989253997803,27.41514778137207,3.8782757722079415,27.251392364501953
2011-08-08 06:00:00+00:00,0.06171351671218872,35.89101791381836,3.7121280144541813,35.81959915161133
2011-08-08 12:00:00+00:00,0.12849628925323486,36.01746368408203,3.8228437839143137,35.706886291503906
2011-08-08 18:00:00+00:00,0.14344394207000732,31.449127197265625,3.4514999400418875,31.1142635345459
2011-08-09 00:00:00+00:00,0.05462700128555298,42.742733001708984,3.148307089096274,42.69182586669922
2011-08-09 06:00:00+00:00,0.14115750789642334,39.59162139892578,3.539268633631153,39.226646423339844
2011-08-09 12:00:00+00:00,0.24861150979995728,47.2913818359375,3.028676417341988,46.12668991088867
2011-08-09 18:00:00+00:00,0.15466493368148804,43.3918342590332,2.7609457007320426,42.97976303100586
2011-08-10 00:00:00+00:00,0.19175350666046143,83.86150360107422,2.1344162965666076,83.12029266357422
2011-08-10 06:00:00+00:00,0.290044903755188,73.96253204345703,2.245255985254474,72.33611297607422
2011-08-10 12:00:00+00:00,0.25689542293548584,62.91844177246094,2.4220352806891334,61.72368240356445
2011-08-10 18:00:00+00:00,0.3478562831878662,91.51310729980469,1.887948389898467,89.4120101928711
2011-08-11 00:00:00+00:00,0.27260708808898926,87.34656524658203,2.2218849706045014,85.92488861083984
2011-08-11 06:00:00+00:00,0.28490495681762695,73.31060791015625,2.1306666570380126,71.78009033203125
2011-08-11 12:00:00+00:00,0.3213253617286682,137.30503845214844,1.4397106101086596,135.4729461669922
2011-08-11 18:00:00+00:00,0.301108717918396,91.13751983642578,2.1584819039534997,89.37317657470703
2011-08-12 00:00:00+00:00,0.31023019552230835,99.24234771728516,1.9958589978880874,97.27061462402344
2011-08-12 06:00:00+00:00,0.4248790740966797,122.76490020751953,2.086283906050752,118.95979309082031
2011-08-12 12:00:00+00:00,0.3680712580680847,111.84892272949219,1.708571533924717,109.35852813720703
2011-08-12 18:00:00+00:00,0.44894129037857056,126.91326141357422,2.1190220352889697,122.03130340576172
2011-08-13 00:00:00+00:00,0.4537351131439209,103.3787612915039,2.1289783291103377,99.06719207763672
2011-08-13 06:00:00+00:00,0.4803783893585205,159.34475708007812,1.7070784231683316,153.8000030517578
2011-08-13 12:00:00+00:00,0.4894752502441406,126.2819595336914,1.9780142924653341,121.29136657714844
2011-08-13 18:00:00+00:00,0.4317626357078552,165.8637237548828,1.7205128128379146,161.4440155029297
2011-08-14 00:00:00+00:00,0.44963181018829346,161.3683624267578,2.027140228670748,156.51751708984375
2011-08-14 06:00:00+00:00,0.4466153383255005,74.65751647949219,2.598308887181311,70.490966796875
2011-08-14 12:00:00+00:00,0.5339968502521515,165.40219116210938,1.9809812127984505,158.5801239013672
2011-08-14 18:00:00+00:00,0.49436789751052856,182.0362548828125,2.0069183896841096,174.86831665039062
2011-08-15 00:00:00+00:00,0.48094940185546875,94.92315673828125,2.174184355279604,90.58202362060547
2011-08-15 06:00:00+00:00,0.39642882347106934,77.95092010498047,2.3977933047004356,74.68256378173828
2011-08-15 12:00:00+00:00,0.34072643518447876,42.439178466796875,3.2590430059632274,40.35662078857422
2011-08-15 18:00:00+00:00,0.47455090284347534,87.2322006225586,2.8110859678254947,81.60520935058594
2011-08-16 00:00:00+00:00,0.42733436822891235,136.61929321289062,2.7318783136036022,131.04953002929688
2011-08-16 06:00:00+00:00,0.5847196280956268,298.1142578125,2.0983631084235723,285.91033935546875
2011-08-16 12:00:00+00:00,0.48612767457962036,126.63573455810547,2.3859144637028784,121.16571807861328
2011-08-16 18:00:00+00:00,0.5189797580242157,158.8704833984375,2.4340989745717114,149.92591857910156
2011-08-17 00:00:00+00:00,0.48811912536621094,118.00532531738281,2.4041874664597795,111.43165588378906
2011-08-17 06:00:00+00:00,0.3960611820220947,102.50643920898438,2.4584919789597937,98.6838150024414
2011-08-17 12:00:00+00:00,0.3473174571990967,108.63350677490234,2.2028243585632907,106.14404296875
2011-08-17 18:00:00+00:00,0.39591002464294434,117.75312042236328,1.886504525112368,113.99859619140625
2011-08-18 00:00:00+00:00,0.376853346824646,88.86917877197266,2.3444164310779194,85.65319061279297
2011-08-18 06:00:00+00:00,0.41066545248031616,97.17823028564453,2.4997856256650346,93.11614990234375
2011-08-18 12:00:00+00:00,0.496462345123291,108.27898406982422,2.244555803440056,102.7411880493164
2011-08-18 18:00:00+00:00,0.4930559992790222,117.7481689453125,2.241130562414732,112.18119812011719
2011-08-19 00:00:00+00:00,0.40553027391433716,152.3649139404297,2.080212628068261,147.8113555908203
2011-08-19 06:00:00+00:00,0.42737627029418945,137.48692321777344,2.344287505815648,133.13369750976562
2011-08-19 12:00:00+00:00,0.4665752649307251,165.2789306640625,1.6417527696939849,160.4249725341797
2011-08-19 18:00:00+00:00,0.42405378818511963,143.29603576660156,1.9299087776409607,138.97708129882812
2011-08-20 00:00:00+00:00,0.43256789445877075,102.04679107666016,2.3402191015852565,97.74452209472656
2011-08-20 06:00:00+00:00,0.3902873992919922,148.1708221435547,2.12572288207653,144.287109375
2011-08-20 12:00:00+00:00,0.43504834175109863,106.90753936767578,2.1243500970279765,103.14501190185547
2011-08-20 18:00:00+00:00,0.3985636234283447,96.54086303710938,2.415581818124737,92.76599884033203
2011-08-21 00:00:00+00:00,0.34568458795547485,75.39324951171875,2.688024812546125,73.04106903076172
2011-08-21 06:00:00+00:00,0.31209617853164673,70.50236511230469,2.3553384315342156,68.50096893310547
2011-08-21 12:00:00+00:00,0.3994445204734802,78.01756286621094,2.1774038308381,74.6553726196289
2011-08-21 18:00:00+00:00,0.40608882904052734,111.0647964477539,2.0549097769541222,107.097900390625
2011-08-22 00:00:00+00:00,0.3946906328201294,144.39431762695312,1.4564206181289272,140.74232482910156
2011-08-22 06:00:00+00:00,0.42435234785079956,432.6076354980469,1.093547469119781,427.304443359375
2011-08-22 12:00:00+00:00,0.32750314474105835,60.111751556396484,2.768152204174201,57.818599700927734
2011-08-22 18:00:00+00:00,0.30267274379730225,61.408199310302734,2.4496355295729724,59.740360260009766
2011-08-23 00:00:00+00:00,0.2956969141960144,52.075191497802734,2.719061323506402,50.42469787597656
2011-08-23 06:00:00+00:00,0.2945653796195984,69.38069915771484,2.189256088831686,67.82847595214844
2011-08-23 12:00:00+00:00,0.3351013660430908,69.70181274414062,2.4336596469665683,67.7417221069336
2011-08-23 18:00:00+00:00,0.25192558765411377,82.60242462158203,1.8976047601034103,81.48002624511719
2011-08-24 00:00:00+00:00,0.28583574295043945,82.43285369873047,2.1708893288584656,80.7031021118164
2011-08-24 06:00:00+00:00,0.27317309379577637,59.83324432373047,2.196396010288125,58.62795639038086
2011-08-24 12:00:00+00:00,0.21976155042648315,60.763648986816406,2.343495353355128,59.95187759399414
2011-08-24 18:00:00+00:00,0.26509416103363037,73.02104187011719,2.2364565864964927,71.68373107910156
2011-08-25 00:00:00+00:00,0.28214240074157715,67.82920837402344,2.4628983327570997,66.32392883300781
2011-08-25 06:00:00+00:00,0.2597461938858032,73.26720428466797,2.3048527214247057,72.00071716308594
2011-08-25 12:00:00+00:00,0.2264082431793213,56.79629898071289,2.188485687834352,56.00029373168945
2011-08-25 18:00:00+00:00,0.20750105381011963,49.01363754272461,2.5612931875839386,48.2447509765625
2011-08-26 00:00:00+00:00,0.15694284439086914,54.687442779541016,2.164680094367996,54.232112884521484
2011-08-26 06:00:00+00:00,0.24745053052902222,56.25637435913086,2.760895473022177,55.02039337158203
2011-08-26 12:00:00+00:00,0.1674720048904419,52.080787658691406,2.4254578111022758,51.57359313964844
2011-08-26 18:00:00+00:00,0.18242096900939941,61.587833404541016,2.2025646025462717,60.92985916137695
2011-08-27 00:00:00+00:00,0.1404787302017212,44.51700973510742,2.4002893470163635,44.17363357543945
2011-08-27 06:00:00+00:00,0.11674731969833374,39.93832015991211,2.819236702425046,39.702396392822266
2011-08-27 12:00:00+00:00,0.11254525184631348,34.516197204589844,2.5478315797171263,34.32169723510742
2011-08-27 18:00:00+00:00,0.005047321319580078,33.07550048828125,2.992001505826192,33.075103759765625
2011-08-28 00:00:00+00:00,0.15371179580688477,27.068002700805664,3.450116865077213,26.736801147460938
2011-08-28 06:00:00+00:00,0.08970153331756592,299.4130859375,1.480906459895855,299.26824951171875
2011-08-28 12:00:00+00:00,0.0369647741317749,21.42915916442871,3.3741218434897906,21.413667678833008
2011-08-28 18:00:00+00:00,0.13067233562469482,58.45884704589844,2.3088752207607817,58.20454788208008
2011-08-29 00:00:00+00:00,0.1786789894104004,53.76443862915039,2.506763131227415,53.2439079284668
2011-08-29 06:00:00+00:00,0.028545856475830078,22.00406265258789,3.7866213548491006,21.993906021118164
2011-08-29 12:00:00+00:00,0.04184037446975708,26.89165687561035,3.563742326108276,26.866846084594727
2011-08-29 18:00:00+00:00,0.1748790740966797,35.33672332763672,3.5301942040804226,34.78440475463867
2011-08-30 00:00:00+00:00,0.46488630771636963,260.4015197753906,1.7604849952253203,253.6678924560547
2011-08-30 06:00:00+00:00,0.2940322160720825,71.48368835449219,2.96301165134379,69.29617309570312
2011-08-30 12:00:00+00:00,0.42598628997802734,71.30645751953125,3.183780957439546,66.94889831542969
2011-08-30 18:00:00+00:00,0.34351789951324463,82.82763671875,2.6090214895506834,80.14460754394531
2011-08-31 00:00:00+00:00,0.32851552963256836,93.67723846435547,2.336228501613609,90.83757019042969
2011-08-31 06:00:00+00:00,0.34687650203704834,145.550048828125,1.9456927387890295,142.48138427734375
2011-08-31 12:00:00+00:00,0.3856693506240845,148.5771484375,1.9148188632341263,144.8065643310547
2011-08-31 18:00:00+00:00,0.27357983589172363,136.09799194335938,2.247931079879106,134.0799102783203
2011-09-01 00:00:00+00:00,0.24000489711761475,124.41815185546875,1.9355701138854013,122.90644836425781
2011-09-01 06:00:00+00:00,0.31833481788635254,142.83067321777344,1.9886993847062941,140.37667846679688
2011-09-01 12:00:00+00:00,0.2062596082687378,52.482940673828125,2.6016592006449635,51.7057991027832
2011-09-01 18:00:00+00:00,0.1968628168106079,65.61430358886719,2.468306908790118,64.73932647705078
2011-09-02 00:00:00+00:00,0.3264739513397217,153.85867309570312,2.2447274847664587,150.89443969726562
2011-09-02 06:00:00+00:00,0.21449100971221924,49.61757278442383,3.0007019558033696,48.70554733276367
2011-09-02 12:00:00+00:00,0.23071324825286865,67.96022033691406,2.480526840535094,66.83358764648438
2011-09-02 18:00:00+00:00,0.2437903881072998,133.9787139892578,2.172054227055221,132.33253479003906
2011-09-03 00:00:00+00:00,0.08439338207244873,48.40526580810547,2.7668172338956296,48.2635612487793
2011-09-03 06:00:00+00:00,0.12721693515777588,36.49221420288086,3.3353223064713093,36.19395446777344
2011-09-03 12:00:00+00:00,0.11980903148651123,35.02499008178711,3.4717752982734926,34.76712417602539
2011-09-03 18:00:00+00:00,0.06891989707946777,34.26422119140625,3.6733632368141036,34.17055892944336
2011-09-04 00:00:00+00:00,0.22171545028686523,597.5188598632812,1.1072468857711524,596.2332763671875
2011-09-04 06:00:00+00:00,0.055084943771362305,419.50311279296875,1.2392439889810676,419.42572021484375
2011-09-04 12:00:00+00:00,0.14130055904388428,34.791839599609375,3.1856594815624764,34.427886962890625
2011-09-04 18:00:00+00:00,0.0014361739158630371,59.33702087402344,2.3949005481352246,59.33698272705078
2011-09-05 00:00:00+00:00,0.06280022859573364,64.15040588378906,2.3157105330648258,64.069580078125
2011-09-05 06:00:00+00:00,0.14498698711395264,38.288848876953125,3.2565763594524655,37.8752326965332
2011-09-05 12:00:00+00:00,0.09224998950958252,51.0872688293457,2.9913717532340316,50.91887283325195
2011-09-05 18:00:00+00:00,0.12491708993911743,52.20400619506836,2.944023002556585,51.90161895751953
2011-09-06 00:00:00+00:00,0.21864181756973267,74.66450500488281,2.595588742719619,73.59583282470703
2011-09-06 06:00:00+00:00,0.3271911144256592,162.8941192626953,2.0852529431671045,160.05398559570312
2011-09-06 12:00:00+00:00,0.34922659397125244,82.4280014038086,2.722530144756095,79.72992706298828
2011-09-06 18:00:00+00:00,0.39518386125564575,125.60386657714844,2.299368503263251,122.08230590820312
2011-09-07 00:00:00+00:00,0.4410701394081116,198.11016845703125,2.017867275136193,192.0044403076172
2011-09-07 06:00:00+00:00,0.36680418252944946,112.84607696533203,2.545654743868173,109.55563354492188
2011-09-07 12:00:00+00:00,0.37832045555114746,108.204345703125,2.4796731076226157,105.09266662597656
2011-09-07 18:00:00+00:00,0.4047866463661194,144.0635986328125,2.072611834097045,140.1947479248047
2011-09-08 00:00:00+00:00,0.343101441860199,118.29582977294922,1.9258764528219816,115.69733428955078
2011-09-08 06:00:00+00:00,0.4366205930709839,186.05746459960938,1.5693043285946462,181.8417510986328
2011-09-08 12:00:00+00:00,0.4128444194793701,132.72999572753906,1.7318666923165484,129.36599731445312
2011-09-08 18:00:00+00:00,0.4255305528640747,118.55888366699219,1.8605832582515085,114.54782104492188
2011-09-09 00:00:00+00:00,0.5194819271564484,152.99009704589844,2.0205428400529306,146.6018524169922
2011-09-09 06:00:00+00:00,0.5517703294754028,216.18368530273438,1.6161009018820567,208.82357788085938
2011-09-09 12:00:00+00:00,0.5484580397605896,128.9476318359375,2.0366118028398104,123.08031463623047
2011-09-09 18:00:00+00:00,0.6034725606441498,246.59759521484375,1.9486230047562922,234.81155395507812
2011-09-10 00:00:00+00:00,0.567130982875824,175.37416076660156,2.0678153626482896,167.008056640625
2011-09-10 06:00:00+00:00,0.547271341085434,211.3407440185547,1.9839107175478017,203.22572326660156
2011-09-10 12:00:00+00:00,0.528560221195221,129.5223846435547,1.7354753856029772,124.29821014404297
2011-09-10 18:00:00+00:00,0.4879969358444214,160.27984619140625,1.7249931614328158,154.34141540527344
2011-09-11 00:00:00+00:00,0.3502952456474304,61.13114929199219,2.408708933039426,59.18486022949219
2011-09-11 06:00:00+00:00,0.42640113830566406,99.70708465576172,2.162970927904161,96.01802062988281
2011-09-11 12:00:00+00:00,0.35186833143234253,60.10211944580078,2.713283898828217,58.05712890625
2011-09-11 18:00:00+00:00,0.3755881190299988,151.20924377441406,1.5189489399340352,148.22349548339844
2011-09-12 00:00:00+00:00,0.39090728759765625,87.40129852294922,2.16289566667065,84.40606689453125
2011-09-12 06:00:00+00:00,0.2846287488937378,51.81431198120117,2.857379085345156,50.375831604003906
2011-09-12 12:00:00+00:00,0.27284127473831177,53.832557678222656,2.2657555340856073,52.54435348510742
2011-09-12 18:00:00+00:00,0.3375568985939026,83.80780029296875,2.3680920791901277,81.49395751953125
2011-09-13 00:00:00+00:00,0.37802690267562866,105.4158935546875,2.4237788209093267,102.34827423095703
2011-09-13 06:00:00+00:00,0.3272426128387451,67.33975219726562,2.8057412478387005,65.2003173828125
2011-09-13 12:00:00+00:00,0.5047989785671234,137.78843688964844,2.560110667544823,131.37501525878906
2011-09-13 18:00:00+00:00,0.32583558559417725,76.53497314453125,2.753585657419221,74.154052734375
2011-09-14 00:00:00+00:00,0.25122761726379395,52.031890869140625,2.941614490593775,50.893009185791016
2011-09-14 06:00:00+00:00,0.24451130628585815,42.78324890136719,2.8299056343649376,41.85575485229492
2011-09-14 12:00:00+00:00,0.2285650372505188,27.8570556640625,3.193955476434203,27.199033737182617
2011-09-14 18:00:00+00:00,0.20782923698425293,43.16713333129883,3.141095100363763,42.464412689208984
2011-09-15 00:00:00+00:00,0.22942060232162476,16.026260375976562,3.9525524129410208,15.487434387207031
2011-09-15 06:00:00+00:00,0.03953707218170166,19.39466667175293,3.7534315394583118,19.376190185546875
2011-09-15 12:00:00+00:00,0.10664540529251099,44.84089279174805,2.9073599449654948,44.65425491333008
2011-09-15 18:00:00+00:00,0.15067064762115479,150.78773498535156,2.747802561105846,150.21484375
2011-09-16 00:00:00+00:00,0.06374657154083252,20.387353897094727,3.9387608001391508,20.333133697509766
2011-09-16 06:00:00+00:00,0.28855007886886597,18.26687240600586,3.999033607704908,17.288467407226562
2011-09-16 12:00:00+00:00,0.13648563623428345,17.266563415527344,3.89736046111614,17.064891815185547
2011-09-16 18:00:00+00:00,0.0880632996559143,25.591142654418945,3.778309505009455,25.483793258666992
2011-09-17 00:00:00+00:00,0.27887243032455444,28.5966796875,3.6299051919837537,27.345048904418945
2011-09-17 06:00:00+00:00,0.2247716784477234,22.376585006713867,3.9802436433436212,21.69015884399414
2011-09-17 12:00:00+00:00,0.255079448223114,21.04207992553711,3.8392069902363053,20.236488342285156
2011-09-17 18:00:00+00:00,0.08230733871459961,20.01603126525879,3.8787597579064634,19.933156967163086
2011-09-18 00:00:00+00:00,0.1138601303100586,17.311817169189453,3.959434548272928,17.166851043701172
2011-09-18 06:00:00+00:00,0.13604748249053955,15.570271492004395,3.891178646653442,15.38966178894043
2011-09-18 12:00:00+00:00,0.4424475431442261,17.032804489135742,3.807762173871085,14.977678298950195
2011-09-18 18:00:00+00:00,0.12482446432113647,14.596251487731934,4.062115640209366,14.453768730163574
2011-09-19 00:00:00+00:00,0.019484519958496094,15.369404792785645,3.913935176197964,15.365781784057617
2011-09-19 06:00:00+00:00,0.020266413688659668,19.193336486816406,4.033328665475917,19.18840217590332
2011-09-19 12:00:00+00:00,0.11424803733825684,23.508968353271484,3.8707910549539335,23.325092315673828
2011-09-19 18:00:00+00:00,0.010728955268859863,24.275480270385742,3.936739141854333,24.273836135864258
2011-09-20 00:00:00+00:00,0.033729612827301025,28.34234046936035,3.631103324754127,28.32478141784668
2011-09-20 06:00:00+00:00,0.059099555015563965,257.4989929199219,1.3310525447099972,257.4291687011719
2011-09-20 12:00:00+00:00,0.011793971061706543,235.46624755859375,1.374166147429669,235.4636993408203
2011-09-20 18:00:00+00:00,0.13135302066802979,53.02111053466797,2.5277700861700856,52.71968078613281
2011-09-21 00:00:00+00:00,0.16650402545928955,42.11443328857422,2.9613297609480846,41.620731353759766
2011-09-21 12:00:00+00:00,0.19305169582366943,35.65252685546875,3.390637745444244,34.99584197998047
2011-09-21 18:00:00+00:00,0.11088752746582031,26.258150100708008,3.56569359218187,26.072620391845703
2011-09-22 00:00:00+00:00,0.16191518306732178,33.933837890625,3.4181889342559653,33.460941314697266
2011-09-22 12:00:00+00:00,0.15043377876281738,26.442543029785156,3.71575348123885,26.110261917114258
2011-09-22 18:00:00+00:00,0.11258256435394287,33.69014358520508,3.2606169535429306,33.48081970214844
2011-09-23 00:00:00+00:00,0.01323997974395752,28.13265609741211,3.3989852137179,28.130014419555664
2011-09-23 12:00:00+00:00,0.18016135692596436,29.06798553466797,3.3288630013363045,28.563453674316406
2011-09-23 18:00:00+00:00,0.13569891452789307,32.719154357910156,3.3646129641249374,32.396484375
2011-09-24 00:00:00+00:00,0.14592933654785156,33.62409591674805,3.720447256456709,33.21942901611328
2011-09-24 12:00:00+00:00,0.15585362911224365,32.58192443847656,3.5101307013632344,32.15787887573242
2011-09-24 18:00:00+00:00,0.12898743152618408,29.41901397705078,3.7679226303097915,29.138713836669922
2011-09-25 00:00:00+00:00,0.2872740626335144,3180.9873046875,0.5927042212604294,3177.564697265625
2011-09-25 12:00:00+00:00,0.2002277374267578,30.270692825317383,3.449859018809068,29.614044189453125
2011-09-25 18:00:00+00:00,0.12015044689178467,25.463834762573242,3.9603561864043497,25.245941162109375
2011-09-26 00:00:00+00:00,0.10227489471435547,28.140222549438477,3.534822424415391,27.973478317260742
2011-09-26 12:00:00+00:00,0.1271733045578003,41.97716522216797,2.417359651481196,41.70224380493164
2011-09-26 18:00:00+00:00,0.17899775505065918,30.25553321838379,3.2610659571160956,29.729846954345703
2011-09-27 00:00:00+00:00,0.12948930263519287,53.242191314697266,2.318948565047889,52.971038818359375
2011-09-27 12:00:00+00:00,0.13018357753753662,35.20482635498047,2.7049324083458135,34.97154998779297
2011-09-27 18:00:00+00:00,0.18163371086120605,40.73659133911133,2.5870645866133066,40.24462890625
2011-09-28 00:00:00+00:00,0.2480403184890747,35.75090789794922,2.9508829013185127,34.84171676635742
2011-09-28 18:00:00+00:00,0.18438124656677246,29.97833824157715,3.2715779488209966,29.449853897094727
2011-09-29 00:00:00+00:00,0.1893397569656372,49.317596435546875,2.4982374799171048,48.7985954284668
2011-09-29 12:00:00+00:00,0.301181435585022,52.63797378540039,2.1821747141263943,51.265254974365234
2011-09-29 18:00:00+00:00,0.4147047996520996,81.3951416015625,2.4821652477896254,77.88792419433594
2011-09-30 00:00:00+00:00,0.3479790687561035,55.240535736083984,2.6415326073135406,53.331539154052734
2011-09-30 12:00:00+00:00,0.18142175674438477,285.148193359375,1.2237464431897325,284.4256286621094
2011-09-30 18:00:00+00:00,0.26984214782714844,105.86422729492188,2.0256406946607077,104.31358337402344
2011-10-01 00:00:00+00:00,0.25178658962249756,33.02656555175781,3.2834724918571894,32.0755729675293
2011-10-01 12:00:00+00:00,0.2003004550933838,46.02345657348633,2.486515485048933,45.432373046875
2011-10-01 18:00:00+00:00,0.10491585731506348,18.383737564086914,3.949593125946141,18.258102416992188
2011-10-02 00:00:00+00:00,0.20444488525390625,24.03923797607422,3.3525374513932986,23.482324600219727
2011-10-02 06:00:00+00:00,0.1652888059616089,23.344942092895508,3.4574906945843633,22.981332778930664
2011-10-02 12:00:00+00:00,0.14437103271484375,21.77044105529785,3.8469454709042283,21.507904052734375
2011-10-02 18:00:00+00:00,0.20590972900390625,22.548885345458984,3.687761488495921,21.980037689208984
2011-10-03 00:00:00+00:00,0.10056185722351074,38.21474838256836,3.6101104637785646,38.00424575805664
2011-10-03 06:00:00+00:00,0.1091078519821167,26.420778274536133,3.646320258047037,26.243114471435547
2011-10-03 12:00:00+00:00,0.19748938083648682,22.826950073242188,3.602132981473221,22.32904624938965
2011-10-03 18:00:00+00:00,0.15740692615509033,27.049219131469727,3.7963802745658715,26.67496109008789
2011-10-04 00:00:00+00:00,0.05514931678771973,28.168720245361328,3.1213588799215546,28.124982833862305
2011-10-04 06:00:00+00:00,0.04715895652770996,23.281986236572266,3.819870128625085,23.251487731933594
2011-10-04 12:00:00+00:00,0.08799493312835693,478.28411865234375,1.0608595584353784,478.1422424316406
2011-10-06 00:00:00+00:00,0.33144450187683105,65.58326721191406,2.7410442691072783,63.35670852661133
2011-10-06 06:00:00+00:00,0.3587725758552551,92.23682403564453,2.3209764713760435,89.58992004394531
2011-10-06 12:00:00+00:00,0.5031771957874298,173.50717163085938,2.5608524852214964,165.40151977539062
2011-10-06 18:00:00+00:00,0.5716544687747955,195.45216369628906,2.5764147803720947,183.36480712890625
2011-10-07 00:00:00+00:00,0.536457896232605,409.51690673828125,1.6722096878775659,399.5394592285156
2011-10-07 06:00:00+00:00,0.4186473488807678,151.21588134765625,2.6786481195142,146.1513214111328
2011-10-07 12:00:00+00:00,0.3750256299972534,241.01943969726562,2.2026294107080795,237.05569458007812
2011-10-07 18:00:00+00:00,0.5490809679031372,390.9888000488281,2.253696756254698,378.2669372558594
2011-10-08 00:00:00+00:00,0.4481969475746155,161.6305694580078,2.2542793890911,156.7650604248047
2011-10-08 06:00:00+00:00,0.642688661813736,343.108642578125,2.6731518162509857,321.5140686035156
2011-10-08 12:00:00+00:00,0.7044034898281097,376.85809326171875,2.2244618421924307,355.34185791015625
2011-10-08 18:00:00+00:00,0.6016438603401184,305.26702880859375,2.4862995998577087,287.3022766113281
2011-10-09 00:00:00+00:00,0.6419484913349152,115.85358428955078,3.2863532045193793,100.8436279296875
2011-10-09 06:00:00+00:00,0.6436984539031982,153.10818481445312,2.8555370964127462,141.32421875
2011-10-09 12:00:00+00:00,0.35797595977783203,28.511783599853516,3.2912829143689364,26.88658332824707
2011-10-09 18:00:00+00:00,0.028273582458496094,38.765201568603516,3.7214459899900305,38.74813461303711
2011-10-10 00:00:00+00:00,0.07765847444534302,48.145957946777344,3.345940082605832,48.000858306884766
2011-10-10 06:00:00+00:00,0.1275390386581421,38.91875076293945,3.930011089370723,38.545108795166016
2011-10-10 12:00:00+00:00,0.07134765386581421,34.73814010620117,3.8272086669688057,34.63459014892578
2011-10-10 18:00:00+00:00,0.08048027753829956,38.089317321777344,3.7968834451595224,37.945220947265625
2011-10-11 00:00:00+00:00,0.37288445234298706,100.58570861816406,3.085960343116897,96.00623321533203
2011-10-11 06:00:00+00:00,0.23229271173477173,69.23566436767578,2.9430373684071003,67.78733825683594
2011-10-11 12:00:00+00:00,0.41813838481903076,100.1658935546875,2.8522770558233166,95.09710693359375
2011-10-11 18:00:00+00:00,0.5483962297439575,250.08627319335938,2.5031440092324715,236.52041625976562
2011-10-12 00:00:00+00:00,0.559240847826004,212.18063354492188,2.2424010290793124,200.25942993164062
2011-10-12 06:00:00+00:00,0.4823281168937683,233.9987335205078,2.3260811013739215,223.66357421875
2011-10-12 12:00:00+00:00,0.5997547507286072,288.2253723144531,2.3391070383667194,273.6145324707031
2011-10-13 00:00:00+00:00,0.5663085281848907,183.13368225097656,2.767171160957447,171.89065551757812
2011-10-13 06:00:00+00:00,0.6734746098518372,223.56936645507812,2.986955473523518,201.8901824951172
2011-10-13 12:00:00+00:00,0.7094585597515106,171.83792114257812,2.813451322051894,152.2772216796875
2011-10-13 18:00:00+00:00,0.6490840315818787,344.2366943359375,2.670442453664531,320.29302978515625
2011-10-14 00:00:00+00:00,0.6360783278942108,135.9294891357422,2.64650449549344,123.38787078857422
2011-10-14 06:00:00+00:00,0.6200039982795715,154.19325256347656,2.6736141461403387,139.1046600341797
2011-10-14 12:00:00+00:00,0.7694410383701324,235.07994079589844,2.781869713380302,205.1138153076172
2011-10-14 18:00:00+00:00,0.7449322640895844,140.07742309570312,3.1229491761084716,119.14606475830078
2011-10-15 00:00:00+00:00,0.5800537168979645,71.71769714355469,3.7421774023995518,60.7540397644043
2011-10-15 06:00:00+00:00,0.3700019121170044,41.132240295410156,3.546324393348901,38.344329833984375
2011-10-15 12:00:00+00:00,1.0,2487.207275390625,0.6873441857165361,2486.769775390625
2011-10-15 18:00:00+00:00,1.0,2764.968994140625,0.695192856431288,2764.6083984375
2011-10-16 00:00:00+00:00,1.0,2887.365234375,0.8897686950479776,2887.0341796875
2011-10-16 06:00:00+00:00,1.0,2940.381103515625,0.41390696753710987,2940.12255859375
2011-10-16 12:00:00+00:00,1.0,2762.2626953125,0.5575867618019987,2761.691162109375
2011-10-16 18:00:00+00:00,1.0,2847.0322265625,0.3822270726150514,2846.6435546875
2011-10-17 00:00:00+00:00,1.0,2815.86767578125,0.3981723920378246,2815.49462890625
2011-10-17 06:00:00+00:00,1.0,2761.01708984375,0.4700786536879536,2760.763671875
2011-10-17 12:00:00+00:00,1.0,7.926914215087891,1.6094379124341005,1.2434804439544678
2011-10-17 18:00:00+00:00,1.0,2596.827392578125,0.5175894225542255,2596.47021484375
2011-10-18 00:00:00+00:00,0.21092796325683594,10.44086742401123,2.54003630382098,10.105062484741211
2011-10-18 06:00:00+00:00,0.187269389629364,17.264766693115234,3.216358133512837,16.839805603027344
2011-10-18 12:00:00+00:00,0.12448662519454956,20.696300506591797,3.5885286839304444,20.49850082397461
2011-10-18 18:00:00+00:00,0.2798804044723511,17.102893829345703,3.7146286007038443,16.284696578979492
2011-10-19 00:00:00+00:00,0.12826085090637207,14.98625659942627,4.098136519309507,14.827553749084473
2011-10-19 06:00:00+00:00,0.15121734142303467,19.173921585083008,4.153085271834166,18.89298439025879
2011-10-19 12:00:00+00:00,0.008948266506195068,14.625618934631348,3.9572513414711428,14.624876976013184
2011-10-20 00:00:00+00:00,0.25572943687438965,20.71769905090332,4.089615932257424,19.82684898376465
2011-10-20 06:00:00+00:00,0.27432703971862793,18.49178695678711,3.6736974413721235,17.70744514465332
2011-10-20 12:00:00+00:00,0.06567013263702393,19.475292205810547,3.545834810291801,19.427305221557617
2011-10-20 18:00:00+00:00,0.1271456480026245,32.208282470703125,3.5121706870579237,31.93307113647461
2011-10-21 00:00:00+00:00,0.12778782844543457,35.095340728759766,3.2904382158353984,34.79454040527344
2011-10-21 06:00:00+00:00,0.04969656467437744,26.226648330688477,3.707605331558475,26.190595626831055
2011-10-21 12:00:00+00:00,0.07037007808685303,26.08234977722168,3.8062408140451667,26.007740020751953
2011-10-21 18:00:00+00:00,0.03299558162689209,94.98800659179688,1.9599255143389085,94.96617889404297
2011-10-22 00:00:00+00:00,0.1936560869216919,37.897823333740234,3.512612841949297,37.14840316772461
2011-10-22 06:00:00+00:00,0.11882531642913818,24.74093246459961,3.5396792091983977,24.547286987304688
2011-10-22 12:00:00+00:00,0.18401741981506348,22.169479370117188,3.808018993302947,21.746349334716797
2011-10-22 18:00:00+00:00,0.18360769748687744,30.297813415527344,3.5046043714855264,29.75617027282715
2011-10-23 00:00:00+00:00,0.21541333198547363,27.21120262145996,3.4674602401401025,26.54187774658203
2011-10-23 06:00:00+00:00,0.2176424264907837,23.465877532958984,3.614011589294586,22.850379943847656
2011-10-23 12:00:00+00:00,0.08373522758483887,27.11932373046875,3.2673092450347765,27.027297973632812
2011-10-23 18:00:00+00:00,0.1640094518661499,29.921371459960938,3.262077977077421,29.51048469543457
2011-10-24 00:00:00+00:00,0.2474203109741211,78.9448013305664,2.7069067472615513,77.64697265625
2011-10-24 06:00:00+00:00,0.26217401027679443,38.12442398071289,3.0621333243705458,36.953948974609375
2011-10-24 12:00:00+00:00,0.3568533658981323,454.1961364746094,1.1205164223517066,451.4365234375
2011-10-24 18:00:00+00:00,0.21453821659088135,50.724063873291016,2.733622660951215,49.834625244140625
2011-10-25 00:00:00+00:00,0.026735305786132812,1694.6121826171875,0.7835753032920002,1694.590576171875
2011-10-25 06:00:00+00:00,0.05680501461029053,1538.4100341796875,0.8130943036338782,1538.3218994140625
2011-10-25 12:00:00+00:00,0.11575865745544434,26.234540939331055,2.9801195151712423,26.06043243408203
2011-10-25 18:00:00+00:00,0.3051997423171997,1005.5524291992188,0.7602035700045128,1003.2337646484375
2011-10-26 00:00:00+00:00,0.10104978084564209,33.53855895996094,3.3058890408658503,33.36507034301758
2011-10-26 06:00:00+00:00,0.0835883617401123,31.88256072998047,3.377714884333618,31.76789093017578
2011-10-26 12:00:00+00:00,0.05332672595977783,31.577465057373047,2.930192707358038,31.533498764038086
2011-10-26 18:00:00+00:00,0.10242176055908203,40.73417282104492,3.299581897603825,40.5101203918457
2011-10-27 00:00:00+00:00,0.19722497463226318,31.24405860900879,3.5408937072835336,30.554662704467773
2011-10-27 06:00:00+00:00,0.04538893699645996,34.35663986206055,3.5961040023342195,34.31705856323242
2011-10-27 12:00:00+00:00,0.12865769863128662,31.64525604248047,3.663510166815863,31.348257064819336
2011-10-27 18:00:00+00:00,0.08352577686309814,40.06454086303711,3.467013578549571,39.914268493652344
2011-10-28 00:00:00+00:00,0.04844856262207031,40.18064498901367,3.2614717496778667,40.13113784790039
2011-10-28 06:00:00+00:00,0.14387023448944092,33.811702728271484,3.608652119786319,33.42420196533203
2011-10-28 12:00:00+00:00,0.0526961088180542,38.46992111206055,3.31433200832893,38.41203308105469
2011-10-28 18:00:00+00:00,0.07575976848602295,70.94095611572266,1.9845080266885962,70.80953979492188
2011-10-29 00:00:00+00:00,0.11971068382263184,43.12434005737305,3.499225123317264,42.77950668334961
2011-10-29 06:00:00+00:00,0.06476855278015137,35.793331146240234,3.6259924399383703,35.70866394042969
2011-10-29 12:00:00+00:00,0.1290498971939087,33.395198822021484,3.3010024202017427,33.0947151184082
2011-10-29 18:00:00+00:00,0.08259236812591553,30.064228057861328,3.8354696097512253,29.943090438842773
2011-10-30 00:00:00+00:00,0.06883120536804199,34.026756286621094,3.6183674490556763,33.936134338378906
2011-10-30 06:00:00+00:00,0.08324944972991943,32.58970260620117,3.5540860431309316,32.456993103027344
2011-10-30 12:00:00+00:00,0.24987393617630005,3498.7548828125,0.26751677445151145,3496.732421875
2011-10-30 18:00:00+00:00,0.10838353633880615,31.860702514648438,3.0168024568570515,31.663423538208008
2011-10-31 00:00:00+00:00,0.04169797897338867,30.916711807250977,3.374467608273337,30.88686752319336
2011-10-31 06:00:00+00:00,0.056017398834228516,35.489967346191406,3.229346499947921,35.42975616455078
2011-10-31 12:00:00+00:00,0.05185747146606445,29.974946975708008,2.829385069753854,29.932769775390625
2011-10-31 18:00:00+00:00,0.046608805656433105,28.738361358642578,2.7905493412425786,28.705150604248047
2011-11-01 00:00:00+00:00,0.05434262752532959,26.780155181884766,3.4463562023554277,26.733633041381836
2011-11-01 06:00:00+00:00,0.08967339992523193,35.89521789550781,2.5971247066358094,35.756900787353516
2011-11-01 12:00:00+00:00,0.07598233222961426,28.33816909790039,3.1678442350600813,28.248470306396484
2011-11-01 18:00:00+00:00,0.1193774938583374,36.74567794799805,2.69211520209934,36.50705337524414
2011-11-02 00:00:00+00:00,0.1489771604537964,43.94721984863281,2.1892812380531597,43.56178665161133
2011-11-02 06:00:00+00:00,0.21711397171020508,31.062667846679688,3.2304554695190832,30.313461303710938
2011-11-02 12:00:00+00:00,0.10450828075408936,28.92424964904785,2.871133826491031,28.763042449951172
2011-11-02 18:00:00+00:00,0.08886027336120605,26.607566833496094,3.123440216740479,26.49416732788086
2011-11-03 00:00:00+00:00,0.09389019012451172,34.60165023803711,2.7001447493006543,34.46269607543945
2011-11-03 06:00:00+00:00,0.03766751289367676,25.69148063659668,3.102045704909612,25.671554565429688
2011-11-03 12:00:00+00:00,0.07259678840637207,26.165855407714844,3.1219818234431735,26.09193229675293
2011-11-03 18:00:00+00:00,0.10337388515472412,23.995031356811523,3.154653113627272,23.84967613220215
2011-11-04 00:00:00+00:00,0.07802677154541016,29.41377830505371,2.920338551637788,29.320688247680664
2011-11-04 06:00:00+00:00,0.02254462242126465,37.45135498046875,2.397184514870487,37.443145751953125
2011-11-04 12:00:00+00:00,0.02270948886871338,25.614604949951172,3.095050175948642,25.607418060302734
2011-11-04 18:00:00+00:00,0.053370118141174316,25.105613708496094,3.4498940443028507,25.066062927246094
2011-11-05 00:00:00+00:00,0.07609081268310547,25.52092170715332,3.6426887847326976,25.432479858398438
2011-11-05 06:00:00+00:00,0.08956396579742432,25.120269775390625,3.652516381598059,25.003870010375977
2011-11-05 12:00:00+00:00,0.10103583335876465,24.72905921936035,4.004846569749999,24.577428817749023
2011-11-05 18:00:00+00:00,0.025257229804992676,24.223073959350586,4.019742208566956,24.21377182006836
2011-11-06 00:00:00+00:00,0.06730496883392334,24.441242218017578,3.8334397100182156,24.375022888183594
2011-11-06 06:00:00+00:00,0.015978455543518066,22.87374496459961,3.5930243847645205,22.870288848876953
2011-11-06 12:00:00+00:00,0.020740985870361328,22.497888565063477,3.620155187892274,22.492347717285156
2011-11-06 18:00:00+00:00,0.0649259090423584,24.083406448364258,3.5986565675411613,24.027149200439453
2011-11-07 00:00:00+00:00,0.029030323028564453,22.997486114501953,3.411595158010912,22.987110137939453
2011-11-07 06:00:00+00:00,0.08503890037536621,25.545351028442383,3.4188116744933614,25.450733184814453
2011-11-07 12:00:00+00:00,0.041911959648132324,18.610082626342773,4.136994213677168,18.589601516723633
2011-11-07 18:00:00+00:00,0.1893814206123352,19.23114585876465,3.994773112998474,18.820276260375977
2011-11-08 00:00:00+00:00,0.4537438750267029,28.391864776611328,3.4743863038837057,23.973512649536133
2011-11-08 06:00:00+00:00,0.09809768199920654,15.799883842468262,3.0752205480543715,15.705279350280762
2011-11-08 12:00:00+00:00,1.0,3992.193115234375,0.6351969095500594,3991.837158203125
2011-11-08 18:00:00+00:00,1.0,4360.41015625,0.4368582087868069,4359.83935546875
2011-11-09 00:00:00+00:00,1.0,4382.18310546875,0.9524953659738945,4381.5927734375
2011-11-09 06:00:00+00:00,0.24717748165130615,6.340175151824951,2.639057329615258,6.102516174316406
2011-11-09 12:00:00+00:00,0.18414771556854248,14.752019882202148,3.151458510243029,14.436508178710938
2011-11-09 18:00:00+00:00,0.2493889331817627,9.005614280700684,3.523355727981847,8.636312484741211
2011-11-10 00:00:00+00:00,1.0,3858.80615234375,0.5791407086332809,3857.866455078125
2011-11-10 06:00:00+00:00,1.0,3709.433837890625,0.4826391128938171,3708.5419921875
2011-11-10 12:00:00+00:00,1.0,3385.662109375,0.5753041773449494,3384.96826171875
2011-11-10 18:00:00+00:00,1.0,3476.8818359375,0.6627525375928937,3476.038330078125
2011-11-11 00:00:00+00:00,1.0,3354.946044921875,0.6290483289307044,3354.16943359375
2011-11-11 06:00:00+00:00,1.0,3127.3857421875,0.5617747699529322,3126.816162109375
2011-11-11 12:00:00+00:00,1.0,2823.751220703125,0.4447481376920378,2823.06005859375
2011-11-11 18:00:00+00:00,1.0,2841.472412109375,0.4983230542816242,2841.023681640625
2011-11-12 00:00:00+00:00,1.0,2717.368408203125,0.6228977671252945,2716.97900390625
2011-11-12 06:00:00+00:00,1.0,2457.02734375,0.7089683179706756,2456.623779296875
2011-11-12 12:00:00+00:00,1.0,2112.45166015625,0.695230425344969,2112.180908203125
2011-11-12 18:00:00+00:00,1.0,2176.134033203125,0.5369723248589305,2175.9521484375
2011-11-13 00:00:00+00:00,1.0,2012.5009765625,0.458169410903323,2012.3990478515625
2011-11-13 06:00:00+00:00,1.0,1836.447265625,0.9641305484651044,1836.37158203125
2011-11-13 12:00:00+00:00,1.0,1523.6324462890625,0.48518739307195663,1523.566650390625
2011-11-13 18:00:00+00:00,1.0,1559.080322265625,0.505185797908065,1558.9600830078125
2011-11-14 00:00:00+00:00,1.0,1536.4017333984375,0.7758822106845649,1536.3687744140625
2011-11-14 06:00:00+00:00,1.0,1450.2431640625,0.7801530009645278,1450.119873046875
2011-11-14 12:00:00+00:00,1.0,1273.01220703125,0.7395112398940482,1272.849365234375
2011-11-14 18:00:00+00:00,1.0,1358.3248291015625,0.9848684418069247,1358.2779541015625
2011-11-15 00:00:00+00:00,1.0,1348.381591796875,0.46824295567185703,1348.2957763671875
2011-11-15 06:00:00+00:00,1.0,1240.20947265625,0.5030409477228381,1240.19287109375
2011-11-15 12:00:00+00:00,1.0,1076.2625732421875,0.5430192246677044,1076.2342529296875
2011-11-15 18:00:00+00:00,1.0,1115.904296875,0.8587935464206427,1115.8875732421875
2011-11-16 00:00:00+00:00,1.0,1081.184814453125,0.7823378655363904,1081.160400390625
2011-11-16 06:00:00+00:00,1.0,1062.67333984375,0.8624344033347113,1062.6722412109375
2011-11-16 12:00:00+00:00,1.0,928.8011474609375,0.6639578508529416,928.77001953125
2011-11-16 18:00:00+00:00,1.0,966.5781860351562,0.9053642965236958,966.5636596679688
2011-11-17 00:00:00+00:00,1.0,983.8031005859375,0.7634555693429266,983.7625732421875
2011-11-17 06:00:00+00:00,1.0,937.9215087890625,0.9750993545280833,937.9196166992188
2011-11-17 12:00:00+00:00,1.0,881.2491455078125,0.5362855914032131,881.2172241210938
2011-11-17 18:00:00+00:00,1.0,905.1757202148438,0.6388767221978601,905.1265258789062
2011-11-18 00:00:00+00:00,1.0,935.50390625,0.5964583507454042,935.4137573242188
2011-11-18 06:00:00+00:00,1.0,972.6488647460938,0.8761091202400463,972.5989379882812
2011-11-18 12:00:00+00:00,1.0,894.7344360351562,0.5719975225435364,894.7048950195312
2011-11-18 18:00:00+00:00,1.0,1011.5748291015625,0.9885907449827996,1011.4812622070312
2011-11-19 00:00:00+00:00,1.0,1114.7913818359375,0.610896867942406,1114.6610107421875
2011-11-19 06:00:00+00:00,1.0,1071.1585693359375,0.5836058877203096,1071.0556640625
2011-11-19 12:00:00+00:00,1.0,958.6520385742188,0.6835899810159188,958.486572265625
2011-11-19 18:00:00+00:00,1.0,1110.291748046875,0.8613105578018653,1110.1431884765625
2011-11-20 00:00:00+00:00,1.0,1222.5045166015625,0.6991940344212826,1222.3546142578125
2011-11-20 06:00:00+00:00,1.0,1193.115966796875,0.9376979004512981,1192.9715576171875
2011-11-20 12:00:00+00:00,1.0,1165.681640625,0.5186685809266335,1165.5343017578125
2011-11-20 18:00:00+00:00,1.0,1237.92431640625,0.8737669106306598,1237.7664794921875
2011-11-21 00:00:00+00:00,1.0,1353.8116455078125,0.817052116887657,1353.6683349609375
2011-11-21 06:00:00+00:00,1.0,1388.89306640625,0.9668083251091594,1388.739013671875
2011-11-21 12:00:00+00:00,1.0,1363.3564453125,0.8352389041353327,1363.1993408203125
2011-11-21 18:00:00+00:00,1.0,1499.821044921875,0.9626968587415669,1499.6490478515625
2011-11-22 00:00:00+00:00,1.0,1600.31884765625,0.4968584305893348,1600.23193359375
2011-11-22 06:00:00+00:00,1.0,1631.1876220703125,0.4630985334344097,1631.0400390625
2011-11-22 12:00:00+00:00,1.0,1596.56298828125,0.42905785318066614,1596.4239501953125
2011-11-22 18:00:00+00:00,0.15456199645996094,16.877517700195312,3.0625293002546226,16.5963134765625
2011-11-23 00:00:00+00:00,0.06733465194702148,22.717151641845703,3.4945042145581224,22.6561279296875
2011-11-23 06:00:00+00:00,0.18366777896881104,21.047470092773438,3.754469045120504,20.642932891845703
2011-11-23 12:00:00+00:00,0.11717236042022705,17.791337966918945,3.954537083148332,17.650972366333008
2011-11-23 18:00:00+00:00,0.09418869018554688,18.57705307006836,3.9102650496149396,18.47663116455078
2011-11-24 00:00:00+00:00,0.19480788707733154,22.850341796875,4.014419451345934,22.342025756835938
2011-11-24 06:00:00+00:00,0.21748733520507812,38.53474807739258,3.2447941020631297,37.771522521972656
2011-11-24 12:00:00+00:00,0.25872600078582764,30.649805068969727,3.563033938866349,29.68262481689453
2011-11-24 18:00:00+00:00,0.22303402423858643,37.09272003173828,3.4959998091632762,36.23604965209961
2011-11-25 00:00:00+00:00,0.14550209045410156,34.42245101928711,3.5189453831720843,34.050357818603516
2011-11-25 06:00:00+00:00,0.18150603771209717,34.35309982299805,3.3811980669727357,33.796627044677734
2011-11-25 12:00:00+00:00,0.2151561975479126,30.937898635864258,2.982951505923896,30.2114315032959
2011-11-25 18:00:00+00:00,0.2097715139389038,51.265689849853516,2.573886640138188,50.41294479370117
2011-11-26 00:00:00+00:00,0.18828225135803223,48.18070602416992,2.9193702040029144,47.48415756225586
2011-11-26 06:00:00+00:00,0.2321532964706421,56.99794387817383,2.90079538530292,55.75774383544922
2011-11-26 12:00:00+00:00,0.25233256816864014,45.31775665283203,3.0170564891405562,44.070068359375
2011-11-26 18:00:00+00:00,0.18259024620056152,46.47163772583008,2.527851899814453,45.90605545043945
2011-11-27 00:00:00+00:00,0.21378397941589355,37.774986267089844,2.961799497443352,37.01608657836914
2011-11-27 06:00:00+00:00,0.1634427309036255,42.73096466064453,2.286983257533451,42.30211639404297
2011-11-27 12:00:00+00:00,0.19648480415344238,93.81047058105469,1.4661975321019276,93.1923828125
2011-11-27 18:00:00+00:00,0.2233513593673706,34.885196685791016,2.3460371367243966,34.122581481933594
2011-11-28 00:00:00+00:00,0.08977782726287842,373.0644836425781,0.7908259483040211,372.9100036621094
2011-11-28 06:00:00+00:00,0.17632734775543213,86.7019271850586,1.4752817032352556,86.20684814453125
2011-11-28 12:00:00+00:00,0.027608275413513184,318.5289611816406,0.7981438091017468,318.51666259765625
2011-11-28 18:00:00+00:00,0.09639179706573486,26.54027557373047,3.0556683204140747,26.406360626220703
2011-11-29 00:00:00+00:00,0.005869269371032715,284.0835266113281,0.8923494721201686,284.0828857421875
2011-11-29 06:00:00+00:00,0.06015825271606445,256.42730712890625,0.8141624220515326,256.36102294921875
2011-11-29 12:00:00+00:00,0.1596684455871582,25.591815948486328,3.1928938403563425,25.234487533569336
2011-11-29 18:00:00+00:00,0.1947389841079712,38.90908432006836,3.060901130209647,38.18190383911133
2011-11-30 00:00:00+00:00,0.1891857385635376,34.52228927612305,3.1235385307466017,33.92179870605469
2011-11-30 06:00:00+00:00,0.21624374389648438,45.06658172607422,2.3251614668549605,44.28876876831055
2011-11-30 12:00:00+00:00,0.19645977020263672,35.951072692871094,2.681623147254727,35.31272888183594
2011-11-30 18:00:00+00:00,0.18187928199768066,42.218170166015625,2.616452076585765,41.6190299987793
2011-12-01 00:00:00+00:00,0.15083253383636475,45.90966796875,2.5509115609166084,45.47193145751953
2011-12-01 06:00:00+00:00,0.20743155479431152,38.119842529296875,2.762990227280856,37.36473083496094
2011-12-01 12:00:00+00:00,0.17783451080322266,33.314388275146484,3.005258325727621,32.802433013916016
2011-12-01 18:00:00+00:00,0.1725996732711792,41.58184814453125,2.853897085690861,41.01348876953125
2011-12-02 00:00:00+00:00,0.18170714378356934,40.54246139526367,2.760533748290574,39.929195404052734
2011-12-02 06:00:00+00:00,0.1635831594467163,41.24308395385742,2.8359438963866634,40.749053955078125
2011-12-02 12:00:00+00:00,0.1509307622909546,33.596343994140625,3.013955622215534,33.2102165222168
2011-12-02 18:00:00+00:00,0.15825510025024414,33.09543991088867,2.795197993794972,32.690067291259766
2011-12-03 00:00:00+00:00,0.19933700561523438,32.316715240478516,3.3739932534525185,31.653564453125
2011-12-03 06:00:00+00:00,0.15201163291931152,25.94509506225586,3.708369661458475,25.608543395996094
2011-12-03 12:00:00+00:00,0.11094880104064941,30.80155372619629,3.0556597663817944,30.615802764892578
2011-12-03 18:00:00+00:00,0.12330794334411621,32.846927642822266,3.5394032188567373,32.58251953125
2011-12-04 00:00:00+00:00,0.1604173183441162,34.177059173583984,3.3224943094284907,33.717987060546875
2011-12-04 06:00:00+00:00,0.23954534530639648,34.23728561401367,3.3650772090846823,33.260108947753906
2011-12-04 12:00:00+00:00,0.019676923751831055,28.57402801513672,3.5598649918350618,28.567890167236328
2011-12-04 18:00:00+00:00,0.07449978590011597,121.09798431396484,2.0100577467546534,120.98966217041016
2011-12-05 00:00:00+00:00,0.20182693004608154,27.686874389648438,3.9756621905149983,27.00796127319336
2011-12-05 06:00:00+00:00,0.12907373905181885,24.203153610229492,4.047839367470856,23.954946517944336
2011-12-05 12:00:00+00:00,0.49033641815185547,18.594375610351562,3.9786820212787775,15.72515869140625
2011-12-05 18:00:00+00:00,0.005587458610534668,15.354035377502441,3.7457815351523123,15.353727340698242
2011-12-06 00:00:00+00:00,0.22669768333435059,16.031238555908203,3.0315905757832304,15.570527076721191
2011-12-06 06:00:00+00:00,1.0,2538.08251953125,0.9011960236047455,2537.702392578125
2011-12-06 12:00:00+00:00,1.0,2324.087158203125,0.915520821875509,2323.749267578125
2011-12-06 18:00:00+00:00,0.626296877861023,31.136125564575195,2.685945324669788,22.98382568359375
2011-12-07 00:00:00+00:00,1.0,2295.37646484375,0.47119833578027004,2295.013427734375
2011-12-07 06:00:00+00:00,0.00953829288482666,37.814971923828125,3.6447362165769572,37.81283950805664
2011-12-07 12:00:00+00:00,0.24623405933380127,29.23134422302246,2.484906649788001,28.06627655029297
2011-12-07 18:00:00+00:00,0.6241978406906128,20.365894317626953,2.639057329615258,15.098078727722168
2011-12-08 00:00:00+00:00,0.4109112024307251,19.80490493774414,3.3377196120796215,17.856225967407227
2011-12-08 06:00:00+00:00,0.1947237253189087,32.79923629760742,3.8914693852856117,32.05070114135742
2011-12-08 12:00:00+00:00,0.16511666774749756,28.155426025390625,3.464242969539795,27.763553619384766
2011-12-08 18:00:00+00:00,0.033332765102386475,30.473329544067383,3.390112808136243,30.455036163330078
2011-12-09 00:00:00+00:00,0.13088589906692505,27.028711318969727,4.0323844742903105,26.743101119995117
2011-12-09 06:00:00+00:00,0.10892325639724731,26.342391967773438,4.009332754267246,26.156694412231445
2011-12-09 12:00:00+00:00,0.17187398672103882,29.74638557434082,3.835005643002705,29.211740493774414
2011-12-09 18:00:00+00:00,0.24522894620895386,33.66637420654297,3.99336976620808,32.47084426879883
2011-12-10 00:00:00+00:00,0.21541839838027954,27.825912475585938,4.040701611790552,26.98282241821289
2011-12-10 06:00:00+00:00,0.05043613910675049,29.62668228149414,3.866599571380081,29.58467674255371
2011-12-10 12:00:00+00:00,0.33335769176483154,22.765432357788086,3.976598807373505,21.177593231201172
2011-12-10 18:00:00+00:00,0.25533390045166016,19.39696502685547,3.751167328029033,18.431211471557617
2011-12-11 00:00:00+00:00,1.0,1395.5428466796875,0.3903388071349193,1395.54150390625
2011-12-11 06:00:00+00:00,0.14863550662994385,46.19281005859375,1.6094379124341005,45.569480895996094
2011-12-11 12:00:00+00:00,0.9736779537051916,13.776522636413574,1.7917594692280547,5.775285243988037
2011-12-11 18:00:00+00:00,0.792567104101181,33.07926559448242,1.6094379124341005,16.572906494140625
2011-12-12 00:00:00+00:00,0.3850897550582886,73.020751953125,2.3978952727983707,65.58808135986328
2011-12-12 06:00:00+00:00,0.6272526979446411,26.254499435424805,2.0794415416798357,19.955068588256836
2011-12-12 12:00:00+00:00,0.9926054910756648,32.348541259765625,0.6931471805599453,16.294313430786133
2011-12-12 18:00:00+00:00,1.0,1272.244140625,0.3963074381232051,1272.233154296875
2011-12-13 00:00:00+00:00,1.0,1220.6444091796875,0.32645931045889903,1220.6258544921875
2011-12-13 06:00:00+00:00,1.0,1211.23486328125,0.3259928721329392,1211.21044921875
2011-12-13 12:00:00+00:00,1.0,1174.0828857421875,0.5372386528199756,1174.08251953125
2011-12-13 18:00:00+00:00,1.0,1254.945556640625,0.7367694748702056,1254.94287109375
2011-12-14 00:00:00+00:00,1.0,1268.5767822265625,0.35587785002041267,1268.57177734375
2011-12-14 06:00:00+00:00,1.0,1247.6982421875,0.8411480547785776,1247.6983642578125
2011-12-14 12:00:00+00:00,1.0,1191.9219970703125,0.32681146450814286,1191.9202880859375
2011-12-14 18:00:00+00:00,1.0,1297.5091552734375,0.863847391230604,1297.5087890625
2011-12-15 00:00:00+00:00,1.0,1336.46533203125,0.3317982905092813,1336.4620361328125
2011-12-15 06:00:00+00:00,1.0,1262.671875,0.6362809333180877,1262.6629638671875
2011-12-15 12:00:00+00:00,1.0,1202.8726806640625,0.4768648154303697,1202.8289794921875
2011-12-15 18:00:00+00:00,1.0,1279.2354736328125,0.4541013856637827,1279.1324462890625
2011-12-16 00:00:00+00:00,1.0,1357.713134765625,0.8372825088600349,1357.6312255859375
2011-12-16 06:00:00+00:00,1.0,1324.4375,0.6613667746744424,1324.3890380859375
2011-12-16 12:00:00+00:00,1.0,1293.0723876953125,0.39601183153241726,1292.9500732421875
2011-12-16 18:00:00+00:00,1.0,1348.43994140625,0.579422977153627,1348.324462890625
2011-12-17 00:00:00+00:00,1.0,1368.814208984375,0.6635136281579512,1368.6937255859375
2011-12-17 06:00:00+00:00,1.0,1272.144287109375,0.7259271481431875,1272.0509033203125
2011-12-17 12:00:00+00:00,1.0,1196.794189453125,0.7892250593896495,1196.6810302734375
2011-12-17 18:00:00+00:00,1.0,1311.171875,0.8259811363090707,1311.10595703125
2011-12-18 00:00:00+00:00,1.0,1308.3212890625,0.45387081088949577,1308.221923828125
2011-12-18 06:00:00+00:00,1.0,1229.5577392578125,0.8494196245093004,1229.3973388671875
2011-12-18 12:00:00+00:00,1.0,1286.3363037109375,0.47212777412419316,1286.0523681640625
2011-12-18 18:00:00+00:00,1.0,1465.753173828125,0.41897970407403423,1465.6746826171875
2011-12-19 00:00:00+00:00,1.0,1472.139404296875,0.7669281880062896,1472.058349609375
2011-12-19 06:00:00+00:00,1.0,1486.4053955078125,0.6652957901391993,1486.356201171875
2011-12-19 12:00:00+00:00,1.0,1470.1259765625,0.38364239848746917,1470.074462890625
2011-12-19 18:00:00+00:00,1.0,1602.4495849609375,0.44642683741753414,1602.435302734375
2011-12-20 00:00:00+00:00,1.0,1581.518798828125,0.3776475376535224,1581.517822265625
2011-12-20 06:00:00+00:00,1.0,1533.7802734375,0.663221539003006,1533.7769775390625
2011-12-20 12:00:00+00:00,1.0,1480.944580078125,0.435206519708483,1480.942626953125
2011-12-20 18:00:00+00:00,1.0,1828.728515625,0.4001878835983224,1828.721435546875
2011-12-21 00:00:00+00:00,1.0,1971.5186767578125,0.9051514784049886,1971.5145263671875
2011-12-21 06:00:00+00:00,1.0,1891.0606689453125,0.6222850243398075,1891.0396728515625
2011-12-21 12:00:00+00:00,0.5550705194473267,39.174259185791016,3.0904599236161974,32.915252685546875
2011-12-21 18:00:00+00:00,0.3146775960922241,689.3427734375,2.441290574277059,682.0260009765625
2011-12-22 00:00:00+00:00,0.08530831336975098,37.877647399902344,3.6533437446229575,37.729087829589844
2011-12-22 06:00:00+00:00,0.018007874488830566,38.027626037597656,3.863577552141473,38.020992279052734
2011-12-22 12:00:00+00:00,0.11652243137359619,40.41633224487305,3.856925285945539,40.090904235839844
2011-12-22 18:00:00+00:00,0.07140541076660156,89.53717041015625,2.6546510143970488,89.35828399658203
2011-12-23 00:00:00+00:00,0.04304218292236328,45.43820571899414,3.9758145044562414,45.3889045715332
2011-12-23 06:00:00+00:00,0.10165917873382568,42.73366928100586,3.6023725847443475,42.483848571777344
2011-12-23 12:00:00+00:00,0.08534586429595947,47.65101623535156,3.3204816975591473,47.459373474121094
2011-12-23 18:00:00+00:00,0.07191622257232666,68.91825866699219,2.7161971760923436,68.75042724609375
2011-12-24 00:00:00+00:00,0.14033901691436768,82.63490295410156,2.473952836961594,81.98521423339844
2011-12-24 06:00:00+00:00,0.13490474224090576,70.10623931884766,2.914273507945572,69.58204650878906
2011-12-24 12:00:00+00:00,0.15655100345611572,73.84297943115234,2.456067839955824,73.08895874023438
2011-12-24 18:00:00+00:00,0.11691856384277344,77.45905303955078,2.480776720929618,77.0185775756836
2011-12-25 00:00:00+00:00,0.1890805959701538,90.88317108154297,2.1890902280956044,89.70115661621094
2011-12-25 06:00:00+00:00,0.12736892700195312,61.36031723022461,2.5807736573589404,60.91827392578125
2011-12-25 12:00:00+00:00,0.13501393795013428,63.92981719970703,2.981278480193979,63.39246368408203
2011-12-25 18:00:00+00:00,0.16170525550842285,75.93054962158203,2.9591487470862856,75.04682159423828
2011-12-26 00:00:00+00:00,0.10805618762969971,84.49922943115234,2.5452186368548646,84.09574127197266
2011-12-26 06:00:00+00:00,0.17671847343444824,106.42815399169922,1.7223612550808807,105.46440124511719
2011-12-26 12:00:00+00:00,0.158927321434021,79.53851318359375,2.586086163712063,78.75225830078125
2011-12-26 18:00:00+00:00,0.13068294525146484,86.11557006835938,2.5097367616323556,85.53905487060547
2011-12-27 00:00:00+00:00,0.1481989622116089,91.82941436767578,2.5559000134567778,91.0580825805664
2011-12-27 06:00:00+00:00,0.18796372413635254,99.23188018798828,1.9772797467173953,98.14515686035156
2011-12-27 12:00:00+00:00,0.18635964393615723,105.0858154296875,2.0703576001136623,103.97650909423828
2011-12-27 18:00:00+00:00,0.13553738594055176,83.57087707519531,2.369254160828137,82.95323181152344
2011-12-28 00:00:00+00:00,0.14691197872161865,106.95062255859375,2.17609895998863,106.15432739257812
2011-12-28 06:00:00+00:00,0.1657874584197998,89.59845733642578,2.413708220709941,88.7396469116211
2011-12-28 12:00:00+00:00,0.17364048957824707,105.19757080078125,1.8693744771158363,104.21126556396484
2011-12-28 18:00:00+00:00,0.14942848682403564,104.01226806640625,2.1528060862738716,103.21455383300781
2011-12-29 00:00:00+00:00,0.16938793659210205,88.60635375976562,2.5272770325333265,87.59796905517578
2011-12-29 06:00:00+00:00,0.15664708614349365,104.12101745605469,1.938112959481144,103.33963012695312
2011-12-29 12:00:00+00:00,0.1753915548324585,91.7679214477539,2.042100125725843,90.77490997314453
2011-12-29 18:00:00+00:00,0.1650911569595337,104.79305267333984,2.1537364460357833,103.77587890625
2011-12-30 00:00:00+00:00,0.11622428894042969,79.02391815185547,2.198026111548995,78.56297302246094
2011-12-30 06:00:00+00:00,0.13915467262268066,75.59187316894531,2.4490964224336724,74.97940063476562
2011-12-30 12:00:00+00:00,0.14750266075134277,81.21565246582031,2.327575921884143,80.4668960571289
2011-12-30 18:00:00+00:00,0.13613927364349365,86.98839569091797,2.288133650118261,86.3215103149414
2011-12-31 00:00:00+00:00,0.13425660133361816,72.82049560546875,3.1084013325790125,72.16179656982422
2011-12-31 06:00:00+00:00,0.1592862606048584,75.50035095214844,2.4130828514817075,74.66297149658203
2011-12-31 12:00:00+00:00,0.14611876010894775,73.3261947631836,3.1106489615138684,72.5783462524414
2011-12-31 18:00:00+00:00,0.09032571315765381,67.81295013427734,3.025046454787845,67.53166198730469
