timestamp,R2_1_1,skew_1_1,R2_1_2,skew_1_2,R2_1_3,skew_1_3,R2_2_1,skew_2_1,R2_2_2,skew_2_2,R2_2_3,skew_2_3,R2_3_1,skew_3_1,R2_3_2,skew_3_2,R2_3_3,skew_3_3,R2_4_1,skew_4_1,R2_4_2,skew_4_2,R2_4_3,skew_4_3,n_ch_total,n_ch_kept
2011-01-01 00:00:00+00:00,,,0.10579526424407959,3.6452577349834034,,,,,,,,,0.2324765920639038,-7.6682888767569715,,,,,,,0.01638627052307129,-0.38071855221815537,,,4,4
2011-01-01 06:00:00+00:00,,,0.12432754039764404,2.6908503248073323,,,,,0.14368247985839844,5.858754207371296,,,0.16211241483688354,-3.3439194857190553,,,,,,,0.14621543884277344,-0.09547435308111495,,,5,5
2011-01-01 12:00:00+00:00,,,0.12882184982299805,0.8953526191315654,,,,,0.1770646572113037,0.42996188842632227,,,0.22635549306869507,-1.849578011156809,,,,,,,0.0902092456817627,-0.678170485112801,,,5,5
2011-01-01 18:00:00+00:00,,,0.12762534618377686,0.9354247296748752,,,,,0.2550332546234131,6.412520959928348,,,0.3416905999183655,-9.528029932594936,0.17526453733444214,-3.210055211166929,,,,,0.06414002180099487,-0.2771788590461459,,,5,5
2011-01-02 00:00:00+00:00,,,0.07701230049133301,1.4752556945045616,,,,,0.016143083572387695,0.30265686500276534,,,0.29929953813552856,-4.7967498974760785,0.22319793701171875,-5.3633589905020775,,,,,0.1238245964050293,-1.5105541281220933,0.24323958158493042,-0.5288946923308001,7,7
2011-01-02 06:00:00+00:00,,,0.1351017951965332,1.8823474953092532,0.05700266361236572,0.1707498187478273,,,0.25119340419769287,-0.6447305444638743,,,0.3003411293029785,-6.40717507336933,0.19632744789123535,-9.097978114567672,,,,,0.043963730335235596,-1.5449271549291341,0.5604280829429626,-1.515195021720899,7,7
2011-01-02 12:00:00+00:00,,,0.11683571338653564,2.7187058557440644,,,,,,,,,0.2225819230079651,-6.502281222070964,0.22209852933883667,-6.860688745522054,,,,,0.147322416305542,-0.42142998100825657,,,4,4
2011-01-02 18:00:00+00:00,,,0.12583529949188232,1.6464562474907452,,,,,,,,,0.23707252740859985,-6.347223577995974,0.2653377652168274,-5.590379420412211,,,,,0.09958124160766602,-0.8714565623855517,,,4,4
2011-01-03 00:00:00+00:00,,,0.13244211673736572,1.2206072936519297,,,,,,,,,0.16622281074523926,-2.5703161521902613,0.3210754990577698,-11.934595919298655,,,,,0.12105590105056763,-0.369465689396997,,,4,4
2011-01-03 06:00:00+00:00,,,0.15706467628479004,3.8715422659989973,,,,,,,,,0.23866945505142212,-4.423256230154661,0.30427855253219604,-10.901987137290869,,,,,0.011161208152770996,-0.16116579279555818,,,4,4
2011-01-03 12:00:00+00:00,,,0.15884923934936523,0.856970970330328,,,,,,,,,,,0.3057495951652527,-17.620614187155088,,,,,0.279538631439209,-1.2907697949339445,0.03749394416809082,1.1990404445965186,5,5
2011-01-03 18:00:00+00:00,,,0.17682862281799316,1.2490880534262039,,,,,,,,,,,0.2671594023704529,-4.488530350562228,,,,,0.13175195455551147,-2.872408370888965,,,5,5
2011-01-04 00:00:00+00:00,,,0.14629292488098145,1.5477200928305954,,,,,,,,,,,0.2623574733734131,-4.559294389602658,,,,,0.11844950914382935,-0.30510727785438607,,,4,4
2011-01-04 06:00:00+00:00,,,0.15489459037780762,1.4640995547155207,,,0.416385293006897,-2.605122989442261,,,,,,,0.32867300510406494,-10.74681611511333,,,,,0.08871215581893921,-0.027458355121516977,,,4,4
2011-01-04 12:00:00+00:00,,,0.15801334381103516,0.7758216519491815,,,,,,,,,,,0.25338315963745117,-11.190428080223763,,,,,0.16982018947601318,-0.09902204623633594,,,5,5
2011-01-04 18:00:00+00:00,,,0.11554992198944092,0.6451062071880211,,,,,,,,,,,0.28480905294418335,-5.733157425720224,,,,,,,0.02624344825744629,-0.0812493779259994,4,4
2011-01-05 00:00:00+00:00,,,0.14164721965789795,4.054207237544018,,,,,,,,,,,0.2835078239440918,-7.312000859383284,,,,,,,0.16292023658752441,0.12922959870029116,5,5
2011-01-05 06:00:00+00:00,,,0.07861542701721191,0.5425730126767079,,,0.54891437292099,-0.688133390307505,,,,,,,0.26317232847213745,-4.365604696794982,,,,,,,0.0542910099029541,1.4528103934468923,7,7
2011-01-05 12:00:00+00:00,,,0.0990900993347168,0.8790818237156321,,,0.020063042640686035,-0.18968989027000974,,,,,,,0.4076988101005554,-8.293033002109793,,,,,,,0.024003028869628906,2.0164204395846803,7,7
2011-01-05 18:00:00+00:00,,,0.1047295331954956,2.0641279509218604,,,0.11501026153564453,-1.4665265163941323,,,,,,,0.25222498178482056,-5.706969943773096,,,,,,,0.019615232944488525,0.1370279737372918,4,4
2011-01-06 00:00:00+00:00,,,0.08692920207977295,0.9650456732601225,,,0.2771573066711426,-2.35434873074951,,,,,0.1271064281463623,-0.22251639492416397,0.3537164330482483,-9.547530544762138,0.2542816996574402,-5.862245676849747,,,,,0.1408522129058838,0.13459783239156203,6,6
2011-01-06 06:00:00+00:00,,,0.07789874076843262,1.7083662474869141,,,,,0.5455647706985474,-8.967210194990438,,,0.15217000246047974,-0.12884130961224077,0.4031839966773987,-14.62787547327834,0.30986034870147705,-6.609077771175739,,,,,,,7,6
2011-01-06 12:00:00+00:00,,,0.0728987455368042,0.9208270211918971,,,,,0.564779132604599,-10.812546821815754,,,0.20740115642547607,-2.157261124456581,0.3477727174758911,-12.082862398395735,0.30738556385040283,-6.2506913790219185,,,,,,,6,6
2011-01-06 18:00:00+00:00,,,0.12005078792572021,1.870761698010198,,,,,0.5283713936805725,-6.877463405918299,,,0.27194762229919434,-3.84141425682223,0.2971464991569519,-7.812851668840623,0.346255362033844,-5.219258494551015,,,,,,,7,7
2011-01-07 00:00:00+00:00,,,0.09557831287384033,1.4096399715803891,,,,,0.7383845746517181,-5.564787064940211,,,0.23839539289474487,-0.7489507737196079,0.3127173185348511,-12.193042166653356,0.2482861876487732,-4.0479801520579874,,,,,,,5,5
2011-01-07 06:00:00+00:00,,,0.16875028610229492,1.526647196443469,,,,,0.4229584336280823,-8.666290933710421,,,0.19689935445785522,-0.8140913591019894,0.2787419557571411,-5.6737587883060705,0.3318999409675598,-4.049174265565197,,,,,,,5,5
2011-01-07 12:00:00+00:00,,,0.09277760982513428,0.6181589654819004,,,,,0.6581242978572845,-9.07912154305982,,,0.21198350191116333,-3.9770434976662283,0.24663645029067993,-9.651926253930943,0.2403324842453003,-3.461689626079523,,,,,,,5,5
2011-01-07 18:00:00+00:00,,,0.1510862112045288,0.21765053644096838,,,,,0.5495724380016327,-4.222822400557337,,,0.2726444602012634,-4.2677958801995155,0.24853378534317017,-9.53410220197608,0.2114497423171997,-1.6575052752269461,,,,,,,6,6
2011-01-08 00:00:00+00:00,,,0.09695589542388916,0.2499190145509573,,,,,0.49726253747940063,-8.712404338437612,,,0.24529695510864258,-5.777014495631827,,,0.06800991296768188,1.5907620431998617,,,,,,,6,6
2011-01-08 06:00:00+00:00,,,0.10037815570831299,0.2032331676284489,,,,,0.6195671558380127,-7.222494852200927,,,0.32945454120635986,-12.2592209757237,,,0.17561835050582886,-5.908600944320534,,,,,,,6,6
2011-01-08 12:00:00+00:00,,,0.0960090160369873,1.5946408587474816,,,,,0.26837384700775146,-3.670533877741132,,,0.280312180519104,-8.545818478488798,,,0.1301887035369873,-1.0176028424599426,,,,,,,6,6
2011-01-08 18:00:00+00:00,,,0.09613025188446045,3.86320897676916,,,,,0.46090757846832275,-9.121176567954763,,,0.21378499269485474,-5.521843912074093,0.03626668453216553,-0.11536379324269334,0.13425558805465698,-1.1438139205629492,,,,,,,7,7
2011-01-09 00:00:00+00:00,,,0.11398029327392578,2.4552998285342325,,,,,0.4723711609840393,-3.622896557807628,,,0.2119654417037964,-10.019501317898314,0.024975955486297607,-3.3517556181381782,0.09048932790756226,-2.312577015809606,,,,,,,7,7
2011-01-09 06:00:00+00:00,,,0.13992047309875488,1.486668924507858,,,,,0.2686293125152588,-4.118683855271109,,,,,0.23656213283538818,-5.954159970410779,0.08372926712036133,-1.1293068121087757,,,,,,,8,7
2011-01-09 12:00:00+00:00,0.12924563884735107,2.001394253005942,,,0.2524728775024414,-0.2724600612473048,,,0.30591773986816406,-8.16588808733647,,,0.5731405317783356,-5.325759142250571,0.1961786150932312,-3.4250673890389924,0.09424233436584473,-1.327814997990914,,,,,,,8,8
2011-01-09 18:00:00+00:00,0.040094971656799316,-55.06409929127455,,,0.16575658321380615,0.8393185117058518,,,0.28228306770324707,-4.416811473725854,,,0.37530797719955444,-3.981077517595471,0.1805766224861145,-15.10134692428074,0.050950586795806885,-0.4390738812235437,,,,,,,7,7
2011-01-10 00:00:00+00:00,,,0.10349535942077637,1.9477008064345998,0.1469895839691162,-0.24123038904133987,,,0.25398188829421997,-1.0967180464394186,,,0.5093256235122681,-5.698725877970207,0.2590710520744324,-10.676851376394959,0.043925940990448,0.006129229939570557,,,,,,,8,7
2011-01-10 06:00:00+00:00,,,0.13823771476745605,1.8541799241190078,,,,,,,0.1784713864326477,0.6505978377990423,0.23959290981292725,-1.4384053987951952,0.21694302558898926,-9.960701642358796,0.055049121379852295,-1.0661026282514534,,,,,,,8,7
2011-01-10 12:00:00+00:00,0.11240100860595703,1.5374315361959185,,,,,,,0.0889233946800232,0.0316028336770997,0.47554099559783936,-5.2037456805494005,,,0.2951899766921997,-11.204182972467818,0.196003258228302,-4.94084782351023,,,,,,,8,6
2011-01-10 18:00:00+00:00,,,0.14304125308990479,6.27820231565635,0.0399479866027832,-0.3122068749042236,,,0.13530224561691284,-0.9704579987937527,0.09357607364654541,-0.4041530510631967,,,0.24277764558792114,-8.743304275574992,0.002877354621887207,-0.01870921562212329,,,0.2100135087966919,-0.5451404950272446,,,10,10
2011-01-11 00:00:00+00:00,,,0.12184810638427734,5.793026368547563,0.37538135051727295,-0.1479969863202861,,,0.05528378486633301,-2.6292674815456585,0.10987246036529541,0.526021342559818,,,0.21245712041854858,-5.093405400765156,0.12982523441314697,0.03571031886568294,,,0.2873445749282837,-0.6354808440535477,,,10,9
2011-01-11 06:00:00+00:00,,,0.1586693525314331,7.024607638907464,,,,,0.043122172355651855,0.47341489365309525,0.1739901304244995,-4.278613641238963,,,0.24802178144454956,-8.654398916651564,0.4810352325439453,-0.366092089393831,,,0.5000416338443756,-0.41247042832122727,,,8,8
2011-01-11 12:00:00+00:00,,,0.1562122106552124,1.4621509083708184,,,,,0.08212888240814209,0.2563030105384539,0.029941678047180176,-0.9196639731335429,,,0.23181569576263428,-10.747907595720635,,,,,0.08624255657196045,0.019419502144415263,,,7,7
2011-01-11 18:00:00+00:00,,,0.1431870460510254,3.568469638972072,0.0090407133102417,0.8406912406954522,,,0.05148172378540039,-0.6607698130505792,0.28485655784606934,-0.33661711394222465,,,0.22615790367126465,-9.266234177394674,,,,,0.27946949005126953,-0.14227894439792177,,,6,6
2011-01-12 00:00:00+00:00,,,0.14589905738830566,10.952650642796739,0.026039063930511475,0.84286260404773,,,0.0691901445388794,2.1503655591309463,0.029318928718566895,0.2748515224799979,,,0.22273755073547363,-7.1632924672377225,,,,,0.2151472568511963,0.7753582122926866,,,9,9
2011-01-12 06:00:00+00:00,,,0.1532191038131714,5.990382137360801,,,,,0.06768912076950073,4.887425175620086,0.20928853750228882,0.02141257746245141,,,0.27708685398101807,-13.191291041059214,0.19550025463104248,-0.6164789146926967,,,0.24052393436431885,0.12823919310211454,,,8,8
2011-01-12 12:00:00+00:00,,,0.164107084274292,15.431103313897118,,,,,,,0.14159727096557617,-0.1302603367784798,,,0.20376074314117432,-6.680630269968324,0.03796321153640747,-1.7065951602321452,,,0.24477070569992065,-0.03926991809554502,,,7,7
2011-01-12 18:00:00+00:00,,,0.17046105861663818,7.563801693378454,0.08026492595672607,-0.7760268793591892,,,0.0443958044052124,0.18663938518984668,0.020108342170715332,-0.29035603414191163,,,0.2751920223236084,-10.594051560260064,0.021551311016082764,0.023583047080128913,,,0.0994756817817688,-0.05738645522919175,,,9,9
2011-01-13 00:00:00+00:00,,,0.21182692050933838,11.980750484291427,,,,,,,0.25067412853240967,0.8156863510327853,,,0.23878991603851318,-4.207222131904501,0.13859105110168457,-0.037951687191686255,,,0.18130642175674438,-0.24763615404538886,,,6,6
2011-01-13 06:00:00+00:00,,,0.24170708656311035,15.873101785200916,,,,,,,,,,,0.29460233449935913,-14.014902503032438,0.07530337572097778,-0.44956592458824557,,,0.09609544277191162,0.2973745835508545,,,5,5
2011-01-13 12:00:00+00:00,,,0.19370484352111816,6.130192850765934,,,,,0.05317568778991699,0.4811897349733161,,,,,,,0.24124270677566528,-10.151884210569843,,,,,0.12520170211791992,-0.0491047806668555,6,6
2011-01-14 00:00:00+00:00,,,0.1812223196029663,8.547595678921544,,,,,0.025600194931030273,-0.31537148451060376,,,,,,,0.1650627851486206,-2.0562595220172817,,,,,,,3,3
2011-01-14 06:00:00+00:00,,,0.21428227424621582,9.262075814678013,,,,,0.05256772041320801,-0.4410578678174949,0.19853585958480835,1.244741440595378,,,,,0.30556225776672363,-8.268130611864203,,,,,,,5,5
2011-01-14 12:00:00+00:00,,,0.20171070098876953,6.381789019229854,,,,,0.1888047456741333,6.35409306527938,,,,,,,0.2729130983352661,-4.518835825850136,,,,,,,4,4
2011-01-14 18:00:00+00:00,,,0.1998535394668579,9.04884492848976,,,,,0.08538424968719482,10.45783146287851,,,,,,,0.0975654125213623,-1.0229584589329304,,,,,,,4,4
2011-01-15 00:00:00+00:00,,,0.19440233707427979,8.740092685437986,,,,,0.03220963478088379,2.1225249544601708,,,,,,,0.34783935546875,-11.782915656181169,,,,,,,4,4
2011-01-15 06:00:00+00:00,,,0.21448183059692383,9.21035394987768,,,,,0.06534254550933838,-0.033626191646627446,,,,,,,0.016200244426727295,-2.2233610118602796,,,,,,,3,3
2011-01-15 12:00:00+00:00,,,0.17236971855163574,6.398536043164858,,,,,0.07903796434402466,-2.962759912071765,,,,,,,0.25511306524276733,-1.9567175624450777,,,,,,,3,3
2011-01-15 18:00:00+00:00,,,0.20841729640960693,9.069638151610574,,,,,0.0449373722076416,-6.800005446009032,,,,,,,0.1624714732170105,-0.35917310012267717,,,,,,,3,3
2011-01-16 00:00:00+00:00,,,0.1991339921951294,9.031750975350374,,,,,0.04837203025817871,3.0065555766846046,,,,,,,0.43657243251800537,-0.013684865134327207,,,,,,,3,3
2011-01-16 06:00:00+00:00,,,0.2160090208053589,15.642995706460052,,,,,0.1747816801071167,5.188203206793169,,,,,,,,,,,,,,,4,3
2011-01-16 12:00:00+00:00,,,0.16562068462371826,11.00819564905919,,,,,0.03892862796783447,-1.1118427249755387,,,,,,,0.5083537399768829,0.4658510786699182,,,,,,,4,4
2011-01-16 18:00:00+00:00,,,0.18089842796325684,24.431990423299247,,,,,0.08341330289840698,-0.5253398291604253,,,,,,,,,,,,,,,4,4
2011-01-17 00:00:00+00:00,,,0.15349435806274414,22.506659861650284,,,,,0.030120491981506348,1.8551761911959008,,,,,,,,,,,,,,,3,3
2011-01-17 06:00:00+00:00,,,0.20742177963256836,36.63562342865559,,,,,0.17346274852752686,12.039475048535694,,,,,,,,,,,,,,,3,3
2011-01-17 12:00:00+00:00,,,0.16381394863128662,2.283865409178432,,,,,0.13548517227172852,1.8830261457826047,,,,,,,,,,,,,,,3,3
2011-01-17 18:00:00+00:00,,,,,0.14423727989196777,28.966061984755285,,,0.19386959075927734,2.9554564417256017,,,,,,,,,,,,,,,3,3
2011-01-18 00:00:00+00:00,,,,,0.13344967365264893,2.782710859470661,,,0.20584654808044434,-0.47092716709093746,,,,,,,,,,,,,,,2,2
2011-01-18 06:00:00+00:00,,,,,0.16982877254486084,27.152971814239603,,,,,,,,,,,,,,,,,,,1,1
2011-01-18 12:00:00+00:00,,,,,0.1840660572052002,40.02898195419934,,,,,,,,,,,,,,,,,,,1,1
2011-01-18 18:00:00+00:00,,,,,0.14927875995635986,24.22809732418811,,,,,,,,,,,,,,,,,,,1,1
2011-01-19 00:00:00+00:00,,,,,0.17144691944122314,47.90928609592769,,,,,,,,,,,,,,,,,,,1,1
2011-01-19 06:00:00+00:00,,,,,0.1455305814743042,25.430272769032396,,,,,0.017802715301513672,0.03167245960512447,,,,,,,,,,,,,2,2
2011-01-19 12:00:00+00:00,,,,,0.23304986953735352,40.33404634682637,,,,,0.05601799488067627,0.6794936294331809,,,,,,,,,,,,,2,2
2011-01-19 18:00:00+00:00,,,,,0.07938289642333984,-3.9957027038264936,,,,,,,,,,,,,,,,,,,1,1
2011-01-20 00:00:00+00:00,,,,,0.15773260593414307,26.66342985646129,,,,,0.17471039295196533,0.1007756558625198,,,,,,,,,,,,,2,2
2011-01-20 06:00:00+00:00,,,,,0.10099565982818604,9.385993501050088,,,,,0.05815345048904419,0.0021573781042825047,,,,,,,,,,,,,2,2
2011-01-20 12:00:00+00:00,,,0.17987406253814697,28.651537296966392,0.16891920566558838,1.0510471443508036,,,,,,,,,,,,,,,,,,,2,2
2011-01-20 18:00:00+00:00,,,0.18377888202667236,0.3060300167568204,0.03403210639953613,5.885091664373954,,,,,,,,,,,,,,,,,,,2,2
2011-01-21 00:00:00+00:00,,,,,0.2482699155807495,28.07965500800627,,,,,,,,,,,,,,,,,,,2,2
2011-01-21 06:00:00+00:00,,,,,0.1213982105255127,-7.832453166308364,,,,,,,,,,,,,,,,,,,2,2
2011-01-21 12:00:00+00:00,,,0.22096490859985352,26.969360944759472,0.26939743757247925,-0.02516137912382577,,,,,,,,,,,,,,,,,,,2,2
2011-01-21 18:00:00+00:00,,,0.24743831157684326,28.448888454826132,,,,,,,,,,,,,,,,,,,,,1,1
2011-01-22 00:00:00+00:00,,,0.13568580150604248,23.92078482016394,,,,,,,,,,,,,,,,,,,,,1,1
2011-01-22 06:00:00+00:00,,,0.2086549997329712,34.87465915920938,,,,,,,,,,,,,,,,,,,,,1,1
2011-01-22 12:00:00+00:00,,,0.05363881587982178,-10.013112078091629,,,,,,,,,,,,,,,,,,,,,1,1
2011-01-22 18:00:00+00:00,,,0.16863346099853516,26.93515360313686,,,,,,,,,,,,,,,,,,,,,1,1
2011-01-23 00:00:00+00:00,,,0.039794325828552246,-9.727090814609118,,,,,,,,,,,,,,,,,,,,,1,1
2011-01-23 06:00:00+00:00,,,0.11206984519958496,0.3077340258324646,,,,,,,,,,,,,,,,,,,,,1,1
2011-01-23 12:00:00+00:00,,,0.13812685012817383,1.0755810764692697,0.08367103338241577,1.8469963772870217,0.48178696632385254,0.6458170557958579,,,,,,,,,,,,,,,,,3,3
2011-01-23 18:00:00+00:00,,,0.009089946746826172,-45.651333144010025,,,0.18210232257843018,-0.8451684394676355,,,,,,,,,,,,,,,,,2,2
2011-01-24 00:00:00+00:00,,,0.08520066738128662,0.7226937667783598,,,0.0657351016998291,-0.45558536711989883,,,,,,,,,,,,,,,,,2,2
2011-01-24 06:00:00+00:00,,,0.1210252046585083,0.7986504261894506,,,0.28980422019958496,2.092842798079735,,,,,,,,,,,,,,,,,2,2
2011-01-24 12:00:00+00:00,,,0.10301506519317627,0.7605169041903445,,,0.15150296688079834,1.2369679991130482,,,,,,,,,,,,,,,,,2,2
2011-01-24 18:00:00+00:00,,,0.1828092336654663,1.2003642843783602,,,0.14102280139923096,1.1273046173346655,,,,,,,,,,,,,,,,,3,2
2011-01-25 00:00:00+00:00,,,0.1845625638961792,40.760283301827045,,,0.2022418975830078,3.1896365605861625,,,,,,,,,,,,,,,,,3,2
2011-01-25 06:00:00+00:00,,,0.1498802900314331,2.1143276804916056,0.2833220362663269,0.24481660822452123,0.13916563987731934,0.3977245065829418,,,,,,,,,,,,,,,,,3,3
2011-01-25 12:00:00+00:00,,,0.27938199043273926,0.9474455947564928,,,0.11666226387023926,0.46355301993370324,,,,,,,,,,,,,0.007504582405090332,-0.12281455443501646,,,3,3
2011-01-25 18:00:00+00:00,,,0.12729918956756592,1.2208577174578727,,,0.03212440013885498,0.7603081501898684,,,,,0.3514237403869629,-0.6150432035219656,,,,,,,0.1044921875,0.21837281141166795,,,5,4
2011-01-26 00:00:00+00:00,,,0.08838188648223877,0.9575656582214145,,,0.11929666996002197,1.3664653645862033,,,,,0.26205897331237793,-4.296792602345835,,,,,,,0.06708228588104248,-0.5876766944061331,,,5,5
2011-01-26 06:00:00+00:00,,,0.11556541919708252,0.5151170527993388,,,0.19008231163024902,1.8164321357000184,,,,,0.26752418279647827,-1.2126352183075142,,,,,,,0.12716829776763916,-0.35925205931619586,,,5,5
2011-01-26 12:00:00+00:00,,,0.12234807014465332,1.194960799196333,,,0.18448543548583984,0.4182400595668504,,,,,0.21239721775054932,-0.12307117490804731,,,,,,,0.0037587881088256836,-0.32264135755891266,,,5,5
2011-01-26 18:00:00+00:00,,,0.10905170440673828,0.7177342667674366,,,,,0.21959388256072998,2.1519949729435206,,,0.037335753440856934,-0.3333422243493469,,,,,,,0.08786416053771973,0.043359270598325984,,,5,5
2011-01-27 00:00:00+00:00,,,0.07903182506561279,2.0424153254256163,,,,,0.1385728120803833,4.7092899699308015,,,0.08478343486785889,-0.8010609128234435,,,,,,,0.004016995429992676,-0.03286726507819463,,,5,5
2011-01-27 06:00:00+00:00,,,0.09311449527740479,1.0236716564467792,,,,,0.2788698673248291,5.31090457862855,,,0.255108118057251,-1.9480676017031582,,,,,,,0.2550205588340759,0.0580324770020734,,,5,5
2011-01-27 12:00:00+00:00,,,0.12375175952911377,1.4345280469303283,,,,,0.25922489166259766,2.813201799688779,,,0.18366169929504395,-0.7032602717020289,,,,,,,0.009824872016906738,-0.13252851920971492,,,7,6
2011-01-28 00:00:00+00:00,,,0.12593328952789307,0.5257718549536473,,,,,0.3856968879699707,1.8527952183027143,,,0.23894000053405762,-2.3860321569247653,,,,,,,0.2140491008758545,0.113183155270841,,,5,5
2011-01-28 06:00:00+00:00,0.009652495384216309,0.25562222773817483,0.13805687427520752,1.25947328978547,,,,,0.2854287624359131,1.0004157482849034,,,0.1983059048652649,-0.6737650726926442,,,,,,,0.06886875629425049,-0.31394792131766036,,,8,7
2011-01-28 12:00:00+00:00,0.2420039176940918,0.24900188479822483,0.13611280918121338,0.8108472355520507,,,,,0.05085182189941406,-2.8524262406392666,,,0.27559298276901245,-3.1436092428853573,,,,,,,0.08474189043045044,-0.5655715929914881,,,9,8
2011-01-28 18:00:00+00:00,0.3492888808250427,-0.9108371792187564,0.07573878765106201,-0.10233375396247675,,,,,0.09086906909942627,1.3305486502858643,,,0.20145869255065918,-1.3867018566839608,0.08060598373413086,-1.0379910620855237,,,0.17203015089035034,0.013718954180597456,0.0384291410446167,0.10112555430583776,,,7,7
2011-01-29 00:00:00+00:00,,,0.16147184371948242,1.6970626585426432,,,,,0.03768587112426758,-1.216697139685989,,,0.3479306697845459,-8.677384037371557,0.11058425903320312,-0.5865549906959383,,,0.13081318140029907,0.17648002847735822,0.1879957914352417,-0.23023962199624945,,,6,6
2011-01-29 06:00:00+00:00,,,0.15239715576171875,0.9001078349513414,,,,,0.2676149606704712,3.1041456736153537,,,0.31389182806015015,-4.70762253515825,0.24251097440719604,-11.383307299716508,,,0.25303006172180176,-0.4170314411911679,0.13270777463912964,-0.11125938182875131,,,6,6
2011-01-29 12:00:00+00:00,,,0.18664419651031494,2.234883550896569,,,,,0.3058643341064453,-0.35211331994217654,,,0.3754257559776306,-6.803570979101597,0.08662092685699463,-1.9797326727302123,,,0.48434847593307495,-0.7947532985251078,,,,,5,5
2011-01-29 18:00:00+00:00,,,0.21730577945709229,38.58625487204907,,,,,0.4233262538909912,1.723525754291758,,,0.3381877541542053,-6.430789934689285,0.09065103530883789,-7.239242088349282,,,0.35227346420288086,0.13527835246929928,,,,,6,6
2011-01-30 00:00:00+00:00,,,0.16843247413635254,1.949913230700556,,,,,0.25765693187713623,6.927091795647849,,,0.3153446316719055,-6.521215484754507,0.16547852754592896,-3.9053984151705463,,,0.3525646924972534,-1.7557009692778136,,,,,5,5
2011-01-30 06:00:00+00:00,,,0.2593207359313965,5.620571347755439,,,,,0.29706907272338867,2.4111080646945204,,,0.38383352756500244,-11.798287931023763,0.19292998313903809,-1.8425060958290553,,,0.12067627906799316,-0.09769200779097353,,,,,6,6
2011-01-30 12:00:00+00:00,,,0.21731138229370117,1.9048951191926944,,,,,0.10059630870819092,4.118045419517301,,,,,0.3564217686653137,-6.13308503167076,,,0.22805601358413696,-0.29070517748259267,,,,,5,5
2011-01-30 18:00:00+00:00,,,0.21401894092559814,2.1277280335463282,,,,,0.20212912559509277,0.6966861725883166,,,,,0.3440685272216797,-13.463594482735019,,,0.2749311327934265,0.06389459726387627,,,,,7,6
2011-01-31 00:00:00+00:00,,,0.2360389232635498,5.035839966122255,,,,,0.3811380863189697,10.94579494312008,,,,,0.37000852823257446,-5.5178306613205566,,,0.4584224224090576,0.8439594406182983,0.46255218982696533,-0.4248414044391779,,,8,8
2011-01-31 06:00:00+00:00,,,0.1984797716140747,-27.338559569237592,,,,,0.23145925998687744,2.495901368004802,,,,,0.3435562252998352,-14.338593784130678,,,,,,,,,5,5
2011-01-31 12:00:00+00:00,,,0.22147130966186523,1.3906062556443504,,,,,0.11876451969146729,-0.33331380209968836,,,,,0.3402302861213684,-10.119639102318587,,,,,,,,,6,6
2011-01-31 18:00:00+00:00,,,0.2174997329711914,3.196075476558627,,,,,0.046354711055755615,0.5176973380908011,,,,,0.3541724681854248,-7.582017238967363,,,,,,,,,5,5
2011-02-01 00:00:00+00:00,,,0.25105857849121094,2.2839568983706613,,,,,0.6954528093338013,2.347176948849528,,,,,0.3420338034629822,-12.43041988222416,,,,,,,,,3,3
2011-02-01 06:00:00+00:00,,,0.2348802089691162,1.6632151521595817,,,,,0.5835387706756592,6.841098980487819,,,,,0.3395076394081116,-10.475448513733852,,,,,,,,,3,3
2011-02-01 12:00:00+00:00,,,0.22768831253051758,-20.143443331212133,,,,,,,0.4002368450164795,4.432696016153632,,,0.30375999212265015,-4.623298835337939,,,,,,,,,4,4
2011-02-01 18:00:00+00:00,,,0.2450476884841919,9.62132334112197,,,,,,,0.40083134174346924,5.2812874341592035,,,0.38880783319473267,-10.424079741953516,,,,,,,,,4,4
2011-02-02 00:00:00+00:00,,,0.15485262870788574,0.6784582004871589,,,,,,,0.22564899921417236,0.06557375617815397,,,0.3831407427787781,-10.943452335016561,0.14392811059951782,-1.4082637424767865,,,0.12443691492080688,-0.8014117103668007,,,6,6
2011-02-02 06:00:00+00:00,,,0.15903735160827637,-9.98925710066016,,,,,,,0.01802849769592285,0.46939240891905254,,,0.41590142250061035,-9.159345759659614,0.03645503520965576,1.315663316784353,,,0.11505329608917236,0.13894455971993652,,,5,5
2011-02-02 12:00:00+00:00,,,0.25871193408966064,2.3976766700715824,,,,,,,0.050696492195129395,-0.09292314888196482,,,0.3836132884025574,-13.175351403290403,0.3822636008262634,-1.0547237652691575,,,0.3747062087059021,-0.07660489072865358,,,7,6
2011-02-02 18:00:00+00:00,,,0.24619722366333008,2.8622307833783696,,,,,,,0.0012691020965576172,0.019761902518291144,,,0.42219698429107666,-9.862212517389226,0.3061313033103943,-4.886203352065698,,,0.03143918514251709,0.3862443219462239,,,6,6
2011-02-03 00:00:00+00:00,,,0.18819308280944824,-27.602064235266184,,,,,,,,,,,0.4268876910209656,-10.661632273819484,0.1663615107536316,-1.8415091184241374,,,0.055385053157806396,-0.12729518497476483,,,5,5
2011-02-03 06:00:00+00:00,,,0.3028157949447632,31.682154372789505,,,,,,,,,,,0.4138808846473694,-6.410946896602485,0.031729936599731445,0.014203098376825025,,,0.11061561107635498,0.3216369708153488,,,4,4
2011-02-03 12:00:00+00:00,,,0.26246047019958496,35.46012422795768,,,,,,,,,,,0.41721534729003906,-8.46440296530419,0.3226251006126404,-1.4796167783056857,,,0.09402090311050415,0.04518705614040838,,,5,5
2011-02-03 18:00:00+00:00,,,0.22754347324371338,-27.82819164102502,,,,,,,,,,,0.39763569831848145,-8.188003902248875,,,,,0.09095031023025513,-0.3212728736223287,,,3,3
2011-02-04 00:00:00+00:00,,,0.2116689682006836,21.573749986436127,,,,,,,,,,,0.46754807233810425,-12.347361970675848,0.34920477867126465,-4.746826012809679,,,,,0.2076510190963745,0.6735431236759297,4,4
2011-02-04 06:00:00+00:00,,,0.2389165163040161,-3.008560676516071,,,,,0.31041187047958374,-5.277298954899803,,,,,,,0.3452918529510498,-5.426766152248625,,,,,,,4,4
2011-02-04 12:00:00+00:00,,,0.23854053020477295,-8.402989170118085,,,,,0.652527242898941,-8.01949015440547,,,,,,,0.38762611150741577,-4.77847201207315,,,,,,,3,3
2011-02-04 18:00:00+00:00,,,0.15502417087554932,-20.193027265086425,,,,,0.5629583597183228,-7.138264324823143,0.011521458625793457,-0.12709438321370536,,,,,0.339535117149353,-5.459487954738742,,,,,,,4,4
2011-02-05 00:00:00+00:00,,,0.29046618938446045,40.877852927046305,,,,,0.5892555117607117,-3.1620689187572193,,,,,,,0.38448596000671387,-5.28417612565984,,,,,,,3,3
2011-02-05 06:00:00+00:00,,,0.1653144359588623,1.784457876630598,,,,,0.3180720806121826,-5.019185673880245,,,,,,,0.3213324546813965,-2.0142861934121896,,,,,,,3,3
2011-02-05 12:00:00+00:00,,,0.19231796264648438,3.577369833157906,,,,,0.44250959157943726,-3.1636210027055403,,,,,,,0.2879078984260559,-2.0434206173670684,,,,,,,3,3
2011-02-05 18:00:00+00:00,,,0.17000806331634521,0.8380401171038274,,,,,0.7126337885856628,-10.424434479851577,,,0.09126126766204834,-0.5756618067887382,,,0.21793431043624878,-0.9383814417094838,,,,,,,4,4
2011-02-06 00:00:00+00:00,,,0.2199115753173828,-3.521400458691288,,,,,0.5984533727169037,-5.256403255208782,,,0.17684859037399292,-0.8058426605105332,,,0.192976176738739,-2.004017191869108,,,,,,,4,4
2011-02-06 06:00:00+00:00,,,0.19126760959625244,2.10285717220742,,,,,0.43728214502334595,-3.283266547346437,,,0.37601709365844727,-1.3610603989805292,,,0.24923282861709595,-1.7570506631727834,,,,,,,4,4
2011-02-06 12:00:00+00:00,,,0.19648098945617676,1.3931238086090911,,,,,0.628865122795105,-5.180325008428827,,,0.4391471743583679,-2.0767740890334894,,,0.29599034786224365,-0.9124184608290318,,,,,,,5,5
2011-02-06 18:00:00+00:00,,,0.2020038366317749,1.2482344408206603,,,,,0.4025154709815979,-3.665718967709316,,,0.49805182218551636,-2.0328358856317963,,,0.25446367263793945,-1.5084985559727682,,,,,,,5,5
2011-02-07 00:00:00+00:00,,,0.23316752910614014,2.902116532778229,,,,,,,,,0.45491844415664673,-4.295664476272308,,,0.10831081867218018,-0.40282459310323127,,,,,,,3,3
2011-02-07 06:00:00+00:00,,,0.19614160060882568,2.000183631249611,,,,,,,,,0.4096023440361023,-2.2509209470342957,,,0.14728999137878418,-0.5669591589927021,,,,,,,3,3
2011-02-07 12:00:00+00:00,,,0.2485332489013672,2.2714006016134705,,,,,0.12815457582473755,-0.8435173544666975,,,0.4591785669326782,-3.6375856417095873,,,0.24138039350509644,-0.707680621557827,,,,,,,4,4
2011-02-07 18:00:00+00:00,,,0.20061135292053223,1.4991835779591391,,,0.8646759986877441,-0.049185500542866994,0.2987169027328491,-1.3531199582554607,,,0.48413723707199097,-5.163331396064169,,,0.1667557954788208,-0.026143546373681666,,,,,,,5,5
2011-02-08 00:00:00+00:00,,,0.24640536308288574,2.873482077847845,,,0.2760685682296753,0.21177575543716856,0.4847729206085205,-2.542009531789163,,,,,0.45898038148880005,-6.2450565119092145,0.2571529746055603,0.2370863761732894,,,,,,,5,5
2011-02-08 06:00:00+00:00,,,0.18497955799102783,1.2719633349921207,,,0.16198468208312988,0.8463274623214956,0.3972463011741638,-1.3827726925332369,,,,,0.45634567737579346,-5.34164754973624,0.33809971809387207,-0.4461614157733642,,,,,,,5,5
2011-02-08 12:00:00+00:00,,,0.16078269481658936,1.8200425451092272,,,0.062313199043273926,-0.409893120527851,0.3961843252182007,-0.5206985623992322,,,,,0.485776424407959,-5.7565314996975125,0.4044511914253235,-0.7297098320859835,,,,,,,5,5
2011-02-08 18:00:00+00:00,,,0.2167048454284668,2.5341838226249127,,,0.2532072067260742,-0.05649408977281796,,,0.4653552174568176,-0.614258703115252,,,0.39984214305877686,-8.224328086371635,,,,,,,,,4,4
2011-02-09 00:00:00+00:00,,,0.20362114906311035,1.9219129988954309,,,0.27627456188201904,-0.3201046547896814,,,0.611169695854187,-5.90153135527896,,,0.4917352795600891,-4.69550239815546,,,,,,,,,4,4
2011-02-09 06:00:00+00:00,,,0.1876157522201538,1.7962686721340229,,,0.12265312671661377,0.13552339162947605,,,,,,,0.5753545463085175,-8.618147811250203,,,,,,,,,3,3
2011-02-09 12:00:00+00:00,,,0.1778348684310913,2.3673018079175905,,,0.18230539560317993,0.23949442910952634,,,,,,,0.5580553710460663,-6.021934645782975,,,,,,,,,3,3
2011-02-09 18:00:00+00:00,,,0.22500956058502197,2.5699848716349583,,,0.005959153175354004,-0.14232892575959008,,,,,,,0.4812554121017456,-6.031308476771772,,,,,,,,,3,3
2011-02-10 00:00:00+00:00,,,0.2769235372543335,4.400938626402844,,,0.20586585998535156,-0.32834956709185337,,,,,,,0.6082927882671356,-5.553281315702786,,,,,,,,,3,3
2011-02-10 06:00:00+00:00,0.10750985145568848,-0.07592916030142427,0.2396240234375,6.00899666970488,,,0.1979846954345703,0.37078434122658255,,,,,,,0.5398309528827667,-10.871912864389783,,,,,,,,,4,4
2011-02-10 12:00:00+00:00,,,0.19094204902648926,3.4794986327387245,,,0.2372511625289917,-0.2937074860684045,,,,,,,0.5475945770740509,-4.8970101207394245,,,,,,,,,3,3
2011-02-10 18:00:00+00:00,,,0.18889844417572021,1.283198800931716,,,0.13571763038635254,-0.3000818752444487,,,,,,,0.4201456904411316,-2.297214152244312,,,,,,,,,3,3
2011-02-11 00:00:00+00:00,0.3930395841598511,0.42330184791164455,0.21125102043151855,4.942865988648656,,,0.16432321071624756,-1.0125625394761903,,,,,,,0.3445853590965271,1.0783947751921448,,,,,,,,,4,4
2011-02-11 06:00:00+00:00,,,0.22504544258117676,2.826614244513873,,,,,,,,,,,0.7441593408584595,-3.9474211676102606,,,,,,,,,2,2
2011-02-11 12:00:00+00:00,,,0.23147642612457275,7.229721598723595,,,,,,,,,,,,,,,,,,,,,1,1
2011-02-11 18:00:00+00:00,0.20435774326324463,1.7141640319105822,0.11060512065887451,0.9662226757463807,,,,,0.28003668785095215,6.362271586727501,,,,,,,,,,,,,,,3,3
2011-02-12 00:00:00+00:00,,,0.1948305368423462,2.9550105481553377,,,,,,,,,,,,,,,,,,,,,1,1
2011-02-12 06:00:00+00:00,,,0.21422803401947021,-1.4211899795939424,,,,,,,,,,,,,,,,,,,,,1,1
2011-02-12 12:00:00+00:00,,,0.24195992946624756,1.2928163056308313,,,,,,,,,,,,,,,,,,,,,1,1
2011-02-12 18:00:00+00:00,,,0.21496212482452393,2.6108926465495306,,,,,,,0.7985578775405884,1.9710240503790994,,,,,,,,,,,,,2,2
2011-02-13 00:00:00+00:00,,,0.21278858184814453,4.190920383451583,,,,,,,,,,,,,,,,,,,,,1,1
2011-02-13 06:00:00+00:00,,,0.2392120361328125,24.18999884007738,,,,,,,,,,,,,,,,,,,,,1,1
2011-02-13 12:00:00+00:00,,,0.1963191032409668,0.820170822650767,,,,,,,,,,,,,,,,,,,,,1,1
2011-02-13 18:00:00+00:00,0.07065987586975098,0.2095385890520037,0.22014117240905762,1.655261860270536,,,,,,,,,,,,,,,,,,,,,3,3
2011-02-14 00:00:00+00:00,,,0.19419705867767334,3.0907315899117216,0.3623315095901489,8.625922906117259,,,,,,,,,,,,,,,,,,,2,2
2011-02-14 06:00:00+00:00,,,0.23383939266204834,50.186412284738026,,,,,,,0.26360976696014404,2.978637448400362,,,,,,,,,,,,,2,2
2011-02-14 12:00:00+00:00,,,0.2469017505645752,52.713484207795155,0.17842841148376465,0.5569201666636631,,,,,,,,,,,,,,,,,,,2,2
2011-02-14 18:00:00+00:00,,,0.22700607776641846,2.092785669800644,0.23891210556030273,0.11776738324550061,,,,,,,,,,,,,,,,,,,2,2
2011-02-15 00:00:00+00:00,,,0.21549606323242188,27.909404366437116,,,,,,,0.25419533252716064,2.8993446407319285,,,,,,,,,,,,,2,2
2011-02-15 06:00:00+00:00,,,0.1542288064956665,-2.297033506450209,,,,,,,,,,,,,,,,,,,,,1,1
2011-02-15 12:00:00+00:00,,,0.2353442907333374,52.92466916795187,,,,,,,,,,,,,,,,,,,,,1,1
2011-02-15 18:00:00+00:00,,,0.20316755771636963,27.433652764272626,,,,,,,,,,,0.29236364364624023,-3.9087467831444584,,,,,,,,,2,2
2011-02-16 00:00:00+00:00,,,0.20545482635498047,47.46044465639092,,,,,,,0.2922285795211792,0.18727796579220304,,,0.3192407488822937,-3.1498638501468275,,,,,,,,,3,3
2011-02-16 06:00:00+00:00,,,0.22266173362731934,4.495254635415544,,,,,,,0.31484198570251465,-0.20327048545975096,,,0.09383785724639893,-0.4226311534300575,,,,,,,,,3,3
2011-02-16 12:00:00+00:00,,,0.19250106811523438,1.9156932990406985,0.46412527561187744,0.40373252701080314,,,,,0.5804219245910645,0.17900730599515685,,,0.22243958711624146,-0.3971992842336545,,,,,,,,,4,4
2011-02-16 18:00:00+00:00,,,0.2582207918167114,49.906606303632636,0.33220088481903076,2.413133181150697,,,,,0.35749518871307373,0.56684907703829,,,0.42034912109375,-2.855989235768179,,,,,,,,,4,4
2011-02-17 00:00:00+00:00,,,0.1357346773147583,-1.8338785478008741,0.08894163370132446,-0.3649030267025777,,,,,,,,,0.5868892073631287,-5.370315268584938,,,,,,,,,3,3
2011-02-17 06:00:00+00:00,,,0.21139287948608398,1.542573524486199,0.09967529773712158,0.03348771297913268,,,,,,,,,0.28843873739242554,-1.7033689205018572,,,,,,,,,3,3
2011-02-17 12:00:00+00:00,,,0.16909921169281006,0.6073761527380571,0.03636902570724487,-0.06768312572846547,,,,,,,,,0.35166680812835693,-0.240774158389878,,,,,,,,,3,3
2011-02-17 18:00:00+00:00,,,0.20288467407226562,1.7136973006001064,0.32055211067199707,0.017035529116638325,,,,,,,,,,,0.6672196388244629,0.3663277873688845,,,,,,,3,3
2011-02-18 00:00:00+00:00,,,0.1744236946105957,11.908038773320621,,,,,,,,,,,,,0.3725547194480896,-6.917733306554156,,,,,,,2,2
2011-02-18 06:00:00+00:00,,,0.21855127811431885,0.49462990616700825,,,,,,,,,,,,,0.2837352156639099,-0.3195443903696166,,,,,,,2,2
2011-02-18 12:00:00+00:00,,,0.19657015800476074,1.3810617843787072,,,,,,,,,0.5787950754165649,1.2800970746719695,,,0.21370339393615723,0.14341194026577062,,,,,,,3,3
2011-02-18 18:00:00+00:00,,,0.15621936321258545,3.59872859430007,,,,,,,,,0.30073344707489014,0.8377289967436508,,,0.13250720500946045,-0.20315922929335062,,,,,,,3,3
2011-02-19 00:00:00+00:00,,,0.13023221492767334,1.4613755780235285,,,,,,,,,0.3150629997253418,0.8592007594152483,,,0.04906576871871948,-1.1745210466151108,,,,,,,3,3
2011-02-19 06:00:00+00:00,,,0.17938077449798584,-4.513478243733238,,,,,,,,,0.16391420364379883,0.5308611240545263,,,0.31491750478744507,-0.5382388509239424,,,,,,,3,3
2011-02-19 12:00:00+00:00,,,0.1710059642791748,1.403487137981686,,,,,,,,,0.025272607803344727,0.2762348040671066,,,0.405489444732666,0.015386662337679357,,,,,,,3,3
2011-02-19 18:00:00+00:00,,,0.22120344638824463,1.471630902188434,,,,,,,,,,,0.15978896617889404,0.1347987067787124,0.2295091152191162,-0.2104226241712809,,,,,,,3,3
2011-02-20 00:00:00+00:00,0.3991931080818176,0.32891378109188935,0.13537132740020752,1.6408843825191612,,,,,,,,,,,0.45299839973449707,1.8254355425015139,0.31986182928085327,-0.2570748784637701,,,,,,,4,4
2011-02-20 06:00:00+00:00,,,0.09562098979949951,-21.53610134592428,,,,,0.060027897357940674,-2.052516640510086,,,,,0.3292480707168579,0.22305690203903566,0.03592348098754883,-0.16959640329027179,,,,,,,4,4
2011-02-20 12:00:00+00:00,,,0.2828550338745117,41.11195405062897,,,,,0.023248672485351562,3.438463307341355,,,,,0.1357630491256714,2.093035195737109,,,,,,,,,3,3
2011-02-20 18:00:00+00:00,,,0.2005462646484375,1.4686871906364964,,,,,0.2573812007904053,4.779469326393963,,,,,0.004565298557281494,-0.08995420665693427,,,,,,,,,4,4
2011-02-21 00:00:00+00:00,,,0.2297065258026123,4.993526761324754,,,,,0.2739333510398865,-2.79876887794847,,,,,0.15684759616851807,1.138675126532345,,,,,,,,,4,4
2011-02-21 06:00:00+00:00,,,0.15421009063720703,1.052319325078464,,,,,0.01320493221282959,2.8412680093924503,,,,,0.38538408279418945,1.9064858977646566,,,,,,,,,4,4
2011-02-21 12:00:00+00:00,,,0.1105271577835083,-23.504021787916518,,,,,0.07137036323547363,2.226052981403852,,,0.21062028408050537,0.04271690321751057,0.29459822177886963,2.3200460090299133,,,,,,,,,5,5
2011-02-21 18:00:00+00:00,,,0.06007504463195801,-28.425402318054942,,,,,0.12794983386993408,1.448675314798744,,,0.20019662380218506,-0.2240067859793597,0.2506142854690552,-1.2698677859951215,,,,,,,,,7,7
2011-02-22 00:00:00+00:00,,,0.11821293830871582,0.9654296428048053,,,,,0.26764094829559326,1.711331846001195,0.06211090087890625,0.26845047020371143,0.2057238221168518,-0.6595696733872792,0.10030770301818848,0.30018331027632617,,,,,,,,,6,6
2011-02-22 06:00:00+00:00,,,0.15367364883422852,0.36736230934328656,,,,,0.10435020923614502,-0.22462567673590136,0.17439448833465576,-0.33370756177581234,0.08200764656066895,19.491863440770075,0.02628427743911743,2.2927254082544284,,,,,,,,,5,5
2011-02-22 12:00:00+00:00,,,0.14701807498931885,0.18125135723043484,,,,,,,0.3118100166320801,-1.015302802537952,0.05123317241668701,1.543189884175565,0.09235203266143799,0.6958366493728909,,,,,,,,,5,5
2011-02-22 18:00:00+00:00,,,0.13949298858642578,-25.022091359383925,,,,,,,0.05918872356414795,0.24245269491626417,0.07658129930496216,-0.5753744507162972,0.08574140071868896,0.28745634082341487,,,,,,,,,6,6
2011-02-23 00:00:00+00:00,,,0.13910210132598877,28.44581368323161,,,,,,,,,0.22307288646697998,-0.7754476498613466,0.19706547260284424,-0.016140337550591466,,,,,0.4273184537887573,4.106892806472859,,,5,5
2011-02-23 06:00:00+00:00,,,0.11269903182983398,2.0915289087690945,,,,,,,,,0.09891188144683838,-0.377384728159326,0.3703145980834961,0.27049913445288654,,,,,,,,,3,3
2011-02-23 12:00:00+00:00,,,0.11247885227203369,1.0294311331437622,,,,,,,,,0.13771623373031616,-0.7661102792430191,,,0.7533905506134033,4.58349312225984,,,,,,,3,3
2011-02-23 18:00:00+00:00,,,0.1161656379699707,22.41476337658906,,,,,,,,,0.1332097053527832,-5.416748995711478,,,0.4670010805130005,2.619573034699669,,,,,,,3,3
2011-02-24 00:00:00+00:00,,,0.1786365509033203,25.208212025328457,,,,,,,,,0.17215073108673096,-5.101805044494911,,,0.028769731521606445,0.11783886983988984,,,,,,,4,4
2011-02-24 06:00:00+00:00,,,0.010109663009643555,-10.240924715488568,,,,,,,,,0.17475205659866333,-1.5721674527321894,,,0.2519170045852661,3.1994554004631754,,,,,,,4,4
2011-02-24 12:00:00+00:00,,,0.15141546726226807,-3.194756551426487,,,,,,,,,0.17977815866470337,-1.796191349504458,,,0.23898005485534668,0.2029690041481681,,,,,,,4,4
2011-02-24 18:00:00+00:00,,,0.22437870502471924,25.295872944159548,,,,,,,,,0.2676740288734436,-4.4330077753607116,0.13662123680114746,-2.058807383708163,0.3694247007369995,1.541484718799869,,,,,,,4,4
2011-02-25 00:00:00+00:00,,,0.13721239566802979,-8.696226320383579,,,,,,,,,0.2607153654098511,-3.0235385488107562,0.4150117039680481,-0.5763460823201766,0.24184787273406982,-0.47996890437736295,,,,,,,4,4
2011-02-25 06:00:00+00:00,0.20193177461624146,-0.18077773053336715,0.14395713806152344,0.5793920785249906,0.6180459558963776,0.5221279225792846,,,,,,,0.2759556770324707,-9.137207263376936,0.32721424102783203,-1.799739452058156,0.27204954624176025,2.5437546474652137,,,,,,,6,6
2011-02-25 12:00:00+00:00,0.20096451044082642,0.11223443639431227,0.14714157581329346,1.0193775387785753,,,,,,,,,0.24737083911895752,-4.703681335293702,0.2961466908454895,-3.874464421742515,0.21138417720794678,1.2814851878775761,,,,,,,5,5
2011-02-25 18:00:00+00:00,0.05200690031051636,-0.14605862166395706,0.0738978385925293,1.7226966464268483,,,,,,,,,0.3036586046218872,-5.213157035324838,0.37955349683761597,-7.549455471242338,0.019124329090118408,0.2647572867484442,,,,,,,6,6
2011-02-26 00:00:00+00:00,,,0.16520440578460693,4.88762458296071,,,0.05884963274002075,-10.602044547355728,,,,,0.3289427161216736,-3.4378478097622076,0.17820173501968384,-0.304428484268706,0.04175984859466553,-0.13039338596242553,,,,,,,5,5
2011-02-26 06:00:00+00:00,,,0.05855679512023926,0.266962811490493,0.18921566009521484,0.5086995755633877,,,,,,,0.3039477467536926,-2.337193458678181,0.22825074195861816,-2.7441746869108834,,,,,,,,,5,5
2011-02-26 12:00:00+00:00,,,0.056830644607543945,-24.13012929099172,0.037932515144348145,-0.4307492320482494,,,,,,,0.31436681747436523,-5.944259915041857,0.2019963264465332,-6.115169688667304,,,,,,,,,5,5
2011-02-26 18:00:00+00:00,,,0.15473532676696777,0.11813887862595397,,,,,,,,,0.31388503313064575,-3.9628545705821123,0.3648430109024048,-9.520764781112312,,,,,,,,,5,4
2011-02-27 00:00:00+00:00,0.1348932981491089,0.048575503858239256,0.10899627208709717,-26.82745199731377,,,,,,,,,,,0.3297045826911926,-3.802806238505277,,,,,,,,,4,4
2011-02-27 06:00:00+00:00,0.2367175817489624,4.955519659894266,0.15533733367919922,1.1114521737350924,,,,,,,,,,,0.3249592185020447,-6.314341181403515,,,,,,,,,4,4
2011-02-27 12:00:00+00:00,,,0.16603827476501465,0.6428407466822859,,,,,,,,,,,0.4075676202774048,-6.647743760765695,,,0.10107934474945068,0.34904212688943625,,,,,5,5
2011-02-27 18:00:00+00:00,,,0.09872794151306152,0.2359368460707519,,,,,,,,,,,0.3874254822731018,-6.2965226141514625,,,,,,,,,4,4
2011-02-28 00:00:00+00:00,,,0.172166109085083,2.624253021408699,,,,,,,,,,,0.3691503405570984,-9.309826468493455,,,,,,,,,4,4
2011-02-28 06:00:00+00:00,,,0.11715209484100342,0.6391658871123909,,,,,,,,,,,0.3698912262916565,-5.979851382605479,,,,,,,,,4,4
2011-02-28 12:00:00+00:00,,,0.11959576606750488,1.156964547635634,,,,,,,,,,,0.3895907402038574,-6.290101336901817,,,0.660218358039856,-0.01758341643195143,,,,,5,5
2011-02-28 18:00:00+00:00,,,0.1828594207763672,1.1719628297675206,,,,,,,,,,,0.38294094800949097,-7.213896665373181,,,,,,,,,3,3
2011-03-01 00:00:00+00:00,,,0.11367940902709961,1.1954897070381267,,,,,,,,,,,0.3986358046531677,-7.611180751253735,0.28075551986694336,-2.1877167268671918,,,,,,,4,4
2011-03-01 06:00:00+00:00,,,0.12716281414031982,0.3802509525896852,,,,,,,,,,,0.37661445140838623,-5.605502614859134,0.25518518686294556,-1.6508064359220944,,,,,,,4,4
2011-03-01 12:00:00+00:00,,,0.1847531795501709,0.7452048503902692,,,,,,,,,,,0.4101640582084656,-10.168123741843765,0.012684643268585205,-0.577566752019308,,,,,,,3,3
2011-03-01 18:00:00+00:00,,,0.18063759803771973,0.5182186879875756,0.20639216899871826,-0.3511231978898409,,,,,,,,,0.3959543704986572,-10.671970739125987,,,,,,,,,3,3
2011-03-02 00:00:00+00:00,,,0.12790346145629883,0.20568022327915053,,,,,0.0516735315322876,-0.8358641101959241,,,,,0.36215364933013916,-8.36127511069398,,,,,,,,,3,3
2011-03-02 06:00:00+00:00,,,0.16678977012634277,0.5480158349929204,,,,,,,,,,,0.3910865783691406,-9.952806511857117,,,,,0.036684274673461914,0.2340654942325056,,,3,3
2011-03-02 12:00:00+00:00,,,0.20463240146636963,0.21313508751768184,,,,,,,,,,,0.3971481919288635,-6.081522004252557,0.09078061580657959,0.3221278048945746,,,0.28137171268463135,-0.1331543989005041,,,4,4
2011-03-02 18:00:00+00:00,,,0.24805223941802979,0.282296164621172,,,,,,,,,,,0.38430577516555786,-7.599315406424994,0.6931903660297394,-0.7611482954723792,,,0.30635499954223633,-2.6829751555592916,,,5,5
2011-03-03 00:00:00+00:00,,,0.14777743816375732,1.1248533948688706,,,,,,,,,,,0.3736550807952881,-4.827058091792405,0.7823111265897751,-0.22657285507286332,,,0.43090248107910156,-6.817336539431142,,,5,5
2011-03-03 06:00:00+00:00,,,0.2452678680419922,23.55438670320824,,,,,,,,,,,,,0.3114776611328125,-8.774348914552428,,,0.08941078186035156,-0.16018858626343502,,,4,4
2011-03-03 12:00:00+00:00,,,0.1800220012664795,0.4954133920025306,,,,,,,,,,,,,0.3942244052886963,-5.076352612211019,,,0.07378882169723511,-0.3055549634627908,,,3,3
2011-03-03 18:00:00+00:00,,,0.2073458433151245,1.8248642918261229,,,,,,,,,,,0.4467090368270874,-2.819633199946276,0.3819403052330017,-5.364668919507881,,,0.09922194480895996,0.9686855792013429,,,6,6
2011-03-04 00:00:00+00:00,,,0.1583155393600464,0.9820307621912486,,,,,,,,,,,0.2920571565628052,-4.475843064083907,0.3723357319831848,-3.3571481109713273,,,0.09038585424423218,-1.2395021929595547,,,5,5
2011-03-04 06:00:00+00:00,,,0.23256957530975342,1.4481319867576292,,,,,,,,,,,0.23483794927597046,-4.867673148922693,0.43569767475128174,-1.9393155154904003,,,0.3112689256668091,-0.18919386005384717,,,5,5
2011-03-04 12:00:00+00:00,,,0.18772947788238525,0.5594692970081925,,,,,,,,,,,0.3812822699546814,-0.7052756328422579,0.5219753682613373,-1.0868163680373908,,,0.12323766946792603,-0.7005297496893645,,,6,6
2011-03-04 18:00:00+00:00,,,0.23137474060058594,1.3263966329599868,,,,,,,,,,,,,0.3826901912689209,-1.7606145855233604,,,,,0.3975142240524292,0.5321478420821819,6,6
2011-03-05 00:00:00+00:00,,,0.25495827198028564,1.211107083904434,,,,,,,,,,,,,0.7858685106039047,-2.5512139209193685,,,0.012987017631530762,0.9092509206788469,,,5,4
2011-03-05 06:00:00+00:00,,,0.1799999475479126,1.1580479119809355,,,,,,,,,,,,,0.4006108045578003,-5.272595366925888,,,0.3470897674560547,-0.9357068809726508,,,4,4
2011-03-05 12:00:00+00:00,,,0.2456740140914917,1.1753690446877683,,,,,,,,,,,,,,,,,0.18809956312179565,0.07473601767289437,,,2,2
2011-03-05 18:00:00+00:00,,,0.29649317264556885,1.3529028079727634,,,,,,,,,,,,,0.08883476257324219,-0.12015095490368927,,,0.2726099491119385,0.4787598985253665,,,3,3
2011-03-06 00:00:00+00:00,,,0.15389609336853027,0.842375424902044,,,,,,,,,,,,,0.09217852354049683,-0.4498914317277571,,,0.5989035665988922,0.07118609613673844,,,3,3
2011-03-06 06:00:00+00:00,,,0.14864063262939453,0.95858562064097,,,,,,,,,,,,,0.19804316759109497,-0.008555914383387804,,,,,0.03900754451751709,0.7670968808109296,3,3
2011-03-06 12:00:00+00:00,,,0.1173332929611206,-34.573116615793055,,,,,,,,,,,,,0.47275060415267944,-0.9380428121514144,,,,,0.15815842151641846,-0.12624598130148126,3,3
2011-03-06 18:00:00+00:00,0.1085207462310791,1.3078738490140112,,,,,,,,,,,,,,,0.1326286792755127,-2.5680370053905723,,,,,0.34250330924987793,-0.1311198776790732,3,3
2011-03-07 00:00:00+00:00,,,0.040970683097839355,-59.54806831367648,,,,,,,,,,,,,0.250188946723938,-1.6829912123572142,,,,,,,2,2
2011-03-07 06:00:00+00:00,,,0.11715281009674072,-39.94354846789067,,,,,,,,,,,,,0.5793343186378479,-0.09698158664946026,,,,,,,2,2
2011-03-07 12:00:00+00:00,,,0.18000257015228271,-39.17256775878052,,,,,,,,,,,,,0.6684958934783936,0.015247918188856886,,,,,,,2,2
2011-03-07 18:00:00+00:00,,,0.1426689624786377,-30.56482032802154,,,,,,,,,,,,,0.11135703325271606,-0.8453433074889,,,,,,,2,2
2011-03-08 00:00:00+00:00,,,0.20084261894226074,1.9357314615135033,,,,,,,,,,,,,,,,,,,,,1,1
2011-03-08 06:00:00+00:00,,,0.09143519401550293,-40.90568338377723,0.19996213912963867,-0.19302776598558932,,,,,,,,,,,,,,,,,,,2,2
2011-03-08 12:00:00+00:00,,,0.06380319595336914,-40.5576481783747,,,,,0.1610732078552246,0.4934719067668288,,,,,,,,,,,,,,,2,2
2011-03-08 18:00:00+00:00,,,0.18938696384429932,2.7736999406625986,0.518539309501648,0.08585320917594905,,,,,,,,,,,,,,,,,,,2,2
2011-03-09 00:00:00+00:00,,,0.040665388107299805,-44.59383248072134,0.20210206508636475,-0.27592545294392773,,,,,,,,,,,,,,,,,,,2,2
2011-03-09 06:00:00+00:00,,,0.20484042167663574,2.8957892496074953,,,,,0.26631999015808105,1.639866234350295,,,,,,,,,,,,,,,2,2
2011-03-09 12:00:00+00:00,,,0.17026257514953613,2.597936511959905,,,,,0.5396873950958252,1.0641169154808965,,,,,,,,,,,,,,,2,2
2011-03-09 18:00:00+00:00,,,0.19718122482299805,-32.412200907674624,,,,,0.07098710536956787,-1.1511809715197598,,,,,,,,,,,,,,,2,2
2011-03-10 00:00:00+00:00,,,0.19417071342468262,3.0022866878307246,,,,,0.6555818319320679,4.746848751228725,,,,,,,,,,,,,,,4,4
2011-03-10 06:00:00+00:00,,,0.20971107482910156,7.185695959164221,,,,,0.14540588855743408,-0.10256763969449482,,,,,,,,,,,,,,,2,2
2011-03-10 12:00:00+00:00,,,0.189841628074646,-4.535150870808452,,,,,,,,,,,,,,,,,,,,,1,1
2011-03-10 18:00:00+00:00,,,0.23658514022827148,3.4500943350996165,0.0680924654006958,0.21644662233978282,,,,,,,,,,,,,,,,,,,2,2
2011-03-11 00:00:00+00:00,,,0.19757080078125,-1.0581404442134434,,,,,0.2935584783554077,8.18834243377908,,,,,,,,,,,,,,,2,2
2011-03-11 06:00:00+00:00,,,0.2568809986114502,4.037127565597701,,,,,0.5924513339996338,6.68724435451627,,,,,,,,,,,,,,,2,2
2011-03-11 12:00:00+00:00,,,0.20091474056243896,-45.207409334099445,,,,,,,,,,,,,,,,,,,,,1,1
2011-03-11 18:00:00+00:00,,,0.21279895305633545,-5.815039060309092,,,,,0.6412729024887085,3.1252640195216377,,,,,,,,,,,,,,,2,2
2011-03-12 00:00:00+00:00,,,0.15908563137054443,-38.6450455701777,,,,,0.4049241542816162,2.3674260943465697,,,,,,,,,,,,,,,2,2
2011-03-12 06:00:00+00:00,,,0.22675585746765137,5.8436558819927775,,,,,0.580885648727417,4.295425019668684,,,,,,,,,,,,,,,3,3
2011-03-12 12:00:00+00:00,,,0.24148797988891602,-4.114547569165317,,,,,0.24557769298553467,1.5053969475269469,,,,,,,,,,,,,,,2,2
2011-03-12 18:00:00+00:00,,,0.19401967525482178,2.08840554774158,,,,,,,,,,,,,,,,,,,,,1,1
2011-03-13 00:00:00+00:00,,,0.24143755435943604,2.254371673805544,,,,,0.33861589431762695,11.985397519562005,,,,,,,,,,,,,,,3,3
2011-03-13 06:00:00+00:00,,,0.18162620067596436,2.6038079955807176,,,,,0.28005683422088623,3.4977221709088324,,,,,,,,,,,,,,,3,3
2011-03-13 12:00:00+00:00,,,0.21214592456817627,3.455616490732873,,,,,,,,,,,,,,,,,,,,,2,2
2011-03-13 18:00:00+00:00,,,0.2141813039779663,3.853148702308099,,,,,0.13928329944610596,1.911738547791823,,,,,,,,,,,,,,,3,3
2011-03-14 00:00:00+00:00,,,0.17091703414916992,2.3167477301760315,,,,,,,,,,,,,,,,,,,,,1,1
2011-03-14 06:00:00+00:00,,,0.16796505451202393,2.85299213621284,,,,,,,,,,,,,,,,,,,,,1,1
2011-03-14 12:00:00+00:00,,,0.20321500301361084,-26.272643194997833,,,,,,,,,,,,,,,,,,,,,1,1
2011-03-14 18:00:00+00:00,,,0.20811772346496582,4.4589691522952535,,,,,,,,,,,,,,,,,,,,,1,1
2011-03-15 00:00:00+00:00,,,0.2411210536956787,19.993076756288655,,,,,,,,,,,,,,,,,,,,,1,1
2011-03-15 06:00:00+00:00,,,0.1736745834350586,2.2119047579967113,0.4219939708709717,0.34441866076444455,,,,,,,,,,,,,,,,,,,2,2
2011-03-15 12:00:00+00:00,,,0.22763121128082275,2.864476521998024,,,,,,,,,,,,,,,,,,,,,1,1
2011-03-15 18:00:00+00:00,,,0.17045152187347412,0.8696713754102893,,,,,,,,,,,,,,,,,,,,,1,1
2011-03-16 00:00:00+00:00,,,0.1737133264541626,2.9245188904727857,,,,,,,,,,,,,,,,,,,,,1,1
2011-03-16 06:00:00+00:00,,,0.1993699073791504,3.1117525069985374,,,,,,,0.14241206645965576,-0.18867879148141273,,,,,,,,,,,,,2,2
2011-03-16 12:00:00+00:00,,,0.17615783214569092,0.8222823432726175,,,0.3632020950317383,1.6253023166858,,,0.612423300743103,2.141058596519153,,,,,,,,,,,,,3,3
2011-03-16 18:00:00+00:00,,,0.21068108081817627,0.5997931128597508,0.10036563873291016,-0.7156923706357032,0.10386031866073608,-1.1354727452218039,,,0.4510763883590698,-0.13703415063466723,0.11949717998504639,0.9016909879526892,,,,,,,,,,,5,5
2011-03-17 00:00:00+00:00,,,0.17466473579406738,1.423514631461753,,,,,0.1856999397277832,0.6316189551763303,0.12376630306243896,0.24010910658782222,0.6566364765167236,2.743500877734336,,,,,,,,,,,4,4
2011-03-17 06:00:00+00:00,,,0.17921793460845947,1.8644779033531544,0.22622418403625488,0.45850984034838,,,0.024115443229675293,1.9100221694070394,,,0.5095536708831787,6.370301145351573,,,,,,,,,,,4,4
2011-03-17 12:00:00+00:00,,,0.1594531536102295,1.6011277881758679,1.0,0.6671678720129814,,,0.1724224090576172,2.588276195539893,0.021768689155578613,-0.02752964580134044,0.3187004327774048,7.177844476279233,,,,,,,,,,,5,5
2011-03-17 18:00:00+00:00,,,0.18694007396697998,5.662580537804817,,,,,0.16206574440002441,1.3164787045925062,,,0.5130006074905396,1.8386321702504977,0.2938765287399292,4.593451265676641,,,,,,,,,5,4
2011-03-18 00:00:00+00:00,,,0.14672505855560303,4.010648000990291,,,,,0.2987182140350342,4.273767494853617,,,0.18531721830368042,0.034195561230029904,0.3386176824569702,6.345163560330204,,,,,,,,,4,4
2011-03-18 06:00:00+00:00,,,0.24674522876739502,2.8530744404670805,,,,,0.06578505039215088,2.5070232372690993,,,0.5167157649993896,3.827004064755284,0.32588064670562744,8.644293967165666,,,,,,,,,4,4
2011-03-18 12:00:00+00:00,,,0.2147294282913208,3.007728108500201,0.34261882305145264,0.13199006196726887,,,0.24846023321151733,-7.133002706493171,,,,,0.3704874515533447,-0.15325838822822987,,,,,,,,,5,5
2011-03-18 18:00:00+00:00,,,0.16767489910125732,1.9594535473380756,0.11995470523834229,0.17218587630920956,,,0.08472716808319092,-0.792530645621449,,,,,0.3589249849319458,3.2801727617596033,,,,,,,,,5,5
2011-03-19 00:00:00+00:00,,,0.18169760704040527,2.474703315094346,0.20354145765304565,0.35693817852886434,,,0.004132449626922607,0.2362522325952918,,,,,0.41695475578308105,7.434868210802588,,,,,,,,,5,5
2011-03-19 06:00:00+00:00,,,0.18718206882476807,1.5966266303649883,,,,,0.03743934631347656,-0.2951904831919704,,,,,0.4167969226837158,3.773132555396757,,,,,,,,,4,4
2011-03-19 12:00:00+00:00,,,0.22873234748840332,2.4478648472677564,,,,,0.06490111351013184,-0.0959723574476343,,,,,0.3675839900970459,9.990156657562341,,,,,,,,,4,4
2011-03-19 18:00:00+00:00,,,0.24954378604888916,2.0088548722147532,,,,,0.16263341903686523,1.1804168720629615,,,,,0.29385221004486084,12.655960165238232,,,,,,,,,4,4
2011-03-20 00:00:00+00:00,,,0.18698954582214355,3.5254468699430364,,,,,0.0323406457901001,2.5523381131122744,,,,,0.3195258378982544,5.9875025428290085,,,,,,,,,4,4
2011-03-20 06:00:00+00:00,,,0.20918142795562744,1.2840713057850193,,,,,0.11164116859436035,0.5074791938026892,,,,,0.5443779230117798,8.890612840366158,,,,,,,,,4,4
2011-03-20 12:00:00+00:00,,,0.2057863473892212,9.37402892673912,,,,,0.1675601601600647,1.247560356915041,,,,,0.35855746269226074,11.856161410435112,,,,,,,,,4,4
2011-03-20 18:00:00+00:00,,,0.2762331962585449,2.4567490215700003,,,,,0.17548322677612305,-0.11792408810507805,,,,,0.3134266138076782,3.7884435917346755,,,,,,,,,4,4
2011-03-21 00:00:00+00:00,,,0.1824263334274292,4.508548886528247,,,,,0.13645577430725098,0.9115079855448582,,,,,0.44886505603790283,6.220748073897829,,,,,,,,,5,4
2011-03-21 06:00:00+00:00,,,0.22638750076293945,6.736374283237673,,,,,0.15314090251922607,-0.6395594301578506,,,0.23644816875457764,1.0164545759989738,0.35541224479675293,4.782172907316099,,,,,,,,,5,5
2011-03-21 12:00:00+00:00,,,0.22720742225646973,6.006307777626189,,,,,,,0.2614380121231079,0.7462083685705833,0.0909653902053833,-0.21801288021039691,0.29085588455200195,6.6411322402114745,,,,,,,,,5,5
2011-03-21 18:00:00+00:00,,,0.2273479700088501,4.452916632642166,,,,,,,0.3123282194137573,3.6639791034759566,0.11847925186157227,0.31343191893853606,0.3533576726913452,9.694265660084664,,,,,,,,,6,6
2011-03-22 00:00:00+00:00,,,0.184830904006958,4.454277913487714,,,,,,,0.10325002670288086,0.5075349822720097,0.09756308794021606,-0.4321362832014684,0.6381518840789795,4.338058662596385,0.4165436029434204,1.752275776143487,,,,,,,7,7
2011-03-22 06:00:00+00:00,,,0.208670973777771,1.4176380440664245,,,,,,,0.16555237770080566,0.28132523126663234,0.2077094316482544,-0.16260411442960257,0.26250672340393066,-0.05934206552825976,0.36879611015319824,7.619120925777668,,,,,,,8,7
2011-03-22 12:00:00+00:00,,,0.19856786727905273,2.7842485832186306,,,,,,,0.16891169548034668,-0.6107238055721957,0.09905368089675903,-0.42783524269909945,0.1117391586303711,0.23317521081400164,0.3814406394958496,2.8744266407676062,,,,,,,6,6
2011-03-22 18:00:00+00:00,,,0.23405182361602783,1.5423449611508881,,,,,,,0.3004109263420105,-0.08106868681951752,0.13449883460998535,-0.41335054822282497,0.05485856533050537,1.2624194127914932,0.23313868045806885,1.3165135483248258,,,,,,,6,6
2011-03-23 00:00:00+00:00,,,0.14881765842437744,1.7878319649846248,,,,,,,0.14481592178344727,0.13086081996477428,0.13292139768600464,-0.6594533699986783,0.19477641582489014,3.4183036382100402,0.2944777011871338,0.7480901133660098,,,,,,,5,5
2011-03-23 06:00:00+00:00,,,0.10422921180725098,0.2465708799334362,,,,,,,0.03288304805755615,0.027487788963896177,,,0.04032313823699951,0.5851627596521441,0.44052231311798096,3.3129748213091372,0.0039044618606567383,-3.2917136902092103,,,,,6,6
2011-03-23 12:00:00+00:00,,,0.1447819471359253,1.0342244339885203,,,,,,,0.07182443141937256,0.19174597706467778,,,0.18420374393463135,4.904039483523789,0.37607598304748535,1.0925524156698365,0.028542399406433105,-0.7731082279930007,,,,,5,5
2011-03-23 18:00:00+00:00,0.03212249279022217,1.3064042483859597,0.21783232688903809,3.266154737742004,,,,,,,0.04160940647125244,-0.6914915387536779,0.19888156652450562,-2.6291326035597304,,,0.33988046646118164,1.4992114884852028,,,0.16490280628204346,-0.09340745601858438,,,8,8
2011-03-24 00:00:00+00:00,0.028528571128845215,-0.4766741877362447,0.1597822904586792,33.26203229364525,,,,,,,0.0229148268699646,-0.03373070224822323,0.14926457405090332,-2.438080282571336,,,0.2520188093185425,2.015094307708408,0.29649049043655396,-0.44675025145414005,0.11853837966918945,0.5196476064850315,,,13,12
2011-03-24 06:00:00+00:00,0.801324725151062,0.48836554854932085,0.22329556941986084,1.011569621260264,,,0.029561936855316162,3.835037713109965,,,0.07789301872253418,0.42408754607460786,0.11411166191101074,-1.3634169431867245,,,0.2725799083709717,1.9981621810029,0.3232553005218506,0.38676982732769294,0.24241548776626587,-0.07768689842017838,,,13,12
2011-03-24 12:00:00+00:00,,,0.2301861047744751,1.0751701211867657,,,,,,,0.09339046478271484,-0.29139827238157073,0.32804787158966064,-0.9674292171744997,,,0.3595595359802246,3.077543520710042,0.11755281686782837,0.5232914400935752,,,,,10,8
2011-03-24 18:00:00+00:00,,,0.20145058631896973,0.9894017982008954,,,,,,,0.36604201793670654,0.3782579103108066,0.25950777530670166,-1.8830175683770438,,,0.3240389823913574,2.2707983769186413,,,0.0690351128578186,-0.8566475510857543,,,9,9
2011-03-25 00:00:00+00:00,0.08108115196228027,-0.35385782627444623,0.17342936992645264,1.491097945614113,,,,,,,0.11661732196807861,-0.5352434868824181,0.21061104536056519,-3.7035935583380892,,,0.2244497537612915,1.9310446549171023,0.4218658208847046,-0.16877795071025384,0.2987194061279297,0.1467863453399413,,,10,10
2011-03-25 06:00:00+00:00,,,0.23837566375732422,2.9474283088695303,,,,,,,,,0.08747243881225586,-2.2117856261038193,0.2671910524368286,-4.592042096849101,0.11102235317230225,2.002590514510455,0.30463099479675293,0.306254161014561,0.35881316661834717,0.759499473134308,,,11,9
2011-03-25 12:00:00+00:00,,,0.12810683250427246,-6.046172709591557,,,,,,,,,0.1181076169013977,-12.943714169227807,0.3772357702255249,-4.269396060319978,0.19996929168701172,1.2665193316965884,0.3268507719039917,-0.4993318726672269,0.05217182636260986,0.010025732567969752,,,9,9
2011-03-25 18:00:00+00:00,,,0.19051718711853027,1.5937898079471198,,,,,,,,,0.1148492693901062,-0.10302363576279407,0.368527352809906,-3.484570144171335,0.0380169153213501,-0.001884330667943499,0.2860605716705322,-0.42074738169261655,0.31059038639068604,-0.6703757413743034,,,8,8
2011-03-26 00:00:00+00:00,,,0.12174534797668457,-1.612953666718768,,,,,,,,,0.14448165893554688,-0.10124955345198812,0.42107516527175903,-2.567278358521365,0.13090038299560547,1.160402122638001,0.14809447526931763,-0.11407228592086671,0.1720118522644043,0.16220680479094984,0.6659218966960907,0.3186896724945974,10,10
2011-03-26 06:00:00+00:00,,,0.21708977222442627,3.6987378711878285,,,,,,,,,0.29880815744400024,-2.242714148468404,0.4710553288459778,-4.12770471399988,0.14848649501800537,-0.009115781186908431,0.013436555862426758,0.14852003974989442,0.09099364280700684,-0.19311248254431676,,,10,10
2011-03-26 12:00:00+00:00,,,0.2896958589553833,1.3363971448273912,,,,,,,,,0.09438556432723999,0.2629425128341756,0.36792004108428955,-7.3957896625545425,0.24534785747528076,-0.5147659833711064,0.33727777004241943,-0.36023682142234215,0.02968686819076538,-0.04018474942197289,,,9,9
2011-03-26 18:00:00+00:00,,,0.14027178287506104,-4.842625690217747,,,,,,,,,0.137725830078125,-0.9870377135016342,0.47932136058807373,-9.688537641568763,,,0.26517820358276367,0.2672344681974619,,,,,4,4
2011-03-27 00:00:00+00:00,,,0.19425833225250244,1.75338471531062,,,,,,,,,0.28541940450668335,-2.14945366351342,0.28331708908081055,-8.85787384565265,,,0.18724268674850464,-0.1570148389109536,0.7735921144485474,0.8562985108178024,,,6,5
2011-03-27 06:00:00+00:00,,,0.08252537250518799,-16.82050367096725,,,,,,,,,0.3148563504219055,-1.4837948993670798,0.43589264154434204,-7.616576781137391,,,,,0.37824130058288574,-1.2624547778809585,,,4,4
2011-03-27 12:00:00+00:00,,,0.16455447673797607,-7.3945245363972285,,,,,,,,,,,0.4206535220146179,-4.1904397136925855,,,0.19323492050170898,-0.40724819916737076,,,,,3,3
2011-03-27 18:00:00+00:00,,,,,0.10519230365753174,-15.477013666436221,,,,,,,,,0.43795353174209595,-8.641800857612836,,,0.06657987833023071,0.3370113350908552,,,,,3,3
2011-03-28 00:00:00+00:00,,,0.05894589424133301,-10.144316440941836,,,,,,,,,,,0.5210949182510376,-2.558794031774513,,,0.7105526924133301,-1.0613714142034671,,,,,3,3
2011-03-28 06:00:00+00:00,,,0.18517684936523438,29.867975979963287,,,,,,,,,,,0.7113874554634094,-5.272676712062886,,,,,,,,,2,2
2011-03-28 12:00:00+00:00,,,0.19032442569732666,27.5992863998497,,,,,,,,,,,0.3091837763786316,-2.7715836036818056,,,,,,,,,3,3
2011-03-28 18:00:00+00:00,,,0.07875025272369385,1.1407563296916363,,,,,,,,,,,0.3145577311515808,-4.585226845978784,,,,,,,,,2,2
2011-03-29 00:00:00+00:00,,,0.09753048419952393,1.4255490340287045,,,,,,,,,,,0.44876497983932495,-1.5581096898578815,,,,,,,,,2,2
2011-03-29 06:00:00+00:00,,,,,0.18791496753692627,0.3642160446452343,,,,,,,,,,,,,,,,,,,1,1
2011-03-29 12:00:00+00:00,,,,,0.08364272117614746,0.16402702506769154,,,,,,,,,,,,,,,,,,,1,1
2011-03-29 18:00:00+00:00,,,,,0.3087942600250244,15.068508235383037,,,,,,,,,,,,,,,,,,,1,1
2011-03-30 00:00:00+00:00,,,,,0.05305182933807373,-0.2656818651871591,,,,,,,,,,,,,,,,,,,1,1
2011-03-30 06:00:00+00:00,,,,,0.27346205711364746,0.11393261042983338,,,,,,,,,,,,,,,,,,,2,1
2011-03-30 12:00:00+00:00,,,,,0.22333872318267822,0.1422372478360759,,,,,,,,,,,,,,,0.012651622295379639,-0.07374294846472093,,,3,3
2011-03-30 18:00:00+00:00,,,,,0.179634690284729,0.18979060630627864,,,,,,,,,,,,,,,0.2055308222770691,0.13690015436188058,,,2,2
2011-03-31 00:00:00+00:00,,,,,0.06737899780273438,0.5410489025575438,,,,,,,,,,,,,,,0.27748602628707886,-0.15255367626931185,,,2,2
2011-03-31 06:00:00+00:00,,,,,0.13075029850006104,1.7784254014641685,,,,,,,,,,,,,,,0.23627477884292603,0.23680838690965675,,,2,2
2011-03-31 12:00:00+00:00,,,,,0.1562877893447876,0.4667414645809942,,,,,,,,,,,,,,,0.06329280138015747,-0.09431288416762544,,,2,2
2011-03-31 18:00:00+00:00,,,,,0.15232276916503906,0.010410964720031664,,,,,,,,,,,,,,,0.19822955131530762,0.030932555383668545,,,2,2
2011-04-01 00:00:00+00:00,0.4808230400085449,0.17454964927865382,,,0.21133792400360107,2.439826541695155,,,,,,,,,,,,,,,0.204750657081604,-0.06846271120535607,,,3,3
2011-04-01 06:00:00+00:00,,,,,0.17710763216018677,-29.638668769168728,,,,,,,,,,,,,,,0.20608651638031006,-0.8567641003031958,,,2,2
2011-04-01 12:00:00+00:00,,,,,0.13637542724609375,0.5549694789401061,,,,,,,,,,,,,,,0.30956119298934937,0.11001229523732478,,,2,2
2011-04-01 18:00:00+00:00,,,,,0.14170825481414795,0.26297123494284097,,,,,,,,,,,,,,,0.1455863118171692,0.008866933613458965,,,2,2
2011-04-02 00:00:00+00:00,,,0.0713496208190918,-0.048728144709870296,,,,,,,,,,,,,,,,,0.015703678131103516,0.6951153078165229,,,3,2
2011-04-02 06:00:00+00:00,,,0.07877993583679199,-0.3027981496566478,,,0.5864289104938507,-5.750091562980548,,,,,,,,,,,,,0.2597247362136841,-0.37298161883740033,,,3,3
2011-04-02 12:00:00+00:00,,,0.09695625305175781,0.5631857209249853,,,0.1267794370651245,-0.39517160884520963,,,,,,,,,,,,,0.12872648239135742,-0.7705426507647098,,,4,3
2011-04-02 18:00:00+00:00,,,0.19833147525787354,-31.567816761499557,,,0.05389004945755005,-4.784050861803096,,,,,,,,,,,,,0.08150207996368408,0.00245159895426424,,,3,3
2011-04-03 00:00:00+00:00,,,0.14054322242736816,0.09843604878438653,,,0.04686504602432251,0.2864088352391151,,,,,,,,,,,,,0.07362288236618042,-0.08760045475730692,,,4,4
2011-04-03 06:00:00+00:00,,,0.17680847644805908,-0.04414314167501205,,,0.014547228813171387,4.483157158353206,,,,,,,,,,,,,0.217937171459198,-0.03466553440960737,,,4,4
2011-04-03 12:00:00+00:00,,,0.04726099967956543,0.27594059663930753,,,0.0013620853424072266,-20.85095000628786,,,,,,,,,,,,,0.1489003300666809,-0.2657952087950593,,,4,4
2011-04-03 18:00:00+00:00,0.10350382328033447,0.9912187288815925,,,,,,,,,,,,,,,,,,,0.11853045225143433,-0.1587826580862239,,,2,2
2011-04-04 00:00:00+00:00,0.026845455169677734,8.06474402534796,,,,,,,,,,,,,,,,,,,0.05437082052230835,-0.012456684569134952,,,2,2
2011-04-04 06:00:00+00:00,0.05853283405303955,0.26346516091874267,,,,,,,,,,,,,,,,,,,0.14593803882598877,0.1285988145656312,,,2,2
2011-04-04 12:00:00+00:00,0.12677931785583496,-0.3727285913340107,,,,,,,,,,,,,,,,,,,0.030787527561187744,0.3434231105220818,,,2,2
2011-04-04 18:00:00+00:00,0.18232178688049316,0.21928874322528077,,,,,,,,,,,,,,,,,,,0.06149083375930786,-0.33572740874866086,0.4173768162727356,0.11066482216208554,3,3
2011-04-05 00:00:00+00:00,0.1290966272354126,3.3197929371429216,,,,,,,,,,,,,,,,,,,,,0.042191147804260254,-0.13630841338409672,2,2
2011-04-05 06:00:00+00:00,0.13257718086242676,1.7487568908480262,,,,,,,,,,,,,,,,,,,,,0.16724461317062378,0.28663027118939277,2,2
2011-04-05 12:00:00+00:00,0.09293270111083984,-1.8109261010969104,,,,,,,,,,,,,,,,,,,,,0.016922354698181152,0.9322699383685831,2,2
2011-04-05 18:00:00+00:00,0.12443625926971436,-1.7565252570371483,,,,,,,,,,,,,,,,,,,,,0.5948056280612946,-1.1577132829105754,3,3
2011-04-06 00:00:00+00:00,0.21648705005645752,6.334108409436005,,,,,,,,,,,,,,,,,,,,,,,1,1
2011-04-06 12:00:00+00:00,0.18638718128204346,5.410547212101973,,,,,,,,,,,,,,,,,,,,,,,1,1
2011-04-06 18:00:00+00:00,0.19125962257385254,7.4490544108394,,,,,,,,,,,,,,,,,,,,,,,1,1
2011-04-07 00:00:00+00:00,0.21555352210998535,4.326593195727888,,,,,,,,,,,,,,,,,,,,,,,1,1
2011-04-07 06:00:00+00:00,0.21413862705230713,7.526938643922788,,,,,,,,,,,,,,,,,,,,,,,1,1
2011-04-07 12:00:00+00:00,,,0.20637595653533936,5.252452366609074,,,,,,,,,,,,,,,,,,,,,1,1
2011-04-07 18:00:00+00:00,,,0.26284515857696533,16.118417844277598,,,,,0.29437243938446045,0.46250062697222055,,,,,,,,,,,,,,,2,2
2011-04-08 00:00:00+00:00,,,0.19930970668792725,5.849358591905678,,,,,0.5874227285385132,1.2498567638954872,,,,,,,,,,,,,,,2,2
2011-04-08 06:00:00+00:00,,,0.19846594333648682,-12.30448272407316,,,,,0.6333715915679932,1.6316183100638928,,,,,,,,,,,,,,,2,2
2011-04-08 12:00:00+00:00,,,0.21837544441223145,4.505136994242151,,,,,0.41559600830078125,3.1165646946362657,,,,,,,,,,,,,,,2,2
2011-04-08 18:00:00+00:00,,,0.24210500717163086,4.481765850541004,,,,,,,,,,,,,,,,,,,,,1,1
2011-04-09 00:00:00+00:00,,,0.11301541328430176,-19.210087150489148,,,,,0.3539159297943115,5.667246685221545,,,,,,,,,,,,,,,2,2
2011-04-09 06:00:00+00:00,,,0.21908044815063477,3.18926109460553,,,,,,,,,,,,,,,,,,,,,1,1
2011-04-09 12:00:00+00:00,,,0.2103269100189209,4.081780271790642,,,,,,,,,,,,,,,,,,,,,1,1
2011-04-09 18:00:00+00:00,,,0.15125596523284912,-18.549985110491257,,,,,0.25080740451812744,2.031001134024875,,,,,,,,,,,,,,,3,3
2011-04-10 00:00:00+00:00,,,0.17420578002929688,1.679668880708755,,,,,0.38256096839904785,8.317296490725585,,,,,,,,,,,,,,,2,2
2011-04-10 06:00:00+00:00,,,0.18690264225006104,2.755542036476664,,,,,0.27933621406555176,7.71113478196936,,,,,,,,,,,,,,,2,2
2011-04-10 12:00:00+00:00,,,0.2243185043334961,4.84774030764156,,,,,0.36660683155059814,6.9636492439891144,,,,,,,,,,,,,,,2,2
2011-04-10 18:00:00+00:00,,,0.27121663093566895,1.7504192630560569,,,,,0.24418950080871582,2.4893365619900356,0.0608597993850708,0.38726057872711234,,,,,,,,,,,,,3,3
2011-04-11 00:00:00+00:00,,,0.22929441928863525,1.8500374573656406,,,,,,,0.03246438503265381,-2.914876456383461,,,,,,,,,,,,,3,3
2011-04-11 06:00:00+00:00,,,0.2061920166015625,1.5563684630264463,,,,,,,0.3744112253189087,3.543994507195519,,,,,,,,,,,,,3,3
2011-04-11 12:00:00+00:00,0.054915428161621094,0.31923761777824705,0.21574640274047852,1.6830862561641184,,,,,,,0.2937319278717041,1.659325444874511,,,,,,,,,,,,,5,5
2011-04-11 18:00:00+00:00,0.1306779384613037,0.3019412657944295,0.2643437385559082,0.7035732630579701,,,,,,,0.20168757438659668,2.076707070186248,,,,,,,,,,,,,4,4
2011-04-12 00:00:00+00:00,0.06806844472885132,-0.1896052749658622,0.2456951141357422,8.625632764593622,,,,,,,0.35314178466796875,1.5967113555916461,,,,,,,,,,,,,4,4
2011-04-12 06:00:00+00:00,,,0.11043059825897217,-35.54774970990209,,,,,,,0.3568044900894165,3.3015144873647566,,,,,,,,,,,,,2,2
2011-04-12 12:00:00+00:00,,,0.11367940902709961,-34.74788805230332,,,,,,,0.9519922733306885,0.23590788666510343,,,,,,,,,,,,,2,2
2011-04-12 18:00:00+00:00,,,0.1959153413772583,3.115080176638647,,,,,,,,,,,,,,,,,,,,,1,1
2011-04-13 00:00:00+00:00,,,0.1054459810256958,-33.47417737217142,,,,,,,0.13927698135375977,0.6995173611777955,,,,,,,,,,,,,2,2
2011-04-13 06:00:00+00:00,,,0.16390645503997803,1.7909591698577636,,,,,,,0.09446889162063599,0.5686522616356349,,,,,,,,,,,,,3,2
2011-04-13 12:00:00+00:00,,,0.1681382656097412,0.8800124060645225,,,,,,,0.05716574192047119,-0.09866402896306414,,,,,,,,,,,,,3,2
2011-04-14 06:00:00+00:00,,,0.18159818649291992,2.2969098037627353,,,,,,,,,,,,,,,,,0.545207142829895,-1.39950194271069,,,2,2
2011-04-14 12:00:00+00:00,,,0.15361642837524414,-28.614989248516743,0.11050474643707275,0.3266188812122754,,,,,,,,,,,,,,,0.15159940719604492,-0.19981314772318956,,,3,3
2011-04-14 18:00:00+00:00,,,0.20132601261138916,4.261889638911511,,,,,,,,,,,,,,,,,0.01750272512435913,0.7253596418405633,,,2,2
2011-04-15 00:00:00+00:00,,,0.21403908729553223,6.254187365731289,,,,,,,,,,,,,,,,,,,,,2,1
2011-04-15 06:00:00+00:00,,,0.17545533180236816,1.2903310775670214,,,,,,,,,,,,,,,,,,,,,1,1
2011-04-15 12:00:00+00:00,,,0.20008325576782227,2.51818230416838,,,,,,,,,,,,,,,,,,,,,1,1
2011-04-15 18:00:00+00:00,,,0.14368987083435059,-20.201022521734416,,,,,,,,,,,,,,,,,,,,,2,1
2011-04-16 00:00:00+00:00,,,0.18842065334320068,4.516449644714567,,,,,,,,,,,,,,,,,,,,,1,1
2011-04-16 06:00:00+00:00,,,0.18298697471618652,1.791980664968039,,,,,,,,,,,,,,,,,,,,,2,1
2011-04-16 12:00:00+00:00,,,0.17858445644378662,-75.96649310097494,,,,,,,,,,,,,,,,,,,,,1,1
2011-04-16 18:00:00+00:00,,,0.18716061115264893,6.289015341472284,,,,,,,,,,,,,,,,,,,,,1,1
2011-04-17 00:00:00+00:00,,,0.18671882152557373,5.383703863050282,,,,,,,,,,,,,,,,,,,,,2,1
2011-04-17 06:00:00+00:00,,,0.18409240245819092,3.337280385917304,,,,,,,,,,,,,,,,,,,,,2,1
2011-04-17 12:00:00+00:00,,,0.22999024391174316,2.7616809039048396,,,0.5588418245315552,0.03754169547751521,,,,,,,,,,,,,,,,,2,2
2011-04-17 18:00:00+00:00,,,0.23485898971557617,3.4931240762217697,,,0.14510178565979004,0.05333004489868511,,,,,,,,,,,,,,,,,2,2
2011-04-18 00:00:00+00:00,,,0.21787822246551514,7.169204886794631,,,0.15694332122802734,0.28817894996299376,,,,,,,,,,,,,,,,,2,2
2011-04-18 06:00:00+00:00,,,0.23383963108062744,16.18825040809836,,,0.0991823673248291,2.6372091796619395,,,,,,,,,,,,,,,,,2,2
2011-04-18 12:00:00+00:00,,,0.17238271236419678,4.376729604335947,,,0.04152047634124756,2.7165183996262803,,,,,,,,,,,,,,,,,2,2
2011-04-18 18:00:00+00:00,,,0.17081856727600098,1.1549462752884538,,,0.17309057712554932,2.1752999715456887,,,,,,,,,,,,,,,,,2,2
2011-04-19 00:00:00+00:00,,,0.158311128616333,1.996580859747144,,,0.18288516998291016,2.173878904708504,,,0.4254119396209717,5.614511101069968,,,,,,,,,,,,,3,3
2011-04-19 06:00:00+00:00,,,0.18705475330352783,2.34007267073778,,,0.39404213428497314,4.89166700840673,,,0.3022869825363159,2.5986575509556133,,,,,,,,,,,,,3,3
2011-04-19 12:00:00+00:00,,,0.16868042945861816,1.4730515802937327,,,0.3716033697128296,3.2292683840071024,,,0.3671201467514038,8.765429056161445,,,,,,,,,,,,,3,3
2011-04-19 18:00:00+00:00,,,0.16842710971832275,-2.3194001725101443,,,0.21879923343658447,3.4545221309700263,,,0.13617897033691406,0.3053706082169964,,,,,,,,,,,,,3,3
2011-04-20 00:00:00+00:00,,,0.17798006534576416,3.003069047772191,,,0.18659067153930664,1.302233117978114,,,0.008490979671478271,0.28473900221476706,,,,,,,,,,,,,3,3
2011-04-20 06:00:00+00:00,,,0.1314237117767334,-48.640157436476805,,,0.3129129409790039,1.5795434042016934,,,0.009731292724609375,-0.9967876935493253,,,,,,,,,,,,,4,4
2011-04-20 12:00:00+00:00,,,0.23527586460113525,4.297398031002114,,,0.2549339532852173,1.208552630184574,,,0.012639105319976807,6.52353966151046,,,,,,,,,,,,,4,4
2011-04-21 00:00:00+00:00,,,0.08434760570526123,-51.983345791486826,,,,,0.41787421703338623,3.5420200715537895,0.16736376285552979,0.15482922998252344,,,,,,,,,,,,,4,4
2011-04-21 06:00:00+00:00,,,0.12841427326202393,-15.2233977494384,,,,,0.4119642972946167,3.1726284865330876,0.3085176348686218,0.27810314192646163,,,,,,,,,,,,,5,5
2011-04-21 12:00:00+00:00,,,0.18128526210784912,1.850729951376738,,,,,0.46871113777160645,7.75099676134462,0.1059378981590271,-0.26981850883074043,,,,,,,,,,,,,3,3
2011-04-21 18:00:00+00:00,,,0.09208035469055176,-49.87626008313641,,,,,0.39359283447265625,2.9795505146889543,,,,,,,,,,,,,,,2,2
2011-04-22 00:00:00+00:00,,,0.20304512977600098,2.2792525248245394,,,,,0.5204992294311523,4.037450854375447,,,,,,,,,,,,,,,2,2
2011-04-22 06:00:00+00:00,,,0.1776111125946045,-12.965068124528184,,,,,0.5314117670059204,3.9542294022319417,,,,,,,,,,,,,,,2,2
2011-04-22 12:00:00+00:00,,,0.2425938844680786,6.8427269824554555,,,,,0.44078564643859863,3.924931651174525,,,,,,,,,,,,,,,2,2
2011-04-22 18:00:00+00:00,,,0.1716763973236084,2.3772914844608954,,,,,0.5580376386642456,6.115414151650582,,,,,,,,,,,,,,,2,2
2011-04-23 00:00:00+00:00,,,0.1291661262512207,-7.663991196262464,,,,,0.05973505973815918,0.5231752406905384,,,,,,,,,,,,,,,2,2
2011-04-23 06:00:00+00:00,,,0.24740493297576904,3.50482884106283,,,,,,,,,,,,,,,,,,,,,1,1
2011-04-23 12:00:00+00:00,,,0.1852564811706543,1.217475842136608,,,,,,,,,,,,,,,,,,,,,1,1
2011-04-23 18:00:00+00:00,,,,,0.20653164386749268,1.7945815042512214,,,,,,,,,,,,,,,,,,,1,1
2011-04-24 00:00:00+00:00,,,,,0.18617284297943115,5.285400673672233,,,0.1025322675704956,-0.4988539980114161,,,,,,,,,,,,,,,2,2
2011-04-24 06:00:00+00:00,,,,,0.14884459972381592,-20.183351232026745,,,,,,,,,,,,,,,,,,,1,1
2011-04-24 12:00:00+00:00,,,,,0.17274832725524902,-20.17453160466763,,,,,,,,,,,,,,,,,,,1,1
2011-04-24 18:00:00+00:00,,,,,0.19618844985961914,1.9519612027073767,,,,,,,,,,,,,,,,,,,1,1
2011-04-25 00:00:00+00:00,,,,,0.10513639450073242,-3.4478853720548215,,,,,,,,,,,,,,,,,,,1,1
2011-04-25 06:00:00+00:00,,,,,0.16268324851989746,-14.86967195174293,,,0.22167587280273438,-0.7385700730050591,,,,,,,,,,,,,,,2,2
2011-04-25 12:00:00+00:00,,,,,0.27015578746795654,1.3175215307221146,,,0.38837796449661255,-0.687903947708576,,,,,,,,,,,,,,,2,2
2011-04-25 18:00:00+00:00,,,,,0.17000484466552734,0.20341402172115022,0.27884232997894287,-7.183657612393901,0.35276681184768677,-5.818175740302934,,,,,,,,,,,,,,,3,3
2011-04-26 00:00:00+00:00,,,,,0.06898736953735352,-15.128746367782503,,,0.18167990446090698,-0.15654734042330984,,,,,,,,,,,,,,,3,3
2011-04-26 06:00:00+00:00,,,,,0.04685354232788086,0.14000526951577347,,,0.25339555740356445,-1.9409701929907257,,,,,,,,,,,,,,,3,3
2011-04-26 12:00:00+00:00,,,,,0.052533864974975586,0.32818426129076617,,,0.3015947937965393,-2.9868289139900996,,,,,,,,,,,,,,,3,3
2011-04-26 18:00:00+00:00,,,,,0.044747233390808105,-15.71269487468223,,,0.47685736417770386,-4.673210637048516,,,,,,,,,,,,,,,3,3
2011-04-27 00:00:00+00:00,,,,,0.023003816604614258,-0.33477679186197196,,,0.39183056354522705,-1.8804385843363567,,,,,,,,,,,,,,,4,4
2011-04-27 06:00:00+00:00,,,,,0.30714237689971924,0.644391517265187,,,0.36025458574295044,-6.900090072342092,,,,,,,,,,,,,,,5,3
2011-04-27 12:00:00+00:00,,,,,0.2403491735458374,-0.0784833932782913,,,0.19015175104141235,-1.3798722964772507,,,,,,,,,,,,,,,3,3
2011-04-27 18:00:00+00:00,,,,,0.026905059814453125,0.08840948943002723,,,0.45794540643692017,-4.532421543752408,,,,,,,,,,,,,,,3,3
2011-04-28 00:00:00+00:00,,,,,0.05900311470031738,-1.2172419937097583,,,0.40979689359664917,-11.976761854682547,,,,,,,,,,,,,,,3,3
2011-04-28 06:00:00+00:00,,,,,,,,,0.2845817804336548,-7.731886033287097,,,,,,,,,,,,,,,2,2
2011-04-28 12:00:00+00:00,,,,,,,,,0.41311442852020264,-3.8372717549052173,,,,,,,,,,,,,,,4,2
2011-04-28 18:00:00+00:00,,,,,0.7023525238037109,-0.14796658456122552,,,0.33007311820983887,-3.117278996623924,,,,,,,,,,,,,,,5,5
2011-04-29 00:00:00+00:00,,,,,0.14759647846221924,-0.19552977663505983,,,0.37129640579223633,-16.748706111278487,,,,,,,,,0.228915274143219,0.9672247682666498,,,,,5,5
2011-04-29 06:00:00+00:00,,,,,0.1988973617553711,0.0433706208252929,,,0.40640294551849365,-8.252275148234853,0.14491772651672363,0.23195280657751563,,,,,,,0.3765872120857239,-0.10987534128627355,,,,,5,5
2011-04-29 12:00:00+00:00,,,,,,,,,0.27590489387512207,-1.2579751696108248,0.12436634302139282,-0.3349152258057924,,,,,,,0.25637900829315186,-0.34249149303794063,,,,,5,5
2011-04-29 18:00:00+00:00,,,,,,,,,0.06063729524612427,-0.3787046793554114,0.5342530310153961,-1.8532908639507808,,,,,,,0.2658202052116394,-1.6892665904332602,,,,,5,5
2011-04-30 00:00:00+00:00,,,,,,,,,0.23618805408477783,-4.885753282141904,0.4925391674041748,0.18835278592499108,,,,,,,0.23450380563735962,-0.9295319682393177,,,,,5,5
2011-04-30 06:00:00+00:00,,,,,,,,,0.09543979167938232,-0.12148670985113283,0.2564472556114197,-2.0001408823083833,,,,,,,0.20988452434539795,-1.9307747414621115,,,,,5,4
2011-04-30 12:00:00+00:00,0.4021477699279785,0.949678509120748,,,,,,,,,0.13947218656539917,-0.18470046088118255,,,,,,,0.22609150409698486,-5.067234910187997,,,,,5,5
2011-04-30 18:00:00+00:00,0.0708533525466919,-0.229967663075513,,,,,,,,,0.12890499830245972,-3.210522081794379,,,,,,,,,0.2154768705368042,-2.3011008524755145,,,4,4
2011-05-01 00:00:00+00:00,0.07562059164047241,-0.29809124838336654,,,,,,,,,0.11048239469528198,-2.18553058550449,,,,,,,,,0.12965476512908936,-1.2072885519063465,,,4,4
2011-05-01 06:00:00+00:00,0.20172667503356934,0.42055798105849224,,,,,,,,,0.17213690280914307,-1.5628529566146712,,,,,,,,,0.1605595350265503,-1.1048548619615184,,,4,4
2011-05-01 12:00:00+00:00,0.1947096586227417,0.31522973767836066,,,,,,,,,0.519498735666275,-3.7954033664394258,,,,,,,,,0.10359716415405273,-0.7141956620681932,,,5,5
2011-05-01 18:00:00+00:00,0.0045732855796813965,-0.29514427552812184,,,,,,,,,0.1765453815460205,-1.9021475909618992,,,,,,,,,0.3401101231575012,-2.7886572016114872,,,5,5
2011-05-02 00:00:00+00:00,0.22794008255004883,-5.353729915283513,,,,,,,,,0.008910179138183594,0.05630994628109016,,,,,,,,,0.21963107585906982,-2.023116484859889,,,4,4
2011-05-02 06:00:00+00:00,0.05554616451263428,-11.23863977739116,,,,,,,,,0.055076777935028076,0.29610469247019144,,,,,,,,,0.27682119607925415,-14.952726553426533,,,4,4
2011-05-02 12:00:00+00:00,0.11731386184692383,15.400810372010449,,,,,,,,,0.1740170121192932,-0.1826385268640891,,,,,,,,,0.16494816541671753,-2.940837493615774,,,3,3
2011-05-02 18:00:00+00:00,0.029248178005218506,-4.178039912311842,,,,,,,,,0.06830835342407227,-0.5662216684377592,,,,,,,,,0.34203338623046875,-3.8211057634737675,,,3,3
2011-05-03 00:00:00+00:00,0.16565632820129395,18.249856060834887,,,,,,,,,0.023015618324279785,0.027824879337049146,,,,,,,,,0.2428622841835022,-2.3336258149140128,,,3,3
2011-05-03 06:00:00+00:00,0.0034934282302856445,-1.0806363338462888,,,,,,,,,0.1033930778503418,-0.605441659716129,,,,,,,,,0.35590660572052,-4.893509706458985,,,3,3
2011-05-03 12:00:00+00:00,0.034264326095581055,1.3373027143585736,,,,,,,,,0.05237269401550293,0.6921953200762867,,,,,,,,,0.2187492847442627,-6.150518132437038,,,4,3
2011-05-03 18:00:00+00:00,0.14044225215911865,-3.740066073221965,,,,,,,,,,,,,,,,,,,0.3120681047439575,-4.362205349100511,,,3,2
2011-05-04 00:00:00+00:00,0.14593052864074707,9.166349839994272,,,,,,,,,,,,,,,,,,,0.31997835636138916,-8.66882513141686,,,2,2
2011-05-04 06:00:00+00:00,0.17520654201507568,0.7359986223099098,,,,,,,,,,,,,,,,,,,0.2260776162147522,-6.719085693038887,,,2,2
2011-05-04 12:00:00+00:00,0.14801347255706787,4.348361328043539,,,,,,,,,,,,,,,,,,,0.3028571605682373,-4.508402108633997,,,2,2
2011-05-04 18:00:00+00:00,0.2596869468688965,5.890894048481535,,,,,,,,,,,,,,,,,,,0.3180686831474304,-3.0179072609542543,,,2,2
2011-05-05 00:00:00+00:00,0.18342554569244385,5.649765863794329,,,,,,,,,,,,,,,,,,,0.27487969398498535,-3.6108969315145494,,,2,2
2011-05-05 06:00:00+00:00,0.1074148416519165,7.239403920033796,,,,,,,,,,,,,,,,,,,,,0.2886805534362793,-2.5613312234555483,2,2
2011-05-05 12:00:00+00:00,0.07210075855255127,0.7610052332559666,,,,,,,0.12919509410858154,1.8266048624448805,,,,,,,,,,,,,0.25868314504623413,-8.561444895524161,3,3
2011-05-05 18:00:00+00:00,,,0.11763405799865723,0.5578321599980003,,,,,0.3826547861099243,0.9633426276063369,,,,,,,,,,,,,0.25480788946151733,-1.4272016546054909,3,3
2011-05-06 00:00:00+00:00,,,0.10016000270843506,2.107782067802013,,,,,0.2647972106933594,5.5642953259147285,,,,,,,,,,,0.28442275524139404,0.6594860008732013,0.12451404333114624,-0.8261746073160007,5,5
2011-05-06 06:00:00+00:00,,,0.1866089105606079,0.5993972022455294,,,,,,,,,,,,,,,,,,,0.07142311334609985,-0.7939265440266186,3,3
2011-05-06 12:00:00+00:00,,,0.08162736892700195,0.49663849837267565,,,,,0.415246844291687,1.6413966928322434,,,,,,,,,,,,,0.12356388568878174,-0.6668362591677005,5,5
2011-05-06 18:00:00+00:00,,,0.11968541145324707,2.1419249707001433,,,,,0.15529823303222656,-3.9839786803746065,,,,,,,,,,,,,0.6597628593444824,-0.07697258674000028,6,5
2011-05-07 00:00:00+00:00,,,0.17976129055023193,0.7189346169042325,,,,,0.009405970573425293,1.417198588629206,,,,,,,,,,,,,,,2,2
2011-05-07 06:00:00+00:00,,,0.12365114688873291,0.21442166045462296,,,,,,,,,,,,,,,,,,,,,1,1
2011-05-07 12:00:00+00:00,,,0.04088389873504639,-0.2559202825900082,,,,,,,,,,,,,,,,,,,,,2,2
2011-05-07 18:00:00+00:00,,,0.11252486705780029,1.0745691773555344,,,,,,,,,,,,,,,,,,,,,1,1
2011-05-08 00:00:00+00:00,,,0.1108933687210083,0.5466456499874994,,,,,,,,,,,,,,,,,,,,,1,1
2011-05-08 06:00:00+00:00,,,0.11302757263183594,0.4595282575971864,,,,,,,,,,,,,,,,,,,,,1,1
2011-05-08 12:00:00+00:00,,,0.17982125282287598,0.2241232817251669,,,,,,,,,,,,,,,,,,,,,1,1
2011-05-08 18:00:00+00:00,,,0.13325858116149902,0.9825139209730493,,,,,,,,,,,,,,,,,,,,,1,1
2011-05-09 00:00:00+00:00,,,0.12041997909545898,1.241266797989232,,,,,,,,,,,,,,,,,,,,,1,1
2011-05-09 06:00:00+00:00,,,0.05811357498168945,0.545760349013747,,,0.5337790250778198,0.6145544916577123,,,,,,,,,,,,,,,,,2,2
2011-05-09 12:00:00+00:00,0.11559200286865234,0.2654182476569752,0.19599413871765137,0.6027082929694826,,,0.5306657552719116,0.4261546416077433,,,,,,,,,,,,,,,,,3,3
2011-05-09 18:00:00+00:00,,,0.15484559535980225,0.6928494688965796,,,,,,,,,,,,,,,,,,,,,1,1
2011-05-10 00:00:00+00:00,,,0.15739178657531738,1.704611551783829,,,,,0.3695254325866699,0.18889429714054587,,,,,,,,,,,,,,,2,2
2011-05-10 06:00:00+00:00,,,0.11314988136291504,1.4023790300431414,,,,,0.45837628841400146,2.7986623544235236,,,,,,,,,,,,,,,2,2
2011-05-10 12:00:00+00:00,,,0.15069425106048584,2.7434909118795328,,,,,0.34946322441101074,5.071178329836638,,,,,,,,,,,,,,,3,2
2011-05-10 18:00:00+00:00,,,0.11879217624664307,0.8462759263442271,,,,,0.1354975700378418,0.746293914612875,,,,,,,,,,,,,,,2,2
2011-05-11 00:00:00+00:00,,,0.13122594356536865,1.978359921183029,,,,,0.01092076301574707,-0.7149681675738725,,,,,,,,,,,,,,,2,2
2011-05-11 06:00:00+00:00,,,0.15453886985778809,11.736104811151973,,,,,0.1321582794189453,1.8834137749773334,,,,,,,,,,,,,,,2,2
2011-05-11 12:00:00+00:00,,,0.15996813774108887,1.5036728750506985,,,0.3136756420135498,4.344568956560736,0.07824862003326416,1.61038317170064,,,,,,,,,,,,,,,3,3
2011-05-11 18:00:00+00:00,,,0.06372106075286865,-30.00008813679577,,,0.23686516284942627,1.1503439656843588,0.24933600425720215,0.8027653437728651,,,,,,,,,,,,,,,3,3
2011-05-12 00:00:00+00:00,,,0.09688150882720947,0.7196500136372531,,,0.2635648250579834,1.6171755694414982,0.2795677185058594,1.524130105554055,,,,,,,,,,,,,,,3,3
2011-05-12 06:00:00+00:00,,,0.10138559341430664,-26.13765759788445,,,0.1874145269393921,4.482431898903419,0.5510989427566528,5.6192696630352055,,,,,,,,,,,,,,,3,3
2011-05-12 12:00:00+00:00,,,0.1311333179473877,-0.503862330668949,,,,,0.03913843631744385,-0.34588922693959795,,,,,,,,,,,,,,,4,4
2011-05-12 18:00:00+00:00,,,0.14532029628753662,1.309217980878441,,,,,0.4421539306640625,6.8079956259778625,,,,,,,,,,,,,,,4,3
2011-05-13 00:00:00+00:00,,,0.13811087608337402,2.547463549653733,0.28321361541748047,0.5567808582910988,,,0.1547001600265503,-0.2730241568130077,,,,,,,,,,,,,,,7,5
2011-05-13 06:00:00+00:00,,,0.1806185245513916,3.9127488491122375,,,,,0.2685157060623169,1.194505851764615,,,,,,,,,,,,,,,4,3
2011-05-13 12:00:00+00:00,,,0.14081966876983643,1.680261604838231,0.3469579219818115,1.1253821201237357,,,0.23513257503509521,2.892217492455937,,,,,,,,,,,,,,,5,5
2011-05-13 18:00:00+00:00,,,0.1616520881652832,3.2816935023964966,0.5126103162765503,-1.2365427942069034,,,,,,,,,,,,,,,,,,,2,2
2011-05-14 00:00:00+00:00,,,0.105476975440979,0.3410619795438848,0.10189366340637207,-0.21414009859444685,,,0.17925143241882324,3.8264767860423996,,,,,,,,,,,,,,,5,5
2011-05-14 06:00:00+00:00,,,0.14989805221557617,1.8446275412998723,,,,,0.10869038105010986,0.14990894287146386,,,,,,,,,,,,,,,2,2
2011-05-14 12:00:00+00:00,,,0.12930166721343994,0.8603273905377088,0.11259579658508301,-0.07943345574435436,,,0.33411645889282227,1.8778577273132881,,,,,,,,,,,,,,,4,4
2011-05-14 18:00:00+00:00,,,0.14705193042755127,-23.847654220643072,0.05849510431289673,-0.22714324187810528,,,0.2505749464035034,0.6079810937842932,,,,,,,,,,,,,,,4,4
2011-05-15 00:00:00+00:00,,,0.14900970458984375,4.816771682704343,0.0009082555770874023,-1.0100586966790646,,,0.30707550048828125,0.8909241948407202,,,,,,,,,,,,,,,4,4
2011-05-15 06:00:00+00:00,,,0.15094304084777832,2.39325264138103,,,,,0.16956877708435059,4.809098356741614,,,,,,,,,,,,,,,4,3
2011-05-15 12:00:00+00:00,,,0.1214979887008667,1.3600894659976226,,,,,0.2606264352798462,4.226998233858891,,,,,,,,,,,,,,,3,3
2011-05-15 18:00:00+00:00,,,0.1428760290145874,1.8722539439295334,,,,,0.2781256437301636,0.9479991170535893,,,,,,,,,,,,,,,3,3
2011-05-16 00:00:00+00:00,,,0.13477885723114014,2.159972445772656,,,,,0.19813215732574463,-0.528407329032574,,,,,,,,,,,,,,,2,2
2011-05-16 06:00:00+00:00,,,0.13500022888183594,4.146681293926244,,,,,0.04308927059173584,0.6991556050117171,,,,,,,,,,,,,,,2,2
2011-05-16 12:00:00+00:00,,,0.17229294776916504,38.440552473032376,,,,,0.2500935196876526,-0.39400999292741873,,,,,,,,,,,,,,,2,2
2011-05-16 18:00:00+00:00,,,0.21292388439178467,1.0135541232130971,,,,,,,,,,,,,,,,,,,,,1,1
2011-05-17 00:00:00+00:00,0.19232702255249023,-0.18339033021881282,0.17337799072265625,30.427314348736253,,,,,,,,,,,,,,,,,,,,,2,2
2011-05-17 06:00:00+00:00,,,0.22760999202728271,33.927193959059345,,,,,,,,,,,,,,,,,,,,,1,1
2011-05-17 12:00:00+00:00,0.11033570766448975,1.6193552767127848,0.2152491807937622,37.92231040877002,,,,,,,,,,,,,,,,,,,,,2,2
2011-05-17 18:00:00+00:00,,,0.20240318775177002,40.64764573888822,,,,,,,,,,,,,,,,,,,,,1,1
2011-05-18 00:00:00+00:00,,,0.17602992057800293,34.90582290689438,,,,,,,,,,,,,,,,,,,,,1,1
2011-05-18 06:00:00+00:00,,,0.16886353492736816,-4.104131686314005,,,,,,,,,,,,,,,,,,,,,1,1
2011-05-18 12:00:00+00:00,,,0.17283689975738525,0.5091124242505141,0.4631218910217285,0.22578346964113913,,,,,,,,,,,,,,,,,,,2,2
2011-05-18 18:00:00+00:00,,,0.23208391666412354,34.43276401739618,,,,,,,,,,,,,,,,,,,,,1,1
2011-05-19 00:00:00+00:00,,,0.14552652835845947,-3.148375473714598,,,,,,,,,,,,,,,,,,,,,2,1
2011-05-19 06:00:00+00:00,,,0.11393821239471436,0.6552552257670721,,,,,,,,,,,,,,,,,,,,,1,1
2011-05-19 12:00:00+00:00,,,0.14299845695495605,1.2689923101365512,,,,,,,,,,,,,,,,,,,,,1,1
2011-05-20 00:00:00+00:00,,,0.046971797943115234,-26.807625245437524,,,,,,,,,,,,,,,,,,,,,1,1
2011-05-20 06:00:00+00:00,,,0.14611661434173584,-0.40616667779895843,,,,,,,,,,,,,,,,,,,,,1,1
2011-05-20 12:00:00+00:00,,,0.19105887413024902,7.751147535872942,,,,,,,,,,,,,,,,,,,,,1,1
2011-05-20 18:00:00+00:00,,,0.18082690238952637,3.5014571627880358,0.8891447633504868,-0.16651778798210373,,,,,,,,,,,,,,,,,,,2,2
2011-05-21 00:00:00+00:00,,,0.19386065006256104,7.304323042864843,,,,,,,,,,,,,,,,,,,,,1,1
2011-05-21 06:00:00+00:00,,,0.3098040819168091,41.67382927258963,0.3882128596305847,-0.4723217797087689,,,,,,,,,,,,,,,,,,,2,2
2011-05-21 12:00:00+00:00,,,0.24080336093902588,29.405333231550884,,,,,,,,,,,,,,,,,,,,,1,1
2011-05-21 18:00:00+00:00,,,0.14039897918701172,-0.7253053439222653,,,,,,,,,,,,,,,,,,,,,1,1
2011-05-22 00:00:00+00:00,,,0.19911634922027588,28.474552343299987,,,,,,,,,,,,,,,,,,,,,1,1
2011-05-22 06:00:00+00:00,,,0.17189228534698486,0.6921952244820494,,,,,,,,,,,,,,,,,,,,,1,1
2011-05-22 12:00:00+00:00,,,0.2716730833053589,3.2186786327249557,,,0.0989992618560791,-2.660139999218144,,,,,,,,,,,,,,,,,2,2
2011-05-22 18:00:00+00:00,,,,,0.12944793701171875,0.5592319593796636,0.16289860010147095,-1.007940045549475,,,,,,,,,,,,,,,,,2,2
2011-05-23 00:00:00+00:00,,,,,0.05393373966217041,0.9305638754829885,,,0.21741002798080444,-3.856943810830905,,,0.5456032752990723,1.4913321361115017,,,,,,,,,,,3,3
2011-05-23 06:00:00+00:00,,,,,0.12919986248016357,0.1795837818302984,,,0.28473949432373047,-4.5573266306571885,,,0.2684020400047302,-1.135842071535667,,,,,,,,,,,3,3
2011-05-23 12:00:00+00:00,,,,,0.17405951023101807,0.6606434027864787,,,0.21193426847457886,-3.85969131396898,,,,,0.04251730442047119,-0.12934115151271625,,,,,,,,,3,3
2011-05-23 18:00:00+00:00,,,,,0.13173091411590576,0.4406123712418735,,,0.2032344937324524,-5.088265412785522,,,,,0.015145361423492432,0.1492188951882545,,,,,,,,,3,3
2011-05-24 00:00:00+00:00,,,,,0.08137369155883789,1.0805939747667157,,,0.26677781343460083,-6.758721068311988,,,,,0.33331388235092163,-3.2177288871198235,,,,,,,,,3,3
2011-05-24 06:00:00+00:00,,,,,0.1357123851776123,0.8613395848837295,,,0.3230266571044922,-7.533588106329319,,,,,0.4807291030883789,-5.383090025815021,,,,,,,,,3,3
2011-05-24 12:00:00+00:00,,,,,0.023951411247253418,0.0599633336521562,,,0.24653106927871704,1.3661875940308736,,,,,0.43002641201019287,-6.391664044588632,,,,,,,,,3,3
2011-05-24 18:00:00+00:00,,,,,0.11432254314422607,0.1299158848475816,,,0.39975547790527344,-8.177794036816447,,,,,0.5503698289394379,-7.750732558577482,,,,,,,,,3,3
2011-05-25 00:00:00+00:00,,,0.2972351312637329,-0.1636482261149766,0.006792902946472168,-0.03406586631289672,,,0.32176268100738525,-5.601056928845043,,,,,0.4394518733024597,-2.732444003076664,,,,,,,,,4,4
2011-05-25 06:00:00+00:00,0.43292295932769775,0.28283306883582543,,,0.12599235773086548,-0.6154414364160499,,,0.28520506620407104,-0.12955239502737317,,,,,0.5019830763339996,-4.913145725368952,,,,,,,,,5,5
2011-05-25 12:00:00+00:00,,,,,0.2953869104385376,-0.28997629638263067,,,0.3789321780204773,-8.997777580540047,,,,,0.5948437750339508,-15.91114449292812,,,,,,,,,5,5
2011-05-25 18:00:00+00:00,,,0.0011731982231140137,-0.26066802579195153,0.2179967761039734,0.027491551923623864,,,0.17222893238067627,-0.7297790016390197,,,,,0.2711979150772095,-4.065489887399889,,,,,,,,,5,4
2011-05-26 00:00:00+00:00,,,0.1035081148147583,-0.9631542644494449,,,,,0.39608246088027954,-8.935796651197089,,,,,0.3279588222503662,-4.901389275530132,,,,,,,,,5,3
2011-05-26 06:00:00+00:00,,,0.11404871940612793,0.0926631850844275,,,,,0.2239823341369629,0.6878040855275674,,,,,,,,,0.2598588466644287,1.4817835425173917,,,,,3,3
2011-05-26 12:00:00+00:00,,,0.08510434627532959,-0.06949247952597219,,,,,0.17508548498153687,-6.65671773704841,,,,,0.4441068172454834,-0.8330079920916645,,,0.17451518774032593,0.03809567156525421,,,,,5,4
2011-05-26 18:00:00+00:00,,,0.08482158184051514,0.19729870338444816,0.12040024995803833,0.171246174568463,,,0.19722402095794678,-2.9908753022644454,,,,,0.6630256772041321,-5.190868964205228,,,0.21885991096496582,-0.13425533977359363,,,,,6,5
2011-05-27 00:00:00+00:00,,,0.20437997579574585,-0.1712403445509259,,,,,0.17476624250411987,-5.702535640005362,,,,,0.5934727489948273,-8.822510692161515,,,0.3338508605957031,0.17544496704309662,,,,,5,5
2011-05-27 06:00:00+00:00,,,0.1320744752883911,0.06685318055401894,,,,,,,0.15814536809921265,-4.894744155066484,0.18532884120941162,-3.183268795042042,0.4868450164794922,-3.8097227717647115,,,,,0.15628278255462646,0.17980868926482,,,5,5
2011-05-27 12:00:00+00:00,,,0.15860307216644287,0.1341055054170514,,,,,,,0.17589855194091797,-14.386365222996979,0.15730434656143188,-3.393782962665909,0.4632352590560913,-4.627028132412012,0.3220680356025696,-0.6723718554820352,,,0.04063153266906738,-0.01893927345536974,,,6,6
2011-05-27 18:00:00+00:00,,,0.1912010908126831,0.6197239093082031,,,,,,,0.20893603563308716,-2.579619694561312,,,,,0.6414150595664978,-11.20741685123345,0.20642119646072388,-2.5500028409843454,0.04073375463485718,0.2510215829291968,,,5,5
2011-05-28 00:00:00+00:00,,,0.060195088386535645,0.5174655978258202,,,,,,,0.11104470491409302,-1.1362915920897498,0.2858912944793701,-4.754710360370271,,,0.2516651749610901,-0.48129919805383187,,,0.03791940212249756,-0.377934997125438,,,6,6
2011-05-28 06:00:00+00:00,,,0.006826043128967285,0.8245654069475734,,,,,,,0.22515219449996948,-2.1461899803835216,,,,,,,0.22886502742767334,-4.297681609769981,0.07056790590286255,0.053875264475432,,,4,4
2011-05-28 12:00:00+00:00,,,0.20004665851593018,0.0009649962061222806,,,,,,,0.099484384059906,1.322559975216844,,,,,,,0.20815116167068481,-2.1434286189912095,0.05673027038574219,-0.17684042732781244,,,4,4
2011-05-28 18:00:00+00:00,,,0.2220684289932251,0.16418637166116087,,,,,,,0.015318512916564941,-0.21206056777454874,,,,,,,0.36439263820648193,-9.25124396670801,0.18505394458770752,0.10995073483185065,,,4,4
2011-05-29 00:00:00+00:00,,,0.15170025825500488,0.3787723994064996,,,0.4150257110595703,-0.1769052970343217,,,0.09720134735107422,-0.07677572212608799,,,,,,,0.28233659267425537,-5.553333082201142,0.008202791213989258,-0.11782563531432003,,,5,5
2011-05-29 06:00:00+00:00,,,0.01187288761138916,0.21488970717918263,,,0.3266150951385498,3.381194845178895,,,0.14223915338516235,-0.1332501641582283,,,,,,,0.37561583518981934,-9.437864885658922,0.010401904582977295,-0.27859062374607046,,,6,5
2011-05-29 12:00:00+00:00,,,0.07222425937652588,-0.11912901795666408,,,,,,,0.2645106315612793,-0.9422950684263948,,,,,,,0.41990405321121216,-8.400274582694673,0.1663728952407837,0.06657761669407546,,,5,4
2011-05-29 18:00:00+00:00,0.3999897837638855,0.13277300457723337,0.08373504877090454,-0.27195880695295416,,,0.1307498812675476,-0.39065380486668877,,,0.2273085117340088,-0.8845966136123353,0.39260929822921753,-10.310416111333225,,,,,,,0.2020432949066162,-0.2626038426292435,,,6,6
2011-05-30 00:00:00+00:00,0.008301377296447754,-0.23058515129621546,0.14249354600906372,-11.980357227471506,,,0.3821815252304077,-0.43629570473912654,,,0.013720154762268066,-0.11634427135427543,,,0.4771844744682312,-6.496920064924094,,,,,0.1154097318649292,-0.012711081100501828,,,6,6
2011-05-30 06:00:00+00:00,0.186279296875,0.04544022315500576,0.09739971160888672,-0.49406738969459635,,,,,,,0.0717540979385376,-3.276152374664806,,,0.5770595371723175,-10.233727025586388,,,,,0.1044192910194397,-0.21260315714956193,,,5,5
2011-05-30 12:00:00+00:00,0.7996355593204498,-7.456909057650458,0.007484853267669678,0.048651885556684364,,,,,,,0.09180539846420288,-0.4303771607538265,,,0.4621441960334778,-6.921675582923138,,,,,0.017575979232788086,0.27883869683049417,,,6,6
2011-05-30 18:00:00+00:00,0.03220784664154053,0.23850386715195548,0.03142249584197998,-0.30054137986189944,,,,,0.24804913997650146,1.0530122136935747,,,,,0.5429127812385559,-5.243118859850719,,,,,0.172657310962677,-0.3748894768188667,,,6,6
2011-05-31 00:00:00+00:00,0.4779784083366394,-14.546297635960261,0.06935501098632812,0.45892298725909375,,,,,0.13574504852294922,-0.0831649952725003,,,,,0.5250221192836761,-12.019159549423104,,,,,0.13839691877365112,0.042973274719349086,,,7,7
2011-05-31 06:00:00+00:00,0.23968684673309326,0.08266067874226325,0.2708514928817749,2.0590350632490244,,,,,0.3484029769897461,1.5751343148050527,,,,,,,,,,,0.48848676681518555,-11.73115485206957,,,6,6
2011-05-31 12:00:00+00:00,0.04441988468170166,0.21058607106666014,,,0.22828388214111328,1.298676198300292,,,0.4340416193008423,4.415091770653792,,,,,,,,,,,0.4477035403251648,-6.065777535196987,,,5,5
2011-05-31 18:00:00+00:00,,,0.1841636300086975,-21.8307792114497,0.22036749124526978,-0.8498293108050365,,,0.38302910327911377,1.7934128153252025,,,,,,,,,,,0.471996009349823,-11.068061007144648,,,4,4
2011-06-01 00:00:00+00:00,0.013402342796325684,0.47960704350029687,,,0.13490837812423706,-0.11708026299483998,,,0.23417997360229492,0.5769706507736201,,,,,,,,,,,0.5363509654998779,-9.730839776581325,,,4,4
2011-06-01 06:00:00+00:00,,,0.03467214107513428,0.024004886810999874,0.020352840423583984,0.04567758669532169,,,0.3925783634185791,8.49603761615625,,,,,,,,,,,0.5066149830818176,-7.834822130206644,,,4,4
2011-06-01 12:00:00+00:00,,,0.15741097927093506,0.07016373156292197,0.22021698951721191,0.031742359420961715,,,0.491497278213501,2.588627231312701,,,,,,,,,,,0.487590491771698,-6.874263429685363,,,4,4
2011-06-01 18:00:00+00:00,,,0.06820714473724365,-0.11507596867380007,0.07734876871109009,-0.15501317873815662,,,0.31474483013153076,4.572839323754253,,,,,,,,,,,0.45353060960769653,-6.20621838251788,,,4,4
2011-06-02 00:00:00+00:00,,,0.058522939682006836,2.175334333018113,0.014338016510009766,-1.6112274697104496,,,0.32213544845581055,3.7913707637260052,,,,,,,,,,,0.4577450156211853,-7.880192036835528,,,4,4
2011-06-02 06:00:00+00:00,,,0.13437902927398682,0.23092001126335718,0.14997899532318115,-0.2239625214673781,,,0.35651957988739014,7.527514384746252,,,,,,,,,,,0.45014405250549316,-6.886897825453075,,,5,5
2011-06-02 12:00:00+00:00,,,0.1436784267425537,0.24319457302375494,0.02217411994934082,0.8630181818934679,,,0.30742835998535156,3.2024645893393306,,,,,,,,,,,0.4228389859199524,-6.137186839005014,,,5,5
2011-06-02 18:00:00+00:00,,,0.23431050777435303,0.20177608367459815,0.2251131534576416,-0.7762487935195999,,,0.4003612995147705,4.092727726311265,,,,,,,0.5542979538440704,-4.123215923638654,,,0.39812684059143066,-5.282747296850111,,,6,5
2011-06-03 00:00:00+00:00,,,0.10832083225250244,0.18758086692671516,0.047237515449523926,0.25037605993380535,,,0.10456478595733643,3.0694110526028813,,,,,,,0.5035300552845001,-6.264591698524711,,,0.07462084293365479,-0.176356778932642,,,7,6
2011-06-03 06:00:00+00:00,,,0.1559513807296753,-1.5800348441428451,0.28470826148986816,-0.6048373055909423,,,,,,,,,,,0.48869144916534424,-6.372856365110532,,,0.19268953800201416,0.07831512863752196,,,6,6
2011-06-03 12:00:00+00:00,,,0.11565625667572021,-0.2611249620411497,0.44437724351882935,-1.7625377638122592,,,,,,,,,,,0.553868293762207,-5.764128627942586,,,0.017067909240722656,-0.08738500124829254,0.3137855529785156,-0.7644752031233253,7,7
2011-06-03 18:00:00+00:00,0.005585312843322754,-0.4749399983747812,0.13969922065734863,-0.49228707521555665,,,,,,,,,,,,,0.5567477345466614,-3.1926419068206386,,,0.037695467472076416,0.035597502303956634,,,4,4
2011-06-04 00:00:00+00:00,0.008309602737426758,0.6292956314362765,0.002889573574066162,-0.7912639103209351,,,,,,,,,,,,,0.5606554448604584,-3.7922175691507656,0.12616503238677979,-0.04519285118982654,0.2854421138763428,-1.9246386599499008,0.5257064700126648,-5.07262620009697,9,9
2011-06-04 06:00:00+00:00,,,0.21013247966766357,0.34468999591898447,,,,,,,,,,,,,0.4967416524887085,-2.403151339650957,,,0.28048282861709595,-0.1206665516730331,0.4311404228210449,-0.36932142414770336,5,4
2011-06-04 12:00:00+00:00,0.13096606731414795,1.3290091775288295,0.09276318550109863,-0.336487366853021,,,,,,,,,,,,,,,,,0.13330411911010742,0.4221825774595434,,,4,3
2011-06-04 18:00:00+00:00,,,,,0.05882847309112549,0.3443090939044954,,,,,,,,,,,,,,,0.1791638731956482,1.4741191543896934,,,3,2
2011-06-05 00:00:00+00:00,,,,,0.059715330600738525,0.31249459700297905,,,,,,,,,,,,,,,0.31610143184661865,-0.5986974869424558,,,2,2
2011-06-05 06:00:00+00:00,,,,,0.4786386489868164,1.8602649306101129,,,,,,,,,,,,,,,0.016016364097595215,-0.2546125756328295,,,3,2
2011-06-05 12:00:00+00:00,0.2531181573867798,-0.08770209173647496,,,0.1992189884185791,0.5704875960203722,,,,,,,,,,,,,,,0.19456899166107178,-0.282284314923936,,,3,3
2011-06-05 18:00:00+00:00,0.07600867748260498,0.2680818849016846,,,0.45219314098358154,0.7209451286595548,,,,,,,,,,,,,,,,,,,2,2
2011-06-06 00:00:00+00:00,0.009694099426269531,0.20707110364547737,,,0.22415828704833984,-0.24238439488224178,,,,,,,,,,,,,,,,,,,2,2
2011-06-06 06:00:00+00:00,0.27653968334198,-0.1613229841537177,,,0.019571959972381592,0.09127332193370179,,,,,,,,,,,,,,,,,,,2,2
2011-06-06 12:00:00+00:00,0.011458337306976318,0.10726922517950642,,,0.6325898468494415,-0.90892928292376,,,,,,,,,,,,,,,,,,,3,3
2011-06-06 18:00:00+00:00,0.03577542304992676,-0.1901697567507442,,,0.07679051160812378,0.3033963647811035,,,,,,,,,,,,,,,,,,,3,2
2011-06-07 00:00:00+00:00,0.20267343521118164,0.0017124773578731168,,,0.30875247716903687,-0.30599600694832346,,,,,,,,,,,,,,,,,,,2,2
2011-06-07 06:00:00+00:00,0.005716681480407715,-27.43863844134433,,,0.26207995414733887,-0.08205328829602966,,,,,,,,,,,,,,,,,,,2,2
2011-06-07 12:00:00+00:00,0.06937301158905029,-27.452719934416653,,,0.11115521192550659,0.4923113407465995,,,,,,,,,,,,,,,,,,,2,2
2011-06-07 18:00:00+00:00,,,0.1654520034790039,0.9578847376377839,,,,,,,,,,,,,,,,,,,,,1,1
2011-06-08 00:00:00+00:00,,,0.08359503746032715,-27.757327864426536,,,,,,,,,,,,,,,,,,,,,1,1
2011-06-08 06:00:00+00:00,,,0.0049735307693481445,-29.08938268197517,,,0.6671464443206787,3.363220440189395,,,,,,,,,,,,,,,,,2,2
2011-06-08 12:00:00+00:00,,,0.04571199417114258,-29.02031909311326,,,0.4709094762802124,1.7684358655993282,,,,,,,,,,,,,,,,,2,2
2011-06-08 18:00:00+00:00,,,0.12382090091705322,-27.12090857975497,,,,,0.330647349357605,2.1886967062299254,,,,,,,,,,,,,,,2,2
2011-06-09 00:00:00+00:00,,,0.12009501457214355,-27.949165900921713,,,,,0.49035680294036865,5.1779103346082715,,,,,,,,,,,,,,,2,2
2011-06-09 06:00:00+00:00,,,0.11317038536071777,3.5612820992982224,,,,,0.5197597742080688,4.602699027029582,,,,,,,,,,,,,,,2,2
2011-06-09 12:00:00+00:00,,,0.08994853496551514,0.6675444057255667,,,,,0.44214844703674316,8.719457666194149,,,,,,,,,,,,,,,2,2
2011-06-09 18:00:00+00:00,,,0.07059907913208008,-28.797402353537244,,,,,0.029399573802947998,1.2797978826244512,,,,,,,,,,,,,,,4,3
2011-06-10 00:00:00+00:00,,,0.12273871898651123,1.2021994450067044,,,,,0.42510986328125,1.7561654788472667,,,,,,,,,,,,,,,4,3
2011-06-10 06:00:00+00:00,,,0.08402633666992188,1.0473561854512052,,,,,0.39682650566101074,0.9049435472045584,,,,,,,,,,,,,,,4,3
2011-06-10 12:00:00+00:00,,,0.1163334846496582,1.4940127745346874,,,,,0.5681616067886353,2.580585139032841,,,,,,,,,,,,,,,4,3
2011-06-10 18:00:00+00:00,,,0.1774657964706421,1.5961564764903327,,,,,0.44426441192626953,1.5839903619244293,,,,,,,,,,,,,0.07081347703933716,-0.1874952479902986,4,4
2011-06-11 00:00:00+00:00,,,0.12232851982116699,0.46705601307814976,,,,,0.5401087999343872,4.578697620502222,,,,,,,,,,,,,,,4,3
2011-06-11 06:00:00+00:00,,,0.07711684703826904,0.4142725662108077,,,,,0.5671180486679077,9.013458866236938,,,,,,,,,,,,,0.29211223125457764,0.492748344121635,4,4
2011-06-11 12:00:00+00:00,,,0.07790553569793701,0.5658520042396147,,,,,0.3440591096878052,5.99906362957898,,,,,,,,,,,,,0.08583831787109375,-0.5263247331690576,4,4
2011-06-11 18:00:00+00:00,,,0.11768925189971924,2.852073793941793,,,,,0.295154333114624,5.760021704663907,,,,,,,,,,,,,0.18921911716461182,-0.6439025400725161,4,4
2011-06-12 00:00:00+00:00,,,0.06300079822540283,0.7955705051025652,,,,,0.38137173652648926,0.2912981977024536,,,,,,,,,,,,,,,4,3
2011-06-12 06:00:00+00:00,,,0.11287152767181396,0.37301760211918394,,,,,0.4293400049209595,2.221192272195305,,,,,,,,,,,,,,,3,3
2011-06-12 12:00:00+00:00,,,0.0771331787109375,0.19192443665569353,,,,,0.1146019697189331,2.099478111985693,,,,,,,,,,,,,,,3,3
2011-06-12 18:00:00+00:00,,,0.09277236461639404,0.21108220995685462,0.5484752655029297,-0.5084350109795952,,,0.24442410469055176,0.6416823160945425,,,,,,,,,,,,,,,4,3
2011-06-13 00:00:00+00:00,,,0.12159848213195801,0.8137321606687093,,,,,,,0.24818634986877441,0.08686244414909002,,,,,,,,,,,,,2,2
2011-06-13 06:00:00+00:00,,,0.17102932929992676,1.3526717904046905,,,,,,,0.1500844955444336,-5.41669872579406,,,,,,,,,,,,,2,2
2011-06-13 12:00:00+00:00,,,0.06315064430236816,0.10532297478104642,,,,,,,,,,,,,,,,,,,,,1,1
2011-06-13 18:00:00+00:00,,,0.10542106628417969,-0.060800985061218046,,,,,,,,,,,,,,,,,,,,,1,1
2011-06-14 00:00:00+00:00,,,0.07127618789672852,0.1523148763587824,,,0.7038305997848511,1.9155397593732795,,,,,,,,,,,,,,,,,2,2
2011-06-14 06:00:00+00:00,0.046889543533325195,-0.2347096687273519,0.08241891860961914,0.37027179998188453,,,0.6322929859161377,5.121486054203204,,,0.18306291103363037,-1.6232226900196458,,,,,,,,,,,,,4,4
2011-06-14 12:00:00+00:00,,,0.12088441848754883,-0.09010592502854303,,,0.7233154773712158,5.151730988148605,,,,,,,,,,,,,,,,,3,3
2011-06-14 18:00:00+00:00,,,0.16415512561798096,0.25919121286901353,,,0.7111566066741943,5.473062244821224,,,0.08385592699050903,-0.04560053520396616,,,,,,,,,,,,,4,4
2011-06-15 00:00:00+00:00,,,0.1721731424331665,0.45217564205302707,,,0.08962094783782959,-0.9598221077701768,0.9160282611846924,3.6901616776264707,0.011525630950927734,-0.6890645362194238,,,,,,,,,,,,,4,4
2011-06-15 06:00:00+00:00,,,0.07846617698669434,0.2280883600792591,,,0.11029946804046631,0.2410521694580412,,,,,,,,,,,,,,,,,2,2
2011-06-15 12:00:00+00:00,,,0.15816819667816162,0.5221071107612558,,,0.4734560251235962,-2.545753215348252,,,,,,,,,,,,,,,,,2,2
2011-06-15 18:00:00+00:00,,,0.1538529396057129,0.2799678340407746,,,0.43692415952682495,-4.707982069641567,0.6943322420120239,4.637356316786624,,,,,,,,,,,,,,,3,3
2011-06-16 00:00:00+00:00,,,0.13801634311676025,0.6463076573166935,,,0.44246476888656616,-8.597543282999702,0.7109730243682861,2.828244895527332,,,,,,,,,,,,,,,4,4
2011-06-16 06:00:00+00:00,,,0.11317455768585205,0.13244570865724734,,,0.4687166213989258,-6.259146449871867,0.3503783941268921,-2.1607965057059304,,,,,,,,,,,,,,,3,3
2011-06-16 12:00:00+00:00,,,0.19675219058990479,2.419531187523637,,,0.5175102353096008,-5.664364783515009,0.7536159753799438,3.8698607725728316,,,,,,,,,,,,,,,4,3
2011-06-16 18:00:00+00:00,,,0.20280039310455322,0.6911748623503116,,,0.5152186751365662,-4.458926171209567,0.7353394031524658,5.135818343917182,,,,,,,,,,,,,,,3,3
2011-06-17 00:00:00+00:00,,,0.19155311584472656,4.079448306545931,,,0.5278138220310211,-9.17123755966193,0.8416603803634644,5.609634768525894,,,,,,,,,,,,,,,3,3
2011-06-17 06:00:00+00:00,,,0.1283031702041626,1.0316807420973786,,,0.5568306744098663,-7.628911258245203,0.7591279745101929,3.3758653037265973,,,,,,,,,,,,,,,3,3
2011-06-17 12:00:00+00:00,,,0.11977732181549072,0.35625323347254917,0.1901147961616516,-0.5055967015640634,0.55393847823143,-13.850775415361884,0.8567328453063965,5.6069358283476465,,,,,,,,,,,,,,,4,4
2011-06-17 18:00:00+00:00,,,0.2146841287612915,0.24261326088004423,,,0.5056178867816925,-6.085651347343035,0.8455536365509033,4.509013387782231,,,,,,,,,,,,,,,3,3
2011-06-18 00:00:00+00:00,,,0.15381956100463867,0.049896238622599086,,,0.5970955193042755,-6.544741359294437,0.8484851121902466,2.872006976313272,,,,,,,,,,,,,,,3,3
2011-06-18 06:00:00+00:00,,,0.052824974060058594,0.6120834838678686,,,,,0.5142861306667328,-10.049740496739085,,,,,,,,,,,,,,,3,3
2011-06-18 12:00:00+00:00,,,0.1157529354095459,1.349350470101947,,,,,0.5127271413803101,-4.578919643313787,,,,,,,,,,,,,,,3,3
2011-06-18 18:00:00+00:00,,,,,0.15119731426239014,0.22909525571406095,,,0.635759711265564,-7.00797432631742,,,,,,,,,,,,,,,4,3
2011-06-19 00:00:00+00:00,,,0.25087594985961914,-0.0035566793356639754,0.1450338363647461,-0.18501599030513066,,,0.559386134147644,-6.23027993554674,,,,,,,,,,,,,,,4,4
2011-06-19 06:00:00+00:00,,,,,0.17276692390441895,0.2433761466245468,,,0.600846529006958,-8.167522724387338,,,,,,,,,,,,,,,4,3
2011-06-19 12:00:00+00:00,,,,,0.16163599491119385,0.16038728439249794,,,0.6500928103923798,-8.912783097363189,,,,,,,,,,,,,,,4,3
2011-06-19 18:00:00+00:00,,,,,0.008424162864685059,-0.3356289510014348,,,0.60418701171875,-7.629324021002458,,,,,,,,,,,,,,,2,2
2011-06-20 00:00:00+00:00,,,,,0.060588538646698,0.028135069358010033,,,0.5852348804473877,-6.989452541655465,,,,,,,,,,,,,,,2,2
2011-06-20 06:00:00+00:00,,,,,0.16432344913482666,0.4249547925131637,,,0.673244297504425,-10.13594878831871,,,0.10035949945449829,-1.3340408296577964,,,,,,,,,,,3,3
2011-06-20 12:00:00+00:00,,,,,0.8630225658416748,-0.7686029129404323,,,0.5437181890010834,-6.8794669444946805,,,0.5661419630050659,-3.519097535126188,,,,,,,,,,,5,4
2011-06-20 18:00:00+00:00,,,,,,,,,0.5433178544044495,-23.863877429557597,,,0.44311487674713135,-6.864252820567698,,,,,,,,,,,2,2
2011-06-21 00:00:00+00:00,,,,,,,,,0.5203416645526886,-8.003319337767667,,,,,0.5363681614398956,-4.597849440647107,,,,,,,,,2,2
2011-06-21 06:00:00+00:00,,,,,,,,,0.5501510798931122,-13.872153556980145,,,,,0.4688924551010132,-6.33303792150508,,,,,,,,,2,2
2011-06-21 12:00:00+00:00,,,,,,,,,0.5663651525974274,-9.247091532012936,,,,,0.5300132036209106,-5.7260721247508775,,,,,,,,,2,2
2011-06-21 18:00:00+00:00,,,,,,,,,0.5371675193309784,-7.336664782477375,,,,,0.4104727506637573,-4.406078161545578,,,,,,,,,2,2
2011-06-22 00:00:00+00:00,,,,,,,,,0.5156429409980774,-7.532343825261919,,,,,0.486533522605896,-4.436980788896927,,,,,,,,,2,2
2011-06-22 12:00:00+00:00,,,,,,,,,0.4872516989707947,-11.962557193558744,,,,,0.729667991399765,-5.1399012255980665,,,,,,,,,2,2
2011-06-22 18:00:00+00:00,,,,,,,,,,,0.4622615575790405,-6.724708173896374,,,0.7767612338066101,-8.013468402058846,,,,,,,,,2,2
2011-06-23 00:00:00+00:00,,,,,,,,,,,0.4270562529563904,-10.03895152573704,,,0.599787026643753,-4.189907513651182,,,,,,,,,2,2
2011-06-23 06:00:00+00:00,,,,,,,,,,,0.4483157992362976,-4.135474153942103,0.6283555626869202,-0.5476665905847679,0.4097915291786194,-3.075160995602854,,,,,,,,,3,3
2011-06-23 12:00:00+00:00,,,,,,,,,,,0.45328760147094727,-5.017688748757279,0.23868608474731445,-0.08848623643358917,0.4700985550880432,-2.093459687501101,,,,,,,,,4,3
2011-06-23 18:00:00+00:00,0.11467009782791138,0.0958329849202601,,,,,,,,,0.5050589442253113,-8.769219771191718,0.2902015447616577,-0.38211649363949246,0.5106330513954163,-2.9620391685649747,,,,,,,,,5,5
2011-06-24 00:00:00+00:00,0.32211995124816895,0.5004882924525306,,,,,,,,,0.3931029438972473,-5.377911725113869,0.26290130615234375,-0.9071482826374648,0.3762055039405823,-1.9048508662927357,,,,,,,,,5,5
2011-06-24 06:00:00+00:00,0.24039077758789062,-0.019058689599168687,,,,,,,,,0.41976070404052734,-3.1065166276494414,0.46734219789505005,-26.51434051424995,0.3241182565689087,-0.08255425161819188,,,,,,,,,4,4
2011-06-24 12:00:00+00:00,0.10350561141967773,0.1590870885314584,,,,,,,,,0.24988794326782227,-2.530275071114081,0.486976683139801,-8.68483152872258,0.7214126288890839,-2.754850962214535,,,,,,,,,5,5
2011-06-24 18:00:00+00:00,0.16388249397277832,0.05403808027257504,,,,,,,,,0.4959258437156677,-1.7119345027347883,0.49306291341781616,-5.56066862445001,0.07097411155700684,0.07994661257940978,,,,,,,,,5,5
2011-06-25 00:00:00+00:00,0.1105111837387085,-0.05019209344642381,,,,,,,,,0.1634998321533203,-0.2589748939404454,0.4861263632774353,-4.125401103507233,0.5125249028205872,-0.9226098799307235,,,,,,,,,6,6
2011-06-25 06:00:00+00:00,,,0.17631304264068604,0.07386509941857698,,,,,,,0.4087669253349304,0.301040406845214,0.43784552812576294,-4.189626718792646,0.38799846172332764,-1.7879119957418208,,,,,,,,,5,5
2011-06-25 12:00:00+00:00,,,0.3525519371032715,1.0023110456426145,,,,,,,,,0.42782652378082275,-4.485617522966193,0.4961206316947937,-1.423063057639992,,,,,,,,,3,3
2011-06-25 18:00:00+00:00,,,0.12361419200897217,0.5094562092109963,,,,,,,,,0.46376633644104004,-3.9057252138052903,,,0.5485314428806305,-2.9506442606716097,,,,,,,3,3
2011-06-26 00:00:00+00:00,,,0.06261909008026123,-0.17647046418109089,,,,,,,,,0.5429958701133728,-8.03683278253467,,,,,,,,,,,2,2
2011-06-26 06:00:00+00:00,,,0.18340277671813965,0.153260867473313,,,,,,,,,0.48641955852508545,-6.160992877981138,,,,,,,,,,,2,2
2011-06-26 12:00:00+00:00,,,0.13600444793701172,0.043940228507096675,,,,,,,,,0.4153463840484619,-7.783777619763014,,,,,,,,,,,2,2
2011-06-26 18:00:00+00:00,,,0.15119409561157227,-21.446284231210615,,,,,,,,,0.4009568691253662,-7.997498442844999,,,,,,,,,,,2,2
2011-06-27 00:00:00+00:00,,,0.06787097454071045,-21.02968593015988,,,,,,,,,,,,,,,0.40684109926223755,-6.283814585361257,,,,,2,2
2011-06-27 06:00:00+00:00,,,0.10321485996246338,0.5766620274146319,,,,,,,,,,,,,,,0.37616562843322754,-11.385932521041132,,,,,2,2
2011-06-27 12:00:00+00:00,,,0.14742255210876465,0.4795806427567407,,,,,,,,,,,,,,,,,0.37944406270980835,-5.365805633278675,,,2,2
2011-06-27 18:00:00+00:00,,,0.0305173397064209,-28.027863639239204,,,,,,,,,,,,,,,,,0.4146338701248169,-8.287537633406146,,,2,2
2011-06-28 18:00:00+00:00,,,0.11658990383148193,0.10231240825310511,,,,,,,,,,,,,,,,,0.38130003213882446,-8.690618533079489,0.06003308296203613,0.16889817488490064,3,3
2011-06-29 00:00:00+00:00,,,0.08683359622955322,-23.654081960746762,,,,,,,,,,,0.5052541792392731,-8.209791497455354,,,0.24299228191375732,-0.46782148048817596,,,0.016618967056274414,-0.3700132617926632,4,4
2011-06-29 06:00:00+00:00,,,0.14414596557617188,0.7770569524195133,,,,,,,,,,,,,,,,,0.5142896771430969,-8.732420916573604,0.28221261501312256,-0.102884079030263,4,4
2011-06-29 12:00:00+00:00,,,0.11565685272216797,0.33803154576307487,,,,,,,,,,,0.5831200778484344,-5.135702412518409,,,,,0.2457934021949768,-0.5444960689527226,,,3,3
2011-06-29 18:00:00+00:00,,,0.17425751686096191,-0.09027252233518078,,,,,0.10602182149887085,1.030268678868371,,,,,0.5349724292755127,-6.5264372470803185,,,,,0.03250092267990112,-0.8188341009280058,,,4,4
2011-06-30 00:00:00+00:00,,,0.08260834217071533,0.08520099091959668,,,,,0.16776925325393677,1.923186221289668,,,,,0.5121332406997681,-15.061540300328895,,,0.1040988564491272,-0.2684724846732734,,,,,4,4
2011-06-30 06:00:00+00:00,,,0.1800750494003296,3.671557481034037,,,,,0.3320596218109131,-0.4188787331483139,,,,,0.5016323029994965,-5.433370396896222,,,0.2007402777671814,-1.179986875363234,,,,,4,4
2011-06-30 12:00:00+00:00,,,0.1945892572402954,0.8779358208802763,,,,,0.406605064868927,-1.4802504750516972,,,,,,,,,,,0.40368378162384033,-7.203149398997894,,,3,3
2011-06-30 18:00:00+00:00,,,0.10583090782165527,0.21006756068517574,,,,,0.4848750829696655,-0.11785547088099316,,,,,0.5478529632091522,-7.599133482360238,,,,,0.18161243200302124,-1.7333493708991616,,,5,5
2011-07-01 00:00:00+00:00,,,0.20459091663360596,0.17999026781923436,,,,,,,,,,,0.18785226345062256,-0.946266515231206,0.5010167062282562,-2.8379135608502635,,,0.10834217071533203,-0.3131203010579754,,,6,6
2011-07-01 06:00:00+00:00,,,0.27534162998199463,0.3656294123450319,0.39614057540893555,0.639363286065593,,,,,,,,,0.26501739025115967,-4.098787340338197,0.5280804336071014,-6.188892417205798,0.13914400339126587,-0.17021494923397568,0.5066162347793579,-5.021240346332289,,,7,7
2011-07-01 12:00:00+00:00,,,0.1285914182662964,-0.27048777964594023,,,,,,,,,,,0.2219265103340149,-3.937611051040712,0.5654556155204773,-3.403571441510803,0.2309337854385376,-2.3736388192856404,0.46220165491104126,-3.8543178198029495,,,8,8
2011-07-01 18:00:00+00:00,,,0.011505484580993652,-0.49196829888450666,,,,,,,,,,,0.31428074836730957,-9.163725707471606,0.546492725610733,-1.2801776589862397,0.08507239818572998,-0.6646277900746035,0.2175290584564209,-0.0017863033962459611,0.45722496509552,-4.513494532196588,9,9
2011-07-02 00:00:00+00:00,,,0.04433155059814453,0.06764685662127572,,,,,,,,,,,0.21100658178329468,0.39773732105860804,0.5705700814723969,-0.48220509666641237,0.42977195978164673,-0.37733733761705257,0.08729767799377441,-0.04499612129388187,0.4600382447242737,-6.174232868461311,7,7
2011-07-02 06:00:00+00:00,,,0.3423347473144531,-0.10568709822774525,,,,,,,,,,,0.24266445636749268,-5.301363498148893,,,0.07733869552612305,0.9890676550962966,0.5184667408466339,-0.24210281295555597,0.4064311981201172,-6.344657852135852,6,6
2011-07-02 12:00:00+00:00,,,0.09554469585418701,0.5400362016901461,0.5430665016174316,0.3590253840139926,,,,,,,,,0.2076122760772705,-3.7103806008043656,,,0.2945367097854614,-0.4928796590788853,0.3951287269592285,-0.08244729698927503,0.5551532804965973,-3.8715372995324406,6,6
2011-07-02 18:00:00+00:00,,,0.021053850650787354,-0.10487341497120624,,,,,,,,,,,0.22642070055007935,-4.334844138787052,,,0.2791910171508789,-0.18512467480633207,0.5096321403980255,-0.11284445674856121,0.5885989665985107,-4.240146080683725,6,6
2011-07-03 00:00:00+00:00,,,0.009965658187866211,-0.24604780977368781,,,,,,,,,,,0.28078144788742065,-7.654753497012255,,,,,0.10105031728744507,0.09215967565287525,0.537181943655014,-1.9763312646738291,5,5
2011-07-03 06:00:00+00:00,,,,,0.36414074897766113,-0.31421217285108516,,,,,,,,,0.1931740641593933,-6.45351963727342,,,,,0.18482160568237305,0.04919586354010921,0.5120390951633453,-3.5547360124490903,6,5
2011-07-03 12:00:00+00:00,,,,,0.48602378368377686,0.42352544855732255,,,,,,,0.6488274335861206,6.6784347112988725,0.20120251178741455,-1.2690492435407736,,,,,,,0.6340299546718597,-3.512031983089198,4,4
2011-07-03 18:00:00+00:00,,,,,0.1434260606765747,-0.2594575962696046,,,0.3270474076271057,0.2703449651356197,,,0.4767950773239136,3.150954749756018,,,,,,,,,0.2116302251815796,0.1049871705082904,5,4
2011-07-04 00:00:00+00:00,0.5760404765605927,0.2539456173578782,,,0.029774487018585205,-0.06546605505196765,,,0.09363675117492676,-0.7932166233378827,,,0.6077595949172974,5.649423748699001,,,,,,,,,0.29302942752838135,0.09987457696608222,5,5
2011-07-04 06:00:00+00:00,0.3039979934692383,0.20833519362668143,,,0.21509861946105957,0.2973573039239451,,,,,,,,,0.5554860830307007,2.6758886482053166,0.014686226844787598,-3.2661972460337223,,,,,0.12628865242004395,-1.8593835216316046,7,6
2011-07-04 12:00:00+00:00,0.3141227960586548,0.2365410100726344,,,0.18185210227966309,0.10704180340464399,,,,,0.11066329479217529,0.3840121866359278,,,0.6520131826400757,4.606196923483198,,,,,0.3602674603462219,-0.31598151999966145,0.19219285249710083,-0.08734097066722427,7,6
2011-07-04 18:00:00+00:00,0.12966042757034302,-22.097260104504816,,,0.10139214992523193,0.13270399410532102,,,,,,,,,0.6989150047302246,5.290778289708246,0.015819787979125977,-0.3641055558425508,,,0.09319353103637695,0.29298805172283976,0.1884167194366455,-0.010902333211553919,6,6
2011-07-05 00:00:00+00:00,0.06664532423019409,-24.148337342455118,,,0.13489210605621338,0.01114441543225534,,,,,0.4030355215072632,-0.09767317443486338,,,0.597118616104126,4.399100789809938,,,,,0.2160857915878296,-0.5536440267641887,0.27771759033203125,0.004791186262508459,7,7
2011-07-05 06:00:00+00:00,0.05538523197174072,0.3109842907539386,,,0.08846819400787354,-0.06327337196697239,,,,,,,,,0.7386065721511841,6.389977717873191,,,0.24065113067626953,0.2164958338578019,,,0.3241821527481079,-0.749120260354922,7,7
2011-07-05 12:00:00+00:00,0.15709781646728516,0.529642623742184,,,0.10244286060333252,0.10826283277566003,,,,,,,,,0.6210252046585083,5.850572970383752,,,0.3968554735183716,-0.42967667916338426,,,0.11953550577163696,-0.8231515556068568,6,6
2011-07-05 18:00:00+00:00,0.12054932117462158,-29.472662223069342,,,0.10202491283416748,-0.15617714304804378,0.22402381896972656,2.355089572910658,,,,,,,0.6972336769104004,10.125465902926086,,,0.4953020215034485,-0.138157292704646,,,0.22383058071136475,0.07584485005250782,8,8
2011-07-06 00:00:00+00:00,0.10772013664245605,0.05182842529063367,,,0.01966869831085205,0.42287293433662154,0.11437535285949707,0.6515601338019333,,,,,,,0.5677903890609741,4.1818731642317575,,,0.5512315034866333,-0.2746968376858736,,,0.26353663206100464,0.19116459518638187,8,8
2011-07-06 06:00:00+00:00,,,0.0008451342582702637,-28.41609611388876,0.8001043796539307,-0.056093252588964526,0.3756132125854492,8.392682301330883,,,,,,,0.6060549020767212,3.015108880117298,,,0.14995789527893066,-0.8071809277469683,,,0.4680823087692261,-0.6571584107245511,6,6
2011-07-06 12:00:00+00:00,,,0.10430032014846802,-30.621967036824223,0.504351019859314,-0.4452893395114438,,,0.19632959365844727,3.668218357464449,,,,,0.5380750894546509,12.56314461072211,,,,,0.10044538974761963,-0.6183764809253616,,,5,5
2011-07-06 18:00:00+00:00,,,0.09629666805267334,0.36185222277303053,0.49881601333618164,-0.44508455218144877,,,0.3265063762664795,3.9746052228809625,,,,,0.49643898010253906,6.9502661125171,,,,,0.16402369737625122,-0.3510822390639585,0.32878172397613525,0.30814762214004665,7,6
2011-07-07 00:00:00+00:00,,,0.1027839183807373,0.30829422212750685,0.9155097007751465,0.22980179994789976,,,0.2953587770462036,8.013712955899484,,,,,0.6420959234237671,5.568194167116899,,,,,0.28231894969940186,-0.8050661347347169,0.20545685291290283,0.7636152592345141,7,6
2011-07-07 06:00:00+00:00,,,0.06180918216705322,-29.374130817496475,,,,,0.3077353239059448,3.0404033786602236,,,,,0.6942598819732666,5.500974244458863,,,,,0.12685608863830566,0.23248912878458544,0.5657446384429932,0.5142894377304187,7,5
2011-07-07 12:00:00+00:00,,,0.06945455074310303,1.9867539174490625,,,,,0.461428165435791,6.789070622145171,,,,,0.4935572147369385,12.456201103491125,,,,,0.2821034789085388,-0.10975317904490796,0.037474989891052246,0.09134954862957258,5,5
2011-07-07 18:00:00+00:00,,,0.15620625019073486,2.0867557231336007,,,,,0.3451716899871826,3.6160163403106758,,,,,0.49411725997924805,6.662437700149687,,,,,0.3148149847984314,-0.3897037004461078,,,5,4
2011-07-08 00:00:00+00:00,,,0.03207528591156006,0.3328903572808103,,,,,0.4275529384613037,3.94864213848228,,,,,0.6008619070053101,12.943476047366536,,,,,0.1985173225402832,0.15155257209851317,,,5,5
2011-07-08 06:00:00+00:00,,,0.0027407407760620117,-30.4145471217186,,,,,0.3660736083984375,8.854034196052002,,,,,0.7222487926483154,0.647796297853944,0.5595768690109253,4.724868659813823,,,0.33701854944229126,-0.7461786627980395,,,5,5
2011-07-08 12:00:00+00:00,,,0.13330280780792236,1.2021106694381696,,,,,0.435571551322937,9.920047110891632,,,,,,,0.2028409242630005,0.0211437417157419,,,0.4362398386001587,0.19418321012573908,,,4,4
2011-07-08 18:00:00+00:00,,,0.14935219287872314,0.8232087065666103,,,,,0.4061431884765625,8.403395063711766,,,,,,,0.3061269521713257,0.32332217307426964,,,0.13647526502609253,-0.09020619373714148,,,5,5
2011-07-09 00:00:00+00:00,,,0.10960304737091064,0.26353514911736686,,,,,0.2829629182815552,0.604687189161247,,,,,,,0.4239771366119385,2.7685653716567744,,,0.42388755083084106,0.36097153740448334,0.12518012523651123,-0.0733164523559279,6,6
2011-07-09 06:00:00+00:00,,,0.054848432540893555,0.2741720925059881,,,,,0.34683358669281006,4.832786513323039,,,,,,,0.1336207389831543,4.836269984368218,,,,,0.15981119871139526,-0.09670618695940096,5,5
2011-07-09 12:00:00+00:00,,,0.15258562564849854,1.7369810285498077,,,,,0.3839918375015259,8.168601450657647,,,,,,,0.08009052276611328,-0.08902320518249071,,,0.09480023384094238,0.18280064667306944,,,5,5
2011-07-09 18:00:00+00:00,0.22421866655349731,0.6001235757793353,0.11774969100952148,1.3845616320508065,,,,,0.33880090713500977,1.8101351045339296,,,,,,,0.7584043741226196,2.3475346704084674,,,0.08571571111679077,-0.10294864799721187,,,5,5
2011-07-10 00:00:00+00:00,,,0.06360995769500732,1.4735544867776822,,,,,0.35315585136413574,2.061563436215256,,,,,,,,,,,0.13189274072647095,-0.2598505581843352,,,4,3
2011-07-10 06:00:00+00:00,,,0.11537575721740723,-3.9500362966550804,,,,,0.3884483575820923,2.4061033462787518,,,0.22163355350494385,1.0829820773836172,,,,,0.2220226526260376,0.3825882612268173,,,0.1452246904373169,0.0024139483807202123,6,5
2011-07-10 12:00:00+00:00,0.22157537937164307,0.016732123647058453,0.16019856929779053,0.5854939893880428,,,,,0.724204421043396,0.22032230670323777,0.4038013219833374,2.6584725261624507,0.37786203622817993,-0.3873968346728151,,,,,0.08055955171585083,-0.5366435637671793,0.34261006116867065,0.3542555903347436,0.6306317448616028,-0.03553128491526537,8,8
2011-07-10 18:00:00+00:00,0.6972601413726807,-0.06069122152434967,0.06443917751312256,0.24675004271241555,,,,,,,0.4493989944458008,0.6416851826848571,0.41112250089645386,-0.28980062194372314,,,,,,,0.15404140949249268,0.29233392298294664,,,7,5
2011-07-11 00:00:00+00:00,0.7674952745437622,8.053745756693472,0.13608837127685547,0.4380675801864897,,,,,,,0.25762176513671875,1.3891672618237583,0.5446597337722778,-0.31730990124022473,,,,,,,0.23118877410888672,-0.15177207463849696,,,5,5
2011-07-11 06:00:00+00:00,0.13866692781448364,0.10999012302110867,0.108070969581604,0.5708738928395858,,,,,,,0.716471791267395,5.77051096331244,0.6505890190601349,-1.9341163903640841,,,,,,,0.33396750688552856,0.2914850188279702,0.7423642575740814,-0.06272287642243174,9,7
2011-07-11 12:00:00+00:00,0.14789986610412598,0.056245436962489175,,,0.04009592533111572,1.4803851228519547,,,,,,,0.610923558473587,-3.0185944356767567,,,,,,,0.04707992076873779,-0.6982818861360114,,,5,4
2011-07-11 18:00:00+00:00,0.4763385057449341,19.581220357018886,,,0.04154258966445923,0.002514088270472554,,,,,,,0.5634907782077789,-4.3322582552493225,,,,,,,0.2507975697517395,-0.20648210744695641,,,5,4
2011-07-12 00:00:00+00:00,0.2913784980773926,21.81160334664453,,,0.030848264694213867,-0.10359314634307165,,,,,,,0.5535911321640015,-1.8891079820439833,,,,,,,0.2694411277770996,-0.3783639489491563,,,4,4
2011-07-12 06:00:00+00:00,0.08568477630615234,0.09544734842999165,0.08893263339996338,0.49333480378052025,0.0350530743598938,-0.21396566724649055,0.03046286106109619,-0.3938327139734658,,,,,0.5182638168334961,-3.1135595745147606,,,,,,,0.10933727025985718,-0.05921350260488305,,,6,6
2011-07-12 12:00:00+00:00,,,0.08348464965820312,0.23152692700290278,,,0.30271244049072266,-0.4016905069372983,,,,,0.3899812698364258,-2.718895546360904,,,,,,,0.36766552925109863,-1.664814765659106,,,4,4
2011-07-12 18:00:00+00:00,0.2631039619445801,27.943814129492253,,,0.08021807670593262,0.5243355262880999,0.24216705560684204,-1.4842275015386108,,,,,0.5712281167507172,-2.9525696766894107,,,,,,,0.025346457958221436,-0.38871818819454956,,,5,5
2011-07-13 00:00:00+00:00,0.1941852569580078,29.147620288361296,,,0.19686412811279297,0.27017513905601215,0.1634020209312439,-2.5855537563466866,,,,,0.5538617074489594,-5.592160395153528,,,,,,,0.1732456088066101,0.23441510753520622,,,5,5
2011-07-13 06:00:00+00:00,,,0.24496150016784668,0.46108700377748607,0.2707480192184448,0.40716208546681754,0.05322825908660889,-0.9860807695817916,,,,,0.5319953858852386,-2.9585612465546496,,,,,,,0.15993738174438477,-0.2029139087686308,,,6,6
2011-07-13 12:00:00+00:00,,,0.12795889377593994,0.6093581383190525,,,0.2500840425491333,-1.373953020050217,,,,,,,0.6390917003154755,-10.49011517355258,,,,,0.22475653886795044,-1.9424236128760652,,,6,5
2011-07-13 18:00:00+00:00,0.1264634132385254,-0.21245089294830447,0.18670737743377686,34.14420873000998,0.08229219913482666,0.4706679598363717,0.3183176517486572,-2.7636653487956706,,,,,,,0.6623119711875916,-4.724617786459906,,,,,0.08130091428756714,-2.632066376172864,,,6,6
2011-07-14 00:00:00+00:00,0.022952795028686523,-2.1356041411626134,0.09707283973693848,33.91015819475114,,,0.3322223424911499,-4.112891645245126,,,,,,,0.6575438380241394,-4.600964700959344,,,,,0.05125617980957031,-0.2206789682226518,,,5,5
2011-07-14 06:00:00+00:00,0.0866854190826416,0.3198644356572361,0.23242521286010742,1.2942391362949757,,,0.3814200162887573,-2.7511734433132022,,,,,,,0.5208548605442047,-4.905724277481122,,,,,0.12741082906723022,-0.6810014611713198,,,5,5
2011-07-14 12:00:00+00:00,0.05965626239776611,0.5238817373054455,0.22676897048950195,32.04587481009469,,,0.337954044342041,-5.8201922437815234,,,,,,,0.590958833694458,-9.552824126887936,,,,,0.14098751544952393,-0.6068000521847591,,,5,5
2011-07-14 18:00:00+00:00,0.022444307804107666,-0.09926413083930093,0.22270143032073975,33.33771212991478,,,0.43345820903778076,-5.650499081664516,,,,,,,0.6049717664718628,-8.732190182490477,,,,,0.24044102430343628,-1.2212452196187804,,,5,5
2011-07-15 00:00:00+00:00,0.03024214506149292,-2.7368787278611415,0.20885825157165527,35.015980517063966,,,0.4597002863883972,-10.958499904058892,,,,,,,0.6494146883487701,-7.482359846988581,,,,,0.10771876573562622,-0.5234886191047566,,,5,5
2011-07-15 06:00:00+00:00,0.37959957122802734,-0.9663658875884977,0.1859438419342041,33.68552164450646,,,,,0.48089271783828735,-7.126439434370797,,,,,0.5596200227737427,-9.033406661779566,,,,,,,0.1852375864982605,-1.2131496673491946,5,5
2011-07-15 12:00:00+00:00,0.03675973415374756,-1.650733132197525,0.23839807510375977,34.383284366005334,,,,,0.4790952801704407,-6.081574852935449,,,,,0.6004698872566223,-9.636642976785113,,,,,,,0.004384636878967285,-0.27473162372546095,5,5
2011-07-15 18:00:00+00:00,,,0.20818686485290527,35.75580034280869,,,,,0.4364105463027954,-7.529647320041964,,,,,0.6762073040008545,-10.722775706196337,,,,,,,0.13471579551696777,-0.1830237393217189,5,5
2011-07-16 00:00:00+00:00,,,0.2007383108139038,35.15832679640719,,,,,0.4942510724067688,-8.873394673044297,,,,,0.6521331071853638,-6.9119503571013565,,,,,,,0.1143791675567627,-0.07089065130313531,5,5
2011-07-16 06:00:00+00:00,,,0.23566091060638428,33.357457060127174,,,,,0.4454324245452881,-5.850655247006913,,,,,0.6757276654243469,-6.724101978498415,,,,,,,0.2046383023262024,-0.4066844296027111,5,5
2011-07-16 12:00:00+00:00,,,0.2225196361541748,32.35641865787432,,,,,0.5004114210605621,-11.483872430229427,,,,,0.6335650980472565,-10.714689848830064,,,,,,,0.015189051628112793,0.3108463727070711,5,5
2011-07-16 18:00:00+00:00,,,0.15061962604522705,31.922820104286817,,,,,0.432334303855896,-6.622245397954223,,,,,0.5033683180809021,-5.216154675887791,,,,,,,0.15167856216430664,-0.033834161370337665,5,5
2011-07-17 00:00:00+00:00,,,0.045372605323791504,-0.015991485755101332,,,,,0.44367849826812744,-8.484275178706888,,,,,0.4810311198234558,-7.480404099357765,,,,,,,0.1355757713317871,-0.34984076961545135,4,4
2011-07-17 06:00:00+00:00,,,0.11727631092071533,0.23851457313541788,,,,,0.43492525815963745,-6.694034529593438,,,,,0.620500385761261,-7.782830981366067,,,,,,,0.1674060821533203,-0.049981900610079885,4,4
2011-07-17 12:00:00+00:00,,,0.12263190746307373,0.530261440784517,,,,,0.44663286209106445,-14.343730011140705,,,,,0.4312852621078491,-4.539658023900119,,,,,,,0.4706419110298157,-0.4102606556817998,4,4
2011-07-17 18:00:00+00:00,,,0.15235471725463867,-0.19540288788851493,,,,,0.4427115321159363,-9.279228907667505,,,,,,,0.3320227861404419,-7.725800239118755,,,,,0.0161207914352417,0.2870259893915686,4,4
2011-07-18 00:00:00+00:00,,,,,0.12638413906097412,0.2107781008806786,,,0.36248332262039185,-8.353833173710699,,,,,,,0.3664577007293701,-0.9484613959246837,,,,,,,4,3
2011-07-18 06:00:00+00:00,,,,,0.09467411041259766,0.71554754272947,,,0.39996159076690674,-22.854956700302463,,,,,,,,,,,,,,,2,2
2011-07-18 12:00:00+00:00,,,,,0.0927809476852417,0.26441838670729184,,,0.30725955963134766,-7.96280748740976,,,,,,,,,,,,,,,2,2
2011-07-18 18:00:00+00:00,,,,,0.05800735950469971,-0.051473070454690115,,,0.39723503589630127,-9.713385050673702,,,,,,,,,,,,,,,2,2
2011-07-19 00:00:00+00:00,,,,,0.28863525390625,-0.03534342418805551,,,0.39093446731567383,-10.652897667288036,,,,,,,,,,,,,,,3,3
2011-07-19 06:00:00+00:00,,,,,0.1909043788909912,0.7494930821244179,,,0.41738682985305786,-6.570636802938024,,,,,,,,,,,,,,,2,2
2011-07-19 12:00:00+00:00,,,,,0.00799560546875,0.013662922420161573,,,0.36890703439712524,-10.913241019325172,,,,,,,,,,,,,,,2,2
2011-07-19 18:00:00+00:00,,,,,0.13850009441375732,-0.00030710388493747945,,,,,0.32049429416656494,-8.631186336116047,,,,,,,,,,,,,3,2
2011-07-20 00:00:00+00:00,,,,,0.10476994514465332,-0.5403028965270245,,,,,0.30996137857437134,-8.715910119478483,,,,,,,,,,,,,3,3
2011-07-20 06:00:00+00:00,,,,,0.4866429567337036,10.821452479865401,,,,,0.3108845353126526,-8.446955281613667,,,,,,,,,,,,,3,3
2011-07-20 12:00:00+00:00,,,,,0.1500452756881714,0.22339306556004257,,,,,0.3064075708389282,-3.9969032839375904,,,,,,,,,,,,,3,3
2011-07-21 00:00:00+00:00,,,,,,,,,,,0.3351448178291321,-6.714871660759619,,,,,,,,,,,,,1,1
2011-07-21 06:00:00+00:00,,,,,,,,,,,0.2221493124961853,-3.992866796056338,,,,,,,,,,,,,2,1
2011-07-21 12:00:00+00:00,,,,,,,,,,,0.16948866844177246,-5.738761009775461,0.04264950752258301,0.08895412596056854,,,,,,,,,,,3,3
2011-07-21 18:00:00+00:00,0.2971193194389343,-0.20158773119552398,,,,,,,,,0.2656860947608948,-3.3122701075021896,0.34747177362442017,-2.497623732110003,,,,,,,,,,,3,3
2011-07-22 00:00:00+00:00,,,,,,,,,,,0.19367706775665283,-2.0462213095063286,0.20087754726409912,-1.947033645233631,,,,,,,,,,,2,2
2011-07-22 06:00:00+00:00,0.5211039781570435,0.55092168290967,,,,,,,,,0.10648977756500244,-0.005745745247019291,0.2798810601234436,-2.013437908911664,,,,,,,,,,,3,3
2011-07-22 12:00:00+00:00,0.23140984773635864,0.5254114208561393,,,,,,,,,0.4218350648880005,-1.5073113992902651,0.31941109895706177,-1.873752552619998,,,,,,,,,,,4,4
2011-07-22 18:00:00+00:00,0.21884512901306152,0.44518023257753,,,,,,,,,0.4258597493171692,-0.18828673663594075,0.3340890407562256,-4.1200595128339375,,,,,,,,,,,5,4
2011-07-23 00:00:00+00:00,0.10039591789245605,0.10768688970672506,,,,,,,,,0.7777218818664551,-0.09420873770399137,0.3426826596260071,-4.018577653321878,,,,,,,,,,,4,4
2011-07-23 06:00:00+00:00,0.030301213264465332,-0.5999767889672529,,,,,,,,,,,0.2968248128890991,-3.7667297248401885,,,,,,,,,,,2,2
2011-07-23 12:00:00+00:00,0.1585904359817505,0.7004164516906715,,,,,,,,,,,0.41368043422698975,-5.698313341846771,,,,,,,,,,,2,2
2011-07-23 18:00:00+00:00,0.18063890933990479,0.6742279771250892,,,,,,,,,,,0.2971457242965698,-1.6340513932523508,,,,,,,,,,,2,2
2011-07-24 00:00:00+00:00,0.11524796485900879,0.10210138240543902,,,,,,,,,,,0.48078858852386475,-5.45058017945548,,,,,,,,,,,2,2
2011-07-24 06:00:00+00:00,0.027335047721862793,0.35010978737383613,,,,,,,,,,,0.3254653215408325,-3.2746425799316388,,,,,,,,,,,2,2
2011-07-24 12:00:00+00:00,0.14524996280670166,1.7419067489257918,,,,,,,,,,,0.36115938425064087,-8.188893657569926,,,,,,,,,,,2,2
2011-07-24 18:00:00+00:00,0.14757108688354492,-0.029364811257511787,,,,,,,,,,,0.4087855815887451,-12.724412699604438,,,,,,,,,,,3,2
2011-07-25 00:00:00+00:00,0.1986098289489746,0.7827262388514618,,,,,,,,,,,0.46351873874664307,-5.025099216729684,,,,,0.42205357551574707,0.22992091804904036,,,,,3,3
2011-07-25 06:00:00+00:00,,,0.05112183094024658,-0.15413123231723466,,,,,,,,,0.4359216094017029,-7.350237769775125,,,,,0.13055455684661865,0.055453582544958635,,,,,3,3
2011-07-25 12:00:00+00:00,,,0.14995455741882324,1.028433372064927,,,,,,,,,0.44462770223617554,-7.697478842238262,,,,,0.15576434135437012,-0.45721439420277965,,,,,3,3
2011-07-25 18:00:00+00:00,,,0.1066293716430664,0.2519789844294552,,,,,,,,,0.44439518451690674,-9.584875681832136,,,,,0.1707921028137207,-0.04144387224541298,,,,,3,3
2011-07-26 00:00:00+00:00,,,0.04123508930206299,-0.277835854375462,,,,,,,,,,,0.4793534278869629,-8.503582858123114,,,0.12961483001708984,0.5575759862777047,,,,,3,3
2011-07-26 06:00:00+00:00,,,0.1584475040435791,0.6140445087729266,,,,,,,,,,,0.45245009660720825,-5.573444783096935,,,0.02282726764678955,0.5247576271686641,,,,,3,3
2011-07-26 12:00:00+00:00,,,0.11988890171051025,1.0275533737483447,,,,,,,,,,,0.38504737615585327,-4.971074285021437,,,0.022983789443969727,0.3693999026467978,,,,,3,3
2011-07-26 18:00:00+00:00,,,0.06000328063964844,1.2821201509591447,,,,,,,,,,,0.4951707124710083,-5.269022401703673,,,0.17900633811950684,0.029235399244242437,,,,,3,3
2011-07-27 00:00:00+00:00,,,0.25898468494415283,2.3751774138535215,,,,,,,,,,,0.4744662642478943,-8.187233253884024,,,0.17040985822677612,0.07824260063761844,,,,,3,3
2011-07-27 06:00:00+00:00,,,0.22755253314971924,0.6565698012201076,,,,,,,,,,,0.5143596231937408,-14.23525694478454,,,0.0664626955986023,-0.5220510775980068,,,,,4,4
2011-07-27 12:00:00+00:00,,,0.1770613193511963,0.8610735398311651,,,,,,,,,,,0.47775161266326904,-6.596651918174648,,,0.1551768183708191,0.2794532184729846,,,,,3,3
2011-07-27 18:00:00+00:00,,,0.25293540954589844,0.3913192229954679,,,,,,,,,,,0.46362537145614624,-11.473259013115442,,,0.23274433612823486,-0.3206731965384428,,,,,4,3
2011-07-28 00:00:00+00:00,,,0.15578234195709229,0.2340794800250605,,,,,,,,,,,0.534851998090744,-9.076732822084931,,,,,0.3363139033317566,-0.1980556945183282,,,4,3
2011-07-28 06:00:00+00:00,,,0.08235335350036621,1.028341256227959,,,,,,,,,,,0.4407402276992798,-3.9555572118622977,,,0.3614298701286316,0.7582184613672253,0.3573812246322632,1.593822704556763,,,5,5
2011-07-28 12:00:00+00:00,,,0.2487865686416626,0.6084804175621225,,,,,,,,,,,0.432319700717926,-6.385498465904019,,,0.24076223373413086,-0.33396359703385875,0.212385356426239,-1.180332731932611,,,5,5
2011-07-28 18:00:00+00:00,,,0.21001183986663818,0.8991688606161149,,,,,,,,,,,0.5229392051696777,-8.738003363051982,,,0.155292809009552,0.5798112797265573,0.3123320937156677,0.3407196956342424,,,4,4
2011-07-29 00:00:00+00:00,,,0.07387709617614746,0.24384169274419465,,,,,,,,,,,0.48854291439056396,-7.269734877781397,,,0.23055016994476318,-0.40355915081792293,0.05973553657531738,0.07565959893594741,,,4,4
2011-07-29 06:00:00+00:00,,,0.10659170150756836,0.7549701033162607,,,,,,,,,,,0.47095048427581787,-9.739438759368443,,,0.14156502485275269,0.21720736755500272,0.2423642873764038,-0.4671060454101881,,,5,5
2011-07-29 12:00:00+00:00,,,0.03055250644683838,0.3724366155625197,0.20520353317260742,-0.42192818032954876,,,,,,,,,0.41738492250442505,-5.795501756882122,,,0.28325653076171875,0.3751330795371928,0.059826552867889404,-0.3527627652970795,,,6,6
2011-07-29 18:00:00+00:00,,,0.02001023292541504,0.17595998378548075,,,,,,,,,,,0.592087596654892,-9.017795059103301,,,0.31849849224090576,-0.09703345846826894,0.04696333408355713,-0.48839144603378937,,,5,5
2011-07-30 00:00:00+00:00,,,0.15185904502868652,1.0250304318176082,,,,,,,,,,,0.47197407484054565,-6.515340198544175,,,0.17879974842071533,0.4255723878080616,0.08752501010894775,-0.01627323352982572,,,4,4
2011-07-30 06:00:00+00:00,,,0.35414159297943115,-0.38158716342334875,,,,,,,,,,,,,0.48162609338760376,-8.697230217061431,0.023917317390441895,-0.17486489055888013,0.03061622381210327,-0.15217983106827557,,,5,5
2011-07-30 12:00:00+00:00,,,0.2272413969039917,0.26852357221525053,,,,,,,,,,,,,0.4370822310447693,-4.694334804430244,0.25088679790496826,-0.49465982376404033,0.6266088783740997,-2.4430909981299505,,,5,5
2011-07-30 18:00:00+00:00,,,0.06754881143569946,0.20937499640567106,0.2785799503326416,0.26474211043275425,,,,,,,,,,,0.6341792941093445,-6.75381774269602,0.4742721915245056,0.5778885942974533,0.6777133047580719,-3.654982263484708,0.10185080766677856,-0.15892819838482483,6,6
2011-07-31 00:00:00+00:00,,,0.2560845613479614,-0.27045535161033896,0.3121427297592163,-0.26151226144692796,,,,,,,,,,,0.20390856266021729,-1.1706418528203022,0.8339338153600693,-0.6938328685321543,,,0.4259808659553528,0.5106350996813172,5,5
2011-07-31 06:00:00+00:00,,,0.2255886197090149,-0.18197290320482626,,,,,,,,,,,,,,,,,,,,,3,1
2011-07-31 12:00:00+00:00,,,0.5652146339416504,0.375892107765376,,,,,,,,,,,,,,,,,,,,,3,1
2011-07-31 18:00:00+00:00,0.09445905685424805,1.4382797880571292,0.6472262144088745,-0.038187038470614706,,,,,,,,,,,,,,,,,,,,,5,2
2011-08-01 00:00:00+00:00,0.32732725143432617,-0.3654066752943808,0.177740216255188,-0.15435689373136804,,,,,,,,,,,,,,,,,,,,,3,2
2011-08-01 06:00:00+00:00,0.14107275009155273,0.15428809850378467,,,0.3335847854614258,1.8882534773061699,,,,,,,,,,,,,,,,,0.33321940898895264,0.1588579062487895,3,3
2011-08-01 12:00:00+00:00,0.5073689222335815,0.6777396747046073,,,0.05038332939147949,0.17427156590622297,,,,,,,,,,,,,,,,,,,4,2
2011-08-01 18:00:00+00:00,0.34759950637817383,0.24815375782356408,0.1516263484954834,-0.007694522794934852,0.5055277347564697,1.8045154727722499,,,,,,,,,,,,,,,,,,,4,3
2011-08-02 00:00:00+00:00,0.013042807579040527,0.009928878112849829,,,,,,,,,,,,,,,,,,,0.7535482197999954,-0.3996715436183996,,,3,2
2011-08-02 06:00:00+00:00,,,0.06988346576690674,0.21793345646316856,,,,,,,,,,,,,,,,,,,0.09903144836425781,-0.05763278826621217,2,2
2011-08-02 12:00:00+00:00,,,0.22543978691101074,1.4234878781597506,,,,,,,,,,,,,,,,,0.1438201665878296,-0.18722385343192083,,,2,2
2011-08-02 18:00:00+00:00,,,0.09644532203674316,0.5263731772281766,,,,,,,,,,,,,,,,,,,0.13130629062652588,-0.20859709684286318,2,2
2011-08-03 00:00:00+00:00,,,0.18100082874298096,0.44717058807811494,,,,,,,,,,,,,,,,,,,0.37255460023880005,-0.2532917318709188,2,2
2011-08-03 06:00:00+00:00,,,0.14188551902770996,0.7041210184507639,,,,,,,,,,,,,,,,,,,0.002172112464904785,-0.5941499718848207,2,2
2011-08-03 12:00:00+00:00,,,0.20830214023590088,1.1605961828663032,,,,,,,,,,,,,,,,,,,0.12569016218185425,-0.05671917335645198,2,2
2011-08-03 18:00:00+00:00,,,0.26713621616363525,1.098530127636673,,,,,,,,,,,,,,,,,,,0.09734892845153809,-0.40307868502022176,2,2
2011-08-04 00:00:00+00:00,,,0.06839132308959961,0.46181022261252036,,,,,,,,,,,,,,,,,,,0.25841832160949707,-0.05323513703320797,2,2
2011-08-04 06:00:00+00:00,,,0.05011892318725586,1.0982004646650085,,,,,,,,,,,,,,,,,,,0.2679708003997803,0.341887933994795,2,2
2011-08-04 12:00:00+00:00,,,0.11584115028381348,0.07190570127099831,,,,,,,,,,,,,,,,,,,0.04307985305786133,0.34545174322616695,2,2
2011-08-04 18:00:00+00:00,,,0.07025229930877686,-0.07301109936336433,,,,,,,,,,,,,,,,,,,0.013403773307800293,-0.07430772119056708,2,2
2011-08-05 00:00:00+00:00,,,0.13873827457427979,1.4008316038397803,,,,,0.1695765256881714,0.5540408641655622,,,,,,,,,,,,,0.22980809211730957,-0.5138351972798488,4,3
2011-08-05 06:00:00+00:00,,,0.10086536407470703,0.19335454553997317,,,,,0.03505587577819824,-8.627648648910286,,,,,,,,,0.0040174126625061035,0.6568081582291339,,,0.26088428497314453,0.670749274250047,4,4
2011-08-05 12:00:00+00:00,,,0.13137078285217285,0.9063244099899304,,,,,0.2074437141418457,1.6511495670207108,,,,,,,,,0.5019434690475464,0.7565615476612798,,,0.011998593807220459,-0.885403039736978,4,4
2011-08-05 18:00:00+00:00,,,0.17113566398620605,0.27285325871837424,,,,,0.1418682336807251,2.2745090000947252,,,,,,,,,0.16015994548797607,0.1120003252417229,,,0.41206592321395874,-0.14320182249937596,5,5
2011-08-06 00:00:00+00:00,,,0.13885962963104248,0.31121166622045315,,,,,0.17222177982330322,1.970495424935499,,,,,,,,,0.2815728783607483,-0.2691620066196526,,,0.20330363512039185,-0.4872749235900218,4,4
2011-08-06 06:00:00+00:00,,,0.028226137161254883,0.019766370983016014,,,,,0.020851314067840576,0.21613757386784727,,,,,,,,,0.24039137363433838,0.21932609340810225,,,0.4966502785682678,1.171667498681803,5,5
2011-08-06 12:00:00+00:00,,,0.05533957481384277,0.4704837802470924,,,,,0.1748751401901245,1.3345926794272525,,,,,,,,,0.2508459687232971,-0.4083351940175181,,,,,5,4
2011-08-06 18:00:00+00:00,,,0.15005552768707275,0.22256188134755434,0.011456608772277832,-0.6226412675809164,,,0.3241145610809326,1.7513681322820835,,,,,,,,,0.07717502117156982,-0.062281995788755436,,,,,5,5
2011-08-07 00:00:00+00:00,,,0.05407083034515381,0.06363092087995201,,,,,0.3723639249801636,0.9250739522365614,,,,,,,,,0.16006827354431152,0.039976036266895824,,,,,3,3
2011-08-07 06:00:00+00:00,,,0.06335735321044922,2.3305572062133235,,,,,0.2051938772201538,0.7934050649112321,,,0.39268845319747925,-0.7046821725526817,,,,,0.22587865591049194,0.13432975405379807,,,,,4,4
2011-08-07 12:00:00+00:00,,,,,0.16908562183380127,0.5094877054556426,,,,,,,0.17090344429016113,-0.4109790141341812,,,,,0.03446757793426514,0.5611874192299238,,,,,3,3
2011-08-07 18:00:00+00:00,,,,,0.17759251594543457,-0.4386848229636423,,,,,,,0.023303866386413574,-0.20330582405952702,,,,,0.23116779327392578,-0.6093673603122329,,,,,3,3
2011-08-08 00:00:00+00:00,,,0.09219539165496826,-0.08954489109845529,0.17230713367462158,0.48120452655516466,,,,,,,0.04299086332321167,0.13295495979654123,,,,,0.0684584379196167,-0.03633815843676404,,,,,4,4
2011-08-08 06:00:00+00:00,,,0.19302964210510254,0.07913159027335229,0.01499629020690918,0.03294593434281051,,,,,,,0.2799266576766968,-1.1349300086395153,,,,,,,,,,,4,3
2011-08-08 12:00:00+00:00,,,0.29792559146881104,1.2823613431308185,0.30988454818725586,-0.08764747922792537,,,,,,,0.012645542621612549,0.06079965482282282,,,,,,,,,,,4,3
2011-08-08 18:00:00+00:00,,,0.4856909513473511,0.3414194044383754,0.1507401466369629,0.3452703462230777,,,,,,,0.3191244602203369,-0.9207696122125997,,,,,,,,,,,4,3
2011-08-09 00:00:00+00:00,0.025940120220184326,-0.18531402348969972,0.4876021146774292,0.8151047287257293,0.3028303384780884,-0.20528458592463086,0.19628536701202393,-3.6510277383261975,,,,,,,,,,,0.8072965145111084,-0.5641299368735755,,,,,6,6
2011-08-09 06:00:00+00:00,0.002361774444580078,-0.4515457020044745,,,0.3595160245895386,0.12008738881283845,,,,,,,0.3084111213684082,-2.051925535560367,,,,,0.16897547245025635,0.22927504985780497,,,,,6,5
2011-08-09 12:00:00+00:00,0.12506842613220215,-0.2786014072468277,,,0.132335364818573,0.18080848991928933,,,,,,,0.35426270961761475,-3.8203340425088648,,,,,0.23867493867874146,-0.22906345517010707,,,,,6,5
2011-08-09 18:00:00+00:00,0.19615888595581055,-0.034072179098831874,,,0.43435585498809814,0.14658694556973503,,,,,,,0.3230621814727783,-4.8106400659330335,,,,,0.177512526512146,0.5287562216296553,,,,,6,5
2011-08-10 00:00:00+00:00,0.15326297283172607,-0.25176977830927555,0.27163273096084595,0.24387388472630567,0.21495306491851807,-0.14452391072409762,,,,,,,0.4649537205696106,-12.717348872397375,,,,,0.023808658123016357,0.19188608748282981,,,,,6,6
2011-08-10 06:00:00+00:00,0.05057203769683838,0.16460009549319626,0.22066223621368408,-0.2062308733563136,0.22903507947921753,0.15530556451125338,,,,,,,0.4170151948928833,-11.009671844661044,,,,,0.20260512828826904,0.03727720605120019,,,,,6,6
2011-08-10 12:00:00+00:00,0.09736645221710205,1.5723193115809608,0.5022017955780029,-0.5517647959132577,0.1283600926399231,-1.096684788967903,,,,,,,0.4177153706550598,-7.374342463302183,,,,,0.09134894609451294,-0.14287447360512423,,,,,6,5
2011-08-10 18:00:00+00:00,,,0.11187005043029785,-0.004696606356806886,0.27018284797668457,0.5012300609280393,,,,,,,0.5337142944335938,-13.98880383434697,,,,,0.1658293604850769,0.0007349496978560948,,,,,6,5
2011-08-11 00:00:00+00:00,,,0.02451789379119873,0.2829137319602895,,,,,,,,,,,0.4424026608467102,-8.82776895166152,,,,,0.06842106580734253,-0.04259708242737414,,,4,4
2011-08-11 06:00:00+00:00,,,0.10396897792816162,-0.15898126137546437,,,,,,,,,,,0.47918403148651123,-6.874970292635843,,,,,0.17013049125671387,-1.1226279034765587,,,3,3
2011-08-11 12:00:00+00:00,,,0.06582784652709961,0.3799568586631312,,,,,,,,,,,0.5288723707199097,-20.286417233142224,,,,,0.15503358840942383,-0.016374679310825504,,,3,3
2011-08-11 18:00:00+00:00,,,0.17762720584869385,1.1618340112430179,,,,,,,,,,,0.5226491391658783,-6.268503356222228,,,,,0.1443299651145935,-0.17532898201796157,,,3,3
2011-08-12 00:00:00+00:00,,,0.11760187149047852,0.02000011563747829,,,,,,,,,,,0.4867185950279236,-9.332147667051315,,,,,0.17640405893325806,-0.9571760522511172,,,3,3
2011-08-12 06:00:00+00:00,,,0.04731941223144531,0.09194896798069013,,,,,,,,,,,0.582442432641983,-7.846343557749655,,,,,0.2271045446395874,-1.0238392406285972,,,3,3
2011-08-12 12:00:00+00:00,,,0.11409378051757812,0.3202327742885268,,,,,,,,,,,0.5300502479076385,-8.796506973959458,,,,,0.1715983748435974,-0.5344210508997081,,,3,3
2011-08-12 18:00:00+00:00,,,0.060845136642456055,0.3515752341149049,,,,,,,,,,,0.5886169672012329,-7.694327837585113,,,,,0.17646443843841553,-0.21338419411714077,,,3,3
2011-08-13 00:00:00+00:00,,,0.06745040416717529,0.08218389955888275,,,,,,,,,,,0.5847085416316986,-7.262574108462674,,,,,0.18336141109466553,-0.5019856510900779,,,3,3
2011-08-13 06:00:00+00:00,,,0.20920467376708984,0.23427661654930762,,,,,,,,,,,0.5929229259490967,-7.794332533220477,,,,,,,0.2715367078781128,-1.0891533102999231,3,3
2011-08-13 12:00:00+00:00,,,0.079811692237854,-0.8231601823410287,,,0.051178932189941406,-0.5194253229460033,,,,,,,0.6055532991886139,-7.767442332643364,,,,,,,0.23678559064865112,-0.7807875726165246,5,5
2011-08-13 18:00:00+00:00,,,0.2714395523071289,0.002866489663616835,,,0.3240816593170166,0.005150281587546666,0.3186298608779907,-16.520769056741784,,,,,0.6376668810844421,-8.37301346958028,,,,,,,0.16921746730804443,-0.4318351026800469,6,6
2011-08-14 00:00:00+00:00,,,0.19620674848556519,-0.011758543677380436,0.16066420078277588,0.2927415309459207,0.4572819471359253,-1.6724590727726085,0.34197551012039185,-5.8262816782817515,,,,,0.6383282542228699,-9.028067149315113,,,,,,,0.08653956651687622,-0.48323310521599544,6,6
2011-08-14 06:00:00+00:00,,,,,0.028982877731323242,0.4187464146061307,0.0538824200630188,0.0971771545296089,0.3731602430343628,-6.184561945529451,,,,,,,0.6269471943378448,-3.704944951084708,,,,,0.2591794729232788,0.23401172462650344,8,6
2011-08-14 12:00:00+00:00,,,,,0.04306471347808838,0.1392974170090892,0.3611292839050293,-7.743905604439714,0.36001843214035034,-9.46146716600769,,,,,,,0.7225613594055176,-7.8090802594485345,,,,,0.19841301441192627,0.6010236996233219,7,5
2011-08-14 18:00:00+00:00,,,,,,,0.3672095537185669,-7.211758524447677,0.3440704941749573,-7.246836136727979,,,,,,,0.7179189920425415,-6.9814905129630205,,,,,0.3077579736709595,0.09157390748879746,5,4
2011-08-15 00:00:00+00:00,,,,,,,0.4515818953514099,-2.819425017723225,0.2824919819831848,-6.372387843912764,,,,,0.6995815336704254,-0.5742085175490532,0.6763156652450562,-8.627999279970187,,,,,0.3939933180809021,-0.04791403556023377,6,5
2011-08-15 06:00:00+00:00,,,0.2741934061050415,-0.166395837374477,,,0.2085576057434082,-1.101796237022952,0.3760071396827698,-11.929820889997579,,,,,,,0.6035458445549011,-5.612157272198546,,,,,0.4183320999145508,-0.13296449465064286,6,6
2011-08-15 12:00:00+00:00,,,,,0.5168454647064209,-0.08812204234325176,0.28951770067214966,-2.432059604204295,0.5584107041358948,-1.2276901331103138,,,,,,,0.46514832973480225,-2.5662110733060652,,,,,,,6,5
2011-08-15 18:00:00+00:00,,,,,0.11337292194366455,0.7557637311230373,0.5201206505298615,-5.541783003137724,0.2168169617652893,-1.1511966114096412,,,,,,,0.519391268491745,-3.4528316672808312,,,,,,,6,5
2011-08-16 00:00:00+00:00,,,,,0.033175110816955566,0.13531958030604363,0.4712703227996826,-5.611435815511974,,,0.11728203296661377,-3.1369287118280855,,,,,0.25375837087631226,0.572529373502209,,,,,,,5,4
2011-08-16 06:00:00+00:00,,,,,0.45959043502807617,-0.35290768614244655,,,0.6037684679031372,-10.16924907294371,0.7126246392726898,-5.011679646524909,,,,,0.825466513633728,-0.9330294413879203,,,,,,,5,4
2011-08-16 12:00:00+00:00,,,,,0.0496826171875,0.052686063883591955,,,0.4955173134803772,-7.622163149516106,0.7658997178077698,-1.041713764695599,,,,,0.4622844457626343,-0.6119461578805615,,,,,,,4,4
2011-08-16 18:00:00+00:00,,,,,0.4708910584449768,-0.7676524888063427,,,0.5054216086864471,-7.043938904641592,,,0.09169304370880127,0.35299155416282696,,,0.6796587705612183,-4.415130372474526,,,,,,,4,4
2011-08-17 00:00:00+00:00,,,,,,,,,0.5047757923603058,-7.942442562068402,,,0.2678471803665161,-1.5245022493882678,,,0.3476871848106384,-2.501501787221947,,,,,,,3,3
2011-08-17 06:00:00+00:00,,,,,,,,,0.3803402781486511,-5.563893354946321,,,0.19092488288879395,-0.8350850281128245,,,0.6495226323604584,-4.280286675173537,,,,,,,3,3
2011-08-17 12:00:00+00:00,,,,,,,,,0.35762345790863037,-8.788264548149202,0.25815510749816895,-0.1307930307379802,0.305949866771698,-6.375167193482444,,,,,,,,,,,3,3
2011-08-17 18:00:00+00:00,,,,,,,,,0.4623247981071472,-13.03257435724489,0.2210932970046997,-0.2513860168786572,0.3363584876060486,-1.7864343140303978,,,,,,,,,,,3,3
2011-08-18 00:00:00+00:00,,,,,,,,,0.43387508392333984,-7.848420978622986,0.12320685386657715,0.2593902828195843,0.23133236169815063,-3.7393803063004127,,,,,,,,,,,3,3
2011-08-18 06:00:00+00:00,,,,,,,,,0.4367557168006897,-5.095672675774127,0.15028798580169678,0.6455715765546258,,,0.40334606170654297,-4.699071720869793,,,,,,,,,3,3
2011-08-18 12:00:00+00:00,,,,,,,,,0.5072045028209686,-7.27465443698231,,,,,0.4616060256958008,-5.809527003574023,,,,,,,,,2,2
2011-08-18 18:00:00+00:00,,,,,,,,,0.45752662420272827,-7.282420993815592,,,,,0.5305256545543671,-5.925155977693638,,,,,,,,,2,2
2011-08-19 00:00:00+00:00,,,,,,,,,0.45068860054016113,-7.431899952601623,,,,,0.3501904606819153,-11.666566544591205,,,0.35397839546203613,1.3469210861242964,,,,,3,3
2011-08-19 06:00:00+00:00,,,,,,,,,0.41706526279449463,-6.631212768705395,,,0.398587703704834,0.04878090907208454,0.49051809310913086,-7.919363632201569,,,0.18550890684127808,-0.2516275356710725,,,,,4,4
2011-08-19 12:00:00+00:00,,,,,,,,,0.4148717522621155,-8.34665827204083,,,0.4099721908569336,-0.45822069864420734,0.5581260919570923,-14.876343530159392,,,0.12479561567306519,0.42211297594275543,,,,,4,4
2011-08-19 18:00:00+00:00,,,,,,,,,0.5014178156852722,-10.40951428631237,,,0.13761985301971436,0.2339743693874946,0.32572436332702637,-3.7397660857560386,,,0.17998874187469482,0.3911094382057056,,,,,4,4
2011-08-20 00:00:00+00:00,,,,,,,,,0.48765361309051514,-4.8772294885627225,,,0.20780110359191895,-0.5206014274513246,0.4205380082130432,-9.165740486178102,,,0.14981234073638916,-0.24959791277567925,,,,,4,4
2011-08-20 06:00:00+00:00,,,,,,,,,0.47956669330596924,-7.744005487804373,,,0.10208922624588013,-1.1277002838082029,0.3495175838470459,-7.1524344562933155,,,0.01628822088241577,0.1869066005933168,,,,,4,4
2011-08-20 12:00:00+00:00,,,,,,,,,0.5095939040184021,-7.7437544394144195,,,0.27367281913757324,-2.1572615030072266,0.313448429107666,-17.048822175407295,,,0.2578701376914978,-0.013877045654391683,,,,,4,4
2011-08-20 18:00:00+00:00,,,,,,,,,0.46833664178848267,-4.6199992777892005,,,0.13830500841140747,-1.1285152794379048,0.43762075901031494,-9.095284787707351,,,0.1297454833984375,0.07050403140221681,,,,,4,4
2011-08-21 00:00:00+00:00,,,,,,,,,0.13479191064834595,-0.01579475434444073,0.3732171058654785,-4.790782225280786,0.17812281847000122,-1.635198934543337,0.48257535696029663,-7.791377202049235,,,0.1670091152191162,-0.4559363547935591,,,,,5,5
2011-08-21 06:00:00+00:00,0.5973656177520752,0.9820975598875029,,,,,,,,,0.40456491708755493,-5.742296864875313,0.2649434208869934,-1.6459254609259715,0.23335909843444824,-0.5370951698828003,,,0.27156561613082886,0.020805187789218627,,,,,5,5
2011-08-21 12:00:00+00:00,0.11880612373352051,0.6123572605623967,,,,,,,,,0.43847525119781494,-4.165941797084855,0.4318077564239502,-4.250741903376252,0.34762245416641235,-2.6309548691772933,,,0.13765740394592285,-0.06601462478286381,,,,,5,5
2011-08-21 18:00:00+00:00,0.04370570182800293,-0.35779339556558615,,,,,,,,,0.5627999305725098,-6.011193319998969,0.28635716438293457,-2.2200689241325464,0.2971343398094177,-13.542856805404174,,,0.30429214239120483,-0.02226327157848213,,,,,5,5
2011-08-22 00:00:00+00:00,0.5951320827007294,-10.88848154809938,,,,,,,,,0.3896603584289551,-2.9920857439650224,0.4151773452758789,-3.989556308549702,0.40593647956848145,-3.86535697787913,,,0.10320025682449341,0.2500054657519061,,,,,5,5
2011-08-22 06:00:00+00:00,0.5960784554481506,-10.47055860684758,,,,,,,,,0.47714924812316895,-7.507660750589196,0.3201199173927307,-6.005420981080456,,,0.62706458568573,-7.539499265980053,0.08086812496185303,-0.337553744294777,,,,,5,5
2011-08-22 12:00:00+00:00,0.24016904830932617,0.31603411686281263,,,,,,,,,0.3758235573768616,-3.8086462634975535,0.3883134126663208,-2.865015594763465,,,0.34804195165634155,-1.7019292315179384,0.20921361446380615,-0.43194140169975176,,,,,5,5
2011-08-22 18:00:00+00:00,0.22447478771209717,0.20145774485298665,,,,,,,,,0.4574738144874573,-6.989495717047839,0.28990858793258667,-2.7969693501653508,,,,,0.3145127296447754,-0.8858486681240425,,,,,4,4
2011-08-23 00:00:00+00:00,0.11219888925552368,-0.5886880328176468,,,,,,,,,0.2701759338378906,-1.605624582493028,,,0.3763948678970337,-4.324654633371637,,,,,0.08517122268676758,-0.33088941617693435,,,5,5
2011-08-23 06:00:00+00:00,0.01524883508682251,-0.0032640084079295513,,,,,,,,,0.27218061685562134,-1.761942037325044,,,0.38495779037475586,-9.516816016366903,,,,,0.0020160675048828125,-0.3357035140480554,,,4,4
2011-08-23 12:00:00+00:00,0.05519247055053711,-0.026109562644652473,,,,,,,,,0.04247552156448364,0.7275591873979641,,,0.43942636251449585,-7.132940401527135,,,0.5050155818462372,-2.0699570729226036,0.22047746181488037,-0.641822224729679,,,6,6
2011-08-23 18:00:00+00:00,,,0.12968838214874268,0.5745242227533247,,,,,,,,,,,0.39283353090286255,-12.742813636028112,,,0.604354590177536,-1.6579792029984173,0.2318345308303833,0.252935836461794,,,4,4
2011-08-24 00:00:00+00:00,,,0.16879332065582275,0.5736030813283847,,,,,,,,,,,0.4404093623161316,-6.799219777109341,,,0.6377167403697968,0.08235174482003564,0.19328153133392334,-0.06132676932734139,,,4,4
2011-08-24 06:00:00+00:00,,,0.1754300594329834,0.9914318858415686,,,,,,,,,,,0.4023924469947815,-7.335337484445429,,,,,0.3994743824005127,-0.8365041254656115,,,3,3
2011-08-24 12:00:00+00:00,,,0.17141008377075195,0.2708564237725548,,,,,,,,,,,0.41555988788604736,-6.265500233377055,,,,,0.01684868335723877,0.12866197273478375,,,3,3
2011-08-24 18:00:00+00:00,,,0.15889346599578857,1.3857349816409472,,,,,,,,,,,0.4637576937675476,-7.112006881712433,,,,,0.09074264764785767,-0.35849554074237067,,,3,3
2011-08-25 00:00:00+00:00,,,0.08992409706115723,1.0436354290005145,,,,,,,,,,,0.470137357711792,-6.473105152216496,,,,,0.1594143509864807,-0.0663143820927054,,,3,3
2011-08-25 06:00:00+00:00,,,0.16171443462371826,0.02040186918350686,,,,,,,,,,,0.4350958466529846,-6.4298412895562835,,,,,0.3386087417602539,-0.07401817132418324,,,3,3
2011-08-25 12:00:00+00:00,,,0.0733799934387207,3.378458414296271,,,,,,,,,,,0.42591381072998047,-6.898115267065185,,,,,0.09501951932907104,-0.11904533355508577,,,3,3
2011-08-25 18:00:00+00:00,,,0.17379653453826904,0.5530437905785853,,,,,,,,,,,0.44468069076538086,-5.14239998873328,,,,,0.1772754192352295,-0.17423181962581633,,,3,3
2011-08-26 00:00:00+00:00,,,0.11299049854278564,2.9043816114691063,,,,,,,,,,,0.33795589208602905,-6.0589626735449995,,,0.38334715366363525,0.39638165799303243,,,0.31662070751190186,-0.3746122411370037,4,4
2011-08-26 06:00:00+00:00,,,0.08626818656921387,0.8941402684384553,,,,,,,,,,,0.4993430972099304,-3.7176240407949095,,,0.04148602485656738,-0.49570908110068795,,,0.069915771484375,-0.08442563338796412,4,4
2011-08-26 12:00:00+00:00,,,0.10868024826049805,2.081815946328787,,,,,,,,,,,0.4584137201309204,-5.083812232775681,,,0.5349854528903961,0.6363000701371871,,,0.15009307861328125,0.1384038286228697,4,4
2011-08-26 18:00:00+00:00,,,0.1389549970626831,0.7312220856665317,,,,,,,,,,,0.5051713585853577,-9.071574538191554,,,0.7927622497081757,0.1390516599183946,,,0.10875117778778076,-0.29573569571710984,4,4
2011-08-27 00:00:00+00:00,,,0.08071684837341309,0.18712418842663317,,,,,,,,,,,0.5433963537216187,-3.9560623251104827,0.3918192386627197,-9.71456622629214,,,,,0.17393887042999268,-0.48606248725126777,4,4
2011-08-27 06:00:00+00:00,,,0.1348721981048584,0.8724788823995756,,,,,,,,,,,0.3776128888130188,-1.1778586235368604,0.36874645948410034,-3.775913443785105,,,0.2671545743942261,-0.41654211353063736,,,4,4
2011-08-27 12:00:00+00:00,,,0.09266912937164307,2.3779249725647094,,,,,,,,,,,0.3621782660484314,0.5451109461776105,0.39039307832717896,-3.958443484650313,,,0.05930823087692261,-0.20437304324690816,,,4,4
2011-08-27 18:00:00+00:00,,,0.2280672788619995,1.1785497249778067,,,,,,,,,,,,,0.37598198652267456,-2.5603226680927667,,,0.005392909049987793,-0.21227195467640922,,,3,3
2011-08-28 00:00:00+00:00,,,0.053832292556762695,0.3636140038893009,,,,,,,,,,,,,0.4946807026863098,-1.3092495544921294,,,0.1328858733177185,-0.6435146628901047,,,3,3
2011-08-28 06:00:00+00:00,,,0.2781165838241577,16.29297794741927,,,,,,,,,,,,,0.42219388484954834,-0.7055003477096178,,,0.13513344526290894,0.23889139919472308,,,3,3
2011-08-28 12:00:00+00:00,,,0.06756532192230225,0.3232672602498529,,,,,,,,,,,,,,,,,0.10331785678863525,-1.3577263857616957,,,2,2
2011-08-28 18:00:00+00:00,,,0.24623429775238037,14.149936417144959,,,,,,,,,,,,,,,,,0.08751803636550903,0.07320541488973618,,,2,2
2011-08-29 00:00:00+00:00,,,0.2514711618423462,11.535117067197188,,,,,,,,,,,,,,,,,0.08204472064971924,0.3873733503198737,,,2,2
2011-08-29 06:00:00+00:00,,,0.11913824081420898,0.022539514654381282,,,,,,,,,,,,,,,,,0.2078377604484558,-0.22228906412707772,,,2,2
2011-08-29 12:00:00+00:00,0.2872195243835449,0.24306505230106418,0.1399141550064087,-0.010448164780701048,0.6005027294158936,0.33090025857913447,,,,,,,,,,,,,,,,,0.2270488142967224,-2.0751081064684054,5,4
2011-08-29 18:00:00+00:00,0.06724822521209717,0.4432240445330124,0.2801332473754883,0.601140053407883,,,0.6606611013412476,1.700310578123529,,,,,,,,,,,,,,,0.16114747524261475,-0.3365073925958287,5,4
2011-08-30 00:00:00+00:00,0.8388794660568237,4.867101041250907,0.3336338996887207,0.2574749231273168,,,0.8225805759429932,3.044093314719452,,,,,,,,,,,0.30505895614624023,0.6196231509331716,,,0.05652421712875366,0.09821574252019585,5,5
2011-08-30 06:00:00+00:00,0.04668164253234863,-0.4018366952257882,0.06316101551055908,-0.08091134305619477,,,0.7090276479721069,3.372393570082802,,,,,,,,,,,,,,,0.21177327632904053,-0.16404262513418377,4,4
2011-08-30 12:00:00+00:00,,,0.36977720260620117,0.4928560506339933,0.018338680267333984,-0.08171892420138517,0.6350114345550537,2.9464162484666065,,,,,,,,,,,,,,,0.14567190408706665,-0.25791585962006447,4,4
2011-08-30 18:00:00+00:00,,,0.2644237279891968,0.31660367509871457,0.11953729391098022,-0.3205255746818139,,,0.5976252555847168,5.210499250494137,,,,,,,,,,,,,0.0431937575340271,-1.2587877957880464,4,4
2011-08-31 00:00:00+00:00,,,0.09879279136657715,0.6380477008645463,,,,,0.5523209571838379,6.0739253143257965,,,,,,,,,,,,,0.010682821273803711,-0.6892755694325279,3,3
2011-08-31 06:00:00+00:00,,,0.08911788463592529,11.749747748438915,0.3481464385986328,0.44921339520851544,,,0.6440191268920898,11.400188278273674,,,,,,,,,,,,,0.10120344161987305,-0.00999150468371219,5,5
2011-08-31 12:00:00+00:00,,,0.18993723392486572,-0.16574475407284678,0.2613389492034912,0.4451776880389388,,,0.6298480033874512,8.589917941286759,,,,,,,,,,,,,0.007118284702301025,-0.5493372141126799,5,4
2011-08-31 18:00:00+00:00,,,0.018146514892578125,0.4596197900445026,0.4581061005592346,0.39554460888866727,,,0.6399103403091431,6.9419113271570785,,,,,,,,,,,,,0.21009773015975952,-0.2962372767365916,4,4
2011-09-01 00:00:00+00:00,,,0.0633697509765625,0.8851238635525971,,,,,0.6547014713287354,8.599251956158605,,,,,,,,,,,0.2326694130897522,-0.2830662075446844,,,3,3
2011-09-01 06:00:00+00:00,,,0.09734201431274414,0.9626851686561537,,,,,0.6428643465042114,6.674365183467536,,,,,,,,,,,0.03844141960144043,0.17736326918204437,,,3,3
2011-09-01 12:00:00+00:00,,,0.12164461612701416,0.5281839694178017,,,,,0.5585640668869019,6.905711060449146,,,,,,,,,,,0.2410702109336853,-0.21100868397064437,,,3,3
2011-09-01 18:00:00+00:00,,,0.11683809757232666,0.11591262898330536,,,,,0.43918681144714355,5.929347442232048,,,,,,,,,,,0.17928677797317505,-0.42822526436802105,,,3,3
2011-09-02 00:00:00+00:00,,,0.1143103837966919,0.04791916780180324,,,,,0.6329077482223511,7.334863789503903,,,,,,,,,,,0.04772418737411499,-0.2852920726105661,,,3,3
2011-09-02 06:00:00+00:00,,,0.03333437442779541,-0.033313590808505496,,,,,0.5684370994567871,3.4182147985461455,,,,,,,,,,,0.04483824968338013,-0.19485713527454154,,,3,3
2011-09-02 12:00:00+00:00,,,0.06692492961883545,1.578172983681518,,,,,0.5354987382888794,4.82091248883425,,,,,,,,,,,0.015880346298217773,0.35981219198901326,,,3,3
2011-09-02 18:00:00+00:00,,,0.02460157871246338,-0.027639448971275748,,,,,0.60816490650177,7.580555782254057,,,,,,,,,,,0.06192672252655029,-0.12218215007652389,,,3,3
2011-09-03 00:00:00+00:00,,,0.006186187267303467,0.07840720376549311,,,,,0.5034193992614746,5.636141321380338,,,,,,,,,,,0.11637228727340698,-0.46656683971954754,,,4,4
2011-09-03 06:00:00+00:00,,,0.04246342182159424,0.5529941788412708,0.19975793361663818,0.3232398110427254,,,0.5897908210754395,2.8572679280008586,,,,,,,,,,,0.06486392021179199,-0.006953190863325676,,,5,5
2011-09-03 12:00:00+00:00,,,0.10605108737945557,0.6849020905861968,,,,,0.4778480529785156,3.424061192204063,,,,,,,,,,,0.006987512111663818,0.2601060186426249,,,3,3
2011-09-03 18:00:00+00:00,,,0.03897857666015625,0.17662301141797,,,,,0.1937803030014038,0.5605208121685158,,,,,,,,,,,0.09308445453643799,-0.43913364609821615,,,3,3
2011-09-04 00:00:00+00:00,,,0.32587647438049316,22.32997129014092,,,,,,,0.6590765714645386,0.4381327200078909,0.5047518610954285,-2.782860714403898,,,,,,,0.06078153848648071,0.4199148602039976,,,4,4
2011-09-04 06:00:00+00:00,,,0.07490050792694092,-26.43628761927721,,,,,,,,,,,,,,,,,0.0019936561584472656,-0.40312775004831236,,,2,2
2011-09-04 12:00:00+00:00,,,0.23791801929473877,0.6761435760772998,,,,,,,,,0.2487984299659729,-1.2408877449135494,,,,,,,,,0.014047086238861084,0.07648035209895154,3,3
2011-09-04 18:00:00+00:00,,,0.1193702220916748,0.3817713021183064,,,,,,,,,0.38323312997817993,-7.504373013244448,,,,,,,,,0.014724493026733398,-0.028206755359845095,3,3
2011-09-05 00:00:00+00:00,,,0.12245404720306396,0.38215224698935746,,,,,,,,,0.4941411018371582,-2.940776117417736,,,,,,,,,0.09134310483932495,-0.09866474852750783,3,3
2011-09-05 06:00:00+00:00,,,0.05322974920272827,0.6799499530850228,0.14731359481811523,-0.3015707212936027,,,,,,,0.34927934408187866,-2.73870812050437,,,,,,,,,0.25293660163879395,0.0998520312844071,6,6
2011-09-05 12:00:00+00:00,,,0.15124475955963135,0.2786077282428586,,,,,,,,,0.4273548722267151,-3.7375111816535944,,,,,,,,,0.10878169536590576,-0.026282746029644737,3,3
2011-09-05 18:00:00+00:00,0.161535382270813,0.17374192669899513,0.13781273365020752,-1.7838885057217442,0.0732274055480957,0.34636040409686697,,,,,,,0.45552748441696167,-4.0242111665230595,,,,,,,,,0.23468977212905884,0.0817528888582013,6,6
2011-09-06 00:00:00+00:00,0.35483479499816895,0.015918684067184673,0.26044702529907227,-0.03376059683793966,0.004905343055725098,0.22679163461904445,,,,,,,0.5612398982048035,-5.577185709990693,,,,,,,,,0.02751004695892334,-0.24825370184631884,6,6
2011-09-06 06:00:00+00:00,,,0.11288177967071533,0.4084717295806209,0.05536603927612305,-0.07227674419410374,,,,,,,0.5832166075706482,-8.280715424624047,,,,,,,,,0.1301822066307068,-0.032549271266167724,5,5
2011-09-06 12:00:00+00:00,,,0.17951762676239014,0.34735649456777,0.16788452863693237,0.12573324362011745,,,,,,,0.5566922426223755,-5.326067770503468,,,,,,,,,0.2502843737602234,0.27827405562008306,5,4
2011-09-06 18:00:00+00:00,,,0.1946479082107544,0.555413632820117,0.441137433052063,-0.5493888994805974,,,,,,,,,0.5678393840789795,-8.04798214269795,,,,,,,0.21182531118392944,0.4914386230463757,5,4
2011-09-07 00:00:00+00:00,,,0.09558069705963135,-0.2124948227216638,0.7071271240711212,-3.0091716391114716,0.6507398784160614,-3.1451836730396403,,,,,,,0.5746475458145142,-7.440176440978516,,,,,0.11117488145828247,0.3796837027494173,,,6,5
2011-09-07 06:00:00+00:00,,,0.13301074504852295,-0.25445053482998475,,,,,,,,,,,0.520168274641037,-5.209765801394919,,,,,,,0.09444689750671387,0.15149017602756504,3,3
2011-09-07 12:00:00+00:00,,,0.16102385520935059,0.316075250162295,,,,,,,,,,,0.5434876382350922,-5.960446884765581,,,,,,,0.17775166034698486,-0.41302574432253775,3,3
2011-09-07 18:00:00+00:00,,,0.10548031330108643,0.33407081338547057,,,,,,,,,,,0.5554835498332977,-7.36412099282979,,,,,,,0.2496950626373291,0.24028940014452008,3,3
2011-09-08 00:00:00+00:00,,,0.07829880714416504,0.29063711723639407,,,,,,,,,,,0.4781898856163025,-9.559052200434184,,,,,,,0.16432762145996094,-0.2100575208543021,4,4
2011-09-08 06:00:00+00:00,,,0.20494580268859863,0.4365314394966666,,,,,,,,,,,0.5592116713523865,-13.256305156084059,,,,,,,,,3,2
2011-09-08 12:00:00+00:00,,,0.23969626426696777,0.19037911388783327,,,,,,,,,,,0.5237297713756561,-10.326850765505462,,,,,,,,,2,2
2011-09-08 18:00:00+00:00,,,0.16652989387512207,0.6843426656888127,,,,,,,,,,,0.5200734436511993,-10.093693627784775,,,,,,,,,2,2
2011-09-09 00:00:00+00:00,,,0.061194658279418945,-0.024780693650639937,,,,,,,,,,,0.5825260579586029,-8.81394685857979,,,,,,,,,3,2
2011-09-09 06:00:00+00:00,,,0.3005385398864746,0.23281593108894383,,,,,,,,,,,0.631676971912384,-10.482038648417344,,,,,,,,,2,2
2011-09-09 12:00:00+00:00,,,0.222528338432312,0.05790512212581239,,,,,,,,,,,0.5943352282047272,-8.814613102224056,,,,,,,,,2,2
2011-09-09 18:00:00+00:00,,,0.045158207416534424,0.7236072167158781,,,,,,,,,,,0.6253547966480255,-8.376226273181596,,,,,,,,,2,2
2011-09-10 00:00:00+00:00,0.10452979803085327,-0.19666210016705407,0.10865706205368042,0.44123274751700164,,,,,,,,,,,0.5662716329097748,-7.544180625094725,,,,,,,,,3,3
2011-09-10 06:00:00+00:00,0.11818671226501465,-4.189781384084183,0.143243670463562,-0.04812075483185528,,,,,0.2501291036605835,-3.213811706180421,,,,,0.691587507724762,-8.64980260187418,,,,,,,,,4,4
2011-09-10 12:00:00+00:00,,,0.4003552198410034,-0.8307705581408336,0.1160668134689331,-0.9876071584424744,,,0.42176270484924316,-6.767527218832888,,,,,0.6325671076774597,-6.919815245890116,,,,,,,,,5,5
2011-09-10 18:00:00+00:00,,,0.06838417053222656,0.46967356876420074,,,,,,,,,,,0.5249967873096466,-6.124464755196436,0.8175302445888519,-3.080795376523889,,,0.015140891075134277,-0.43955845412016786,,,4,4
2011-09-11 00:00:00+00:00,,,0.29250168800354004,0.2930879291001964,0.02712547779083252,-0.5379787852600797,,,,,,,,,0.4374169111251831,-5.656765733285203,0.8961193859577179,-2.851381764742274,,,0.006677746772766113,-0.06265442368018576,,,5,5
2011-09-11 06:00:00+00:00,,,0.06271255016326904,-0.23674995343378735,0.09006595611572266,0.04281704300289311,,,0.5414320826530457,-5.529751134306137,,,,,0.4760742783546448,-6.488350471768277,,,,,0.2915918231010437,-0.3811495744247093,,,5,5
2011-09-11 12:00:00+00:00,,,0.019776344299316406,0.06449863319430749,,,,,,,,,,,,,0.4989526867866516,-5.541803529044539,,,0.029926657676696777,-3.2784824677384563,,,3,3
2011-09-11 18:00:00+00:00,,,0.38448965549468994,-0.25522281730619223,0.4762774705886841,0.1960620519014429,,,0.3292255997657776,-3.2514002120195102,,,,,,,0.4646567106246948,-13.044126149016044,,,0.32586658000946045,-23.469803475106815,,,8,8
2011-09-12 00:00:00+00:00,,,0.2508310079574585,0.15330949600973126,0.7638077735900879,0.9939542456536119,,,0.7180884480476379,-2.7336107434147516,,,,,,,0.47803181409835815,-10.059599328416681,,,0.12597113847732544,-0.25106165945819275,,,5,5
2011-09-12 06:00:00+00:00,,,0.5517786741256714,0.5341591918964638,,,,,0.6771748960018158,-4.505166009703248,0.3507527709007263,-0.8514489501295618,,,,,0.3445395231246948,-3.588949304207926,,,,,0.14114820957183838,0.23345430776739903,7,5
2011-09-12 12:00:00+00:00,,,0.09116017818450928,0.20585529492950516,0.19722867012023926,-0.049665205657250244,0.3956906199455261,-1.2807248525497377,0.5379933416843414,-7.4524341238952925,0.20851129293441772,0.5494757732120213,,,,,0.44110602140426636,-0.3051347953603048,,,,,0.0902637243270874,-0.4478847820488791,8,7
2011-09-12 18:00:00+00:00,,,0.19786250591278076,-0.27051160281047,,,0.6442599594593048,-7.04675186321227,0.6633720397949219,-3.730645057625798,0.06451261043548584,-0.13562120139331496,,,,,0.40427786111831665,-1.1221289585782237,,,,,0.06890243291854858,-0.2411571174503858,6,6
2011-09-13 00:00:00+00:00,,,0.4352005124092102,-1.1224332194863815,,,0.6076333224773407,-2.322933442208486,0.7080803215503693,-5.768586207131508,0.5243881940841675,-0.11302788822194881,,,,,,,,,,,0.019457340240478516,0.060910592410852886,5,5
2011-09-13 06:00:00+00:00,,,0.5201597213745117,-0.5678774357887605,,,0.3215597867965698,-4.624531459388549,0.628375768661499,-4.290777604682494,0.17148971557617188,0.2077631574189931,,,,,0.2862781286239624,0.1419442230447262,0.22036898136138916,1.3481961177751818,,,0.14536964893341064,-0.13073261457970234,7,7
2011-09-13 12:00:00+00:00,,,,,,,,,0.8107327371835709,-3.371591200320179,,,,,,,0.16657978296279907,0.4758091412559285,0.20430248975753784,0.008357428774012125,,,0.13659518957138062,-0.10494693141768648,5,5
2011-09-13 18:00:00+00:00,,,,,,,,,0.7019590735435486,-4.365527978938688,,,,,,,0.48464256525039673,0.0812719869997378,0.6609748005867004,0.4323954994136097,,,0.006694614887237549,0.3016676725473011,5,5
2011-09-14 00:00:00+00:00,,,,,,,,,0.6311416923999786,-4.0583962003368175,,,,,,,0.2736290693283081,0.23356959978259292,0.026871562004089355,0.08062583565506518,,,0.07920265197753906,0.13103506500289372,5,5
2011-09-14 06:00:00+00:00,,,,,,,,,0.6620105803012848,-5.4684149934315,,,,,,,,,0.22883009910583496,-0.38868851812376837,,,0.09606337547302246,0.17055205164148002,4,4
2011-09-14 12:00:00+00:00,,,,,,,,,0.6130566298961639,-4.255610782906214,,,,,,,,,0.2696632146835327,-3.66117718764177,,,0.025533556938171387,0.015641203349855786,4,4
2011-09-14 18:00:00+00:00,,,,,,,,,0.5097657144069672,-3.4983685836943663,,,,,,,,,0.6566300392150879,-0.2615513358248727,,,0.039783477783203125,0.27682263073221425,5,5
2011-09-15 00:00:00+00:00,,,,,,,,,0.2775271534919739,-1.0072819848791872,,,,,,,,,0.4065117835998535,-0.6883268315726493,,,0.2261226773262024,0.3213462933811089,4,4
2011-09-15 06:00:00+00:00,,,,,,,,,0.5053389966487885,-1.0639187715567657,,,,,,,,,0.17273586988449097,-0.41483112330602134,,,0.14885485172271729,-0.1603932524555542,4,4
2011-09-15 12:00:00+00:00,,,,,,,,,0.2545351982116699,1.2397600411028846,,,,,,,,,0.3918032646179199,-0.8407221589229975,,,0.0038715004920959473,0.07825574902662932,3,3
2011-09-15 18:00:00+00:00,,,,,,,,,0.7188253104686737,-3.7020732328368586,,,,,,,,,0.09234333038330078,-0.5138377359644254,,,0.3334822654724121,0.09260063787892175,3,3
2011-09-16 00:00:00+00:00,,,,,,,,,,,,,,,,,,,0.061664581298828125,0.2932815884635602,,,,,1,1
2011-09-16 06:00:00+00:00,,,,,,,,,,,,,,,,,,,0.26848846673965454,-0.11112704718135104,,,,,1,1
2011-09-16 12:00:00+00:00,,,,,,,,,,,,,,,,,,,0.13476938009262085,-0.3408292254046113,,,,,1,1
2011-09-16 18:00:00+00:00,,,,,,,,,,,,,,,,,,,0.019736409187316895,-0.2663076967943254,,,,,1,1
2011-09-17 00:00:00+00:00,,,,,,,,,,,,,,,,,,,,,0.28786712884902954,-0.07159904419125988,,,1,1
2011-09-17 06:00:00+00:00,,,,,,,,,,,,,,,,,,,,,0.24423813819885254,0.07072224263054834,,,1,1
2011-09-17 12:00:00+00:00,,,,,,,,,,,,,,,,,,,,,0.27183014154434204,-0.5140518834913826,,,1,1
2011-09-17 18:00:00+00:00,,,,,,,,,,,,,,,,,,,,,,,0.06456601619720459,0.4851541981661277,1,1
2011-09-18 00:00:00+00:00,,,,,,,,,,,,,,,,,,,,,,,0.10569685697555542,0.42462394899946543,1,1
2011-09-18 06:00:00+00:00,,,,,,,,,,,,,,,,,,,,,,,0.11661708354949951,0.3129640723162654,1,1
2011-09-18 12:00:00+00:00,,,,,,,,,,,,,,,,,,,,,,,0.3928638696670532,0.028211908566078994,1,1
2011-09-18 18:00:00+00:00,,,,,,,,,,,,,,,,,,,,,,,0.11293613910675049,-0.01961118773912853,2,1
2011-09-19 00:00:00+00:00,0.4101545810699463,-0.7490151309686405,,,,,,,,,,,,,,,,,,,,,0.20604592561721802,-0.32427395970069023,2,2
2011-09-19 06:00:00+00:00,0.11408054828643799,0.09295625530007753,,,,,,,,,,,,,,,,,,,,,0.15816634893417358,0.07474709185854686,2,2
2011-09-19 12:00:00+00:00,0.20896506309509277,0.11341812311267988,,,,,,,,,,,,,,,,,,,,,0.061875224113464355,0.06303083914891751,2,2
2011-09-19 18:00:00+00:00,0.019525766372680664,-0.0825830421262604,,,,,,,,,,,,,,,,,,,,,0.03737807273864746,0.36156605340222586,2,2
2011-09-20 00:00:00+00:00,0.01997840404510498,0.7359089965578228,,,,,,,,,,,,,,,,,,,,,0.42887306213378906,-0.6948081514878627,2,2
2011-09-20 06:00:00+00:00,0.04987525939941406,-25.91698740823494,,,,,,,,,,,,,,,,,,,,,0.38695859909057617,0.16548647300361216,2,2
2011-09-20 12:00:00+00:00,0.009922146797180176,-24.758918438647893,,,,,,,,,,,,,,,,,,,,,0.260311484336853,-0.7076485048232176,2,2
2011-09-20 18:00:00+00:00,0.1265484094619751,7.722550700819772,,,,,,,,,,,,,,,,,,,,,0.3685253858566284,-0.9434350008719384,2,2
2011-09-21 00:00:00+00:00,0.19009172916412354,0.5438211718045666,,,,,,,0.14166224002838135,3.552567275880745,,,,,,,,,,,,,,,2,2
2011-09-21 12:00:00+00:00,0.24786293506622314,0.08688117189115493,,,,,,,0.11792278289794922,2.446811455806531,,,,,,,,,,,,,,,2,2
2011-09-21 18:00:00+00:00,0.15876317024230957,0.10764867492350343,,,,,,,0.0036318302154541016,0.8378825674500434,,,,,,,,,,,,,,,3,3
2011-09-22 00:00:00+00:00,,,0.18344461917877197,0.5845054909209072,,,,,0.1850978136062622,0.1653382132513989,,,,,,,,,,,,,,,2,2
2011-09-22 12:00:00+00:00,,,0.15808606147766113,0.2536997297911772,,,,,,,,,,,,,,,,,,,,,1,1
2011-09-22 18:00:00+00:00,,,0.12261223793029785,1.8434181393716231,,,,,,,,,,,,,,,0.02853572368621826,-0.025254528301998147,,,,,2,2
2011-09-23 00:00:00+00:00,,,0.05044734477996826,0.8403243191441597,,,,,,,,,,,,,,,0.3514530062675476,-1.0471544137424353,,,,,2,2
2011-09-23 12:00:00+00:00,,,0.21587014198303223,0.49267899998979775,,,,,,,,,,,,,,,0.4006533622741699,0.21997813826726065,,,,,2,2
2011-09-23 18:00:00+00:00,,,0.15086841583251953,1.3777963301283533,,,,,,,,,,,,,,,0.29024404287338257,0.249012391557125,,,,,2,2
2011-09-24 00:00:00+00:00,,,0.16296565532684326,0.7152153750206722,,,,,,,,,,,,,,,0.6317249834537506,-0.5988845805333574,,,,,2,2
2011-09-24 12:00:00+00:00,,,0.19074440002441406,0.8640316698747211,,,,,,,,,,,,,,,0.29140883684158325,0.3357804924489397,,,,,2,2
2011-09-24 18:00:00+00:00,,,0.15238213539123535,0.5194587332318609,,,,,,,,,,,,,,,0.005309581756591797,0.45234690951869605,,,,,2,2
2011-09-25 00:00:00+00:00,,,0.328731894493103,-26.521771245516877,,,,,,,,,,,,,,,,,0.00040078163146972656,-0.33307928834265704,,,2,2
2011-09-25 12:00:00+00:00,,,0.19826281070709229,1.0739259127992677,,,0.6755026578903198,0.20358170274166015,,,,,,,,,,,,,0.03289794921875,0.5668516770719102,,,3,3
2011-09-25 18:00:00+00:00,,,0.13794028759002686,0.12819286928961163,,,0.3195582628250122,0.48994007770912296,,,,,,,,,,,,,0.03629565238952637,0.28543780552745657,,,3,3
2011-09-26 00:00:00+00:00,,,0.1326504945755005,0.3472297093771098,,,0.37614572048187256,0.45013549255023083,,,,,,,,,,,,,,,0.312622606754303,0.43534786291814803,3,3
2011-09-26 12:00:00+00:00,,,0.17039763927459717,0.2774235755374947,,,0.09642672538757324,-0.36003833904444826,,,,,,,,,,,,,,,0.01002347469329834,0.3308687006684586,3,3
2011-09-26 18:00:00+00:00,,,0.18957138061523438,0.415456581112937,,,,,0.3159886598587036,1.8873849222281607,,,,,,,,,,,,,0.1926957368850708,-0.7051003733178748,3,3
2011-09-27 00:00:00+00:00,,,0.06949746608734131,0.5953650507995245,,,,,0.3498976230621338,9.130303625876667,,,,,,,,,,,,,0.19440174102783203,0.046925451749151595,3,3
2011-09-27 12:00:00+00:00,,,0.07362115383148193,0.2970399927792309,,,,,0.3603936433792114,6.896808184658386,,,,,,,,,,,,,0.1456812620162964,0.27227503088386346,4,4
2011-09-27 18:00:00+00:00,0.22045588493347168,-0.8804515362871695,0.109893798828125,0.07925332173407311,,,,,0.44446277618408203,6.291552293614666,,,,,,,,,,,,,0.24970102310180664,-0.12070268722929939,5,5
2011-09-28 00:00:00+00:00,,,0.20649480819702148,3.2704784714874044,,,,,0.5204927921295166,4.586110435375721,,,,,,,,,,,,,0.21677076816558838,-0.5649479408915205,3,3
2011-09-28 18:00:00+00:00,,,0.1052546501159668,0.2417645237031191,,,,,0.3982510566711426,2.1097852993928905,,,,,,,,,,,,,,,3,2
2011-09-29 00:00:00+00:00,,,0.07187700271606445,0.449155474582323,,,,,0.4551037549972534,8.463864456456502,,,,,,,,,,,,,,,2,2
2011-09-29 12:00:00+00:00,,,0.10858786106109619,-0.03438851597624907,0.8122086822986603,-2.5919783991578305,,,0.4836498498916626,5.863053912494535,,,,,,,,,,,,,,,3,3
2011-09-29 18:00:00+00:00,,,0.3035402297973633,7.111191837434607,,,,,0.4762284755706787,5.268706762133625,,,,,,,,,,,,,,,2,2
2011-09-30 00:00:00+00:00,,,0.14915740489959717,-0.08247426406133056,,,,,0.40333831310272217,5.777926022782809,,,,,,,,,,,,,,,2,2
2011-09-30 12:00:00+00:00,,,0.18299955129623413,-20.149519841775966,,,,,0.35560786724090576,3.987846101968666,,,,,,,,,,,,,,,2,2
2011-09-30 18:00:00+00:00,,,0.08320486545562744,-12.486274442569583,,,,,0.4747312068939209,2.450115064280974,,,,,,,,,,,,,,,5,3
2011-10-01 00:00:00+00:00,,,0.09935760498046875,0.09385910078783812,,,,,0.4081798791885376,2.994841266493925,,,,,,,,,,,,,,,4,3
2011-10-01 12:00:00+00:00,,,0.21948087215423584,-10.37737602699413,,,,,,,0.11013495922088623,-1.3405548160047793,,,,,,,,,,,,,3,3
2011-10-01 18:00:00+00:00,,,0.08787858486175537,0.07035244430478212,,,,,,,,,,,,,,,,,,,,,1,1
2011-10-02 00:00:00+00:00,,,0.2140575647354126,0.19555813866863583,,,,,,,,,,,,,,,,,,,,,1,1
2011-10-02 06:00:00+00:00,,,0.15785717964172363,0.5809974798656075,,,,,,,,,,,,,,,,,,,,,1,1
2011-10-02 12:00:00+00:00,,,0.16215312480926514,0.3542952696993063,,,,,,,,,,,,,,,,,,,,,1,1
2011-10-02 18:00:00+00:00,,,0.20542418956756592,0.3054608308424468,,,,,,,,,,,,,,,,,,,,,1,1
2011-10-03 00:00:00+00:00,,,0.09665751457214355,0.3827741013102011,,,,,,,,,,,,,,,,,,,,,1,1
2011-10-03 06:00:00+00:00,,,0.1312851905822754,0.5236475342738043,,,,,,,,,,,,,,,,,,,,,1,1
2011-10-03 12:00:00+00:00,,,0.19742131233215332,0.6704466652805556,,,,,,,,,,,,,,,,,,,,,1,1
2011-10-03 18:00:00+00:00,,,0.157384991645813,0.5401717308573771,,,,,,,,,,,,,,,,,,,,,2,1
2011-10-04 00:00:00+00:00,,,0.04765796661376953,1.7276823473498735,,,,,,,,,,,,,,,,,,,,,1,1
2011-10-04 06:00:00+00:00,,,0.04937326908111572,0.09202139483880464,,,,,,,,,,,,,,,,,,,,,1,1
2011-10-04 12:00:00+00:00,,,0.10506701469421387,-25.929633269964327,,,,,,,,,,,,,,,,,,,,,1,1
2011-10-06 00:00:00+00:00,,,0.10085189342498779,0.26839265454795597,,,,,,,,,,,0.6592860817909241,-4.6352655947430135,,,,,,,,,2,2
2011-10-06 06:00:00+00:00,,,0.0251845121383667,0.27332973645211933,,,,,,,,,,,0.669266015291214,-7.242333366708046,,,,,,,,,2,2
2011-10-06 12:00:00+00:00,,,0.09379637241363525,0.09936010630770103,,,,,,,,,,,0.7879461795091629,-4.672389673963495,,,,,,,,,2,2
2011-10-06 18:00:00+00:00,,,0.013808727264404297,0.028122855967636605,,,,,,,,,,,0.7859769314527512,-5.446670099174841,,,,,,,,,2,2
2011-10-07 00:00:00+00:00,,,,,0.08805012702941895,-0.12964882925956697,,,,,,,,,0.715490996837616,-10.955274167911918,,,,,,,,,2,2
2011-10-07 06:00:00+00:00,,,,,0.03468155860900879,-0.4104777076853439,,,,,,,,,0.6426972150802612,-4.851085186123204,,,0.42071425914764404,-0.3550950050241704,,,,,3,3
2011-10-07 12:00:00+00:00,,,,,0.2975199222564697,0.3127419771714812,,,,,,,,,0.7063428461551666,-7.333253278693932,,,0.2594013214111328,-0.15574239107099302,,,,,3,3
2011-10-07 18:00:00+00:00,,,,,0.0643535852432251,0.17530948879519084,,,,,,,,,0.7944585382938385,-6.31105992819635,,,0.46037018299102783,0.2618458269080646,,,,,3,3
2011-10-08 00:00:00+00:00,,,,,0.024127602577209473,0.27139268852750764,,,,,,,,,0.6031395792961121,-8.69757237628803,,,,,,,,,3,2
2011-10-08 06:00:00+00:00,,,,,0.13768965005874634,-0.6262350419140308,,,,,,,,,0.7518524378538132,-4.646673391709776,,,0.3057173490524292,0.36312874447287186,,,,,3,3
2011-10-08 12:00:00+00:00,,,,,0.08631551265716553,1.0661647692135923,,,,,,,,,0.7538516819477081,-6.712874566239815,,,0.19240844249725342,0.18102135181560178,,,,,3,3
2011-10-08 18:00:00+00:00,,,,,,,,,,,,,,,0.6551668643951416,-8.152873763940642,,,0.29942750930786133,0.6153284945914503,,,,,3,2
2011-10-09 00:00:00+00:00,,,,,,,,,,,,,,,0.7108010947704315,-3.1923236271015916,,,0.5415295362472534,-0.42608242471988833,,,,,3,2
2011-10-09 06:00:00+00:00,,,,,,,,,,,,,,,,,0.7808592021465302,-4.455999609451788,0.09050315618515015,0.21449347868173474,,,,,3,2
2011-10-09 12:00:00+00:00,,,,,0.45959311723709106,0.05822371304277377,,,,,,,,,,,0.4909266233444214,-3.0536913146537663,0.2784423828125,0.3490885818648544,,,,,3,3
2011-10-09 18:00:00+00:00,,,,,,,,,,,,,,,,,,,0.09176337718963623,0.02779250673267169,,,,,2,1
2011-10-10 00:00:00+00:00,,,,,0.09164690971374512,-0.5007241704878539,,,,,,,,,,,,,,,0.10932022333145142,-1.4444638946230555,,,2,2
2011-10-10 06:00:00+00:00,,,,,,,,,,,,,,,,,,,,,0.10578292608261108,-0.24014950905685054,,,1,1
2011-10-10 12:00:00+00:00,,,,,,,,,,,,,,,,,,,,,0.08838546276092529,-0.009273724293417916,,,1,1
2011-10-10 18:00:00+00:00,,,,,,,,,,,,,,,,,,,,,0.0870741605758667,-0.11966630512182755,,,1,1
2011-10-11 00:00:00+00:00,,,,,,,,,0.7844080179929733,-3.1863275046982262,,,,,,,,,,,0.10589218139648438,0.08145065033430234,,,2,2
2011-10-11 06:00:00+00:00,,,,,,,,,0.7393162846565247,-4.931276927756666,,,,,,,,,,,0.016623616218566895,-0.7746014927944673,,,2,2
2011-10-11 12:00:00+00:00,,,,,,,,,0.6436042487621307,-4.618960753298998,,,,,,,,,,,0.08750367164611816,-1.1228807009912172,,,3,3
2011-10-11 18:00:00+00:00,,,,,,,,,0.79291732609272,-5.396470542123746,,,,,,,,,,,0.035399556159973145,-0.02142699709158509,,,3,3
2011-10-12 00:00:00+00:00,,,,,,,,,0.7663984447717667,-5.641584787547307,,,,,,,,,,,0.08530998229980469,0.045256033154031844,,,3,3
2011-10-12 06:00:00+00:00,,,,,,,,,0.6791669428348541,-5.678753531529242,,,,,,,,,,,0.07115864753723145,-0.20823683563531786,,,3,3
2011-10-12 12:00:00+00:00,,,,,,,,,0.7199616730213165,-6.910219123541542,,,,,,,,,,,,,0.1672360897064209,0.334470604400916,3,3
2011-10-13 00:00:00+00:00,,,,,,,,,0.6133634448051453,-5.330700153642702,,,,,,,,,,,,,0.26843518018722534,-0.40106596773501624,2,2
2011-10-13 06:00:00+00:00,,,,,,,,,0.7627461701631546,-3.9214046622631353,,,,,,,,,,,,,0.11757755279541016,0.17830051607107134,3,2
2011-10-13 12:00:00+00:00,,,,,,,,,0.7380431890487671,-5.069320205862343,,,,,,,,,,,,,0.15691006183624268,0.4449445530005432,3,2
2011-10-13 18:00:00+00:00,,,,,,,,,0.644521951675415,-6.121540211147784,,,,,,,,,,,,,0.5811309814453125,-0.36880758821509785,2,2
2011-10-14 00:00:00+00:00,,,,,,,,,0.7209624648094177,-6.121099740792489,,,,,,,,,,,,,0.6363676190376282,-0.865908383666016,3,3
2011-10-14 06:00:00+00:00,,,,,,,,,0.6401724517345428,-6.140998156778397,,,,,,,,,,,,,0.37305986881256104,0.2496705305447684,2,2
2011-10-14 12:00:00+00:00,,,,,,,,,0.7701753973960876,-5.245232361484983,,,,,,,,,,,,,,,1,1
2011-10-14 18:00:00+00:00,,,,,,,,,,,0.7378364503383636,-3.6373302112818426,,,,,,,,,,,,,1,1
2011-10-15 00:00:00+00:00,,,,,,,,,,,0.5680088400840759,-1.3362002465654264,,,,,,,,,,,,,1,1
2011-10-15 06:00:00+00:00,,,,,,,,,,,0.3702812194824219,-0.9494261662783761,,,,,,,,,,,,,1,1
2011-10-15 12:00:00+00:00,,,,,,,,,,,,,,,,,,,,,,,,,0,0
2011-10-15 18:00:00+00:00,,,,,,,,,,,,,,,,,,,,,,,,,0,0
2011-10-16 00:00:00+00:00,,,,,,,,,,,,,,,,,,,,,,,,,0,0
2011-10-16 06:00:00+00:00,,,,,,,,,,,,,,,,,,,,,,,,,0,0
2011-10-16 12:00:00+00:00,,,,,,,,,,,,,,,,,,,,,,,,,0,0
2011-10-16 18:00:00+00:00,,,,,,,,,,,,,,,,,,,,,,,,,0,0
2011-10-17 00:00:00+00:00,,,,,,,,,,,,,,,,,,,,,,,,,0,0
2011-10-17 06:00:00+00:00,,,,,,,,,,,,,,,,,,,,,,,,,0,0
2011-10-17 12:00:00+00:00,,,,,,,,,,,,,,,,,,,,,,,,,1,0
2011-10-17 18:00:00+00:00,,,,,,,,,,,,,,,,,,,,,,,,,0,0
2011-10-18 00:00:00+00:00,0.23893487453460693,-1.171327245943187,,,,,,,,,,,,,,,,,,,,,,,1,1
2011-10-18 06:00:00+00:00,0.18649452924728394,-0.03907198711636537,,,,,,,,,,,,,,,,,,,,,,,1,1
2011-10-18 12:00:00+00:00,0.0900038480758667,-0.09358770747676826,,,,,,,,,,,,,,,,,,,,,,,1,1
2011-10-18 18:00:00+00:00,0.2746424674987793,0.13711041142385616,,,,,,,,,,,,,,,,,,,,,,,1,1
2011-10-19 00:00:00+00:00,0.1308056116104126,0.2645466347337516,,,,,,,,,,,,,,,,,,,,,,,1,1
2011-10-19 06:00:00+00:00,0.12429213523864746,0.3133558068002536,,,,,,,,,,,,,,,,,,,,,,,1,1
2011-10-19 12:00:00+00:00,0.0006638765335083008,0.17924497681546192,,,,,,,,,,,,,,,,,,,,,,,1,1
2011-10-20 00:00:00+00:00,,,0.2355208396911621,0.36539919222675404,,,,,,,,,,,,,,,,,,,,,1,1
2011-10-20 06:00:00+00:00,,,0.2747417688369751,0.7212848074033248,,,,,,,,,,,,,,,,,,,,,1,1
2011-10-20 12:00:00+00:00,,,0.09057629108428955,0.39843465153657404,,,,,,,,,,,,,,,,,,,,,1,1
2011-10-20 18:00:00+00:00,,,0.1235189437866211,0.6064720182762571,,,,,,,,,,,,,,,,,,,,,1,1
2011-10-21 00:00:00+00:00,0.09603762626647949,1.3954051561319714,0.6622402667999268,-1.8197218377676747,,,,,,,,,,,,,,,,,,,,,2,2
2011-10-21 06:00:00+00:00,,,0.040174007415771484,0.44353893205627004,,,,,,,,,,,,,,,,,,,,,1,1
2011-10-21 12:00:00+00:00,0.07769107818603516,-0.14513291257184485,0.06037789583206177,0.1404977626762227,,,0.15488463640213013,0.3046986318271517,,,,,,,,,,,,,,,,,3,3
2011-10-21 18:00:00+00:00,0.009099781513214111,-18.71009062763133,0.26759839057922363,-0.14632418717131748,,,0.3200916051864624,0.3883347538984026,,,,,,,,,,,,,,,,,3,3
2011-10-22 00:00:00+00:00,0.19113266468048096,0.9551554671987216,,,,,0.22106921672821045,0.9603372097775055,,,,,,,,,,,,,,,,,2,2
2011-10-22 06:00:00+00:00,0.07041847705841064,-0.05594783901605451,,,,,0.2434840202331543,1.1839316281935053,,,,,,,,,,,,,,,,,2,2
2011-10-22 12:00:00+00:00,0.13519322872161865,0.2799443669045489,0.1341627836227417,-0.27595919707337335,,,0.4173619747161865,0.5180743355648281,,,,,,,,,,,,,,,,,3,3
2011-10-22 18:00:00+00:00,0.09160113334655762,-0.13915142915379897,0.48063230514526367,-0.17404102729435592,,,0.33640551567077637,2.2081313585247804,,,,,,,,,,,,,,,,,3,3
2011-10-23 00:00:00+00:00,0.20899128913879395,0.7035205032920712,0.4633234739303589,0.5682138141163209,,,0.24880433082580566,0.8182004159842474,,,,,,,,,,,,,,,,,3,3
2011-10-23 06:00:00+00:00,0.20246505737304688,0.23459956139046526,,,,,0.27971601486206055,0.9352139418648234,,,,,,,,,,,,,,,,,2,2
2011-10-23 12:00:00+00:00,0.003819763660430908,0.5955655516863674,,,,,0.21252155303955078,1.7351312040885623,,,,,,,,,,,,,,,,,2,2
2011-10-23 18:00:00+00:00,0.03361225128173828,-0.1437790183926062,,,,,0.4324914216995239,2.357486842391761,,,,,,,,,,,,,,,,,2,2
2011-10-24 00:00:00+00:00,,,0.12545430660247803,3.0202113329736053,,,0.3783622980117798,5.220495947368476,,,,,,,,,,,,,,,,,3,2
2011-10-24 06:00:00+00:00,,,0.11122596263885498,0.10548658673335358,,,0.4430140256881714,2.852062740812387,,,,,,,,,,,,,,,,,3,2
2011-10-24 12:00:00+00:00,0.982611894607544,3.407662897833228,0.10138118267059326,0.6364615396608654,,,0.4537128210067749,8.467070183281884,,,,,,,,,,,,,,,,,3,3
2011-10-24 18:00:00+00:00,0.20948362350463867,-0.21231735796377776,0.10805130004882812,0.2896436296066555,,,,,0.35968220233917236,6.617415300356292,,,,,,,,,,,,,,,3,3
2011-10-25 00:00:00+00:00,,,0.24986493587493896,-26.746181293158767,,,,,0.33334624767303467,6.475343823734725,,,,,,,,,,,,,,,2,2
2011-10-25 06:00:00+00:00,,,0.2673071026802063,-26.813622320228728,,,,,0.27371740341186523,2.7497953741350014,,,,,,,,,,,,,,,2,2
2011-10-25 12:00:00+00:00,,,0.05451667308807373,1.8301278311947553,,,,,0.2169628143310547,2.2352438078757357,,,,,,,,,,,,,,,2,2
2011-10-25 18:00:00+00:00,,,0.3131982088088989,29.74044587519967,,,,,0.30793464183807373,-0.21900406348019952,,,,,,,,,,,,,,,2,2
2011-10-26 00:00:00+00:00,,,0.08221304416656494,0.08391200284692503,,,,,0.1564040184020996,2.510905571275785,,,,,,,,,,,,,,,2,2
2011-10-26 06:00:00+00:00,,,0.04845261573791504,-0.06282136801324556,,,,,0.14046502113342285,1.53599269097377,,,,,,,,,,,,,,,3,2
2011-10-26 12:00:00+00:00,,,0.0612940788269043,0.5369584262846738,,,,,0.03278851509094238,0.11665084913761595,,,,,,,,,,,,,,,2,2
2011-10-26 18:00:00+00:00,,,0.08719003200531006,-0.00014289981774124992,,,,,0.26180481910705566,1.3611814191470644,,,,,,,,,,,,,,,2,2
2011-10-27 00:00:00+00:00,,,0.18775463104248047,0.19577196555360027,,,,,,,,,,,,,,,,,,,,,1,1
2011-10-27 06:00:00+00:00,,,0.040524959564208984,0.5945683453089619,,,,,,,,,,,,,,,,,,,,,1,1
2011-10-27 12:00:00+00:00,,,0.12157893180847168,0.1903399709486535,,,,,,,,,,,,,,,,,,,,,1,1
2011-10-27 18:00:00+00:00,,,0.08255541324615479,0.545764601170907,,,,,,,,,,,,,,,,,,,,,1,1
2011-10-28 00:00:00+00:00,,,0.050623416900634766,1.1261508403192073,,,,,,,,,,,,,,,,,,,,,1,1
2011-10-28 06:00:00+00:00,,,0.1316133737564087,0.3476860822637202,,,,,,,,,,,,,,,,,,,,,1,1
2011-10-28 12:00:00+00:00,,,0.0524669885635376,0.20895781408529182,,,,,,,,,,,,,,,,,,,,,1,1
2011-10-28 18:00:00+00:00,,,0.0690838098526001,-10.083754371798653,,,,,,,,,,,,,,,,,,,,,1,1
2011-10-29 00:00:00+00:00,,,0.12083733081817627,0.3804562888584683,,,,,,,,,,,,,,,,,,,,,1,1
2011-10-29 06:00:00+00:00,,,0.0641404390335083,0.3330231505185301,,,,,,,,,,,,,,,,,,,,,1,1
2011-10-29 12:00:00+00:00,,,0.13083529472351074,0.6078465113845166,,,,,,,,,,,,,,,,,,,,,1,1
2011-10-29 18:00:00+00:00,,,0.08365952968597412,0.17982736759337298,,,,,,,,,,,,,,,,,,,,,1,1
2011-10-30 00:00:00+00:00,,,0.06738245487213135,0.2546254192617364,,,,,,,,,,,,,,,,,,,,,1,1
2011-10-30 06:00:00+00:00,,,0.08164322376251221,0.16879185758336873,,,,,,,,,,,,,,,,,,,,,1,1
2011-10-30 12:00:00+00:00,,,0.2579575181007385,-38.65253254709702,,,,,,,,,,,,,,,,,,,,,2,1
2011-10-30 18:00:00+00:00,,,0.10172390937805176,-0.14009341940090628,,,,,,,,,,,,,,,,,,,,,1,1
2011-10-31 00:00:00+00:00,,,0.042923927307128906,0.40885032038352376,,,,,,,,,,,,,,,0.03412914276123047,-0.29435452783033556,,,,,2,2
2011-10-31 06:00:00+00:00,,,0.07132172584533691,0.8619394559956917,,,,,,,,,,,,,,,0.28874123096466064,-0.24910454077132704,,,,,2,2
2011-10-31 12:00:00+00:00,,,0.0715179443359375,-0.5676202825310831,,,,,,,,,,,,,,,0.3550823926925659,0.05064074580987411,,,,,2,2
2011-10-31 18:00:00+00:00,,,0.05039799213409424,-0.4047088179281703,,,,,,,,,,,,,,,0.02115023136138916,-0.3442201260875555,,,,,2,2
2011-11-01 00:00:00+00:00,,,0.07744801044464111,0.19514686491583363,,,,,,,,,,,,,,,0.20941859483718872,-0.30662136714238714,,,0.486763060092926,0.31442638209797535,3,3
2011-11-01 06:00:00+00:00,,,0.11912930011749268,2.801360926280888,,,,,,,,,,,,,,,0.2389034628868103,-0.3999261169872647,,,0.05247616767883301,0.4681872284331705,3,3
2011-11-01 12:00:00+00:00,,,0.0907135009765625,-0.06598833898636712,,,,,,,,,,,,,,,0.15817588567733765,-0.15136706799444916,,,0.8589301109313965,0.7621185850563515,3,3
2011-11-01 18:00:00+00:00,,,0.13013875484466553,0.30084051441906384,,,,,,,,,,,,,,,0.1673070192337036,0.01018093248573821,,,0.37700754404067993,-0.4432529009665611,3,3
2011-11-02 00:00:00+00:00,,,0.14089691638946533,3.2753933018134016,,,,,0.6196295022964478,3.081609424340173,,,,,,,,,0.04016596078872681,-9.727479466529436,,,,,3,3
2011-11-02 06:00:00+00:00,0.623975396156311,0.6848654136687653,0.24479365348815918,0.9330640416608396,,,,,0.570245623588562,2.6094451556854277,,,,,,,,,0.0802648663520813,-0.4320455516893039,,,0.30529916286468506,-1.393439096639666,6,6
2011-11-02 12:00:00+00:00,0.2780179977416992,-0.3004897133671744,0.17821192741394043,1.8487390192351607,,,,,0.3191509246826172,2.1482286971480153,,,,,,,,,0.120525062084198,-0.4783716277311528,,,0.4299966096878052,-1.2736575573758762,6,6
2011-11-02 18:00:00+00:00,0.07463759183883667,0.18948058697054349,0.1452394723892212,0.9209237607006273,,,,,0.2667502164840698,0.9028702085342799,,,,,,,,,0.13674837350845337,-1.0286953375813712,,,0.03791666030883789,-0.5238946027468384,7,6
2011-11-03 00:00:00+00:00,,,0.14707791805267334,1.325815039996596,,,,,0.4618721008300781,5.68975947627636,,,,,,,,,0.15606528520584106,-0.6176063080968053,,,0.40083247423171997,-0.6801139853681114,4,4
2011-11-03 06:00:00+00:00,,,0.10726499557495117,0.6242450407400678,,,,,,,,,,,,,,,0.18618863821029663,-0.27821473441611333,,,0.13762283325195312,-0.015248494215265484,3,3
2011-11-03 12:00:00+00:00,,,0.1072767972946167,0.2005554259152295,0.22676622867584229,3.0583093915392623,,,,,,,,,,,,,0.117037832736969,-0.17493589952210842,,,0.07251977920532227,1.0458501143995262,4,4
2011-11-03 18:00:00+00:00,,,0.11330246925354004,0.7439000752310172,0.08708310127258301,0.12735325588321253,,,,,,,,,,,,,0.022319674491882324,0.5493610008419101,,,0.3101785182952881,-0.4704699414244395,4,4
2011-11-04 00:00:00+00:00,,,0.1639794111251831,0.32601236986179893,0.10065460205078125,4.910179643817776,,,,,,,,,,,,,0.2126561999320984,0.5334506660427656,0.02641928195953369,-0.1867143787280997,,,7,6
2011-11-04 06:00:00+00:00,,,0.13316690921783447,0.5716123821496795,0.24458599090576172,0.8512277680457714,,,,,,,,,,,,,0.2265934944152832,-0.5964894329381688,0.2052019238471985,-9.775656600213818,0.4979051351547241,1.51121341764646,7,7
2011-11-04 12:00:00+00:00,,,0.09640169143676758,0.9356698685839946,0.09852522611618042,0.1881574776724982,,,,,,,,,,,,,0.2425673007965088,-0.21473620176399957,0.11049306392669678,-1.892831834694378,,,7,6
2011-11-04 18:00:00+00:00,,,0.1880354881286621,0.8935074491107835,0.051082491874694824,-0.6487924856975158,,,,,0.0628083348274231,-0.4393617107521561,,,,,,,0.45307230949401855,-0.27315375643261414,0.11425846815109253,-0.282185839214649,,,7,6
2011-11-05 00:00:00+00:00,,,0.16036522388458252,0.5978986624756324,0.3119097948074341,-0.7569942598469394,,,,,,,,,,,,,,,0.19402366876602173,0.0359820147979733,,,7,6
2011-11-05 06:00:00+00:00,,,0.18597733974456787,0.2467341809388676,,,,,,,,,,,,,,,0.605787068605423,0.3565398457897352,0.2369632124900818,-0.3311689627377751,,,5,4
2011-11-05 12:00:00+00:00,,,0.1950467824935913,-0.03937089357021301,0.38022637367248535,-0.9408190485870606,,,,,,,,,,,,,,,0.2434120774269104,-0.39013161167492777,,,4,3
2011-11-05 18:00:00+00:00,,,0.11594676971435547,-0.08410357600684579,,,,,,,,,,,,,,,0.542186051607132,-0.31617368497418524,0.2006475329399109,0.1260725291762974,,,5,4
2011-11-06 00:00:00+00:00,,,0.24164819717407227,-0.0644243077636141,,,,,,,,,,,,,,,,,0.4379664659500122,-0.08949836167698517,,,3,3
2011-11-06 06:00:00+00:00,,,0.009723305702209473,0.1323530726118685,,,,,,,,,,,,,,,,,0.05845606327056885,-0.1803749749268511,,,2,2
2011-11-06 12:00:00+00:00,,,0.1435178518295288,0.6274255463270659,,,,,,,,,,,,,,,,,0.1520078182220459,-0.2605516029721213,,,2,2
2011-11-06 18:00:00+00:00,,,,,0.09800326824188232,0.6847060289335125,,,,,,,,,,,,,,,,,0.007217228412628174,0.1371840737754311,2,2
2011-11-07 00:00:00+00:00,,,,,0.11776018142700195,1.4653967181791292,,,,,,,,,,,,,,,,,0.20863032341003418,-0.5436793283768295,2,2
2011-11-07 06:00:00+00:00,,,,,0.20022809505462646,2.2423154361801014,,,,,,,,,,,,,,,,,0.027163445949554443,-0.5066455691886645,3,2
2011-11-07 12:00:00+00:00,,,,,0.15010857582092285,-0.0014699177940923783,,,,,,,,,,,,,,,,,0.20261847972869873,-0.11065555166103125,4,3
2011-11-07 18:00:00+00:00,,,,,0.22104322910308838,-0.6041116312598865,,,,,,,,,,,,,,,,,0.2099144458770752,-0.16510671854793096,2,2
2011-11-08 00:00:00+00:00,,,,,0.3041602373123169,0.5848883103970303,,,,,,,,,,,,,,,,,0.4683029055595398,0.058166144102898755,2,2
2011-11-08 06:00:00+00:00,,,,,,,,,,,,,,,,,,,,,,,0.06700742244720459,0.6184920494693176,1,1
2011-11-08 12:00:00+00:00,,,,,,,,,,,,,,,,,,,,,,,,,0,0
2011-11-08 18:00:00+00:00,,,,,,,,,,,,,,,,,,,,,,,,,0,0
2011-11-09 00:00:00+00:00,,,,,,,,,,,,,,,,,,,,,,,,,0,0
2011-11-09 06:00:00+00:00,,,,,,,,,,,,,,,,,,,,,,,0.20594215393066406,0.457457185432312,1,1
2011-11-09 12:00:00+00:00,,,,,,,,,,,,,,,,,,,,,,,0.3968644142150879,0.45199735021560555,1,1
2011-11-09 18:00:00+00:00,,,,,,,,,,,,,,,,,,,,,,,0.272363543510437,-0.18808864594751148,1,1
2011-11-10 00:00:00+00:00,,,,,,,,,,,,,,,,,,,,,,,,,0,0
2011-11-10 06:00:00+00:00,,,,,,,,,,,,,,,,,,,,,,,,,0,0
2011-11-10 12:00:00+00:00,,,,,,,,,,,,,,,,,,,,,,,,,0,0
2011-11-10 18:00:00+00:00,,,,,,,,,,,,,,,,,,,,,,,,,0,0
2011-11-11 00:00:00+00:00,,,,,,,,,,,,,,,,,,,,,,,,,0,0
2011-11-11 06:00:00+00:00,,,,,,,,,,,,,,,,,,,,,,,,,0,0
2011-11-11 12:00:00+00:00,,,,,,,,,,,,,,,,,,,,,,,,,0,0
2011-11-11 18:00:00+00:00,,,,,,,,,,,,,,,,,,,,,,,,,0,0
2011-11-12 00:00:00+00:00,,,,,,,,,,,,,,,,,,,,,,,,,0,0
2011-11-12 06:00:00+00:00,,,,,,,,,,,,,,,,,,,,,,,,,0,0
2011-11-12 12:00:00+00:00,,,,,,,,,,,,,,,,,,,,,,,,,0,0
2011-11-12 18:00:00+00:00,,,,,,,,,,,,,,,,,,,,,,,,,0,0
2011-11-13 00:00:00+00:00,,,,,,,,,,,,,,,,,,,,,,,,,0,0
2011-11-13 06:00:00+00:00,,,,,,,,,,,,,,,,,,,,,,,,,0,0
2011-11-13 12:00:00+00:00,,,,,,,,,,,,,,,,,,,,,,,,,0,0
2011-11-13 18:00:00+00:00,,,,,,,,,,,,,,,,,,,,,,,,,0,0
2011-11-14 00:00:00+00:00,,,,,,,,,,,,,,,,,,,,,,,,,0,0
2011-11-14 06:00:00+00:00,,,,,,,,,,,,,,,,,,,,,,,,,0,0
2011-11-14 12:00:00+00:00,,,,,,,,,,,,,,,,,,,,,,,,,0,0
2011-11-14 18:00:00+00:00,,,,,,,,,,,,,,,,,,,,,,,,,0,0
2011-11-15 00:00:00+00:00,,,,,,,,,,,,,,,,,,,,,,,,,0,0
2011-11-15 06:00:00+00:00,,,,,,,,,,,,,,,,,,,,,,,,,0,0
2011-11-15 12:00:00+00:00,,,,,,,,,,,,,,,,,,,,,,,,,0,0
2011-11-15 18:00:00+00:00,,,,,,,,,,,,,,,,,,,,,,,,,0,0
2011-11-16 00:00:00+00:00,,,,,,,,,,,,,,,,,,,,,,,,,0,0
2011-11-16 06:00:00+00:00,,,,,,,,,,,,,,,,,,,,,,,,,0,0
2011-11-16 12:00:00+00:00,,,,,,,,,,,,,,,,,,,,,,,,,0,0
2011-11-16 18:00:00+00:00,,,,,,,,,,,,,,,,,,,,,,,,,0,0
2011-11-17 00:00:00+00:00,,,,,,,,,,,,,,,,,,,,,,,,,0,0
2011-11-17 06:00:00+00:00,,,,,,,,,,,,,,,,,,,,,,,,,0,0
2011-11-17 12:00:00+00:00,,,,,,,,,,,,,,,,,,,,,,,,,0,0
2011-11-17 18:00:00+00:00,,,,,,,,,,,,,,,,,,,,,,,,,0,0
2011-11-18 00:00:00+00:00,,,,,,,,,,,,,,,,,,,,,,,,,0,0
2011-11-18 06:00:00+00:00,,,,,,,,,,,,,,,,,,,,,,,,,0,0
2011-11-18 12:00:00+00:00,,,,,,,,,,,,,,,,,,,,,,,,,0,0
2011-11-18 18:00:00+00:00,,,,,,,,,,,,,,,,,,,,,,,,,0,0
2011-11-19 00:00:00+00:00,,,,,,,,,,,,,,,,,,,,,,,,,0,0
2011-11-19 06:00:00+00:00,,,,,,,,,,,,,,,,,,,,,,,,,0,0
2011-11-19 12:00:00+00:00,,,,,,,,,,,,,,,,,,,,,,,,,0,0
2011-11-19 18:00:00+00:00,,,,,,,,,,,,,,,,,,,,,,,,,0,0
2011-11-20 00:00:00+00:00,,,,,,,,,,,,,,,,,,,,,,,,,0,0
2011-11-20 06:00:00+00:00,,,,,,,,,,,,,,,,,,,,,,,,,0,0
2011-11-20 12:00:00+00:00,,,,,,,,,,,,,,,,,,,,,,,,,0,0
2011-11-20 18:00:00+00:00,,,,,,,,,,,,,,,,,,,,,,,,,0,0
2011-11-21 00:00:00+00:00,,,,,,,,,,,,,,,,,,,,,,,,,0,0
2011-11-21 06:00:00+00:00,,,,,,,,,,,,,,,,,,,,,,,,,0,0
2011-11-21 12:00:00+00:00,,,,,,,,,,,,,,,,,,,,,,,,,0,0
2011-11-21 18:00:00+00:00,,,,,,,,,,,,,,,,,,,,,,,,,0,0
2011-11-22 00:00:00+00:00,,,,,,,,,,,,,,,,,,,,,,,,,0,0
2011-11-22 06:00:00+00:00,,,,,,,,,,,,,,,,,,,,,,,,,0,0
2011-11-22 12:00:00+00:00,,,,,,,,,,,,,,,,,,,,,,,,,0,0
2011-11-22 18:00:00+00:00,0.19218933582305908,-0.1925006033498894,,,,,,,,,,,,,,,,,,,,,,,1,1
2011-11-23 00:00:00+00:00,0.07601010799407959,0.09865432809473947,,,,,,,,,,,,,,,,,,,,,,,1,1
2011-11-23 06:00:00+00:00,0.20526766777038574,0.6634385338094411,,,,,0.631928563117981,-0.09941028066252336,,,,,,,,,,,,,,,,,2,2
2011-11-23 12:00:00+00:00,0.12401783466339111,0.019829319601155863,,,,,0.06659770011901855,0.31285723902930673,,,,,,,,,,,,,,,,,2,2
2011-11-23 18:00:00+00:00,0.12889283895492554,-0.3234885259670811,,,,,0.38689184188842773,0.5256457574951954,,,,,,,,,,,,,,,,,2,2
2011-11-24 00:00:00+00:00,0.081898033618927,0.10451379886864687,,,,,0.4694643020629883,0.5074717809008362,,,,,,,,,,,,,,,,,2,2
2011-11-24 06:00:00+00:00,0.09625601768493652,1.0097040471043026,,,,,0.3003197908401489,2.292586451921205,,,,,,,,,,,,,,,,,2,2
2011-11-24 12:00:00+00:00,0.24513185024261475,0.2858588929796677,,,,,0.2652416229248047,2.706505789788751,,,,,,,,,,,,,,,,,2,2
2011-11-24 18:00:00+00:00,0.12477254867553711,0.5562484159304845,,,,,0.3621218204498291,2.875890134845014,,,,,,,,,,,,,,,,,2,2
2011-11-25 00:00:00+00:00,0.0860518217086792,1.2295895927825617,,,,,0.3256402015686035,2.2696110139440977,,,,,,,,,,,,,,,,,2,2
2011-11-25 06:00:00+00:00,0.1213001012802124,0.8960106766258431,,,,,0.4804244041442871,3.7076551137734195,,,,,,,,,,,,,,,,,2,2
2011-11-25 12:00:00+00:00,,,0.16497206687927246,1.8460853219277091,,,0.4428333044052124,1.439644849845516,,,,,,,,,,,,,,,,,2,2
2011-11-25 18:00:00+00:00,,,0.15941059589385986,6.743055539311294,,,0.5269949436187744,2.924212399077021,,,,,,,,,,,,,,,,,2,2
2011-11-26 00:00:00+00:00,,,0.1513582468032837,3.907438861055372,,,0.4807913303375244,1.86550075834467,,,,,,,,,,,,,,,,,2,2
2011-11-26 06:00:00+00:00,,,0.19020295143127441,3.661218848645755,,,0.4845939874649048,2.285357422944299,,,,,,,,,,,,,,,,,2,2
2011-11-26 12:00:00+00:00,,,0.21339762210845947,2.0958720987332318,,,0.4550812244415283,3.7570093228602,,,,,,,,,,,,,,,,,2,2
2011-11-26 18:00:00+00:00,,,0.14549016952514648,4.123750265987885,,,,,0.35371553897857666,7.901918892857475,,,,,,,,,,,,,,,2,2
2011-11-27 00:00:00+00:00,0.13469922542572021,1.1750304778871947,,,,,0.16855943202972412,4.94855465433333,0.4735618829727173,3.7546944139787173,,,,,,,,,,,,,,,4,4
2011-11-27 06:00:00+00:00,,,0.1423962116241455,2.555897045590685,,,0.20445549488067627,0.8218791080633534,0.2108297348022461,1.880061859309201,,,,,,,,,,,,,,,6,6
2011-11-27 12:00:00+00:00,,,0.20868134498596191,26.824837586480154,,,0.04243898391723633,0.06025964655903727,0.08100783824920654,-0.23583528170514556,,,,,,,,,,,,,,,6,6
2011-11-27 18:00:00+00:00,,,0.2141784429550171,-0.307738665307241,,,0.009823083877563477,-0.25571361069823223,0.3971041440963745,2.5855768138166346,,,,,,,,,,,,,,,8,8
2011-11-28 00:00:00+00:00,,,0.06134521961212158,-30.636214075978284,,,,,0.5718923807144165,3.536631965556313,,,,,,,,,,,,,,,6,6
2011-11-28 06:00:00+00:00,,,0.18061590194702148,29.875474033958017,,,,,0.11814439296722412,1.8419314150438484,,,,,,,,,,,,,,,4,4
2011-11-28 12:00:00+00:00,,,0.0216372013092041,-43.2760927872248,,,,,0.3992345333099365,0.395734125919044,,,,,,,,,,,,,,,3,3
2011-11-28 18:00:00+00:00,,,0.1003565788269043,0.5626799460099896,,,,,0.09526431560516357,0.7554131488428409,,,,,,,,,,,,,,,2,2
2011-11-29 00:00:00+00:00,,,0.000977635383605957,-44.09556088120315,0.394062876701355,0.3529896598787062,,,,,0.01378929615020752,0.19692582412788084,,,,,,,,,,,,,3,3
2011-11-29 06:00:00+00:00,,,0.05789065361022949,-47.739982247526164,,,,,0.352298378944397,0.6595369672327627,0.19709885120391846,0.7932693628713142,,,,,,,,,,,,,3,3
2011-11-29 12:00:00+00:00,,,0.15487802028656006,0.8087763369238831,,,,,0.5601025819778442,5.044877112797093,,,,,,,,,,,,,,,2,2
2011-11-29 18:00:00+00:00,,,0.18604910373687744,0.6336928421263786,,,,,0.4275113344192505,3.5171372316835114,0.12629175186157227,0.713581826948972,,,,,,,,,,,,,3,3
2011-11-30 00:00:00+00:00,,,0.18084251880645752,1.3219079934411266,,,,,0.4554924964904785,2.580177429165953,0.0632554292678833,0.011441152821577155,,,,,,,,,,,,,3,3
2011-11-30 06:00:00+00:00,,,0.1882108449935913,2.6892680645383806,0.0785757303237915,0.20475389763785276,,,0.46308350563049316,8.328522763031172,0.43375158309936523,0.44741329900252724,,,,,,,,,,,,,4,4
2011-11-30 12:00:00+00:00,,,0.17488694190979004,0.7826594003359438,,,,,0.43920040130615234,5.581786358956496,,,,,,,,,,,,,,,2,2
2011-11-30 18:00:00+00:00,,,0.14010488986968994,1.782312919752531,0.330346941947937,0.15356120443613103,,,0.26551926136016846,4.749102878896438,,,,,,,,,,,,,,,3,3
2011-12-01 00:00:00+00:00,,,0.12584269046783447,3.921079828398915,0.4149050712585449,-0.38089097507071723,,,0.3172323703765869,4.296314253389691,0.4787091016769409,-0.11110665668511589,,,,,,,,,,,,,5,5
2011-12-01 06:00:00+00:00,,,0.20214831829071045,1.4582634278545337,0.4851032495498657,0.44218483803412517,,,0.23935043811798096,2.088138080271156,,,,,,,,,,,,,,,4,4
2011-12-01 12:00:00+00:00,,,0.18814575672149658,1.9164537041206862,,,,,0.22118544578552246,2.0634516978744095,,,,,,,,,,,,,,,3,3
2011-12-01 18:00:00+00:00,,,0.1468658447265625,0.7772567675937706,,,,,0.17946505546569824,3.9899547807780396,0.35113346576690674,5.1132340760871555,,,,,,,,,,,,,3,3
2011-12-02 00:00:00+00:00,,,0.15062403678894043,2.3684264561724575,,,,,0.4132329225540161,3.257236836247093,0.272991418838501,2.7296032436413458,,,,,,,,,,,,,3,3
2011-12-02 06:00:00+00:00,,,0.1734452247619629,2.7734035252824474,,,,,0.46679818630218506,4.799396853223431,0.10377144813537598,1.0633787995797368,,,,,,,,,,,,,3,3
2011-12-02 12:00:00+00:00,,,0.15252149105072021,0.7688699166865017,,,,,0.19777506589889526,-3.64501526300892,0.1351407766342163,1.7547760305962792,,,,,,,,,,,,,3,3
2011-12-02 18:00:00+00:00,,,0.1573554277420044,0.5578344632237684,,,,,0.08309918642044067,1.224818065602337,0.16981351375579834,5.441255053376436,,,,,,,,,,,,,4,4
2011-12-03 00:00:00+00:00,,,0.15429341793060303,0.7033180917141209,,,,,,,0.24682235717773438,0.6326236902228682,,,,,,,,,,,,,5,5
2011-12-03 06:00:00+00:00,,,0.17451739311218262,0.2689521467889607,,,,,0.38379740715026855,-0.3716009438930751,0.08059418201446533,0.08539482260257988,,,,,,,,,,,,,6,6
2011-12-03 12:00:00+00:00,,,0.06403398513793945,2.888463545490785,,,,,,,0.41663146018981934,1.8193690910928768,,,,,,,,,,,,,4,4
2011-12-03 18:00:00+00:00,,,0.12087106704711914,0.9193362672697841,0.25184470415115356,2.14898145144793,,,,,0.3789321184158325,0.25526834879079957,,,,,,,,,,,,,4,4
2011-12-04 00:00:00+00:00,,,0.15968561172485352,1.7600565530903856,,,,,,,0.07658505439758301,-0.007026947133328386,,,,,,,,,,,,,3,3
2011-12-04 06:00:00+00:00,,,0.2301560640335083,2.0500002504017054,,,,,,,0.4442164897918701,0.06380197643096039,,,,,,,,,,,,,2,2
2011-12-04 12:00:00+00:00,,,0.019105195999145508,0.6253341315742459,,,,,,,,,,,,,,,,,,,,,1,1
2011-12-04 18:00:00+00:00,,,,,0.005899906158447266,0.06355626539693443,,,,,,,,,,,,,,,,,,,1,1
2011-12-05 00:00:00+00:00,,,,,0.21212530136108398,0.10861326468785708,,,,,,,,,,,,,,,,,,,1,1
2011-12-05 06:00:00+00:00,,,0.7439867258071899,0.9884077214583956,0.06967926025390625,0.11032958293486476,,,,,,,,,,,,,,,,,,,2,2
2011-12-05 12:00:00+00:00,,,,,0.463802695274353,-0.14416423292131625,,,,,,,,,,,,,,,,,,,1,1
2011-12-05 18:00:00+00:00,,,,,0.024199366569519043,0.19501668501291755,,,,,,,,,,,,,,,,,,,2,1
2011-12-06 00:00:00+00:00,,,,,0.23067891597747803,0.4635550270007332,,,,,,,,,,,,,,,,,,,1,1
2011-12-06 06:00:00+00:00,,,,,,,,,,,,,,,,,,,,,,,,,0,0
2011-12-06 12:00:00+00:00,,,,,,,,,,,,,,,,,,,,,,,,,0,0
2011-12-06 18:00:00+00:00,,,,,,,,,,,,,,,,,,,0.4095485210418701,0.63267869630776,,,,,1,1
2011-12-07 00:00:00+00:00,,,,,,,,,,,,,,,,,,,,,,,,,0,0
2011-12-07 06:00:00+00:00,,,,,,,,,,,,,,,,,,,,,0.12962841987609863,-0.08079192226871906,,,1,1
2011-12-07 12:00:00+00:00,,,,,,,,,,,,,,,,,,,,,,,,,1,0
2011-12-07 18:00:00+00:00,,,,,,,,,,,,,,,,,,,0.6683861315250397,0.4290453773283424,,,,,1,1
2011-12-08 00:00:00+00:00,,,,,,,,,,,,,,,,,,,0.4116940498352051,-0.2842207451815856,,,,,1,1
2011-12-08 06:00:00+00:00,,,,,,,,,,,,,,,,,,,,,0.19606781005859375,-0.035391626480958095,,,1,1
2011-12-08 12:00:00+00:00,,,,,,,,,,,,,,,,,,,,,0.1655498743057251,1.831229097672623,,,1,1
2011-12-08 18:00:00+00:00,,,,,,,,,,,,,,,,,,,,,0.05033987760543823,0.1847027652673585,,,1,1
2011-12-09 00:00:00+00:00,,,,,,,,,,,,,,,,,,,,,0.11310446262359619,-0.08059672595700737,,,1,1
2011-12-09 06:00:00+00:00,,,,,,,,,,,,,,,,,,,,,0.09809046983718872,0.16971813153629872,,,1,1
2011-12-09 12:00:00+00:00,,,,,,,,,,,,,,,,,,,,,,,0.14263254404067993,-0.2663388759723941,1,1
2011-12-09 18:00:00+00:00,,,,,,,,,,,,,,,,,,,,,,,0.21943241357803345,0.17975773983478582,1,1
2011-12-10 00:00:00+00:00,,,,,,,,,,,,,,,,,,,,,0.13761472702026367,-0.2512146175379702,0.2492210865020752,0.4543796383521996,2,2
2011-12-10 06:00:00+00:00,,,,,,,,,,,,,,,,,,,,,,,0.05429494380950928,-0.23544853949913527,2,2
2011-12-10 12:00:00+00:00,,,,,,,,,,,,,,,,,,,,,,,0.36925625801086426,-0.24151139191135776,3,2
2011-12-10 18:00:00+00:00,,,,,,,,,,,,,,,,,,,,,,,0.3609159588813782,0.34286557610963553,2,1
2011-12-11 00:00:00+00:00,,,,,,,,,,,,,,,,,,,,,,,,,0,0
2011-12-11 06:00:00+00:00,,,,,,,,,,,,,,,,,,,,,,,,,1,0
2011-12-11 12:00:00+00:00,,,,,,,,,,,,,,,,,,,,,,,,,1,0
2011-12-11 18:00:00+00:00,,,,,,,,,,,,,,,,,,,,,,,,,1,0
2011-12-12 00:00:00+00:00,,,,,,,,,,,,,,,,,,,,,,,,,1,0
2011-12-12 06:00:00+00:00,,,,,,,,,,,,,,,,,,,,,,,,,1,0
2011-12-12 12:00:00+00:00,,,,,,,,,,,,,,,,,,,,,,,,,0,0
2011-12-12 18:00:00+00:00,,,,,,,,,,,,,,,,,,,,,,,,,0,0
2011-12-13 00:00:00+00:00,,,,,,,,,,,,,,,,,,,,,,,,,0,0
2011-12-13 06:00:00+00:00,,,,,,,,,,,,,,,,,,,,,,,,,0,0
2011-12-13 12:00:00+00:00,,,,,,,,,,,,,,,,,,,,,,,,,0,0
2011-12-13 18:00:00+00:00,,,,,,,,,,,,,,,,,,,,,,,,,0,0
2011-12-14 00:00:00+00:00,,,,,,,,,,,,,,,,,,,,,,,,,0,0
2011-12-14 06:00:00+00:00,,,,,,,,,,,,,,,,,,,,,,,,,0,0
2011-12-14 12:00:00+00:00,,,,,,,,,,,,,,,,,,,,,,,,,0,0
2011-12-14 18:00:00+00:00,,,,,,,,,,,,,,,,,,,,,,,,,0,0
2011-12-15 00:00:00+00:00,,,,,,,,,,,,,,,,,,,,,,,,,0,0
2011-12-15 06:00:00+00:00,,,,,,,,,,,,,,,,,,,,,,,,,0,0
2011-12-15 12:00:00+00:00,,,,,,,,,,,,,,,,,,,,,,,,,0,0
2011-12-15 18:00:00+00:00,,,,,,,,,,,,,,,,,,,,,,,,,0,0
2011-12-16 00:00:00+00:00,,,,,,,,,,,,,,,,,,,,,,,,,0,0
2011-12-16 06:00:00+00:00,,,,,,,,,,,,,,,,,,,,,,,,,0,0
2011-12-16 12:00:00+00:00,,,,,,,,,,,,,,,,,,,,,,,,,0,0
2011-12-16 18:00:00+00:00,,,,,,,,,,,,,,,,,,,,,,,,,0,0
2011-12-17 00:00:00+00:00,,,,,,,,,,,,,,,,,,,,,,,,,0,0
2011-12-17 06:00:00+00:00,,,,,,,,,,,,,,,,,,,,,,,,,0,0
2011-12-17 12:00:00+00:00,,,,,,,,,,,,,,,,,,,,,,,,,0,0
2011-12-17 18:00:00+00:00,,,,,,,,,,,,,,,,,,,,,,,,,0,0
2011-12-18 00:00:00+00:00,,,,,,,,,,,,,,,,,,,,,,,,,0,0
2011-12-18 06:00:00+00:00,,,,,,,,,,,,,,,,,,,,,,,,,0,0
2011-12-18 12:00:00+00:00,,,,,,,,,,,,,,,,,,,,,,,,,0,0
2011-12-18 18:00:00+00:00,,,,,,,,,,,,,,,,,,,,,,,,,0,0
2011-12-19 00:00:00+00:00,,,,,,,,,,,,,,,,,,,,,,,,,0,0
2011-12-19 06:00:00+00:00,,,,,,,,,,,,,,,,,,,,,,,,,0,0
2011-12-19 12:00:00+00:00,,,,,,,,,,,,,,,,,,,,,,,,,0,0
2011-12-19 18:00:00+00:00,,,,,,,,,,,,,,,,,,,,,,,,,0,0
2011-12-20 00:00:00+00:00,,,,,,,,,,,,,,,,,,,,,,,,,0,0
2011-12-20 06:00:00+00:00,,,,,,,,,,,,,,,,,,,,,,,,,0,0
2011-12-20 12:00:00+00:00,,,,,,,,,,,,,,,,,,,,,,,,,0,0
2011-12-20 18:00:00+00:00,,,,,,,,,,,,,,,,,,,,,,,,,0,0
2011-12-21 00:00:00+00:00,,,,,,,,,,,,,,,,,,,,,,,,,0,0
2011-12-21 06:00:00+00:00,,,,,,,,,,,,,,,,,,,,,,,,,0,0
2011-12-21 12:00:00+00:00,0.5564901828765869,0.45455672514984996,,,,,,,,,,,,,,,,,,,,,,,1,1
2011-12-21 18:00:00+00:00,0.3106703758239746,-5.257990529210398,,,,,,,,,,,,,,,,,,,,,,,1,1
2011-12-22 00:00:00+00:00,0.08606648445129395,0.18792082520461323,,,,,,,,,,,,,,,,,,,,,,,1,1
2011-12-22 06:00:00+00:00,0.06679439544677734,0.1804261669951538,,,,,,,,,,,,,,,,,,,,,,,1,1
2011-12-22 12:00:00+00:00,0.1055607795715332,-0.0726320973102997,,,,,,,,,,,,,,,,,,,,,,,1,1
2011-12-22 18:00:00+00:00,0.0963902473449707,-4.089085459662357,,,,,0.2630956172943115,-0.3069830603227423,,,,,,,,,,,,,,,,,2,2
2011-12-23 00:00:00+00:00,0.040111660957336426,-0.014861294916261699,,,,,0.033823609352111816,0.015210588660136175,,,,,,,,,,,,,,,,,2,2
2011-12-23 06:00:00+00:00,0.0756601095199585,-0.1877588562346696,,,,,0.20071852207183838,0.21732372754414214,,,,,,,,,,,,,,,,,2,2
2011-12-23 12:00:00+00:00,0.09111201763153076,0.6037301680467937,,,,,0.11908447742462158,0.17356265831416862,,,,,,,,,,,,,,,,,2,2
2011-12-23 18:00:00+00:00,0.06196749210357666,-3.5341884164630066,,,,,0.24301671981811523,0.43136629512228436,,,,,,,,,,,,,,,,,2,2
2011-12-24 00:00:00+00:00,0.1035451889038086,-1.932868189840399,,,,,0.4539527893066406,4.629047445279563,,,,,,,,,,,,,,,,,2,2
2011-12-24 06:00:00+00:00,0.09118854999542236,2.887866939778223,,,,,0.35220205783843994,4.51946386039076,,,,,,,,,,,,,,,,,2,2
2011-12-24 12:00:00+00:00,0.12328088283538818,-2.055327857111501,0.2662395238876343,-0.9710188338739695,,,0.41071200370788574,4.231401600516452,,,,,,,,,,,,,,,,,3,3
2011-12-24 18:00:00+00:00,0.08416116237640381,1.1107986267665964,,,,,0.21140694618225098,2.3851106917474874,,,,,,,,,,,,,,,,,2,2
2011-12-25 00:00:00+00:00,0.16897213459014893,-0.6842674315096434,,,,,,,0.324133038520813,8.031174508881866,,,,,,,,,,,,,,,2,2
2011-12-25 06:00:00+00:00,0.11159133911132812,2.7762816327901096,,,,,,,0.22850823402404785,3.3754175843638783,,,,,,,,,,,,,,,2,2
2011-12-25 12:00:00+00:00,0.11917626857757568,1.072897984867042,,,,,,,0.19983303546905518,4.598954497914044,,,,,,,,,,,,,,,2,2
2011-12-25 18:00:00+00:00,,,0.1275930404663086,1.6141478009856343,,,,,0.2921903133392334,3.2016685854896427,,,,,,,,,,,,,,,2,2
2011-12-26 00:00:00+00:00,,,0.10277092456817627,3.68341993970812,,,,,,,,,,,,,,,,,,,,,1,1
2011-12-26 06:00:00+00:00,0.09132599830627441,0.08172353158463627,0.17987799644470215,13.792404391601565,,,,,,,,,,,,,,,,,,,,,2,2
2011-12-26 12:00:00+00:00,0.17566204071044922,1.050598402341515,0.10045862197875977,2.1261054107302173,,,0.1810828447341919,4.457200460195671,0.3683133125305176,4.047218040542179,,,,,,,,,,,,,,,4,4
2011-12-26 18:00:00+00:00,0.08893132209777832,-0.016313466695058083,0.09981179237365723,1.387731821322116,,,0.157609224319458,6.366118651185774,0.23298895359039307,7.34928881396143,,,,,,,,,,,,,,,5,5
2011-12-27 00:00:00+00:00,0.019556820392608643,-0.1927238417318,0.10896575450897217,1.9030759607626033,,,0.19886410236358643,4.072190025330246,0.2856091260910034,4.894542581980707,,,,,,,,,,,,,,,5,5
2011-12-27 06:00:00+00:00,,,0.18342196941375732,7.059125766495214,,,,,0.3285466432571411,6.113075879827815,,,,,,,,,,,,,,,3,3
2011-12-27 12:00:00+00:00,,,0.18613886833190918,8.208844834553435,,,,,,,,,,,,,,,,,,,,,1,1
2011-12-27 18:00:00+00:00,0.043303728103637695,-0.09087306723371266,0.1374988555908203,2.7401656170205464,,,0.14497870206832886,-0.3158291935249953,,,,,,,,,,,,,,,,,3,3
2011-12-28 00:00:00+00:00,,,0.10136985778808594,2.7121967311177713,,,,,0.23267722129821777,8.881108926118838,,,,,,,,,,,,,,,3,3
2011-12-28 06:00:00+00:00,0.19361305236816406,-0.36330072826262894,0.16739654541015625,4.128377501148495,,,,,,,,,,,,,,,,,,,,,2,2
2011-12-28 12:00:00+00:00,,,0.17578506469726562,5.490027296909262,,,,,,,,,,,,,,,,,,,,,1,1
2011-12-28 18:00:00+00:00,,,0.1550661325454712,7.879055963583292,,,,,,,,,,,,,,,,,,,,,1,1
2011-12-29 00:00:00+00:00,,,0.1666957139968872,2.927983523428289,,,,,,,,,,,,,,,,,,,,,1,1
2011-12-29 06:00:00+00:00,,,0.1642216444015503,9.097430314624422,,,,,,,,,,,,,,,,,,,,,1,1
2011-12-29 12:00:00+00:00,,,0.17795288562774658,6.357818868542537,,,,,,,,,,,,,,,,,,,,,1,1
2011-12-29 18:00:00+00:00,,,0.11964893341064453,1.6349399510680778,,,,,0.23523437976837158,8.954107473616608,,,,,,,,,,,,,,,3,3
2011-12-30 00:00:00+00:00,,,0.12682437896728516,0.32419229481140416,,,,,0.1157768964767456,5.849813355463082,,,,,,,,,,,,,,,2,2
2011-12-30 06:00:00+00:00,,,0.13331890106201172,3.8181032516011695,,,,,0.1315096616744995,3.0533980468546327,,,,,,,,,,,,,,,2,2
2011-12-30 12:00:00+00:00,,,0.15064990520477295,4.051839488195019,,,,,,,,,,,,,,,,,,,,,1,1
2011-12-30 18:00:00+00:00,,,0.15795385837554932,1.4033039036484862,0.07662332057952881,-0.9190302617931636,,,0.12310028076171875,9.258319898174005,,,,,,,,,,,,,,,3,3
2011-12-31 00:00:00+00:00,,,0.12984275817871094,1.2142014737300673,0.28613293170928955,-1.82196486872868,,,,,,,,,,,,,,,,,,,2,2
2011-12-31 06:00:00+00:00,,,0.1802358627319336,2.516653885034554,,,,,,,0.10795331001281738,-0.6169674643600046,,,,,,,,,,,,,3,3
2011-12-31 12:00:00+00:00,,,0.15303754806518555,1.1343647225300064,,,,,,,0.1199568510055542,3.746485387917082,,,,,,,,,,,,,3,3
2011-12-31 18:00:00+00:00,,,0.10648369789123535,0.6569611070696474,,,,,,,0.015785932540893555,1.642330673698778,,,,,,,,,,,,,2,2
