timestamp,R2_1_1,skew_1_1,R2_1_2,skew_1_2,R2_1_3,skew_1_3,R2_2_1,skew_2_1,R2_2_2,skew_2_2,R2_2_3,skew_2_3,R2_3_1,skew_3_1,R2_3_2,skew_3_2,R2_3_3,skew_3_3,R2_4_1,skew_4_1,R2_4_2,skew_4_2,R2_4_3,skew_4_3,n_ch_total,n_ch_kept
2013-01-01 00:00:00+00:00,0.15262579917907715,0.33440547389561187,,,,,,,,,,,,,,,,,,,,,,,1,1
2013-01-01 12:00:00+00:00,0.1792229413986206,-0.12277924885918164,,,,,,,,,,,,,,,,,,,,,,,1,1
2013-01-01 18:00:00+00:00,0.1480250358581543,0.16368401609279282,,,,,,,,,,,0.23095589876174927,-0.4307888127443121,,,,,,,,,,,2,2
2013-01-02 00:00:00+00:00,0.2355138659477234,-0.7976789953236164,,,,,,,,,,,0.16572624444961548,-1.0269385123154608,,,,,,,,,,,3,3
2013-01-02 06:00:00+00:00,0.15172016620635986,0.14184961830503975,,,,,,,,,,,0.0034308433532714844,0.09490049314932109,,,,,,,,,,,3,3
2013-01-02 12:00:00+00:00,0.4590444564819336,0.3652760041791778,,,,,,,,,,,0.0767660140991211,0.5118580681326489,,,,,,,,,,,4,3
2013-01-02 18:00:00+00:00,0.27379119396209717,-0.02103772468113143,,,,,,,,,,,0.014805257320404053,-0.9627837668765429,,,,,,,,,,,4,4
2013-01-03 00:00:00+00:00,0.07418543100357056,-0.11566630514818085,,,,,,,,,,,0.10415500402450562,0.33265177891274983,,,,,,,,,,,3,3
2013-01-03 06:00:00+00:00,0.228099524974823,0.18072890249723708,,,,,,,,,,,0.11216408014297485,-0.17869669599704557,,,,,,,,,,,3,3
2013-01-03 12:00:00+00:00,0.05864381790161133,-0.07523115466975806,,,,,,,,,,,0.05916327238082886,-1.0933597093981604,0.46561163663864136,-5.737070978740968,,,,,,,,,4,4
2013-01-03 18:00:00+00:00,0.47562456130981445,0.8144404155572391,0.07082945108413696,-0.4478304646544573,,,,,,,,,0.18865078687667847,-1.0695012182966963,0.33660686016082764,-1.743807252745457,,,,,,,,,4,4
2013-01-04 00:00:00+00:00,0.3570711612701416,0.7903810626334183,0.16725194454193115,0.6182746147949388,,,,,,,,,0.08805966377258301,-1.6775943097666988,0.13117057085037231,-1.0656001307504224,,,,,,,,,4,4
2013-01-04 06:00:00+00:00,0.05056130886077881,-0.51829602466581,0.24152660369873047,-0.05740644939808754,,,,,,,,,0.0274655818939209,0.005572292438292138,0.4416038393974304,-14.166125710953676,,,,,,,,,4,4
2013-01-04 12:00:00+00:00,0.24217355251312256,0.1639902881738348,0.27242183685302734,0.1838136907461427,,,,,,,,,0.22427064180374146,-0.7065787205033307,0.1958906054496765,-6.816485051138422,,,,,,,,,4,4
2013-01-04 18:00:00+00:00,0.19006013870239258,-0.07800297639749483,0.4402579069137573,-0.08192840203824074,,,,,,,,,,,0.3515411615371704,-7.12419630890441,,,,,,,,,3,3
2013-01-05 00:00:00+00:00,0.21335995197296143,0.05410204401240218,0.031939923763275146,-0.7029829591156885,,,,,,,,,,,0.2276928424835205,-3.033946413964023,,,,,,,,,3,3
2013-01-05 06:00:00+00:00,0.0998387336730957,0.40207015330104845,0.046735405921936035,-0.16070558321271253,,,,,,,,,,,0.33315330743789673,-8.252708069317725,,,,,,,,,3,3
2013-01-05 12:00:00+00:00,0.10974085330963135,0.6492594757634482,0.16534185409545898,-0.6870714821819526,,,,,,,,,0.4691525101661682,-0.32777267174045316,0.33991295099258423,-7.355571961457611,,,,,,,,,4,4
2013-01-05 18:00:00+00:00,0.15790140628814697,0.1908994820682618,,,,,,,,,,,,,0.36502695083618164,-9.123045485618139,,,,,,,,,3,3
2013-01-06 00:00:00+00:00,0.08761048316955566,0.7373885959410303,,,,,,,,,,,,,0.44802016019821167,-10.703503516844448,,,,,,,,,3,3
2013-01-06 06:00:00+00:00,0.0770411491394043,1.2139550864441222,,,,,,,,,,,,,0.41646528244018555,-7.246260704858532,,,,,,,,,3,3
2013-01-06 12:00:00+00:00,0.11205947399139404,-0.07726589122818571,,,,,0.052544355392456055,-0.008058945222233096,,,,,,,0.18009185791015625,-4.911552500804433,,,,,,,,,4,4
2013-01-06 18:00:00+00:00,0.034425973892211914,-0.0089020544101416,,,,,0.003057539463043213,0.008904426500022584,,,,,,,0.26335281133651733,-9.225968506612137,,,,,,,,,4,4
2013-01-07 00:00:00+00:00,0.09974932670593262,0.3072923451721633,,,,,0.15808075666427612,0.20837603882003403,,,,,,,0.2818564176559448,-3.704887309979345,,,,,,,,,4,4
2013-01-07 06:00:00+00:00,0.09663975238800049,-0.5866779724194997,,,,,0.10796737670898438,0.4133980387844205,,,,,,,0.5196605026721954,-12.780545402833367,,,,,,,,,4,4
2013-01-07 12:00:00+00:00,0.10601413249969482,0.04593660003229941,,,,,,,0.056607723236083984,0.2982197211754448,,,,,0.391692578792572,-3.429094652820241,,,,,,,,,4,4
2013-01-07 18:00:00+00:00,0.3011467456817627,0.5102519145886661,,,,,,,0.06977462768554688,1.536196854743629,,,,,0.3292579650878906,-2.1547334198793693,,,,,,,,,3,3
2013-01-08 00:00:00+00:00,0.1107492446899414,0.12345693249249137,,,,,,,0.01998722553253174,-0.4603882335611383,,,,,0.19058269262313843,-0.8919031130167605,,,,,,,,,3,3
2013-01-08 06:00:00+00:00,0.24368369579315186,0.12696320408091777,,,,,,,0.14945459365844727,0.7667578472493912,,,,,0.18107622861862183,-1.69823355075012,,,,,,,,,3,3
2013-01-08 12:00:00+00:00,,,0.3066200017929077,0.5790854801846924,,,,,0.11009407043457031,5.652740631022397,,,,,0.14625000953674316,-1.7878036648124627,,,,,,,,,3,3
2013-01-08 18:00:00+00:00,,,0.09600436687469482,0.5954473495549595,,,,,0.015349984169006348,-1.9727106100087226,,,,,,,,,,,,,,,2,2
2013-01-09 00:00:00+00:00,,,0.04487204551696777,0.11483340504556348,,,,,0.18563604354858398,6.193067045620315,,,,,,,,,,,,,,,2,2
2013-01-09 06:00:00+00:00,,,0.2323620319366455,1.1182619031625665,,,,,0.29712891578674316,1.5956192345629068,,,,,,,,,,,,,,,2,2
2013-01-09 12:00:00+00:00,,,0.19683420658111572,0.7947781475810768,,,,,0.16390419006347656,2.600190992342078,,,,,,,,,,,,,,,2,2
2013-01-09 18:00:00+00:00,,,0.15522563457489014,0.4563854708664685,,,,,0.0007915496826171875,1.5799984732392003,,,,,,,,,,,,,,,2,2
2013-01-10 00:00:00+00:00,,,0.2534615993499756,2.519916971261069,,,,,0.15525150299072266,2.129536939815068,,,,,,,,,,,,,,,2,2
2013-01-10 06:00:00+00:00,,,,,0.11859917640686035,0.9066158168787748,,,0.25864672660827637,0.13843913430269356,,,,,,,,,,,,,,,2,2
2013-01-10 12:00:00+00:00,,,,,0.09663999080657959,0.6468731592425471,,,,,,,,,,,,,,,,,,,1,1
2013-01-10 18:00:00+00:00,,,,,0.10618507862091064,0.08012018776039542,,,0.5583917796611786,-1.40311174884792,,,,,,,,,,,,,,,2,2
2013-01-11 00:00:00+00:00,,,0.18854033946990967,0.3306328903234759,0.1806703805923462,2.2946754810401604,,,0.16430282592773438,0.2959717147342329,,,,,,,,,,,,,,,3,3
2013-01-11 06:00:00+00:00,,,,,0.12476551532745361,-0.279430265262544,,,,,,,,,,,,,,,,,,,1,1
2013-01-11 12:00:00+00:00,,,,,0.3367651700973511,-0.40288216092171886,,,,,,,,,,,,,,,,,,,1,1
2013-01-11 18:00:00+00:00,,,,,,,,,,,,,,,,,,,,,,,,,0,0
2013-01-12 00:00:00+00:00,,,,,,,,,,,,,,,,,,,,,,,,,0,0
2013-01-12 06:00:00+00:00,,,0.3700512647628784,4.395641615717735,0.2802586555480957,0.16055634808872596,,,,,,,,,,,,,,,,,,,2,2
2013-01-12 12:00:00+00:00,,,0.244939923286438,1.1539051216026581,0.04767048358917236,1.0224679590012966,,,,,,,,,,,,,,,,,,,2,2
2013-01-12 18:00:00+00:00,,,0.11810040473937988,7.729825647121842,,,,,,,,,,,,,,,,,,,,,1,1
2013-01-13 00:00:00+00:00,,,0.21378719806671143,2.335299158263542,,,,,,,,,,,,,,,,,,,,,1,1
2013-01-13 06:00:00+00:00,,,0.01777791976928711,0.6739935652102549,,,,,,,,,,,,,,,,,,,,,1,1
2013-01-13 12:00:00+00:00,,,0.1142892837524414,-0.12111190013670377,,,,,,,,,,,,,,,,,,,,,1,1
2013-01-13 18:00:00+00:00,,,0.16101551055908203,0.575532083779525,,,,,,,,,,,,,,,,,,,,,1,1
2013-01-14 00:00:00+00:00,,,0.18105661869049072,2.994602776743499,,,,,,,,,,,,,,,,,,,,,1,1
2013-01-14 06:00:00+00:00,,,,,0.27022337913513184,1.1496716836129819,,,,,,,,,,,,,,,,,,,1,1
2013-01-14 12:00:00+00:00,,,,,0.10822594165802002,0.20517538143597827,,,,,,,,,,,,,,,,,,,1,1
2013-01-14 18:00:00+00:00,,,,,0.058452486991882324,2.8796222189535357,,,,,,,,,,,,,,,,,,,1,1
2013-01-15 00:00:00+00:00,,,,,0.0070906877517700195,0.16317276266789166,,,,,,,,,,,,,,,,,,,1,1
2013-01-15 06:00:00+00:00,,,,,0.07978236675262451,0.43497254308873584,,,,,,,,,,,,,,,,,,,1,1
2013-01-15 12:00:00+00:00,,,,,0.09493207931518555,0.25021915289493135,,,,,,,,,,,,,,,,,,,1,1
2013-01-15 18:00:00+00:00,,,,,0.06283128261566162,0.3510247572521185,,,,,,,,,,,,,,,,,,,1,1
2013-01-16 00:00:00+00:00,,,,,0.24127113819122314,0.9365103673227569,,,,,,,,,,,,,,,,,,,1,1
2013-01-16 06:00:00+00:00,,,,,0.05387449264526367,0.06709242835668218,,,,,,,,,,,,,,,,,,,1,1
2013-01-16 12:00:00+00:00,0.23979699611663818,-1.7719082388175795,,,0.2620582580566406,-0.009532845868411596,,,,,,,,,,,,,,,,,,,2,2
2013-01-17 00:00:00+00:00,,,,,0.11466193199157715,0.28656987759713615,0.049341797828674316,-0.23010756759111647,,,,,,,,,,,,,,,,,2,2
2013-01-17 06:00:00+00:00,,,,,0.26798784732818604,0.06597685355600069,0.24520200490951538,-0.5410930490941298,,,,,,,,,,,,,,,,,2,2
2013-01-17 12:00:00+00:00,,,,,0.007857918739318848,0.1757686133750762,0.15313750505447388,-0.7592225777723739,,,,,,,,,,,,,,,,,2,2
2013-01-17 18:00:00+00:00,0.16894400119781494,-0.3469904451946165,,,0.011110484600067139,-0.14263042405274504,,,,,,,,,,,,,,,,,,,2,2
2013-01-18 00:00:00+00:00,0.32617413997650146,-0.6827265415962038,,,0.14413106441497803,0.3096785554748431,,,,,,,,,,,,,,,,,,,2,2
2013-01-18 06:00:00+00:00,0.2932499051094055,-1.8838232403308823,,,0.008261442184448242,0.508851241133368,,,,,,,,,,,,,,,,,,,2,2
2013-01-18 12:00:00+00:00,0.4887428283691406,-4.668803465244162,,,0.13857781887054443,0.32216728280960144,,,,,,,,,,,,,,,,,,,2,2
2013-01-18 18:00:00+00:00,0.3393218517303467,-5.290325400777622,,,,,,,,,,,,,,,,,,,,,,,2,1
2013-01-19 00:00:00+00:00,0.3623389005661011,-2.2837527420311314,,,,,,,,,,,,,,,,,,,,,,,1,1
2013-01-19 06:00:00+00:00,0.3469334840774536,-4.4385233853169375,,,,,,,,,,,,,,,,,,,,,,,1,1
2013-01-19 12:00:00+00:00,0.46283435821533203,-7.448709809684077,,,,,,,,,,,,,,,,,,,,,,,1,1
2013-01-19 18:00:00+00:00,0.3558090925216675,-3.5084377061000884,,,,,,,,,,,,,,,,,,,,,,,1,1
2013-01-20 00:00:00+00:00,,,,,,,0.40312445163726807,-9.397703513983236,,,,,,,,,,,,,,,,,1,1
2013-01-20 06:00:00+00:00,,,,,,,0.4298071265220642,-10.27447758204799,,,,,,,,,,,,,,,,,1,1
2013-01-20 12:00:00+00:00,,,,,,,0.4265407919883728,-6.433182038224114,,,,,,,,,,,,,,,,,1,1
2013-01-20 18:00:00+00:00,,,,,,,,,0.3974449038505554,-10.74023631438146,,,,,,,,,,,,,,,1,1
2013-01-21 00:00:00+00:00,,,,,,,,,0.3755000829696655,-5.650505832671517,,,,,,,,,,,,,,,1,1
2013-01-21 06:00:00+00:00,,,,,,,,,0.45311838388442993,-8.239890485152687,,,,,,,,,,,,,,,1,1
2013-01-21 12:00:00+00:00,,,,,,,,,0.46090972423553467,-6.932702085345274,,,,,,,,,,,,,,,1,1
2013-01-21 18:00:00+00:00,,,,,,,,,0.4135556221008301,-6.766582232980072,,,,,,,,,,,,,,,1,1
2013-01-22 00:00:00+00:00,,,,,,,,,0.39748328924179077,-8.80178284064395,,,,,,,,,,,,,,,1,1
2013-01-22 06:00:00+00:00,,,,,,,,,0.46203482151031494,-8.975014571677168,,,,,,,,,,,,,,,1,1
2013-01-22 12:00:00+00:00,,,,,,,,,0.3508796691894531,-7.013688044855663,,,,,,,,,,,,,,,1,1
2013-01-22 18:00:00+00:00,,,,,,,,,0.3941730260848999,-7.488501998341373,,,,,,,,,,,,,,,1,1
2013-01-23 00:00:00+00:00,,,,,,,,,0.40876513719558716,-11.092622647484788,,,,,,,,,,,,,,,1,1
2013-01-23 06:00:00+00:00,,,,,,,,,0.43835610151290894,-12.038237753220441,,,,,,,,,,,,,,,1,1
2013-01-23 12:00:00+00:00,,,,,,,,,0.42455923557281494,-9.167744057234168,,,,,,,,,,,,,,,1,1
2013-01-23 18:00:00+00:00,,,,,,,,,0.4674491286277771,-9.913725485571407,,,,,,,,,,,,,,,1,1
2013-01-24 00:00:00+00:00,,,0.4519415497779846,-6.2690635414746785,,,,,,,,,,,,,,,,,,,,,1,1
2013-01-24 06:00:00+00:00,,,0.4911770820617676,-9.370338036796381,,,,,,,,,,,,,,,,,,,,,1,1
2013-01-24 12:00:00+00:00,,,0.4119281768798828,-7.581926939623886,,,,,,,,,,,,,,,,,,,,,1,1
2013-01-24 18:00:00+00:00,,,0.465259850025177,-8.131213308702232,,,,,,,,,,,,,,,,,,,,,1,1
2013-01-25 00:00:00+00:00,,,0.4648449420928955,-9.671174991531013,,,,,,,,,,,,,,,,,,,,,1,1
2013-01-25 06:00:00+00:00,,,0.46975088119506836,-8.390518415001154,,,,,,,,,,,,,,,,,,,,,1,1
2013-01-25 12:00:00+00:00,,,,,0.4189460277557373,-8.221070160645697,,,,,,,,,,,,,,,,,,,1,1
2013-01-25 18:00:00+00:00,,,,,0.43393802642822266,-7.4266304223998265,,,,,,,,,,,,,,,,,,,1,1
2013-01-26 00:00:00+00:00,,,,,0.410017728805542,-7.173030685568438,,,,,,,,,,,,,,,,,,,1,1
2013-01-26 06:00:00+00:00,,,,,0.35087525844573975,-3.9292185225644403,,,,,,,,,,,,,,,,,,,1,1
2013-01-26 12:00:00+00:00,,,,,0.39939451217651367,-4.470804050225638,,,,,,,,,,,,,,,,,,,1,1
2013-01-26 18:00:00+00:00,,,,,0.5216847956180573,-7.260432219254509,,,,,,,,,,,,,,,,,,,1,1
2013-01-27 00:00:00+00:00,,,,,0.41415292024612427,-2.5467697826751703,,,,,,,,,,,,,,,,,,,1,1
2013-01-27 06:00:00+00:00,,,,,0.45943915843963623,-2.2832388965113384,,,,,,,,,,,,,,,,,,,1,1
2013-01-27 12:00:00+00:00,,,,,0.5706480741500854,-5.050254611215817,,,,,,,,,,,,,,,,,,,1,1
2013-01-27 18:00:00+00:00,,,,,0.34019792079925537,-2.751697190508388,,,,,,,,,,,,,,,,,,,1,1
2013-01-28 00:00:00+00:00,,,,,0.5103864371776581,-1.367887294869628,,,,,,,,,,,,,,,,,,,1,1
2013-01-28 06:00:00+00:00,,,,,0.07805252075195312,0.2086844341677675,,,,,,,,,,,,,,,,,,,1,1
2013-01-28 12:00:00+00:00,,,,,0.6984869241714478,-0.5556840920873619,,,,,,,,,,,,,,,,,,,1,1
2013-01-28 18:00:00+00:00,,,,,0.1586463451385498,0.4057189003896978,,,,,,,,,,,,,,,,,,,1,1
2013-01-29 00:00:00+00:00,,,,,,,,,0.14502418041229248,0.3407454399350958,0.29187220335006714,0.8499901548786858,,,,,,,,,,,,,2,2
2013-01-29 06:00:00+00:00,,,,,,,,,0.30220872163772583,-5.816068278187582,,,,,,,,,,,,,,,1,1
2013-01-29 12:00:00+00:00,,,,,,,,,0.22901880741119385,-2.541817145943697,,,0.1598261594772339,-0.11411432045703129,,,,,,,,,,,2,2
2013-01-29 18:00:00+00:00,,,,,,,,,0.387392520904541,-5.570853034118274,,,0.388428270816803,-0.4141233065747391,,,,,,,,,,,2,2
2013-01-30 00:00:00+00:00,,,,,,,,,0.2910118103027344,-3.0971591755251353,,,0.3060910701751709,-8.347282249772032,,,,,,,,,,,2,2
2013-01-30 06:00:00+00:00,,,,,,,,,0.12989699840545654,-1.9251802801608635,,,0.0760951042175293,-0.11847836463198112,,,,,,,,,,,3,3
2013-01-30 12:00:00+00:00,,,,,,,,,0.4066917300224304,-11.781171750828863,,,0.14997446537017822,-1.7364128441939066,,,,,,,,,,,3,3
2013-01-31 00:00:00+00:00,,,,,,,,,0.4745749831199646,-13.398286185541416,,,0.33748751878738403,-0.9644341451605296,0.3397253155708313,-0.8447446679359559,,,,,,,,,3,3
2013-01-31 06:00:00+00:00,,,,,,,,,0.4927913546562195,-5.992015537882592,,,0.20742195844650269,-3.198122712532987,0.09035086631774902,1.1182082898196806,,,,,,,,,3,3
2013-01-31 12:00:00+00:00,,,,,,,,,0.47137612104415894,-9.963068100281646,,,0.33629387617111206,-4.123078834482536,0.27477484941482544,-0.5900885825000917,,,,,,,,,3,3
2013-01-31 18:00:00+00:00,0.29834723472595215,0.03443038980432279,,,,,,,0.35994672775268555,-9.73389097365687,,,0.3544408679008484,-5.323076392839653,0.1601923704147339,-0.14123496322812826,,,,,,,,,4,4
2013-02-01 00:00:00+00:00,0.27181875705718994,0.3296264947630319,,,,,0.4970158338546753,1.0366731224374581,0.26716965436935425,-5.048011720216602,,,0.36275291442871094,-4.824966211585038,,,,,,,,,,,4,4
2013-02-01 06:00:00+00:00,0.372688889503479,2.1503168894467493,,,,,0.13169443607330322,0.5402087416009369,0.2522069811820984,-3.4533074091363996,,,,,0.3434560298919678,-6.94444972695139,,,,,,,,,4,4
2013-02-01 12:00:00+00:00,0.14985394477844238,0.05348300710040157,,,,,0.2242192029953003,0.3181899351376403,0.53598752617836,-8.872170595863414,,,,,0.43222999572753906,-8.685291956295135,,,,,,,,,4,4
2013-02-01 18:00:00+00:00,0.08866167068481445,0.5792672747266413,,,,,0.28296148777008057,1.258452594895354,0.4947381615638733,-6.759453974302801,,,,,0.4206986427307129,-5.533010232863142,,,,,,,,,5,5
2013-02-02 00:00:00+00:00,0.13100779056549072,0.49307566187457175,,,,,0.3328423500061035,5.37173447209076,0.42202210426330566,-8.979629490350115,,,,,0.4458043575286865,-9.672777317852207,,,,,,,,,5,5
2013-02-02 06:00:00+00:00,0.15233653783798218,-25.780961277802465,,,,,0.3503284454345703,1.7432495289433043,0.43143922090530396,-4.0055908728224505,,,,,0.46013665199279785,-5.523154727077463,,,,,,,,,5,5
2013-02-02 12:00:00+00:00,0.006336212158203125,-26.91385722661493,,,,,0.28596067428588867,1.6741435464352146,,,0.586702436208725,-4.541169866021319,,,0.44453853368759155,-6.026766682707332,,,,,,,,,5,5
2013-02-02 18:00:00+00:00,0.15935015678405762,0.6709875617589834,,,,,0.36798322200775146,4.447545088340561,,,0.2493310570716858,-1.2397248755290382,,,0.4543018341064453,-7.308504323948737,,,,,,,,,5,5
2013-02-03 00:00:00+00:00,0.16096222400665283,0.11380856135780065,,,,,0.2220858335494995,5.120928527494029,,,,,,,0.43702232837677,-8.9907377560148,,,,,,,,,4,4
2013-02-03 06:00:00+00:00,0.24296367168426514,1.6812536617765617,,,,,0.3295983076095581,2.3624329539019735,,,,,,,0.4533578157424927,-6.1680241114120316,,,,,,,,,3,3
2013-02-03 12:00:00+00:00,0.0791388750076294,1.2254152607912374,,,,,0.38822388648986816,2.0528116010820896,,,0.4507599472999573,-1.0676917193996365,,,0.4343661069869995,-6.3505481979496565,,,,,,,,,4,4
2013-02-03 18:00:00+00:00,0.16726231575012207,0.6284642654160447,,,,,0.2794818878173828,5.236471634624224,,,,,,,0.45544397830963135,-7.334173019732507,,,,,,,,,3,3
2013-02-04 00:00:00+00:00,0.20285773277282715,1.0397220940513052,,,,,0.24249804019927979,2.8520948294896087,,,0.15263450145721436,-0.3122998529200429,,,0.4140273928642273,-15.447602267682784,,,,,,,,,4,4
2013-02-04 06:00:00+00:00,0.23341763019561768,1.276264174479266,,,,,0.38549649715423584,3.9198271895755052,,,0.6758972406387329,-0.1816058178707837,,,0.45374584197998047,-7.6492996852364366,,,,,,,,,5,5
2013-02-04 12:00:00+00:00,0.2721039056777954,0.4111142703666388,,,,,,,0.39097046852111816,5.64329579404893,,,,,0.4554715156555176,-5.197246693235055,,,,,,,,,3,3
2013-02-04 18:00:00+00:00,0.1644611358642578,0.30146118088249774,,,,,,,0.2858099937438965,4.658615184858192,,,,,0.4923173785209656,-6.399656522907719,,,,,,,,,3,3
2013-02-05 00:00:00+00:00,0.17042994499206543,1.0548038737378382,,,,,,,0.4644070863723755,6.786158009411253,,,,,0.48135513067245483,-5.624252623125415,,,,,,,,,3,3
2013-02-05 06:00:00+00:00,0.13949620723724365,1.5311954591706864,,,,,,,0.45704901218414307,8.449887265363754,,,,,0.5403788983821869,-6.312071845409791,,,,,,,,,3,3
2013-02-05 12:00:00+00:00,0.1331627368927002,1.1663694223192775,,,,,,,0.44990074634552,15.493556265621844,,,,,0.4934956431388855,-5.495936069690638,,,,,,,,,3,3
2013-02-05 18:00:00+00:00,0.25933897495269775,0.021895897748800894,,,,,,,0.4654332399368286,7.534530010963897,,,,,0.4952436089515686,-3.2993987312804895,0.48115694522857666,-5.531864108579438,,,,,,,4,4
2013-02-06 00:00:00+00:00,,,0.03273952007293701,0.760249937253518,,,,,0.4317699670791626,6.498961446277637,,,,,,,0.4609944224357605,-5.541776991755036,,,,,,,3,3
2013-02-06 06:00:00+00:00,,,0.1554114818572998,0.586065026143352,,,,,0.4269050359725952,7.911425394117611,,,,,,,0.48348116874694824,-8.302643680299512,,,,,,,3,3
2013-02-06 12:00:00+00:00,,,0.08180034160614014,0.4960407003039506,,,,,0.2553389072418213,5.40400658080567,,,,,,,0.5149351060390472,-3.2226491497438885,,,,,,,3,3
2013-02-06 18:00:00+00:00,,,0.11763966083526611,0.23418916691051853,,,,,0.48056697845458984,10.4599765135968,,,,,,,0.562506914138794,-4.779991700484587,,,,,,,3,3
2013-02-07 00:00:00+00:00,,,0.213401198387146,1.2491422990370866,,,,,0.42685508728027344,9.429241675008917,,,,,,,0.5961829125881195,-2.2341015519249527,,,,,,,3,3
2013-02-07 06:00:00+00:00,,,0.03388690948486328,0.09604334754841334,,,,,0.37687647342681885,4.358305255491763,,,,,,,0.7019777595996857,-3.9260913624599736,,,,,,,3,3
2013-02-07 12:00:00+00:00,,,0.2666126489639282,1.0579212295935991,,,,,0.4132812023162842,5.28760792871079,,,,,,,0.7062547504901886,-0.5113634014416962,,,,,,,3,3
2013-02-07 18:00:00+00:00,,,0.29151737689971924,0.2824262565860955,,,,,0.41924941539764404,7.28585551662453,,,,,,,,,,,,,,,2,2
2013-02-08 00:00:00+00:00,,,0.11767101287841797,0.05878590009316263,,,,,0.3949791193008423,11.83149987570458,,,,,,,,,,,,,,,2,2
2013-02-08 06:00:00+00:00,,,0.06624722480773926,0.7700319751206032,,,,,0.4640684127807617,7.008901944584626,,,,,,,,,,,,,,,2,2
2013-02-08 12:00:00+00:00,0.1693563461303711,0.36588469808283514,0.15474820137023926,1.2472732481652968,,,,,0.3754366636276245,5.092952100252632,,,,,,,,,,,,,,,3,3
2013-02-08 18:00:00+00:00,0.12889111042022705,0.7791661957713909,,,0.12151265144348145,0.23505215325975698,,,0.2997499704360962,2.5120702376869284,,,,,,,,,,,,,,,3,3
2013-02-09 00:00:00+00:00,0.3095741271972656,0.2722548532760647,,,0.13798600435256958,0.1212291031095756,,,,,0.40470027923583984,9.920028655356122,,,,,,,,,,,,,3,3
2013-02-09 06:00:00+00:00,0.2599012851715088,0.5890534478158945,,,0.1786191463470459,0.3662044258032867,,,,,0.4465951919555664,4.438525118142474,,,,,,,,,,,,,3,3
2013-02-09 12:00:00+00:00,,,0.2244168519973755,0.14063018574247876,,,,,,,0.4496328830718994,2.7622651237236258,,,,,,,,,,,,,2,2
2013-02-09 18:00:00+00:00,,,0.22066974639892578,1.1617122181596868,,,,,,,0.46241116523742676,3.4924574155532504,,,,,,,,,,,,,2,2
2013-02-10 00:00:00+00:00,,,0.2975982427597046,0.9887865271355006,,,,,,,0.5038790702819824,3.1201265824471895,,,,,,,,,,,,,2,2
2013-02-10 06:00:00+00:00,,,0.2994116544723511,4.138635892954118,0.12013423442840576,-0.2763292707545925,,,,,0.5764230489730835,1.5831975599014245,,,,,,,,,,,,,3,3
2013-02-10 12:00:00+00:00,0.08248573541641235,0.3897226367161462,,,0.28738951683044434,0.37528843313394167,,,,,0.4220350980758667,0.9448508304645856,,,,,,,,,,,,,3,3
2013-02-10 18:00:00+00:00,0.31228089332580566,1.6851242658157213,,,0.18741166591644287,1.217633002554431,,,,,0.6152310371398926,1.4452515967065587,,,,,,,,,,,,,3,3
2013-02-11 00:00:00+00:00,0.2851916551589966,1.1839348964250707,,,0.0871131420135498,0.46706790931295195,,,,,0.3280123472213745,-0.5261707909139349,,,0.37037789821624756,2.219957507902641,,,,,,,,,4,4
2013-02-11 06:00:00+00:00,,,0.1528005599975586,0.893926646333746,,,,,,,0.5759364366531372,-0.7098652975819314,,,0.5883772373199463,5.146727113868077,,,,,,,,,3,3
2013-02-11 12:00:00+00:00,,,0.14235949516296387,1.1409142816477948,,,,,,,0.10130947828292847,-0.30141362978610253,,,0.5546821355819702,2.377864074615511,,,,,,,,,4,3
2013-02-11 18:00:00+00:00,0.0019605159759521484,0.9343198685081162,0.2792196273803711,1.2649569890172814,,,,,,,,,,,0.23304462432861328,0.702435275508076,,,,,,,,,3,3
2013-02-12 00:00:00+00:00,0.9356883987784386,-1.1380018595905321,0.14248788356781006,0.82137840411455,,,,,,,,,,,0.16757941246032715,1.3117117901719924,,,,,,,,,3,3
2013-02-12 06:00:00+00:00,0.9251109734177589,-3.3621997355367923,0.18371987342834473,0.8283654172365539,,,,,,,,,,,0.420385479927063,7.944599444283318,,,,,,,,,3,3
2013-02-12 12:00:00+00:00,0.19442331790924072,-0.35947139218330987,0.12475907802581787,0.26078479223077133,,,0.7441414296627045,-3.8480847923642107,,,,,,,0.4022243022918701,8.670740237042109,,,,,,,,,4,4
2013-02-12 18:00:00+00:00,0.020103096961975098,0.4010823234025612,,,0.26355767250061035,1.3033560645043627,0.5312218070030212,-1.1356980932880034,,,,,,,0.6053669452667236,3.426286567961409,,,,,,,,,4,4
2013-02-13 00:00:00+00:00,0.27822571992874146,-5.651751726963954,,,0.030932307243347168,3.1628465431469577,0.7912375330924988,-1.817635268465349,,,,,,,0.24168133735656738,2.532683431480264,,,,,,,,,4,4
2013-02-13 06:00:00+00:00,0.40089714527130127,-0.03940971519967838,,,0.1761695146560669,0.9948015135025666,0.6177031993865967,-2.5703875692229086,,,,,,,0.13901126384735107,2.531962507815566,,,,,,,,,4,4
2013-02-13 12:00:00+00:00,,,,,0.19999945163726807,3.9740824101561416,0.5215489566326141,-1.9819018336013678,,,0.3638807535171509,0.749033141141066,,,,,,,,,,,,,3,3
2013-02-13 18:00:00+00:00,0.19951534271240234,-0.4283908069989481,,,0.2132720947265625,0.9818402295843359,0.21674388647079468,-0.6819184041197057,,,0.3873438835144043,0.7714898820930496,,,,,,,,,,,,,4,4
2013-02-14 00:00:00+00:00,0.25168460607528687,-0.07631616907229531,,,0.029434800148010254,0.7341338437242063,0.1339271068572998,-0.9539328436770619,,,0.7117844820022583,1.3227571291846068,,,0.694810152053833,5.084063980184646,,,,,,,,,6,6
2013-02-14 06:00:00+00:00,0.2010408639907837,0.23118464890315726,,,0.07413506507873535,0.4156315051876906,0.3002240061759949,-0.003695053274976737,0.42277926206588745,-0.3559265689753702,0.635433554649353,1.5822224383495038,,,0.3380855321884155,0.715000565506337,,,,,,,,,6,6
2013-02-14 12:00:00+00:00,0.16771984100341797,-0.24100549405707652,,,0.1402071714401245,0.3064296331672967,0.27342909574508667,-0.261531192811662,0.5797055661678314,-6.370350669734602,0.68045973777771,0.904669600620802,,,0.17708373069763184,1.3877064299977964,,,,,,,,,6,6
2013-02-14 18:00:00+00:00,0.20896393060684204,-0.0708041656950454,,,0.0394282341003418,0.4479935454340712,0.005311071872711182,-0.2678798171200981,0.7127605974674225,-3.8323516475075756,0.4398832321166992,0.45473974569042175,,,,,0.4368002414703369,0.7173358814197668,,,,,,,6,6
2013-02-15 00:00:00+00:00,0.19378793239593506,-0.29976120280256574,,,0.24370670318603516,0.2523707852536207,0.13889604806900024,-0.42186723532935644,0.538000226020813,-4.677303235677115,0.6559740304946899,1.5850222205741857,,,,,0.2026909589767456,0.5898936144345182,,,,,,,6,6
2013-02-15 06:00:00+00:00,0.15265953540802002,0.1721148265530687,,,0.2629518508911133,3.1597745821338656,0.3596745729446411,-0.6440799004998343,0.6811603009700775,-4.933096238484954,0.3471698760986328,-0.09661262194763529,,,,,0.15518391132354736,0.9491476211923586,,,,,,,6,6
2013-02-15 12:00:00+00:00,0.3935372829437256,0.1127737471410229,,,0.057347655296325684,0.35092806916034125,0.29019659757614136,-0.12045417663586706,0.6939425468444824,-6.933333938762056,0.34223341941833496,3.1768980424414663,,,,,0.31204354763031006,1.0197475939492227,,,,,,,6,6
2013-02-15 18:00:00+00:00,0.31054162979125977,-0.8807433551374231,,,0.18086570501327515,-0.29342140487102186,,,0.658523440361023,-6.488371164995032,0.44647490978240967,0.14177089353148764,,,,,0.026820659637451172,-0.2527762014087417,,,,,,,6,6
2013-02-16 00:00:00+00:00,0.45352739095687866,-2.248873715450726,,,0.10742700099945068,0.2045519115933713,,,0.5957271456718445,-10.040711847667534,0.5435281991958618,1.4864051289180369,,,,,0.21852636337280273,0.7800855951893341,,,,,,,6,6
2013-02-16 06:00:00+00:00,0.548463761806488,-7.764213252722556,,,0.007986843585968018,-0.9883525531087413,,,0.6906200349330902,-7.830857465783859,0.5264856815338135,-0.4588944519869767,,,,,0.21537303924560547,0.07053376519735564,,,,,,,5,5
2013-02-16 12:00:00+00:00,0.44357818365097046,-1.7030899782990534,,,0.07688319683074951,-0.010984898351327127,,,0.580094575881958,-4.006604127810698,,,,,,,0.09902167320251465,4.198108937974658,,,,,,,5,4
2013-02-16 18:00:00+00:00,0.4024028182029724,-3.8722230306318015,,,0.16051054000854492,0.4116546581583736,,,0.5439357161521912,-11.848879591055436,,,,,,,0.34571659564971924,-0.25628249090822847,,,,,,,5,4
2013-02-17 00:00:00+00:00,0.4175785183906555,-4.281702589846036,,,0.15622293949127197,-0.06147616164229016,,,0.7244948446750641,-6.469565271167375,,,,,,,0.27313393354415894,-0.30933853853646237,,,,,,,5,5
2013-02-17 06:00:00+00:00,0.3935115337371826,-2.269824165076066,,,0.012271106243133545,0.6794003391214603,,,0.7065579891204834,-6.099619242416261,,,,,,,0.21479374170303345,0.27907806833200455,,,,,,,5,4
2013-02-17 12:00:00+00:00,0.3638012409210205,-2.5142810818281096,,,0.1857283115386963,0.7345204668606735,,,0.7058500945568085,-6.044510471839154,,,,,,,0.0034914016723632812,0.32976025924759755,,,,,,,4,4
2013-02-17 18:00:00+00:00,0.38231319189071655,-1.9351759481283968,,,0.09521448612213135,-0.44035885667654706,,,0.692202091217041,-7.070713708870794,,,,,,,0.9101935625076294,-0.7002713718089927,,,,,,,4,4
2013-02-18 00:00:00+00:00,0.3931567668914795,-3.266982802321495,,,,,,,0.5595108270645142,-2.971551310526898,0.5680965483188629,-3.210141299723677,,,,,,,,,,,,,3,3
2013-02-18 06:00:00+00:00,0.46988552808761597,-4.4667383238321,,,,,,,,,,,,,,,,,,,,,,,1,1
2013-02-18 12:00:00+00:00,0.4040425419807434,-4.201451121947134,,,,,,,,,,,,,,,,,,,,,,,1,1
2013-02-18 18:00:00+00:00,0.4745067358016968,-2.910999021206437,0.5682311952114105,-2.049048394212574,,,,,,,,,,,,,,,,,,,,,2,2
2013-02-19 00:00:00+00:00,0.4037361741065979,-4.993753143144645,0.5727399587631226,-1.3977057448424313,,,,,,,,,,,,,,,,,,,,,2,2
2013-02-19 06:00:00+00:00,0.4673808217048645,-3.4623997500829495,0.3016493320465088,-2.14204138257535,,,,,,,,,,,,,,,,,,,,,2,2
2013-02-19 12:00:00+00:00,0.5386334359645844,-4.334671779322506,0.7603171616792679,-1.1578526588521558,,,,,,,,,,,,,,,,,,,,,2,2
2013-02-19 18:00:00+00:00,0.5432925224304199,-3.9926679626588726,0.4506545662879944,-2.0929725304718945,,,,,,,,,,,,,,,,,,,,,2,2
2013-02-20 00:00:00+00:00,0.4973892569541931,-3.797054963819829,0.5404402315616608,-0.33417386242049213,,,,,,,,,,,,,,,,,,,,,2,2
2013-02-20 06:00:00+00:00,0.5252312421798706,-5.023007463559749,0.4442470073699951,-3.4056405450947795,,,,,,,,,,,,,,,,,,,,,3,3
2013-02-20 12:00:00+00:00,0.2011394500732422,-0.6860650380660458,0.5526045858860016,-7.376969353439171,,,,,0.6498415470123291,-4.896317819116445,,,,,,,,,,,,,,,3,3
2013-02-20 18:00:00+00:00,0.27836161851882935,-0.15330764708828687,0.6003849804401398,-7.954805453096228,,,,,,,0.5875642895698547,-1.7309209282703821,,,,,,,,,,,,,3,3
2013-02-21 00:00:00+00:00,0.42736345529556274,-0.006917087030245631,0.5613004565238953,-5.4735602530328045,,,,,,,0.5775838494300842,-1.7561208719055268,,,,,,,,,,,,,3,3
2013-02-21 06:00:00+00:00,,,0.43953579664230347,-5.9643413588756795,,,,,,,,,,,,,,,,,,,,,2,2
2013-02-21 12:00:00+00:00,0.14093726873397827,-0.23429909295819695,0.527649998664856,-8.640922888995705,,,,,,,,,,,,,,,,,,,,,2,2
2013-02-21 18:00:00+00:00,,,0.473055899143219,-10.485306802713252,,,,,,,,,,,,,,,,,,,,,1,1
2013-02-22 00:00:00+00:00,,,0.5839730501174927,-8.856724470324005,,,,,,,,,,,,,,,,,,,,,1,1
2013-02-22 06:00:00+00:00,,,0.4335862398147583,-6.320455792330292,,,,,,,,,,,,,,,,,,,,,1,1
2013-02-22 12:00:00+00:00,,,0.46869903802871704,-6.406383502764465,,,,,,,,,,,,,,,,,,,,,1,1
2013-02-22 18:00:00+00:00,,,0.4476536512374878,-8.468723833198169,,,,,,,,,,,,,,,,,,,,,1,1
2013-02-23 00:00:00+00:00,,,0.5075139701366425,-8.869002298437264,,,,,,,,,,,,,,,,,,,,,1,1
2013-02-23 06:00:00+00:00,,,0.4404031038284302,-6.056499146493255,,,,,,,,,,,,,,,,,,,,,1,1
2013-02-23 12:00:00+00:00,,,0.5034138262271881,-7.707363989947295,,,0.26056063175201416,-0.3190872339308736,,,,,,,,,,,,,,,,,2,2
2013-02-23 18:00:00+00:00,,,0.4924948215484619,-5.400411649176203,,,0.29090607166290283,-9.535735650550246,,,,,,,,,,,,,,,,,2,2
2013-02-24 00:00:00+00:00,,,0.4694032073020935,-4.367704730788826,,,,,,,,,0.08698415756225586,-6.386138150833528,,,,,,,,,,,2,2
2013-02-24 06:00:00+00:00,,,0.5275316834449768,-5.736928638299137,,,,,,,,,0.2533702850341797,-6.621045504359889,,,,,,,,,,,2,2
2013-02-24 12:00:00+00:00,,,0.4663940668106079,-8.193145276905945,,,0.38259607553482056,-12.793839980982478,,,,,,,,,,,,,,,,,2,2
2013-02-24 18:00:00+00:00,,,0.4560779929161072,-5.475799400961594,,,0.3024441599845886,-8.248302598035783,,,,,,,,,,,,,,,,,2,2
2013-02-25 00:00:00+00:00,,,0.48803162574768066,-10.073723045097214,,,0.3445170521736145,-8.048082843947045,,,,,0.5983290374279022,-2.494731840583542,,,,,,,,,,,4,3
2013-02-25 06:00:00+00:00,,,0.4116957187652588,-4.609898399022884,,,0.22705185413360596,-0.22196958245219117,0.39332032203674316,-3.8528052235125956,,,0.4472857713699341,-2.5176035198590694,,,,,,,,,,,5,5
2013-02-25 12:00:00+00:00,,,0.43460410833358765,-6.020445800755252,,,0.16044878959655762,-0.1628458321562302,0.35508567094802856,-5.284441592782814,,,0.5636269450187683,-4.917962612409725,,,,,,,,,,,5,5
2013-02-25 18:00:00+00:00,,,,,0.43593829870224,-8.524428238811197,0.01854848861694336,0.5659681354983777,0.37094229459762573,-5.335603113566088,,,0.5260075926780701,-5.1255645046325915,,,,,,,,,,,5,5
2013-02-26 00:00:00+00:00,,,0.38715386390686035,-7.340830500703758,0.5163291394710541,-4.649944229417534,0.2389228343963623,0.8884821838966215,0.41702306270599365,-5.797670296178001,,,0.3609250783920288,-7.488768534248676,,,,,,,,,,,6,6
2013-02-26 06:00:00+00:00,,,0.29256319999694824,-8.97299364497092,0.45020824670791626,-5.986587087506032,0.3777952194213867,1.6161867299871444,0.36986178159713745,-6.9643004875284955,,,0.4584288001060486,-3.8784641135401268,,,,,,,,,,,6,6
2013-02-26 12:00:00+00:00,,,0.4873090982437134,-5.739783873595146,0.38107025623321533,-6.674481256752464,0.4746859073638916,5.617265048198131,0.44140422344207764,-9.86803572499596,,,0.4906500577926636,-3.5182981578162247,,,,,,,,,,,6,6
2013-02-26 18:00:00+00:00,,,,,0.3273841142654419,-4.67743109527537,0.5202780961990356,5.247968307999456,0.3140385150909424,-4.760476708710731,,,0.43644165992736816,-3.0592416225985994,,,,,,,,,,,5,5
2013-02-27 00:00:00+00:00,,,,,0.34262776374816895,-2.967902079839214,0.4221152067184448,3.19855185344458,0.264265239238739,-1.8206367828416876,,,0.00670015811920166,-0.696431127759746,0.5133854448795319,-3.859690657202049,,,,,,,,,5,5
2013-02-27 06:00:00+00:00,,,,,0.25035953521728516,-4.269244864678383,0.31873297691345215,3.4708820912619474,0.23294830322265625,-4.637016883708586,,,0.41673582792282104,-17.71168873006374,0.49141907691955566,-2.2955020986699717,,,,,,,,,5,5
2013-02-27 12:00:00+00:00,,,,,0.2821143865585327,-4.405883544100912,0.4104076623916626,2.668750859670786,0.4161922335624695,-6.567132951366151,,,0.1375560164451599,-0.07656988148332768,0.6059823930263519,-4.385394131257808,,,,,,,,,5,5
2013-02-27 18:00:00+00:00,,,,,0.24816608428955078,-1.9672119303151576,0.30309057235717773,1.166694436883385,0.33313703536987305,-8.580709240346266,,,0.16086333990097046,-0.018414976157242035,0.43203240633010864,-4.0129396474315815,,,,,,,,,6,6
2013-02-28 00:00:00+00:00,,,,,0.16925251483917236,-0.12000263534648326,0.20970559120178223,4.035422190000985,0.28929513692855835,-2.4346616265240515,,,0.21626663208007812,0.1510712372641964,0.2857111096382141,-3.6959676491307882,,,,,,,,,6,6
2013-02-28 06:00:00+00:00,,,,,0.12308579683303833,-3.6135639886056263,0.3595151901245117,2.360892455168752,0.413504421710968,-5.742180188368667,,,0.4740496873855591,-13.161395532873835,0.28492486476898193,-0.11598118619233436,,,,,,,,,7,7
2013-02-28 12:00:00+00:00,,,,,0.14229977130889893,-0.23015417641844219,0.4295310974121094,2.322611363870918,0.46435022354125977,-1.6655051250749449,,,0.40415698289871216,-17.23705418233677,0.4680589437484741,-2.002348694912904,,,,,,,,,6,6
2013-02-28 18:00:00+00:00,,,,,0.1401139497756958,-0.034005773620743085,0.2892664670944214,1.4073004643879017,,,,,0.18572241067886353,-0.6198743801519534,0.2925375699996948,-1.8374508378191388,,,,,,,,,6,6
2013-03-01 00:00:00+00:00,,,,,0.40496373176574707,-0.7160850403234416,0.32314014434814453,1.2917660056466085,,,,,0.29269570112228394,-22.700990416209603,0.36539238691329956,-4.776770236000872,,,,,,,,,6,6
2013-03-01 06:00:00+00:00,,,,,0.08440417051315308,-0.09992577030363846,0.37133777141571045,4.4637727663950395,,,,,0.16645914316177368,-0.586556969863664,,,0.40010327100753784,-1.753852398206647,,,,,,,5,5
2013-03-01 12:00:00+00:00,,,,,0.08629322052001953,-0.3016521389260705,0.48314857482910156,4.177211947065197,,,0.4220418334007263,-2.2568701052563296,0.042590558528900146,-1.2879026173950876,,,,,,,,,,,6,5
2013-03-01 18:00:00+00:00,,,,,0.34775471687316895,-2.39131005520866,0.24229896068572998,0.6132942602390656,0.49111926555633545,4.085201808138192,0.4254262447357178,-1.1774027996674927,0.18460619449615479,-5.322412769342196,,,,,,,,,,,5,5
2013-03-02 00:00:00+00:00,,,,,0.27381956577301025,0.17735855747827492,0.16236472129821777,0.5182869061182394,0.4740641117095947,3.0332029023994065,0.23412001132965088,-2.147146670885185,0.11088025569915771,-3.8150109980988836,,,,,,,,,,,5,5
2013-03-02 06:00:00+00:00,,,,,,,0.366366982460022,2.651085068571278,0.557477593421936,8.141037465596128,0.23494064807891846,-2.0104575076631943,0.12762117385864258,-3.7907852610905386,,,,,,,,,,,5,4
2013-03-02 12:00:00+00:00,,,,,0.3679673671722412,0.4040252415698173,0.22206687927246094,1.4473521130204712,0.45863068103790283,8.613026321644469,0.42923736572265625,-1.0628347106185922,0.16954702138900757,-0.4013118554771385,,,,,,,,,,,5,5
2013-03-02 18:00:00+00:00,,,,,,,0.30393004417419434,4.743624484051601,0.4901772737503052,6.317739767905165,,,0.15724289417266846,-5.397802303981536,,,,,,,,,,,4,3
2013-03-03 00:00:00+00:00,,,,,,,0.22191905975341797,3.5082788759876817,0.50257408618927,9.118636320205175,,,0.09745413064956665,-0.3490736063066018,,,,,,,,,,,4,3
2013-03-03 06:00:00+00:00,,,,,0.3011888861656189,0.09318390587098924,0.25647974014282227,6.551771868883987,0.5263888835906982,7.229630948577506,0.7582500278949738,-1.4430698658903132,0.1490715742111206,-3.146674043382295,,,,,,,,,,,5,5
2013-03-03 12:00:00+00:00,,,,,0.8167630434036255,-1.469912847475951,0.26210153102874756,4.84332041579545,0.5501965284347534,7.577290871083759,,,,,0.11910301446914673,-1.2554173702770004,,,0.20292460918426514,0.2555036131721631,,,,,6,6
2013-03-03 18:00:00+00:00,0.23601847887039185,0.06443701289202416,,,0.5266612768173218,-0.273080994191535,0.25688087940216064,6.212403567094644,0.5424213409423828,6.099329856500855,,,,,0.11304843425750732,-3.021629787711836,,,,,,,,,5,5
2013-03-04 00:00:00+00:00,,,,,,,0.2364177703857422,1.9113250286698549,0.5604746341705322,9.549523165114222,,,,,0.29494261741638184,-12.707105800134299,,,0.1298757791519165,1.2329338804979555,0.5221074819564819,0.11183171215821902,,,6,5
2013-03-04 06:00:00+00:00,0.23208951950073242,-0.5842024303354194,,,,,0.3350832462310791,10.425402953051083,0.5623970031738281,5.321114046340476,,,,,0.22204315662384033,-5.871287179104967,,,,,,,,,4,4
2013-03-04 12:00:00+00:00,0.39762449264526367,0.6913641418611918,,,,,0.30316758155822754,5.607213973755346,0.5845212936401367,7.539478480528215,,,,,0.1922057867050171,-1.274420616441469,,,,,0.19726836681365967,-0.4209160288878398,,,5,5
2013-03-04 18:00:00+00:00,,,,,,,0.31395626068115234,3.3529377457239313,0.5852891206741333,5.468293302264846,,,,,0.21397089958190918,-4.0084359901339885,,,,,0.7327578067779541,-0.07626376681476536,,,4,4
2013-03-05 00:00:00+00:00,0.6072949171066284,0.01013593907007409,,,,,0.3017615079879761,3.4544909922696565,0.5851638317108154,3.4637459883165675,,,,,0.13119429349899292,-2.2036815798888147,,,,,0.31019043922424316,0.2959310995036181,,,5,5
2013-03-05 06:00:00+00:00,,,,,,,0.32848477363586426,3.1296026552437097,0.5162448883056641,4.3482239231502975,,,,,0.2716076374053955,-4.245982983045824,,,,,,,,,3,3
2013-03-05 12:00:00+00:00,,,,,,,0.3320869207382202,12.741506167792222,0.5782761573791504,10.947800612446574,,,,,0.33833420276641846,-7.934595943419625,,,,,0.20941698551177979,0.4494927113376595,,,4,4
2013-03-05 18:00:00+00:00,0.33825862407684326,6.960385140942652,,,,,,,0.33471083641052246,13.8741842421938,,,,,0.3277483582496643,-9.977064424628665,,,,,,,,,5,5
2013-03-06 00:00:00+00:00,0.36190807819366455,1.5474217197027105,,,,,,,0.33938920497894287,2.2099830269213516,0.5256592035293579,4.765916572414934,,,0.2861810326576233,-3.5071413328381285,,,,,,,,,5,5
2013-03-06 06:00:00+00:00,0.10095155239105225,-0.3710031917307258,,,,,0.4063340425491333,6.378458741963551,0.35427141189575195,17.045304363416317,0.449951171875,6.8473879076419095,,,0.2598799467086792,-9.738592303953025,,,,,,,,,5,5
2013-03-06 12:00:00+00:00,0.27663540840148926,3.1552998444050804,,,,,0.464347243309021,2.659476918840587,0.3893314599990845,10.868679214613957,0.44696974754333496,13.456047213403384,,,0.32521408796310425,-6.335069928173254,,,,,,,,,5,5
2013-03-06 18:00:00+00:00,0.115692138671875,-0.10045008076103162,,,,,,,0.3309180736541748,6.863663152956763,0.34149134159088135,3.24913710978677,,,0.33284634351730347,-4.3368635070255515,,,,,,,,,5,5
2013-03-07 00:00:00+00:00,0.04203510284423828,-0.8009115010432848,,,,,,,0.19412541389465332,6.672304642306259,0.5452450513839722,6.259464030744029,,,0.3205990791320801,-7.246837325647563,0.2997102737426758,-8.886510684734818,,,,,,,6,6
2013-03-07 06:00:00+00:00,0.004600167274475098,0.06581885588154861,,,,,0.4511638879776001,2.649512725465335,0.2834770679473877,9.273201883801068,0.4833899736404419,3.360808253048582,,,0.23560744524002075,-2.1584922049572466,0.14719557762145996,-0.0027820533562125877,,,,,,,6,6
2013-03-07 12:00:00+00:00,0.08900749683380127,0.6116336498099783,0.39363980293273926,2.7987828940564117,,,,,0.28303492069244385,7.989481541139981,0.5230485200881958,3.043311546016772,,,0.28992098569869995,-2.2480985952883583,0.10339760780334473,-0.08060540233826215,,,,,,,7,7
2013-03-07 18:00:00+00:00,0.10569000244140625,0.5656869230278858,0.5688287019729614,4.804259710132728,,,,,0.30691099166870117,8.708747934373681,0.35637664794921875,0.28059120090742945,,,,,0.2510454058647156,-1.6854200913157247,,,,,,,7,7
2013-03-08 00:00:00+00:00,0.09743750095367432,-0.06723954960620582,0.2913151979446411,1.0764865570241868,,,,,0.37089812755584717,9.728833360909709,0.5578349828720093,0.21915671938330367,,,,,0.23516029119491577,-1.145818492829679,,,,,,,6,6
2013-03-08 06:00:00+00:00,0.030933499336242676,0.10670465757842484,0.49392473697662354,4.515992134286066,,,,,0.30473530292510986,5.716711658104546,0.690187931060791,0.7581129399593451,,,,,0.2618620991706848,-0.4208626421878648,,,,,,,5,5
2013-03-08 12:00:00+00:00,0.09473037719726562,0.8485534277420922,0.3996775150299072,5.356646921416682,,,,,0.31540894508361816,4.956223488522385,,,,,,,0.1280348300933838,0.22572216946293616,,,,,,,4,4
2013-03-08 18:00:00+00:00,0.15997636318206787,2.989477174147211,0.30697596073150635,3.0749703602823817,,,,,0.23341143131256104,2.7096438621387993,,,,,,,,,,,,,,,3,3
2013-03-09 00:00:00+00:00,0.1702582836151123,0.5408353132597424,0.5182250738143921,4.3653185081812,,,,,0.3287428617477417,2.304478726114418,,,,,,,,,,,,,,,3,3
2013-03-09 06:00:00+00:00,0.06113404035568237,0.4615720912358057,0.5032891035079956,6.382862137513186,,,,,0.3894730806350708,5.493172811564262,,,,,,,,,,,,,,,3,3
2013-03-09 12:00:00+00:00,0.05300331115722656,0.38418433450339984,,,,,,,0.5202560424804688,6.4618734055413505,0.25137877464294434,12.103679842906452,,,,,,,,,,,,,3,3
2013-03-09 18:00:00+00:00,0.1803123950958252,0.4567549169583364,0.8415132761001587,0.5552468419717091,,,,,0.2480025291442871,2.294412614323657,0.0956956148147583,3.855236628871821,,,,,,,,,,,,,4,4
2013-03-10 00:00:00+00:00,0.1455143690109253,-0.04219027594223148,0.4388749599456787,0.15376273071701543,,,,,0.326737642288208,3.5260910394038807,0.26608526706695557,3.1416977261878656,,,,,,,,,,,,,4,4
2013-03-10 06:00:00+00:00,0.0897487998008728,0.8263479913418935,0.31635594367980957,3.498768471926847,,,,,0.7455158233642578,2.2926913417711825,0.24048995971679688,2.7530562252234825,,,,,,,,,,,,,5,5
2013-03-10 12:00:00+00:00,0.27996957302093506,0.7164790583631802,0.21581172943115234,-0.18301322170346693,,,,,0.4322631359100342,2.1280539124538387,0.35010385513305664,4.645011873162492,,,,,,,,,,,,,5,5
2013-03-10 18:00:00+00:00,,,0.24301183223724365,0.5172689483532432,,,,,0.6489330530166626,1.0640169875113712,,,,,,,,,,,,,,,3,3
2013-03-11 00:00:00+00:00,,,0.07381123304367065,-0.4820025898780089,,,,,0.7347443103790283,1.5570878208740846,0.537542462348938,3.1379937600833028,,,,,,,,,,,,,4,4
2013-03-11 06:00:00+00:00,,,0.10141432285308838,0.18064811396415298,,,,,,,0.5361047983169556,1.958671776808691,,,,,,,,,,,,,4,4
2013-03-11 12:00:00+00:00,,,0.18092596530914307,0.28383332178137777,,,,,,,0.6027604341506958,0.31591317173282174,,,,,,,,,,,,,4,4
2013-03-11 18:00:00+00:00,,,0.012649774551391602,0.8671206858004078,,,,,,,0.060546040534973145,0.7772066936954554,,,,,,,,,,,,,3,3
2013-03-12 00:00:00+00:00,,,0.1049947738647461,0.7302921267145543,,,,,,,0.1562698483467102,0.2830525666196177,,,,,,,,,,,,,3,3
2013-03-12 06:00:00+00:00,,,0.19267559051513672,1.095686193700046,,,,,,,0.16814136505126953,-0.17315169039852168,,,,,,,,,,,,,4,4
2013-03-12 12:00:00+00:00,,,0.10928785800933838,1.164781683810114,,,,,,,0.016986608505249023,0.48447793575702375,,,,,,,,,,,,,3,3
2013-03-12 18:00:00+00:00,,,0.09891438484191895,1.4026972389556074,,,,,,,0.05220508575439453,-0.4240713180271112,,,,,,,,,,,,,3,3
2013-03-13 00:00:00+00:00,,,0.08645641803741455,0.45177173142878935,,,,,,,0.15201997756958008,0.15570882680398915,,,,,,,,,,,,,3,3
2013-03-13 06:00:00+00:00,,,0.17745018005371094,0.1950775392986216,,,,,,,0.6199267208576202,-8.38843632724367,,,,,,,,,,,,,3,3
2013-03-13 12:00:00+00:00,,,0.19638729095458984,0.49630793096726294,0.5574938058853149,0.8757061347317661,,,,,0.011094093322753906,-0.019707648887887196,,,,,,,,,,,,,3,3
2013-03-13 18:00:00+00:00,,,0.11792457103729248,0.1290538023096209,0.6615396738052368,4.275640234020282,,,,,0.12385016679763794,-0.2927712039306155,,,,,,,,,,,,,3,3
2013-03-14 00:00:00+00:00,,,0.24037528038024902,-0.548612505029007,0.3810281753540039,3.7286904743345737,,,0.7348765134811401,-1.3799929165880884,,,,,,,,,,,,,,,4,4
2013-03-14 06:00:00+00:00,,,0.0007561445236206055,0.3742026299699388,0.39177024364471436,1.50406289854513,,,0.6282829940319061,-8.29352749349878,,,,,,,,,,,,,,,4,4
2013-03-14 12:00:00+00:00,0.0242234468460083,0.26712611045409274,0.03753924369812012,0.26386945599656797,0.16666460037231445,0.11128423433441373,,,0.6167876720428467,-5.399780221652215,0.37951648235321045,1.4484063780900585,,,0.12485754489898682,-1.2039945318016285,,,,,,,,,6,6
2013-03-14 18:00:00+00:00,0.03320503234863281,-0.25527405590862595,0.11107051372528076,0.5093932881748449,0.09837895631790161,0.024098699092274335,,,0.5685360729694366,-8.627091816410653,0.178297758102417,-23.194682255669278,,,,,,,,,,,,,5,5
2013-03-15 00:00:00+00:00,0.2942335605621338,0.41090145759268776,,,0.08891916275024414,0.11801165622334443,,,0.5669558644294739,-11.063193110614485,0.42259418964385986,2.6161617135535504,,,,,,,,,,,,,5,5
2013-03-15 06:00:00+00:00,0.043771445751190186,1.265015700094726,,,0.43628430366516113,0.3430931127138333,,,0.6208851933479309,-9.22108564497354,0.28679871559143066,-7.636213762535612,,,,,0.4013655185699463,0.8814854443899579,,,,,,,5,5
2013-03-15 12:00:00+00:00,0.2142256498336792,1.5232235982014717,,,0.33981215953826904,-0.3112284398460666,,,0.5672626793384552,-10.679959798296355,0.2739490270614624,1.325044683300717,,,,,0.36897873878479004,2.8924270370664527,,,,,,,5,5
2013-03-15 18:00:00+00:00,,,,,0.06597018241882324,-0.3294685570632007,,,0.5207465589046478,-9.64335026731396,0.4983936548233032,1.0830861858350118,,,,,0.45595598220825195,2.513238975106878,,,,,,,5,4
2013-03-16 00:00:00+00:00,0.0845947265625,0.6162754837055482,0.31733250617980957,-0.19991877887448356,0.3739374876022339,-0.01698264430914076,,,0.6264720261096954,-6.932263847606439,0.21959221363067627,-0.01706596668539798,,,,,0.1281512975692749,0.20776849713307907,,,,,,,6,6
2013-03-16 06:00:00+00:00,0.4137401580810547,-0.10245578324082592,,,0.2033553123474121,0.24702015291051918,,,0.6043765842914581,-7.78696878844826,0.06731641292572021,-7.705431915888347,,,,,0.5927102565765381,2.107723654061965,,,,,,,5,5
2013-03-16 12:00:00+00:00,0.25985366106033325,-0.6403467914379087,,,0.0647357702255249,-0.036066862854788904,,,0.6414927840232849,-6.888120782089746,0.4251861572265625,-6.294936112475461,,,,,0.4376704692840576,0.050983501185955446,,,,,,,6,5
2013-03-16 18:00:00+00:00,0.013734698295593262,0.19409232391134204,0.005056440830230713,-1.314733012856512,0.40801680088043213,0.322284360424471,,,0.6502445340156555,-4.961324335067654,0.07260024547576904,0.11659787239643378,,,,,0.4723626375198364,1.5656189323416856,,,,,,,6,6
2013-03-17 00:00:00+00:00,0.12419116497039795,1.3829204222247697,0.5717806220054626,-0.22097667049429573,0.2940971851348877,-0.13316614983930355,,,0.6151637434959412,-8.204024269942355,0.8211322277784348,-2.5378919787202543,,,,,0.6159795522689819,1.55140779989122,,,,,,,6,6
2013-03-17 06:00:00+00:00,0.01981377601623535,0.2822011000166504,,,0.09224069118499756,0.45218817163297315,,,0.6552709639072418,-6.563709254841064,,,,,,,0.4576948881149292,1.6552543836809002,,,,,,,4,4
2013-03-17 12:00:00+00:00,0.4394972324371338,-0.26978685481335424,,,0.3080223798751831,-0.09849348803245758,,,0.52479487657547,-5.6468207916764355,,,,,,,0.44941794872283936,0.10621342606186203,,,,,,,4,4
2013-03-17 18:00:00+00:00,0.5844748020172119,7.8294024279162455,,,0.08384418487548828,0.33027871917574086,,,0.5000055432319641,-6.983112710013942,,,,,,,0.2696446180343628,0.3292991782700248,,,,,,,4,4
2013-03-18 00:00:00+00:00,0.4402846693992615,0.6746350020923728,,,0.19587945938110352,0.7202534116617842,,,0.526579886674881,-6.632903701177897,,,,,,,0.21594059467315674,-0.07655169981759376,,,,,,,4,4
2013-03-18 06:00:00+00:00,0.10438883304595947,-0.20687670249997628,,,0.21754193305969238,-0.37343287225282357,,,0.5539807677268982,-11.740074512514964,,,,,,,,,,,,,,,3,3
2013-03-18 12:00:00+00:00,0.2127600908279419,-0.10686757737401996,,,0.7854429483413696,-0.07117581567003949,,,,,0.4702194333076477,-6.993623876231315,,,,,,,,,,,,,3,3
2013-03-18 18:00:00+00:00,0.1571100354194641,0.45106892498641554,,,0.0654836893081665,0.5640798916019382,,,,,0.4854632616043091,-3.0796941751556006,,,,,,,,,,,,,3,3
2013-03-19 00:00:00+00:00,0.10532975196838379,0.9350538205381707,,,0.3194197416305542,-1.2058858392919543,,,,,0.5462105572223663,-6.3228850911262215,,,,,,,,,,,,,3,3
2013-03-19 06:00:00+00:00,0.19610321521759033,0.19684936698431038,,,,,,,,,0.5755321085453033,-2.23265007308855,,,,,,,,,,,,,5,3
2013-03-19 12:00:00+00:00,0.5164437294006348,0.7413204187100781,,,,,,,,,0.6052064895629883,-4.395246254365108,,,,,,,,,,,,,3,3
2013-03-19 18:00:00+00:00,0.24183005094528198,0.5135345172669009,,,,,,,,,0.4916383624076843,-2.8505360872951298,,,,,,,,,,,,,3,3
2013-03-20 00:00:00+00:00,0.19036614894866943,-0.3549924201536315,,,,,,,,,0.4935893416404724,-2.88847894206163,,,,,,,,,,,,,3,3
2013-03-20 06:00:00+00:00,0.20771020650863647,0.43164417721090187,,,,,,,,,0.37817907333374023,-3.4604506244554054,,,,,,,,,,,,,2,2
2013-03-20 12:00:00+00:00,0.11544275283813477,-0.07518255678823463,,,,,,,,,0.4751349687576294,-4.149105127676589,,,,,,,,,,,,,3,3
2013-03-20 18:00:00+00:00,0.330981969833374,-1.375507485435572,,,,,,,,,0.47593820095062256,-1.7019427137690109,,,,,,,,,,,,,3,3
2013-03-21 00:00:00+00:00,0.417557954788208,-1.3718667449273871,,,,,,,,,0.25467509031295776,-1.6007057347716167,,,,,,,,,,,,,3,3
2013-03-21 06:00:00+00:00,0.37850213050842285,-2.3124560994949825,,,,,,,,,0.1965436339378357,-0.4789087061611169,,,,,,,,,,,,,2,2
2013-03-21 12:00:00+00:00,0.39104461669921875,-3.268087911287277,,,,,,,,,0.2099202275276184,0.1670210440887023,,,,,,,,,,,,,2,2
2013-03-21 18:00:00+00:00,0.31158387660980225,-0.9172772389288438,,,,,,,,,0.18139290809631348,-0.5655229434596873,,,,,,,,,,,,,2,2
2013-03-22 00:00:00+00:00,0.4594643712043762,-2.8609303565208966,,,,,,,,,0.06962662935256958,0.11651428206870666,,,,,,,,,,,,,2,2
2013-03-22 06:00:00+00:00,0.37155240774154663,-1.4198448833226247,,,,,,,,,0.27517300844192505,-0.4075005681273163,,,,,,,,,,,,,2,2
2013-03-22 12:00:00+00:00,0.4754559397697449,-2.1085597976369637,,,,,,,,,0.3331981897354126,-0.9488667615498451,,,,,,,,,,,,,2,2
2013-03-22 18:00:00+00:00,0.39222443103790283,-8.641840005770854,,,,,,,,,,,,,,,,,,,,,,,1,1
2013-03-23 00:00:00+00:00,0.38591790199279785,-5.861107215763461,,,,,,,,,,,,,,,,,,,,,,,1,1
2013-03-23 06:00:00+00:00,0.3910443186759949,-7.148929874604734,,,,,,,,,,,,,,,,,,,,,,,1,1
2013-03-23 12:00:00+00:00,0.4805039167404175,-7.86814398732781,,,,,0.23739838600158691,-0.5575540336820417,,,,,0.1876562237739563,-0.9739391689415697,,,,,,,,,,,3,3
2013-03-23 18:00:00+00:00,0.3817417621612549,-4.502469337287689,,,,,0.4577946662902832,-1.5230976575997976,,,,,0.6382745206356049,-2.0756101890809306,,,,,,,,,,,3,3
2013-03-24 00:00:00+00:00,,,0.4168570041656494,-4.8723768798753415,,,,,0.5150071978569031,-1.0640252554355583,,,,,0.1037406325340271,-0.23655904591794974,,,,,,,,,3,3
2013-03-24 06:00:00+00:00,,,0.5375486016273499,-9.584819942995097,,,,,0.5079599618911743,-8.829391513606941,,,,,0.21745967864990234,-0.8820951950185499,,,,,,,,,4,4
2013-03-24 12:00:00+00:00,,,0.3689499497413635,-5.6438998938678155,,,,,,,,,,,0.5015351176261902,-13.001951115980123,,,,,,,,,4,4
2013-03-24 18:00:00+00:00,,,0.4807690382003784,-7.305188926800982,,,,,,,,,,,0.4201180934906006,-11.262260817156442,,,,,,,,,4,4
2013-03-25 00:00:00+00:00,,,0.42549365758895874,-2.596419778632996,,,,,,,,,,,0.4491601586341858,-4.103572347844104,,,,,,,,,4,4
2013-03-25 06:00:00+00:00,,,0.43930840492248535,-6.174722671237364,,,,,0.45206183195114136,-4.926138730352509,,,,,0.5357324481010437,-3.630768958202421,,,,,,,,,5,5
2013-03-25 12:00:00+00:00,,,0.5707025527954102,-9.248144944361815,,,,,0.391523540019989,-2.9927431600472434,,,,,0.48350220918655396,-3.734820092125957,,,,,,,,,5,5
2013-03-25 18:00:00+00:00,,,0.49020808935165405,-9.20947140781331,,,,,0.2792988419532776,-1.3265638536499638,,,,,0.6100523769855499,-6.142149486282329,,,,,,,,,5,5
2013-03-26 00:00:00+00:00,,,0.43873631954193115,-3.6215965922541105,0.4725290536880493,-5.3231776466313825,,,0.04475092887878418,0.33556175093899837,,,,,0.4747996926307678,-6.024629677960437,,,,,,,,,5,5
2013-03-26 06:00:00+00:00,,,0.36825209856033325,-4.048790141539404,0.414051353931427,-3.50272197555011,,,0.5487807393074036,-9.945714704008655,,,,,0.510321319103241,-7.985415776289896,,,,,,,,,6,6
2013-03-26 12:00:00+00:00,,,0.19195705652236938,-5.112410055613238,0.34986013174057007,-6.136273008163154,,,0.2800598740577698,-7.842737254860065,,,,,0.4521385431289673,-2.919726433492748,,,,,,,,,6,6
2013-03-26 18:00:00+00:00,,,0.4658607840538025,-6.675213415564165,0.3506931662559509,-2.147619918889656,,,0.2532850503921509,-5.247752118539621,,,,,0.10762226581573486,-0.18512304957642253,,,,,,,,,6,6
2013-03-27 00:00:00+00:00,,,0.541784405708313,-5.7603073061320975,0.26686322689056396,-4.821704444883324,,,0.3401266932487488,-3.3306628101204265,,,,,0.38701117038726807,-3.117906682357592,,,,,,,,,6,6
2013-03-27 06:00:00+00:00,,,0.4983263611793518,-8.30420983121088,0.26431041955947876,-1.669882492970796,,,0.36079883575439453,-4.889540363129301,,,,,0.48251694440841675,-7.228368748015925,,,,,,,,,6,6
2013-03-27 12:00:00+00:00,,,0.667276531457901,-0.8873016220007075,0.345550537109375,-7.114181695390913,,,0.2616748809814453,-1.0827689936256162,,,0.5251288414001465,0.8040874488244116,0.4345164895057678,-1.3168985454039497,,,,,,,,,6,6
2013-03-27 18:00:00+00:00,,,0.10427916049957275,0.7413070080376915,0.38222336769104004,-3.4425006986450812,,,0.5177427530288696,-2.3238880757955056,,,0.06722867488861084,-0.404962785606734,0.6346249282360077,-5.786183947038541,,,,,,,,,6,6
2013-03-28 00:00:00+00:00,,,,,0.3662484288215637,-1.0039578456485518,,,0.6399432122707367,-4.881767350842311,,,0.041186749935150146,-1.0295209995503076,0.5225614309310913,-0.6087173266057643,,,,,,,,,6,6
2013-03-28 06:00:00+00:00,,,0.6800038516521454,-2.7302506030346074,0.21261531114578247,-1.269202995767891,,,,,0.1794346570968628,-1.3713029110308501,0.2508837580680847,-0.35778510448181816,0.3288462162017822,-2.0389869009234376,,,,,,,,,7,7
2013-03-28 12:00:00+00:00,,,0.16995954513549805,-0.12126280783518052,0.3682871460914612,-6.66025550331459,,,,,0.3267354369163513,-7.648138869145425,0.32591813802719116,-0.0933128716656397,0.2208108901977539,0.29960260970595937,0.31611567735671997,-2.7042123779305682,,,,,,,7,7
2013-03-28 18:00:00+00:00,,,0.6342499554157257,-2.8971931972629075,0.5690919756889343,-16.037200262162724,,,,,,,0.026562273502349854,-0.3333176668418046,0.18888789415359497,-0.447161434345689,,,,,,,,,5,5
2013-03-29 00:00:00+00:00,,,0.5967377126216888,-6.17259226673901,0.2803187370300293,-0.9921828069267348,,,,,,,0.16668134927749634,-0.43830707198606667,0.3085983991622925,-6.639336231732181,0.14245283603668213,-2.041620814563185,,,,,,,5,5
2013-03-29 06:00:00+00:00,,,,,0.1093866229057312,-0.14808389875967673,,,,,,,0.15093207359313965,-0.7442029704518424,0.11633038520812988,0.09447910362862834,0.6044762432575226,-1.031384493702738,,,,,,,5,5
2013-03-29 12:00:00+00:00,,,,,0.0405656099319458,-0.13298787655996516,,,,,,,0.12113630771636963,-0.5578204773512008,0.42648905515670776,-1.3821681289980572,0.363397479057312,-0.8223325825552321,,,,,,,4,4
2013-03-29 18:00:00+00:00,,,,,0.01707547903060913,-0.31054061499580904,,,,,,,0.2957683801651001,-1.1197334457808314,0.06449246406555176,0.6105156137806549,0.05224609375,1.1986752338947078,,,,,,,4,4
2013-03-30 00:00:00+00:00,,,,,0.10428082942962646,-0.7290091197978158,,,,,,,0.17485380172729492,-2.550026000304802,,,0.03200256824493408,0.3281210617521438,,,,,,,3,3
2013-03-30 06:00:00+00:00,,,,,0.052200138568878174,-1.6274140618935666,0.08359813690185547,-0.8187476397075479,0.042990803718566895,0.5335265876640184,,,0.23188269138336182,-2.4693572423983157,,,0.2697364091873169,0.8623939484323432,,,,,,,5,5
2013-03-30 12:00:00+00:00,,,,,0.022192656993865967,-0.04833215904361329,0.13957488536834717,-0.31810755871624574,0.48093903064727783,3.8038096757555646,,,0.31945914030075073,-6.057837266203936,,,0.2426903247833252,-0.4955932655603552,,,,,,,6,6
2013-03-30 18:00:00+00:00,,,,,0.8318468332290649,-6.208828585257054,0.14699852466583252,0.17060507968434566,0.6510504484176636,4.336416979441493,,,0.32384127378463745,-4.095784410653613,,,0.4952111840248108,-3.4661611472317095,,,,,,,6,6
2013-03-31 00:00:00+00:00,,,,,0.14980340003967285,0.3965618050557427,0.1587531566619873,1.5595940351554163,0.4063977003097534,2.9060014518337973,,,0.3445402979850769,-7.774833580296842,,,,,,,,,,,4,4
2013-03-31 06:00:00+00:00,,,,,,,0.07924437522888184,1.0141101401198631,0.778455376625061,5.280847102469064,,,0.3654811978340149,-11.579714886295918,,,0.5173293650150299,-0.668615330087154,,,,,,,4,4
2013-03-31 12:00:00+00:00,,,,,,,0.3895606994628906,1.4784169198769939,0.7497773170471191,7.76744728628858,,,0.32566380500793457,-6.274315962497394,,,0.5822375416755676,-1.0939362534875896,,,,,,,4,4
2013-03-31 18:00:00+00:00,,,,,,,0.2653294801712036,4.979523716680324,0.6511322259902954,4.375583049184924,,,0.36469918489456177,-14.5205303075852,,,0.4995211958885193,-0.3020568501966963,,,,,,,4,4
2013-04-01 00:00:00+00:00,,,,,,,0.287176251411438,2.8116104877520165,0.6640303134918213,4.4839841607981406,,,,,0.3567146062850952,-7.195251172200732,,,,,,,,,3,3
2013-04-01 06:00:00+00:00,,,,,,,0.2817174196243286,4.984472293611279,0.6895984411239624,3.8984344734190124,,,,,0.3824411630630493,-4.7963198307658255,,,,,,,,,3,3
2013-04-01 12:00:00+00:00,0.19186347723007202,0.6972196062236924,,,,,0.24748384952545166,5.973181733818899,0.6424741744995117,3.6923381990035358,,,,,0.2875025272369385,-2.678018315841802,,,,,,,,,5,5
2013-04-01 18:00:00+00:00,0.5838946104049683,-1.4564173772377633,,,,,0.3821309804916382,5.181238294778835,0.5162668228149414,5.0376185264705295,,,,,0.46527373790740967,-8.116125134505124,,,,,,,,,6,6
2013-04-02 00:00:00+00:00,0.3371288776397705,4.707979455589,,,,,0.3709981441497803,2.3902102690389646,0.5766826868057251,5.94576894398073,,,,,0.3665734529495239,-11.757299393078688,,,,,,,,,5,5
2013-04-02 06:00:00+00:00,0.31837522983551025,0.5483033054221483,,,,,0.3606688976287842,3.746432079686527,0.4943424463272095,2.4547776108302224,,,,,0.4315427541732788,-5.246447159848587,,,,,,,,,6,6
2013-04-02 12:00:00+00:00,0.5261024236679077,0.24855612312822603,,,,,0.5042809247970581,3.8270091720539403,0.6825295686721802,4.409101723156484,,,,,0.42743903398513794,-7.536591391432393,,,,,,,,,5,5
2013-04-02 18:00:00+00:00,0.22944879531860352,-0.3080923720030531,,,,,,,0.5123851299285889,3.4631370505286228,,,,,0.35276269912719727,-4.166623056366056,,,,,,,,,5,5
2013-04-03 00:00:00+00:00,0.39759767055511475,1.0750198764949666,,,,,,,0.4786715507507324,10.265390677369178,,,,,0.3705753684043884,-6.446220309339672,,,,,,,,,4,4
2013-04-04 00:00:00+00:00,0.07476407289505005,0.027282226742475157,,,,,,,0.4954122304916382,5.269659230300036,,,,,0.2864447832107544,-6.6258128627241195,,,,,,,,,4,4
2013-04-04 06:00:00+00:00,0.41917872428894043,-0.42052322415997356,,,,,,,0.4469112157821655,8.393259817187948,,,,,0.2875608801841736,-3.9277992719932455,,,,,,,,,3,3
2013-04-04 12:00:00+00:00,0.4327116012573242,-0.33973544417072826,,,,,,,0.5550433397293091,8.090944629418678,,,,,0.2915760278701782,-1.9624187899946592,0.3861786723136902,-1.4622025052182295,,,,,,,5,5
2013-04-04 18:00:00+00:00,0.2880396246910095,-0.3985380909310716,,,,,,,0.45880377292633057,2.407480963202481,,,,,0.2948405146598816,-2.8992874354499825,,,,,,,,,3,3
2013-04-05 00:00:00+00:00,0.21466606855392456,-0.19555001985251458,,,,,,,0.4097323417663574,6.9561596766797855,,,,,0.4731862545013428,-10.131726805540225,0.5183882117271423,-1.742768493362368,,,,,,,5,5
2013-04-05 06:00:00+00:00,0.7620295286178589,-0.10365677502811818,,,,,,,0.3926633596420288,5.055197498393922,,,,,0.20654940605163574,-0.9849939675790184,,,,,,,,,3,3
2013-04-05 12:00:00+00:00,,,,,,,,,0.4997425079345703,3.7380831986175953,,,,,0.11850166320800781,-0.7865142499867603,,,,,,,,,3,2
2013-04-05 18:00:00+00:00,0.15989631414413452,0.04993750642538538,,,,,,,0.3497518301010132,6.1394044355729775,,,,,0.5310120582580566,-6.713201511003773,0.5727896392345428,0.21606933593535718,,,,,,,4,4
2013-04-06 00:00:00+00:00,0.6696314811706543,-0.5296977479013764,,,,,,,0.41655874252319336,3.127840189864322,,,,,,,0.2736170291900635,-0.8747606937574731,,,,,,,4,3
2013-04-06 06:00:00+00:00,0.08593893051147461,-0.14339561521420982,,,,,,,0.18874025344848633,0.3553493526521924,,,,,,,0.2642676830291748,-1.5996096526516812,,,,,,,3,3
2013-04-06 12:00:00+00:00,0.47078824043273926,-0.12616683089639005,,,,,,,0.25403285026550293,0.9869772423195134,,,,,,,0.382041871547699,-1.579298258567379,,,,,,,3,3
2013-04-06 18:00:00+00:00,0.08462285995483398,0.09663582802123756,,,,,,,,,,,,,,,0.2403978705406189,-0.35121140281055463,,,,,,,2,2
2013-04-07 00:00:00+00:00,0.18977564573287964,0.35787801636929195,0.417544960975647,0.826568205078652,,,,,,,,,,,,,0.10916507244110107,-1.6097347641828978,,,,,,,3,3
2013-04-07 06:00:00+00:00,0.7537380456924438,-0.009352023781294912,0.3663144111633301,2.6460250308969075,,,,,,,,,,,,,0.14822667837142944,-0.3244462178689847,,,,,,,3,3
2013-04-07 12:00:00+00:00,,,0.21085655689239502,-0.5639832003323465,,,,,,,,,,,,,0.34866005182266235,-2.4216500705348967,,,,,,,2,2
2013-04-07 18:00:00+00:00,,,0.19928240776062012,1.9479522368250566,,,,,,,,,,,,,0.2095596194267273,0.24407757290037205,,,,,,,2,2
2013-04-08 00:00:00+00:00,,,0.34814655780792236,1.8240751197119554,,,,,,,,,,,,,,,,,,,,,1,1
2013-04-08 06:00:00+00:00,,,0.7657531499862671,2.6068370407987556,,,,,,,,,,,,,,,,,,,,,1,1
2013-04-08 12:00:00+00:00,0.0681307315826416,0.21146238753495955,0.5743563175201416,5.3473760056932464,,,,,,,,,,,,,,,,,,,,,2,2
2013-04-08 18:00:00+00:00,0.23941034078598022,-0.20925791393067814,0.5709445476531982,5.486898597597841,,,,,,,,,,,,,,,,,,,,,2,2
2013-04-09 00:00:00+00:00,0.39957213401794434,0.2710286375765143,0.4477769136428833,4.822681114737504,,,,,,,,,,,,,,,,,,,,,2,2
2013-04-09 06:00:00+00:00,0.011874556541442871,0.7006588800992082,0.47026801109313965,1.9229340215843393,,,,,,,,,,,,,,,,,,,,,2,2
2013-04-09 12:00:00+00:00,0.4786205291748047,0.2878525942890141,0.6668083667755127,1.1152377257275756,,,,,,,,,,,,,,,,,,,,,2,2
2013-04-09 18:00:00+00:00,0.5885767936706543,0.08055135835856868,0.33678674697875977,0.9550990023416448,,,,,,,,,,,,,,,,,,,,,2,2
2013-04-10 00:00:00+00:00,0.023616015911102295,0.04800672803415448,0.35176408290863037,5.083934582405256,,,,,,,,,,,,,,,,,,,,,2,2
2013-04-10 06:00:00+00:00,0.03511357307434082,0.24657118937447894,0.42736899852752686,4.666936215182229,,,,,,,,,,,,,,,,,,,,,2,2
2013-04-10 12:00:00+00:00,0.017145395278930664,0.013212770507307963,0.5529736280441284,3.2413273251719845,,,,,,,,,,,,,,,,,,,,,2,2
2013-04-11 00:00:00+00:00,0.4258752465248108,-0.3564212877420838,,,0.05171859264373779,0.42804816136524076,,,,,,,,,,,,,,,,,,,2,2
2013-04-11 06:00:00+00:00,,,0.30208009481430054,-0.06531100693652399,0.4783221483230591,1.7167320925264937,,,,,,,,,,,,,,,,,,,2,2
2013-04-11 12:00:00+00:00,,,0.37190544605255127,1.7424506689528942,0.12100398540496826,0.7487719927185231,,,,,,,,,,,,,,,,,,,2,2
2013-04-11 18:00:00+00:00,,,0.19881653785705566,-0.05280957631145364,0.44771885871887207,1.8635555938028263,,,,,,,,,,,,,,,,,,,2,2
2013-04-12 00:00:00+00:00,,,0.06619471311569214,0.549209033602804,0.5068416595458984,7.292536175621637,,,,,,,,,,,,,,,,,,,2,2
2013-04-12 06:00:00+00:00,,,0.005863010883331299,0.6508822376537866,0.2128068208694458,0.40297855281035727,,,,,,,,,,,,,,,,,,,2,2
2013-04-12 12:00:00+00:00,,,,,0.2592839002609253,0.7050092617120026,,,,,,,,,,,,,,,,,,,2,2
2013-04-12 18:00:00+00:00,,,,,0.5288361310958862,5.062610674826156,,,,,,,,,,,,,,,,,,,2,2
2013-04-13 00:00:00+00:00,,,,,0.5506817102432251,1.8896246747264727,,,,,,,,,,,,,,,,,,,2,2
2013-04-13 06:00:00+00:00,,,,,0.45450079441070557,1.6561321195244318,,,,,,,0.3060454726219177,-0.8231960077685097,,,,,,,,,,,3,3
2013-04-13 12:00:00+00:00,,,,,0.3730276823043823,1.6935434912183898,,,,,,,0.20140081644058228,-1.5257629806857305,,,,,,,,,,,3,3
2013-04-13 18:00:00+00:00,,,,,0.06726562976837158,0.0038766968806572227,,,,,0.23620176315307617,-0.38475060230488134,0.382707417011261,-0.17011940177531243,,,,,,,,,,,3,3
2013-04-14 00:00:00+00:00,,,,,0.5780996084213257,-0.7051652366518554,,,,,0.5958391427993774,0.14713887517839994,0.1746407151222229,-1.2503253310180755,,,,,,,,,,,3,3
2013-04-14 06:00:00+00:00,,,,,0.5535889863967896,0.6961632668060109,,,,,0.3232893943786621,0.2155992241732309,0.3943045139312744,-6.58443041518196,,,,,,,,,,,3,3
2013-04-14 12:00:00+00:00,,,,,0.5827643573284149,0.09850942687154927,,,,,0.23151111602783203,-0.13552959868956832,0.26540637016296387,-1.8381740886751907,,,,,,,,,,,3,3
2013-04-14 18:00:00+00:00,,,,,0.02997767925262451,-0.6684969798504851,,,,,0.5535813570022583,0.6377636071554644,0.33890455961227417,-2.038015539201517,,,,,,,,,,,3,3
2013-04-15 00:00:00+00:00,,,,,0.23143374919891357,0.4191807784169932,,,,,,,0.22846776247024536,-1.3261931281522874,,,,,,,,,,,2,2
2013-04-15 06:00:00+00:00,,,,,,,,,,,,,0.2990195155143738,-7.080860071961234,,,,,,,,,,,2,1
2013-04-15 12:00:00+00:00,0.09808945655822754,1.1824096789792975,,,,,,,,,,,,,0.2769731283187866,-4.445396629322709,,,,,,,,,3,2
2013-04-15 18:00:00+00:00,0.880575105547905,-7.507543172239851,,,,,,,,,,,,,0.3085324764251709,-1.1222689876667982,,,,,,,,,3,2
2013-04-16 00:00:00+00:00,0.30741381645202637,-1.0068020930734687,,,,,,,,,,,,,0.300325870513916,-2.138165218139989,,,,,,,,,2,2
2013-04-16 06:00:00+00:00,0.2659423351287842,-0.13304737195436184,,,,,,,,,,,,,0.2598001956939697,-2.2966028119946125,,,,,,,,,2,2
2013-04-16 12:00:00+00:00,0.1739923357963562,-1.0737421340976285,,,,,,,,,,,,,0.27940452098846436,-3.4755884367869143,,,,,,,,,2,2
2013-04-16 18:00:00+00:00,0.30811285972595215,-2.2371545653983245,,,,,,,,,,,,,0.41705769300460815,-5.042546402166678,,,,,,,,,3,2
2013-04-17 00:00:00+00:00,0.15111446380615234,-0.1373232544699337,,,,,,,,,,,,,0.3690505623817444,-4.848891376132043,,,,,,,,,2,2
2013-04-17 06:00:00+00:00,0.26541829109191895,-1.7087687733645067,,,,,,,,,,,,,0.3694918155670166,-4.7744490257324586,,,,,,,,,2,2
2013-04-17 12:00:00+00:00,0.2087433934211731,-1.5159260622607185,,,,,,,,,,,0.14787817001342773,-0.3342193853373418,0.31220269203186035,-6.249014696659928,,,,,,,,,3,3
2013-04-18 00:00:00+00:00,0.3090364336967468,-2.588712848909723,,,,,,,,,,,0.006959438323974609,0.07511154632759193,0.29412275552749634,-2.887536893562376,,,,,,,,,3,3
2013-04-18 06:00:00+00:00,0.2943350672721863,-2.9537160916982974,,,,,,,,,,,0.3068785071372986,-0.26756089663447646,0.39573419094085693,-4.622332597102226,,,,,,,,,3,3
2013-04-18 12:00:00+00:00,0.32889223098754883,-4.763418261960829,,,,,0.3479267954826355,0.39702723997364686,,,,,0.1415388584136963,-0.22019216991136817,0.36047905683517456,1.4737156482983762,,,,,,,,,4,4
2013-04-18 18:00:00+00:00,0.2994954586029053,-6.615163759421153,,,,,0.6359200477600098,-0.4402284404532137,,,,,0.21237337589263916,-1.0408111371582842,0.36249715089797974,-5.3258284012028465,,,,,,,,,4,4
2013-04-19 00:00:00+00:00,0.3062107563018799,-2.109212848286534,,,,,,,,,,,0.24514251947402954,2.733138505846437,0.36285287141799927,-6.49749287748795,,,,,,,,,3,3
2013-04-19 06:00:00+00:00,0.26790720224380493,-3.2626472820243326,,,,,,,,,,,0.22047823667526245,-3.1846861893826874,0.3365285396575928,-3.017317166083177,,,,,,,,,3,3
2013-04-19 12:00:00+00:00,0.33673661947250366,-4.089040230484918,,,,,,,,,,,0.1401631236076355,-3.331839664750866,0.2634546160697937,-2.5903119478595644,,,,,,,,,3,3
2013-04-19 18:00:00+00:00,0.3544940948486328,-0.07591519936047443,,,,,0.07556349039077759,-1.994225585555692,,,,,0.23896920680999756,-3.8440203874207195,,,0.2945507764816284,-0.9689336332082077,,,,,,,4,4
2013-04-20 00:00:00+00:00,,,,,,,0.30035245418548584,-9.02705447219496,,,,,0.2951374650001526,-8.047822886894227,,,0.28431224822998047,-2.5862908604833668,,,,,,,4,4
2013-04-20 06:00:00+00:00,,,,,,,0.3501739501953125,-6.068549479140925,,,,,0.2961515188217163,-5.407287775497411,,,0.37232261896133423,-3.139118322524105,,,,,,,5,5
2013-04-20 12:00:00+00:00,,,,,,,0.2740963101387024,-1.938401626358757,0.3435436487197876,-7.817467079433704,,,0.28693199157714844,-5.433855289643107,,,0.0049054622650146484,-1.132393457912269,,,,,,,5,5
2013-04-20 18:00:00+00:00,,,,,,,0.3952791690826416,-2.5425862491802524,0.28370487689971924,-5.201718086818371,,,0.3109742999076843,-5.486708287510565,,,0.23559510707855225,-0.41655410693668116,,,,,,,6,6
2013-04-21 00:00:00+00:00,,,,,,,0.42134785652160645,-2.834273290603579,0.31675785779953003,-2.9840365576078103,,,0.29203730821609497,-4.4432461400838354,,,0.13515394926071167,-0.21453105839470138,,,,,,,5,5
2013-04-21 06:00:00+00:00,,,,,,,0.22319984436035156,-1.9858090149332348,0.40400147438049316,-7.577469691311266,,,0.07977688312530518,0.37787116040397384,0.3510338068008423,-11.069461248234505,0.29745346307754517,-0.32555022334167333,,,,,,,5,5
2013-04-21 12:00:00+00:00,,,,,,,0.2774111032485962,-5.454604557003253,0.3660866618156433,-6.1944159378990555,,,,,0.36866945028305054,-5.5447932943056735,0.15515941381454468,-0.895634562051302,,,,,,,4,4
2013-04-21 18:00:00+00:00,,,,,,,,,0.36851394176483154,-5.840258365534546,,,,,0.36317741870880127,-6.206780351375903,0.07133698463439941,-0.34797600539253404,,,,,,,6,6
2013-04-22 00:00:00+00:00,,,,,,,,,0.38792353868484497,-8.21131324232105,,,,,0.37311995029449463,-3.8956226950317236,0.0840921401977539,-0.19914442881232589,,,,,,,6,6
2013-04-22 06:00:00+00:00,,,,,,,,,0.3582054376602173,-6.521816140065529,,,,,0.45244866609573364,-6.931144824216261,0.051949143409729004,-0.04122297270150779,,,,,,,7,7
2013-04-22 12:00:00+00:00,,,,,,,,,0.41621172428131104,-8.612684988259574,,,,,0.41346603631973267,-6.045451057816714,0.08431416749954224,0.06358151859256755,,,,,,,6,6
2013-04-22 18:00:00+00:00,,,,,,,,,0.34912532567977905,-11.318249591097251,,,,,0.3595235347747803,-13.955179079076256,0.21480494737625122,-0.5274979880794985,,,,,,,7,7
2013-04-23 00:00:00+00:00,,,,,,,,,0.391104519367218,-7.928875897226301,,,,,0.5029561519622803,-5.872582504336409,0.01836681365966797,-0.47320645860461186,,,,,,,7,7
2013-04-23 06:00:00+00:00,,,0.35176414251327515,-7.832135352681495,,,,,0.566269725561142,-6.104992530469943,,,,,0.4299392104148865,-6.84730653393431,0.1447051763534546,0.5302870611648459,,,,,,,7,7
2013-04-23 12:00:00+00:00,,,,,,,,,0.38361942768096924,-8.374302552958405,,,,,0.4876973032951355,-8.074874291266537,,,,,,,,,5,4
2013-04-23 18:00:00+00:00,,,,,,,,,0.31896740198135376,-8.745995677188233,,,,,0.49130934476852417,-8.457632021346791,,,,,,,,,4,4
2013-04-24 00:00:00+00:00,,,,,,,,,0.3441953659057617,-9.664245712276303,,,,,0.37896591424942017,-6.743319932112832,,,,,,,,,4,4
2013-04-30 18:00:00+00:00,,,,,,,,,0.4884681701660156,4.941424907807709,,,,,,,,,,,,,,,1,1
2013-05-01 00:00:00+00:00,,,,,,,,,0.4969050884246826,5.722710610167328,,,,,,,,,,,,,,,1,1
2013-05-01 06:00:00+00:00,,,,,,,,,0.16183507442474365,3.5924905741801,,,,,0.33585524559020996,0.41690983930010717,,,,,,,,,2,2
2013-05-01 12:00:00+00:00,,,,,,,,,0.4988759756088257,6.921935458301902,,,,,0.4427133798599243,6.970325997829279,,,,,,,,,2,2
2013-05-01 18:00:00+00:00,,,,,,,,,0.4135916233062744,3.8184789120723783,,,,,0.6577320098876953,4.905757780217226,,,,,,,,,2,2
2013-05-02 00:00:00+00:00,,,,,,,,,0.43967902660369873,3.823653187175036,,,,,0.5656870603561401,3.2370166349228056,,,,,,,,,2,2
2013-05-02 06:00:00+00:00,,,,,,,,,0.37496626377105713,3.828119357015482,,,,,0.6778976917266846,5.554396286294064,,,,,,,,,2,2
2013-05-02 12:00:00+00:00,,,,,,,,,0.5138373374938965,4.329887140846905,,,,,0.6054544448852539,11.54045304958448,,,,,,,,,2,2
2013-05-02 18:00:00+00:00,,,,,,,,,0.4874192476272583,4.2680565728885655,,,,,0.588360071182251,12.523520648197835,,,,,,,,,2,2
2013-05-03 00:00:00+00:00,,,,,,,,,0.4485279321670532,1.2924126306264543,,,,,0.5034536123275757,7.215098778889464,,,,,,,,,2,2
2013-05-03 06:00:00+00:00,,,,,,,,,0.618998646736145,4.753470510891325,,,,,0.6069221496582031,8.456666015506828,,,,,,,,,2,2
2013-05-03 12:00:00+00:00,,,,,,,,,0.507382869720459,1.982479656586641,,,,,0.543205976486206,6.12792769004464,,,,,,,,,2,2
2013-05-03 18:00:00+00:00,,,,,,,,,,,,,,,0.3119546175003052,0.4930744815964556,,,,,,,,,1,1
2013-05-04 00:00:00+00:00,,,,,,,,,0.427276611328125,4.793634183872092,0.6212360858917236,3.212552462833172,,,0.6139352321624756,4.5207867024476815,,,,,,,,,3,3
2013-05-04 06:00:00+00:00,,,,,,,,,0.20561766624450684,1.2103546775060265,,,,,0.17572683095932007,-0.12951455404297169,,,,,,,,,2,2
2013-05-04 12:00:00+00:00,,,,,,,,,,,0.5554522275924683,6.54887292659707,,,0.5043401718139648,6.082617600964821,,,,,,,,,2,2
2013-05-04 18:00:00+00:00,,,,,,,,,,,0.48454535007476807,0.9611032349508121,,,0.580012321472168,14.228183179206184,,,,,,,,,2,2
2013-05-05 00:00:00+00:00,,,,,,,,,,,0.33693766593933105,1.1666372003024266,,,0.624122142791748,7.095323628162444,,,,,,,,,2,2
2013-05-05 06:00:00+00:00,,,,,,,,,,,0.6879259347915649,4.480756868714277,,,0.5593105554580688,5.813349841350108,,,,,,,,,2,2
2013-05-05 12:00:00+00:00,,,,,,,,,,,0.7078670263290405,3.2642005245046413,,,,,0.5330262184143066,4.69452889195317,,,,,,,2,2
2013-05-05 18:00:00+00:00,,,,,,,,,,,0.3740262985229492,5.618955904304344,,,,,0.4992324113845825,2.265032056587795,,,,,,,3,3
2013-05-06 00:00:00+00:00,,,,,,,,,,,0.06059485673904419,1.220829638736234,,,,,0.6515130996704102,8.029930624816066,,,,,,,3,3
2013-05-06 06:00:00+00:00,,,,,,,,,,,0.13484907150268555,0.34169399945133594,,,,,,,,,,,,,2,2
2013-05-06 12:00:00+00:00,,,,,,,,,,,0.5067017078399658,1.3362672777996172,,,,,,,,,,,,,2,2
2013-05-06 18:00:00+00:00,,,,,,,,,,,0.1244351863861084,0.23076201962439574,,,,,,,,,,,,,2,2
2013-05-07 00:00:00+00:00,,,,,,,,,,,0.14746129512786865,-1.2435494426724207,,,,,,,,,,,,,1,1
2013-05-07 06:00:00+00:00,,,,,,,,,,,,,,,,,,,,,,,,,0,0
2013-05-07 12:00:00+00:00,,,,,,,,,,,,,,,,,,,,,,,,,1,0
2013-05-07 18:00:00+00:00,,,,,,,,,,,,,,,,,,,,,,,,,0,0
2013-05-08 00:00:00+00:00,,,,,,,,,,,,,,,,,,,,,,,,,1,0
2013-05-08 06:00:00+00:00,,,,,,,,,,,,,,,,,,,,,,,,,1,0
2013-05-08 12:00:00+00:00,,,,,,,,,,,,,,,,,,,,,,,,,0,0
2013-05-08 18:00:00+00:00,0.43338775634765625,-0.4780762545479986,,,,,,,,,,,,,,,,,,,,,,,1,1
2013-05-09 00:00:00+00:00,,,0.17852675914764404,-0.08237548417840794,,,,,,,,,,,,,,,,,,,,,1,1
2013-05-09 06:00:00+00:00,,,0.002536177635192871,-0.5347143146445648,,,,,,,,,,,,,,,,,,,,,1,1
2013-05-09 12:00:00+00:00,,,0.06409847736358643,0.36992914368162955,,,,,,,,,,,,,,,,,,,,,1,1
2013-05-09 18:00:00+00:00,,,0.18261075019836426,-1.1016299722889136,,,,,,,,,,,,,,,,,,,,,1,1
2013-05-10 00:00:00+00:00,,,,,,,,,,,,,,,,,,,,,,,,,0,0
2013-05-10 06:00:00+00:00,,,,,,,,,,,,,,,,,,,,,,,,,0,0
2013-05-10 12:00:00+00:00,,,,,,,,,,,,,,,,,,,,,,,,,0,0
2013-05-10 18:00:00+00:00,,,,,,,,,,,,,,,,,,,,,,,,,0,0
2013-05-11 00:00:00+00:00,,,,,,,,,,,,,,,,,,,,,,,,,0,0
2013-05-11 06:00:00+00:00,,,,,,,,,,,,,,,,,,,,,,,,,0,0
2013-05-11 12:00:00+00:00,,,,,,,,,,,,,,,,,,,,,,,,,0,0
2013-05-11 18:00:00+00:00,,,,,,,,,,,,,,,,,,,,,,,,,0,0
2013-05-12 00:00:00+00:00,,,,,,,,,,,,,,,,,,,,,,,,,1,0
2013-05-12 06:00:00+00:00,,,,,,,,,,,,,,,,,,,,,,,,,0,0
2013-05-12 12:00:00+00:00,,,,,,,,,,,,,,,,,,,,,,,,,0,0
2013-05-12 18:00:00+00:00,,,,,,,,,,,,,,,,,,,,,,,,,0,0
2013-05-13 00:00:00+00:00,,,,,,,,,,,,,,,,,,,,,,,,,0,0
2013-05-13 06:00:00+00:00,,,,,,,,,,,,,,,,,,,,,,,,,0,0
2013-05-13 12:00:00+00:00,,,,,,,,,,,,,,,,,,,,,,,,,0,0
2013-05-13 18:00:00+00:00,,,,,,,,,,,,,,,,,,,,,,,,,0,0
2013-05-14 00:00:00+00:00,,,,,,,,,,,,,,,,,,,,,,,,,0,0
2013-05-14 06:00:00+00:00,,,,,,,,,,,,,,,,,,,,,,,,,0,0
2013-05-14 12:00:00+00:00,,,,,,,,,,,,,,,,,,,,,,,,,0,0
2013-05-14 18:00:00+00:00,,,,,,,,,,,,,,,,,,,,,,,,,0,0
2013-05-15 00:00:00+00:00,,,,,,,,,,,,,,,,,,,,,,,,,0,0
2013-05-15 06:00:00+00:00,,,,,,,,,,,,,,,,,,,,,,,,,0,0
2013-05-15 12:00:00+00:00,,,,,,,,,,,,,,,,,,,,,,,,,0,0
2013-05-15 18:00:00+00:00,,,,,,,,,,,,,,,,,,,,,,,,,0,0
2013-05-16 00:00:00+00:00,,,,,,,,,,,,,,,,,,,,,,,,,0,0
2013-05-16 06:00:00+00:00,,,,,,,,,,,,,,,,,,,,,,,,,0,0
2013-05-16 12:00:00+00:00,,,,,,,,,,,,,,,,,,,,,,,,,0,0
2013-05-16 18:00:00+00:00,,,,,,,0.21218806505203247,-0.401070796876358,,,,,,,,,,,,,,,,,1,1
2013-05-17 00:00:00+00:00,,,,,,,0.22707414627075195,-3.640174773466005,,,,,,,,,,,,,,,,,1,1
2013-05-17 06:00:00+00:00,,,,,,,0.34714430570602417,-2.8925570264155764,,,,,,,,,,,,,,,,,1,1
2013-05-17 12:00:00+00:00,,,,,,,0.37656188011169434,-4.455696354961706,,,,,,,,,,,,,,,,,1,1
2013-05-17 18:00:00+00:00,,,,,,,0.27552109956741333,-3.1197343081569175,,,,,,,,,,,,,,,,,1,1
2013-05-18 00:00:00+00:00,,,,,,,0.3890823721885681,-8.311441261691618,,,,,,,,,,,,,,,,,1,1
2013-05-18 06:00:00+00:00,,,,,,,0.33292317390441895,-5.7693058386273925,,,,,,,,,,,,,,,,,1,1
2013-05-18 12:00:00+00:00,,,,,,,,,0.3739379644393921,-4.285679760194747,,,,,,,,,,,,,,,1,1
2013-05-18 18:00:00+00:00,,,,,,,,,0.39765501022338867,-2.805496964041221,,,0.1792011260986328,-0.3061549211125416,,,,,,,,,,,2,2
2013-05-19 00:00:00+00:00,,,,,,,,,0.34131163358688354,-5.714159031509288,,,0.32487672567367554,-3.368698269673527,,,,,,,,,,,2,2
2013-05-19 06:00:00+00:00,0.06177997589111328,-0.9711167809337575,,,,,,,0.3086625337600708,-7.333033153155239,,,0.25152450799942017,-0.5228258300110161,,,,,,,,,,,3,3
2013-05-19 12:00:00+00:00,0.06310546398162842,-0.6270422622752156,,,,,,,0.32365548610687256,-3.3968035436626076,,,0.2551575303077698,-1.3003085651830322,,,,,,,,,,,3,3
2013-05-19 18:00:00+00:00,0.11960971355438232,-0.17892851938677115,,,,,,,0.33924567699432373,-7.903015935276329,,,0.2773483395576477,-4.619052416606184,,,,,,,,,,,3,3
2013-05-20 00:00:00+00:00,0.07523179054260254,0.12237954854931864,,,,,,,0.3920857310295105,-4.906316873085885,,,0.26746654510498047,-1.945732782576132,,,,,,,,,,,3,3
2013-05-20 06:00:00+00:00,0.06558847427368164,-0.5340575018672071,0.3975653052330017,-0.7420706695202764,,,,,0.45444273948669434,-2.909960459680992,,,0.25101596117019653,-2.6674507608237206,,,,,,,,,,,4,4
2013-05-20 12:00:00+00:00,0.2376641035079956,0.11627659779500626,,,,,,,0.29215312004089355,-2.1290750819632187,,,0.33074361085891724,-4.658919369890963,,,,,,,,,,,3,3
2013-05-20 18:00:00+00:00,0.012678980827331543,0.23408769917472097,,,,,,,0.3911307454109192,-5.051942867820418,,,0.2741895318031311,-3.5290481969774583,,,,,,,,,,,3,3
2013-05-21 00:00:00+00:00,,,0.3006134033203125,0.007752043465125054,,,,,0.3618852496147156,-6.245204206294843,,,0.25500571727752686,-2.5673252354055456,,,,,,,,,,,3,3
2013-05-21 06:00:00+00:00,,,0.021993577480316162,0.5166540763382315,,,,,0.40815579891204834,-3.2701199792048237,,,0.34346282482147217,-5.800045465538275,,,,,,,,,,,3,3
2013-05-21 12:00:00+00:00,,,0.22035962343215942,-2.3305376268449502,,,,,0.4454538822174072,-3.869586485467176,,,0.28867119550704956,-5.767485270523537,,,,,,,,,,,4,4
2013-05-21 18:00:00+00:00,,,0.25548219680786133,-1.4396129909943691,,,,,0.33210229873657227,-2.4158767070645473,,,0.30983400344848633,-6.353789427678741,,,,,,,,,,,5,5
2013-05-22 00:00:00+00:00,,,0.21194559335708618,-0.49758740205935104,,,,,,,0.48327797651290894,-4.20523639840955,,,0.35770875215530396,-5.941661854153851,,,,,,,,,5,5
2013-05-22 06:00:00+00:00,,,0.20573025941848755,-3.1553484207072313,,,,,,,0.39724332094192505,-4.2384531595922805,,,0.3555683493614197,-4.519799521508067,,,,,,,,,4,4
2013-05-22 12:00:00+00:00,,,0.5532038807868958,-5.135587232598646,,,,,,,0.2193884253501892,-0.9031797770161275,,,0.399963915348053,-6.015646664208083,,,0.04770326614379883,0.050254653997769995,,,,,5,5
2013-05-22 18:00:00+00:00,,,0.011838912963867188,-0.9980018853674626,,,,,,,0.2611263394355774,-1.399918009398808,,,0.4322526454925537,-6.884062249999087,,,0.19937670230865479,-0.07869651691859154,,,,,4,4
2013-05-23 00:00:00+00:00,,,,,,,,,0.057827651500701904,-1.057585073671418,0.2695469260215759,-1.989479953107929,,,0.4629899859428406,-7.428126055120953,,,0.506911039352417,0.2407170582570241,,,,,5,5
2013-05-23 06:00:00+00:00,,,,,,,,,,,0.14686912298202515,-4.183007195476796,,,0.4564693570137024,-8.77983914740653,,,,,,,,,3,3
2013-05-23 12:00:00+00:00,,,0.09250789880752563,0.36978131705990835,,,,,,,0.17422449588775635,-0.33034919833587284,,,0.4527559280395508,-6.489656315089296,,,,,,,,,3,3
2013-05-23 18:00:00+00:00,,,0.2060142159461975,-1.7482130321826495,,,,,,,0.035042405128479004,-0.776911514770556,,,0.4641716480255127,-6.4361799212113215,,,,,,,,,3,3
2013-05-24 00:00:00+00:00,,,0.25862711668014526,-6.422720854481173,,,,,,,0.1515359878540039,-0.5759135122026248,,,0.3978930711746216,-7.832454419850699,,,,,,,,,3,3
2013-05-24 06:00:00+00:00,,,0.3854280114173889,-2.2296429932797492,,,,,,,0.33990228176116943,-3.261168666945916,,,0.498496949672699,-11.141577307314044,,,,,,,,,4,4
2013-05-24 12:00:00+00:00,,,,,,,,,,,0.07201433181762695,0.09298708601951251,,,0.501487135887146,-7.838317637369646,,,,,,,,,3,3
2013-05-24 18:00:00+00:00,,,,,,,,,,,,,,,0.45114463567733765,-9.503598804012052,,,,,,,,,1,1
2013-05-25 00:00:00+00:00,,,,,,,,,,,,,,,0.4809993505477905,-5.84559778232462,,,,,,,,,1,1
2013-05-25 06:00:00+00:00,,,0.20025229454040527,0.1334013008454471,,,,,,,,,,,0.4611562490463257,-5.705296039718039,,,,,,,,,2,2
2013-05-25 12:00:00+00:00,,,0.402548611164093,-6.812135076788279,,,,,,,,,,,0.4471766948699951,-3.687101984223187,,,,,,,,,2,2
2013-05-25 18:00:00+00:00,,,0.2718580365180969,-0.7173582604511494,,,,,,,,,,,0.46682119369506836,-7.162685257124089,,,,,,,,,2,2
2013-05-26 00:00:00+00:00,,,0.37318700551986694,-0.8289336837683161,,,0.553612470626831,2.8705468019568774,,,,,,,0.4275205135345459,-5.846425609778344,,,,,,,,,3,3
2013-05-26 06:00:00+00:00,,,0.4276006817817688,-0.7951277942395699,,,0.33486437797546387,1.7147202515252582,,,,,,,0.35917359590530396,-4.469327002591934,,,,,,,,,3,3
2013-05-26 12:00:00+00:00,,,0.2782738208770752,-3.5907654403522558,,,0.45246565341949463,5.643310438230644,,,,,,,,,0.3843998312950134,-5.354521811364631,,,,,,,3,3
2013-05-26 18:00:00+00:00,,,0.05489593744277954,-0.22413881050509407,,,0.4175156354904175,5.341306949389791,,,,,,,,,0.4011911153793335,-8.534242423510834,,,,,,,3,3
2013-05-27 00:00:00+00:00,,,0.779542863368988,-2.502012106910435,,,0.446061372756958,6.555625720142836,,,,,,,,,0.3237820267677307,-2.6526012135841497,,,,,,,3,3
2013-05-27 06:00:00+00:00,,,0.6497922837734222,-3.830004087955653,,,0.4999946355819702,7.740460646895063,,,,,,,,,0.3726867437362671,-10.618887691628844,,,,,,,3,3
2013-05-27 12:00:00+00:00,,,,,0.4232485890388489,-0.22096386963125292,,,,,,,0.5821353197097778,7.0838619345883,,,0.3490813970565796,-7.9790884735029515,,,,,,,3,3
2013-05-27 18:00:00+00:00,,,,,,,,,,,,,,,0.5917822122573853,6.312595233495755,0.2660036087036133,-3.2859507490643756,,,,,,,2,2
2013-05-28 00:00:00+00:00,,,,,0.983427032828331,-2.095612898856374,,,,,,,,,0.5597900152206421,8.343061150994068,0.2145620584487915,-1.2163794266383847,,,,,,,3,3
2013-05-28 06:00:00+00:00,,,,,,,,,,,,,,,0.5849865674972534,7.489785662108341,0.29639023542404175,-1.471364585576873,,,,,,,2,2
2013-05-28 12:00:00+00:00,,,,,,,,,,,,,,,0.6281905174255371,9.647022173866224,0.2433595061302185,-3.4124426914258597,,,,,,,2,2
2013-05-28 18:00:00+00:00,,,,,,,,,,,,,,,0.5806530714035034,7.3608651664064295,0.2421320676803589,-1.1228914675713024,,,,,,,2,2
2013-05-29 00:00:00+00:00,,,,,,,,,,,,,,,0.5719565153121948,6.3388757868833,0.36017346382141113,-6.465064061667706,,,,,,,2,2
2013-05-29 06:00:00+00:00,,,,,,,,,,,,,0.36584150791168213,2.347302401196709,0.6106637716293335,15.560816923896807,0.2834264039993286,-3.4715449669541,,,,,,,3,3
2013-05-29 12:00:00+00:00,,,,,,,,,,,,,,,0.6388101577758789,8.18603341351058,0.20441418886184692,-2.293298299111009,,,,,,,3,3
2013-05-29 18:00:00+00:00,,,,,,,,,,,,,,,0.6285953521728516,7.913980263987559,0.27418577671051025,-0.43641165958864697,,,,,,,4,3
2013-05-30 00:00:00+00:00,,,,,,,,,,,,,0.017147183418273926,-0.08834292448563806,0.628467321395874,9.38001134777221,0.25355958938598633,-0.09070764040984478,,,,,,,4,4
2013-05-30 06:00:00+00:00,,,,,,,,,,,,,0.18150842189788818,0.6776148252150382,0.6104089021682739,10.42754410571863,0.24886465072631836,-0.0007457750688217136,,,,,,,4,4
2013-05-30 12:00:00+00:00,,,,,,,,,,,,,0.16861021518707275,0.3234131799750403,0.5782592296600342,11.437202026027336,,,,,,,,,3,3
2013-05-30 18:00:00+00:00,,,,,,,,,,,,,0.33028411865234375,1.26383165970122,0.5608086585998535,8.060072774497549,,,,,,,,,4,3
2013-05-31 00:00:00+00:00,,,,,,,,,,,,,0.27963244915008545,2.491351842217761,0.5439286231994629,8.499995896024425,,,0.1089252233505249,0.15555712282255676,,,,,4,4
2013-05-31 06:00:00+00:00,,,,,,,,,,,,,0.15522563457489014,0.9391257515187976,0.5506143569946289,8.983273895643531,,,,,,,,,3,3
2013-05-31 12:00:00+00:00,,,,,,,,,,,,,0.22913289070129395,2.6647707412605386,0.5451642274856567,7.077376080554399,,,0.5602726936340332,-0.016290127251719813,,,,,4,4
2013-05-31 18:00:00+00:00,,,,,,,,,,,,,0.3705637454986572,2.195819379712778,0.5233539342880249,14.100425866858085,,,0.10775411128997803,0.3890159512693105,,,,,4,4
2013-06-01 00:00:00+00:00,,,,,,,0.7282027006149292,0.33024455287375754,,,,,0.20318734645843506,4.300427404077864,0.5391190052032471,8.723486885424188,,,0.09937489032745361,0.31218204066001987,,,,,5,5
2013-06-01 06:00:00+00:00,,,,,,,0.3718256950378418,2.0289881278576556,,,,,0.353981614112854,4.98857330290309,0.5148676633834839,5.2190522303658655,0.5147203207015991,6.316381868976238,0.12959301471710205,0.7100163827179826,,,,,5,5
2013-06-01 12:00:00+00:00,,,,,,,0.4736454486846924,0.6151298937917683,,,,,0.31069302558898926,2.2762382761805924,,,0.47260868549346924,4.49814003236254,0.21117687225341797,0.41422731098586446,,,,,4,4
2013-06-01 18:00:00+00:00,,,,,,,0.34900784492492676,1.918327701575127,,,,,0.39297306537628174,8.666044403237166,,,0.4199579954147339,7.690166419341549,0.21274983882904053,0.3584667768853432,,,,,4,4
2013-06-02 00:00:00+00:00,,,,,,,0.4195483922958374,2.3401239557564004,,,,,0.4601627588272095,6.082300476086989,,,0.5175008773803711,6.698966458818854,0.10023689270019531,0.0729212655477256,,,,,4,4
2013-06-02 06:00:00+00:00,,,,,,,0.3629271984100342,4.548741989104281,,,,,0.515982985496521,8.731257044008611,,,0.4528101682662964,4.081253393630419,0.010752260684967041,-0.3453085574371586,,,,,4,4
2013-06-02 12:00:00+00:00,,,,,,,0.3352872133255005,3.195551384937284,,,,,,,0.33772575855255127,1.6388588211377937,0.38057827949523926,1.7713931358393253,0.03089594841003418,-0.2750137396702251,,,,,4,4
2013-06-02 18:00:00+00:00,,,,,,,0.4701169729232788,2.951357498710331,,,,,,,0.3800930976867676,4.830900301590894,0.24983978271484375,0.4306877615718086,0.32462620735168457,-0.5512333602229917,0.5924373865127563,0.80302613804942,,,5,5
2013-06-03 00:00:00+00:00,,,,,,,0.5038279294967651,5.709049666571359,,,0.11546003818511963,-0.09149821521605592,,,0.4034543037414551,3.904063898282948,0.23044931888580322,1.4389570517746637,,,0.3741333484649658,0.6160229265084414,,,5,5
2013-06-03 06:00:00+00:00,,,,,,,,,0.5074667930603027,6.496149661908939,0.6544259786605835,-0.8920292808348089,,,0.4621293544769287,4.488096060303827,0.44186854362487793,4.079945649529495,,,0.33477330207824707,0.006561624725337665,,,5,5
2013-06-03 12:00:00+00:00,,,,,,,,,0.5401161909103394,9.791172019838463,,,,,0.3596060276031494,4.667383136632235,0.0983196496963501,1.1818373256321475,,,0.08641719818115234,-0.08855878187206817,,,4,4
2013-06-03 18:00:00+00:00,,,,,,,,,0.514532208442688,8.914962511919326,,,,,0.3139326572418213,3.8881729740586652,0.4840954542160034,0.5879347459825551,,,0.10190880298614502,1.4892829881666376,,,4,4
2013-06-04 00:00:00+00:00,,,,,,,,,0.5382896661758423,6.838681399020183,,,,,0.43259406089782715,3.37359006078,0.42341315746307373,1.6850766569557079,,,0.3994811773300171,1.4784002917254633,,,4,4
2013-06-04 06:00:00+00:00,,,,,,,,,0.6155794858932495,6.071510916633512,,,,,0.49103307723999023,7.692031440071292,,,,,0.3393648862838745,0.9377440813228627,,,3,3
2013-06-04 12:00:00+00:00,,,,,,,,,0.4562121629714966,12.567455511149214,,,,,0.47500741481781006,7.575281384371687,,,,,0.1076970100402832,0.47744597109962783,,,3,3
2013-06-04 18:00:00+00:00,,,,,,,,,0.4822566509246826,10.409393763367078,,,,,0.46914100646972656,5.340785555548521,,,,,0.2301696538925171,0.5638398534652869,,,3,3
2013-06-05 00:00:00+00:00,,,,,,,,,0.492268443107605,9.95021845223259,,,,,0.47035419940948486,4.5032763185160185,,,,,0.2575831413269043,1.2002692592445776,,,3,3
2013-06-05 06:00:00+00:00,,,,,,,,,0.5781652927398682,8.247309092681562,,,,,0.6759876012802124,7.314867432779743,,,,,0.34063851833343506,4.459035275488506,,,3,3
2013-06-05 12:00:00+00:00,,,,,,,,,0.5592063665390015,7.6744297365447185,,,,,0.4383293390274048,5.93662144563226,,,,,0.14146184921264648,1.616573579130569,,,3,3
2013-06-05 18:00:00+00:00,,,,,,,,,0.4950737953186035,4.259955367417256,,,,,0.44135868549346924,4.69376073146154,,,,,0.22423088550567627,1.7829971459261724,,,3,3
2013-06-06 00:00:00+00:00,,,,,,,,,0.5939784049987793,4.089874296015315,,,,,0.4498177766799927,6.066505590641959,,,,,0.05983257293701172,1.1506723443698965,,,3,3
2013-06-06 06:00:00+00:00,,,,,,,,,0.5297502279281616,5.558940653746389,,,,,0.512047290802002,6.555949910162127,,,,,0.13059210777282715,1.3157259280324045,,,3,3
2013-06-06 12:00:00+00:00,,,,,,,,,0.7812283039093018,4.081264468033399,,,,,0.3458995819091797,1.1809158555472756,0.4955403804779053,5.228587568292605,,,0.09373307228088379,-0.4750725223802832,0.19346904754638672,1.0507482482664354,6,6
2013-06-06 18:00:00+00:00,,,,,,,,,0.7580300569534302,3.3675008477491826,,,,,0.22658789157867432,0.053658581478412785,0.39839911460876465,2.3055168442041496,,,0.031037867069244385,0.8620096185038696,0.08615410327911377,0.022421559193782643,6,6
2013-06-07 00:00:00+00:00,,,,,,,,,0.6555520296096802,5.473097492699104,,,,,,,0.2593191862106323,1.7300980941591615,,,0.27696698904037476,0.1339408804271976,0.19044721126556396,2.74632224322778,4,4
2013-06-07 06:00:00+00:00,,,,,,,,,0.6616842746734619,4.293041750011463,,,,,,,0.3131089210510254,0.8599990918160821,,,,,0.13422703742980957,0.6428837672476992,4,4
2013-06-07 12:00:00+00:00,,,,,,,,,0.7200634479522705,2.264697113549265,,,,,,,0.31894969940185547,-0.13091999462816306,,,,,0.08844387531280518,0.11715475115749374,4,4
2013-06-07 18:00:00+00:00,,,,,,,,,0.25328242778778076,1.8587259060130972,,,,,,,0.512978196144104,1.9629984881737086,,,,,0.024973630905151367,0.011674025728474606,3,3
2013-06-08 00:00:00+00:00,,,,,,,,,,,,,,,,,0.23610520362854004,0.06793331481421169,,,,,0.0855942964553833,0.07219388783421704,2,2
2013-06-08 06:00:00+00:00,,,,,,,,,,,,,,,,,0.25649774074554443,0.9331986174424756,,,,,0.06574881076812744,-0.16692372345983847,2,2
2013-06-08 12:00:00+00:00,,,,,,,,,,,,,,,,,0.3262690305709839,1.2533002012627874,,,,,0.0798342227935791,0.10421019439886689,2,2
2013-06-08 18:00:00+00:00,,,,,,,,,,,,,,,,,0.11865484714508057,0.3440068500073609,,,,,0.019610941410064697,-0.23563016533041203,2,2
2013-06-09 00:00:00+00:00,,,,,,,,,,,,,,,,,0.1809689998626709,1.4070277401176992,,,,,0.03154003620147705,0.560994365044781,2,2
2013-06-09 06:00:00+00:00,,,,,,,,,,,,,,,,,0.24663126468658447,-0.8853430180229376,,,,,0.1668308973312378,2.596927141086855,2,2
2013-06-09 12:00:00+00:00,,,,,,,,,,,,,,,,,,,,,,,0.19762754440307617,-0.22630619668297136,1,1
2013-06-09 18:00:00+00:00,,,,,,,,,,,,,,,,,,,,,,,0.3188927173614502,0.14195022203730479,1,1
2013-06-10 00:00:00+00:00,,,,,,,,,,,,,,,,,,,,,,,0.7139379978179932,-0.2927294403126836,1,1
2013-06-10 06:00:00+00:00,,,,,,,,,,,,,,,,,,,,,,,,,0,0
2013-06-10 12:00:00+00:00,,,,,,,,,,,,,,,,,,,,,,,,,1,0
2013-06-10 18:00:00+00:00,,,,,,,,,,,,,,,,,,,,,,,,,0,0
2013-06-11 00:00:00+00:00,,,,,,,,,,,,,,,,,,,,,,,,,0,0
2013-06-11 06:00:00+00:00,,,,,,,,,,,,,,,,,,,,,,,,,0,0
2013-06-11 12:00:00+00:00,,,,,,,,,,,,,,,,,,,,,,,,,0,0
2013-06-11 18:00:00+00:00,,,,,,,,,,,,,,,,,,,,,,,,,0,0
2013-06-12 00:00:00+00:00,,,,,,,,,,,,,,,,,,,,,,,,,0,0
2013-06-12 06:00:00+00:00,,,,,,,,,,,,,,,,,,,,,,,,,0,0
2013-06-12 12:00:00+00:00,,,,,,,,,,,,,,,,,,,,,,,,,0,0
2013-06-12 18:00:00+00:00,,,,,,,,,,,,,,,,,,,,,,,,,0,0
2013-06-13 00:00:00+00:00,,,,,,,,,,,,,,,,,,,,,,,,,0,0
2013-06-13 06:00:00+00:00,,,,,,,0.11712217330932617,-0.4784180482629488,,,,,,,,,,,,,,,,,1,1
2013-06-13 12:00:00+00:00,,,,,,,0.0941239595413208,-1.5154779729519436,,,,,,,,,,,,,,,,,2,1
2013-06-13 18:00:00+00:00,,,,,,,0.3065721392631531,-2.42568691430331,,,,,0.0359346866607666,0.795169965328931,,,,,,,,,,,2,2
2013-06-14 00:00:00+00:00,,,,,,,0.247042715549469,-3.403932235629204,,,,,0.004502534866333008,0.0770481385857635,,,,,,,,,,,2,2
2013-06-14 06:00:00+00:00,,,,,,,0.32125693559646606,-4.355406464465072,,,,,0.05476123094558716,-0.14116169763819597,,,,,,,,,,,2,2
2013-06-14 12:00:00+00:00,,,,,,,,,0.3520355820655823,-3.5808409981503373,,,0.2258482575416565,-1.3293394141797688,,,,,,,,,,,2,2
2013-06-14 18:00:00+00:00,,,,,,,,,0.4599624276161194,-5.4577260732034985,,,0.28397542238235474,-8.83145538649088,,,,,,,,,,,2,2
2013-06-15 00:00:00+00:00,,,,,,,,,0.44251298904418945,-4.655256538906012,,,0.3083723187446594,-3.1861690829161957,,,,,,,,,,,2,2
2013-06-15 06:00:00+00:00,,,,,,,,,0.45548176765441895,-5.288435695682119,,,0.3139650225639343,-2.914039546619494,,,,,,,,,,,2,2
2013-06-15 12:00:00+00:00,,,,,,,,,0.560336709022522,-5.431963027848478,,,0.31756043434143066,-4.269309598608884,,,,,,,,,,,2,2
2013-06-15 18:00:00+00:00,,,,,,,,,0.5281091928482056,-3.2831410635656737,,,0.3404384255409241,-9.265957829537577,,,,,,,,,,,2,2
2013-06-16 00:00:00+00:00,,,,,,,,,0.4814949035644531,-2.594604215680325,,,0.2549510598182678,-3.51855796185047,,,,,,,,,,,2,2
2013-06-16 06:00:00+00:00,,,,,,,,,0.533372312784195,-4.367044773026216,,,0.26360559463500977,-3.892486025866549,,,,,,,,,,,2,2
2013-06-16 12:00:00+00:00,,,,,,,,,0.5772488713264465,-4.400649252804224,,,0.2870815396308899,-5.374335402538086,,,,,,,,,,,2,2
2013-06-16 18:00:00+00:00,,,,,,,,,0.7629391252994537,-4.4814619830718145,,,0.2934935688972473,0.618622090375707,,,,,,,,,,,2,2
2013-06-17 00:00:00+00:00,,,,,,,,,0.8273428231477737,-3.0731318168775834,,,0.34273964166641235,-1.9149681599583908,,,,,,,,,,,2,2
2013-06-17 06:00:00+00:00,,,,,,,,,0.8251006156206131,-4.081900330449836,,,0.4195345640182495,-13.188762642467097,,,,,,,,,,,2,2
2013-06-17 12:00:00+00:00,,,,,,,,,0.8064944297075272,-3.932839581471859,,,0.42311882972717285,-8.676626642971863,,,,,,,,,,,2,2
2013-06-17 18:00:00+00:00,,,,,,,,,0.8965252414345741,-2.7443104225858717,,,0.37713396549224854,-5.772771922257018,,,,,,,,,,,2,2
2013-06-18 00:00:00+00:00,,,,,,,,,,,,,0.3960492014884949,-6.355385976046993,,,,,,,,,,,1,1
2013-06-18 06:00:00+00:00,,,,,,,,,,,,,0.4195622205734253,-10.763504684649858,,,,,,,,,,,1,1
2013-06-18 12:00:00+00:00,,,,,,,,,,,,,,,0.4715127944946289,-7.499837698108861,,,,,,,,,1,1
2013-06-18 18:00:00+00:00,,,,,,,,,,,,,,,0.4420943260192871,-7.0013209142165715,,,,,,,,,1,1
2013-06-19 00:00:00+00:00,,,,,,,,,,,,,,,0.4633329510688782,-7.608980312150125,,,,,,,,,1,1
2013-06-19 06:00:00+00:00,,,,,,,,,,,,,,,0.4909507632255554,-7.131313636620902,,,,,,,,,1,1
2013-06-19 12:00:00+00:00,,,,,,,,,,,,,,,0.4898184537887573,-15.127603298798174,,,,,,,,,1,1
2013-06-19 18:00:00+00:00,,,,,,,,,,,,,,,0.47237664461135864,-6.977160757344032,,,,,,,,,1,1
2013-06-20 00:00:00+00:00,,,,,,,,,,,,,,,0.5078032910823822,-9.056130469706229,,,,,,,,,1,1
2013-06-20 06:00:00+00:00,,,,,,,,,,,,,,,0.5217310786247253,-13.415104435043926,,,,,,,,,1,1
2013-06-20 12:00:00+00:00,,,,,,,,,,,,,,,0.4854431748390198,-6.512799143048931,,,,,,,,,1,1
2013-06-20 18:00:00+00:00,,,,,,,,,,,,,,,0.47347110509872437,-7.331451826655096,,,,,,,,,1,1
2013-06-21 00:00:00+00:00,,,,,,,,,,,,,,,0.4251330494880676,-8.474309216757,,,,,,,,,1,1
2013-06-21 06:00:00+00:00,,,,,,,,,,,,,,,0.48830729722976685,-8.107420931792564,,,,,,,,,1,1
2013-06-21 12:00:00+00:00,,,,,,,,,,,,,,,0.41732656955718994,-9.499870852175345,0.5015674233436584,-0.8968704187525289,,,,,,,2,2
2013-06-21 18:00:00+00:00,,,,,,,,,,,,,,,0.448005735874176,-5.89161570225113,,,,,,,,,1,1
2013-06-22 00:00:00+00:00,,,,,,,,,,,,,,,0.3874620795249939,-6.714631545734987,,,,,,,,,1,1
2013-06-22 06:00:00+00:00,,,,,,,,,,,,,,,0.3922116756439209,-10.095818412906658,,,,,,,,,1,1
2013-06-22 12:00:00+00:00,,,,,,,,,,,,,,,0.4073992967605591,-6.846160094180642,,,,,,,,,1,1
2013-06-22 18:00:00+00:00,,,,,,,,,,,,,0.2599654197692871,3.4007577242754286,0.3907211422920227,-10.502058186674466,,,,,,,,,2,2
2013-06-23 00:00:00+00:00,,,,,,,,,,,,,0.6073973178863525,4.709126232407149,0.44135814905166626,-7.269687014627448,,,,,,,,,2,2
2013-06-23 06:00:00+00:00,,,,,,,,,,,,,0.6392852067947388,8.139307820567781,,,0.4204714298248291,-7.793615135826266,,,,,,,2,2
2013-06-23 12:00:00+00:00,,,,,,,,,,,,,0.6557543277740479,6.665594014852842,,,0.47340548038482666,-10.33124937873126,,,,,,,2,2
2013-06-23 18:00:00+00:00,,,,,,,,,,,,,,,0.6178338527679443,10.557417687481621,0.47275978326797485,-4.996353227788869,,,,,,,3,3
2013-06-24 00:00:00+00:00,,,,,,,,,,,,,,,0.6415466070175171,6.2974244611583305,0.3812280297279358,-7.072726532322788,,,,,,,2,2
2013-06-24 06:00:00+00:00,,,,,,,,,,,,,,,0.7133846282958984,7.273610155769749,0.3660644292831421,-6.575774266297664,,,,,,,2,2
2013-06-24 12:00:00+00:00,,,,,,,,,,,,,0.13641762733459473,-0.4154572234894871,0.7068299055099487,8.580337831401552,0.2818007469177246,-4.993245297026255,,,,,,,3,3
2013-06-24 18:00:00+00:00,,,,,,,,,,,,,0.1345381736755371,0.6309223121026241,0.6337311267852783,5.530061636012321,0.20895308256149292,-3.4827272330719943,,,,,,,3,3
2013-06-25 00:00:00+00:00,,,,,,,,,,,,,0.20015573501586914,-0.08631534814282997,0.7331291437149048,7.610875005301238,0.2680274248123169,-3.4820338020710544,,,0.03692227602005005,-0.017563821110960116,0.03520059585571289,0.3121010553706102,6,6
2013-06-25 06:00:00+00:00,,,,,,,,,,,,,0.25981515645980835,-10.233271847150737,0.7164238691329956,8.017355475138203,0.23889660835266113,-2.9142617729265954,,,0.02352917194366455,-0.8273522643696372,0.08378201723098755,0.11818095196726572,5,5
2013-06-25 12:00:00+00:00,,,,,,,,,,,,,0.5489223897457123,-11.567865428202026,0.7113300561904907,6.0387906827100615,0.33544570207595825,-4.993306663314776,,,0.012543976306915283,-1.417856331965555,0.40492093563079834,-0.5446226387105317,7,7
2013-06-25 18:00:00+00:00,,,,,,,,,,,,,0.6636563539505005,-12.74966765098921,0.6906324625015259,9.359211845562893,0.29299217462539673,-4.6638111307755254,,,,,0.01924300193786621,0.06072046393072896,6,6
2013-06-26 00:00:00+00:00,,,,,,,,,,,,,0.3121638894081116,-13.613226007575516,0.7102210521697998,8.019270925597088,0.2709163427352905,-4.721068858636142,,,,,0.05742084980010986,-0.22632747589679145,4,4
2013-06-26 06:00:00+00:00,,,,,,,,,,,,,0.015465021133422852,0.07266703001090677,0.6985925436019897,7.9562316228554835,0.2014009952545166,-3.2177821857403552,,,,,0.27905869483947754,-0.18651792449848364,4,4
2013-06-26 12:00:00+00:00,,,,,,,,,,,,,0.2910761833190918,0.8990566881572238,0.6841470003128052,8.525736952513565,0.07827311754226685,-0.11439936484007113,0.0874490737915039,-0.13994374959078143,,,,,4,4
2013-06-26 18:00:00+00:00,,,,,,,,,,,,,0.3650463819503784,-12.906678608983611,0.6607480049133301,13.324216671218744,0.034444451332092285,-2.3158235081597764,0.09640830755233765,0.4119245593574933,,,,,5,4
2013-06-27 00:00:00+00:00,,,,,,,,,,,,,0.018337488174438477,-3.783620015237288,0.721415638923645,8.801014957105568,0.056921958923339844,-1.0367255746488981,0.2088381052017212,0.33759423633218294,,,,,4,4
2013-06-27 06:00:00+00:00,,,,,,,,,,,,,0.02917158603668213,-0.10279729105088828,0.6592429876327515,6.7782647391559205,0.32760119438171387,0.164113154903488,0.21741843223571777,-0.44259628514957955,,,,,5,5
2013-06-27 12:00:00+00:00,,,,,,,,,,,,,0.029148101806640625,-0.4312844912945907,0.638685941696167,6.953259231135945,,,,,,,,,4,3
2013-06-27 18:00:00+00:00,,,,,,,,,,,,,0.08914673328399658,-16.73545059999133,0.5851870775222778,5.999369622272492,,,0.0015861988067626953,-0.34093531138980065,,,,,3,3
2013-06-28 00:00:00+00:00,,,,,,,,,,,,,0.2672591209411621,1.50380792715929,0.6305297613143921,7.690850451844824,,,,,,,,,2,2
2013-06-28 06:00:00+00:00,,,,,,,,,,,,,0.14509880542755127,1.410893667698197,,,0.640723466873169,6.041313584923261,,,,,,,2,2
2013-06-28 12:00:00+00:00,,,,,,,,,,,,,0.07988536357879639,0.8606114680545179,,,0.5891872644424438,6.9239303751032475,,,,,,,3,3
2013-06-28 18:00:00+00:00,,,,,,,,,,,,,0.2025444507598877,3.3368689512382885,,,0.5870950222015381,5.713601489098947,,,,,,,3,3
2013-06-29 00:00:00+00:00,,,,,,,,,,,,,0.20601511001586914,2.127144526984733,,,0.6258945465087891,4.656599952603433,,,,,,,2,2
2013-06-29 06:00:00+00:00,,,,,,,,,,,,,0.3104928731918335,8.439700076945945,,,0.5828263759613037,4.747224133338434,,,,,,,2,2
2013-06-29 12:00:00+00:00,,,,,,,,,,,,,0.20722854137420654,4.66015485462658,,,0.45622801780700684,7.230115503561005,,,,,,,2,2
2013-06-29 18:00:00+00:00,,,,,,,,,,,,,0.3069748878479004,2.2906370651180668,,,0.10312032699584961,1.3716438876190786,0.08758699893951416,3.662609191195952,,,,,3,3
2013-06-30 00:00:00+00:00,,,,,,,,,,,,,0.19859063625335693,4.577540492851146,,,0.22076940536499023,-0.15634133408255452,,,,,,,2,2
2013-06-30 06:00:00+00:00,,,,,,,,,,,,,,,0.3746509552001953,7.999870423226763,,,0.011446654796600342,-0.4565721357868048,,,,,2,2
2013-06-30 12:00:00+00:00,,,,,,,,,,,,,0.34703266620635986,6.166440839590961,0.26634716987609863,4.907187736407769,,,0.10418999195098877,0.28570987110948287,0.0683603286743164,0.3086510919243383,,,4,4
2013-06-30 18:00:00+00:00,,,,,,,,,,,,,0.2923605442047119,5.041684625877708,0.21628797054290771,2.834348808179069,,,0.29383790493011475,0.4579163473104305,,,,,3,3
2013-07-01 00:00:00+00:00,,,,,,,,,,,,,,,0.21253645420074463,9.865254266404229,,,0.08665037155151367,0.2842338645829351,,,,,3,3
2013-07-01 06:00:00+00:00,,,,,,,,,,,,,,,,,,,0.26037871837615967,12.411238665378631,0.3004847764968872,0.04886450660396844,,,2,2
2013-07-01 12:00:00+00:00,,,,,,,,,,,,,,,,,,,,,0.2557342052459717,6.693228277707428,,,1,1
2013-07-01 18:00:00+00:00,,,,,,,,,,,,,,,,,,,,,0.27166736125946045,5.47132240522552,,,1,1
2013-07-02 00:00:00+00:00,,,,,,,,,,,,,,,,,,,,,0.25885140895843506,5.142007231933518,,,1,1
2013-07-02 06:00:00+00:00,,,,,,,,,,,,,,,,,,,,,0.26856958866119385,11.455964731140028,,,1,1
2013-07-02 12:00:00+00:00,,,,,,,,,,,,,,,,,,,,,0.2858372926712036,6.467599873586827,,,1,1
2013-07-02 18:00:00+00:00,,,,,,,,,,,,,,,,,,,,,0.23283767700195312,6.916577733075835,,,1,1
2013-07-03 00:00:00+00:00,,,,,,,,,,,,,,,,,,,,,0.2764623165130615,6.871371307287667,,,1,1
2013-07-03 06:00:00+00:00,,,,,,,,,,,,,,,,,,,,,0.24990510940551758,2.779256895501667,,,1,1
2013-07-03 12:00:00+00:00,,,,,,,,,,,,,,,,,,,,,0.27302563190460205,6.727728855263015,,,1,1
2013-07-03 18:00:00+00:00,,,,,,,,,,,,,,,,,,,,,0.267503023147583,5.685303924556591,0.35209453105926514,-0.03751821416722895,2,2
2013-07-04 00:00:00+00:00,,,,,,,,,,,,,,,,,,,,,0.2023991346359253,5.186616365345518,0.42450863122940063,-0.9415824984843654,2,2
2013-07-04 06:00:00+00:00,,,,,,,,,,,,,,,,,,,,,0.196305513381958,5.100376502225214,,,1,1
2013-07-04 12:00:00+00:00,,,,,,,,,,,,,,,,,,,,,0.23950636386871338,7.899964108797332,,,1,1
2013-07-04 18:00:00+00:00,,,,,,,,,,,,,,,,,,,,,0.23242998123168945,4.402923801489565,0.47166311740875244,-0.46046177321289,2,2
2013-07-05 00:00:00+00:00,,,,,,,,,,,,,,,,,,,0.18252217769622803,0.3898632175891942,0.28171873092651367,11.267698659180764,,,2,2
2013-07-05 06:00:00+00:00,,,,,,,,,,,,,,,,,,,0.33904725313186646,0.4543852571907402,0.2584279775619507,6.019063963389513,,,2,2
2013-07-05 12:00:00+00:00,,,,,,,,,,,,,,,,,0.42749452590942383,9.10470100182199,,,0.17937171459197998,2.6005376074749007,0.11817598342895508,0.4564503224420922,3,3
2013-07-05 18:00:00+00:00,,,,,,,,,,,,,,,,,0.3147611618041992,4.984533600528333,,,,,,,1,1
2013-07-06 00:00:00+00:00,,,,,,,,,,,,,,,,,0.2839580774307251,2.2589349673020442,,,,,,,1,1
2013-07-06 06:00:00+00:00,,,,,,,,,,,,,,,,,0.372483491897583,6.779803312652976,,,0.03530573844909668,1.0765380720318918,,,2,2
2013-07-06 12:00:00+00:00,,,,,,,,,,,,,,,,,0.29629993438720703,6.9656442963331155,,,,,0.10935479402542114,0.7711909633886233,2,2
2013-07-06 18:00:00+00:00,,,,,,,,,,,,,,,,,0.23755908012390137,3.364963890319783,,,0.5435032844543457,0.4686154684730842,0.026246726512908936,1.258743080515298,3,3
2013-07-07 00:00:00+00:00,,,,,,,,,,,,,,,,,0.3300971984863281,1.285175024551692,,,,,0.475669264793396,2.152745579827486,2,2
2013-07-07 06:00:00+00:00,,,,,,,,,,,,,,,,,0.23243844509124756,1.5074955245298476,,,,,0.8788365125656128,3.6093929288180124,2,2
2013-07-07 12:00:00+00:00,,,,,,,,,,,,,,,,,0.33858203887939453,2.7516939478182674,,,,,,,1,1
2013-07-07 18:00:00+00:00,,,,,,,,,,,,,,,,,0.3404742479324341,0.983358932394339,,,,,,,1,1
2013-07-08 00:00:00+00:00,,,,,,,,,,,,,,,,,0.37100255489349365,1.4027616712101072,,,,,,,1,1
2013-07-08 06:00:00+00:00,,,,,,,,,,,,,,,,,0.09468770027160645,0.007186895855362911,,,,,,,1,1
2013-07-08 12:00:00+00:00,,,,,,,,,,,,,,,,,0.15670955181121826,0.3068270210297742,,,,,,,1,1
2013-07-08 18:00:00+00:00,,,,,,,,,,,,,,,,,0.3435969352722168,-0.23023937076061246,,,,,,,1,1
2013-07-09 00:00:00+00:00,,,,,,,,,,,,,,,,,0.7423255443572998,0.46469095837738084,,,,,,,1,1
2013-07-09 06:00:00+00:00,,,,,,,,,,,,,,,,,,,,,,,,,1,0
2013-07-09 12:00:00+00:00,,,,,,,,,,,,,,,,,,,,,,,,,0,0
2013-07-09 18:00:00+00:00,,,,,,,,,,,,,,,,,,,,,,,,,0,0
2013-07-10 00:00:00+00:00,,,,,,,,,,,,,,,,,,,,,,,,,0,0
2013-07-10 06:00:00+00:00,,,,,,,,,,,,,,,,,,,,,,,,,0,0
2013-07-10 12:00:00+00:00,,,,,,,,,,,,,,,,,,,,,,,,,1,0
2013-07-10 18:00:00+00:00,,,,,,,,,,,,,0.005240082740783691,0.6085159671703763,,,,,,,,,,,1,1
2013-07-11 00:00:00+00:00,,,,,,,,,,,,,0.21466130018234253,-0.15463418151159622,,,,,,,,,,,1,1
2013-07-11 06:00:00+00:00,,,,,,,,,,,,,0.44238221645355225,-0.9950444721874379,,,,,,,,,,,1,1
2013-07-11 12:00:00+00:00,,,,,,,,,,,,,0.5069896280765533,-4.0395339736390214,,,,,,,,,,,1,1
2013-07-11 18:00:00+00:00,,,,,,,,,,,,,0.3927900791168213,-5.220388617172113,,,,,,,,,,,1,1
2013-07-12 00:00:00+00:00,,,,,,,,,,,,,0.3950044512748718,-4.062920906274845,,,,,,,,,,,1,1
2013-07-12 06:00:00+00:00,,,,,,,,,,,,,0.43143922090530396,-6.994677779785455,,,,,,,,,,,1,1
2013-07-12 12:00:00+00:00,,,,,,,,,,,,,0.41642534732818604,-4.114949445417419,,,,,,,,,,,1,1
2013-07-12 18:00:00+00:00,,,,,,,,,,,,,0.3564402461051941,-6.152064163196606,,,,,,,,,,,1,1
2013-07-13 00:00:00+00:00,,,,,,,,,,,,,0.3327252268791199,-9.137779071147925,,,,,,,,,,,1,1
2013-07-13 06:00:00+00:00,,,,,,,,,,,,,0.364566445350647,-5.957687886451389,,,,,,,,,,,1,1
2013-07-13 12:00:00+00:00,,,,,0.5118382573127747,0.34851923700073373,,,,,,,0.36896389722824097,-8.306833029482766,,,,,,,,,,,2,2
2013-07-13 18:00:00+00:00,,,,,0.1780800223350525,-0.09497219895462249,,,,,,,0.4179416298866272,-8.110209333198789,,,,,0.21885311603546143,-0.8190307427950463,,,,,3,3
2013-07-14 00:00:00+00:00,,,,,,,,,,,,,0.40439391136169434,-9.175705020410145,,,,,,,,,,,1,1
2013-07-14 06:00:00+00:00,,,,,,,,,,,,,0.39494675397872925,-12.926314437474321,,,,,,,,,,,1,1
2013-07-14 12:00:00+00:00,,,,,,,,,,,,,0.4103456735610962,-14.417142076034542,,,,,,,,,,,1,1
2013-07-14 18:00:00+00:00,,,,,,,,,,,,,0.4680125117301941,-8.499977692086468,,,,,,,,,,,1,1
2013-07-15 00:00:00+00:00,,,,,,,,,,,,,0.4548391103744507,-10.314143986098689,,,,,,,,,,,1,1
2013-07-15 06:00:00+00:00,,,,,,,,,,,,,0.46428024768829346,-11.770983288755675,,,,,,,,,,,1,1
2013-07-15 12:00:00+00:00,,,,,,,,,,,,,0.47242093086242676,-9.527121397033662,,,,,,,,,,,1,1
2013-07-15 18:00:00+00:00,,,,,,,,,,,,,0.4559975862503052,-11.902959276333124,,,,,,,,,,,1,1
2013-07-16 00:00:00+00:00,,,,,,,,,,,,,,,0.4928712844848633,-9.09755049572977,,,,,,,,,1,1
2013-07-16 06:00:00+00:00,,,,,,,,,,,,,,,0.49992823600769043,-8.729079806269013,,,,,,,,,1,1
2013-07-16 12:00:00+00:00,,,,,,,,,,,,,,,0.47387808561325073,-7.869626589719554,,,,,,,,,1,1
2013-07-16 18:00:00+00:00,,,,,,,,,,,,,,,0.5089894235134125,-15.042184083828218,,,0.17337703704833984,0.32516629808704034,,,,,2,2
2013-07-17 00:00:00+00:00,,,,,,,,,,,,,,,0.4901871085166931,-8.65981873148562,,,,,,,,,1,1
2013-07-17 06:00:00+00:00,,,,,,,,,,,,,,,0.48874837160110474,-6.005483617122157,,,,,,,,,1,1
2013-07-18 00:00:00+00:00,,,,,,,,,,,,,,,0.4948210120201111,-7.4902221692548885,,,,,,,,,1,1
2013-07-18 06:00:00+00:00,,,,,,,,,,,,,,,0.4202404022216797,-6.94214556382087,,,,,,,,,1,1
2013-07-18 12:00:00+00:00,,,,,,,,,,,,,,,0.45801371335983276,-7.884220304619518,,,,,,,,,1,1
2013-07-18 18:00:00+00:00,,,,,,,,,,,,,,,0.45765602588653564,-8.748223767810163,,,,,,,,,1,1
2013-07-19 00:00:00+00:00,,,,,,,,,,,,,,,0.4272128939628601,-6.676346750456951,,,,,,,,,1,1
2013-07-19 06:00:00+00:00,0.5037660598754883,-0.7251699849141532,,,,,,,,,,,,,0.4702756404876709,-6.208436940595945,,,,,,,,,3,3
2013-07-19 12:00:00+00:00,,,,,,,,,0.34675729274749756,-0.977995405221342,,,,,0.46903836727142334,-5.997790809250209,,,,,,,,,3,3
2013-07-19 18:00:00+00:00,,,0.028885364532470703,0.2374370746870026,,,,,0.3490478992462158,-1.1912746236745222,,,,,0.4204568862915039,-5.834570868248996,,,,,,,,,3,3
2013-07-20 00:00:00+00:00,,,0.15782684087753296,-0.1898196245611975,,,,,0.11771118640899658,-2.2192538995750657,,,0.4735589027404785,2.3437203022433275,0.4057779908180237,-5.388731494483301,,,,,,,,,5,5
2013-07-20 06:00:00+00:00,,,0.17397987842559814,-2.023990115971195,,,,,0.15104806423187256,-4.090262636030169,,,0.5398508310317993,1.4363340557131756,0.3993229269981384,-6.94703247370204,,,,,,,,,5,5
2013-07-20 12:00:00+00:00,,,0.309814453125,-0.8859830802261035,,,,,0.19381624460220337,-0.7329137608083128,,,0.6011024713516235,6.332706313659284,0.4351595640182495,-5.675285931434431,,,,,,,,,5,5
2013-07-20 18:00:00+00:00,,,0.44386154413223267,-2.506638791515518,,,,,0.20147705078125,-2.7423138190562337,,,,,0.4916738271713257,3.923082167407151,0.42609280347824097,-9.057505094942472,,,,,,,5,5
2013-07-21 00:00:00+00:00,,,,,,,,,0.21107912063598633,-2.934066695721533,,,,,0.4874521493911743,6.898827498474706,0.3935127854347229,-8.122986708537823,,,,,,,5,5
2013-07-21 06:00:00+00:00,,,,,,,,,0.12712645530700684,-1.1282080934595675,,,,,0.7240686416625977,9.344347050160952,0.4327348470687866,-7.203701071434849,,,,,,,6,6
2013-07-21 12:00:00+00:00,,,,,,,,,0.20146560668945312,-1.2854569216437697,,,,,0.6981446743011475,5.697541088580866,0.39309829473495483,-4.796091152862476,,,,,,,7,7
2013-07-21 18:00:00+00:00,,,0.4699464440345764,-6.928136144270803,,,,,0.13648617267608643,0.1420710561763286,,,,,0.650147557258606,6.744584212623787,0.4167701005935669,-6.874750007504368,,,,,,,6,6
2013-07-22 00:00:00+00:00,,,0.31814688444137573,-1.8136986178968193,,,,,0.15631979703903198,3.0124311047500116,,,,,0.5830363035202026,5.347527327234259,0.35019785165786743,-4.472796707458653,,,,,,,6,6
2013-07-22 06:00:00+00:00,,,0.31675708293914795,-1.8258603963296958,,,,,0.1729610562324524,-2.5279395705158607,,,,,0.6113835573196411,10.685947523755388,0.3646869659423828,-1.0655027600790443,,,,,,,6,6
2013-07-22 12:00:00+00:00,,,0.17508965730667114,-0.6967780249377122,,,,,0.1644846796989441,-0.10710153226314172,,,,,0.6480162143707275,7.980338645216428,0.3209829330444336,-0.6869818417538387,,,,,,,7,6
2013-07-22 18:00:00+00:00,,,0.2277756929397583,-1.722950207999992,,,,,0.23202431201934814,-2.3128088730909555,,,,,0.5301918983459473,8.876988962060677,0.3716099262237549,-6.146961403137477,,,,,,,7,6
2013-07-23 00:00:00+00:00,,,0.2972928285598755,-2.433728153859939,,,,,0.048968613147735596,-0.568471509205096,,,0.5549306869506836,-0.49717183084306754,0.6070345640182495,10.597515456865661,0.3426860570907593,-1.045502300269487,,,,,,,6,6
2013-07-23 06:00:00+00:00,,,0.2520706057548523,-1.7348680791420503,,,,,0.03296881914138794,-0.6283864327758378,0.44479984045028687,-0.9202439290582792,,,0.6312618255615234,8.496493789482587,0.2103283405303955,-0.8554177803666675,,,,,,,6,5
2013-07-23 12:00:00+00:00,,,0.2786239981651306,-3.1499311236627454,,,,,,,,,,,0.671257734298706,10.120715868583392,0.22878015041351318,-0.09451882589876102,,,,,,,4,3
2013-07-23 18:00:00+00:00,,,0.3484911322593689,-0.7512471449424223,,,,,,,,,0.7540713548660278,0.6599242281620331,0.66082763671875,6.297426863932726,0.31993573904037476,-4.503987912133495,,,,,,,4,4
2013-07-24 00:00:00+00:00,,,,,0.09465235471725464,-0.5023728789911054,,,0.4870336055755615,2.345965232952817,,,0.00913006067276001,-0.2826274635174874,0.6040937900543213,10.765650651878646,0.17731451988220215,-0.5324105427416845,,,,,,,6,5
2013-07-24 06:00:00+00:00,,,,,0.38573187589645386,-6.016646988513932,,,,,,,0.12778770923614502,0.41649599282364785,0.6768361330032349,8.2785870782088,0.4042290449142456,-2.4566276702145093,,,,,,,4,4
2013-07-24 12:00:00+00:00,,,,,0.07291948795318604,-1.3679355544549041,,,,,,,0.2626534700393677,0.4823962576168053,0.6885918378829956,6.0749408381329975,,,,,,,,,3,3
2013-07-25 00:00:00+00:00,,,,,0.15158236026763916,-1.0630153864385643,,,,,,,0.15617740154266357,-0.30888511107539984,,,0.7336122989654541,5.522434814541141,,,,,,,3,3
2013-07-25 06:00:00+00:00,,,,,0.10271048545837402,-0.7904234686835564,,,,,,,0.3360633850097656,0.42233084563621176,,,0.7360092401504517,7.337160203559453,,,,,,,3,3
2013-07-25 12:00:00+00:00,,,,,0.2354334592819214,-0.6440825896951752,,,,,,,0.013031363487243652,0.2680333190957131,,,0.637744665145874,4.113567128508335,,,,,,,3,3
2013-07-25 18:00:00+00:00,,,,,0.3440513014793396,0.00914044280243748,,,,,,,0.3064754009246826,0.38311869949733146,,,0.7467905282974243,4.925664270659011,,,,,,,3,3
2013-07-26 00:00:00+00:00,,,,,0.2979690432548523,-4.358276675214056,,,,,,,0.34279632568359375,1.0232097547036776,,,0.7488619089126587,7.927582708589363,,,,,,,4,4
2013-07-26 06:00:00+00:00,,,,,0.08747178316116333,1.3917852735145675,,,,,,,0.28410017490386963,2.662563528557434,,,0.5713558197021484,5.785168050385718,,,,,,,4,4
2013-07-26 12:00:00+00:00,,,,,0.3072695732116699,2.0169286067053114,,,,,,,0.3258558511734009,5.050630303299217,,,0.7820219993591309,2.9649328410717426,,,,,,,3,3
2013-07-26 18:00:00+00:00,,,,,,,,,,,0.025669336318969727,0.4871617864437062,0.4616365432739258,5.773229512191723,,,,,,,,,,,2,2
2013-07-27 00:00:00+00:00,,,,,0.00756990909576416,0.24995244167988395,,,,,,,0.34256458282470703,2.9738213100021453,,,,,,,,,,,2,2
2013-07-27 06:00:00+00:00,,,,,0.12924456596374512,-0.369649826093176,,,,,,,0.35067737102508545,2.6137810395888845,,,,,,,,,,,3,2
2013-07-27 12:00:00+00:00,,,,,0.21343302726745605,-0.5548819282310056,0.37825989723205566,-0.2705000446645185,,,,,0.4416753053665161,3.6253219563373564,,,,,,,,,,,3,3
2013-07-27 18:00:00+00:00,,,,,,,0.42232823371887207,1.7091342866199786,,,,,0.4414205551147461,5.560337591205595,,,,,,,,,,,3,2
2013-07-28 00:00:00+00:00,,,,,,,,,,,,,0.4554920196533203,3.575616406282958,,,,,,,,,,,1,1
2013-07-28 06:00:00+00:00,,,,,,,0.2962350845336914,-0.36421048586694643,,,,,0.3856137990951538,5.858609310369757,,,,,,,,,,,2,2
2013-07-28 12:00:00+00:00,,,,,,,0.27950477600097656,0.11888996343048175,,,,,0.39378058910369873,14.034956059514581,,,,,,,,,,,2,2
2013-07-28 18:00:00+00:00,,,,,,,0.2043529748916626,0.16621230964724168,,,,,0.4041544198989868,9.424340589712644,,,,,,,,,,,2,2
2013-07-29 00:00:00+00:00,,,,,,,0.10348057746887207,1.9509933734028202,,,,,0.4031357765197754,9.693147765149462,,,,,,,,,,,2,2
2013-07-29 06:00:00+00:00,,,,,,,0.05850696563720703,0.9124010459728144,,,,,0.3015940189361572,-17.76745878192566,,,,,,,,,,,2,2
2013-07-29 12:00:00+00:00,,,,,,,0.04435241222381592,1.5196197880215008,,,,,,,0.473804235458374,7.260425525336894,,,0.20333820581436157,-18.586971430749713,,,,,3,3
2013-07-29 18:00:00+00:00,,,,,,,0.22137081623077393,1.2995872459346096,,,,,,,0.4361729621887207,9.847955792533302,,,0.291273832321167,-24.163892726766385,,,,,3,3
2013-07-30 00:00:00+00:00,,,,,,,0.12721455097198486,0.5670771892496529,,,,,,,0.5114344358444214,9.430538324645036,,,0.26972126960754395,-22.07690614320375,,,,,3,3
2013-07-30 06:00:00+00:00,,,,,,,0.26415324211120605,4.206113655910591,,,,,,,0.5504145622253418,7.450772633615513,,,0.3295431137084961,-17.950211223979622,,,,,3,3
2013-07-30 12:00:00+00:00,,,,,,,0.24858522415161133,2.994619024566366,,,,,,,0.4997677803039551,7.196751273598926,,,0.14712166786193848,0.04460015254320776,,,,,3,3
2013-07-30 18:00:00+00:00,,,,,,,0.25680458545684814,11.994580217959776,,,,,,,0.5118932723999023,7.465647096900238,,,0.03785073757171631,0.028129268172419602,,,,,3,3
2013-07-31 00:00:00+00:00,,,,,,,,,0.21119236946105957,5.44027591324872,,,,,0.5033516883850098,9.250211118281003,,,0.047627806663513184,-14.156508378003792,,,,,3,3
2013-07-31 06:00:00+00:00,,,,,,,,,0.3754459619522095,6.136264643526959,,,,,0.5318359136581421,8.728458375496576,,,0.25059235095977783,0.1471892678640333,,,,,3,3
2013-07-31 12:00:00+00:00,,,,,,,,,0.3729203939437866,5.043403529158664,,,,,0.49909496307373047,12.323533679322033,,,0.17294692993164062,-0.040492994865413225,,,,,3,3
2013-07-31 18:00:00+00:00,,,,,,,,,0.22887492179870605,0.6050479414515288,,,,,0.4818226099014282,4.436200685801192,,,0.05107009410858154,0.14948111842118578,,,,,3,3
2013-08-01 00:00:00+00:00,,,,,,,,,0.23997366428375244,1.7922574582673725,,,,,0.4977184534072876,7.445197473283407,,,0.11640965938568115,-0.012541652529949956,,,,,3,3
2013-08-01 06:00:00+00:00,,,,,,,,,0.36196327209472656,3.1577541651504015,,,,,0.444400429725647,6.475398585145267,,,0.23786437511444092,0.9623179492852756,,,,,3,3
2013-08-01 12:00:00+00:00,,,,,,,,,0.2629917860031128,5.999675792670655,,,,,0.443567156791687,6.6655078776710175,,,0.22806477546691895,0.032983508918942354,,,,,3,3
2013-08-01 18:00:00+00:00,,,,,,,,,0.3301565647125244,8.907127907978994,,,,,0.44414758682250977,8.1848123812614,,,0.23673677444458008,2.0622845147030517,,,,,3,3
2013-08-02 00:00:00+00:00,,,,,,,,,0.30042755603790283,6.515117789093611,,,,,,,0.48413121700286865,6.5242202832678196,0.18695402145385742,0.30510276215507454,,,,,3,3
2013-08-02 06:00:00+00:00,,,,,,,,,0.23970913887023926,2.7227844783604387,,,,,,,0.44535958766937256,7.416850895065023,0.2829204797744751,1.5749870129149723,,,,,3,3
2013-08-02 12:00:00+00:00,,,,,,,,,0.371313214302063,4.836591397106418,,,,,,,0.4466593265533447,6.653994438384028,0.42475414276123047,0.9816712801528258,,,,,3,3
2013-08-02 18:00:00+00:00,,,,,,,,,0.3647552728652954,11.523825810876591,,,,,,,0.5391162633895874,6.773219598943577,0.27156567573547363,1.9416352226073885,,,,,3,3
2013-08-03 00:00:00+00:00,,,,,,,,,0.35067224502563477,2.534423302931337,,,,,,,0.47506046295166016,3.3389098305550773,,,0.3243062496185303,2.6572799437193355,,,3,3
2013-08-03 06:00:00+00:00,,,,,,,,,0.3532336950302124,3.406615703943309,,,,,,,0.44585371017456055,5.002455827027824,0.36075782775878906,0.07187671039984804,0.06747865676879883,0.0987040187861188,,,4,4
2013-08-03 12:00:00+00:00,,,,,,,,,0.3078896999359131,3.3466449278020916,,,,,,,0.38397443294525146,0.861727821725164,,,0.9146033525466919,1.501574939545506,,,3,3
2013-08-03 18:00:00+00:00,,,,,,,,,0.39529311656951904,9.571913605404156,,,,,,,0.31364011764526367,1.0956787545347575,,,,,,,2,2
2013-08-04 00:00:00+00:00,,,,,,,,,0.31527018547058105,0.6036012332579099,,,,,,,0.3623296022415161,2.836417210505626,,,,,,,3,3
2013-08-04 06:00:00+00:00,,,,,,,,,,,0.5201660394668579,0.2475618576323906,,,,,0.3281804323196411,1.3105395707910166,,,,,,,2,2
2013-08-04 12:00:00+00:00,,,,,,,,,,,,,,,,,0.3032820224761963,0.04458582940776199,,,,,,,1,1
2013-08-04 18:00:00+00:00,,,,,,,,,,,,,,,,,,,,,,,,,0,0
2013-08-05 00:00:00+00:00,,,,,,,,,,,,,,,,,,,,,,,,,0,0
2013-08-05 06:00:00+00:00,,,,,,,,,,,,,,,,,,,,,,,,,0,0
2013-08-05 12:00:00+00:00,,,,,,,,,,,,,,,,,,,,,,,,,0,0
2013-08-05 18:00:00+00:00,,,,,,,,,,,,,,,,,,,,,,,,,0,0
2013-08-06 00:00:00+00:00,,,,,,,,,,,,,,,,,,,,,,,,,0,0
2013-08-06 06:00:00+00:00,,,,,,,,,,,,,,,,,,,,,,,,,0,0
2013-08-06 12:00:00+00:00,,,,,,,,,,,,,,,,,,,,,,,,,0,0
2013-08-06 18:00:00+00:00,,,,,,,,,,,,,,,,,,,,,,,,,0,0
2013-08-07 00:00:00+00:00,,,,,,,,,,,,,,,,,,,,,,,,,0,0
2013-08-07 06:00:00+00:00,,,,,,,,,,,,,,,,,,,,,,,,,0,0
2013-08-07 12:00:00+00:00,,,,,,,,,,,,,,,,,,,,,,,,,0,0
2013-08-07 18:00:00+00:00,,,,,,,,,,,,,,,,,,,,,,,,,0,0
2013-08-08 00:00:00+00:00,,,,,,,,,,,,,0.9222061410546303,-1.0472318803365788,,,,,,,,,,,1,1
2013-08-08 06:00:00+00:00,,,,,,,,,,,,,0.11899787187576294,-1.047418131687318,,,,,,,,,,,1,1
2013-08-08 12:00:00+00:00,,,,,,,,,,,,,0.19834619760513306,-3.4477713556634706,,,,,,,,,,,1,1
2013-08-08 18:00:00+00:00,,,,,,,,,,,,,0.2504960298538208,-4.826100577137479,,,,,,,,,,,1,1
2013-08-09 00:00:00+00:00,,,,,,,,,,,,,0.42733895778656006,-2.9722311247893143,,,,,,,,,,,1,1
2013-08-09 06:00:00+00:00,,,,,,,,,,,,,0.34372609853744507,-4.083497133466928,,,,,,,,,,,1,1
2013-08-09 12:00:00+00:00,,,,,,,,,,,,,0.3235093951225281,-1.6736574353090505,,,,,,,,,,,1,1
2013-08-09 18:00:00+00:00,,,,,,,,,,,,,0.32904350757598877,-3.6279575870030736,,,,,,,,,0.45376265048980713,-0.33395137233513184,2,2
2013-08-10 00:00:00+00:00,,,,,,,,,,,,,0.39157724380493164,-5.755101414270152,,,,,,,,,0.19244134426116943,-0.3596410455972817,2,2
2013-08-10 06:00:00+00:00,,,,,,,,,,,,,0.3116634488105774,-4.70576915190879,,,,,,,,,,,1,1
2013-08-10 12:00:00+00:00,,,,,,,,,,,,,0.3457176089286804,-6.508765728276434,,,,,,,,,0.42377495765686035,-0.1870947818623387,2,2
2013-08-10 18:00:00+00:00,,,,,,,,,,,,,0.35324394702911377,-6.214704918177006,,,,,,,,,0.6924324035644531,0.45704748905181986,3,3
2013-08-11 00:00:00+00:00,,,,,,,,,,,,,0.3916601538658142,-7.970273755495664,,,,,,,,,0.13260656595230103,0.01019287044497245,2,2
2013-08-11 06:00:00+00:00,,,,,,,,,,,,,0.42509323358535767,-7.892917462387068,,,,,,,,,0.41112470626831055,-0.011711442791644903,3,3
2013-08-11 12:00:00+00:00,,,,,,,,,,,,,0.43202728033065796,-24.432091499579734,0.6978460252285004,-7.6143625546021685,,,,,,,0.5532993078231812,-0.17979836088116702,4,4
2013-08-11 18:00:00+00:00,,,,,,,,,,,,,0.3968765139579773,-7.8769534605338585,0.8442497402429581,-4.657129457590668,,,,,,,,,4,3
2013-08-12 00:00:00+00:00,,,,,,,,,,,,,0.40645623207092285,-6.196472508292697,0.7293701767921448,-4.765039963149295,,,,,,,0.3377612829208374,0.04085616362752504,4,4
2013-08-12 06:00:00+00:00,,,,,,,,,,,,,0.39037197828292847,-10.694065551967373,0.6373049318790436,-8.93445916160907,,,,,,,0.1104745864868164,0.059713989184817,4,4
2013-08-12 12:00:00+00:00,,,,,,,,,,,,,0.3937622904777527,-3.275578650941623,0.4680127501487732,-5.018489224497875,,,,,,,0.19519519805908203,-0.04845460815685804,4,4
2013-08-12 18:00:00+00:00,,,,,,,,,,,,,0.4153030514717102,-6.876398780211742,0.5168759822845459,-5.56488779660537,,,,,,,0.3979978561401367,-1.313090661797906,5,5
2013-08-13 00:00:00+00:00,,,,,,,,,,,,,,,0.438995361328125,-14.232879522160687,,,,,,,,,3,3
2013-08-13 06:00:00+00:00,,,,,,,,,,,,,,,0.4869595766067505,-7.103636953236385,,,,,,,,,3,3
2013-08-13 12:00:00+00:00,,,,,,,,,,,,,,,0.475199818611145,-6.088624044493177,,,,,,,,,3,3
2013-08-13 18:00:00+00:00,,,,,,,,,,,,,,,0.49448442459106445,-6.822693016313908,,,,,,,,,3,3
2013-08-14 00:00:00+00:00,,,,,,,,,,,,,,,0.5134589970111847,-13.861786116389107,,,,,,,,,3,3
2013-08-14 06:00:00+00:00,,,,,,,,,,,,,,,0.49571001529693604,-10.18907237801572,,,,,,,,,3,3
2013-08-14 12:00:00+00:00,,,,,,,,,,,,,,,0.4569709300994873,-6.174190697264467,,,,,,,,,2,2
2013-08-14 18:00:00+00:00,,,,,,,,,,,,,,,0.5276092886924744,-9.207834677919735,,,,,,,,,2,1
2013-08-15 00:00:00+00:00,,,,,,,0.6460068225860596,0.24245962382198652,,,,,,,0.45739680528640747,-6.633897846465633,,,,,,,,,2,2
2013-08-15 06:00:00+00:00,0.12403470277786255,-0.15245438357268865,,,,,0.3539438247680664,-0.08344874743072411,,,,,,,0.44784194231033325,-6.063342262437655,,,,,,,,,3,3
2013-08-15 12:00:00+00:00,0.12280350923538208,-0.09181263261592149,,,,,0.16061896085739136,0.8564261796183866,,,,,0.6302011013031006,5.323865336615918,0.5333383977413177,-9.64395974004785,,,,,,,,,4,4
2013-08-15 18:00:00+00:00,0.6461301445960999,-0.11732322324422786,,,,,0.6416014134883881,-1.2443675579074602,,,,,0.7128046751022339,3.5164942660275114,0.48520439863204956,-7.108243035843766,,,,,,,,,4,4
2013-08-16 00:00:00+00:00,0.644804835319519,0.3478930459252223,,,,,0.5190179347991943,0.2497031901507148,,,,,0.7148524522781372,4.5876676330610895,0.5011568367481232,-8.11764701021198,,,,,,,,,4,4
2013-08-16 06:00:00+00:00,,,,,,,0.306294322013855,-0.4257963990326993,,,,,0.5082192420959473,4.278191507934951,0.4567152261734009,-8.116713454534631,,,,,,,,,3,3
2013-08-16 12:00:00+00:00,0.0952599048614502,0.026142772308391436,,,,,0.13205504417419434,0.3215790564902816,,,,,,,0.4511721134185791,-5.642625520043736,,,,,,,,,4,4
2013-08-16 18:00:00+00:00,,,,,,,0.04864215850830078,-0.5970854541672176,,,,,,,0.4724041819572449,-6.841303745239604,,,,,,,,,3,3
2013-08-17 00:00:00+00:00,,,0.23487365245819092,-2.0415709646700386,,,0.04622703790664673,0.16213471754117617,,,,,,,0.490200936794281,-7.512969556324231,,,,,,,,,4,4
2013-08-17 06:00:00+00:00,,,0.025350213050842285,-0.04982802490368031,,,0.0015477538108825684,-0.1945060592645096,,,,,,,0.6300977468490601,6.517204358386369,0.5672129690647125,-7.298287103548153,,,,,,,4,4
2013-08-17 12:00:00+00:00,,,0.29501914978027344,-1.1424059944162341,,,0.026813507080078125,1.4401418572592082,,,,,,,0.6739064455032349,6.962642964430695,0.588623046875,-5.557779481221068,,,,,,,4,4
2013-08-17 18:00:00+00:00,0.0070427656173706055,0.03698206510044516,,,,,,,,,,,,,0.6111116409301758,6.79750861336761,0.5641128420829773,-3.815534413618949,,,,,,,4,4
2013-08-18 00:00:00+00:00,0.03746473789215088,-0.1401665850580309,,,,,,,,,,,,,0.6548659801483154,4.758561480532557,0.4362766146659851,-3.4202427824390917,,,,,,,3,3
2013-08-18 06:00:00+00:00,0.08019816875457764,0.029313284512877187,0.029833674430847168,-1.3919341138506556,,,,,,,,,,,0.7108491659164429,7.894628477584654,0.5385378301143646,-4.9670451058033995,,,,,,,5,5
2013-08-18 12:00:00+00:00,0.35114437341690063,-0.47450005488182934,0.30983424186706543,-0.7934265934934862,,,,,,,,,,,0.49397599697113037,8.459136288352916,0.4339442849159241,-1.8080886144484973,,,,,,,5,5
2013-08-18 18:00:00+00:00,0.3038604259490967,0.2920991980485648,,,,,,,,,,,,,0.6309579610824585,5.3316494316928615,0.40305572748184204,-2.99090941354618,,,,,,,4,4
2013-08-19 00:00:00+00:00,0.22936540842056274,-0.5376632028228177,,,,,,,,,,,,,0.6295316219329834,9.541165474221517,0.4354289174079895,-1.9473006044644308,,,,,,,4,4
2013-08-19 06:00:00+00:00,0.2968728542327881,-0.7524283437577047,,,,,,,0.5672494471073151,-0.46436110139916803,,,,,0.5958232879638672,9.723566380325021,0.39889025688171387,-3.8960616609650196,,,,,,,5,5
2013-08-19 12:00:00+00:00,0.4478031396865845,-6.776086631911762,0.4559209942817688,-0.2780646059263389,,,,,,,,,,,0.634258508682251,4.892642561962238,0.3684099316596985,-2.0662347270199746,,,,,,,4,4
2013-08-19 18:00:00+00:00,0.1669386625289917,0.7122212529657064,0.11024212837219238,0.2596258674747429,,,,,,,,,,,0.64850914478302,7.858054464990471,0.22939550876617432,0.11120678793624363,,,,,,,4,4
2013-08-20 00:00:00+00:00,,,0.5817241966724396,-0.05831970817828376,,,,,,,,,,,0.6248786449432373,7.316564066512185,0.21581286191940308,-0.2200818228419737,,,,,,,3,3
2013-08-20 06:00:00+00:00,,,0.23636919260025024,-2.0666771200704868,,,,,,,,,,,0.5336841344833374,7.176667058368394,0.16024655103683472,-0.7724370436008577,,,,,,,3,3
2013-08-20 12:00:00+00:00,,,0.03494381904602051,0.5061596313934574,,,,,,,,,,,0.5122723579406738,5.382593237585153,0.33160728216171265,-0.9429164076764827,,,,,,,3,3
2013-08-20 18:00:00+00:00,,,0.11883664131164551,-0.4465428411868468,,,,,,,,,,,0.5411258935928345,14.14001607734205,0.3192143440246582,-1.4632709639458001,,,,,,,4,3
2013-08-21 00:00:00+00:00,,,0.2351398468017578,-5.298292835268527,,,,,,,,,,,,,0.48481810092926025,5.566400080098362,,,,,,,4,4
2013-08-21 06:00:00+00:00,,,0.022331416606903076,0.20111939825438183,,,,,,,,,,,,,0.4765491485595703,2.4389887751344475,,,,,,,4,4
2013-08-21 12:00:00+00:00,,,0.16240251064300537,0.2820916737044552,,,,,,,,,,,0.6280697286128998,-7.184942715407042,0.45662105083465576,2.581921985762526,,,,,,,4,4
2013-08-21 18:00:00+00:00,,,,,,,,,,,,,0.8471179008483887,0.9145397588796204,0.38546085357666016,-4.682519526466219,,,,,,,,,2,2
2013-08-22 00:00:00+00:00,,,,,,,,,,,,,,,0.3281400203704834,-1.520396154255346,,,,,,,,,1,1
2013-08-22 06:00:00+00:00,,,,,,,,,,,,,0.09500324726104736,0.27839280401060124,0.6123019456863403,-7.688124194094286,,,,,,,,,2,2
2013-08-22 12:00:00+00:00,,,,,,,,,,,,,0.1579756736755371,0.49659664128412534,0.44153112173080444,-11.1184970517556,,,,,,,,,2,2
2013-08-22 18:00:00+00:00,,,,,,,,,,,,,0.33941447734832764,0.8772839434794896,0.2814229726791382,-3.3657185848087,,,,,,,,,2,2
2013-08-23 00:00:00+00:00,,,,,,,,,,,,,0.47105908393859863,6.127188834279739,0.43308311700820923,-8.51489641144926,,,,,,,,,2,2
2013-08-23 06:00:00+00:00,,,,,,,,,,,,,0.38134491443634033,2.954401035286289,0.36451953649520874,-4.180504871780989,,,,,,,,,2,2
2013-08-23 12:00:00+00:00,,,,,,,,,,,,,0.32960426807403564,1.6364432385258625,0.45127803087234497,-13.721577141430721,,,,,,,,,2,2
2013-08-23 18:00:00+00:00,,,,,,,,,,,,,0.3555518388748169,2.5150504173137826,0.4610302448272705,-3.1726905759810764,,,,,,,,,3,2
2013-08-24 00:00:00+00:00,,,,,,,0.8908238410949707,1.170826256403317,,,,,0.4646047353744507,5.099915715623171,0.12261265516281128,-4.868723826980558,,,,,,,,,4,4
2013-08-24 06:00:00+00:00,0.0733417272567749,0.5821977259176002,,,,,,,,,,,0.35100579261779785,2.778995871870142,0.317976713180542,-3.3370916388097354,,,,,,,,,4,4
2013-08-24 12:00:00+00:00,0.5308889150619507,-0.13224897436573702,,,,,,,,,,,0.4073101282119751,4.282762088719603,0.309858500957489,-6.913217665885446,,,,,,,,,4,4
2013-08-24 18:00:00+00:00,0.49393129348754883,0.5010331022303998,,,,,,,,,,,0.36035192012786865,4.786601393427178,0.401597261428833,-0.6167575852757813,0.28577423095703125,-1.0290397872266932,,,,,,,4,4
2013-08-25 00:00:00+00:00,0.008358359336853027,-0.17883512852803396,,,,,,,,,,,0.39645981788635254,4.635277507540989,0.5890935957431793,-3.132815480746492,,,,,,,,,3,3
2013-08-25 06:00:00+00:00,0.21247315406799316,-0.1285779097691797,,,,,,,,,,,0.5162521600723267,7.108372210964997,,,0.07236993312835693,-0.49379630841970557,,,,,,,3,3
2013-08-25 12:00:00+00:00,0.1762559413909912,0.3218129414701244,,,,,,,,,,,,,0.45463812351226807,3.0528010673313464,0.3628019094467163,0.48171899035884025,,,,,,,3,3
2013-08-25 18:00:00+00:00,0.18994635343551636,-0.7631799110126214,,,,,,,,,,,,,0.43495237827301025,3.861346689485776,0.33444321155548096,-3.6482125203392344,,,,,,,3,3
2013-08-26 00:00:00+00:00,0.25812578201293945,-0.16908309527547852,,,,,0.34157824516296387,0.5680103443751428,,,,,,,0.502653956413269,4.694173217022843,,,,,,,,,3,3
2013-08-26 06:00:00+00:00,0.040152907371520996,-0.21711074895049523,,,,,,,,,,,,,0.49418115615844727,8.164342994757678,,,,,,,,,3,2
2013-08-26 12:00:00+00:00,0.17482566833496094,0.9050945261540679,,,,,,,0.18403112888336182,0.14072142158376014,,,,,0.5791367292404175,11.455678039792353,,,,,,,,,3,3
2013-08-26 18:00:00+00:00,0.1188284158706665,-0.0830995008327676,,,,,0.39276647567749023,-0.5820735469266572,0.27227044105529785,7.151779969888575,,,,,0.5521405935287476,8.354810415734748,,,,,,,,,4,4
2013-08-27 00:00:00+00:00,0.0281980037689209,-1.1685453924844058,,,,,0.19583749771118164,0.1584228390077309,0.1354120969772339,0.6943189071364888,,,,,0.581078290939331,7.649980794991073,,,0.40119290351867676,-0.5096522743555134,,,,,5,5
2013-08-27 06:00:00+00:00,0.13230633735656738,-0.2069185826163403,0.31922292709350586,0.9144842408470841,,,0.4098778963088989,0.29864389386575063,0.3263366222381592,1.9359081087274106,,,,,0.5198937654495239,5.511317341057985,,,0.253645658493042,-0.25157713097820866,,,,,6,6
2013-08-27 12:00:00+00:00,,,0.02845144271850586,0.10333773173934604,,,0.18737763166427612,0.8262589233922574,0.48143303394317627,5.7141626857920755,,,,,0.5358015298843384,5.298416890648711,,,0.020224452018737793,-1.0059188855529007,,,,,5,5
2013-08-27 18:00:00+00:00,,,0.05134570598602295,-1.6356250902823934,,,0.24122095108032227,2.516059721956117,0.20483052730560303,4.184983207264405,,,,,0.5609605312347412,6.348044906991157,,,0.6638637781143188,-0.09281157229071779,,,,,5,5
2013-08-28 00:00:00+00:00,0.27386224269866943,2.111685627123287,0.13169705867767334,-0.06434736826992885,,,,,0.48839521408081055,9.40797290423391,,,,,0.536644697189331,7.2301422620213875,,,0.6941762566566467,-0.1416570851329755,,,,,5,5
2013-08-28 06:00:00+00:00,0.28262388706207275,0.09371547830451347,,,,,,,0.08455157279968262,1.5919531132630977,,,,,0.5002467632293701,5.805422630896619,,,0.5176113843917847,0.2697983795357489,,,,,4,4
2013-08-28 12:00:00+00:00,0.17900073528289795,0.42768269218531496,,,,,,,0.3163973093032837,3.900192271000622,,,,,0.5649999380111694,6.845528000505956,,,,,,,,,3,3
2013-08-28 18:00:00+00:00,0.1010361909866333,0.3348504506454563,,,,,,,0.16409647464752197,-0.1193416958179539,,,,,0.5782291889190674,6.183748844575833,,,,,0.475810170173645,-0.7224012859030401,,,5,5
2013-08-29 00:00:00+00:00,0.42633748054504395,3.2008751000861695,,,,,,,0.24591314792633057,3.766019353419176,,,,,0.5483334064483643,7.300212695882082,,,0.16383790969848633,0.27510112448568363,,,,,5,5
2013-08-29 06:00:00+00:00,0.5268902778625488,-0.9178404522417418,,,,,0.28906965255737305,-0.6393893244570714,0.04782247543334961,5.606580264764229,,,,,0.3012208938598633,0.1722271049853658,0.6082053184509277,5.946915767165924,0.2749289274215698,0.3708950123966819,,,,,6,6
2013-08-29 12:00:00+00:00,0.09263789653778076,1.2840824806360194,,,,,0.12504005432128906,0.19913473835867235,0.017051219940185547,0.13489948685807104,,,,,,,0.5269488096237183,5.5080415800075135,0.019848108291625977,-0.1441565262815186,,,,,6,6
2013-08-29 18:00:00+00:00,,,,,,,,,0.1502319574356079,0.8650626695334623,,,,,,,0.5119227170944214,9.56583476059697,0.23068487644195557,2.2841901623254453,,,,,4,4
2013-08-30 00:00:00+00:00,,,,,,,,,0.39101171493530273,10.351866947592034,,,,,,,0.4323256015777588,6.57741178518334,0.15852868556976318,0.7529596077256839,,,,,4,4
2013-08-30 06:00:00+00:00,,,,,,,,,0.05545163154602051,1.1298447936873135,,,,,,,0.3547564744949341,2.707151826781832,0.23371899127960205,0.9169254670762497,,,,,4,4
2013-08-30 12:00:00+00:00,,,,,,,,,0.04710674285888672,3.8804049824633906,,,,,,,0.3057011365890503,4.944916674307136,0.2567620277404785,-0.17004394905228845,,,,,4,4
2013-08-30 18:00:00+00:00,,,,,,,,,0.2813635468482971,-1.682097135946386,,,,,,,0.7038604021072388,0.5949715535295751,,,,,,,3,3
2013-08-31 00:00:00+00:00,,,,,,,,,0.16172480583190918,-5.967574631915605,,,,,,,,,,,0.03382521867752075,-0.3127482137048797,,,3,3
2013-08-31 06:00:00+00:00,,,,,,,,,0.17576754093170166,-7.952654635580196,,,,,,,,,,,,,,,2,2
2013-08-31 12:00:00+00:00,,,,,,,,,0.06681197881698608,0.5675718443227973,,,,,,,,,,,,,,,2,2
2013-08-31 18:00:00+00:00,,,,,,,,,0.47481000423431396,-7.0453731783888935,,,,,,,,,,,,,,,2,2
2013-09-01 00:00:00+00:00,,,,,,,,,0.5759251415729523,-5.132816147353303,,,,,,,,,,,,,,,2,2
2013-09-01 06:00:00+00:00,,,,,,,,,0.48088884353637695,-5.858959523489873,,,,,,,,,,,,,,,1,1
2013-09-01 12:00:00+00:00,,,,,,,,,0.34936851263046265,-8.94969725103014,,,,,,,,,,,,,,,1,1
2013-09-01 18:00:00+00:00,,,,,,,,,0.25193458795547485,-4.172144427497552,,,,,,,,,,,,,,,1,1
2013-09-02 00:00:00+00:00,,,,,,,,,0.3224273920059204,-9.570308917569879,,,,,,,,,,,,,,,2,2
2013-09-02 06:00:00+00:00,,,,,,,,,0.17235660552978516,-0.2970890916376711,,,,,,,,,,,,,,,1,1
2013-09-02 12:00:00+00:00,,,,,,,,,0.19459456205368042,-8.103367854302078,,,,,,,,,,,,,,,2,2
2013-09-02 18:00:00+00:00,,,,,,,,,0.07247155904769897,0.15610432412841346,0.4222753047943115,1.8791384366957282,,,,,,,0.41328418254852295,0.19878245620114968,,,,,3,3
2013-09-03 00:00:00+00:00,,,,,,,,,0.017012476921081543,1.2450805172426453,0.325040340423584,0.8261012390290002,,,,,,,0.08276283740997314,0.2468902601314402,,,,,3,3
2013-09-03 06:00:00+00:00,,,,,,,,,,,0.2370418906211853,-0.1626629073268676,,,,,,,0.007120490074157715,-0.07846963987421052,,,,,3,3
2013-09-03 12:00:00+00:00,,,,,,,,,,,0.25007307529449463,0.4281359292162768,,,,,,,0.09628415107727051,4.581461972548282,,,,,2,2
2013-09-03 18:00:00+00:00,,,,,,,,,,,,,,,,,,,0.1997988224029541,0.49586945438728575,,,,,1,1
2013-09-04 00:00:00+00:00,,,,,,,,,,,0.2744681239128113,-0.9075672326924136,,,,,,,0.22327685356140137,0.9301656172598319,,,,,2,2
2013-09-04 06:00:00+00:00,,,,,,,,,,,0.5078490972518921,-0.8182692198938823,,,,,,,0.13062667846679688,-0.182236286198897,,,,,3,2
2013-09-04 12:00:00+00:00,,,,,,,,,,,,,0.24372410774230957,0.06088529521583394,,,,,,,0.1021801233291626,3.8817762666720634,,,2,2
2013-09-04 18:00:00+00:00,,,,,,,,,,,,,0.36444610357284546,-3.011757612075201,,,,,0.04674839973449707,0.08891181604990989,0.04818093776702881,2.109851475585014,,,3,3
2013-09-05 00:00:00+00:00,,,,,,,,,,,,,0.14871394634246826,-1.1017074468442667,,,,,,,0.13505196571350098,0.4721477497342291,,,3,3
2013-09-05 06:00:00+00:00,,,,,,,,,,,,,0.25278031826019287,-0.5829622266805061,,,,,,,0.20985925197601318,1.013973719134531,,,3,3
2013-09-05 12:00:00+00:00,,,,,,,,,,,,,0.33472102880477905,-3.708838250802583,,,,,,,0.1239098310470581,-0.029278825237171843,,,3,3
2013-09-05 18:00:00+00:00,,,,,,,,,,,,,0.3119220733642578,-3.684346591527326,,,,,,,0.0843362808227539,1.1483358225564761,,,3,3
2013-09-06 00:00:00+00:00,,,,,,,,,,,,,0.27610617876052856,-4.396349081411699,,,,,,,0.03055751323699951,0.42054846986409244,0.21922671794891357,-0.04796923795127539,4,4
2013-09-06 06:00:00+00:00,,,,,,,,,,,,,0.32487887144088745,-2.6697142695520593,,,,,,,0.07542252540588379,4.128660551899159,,,4,4
2013-09-06 12:00:00+00:00,,,,,,,,,,,,,0.3170188069343567,-3.9143405442978403,,,,,,,0.030512332916259766,0.22705473066902007,,,3,3
2013-09-06 18:00:00+00:00,,,,,,,,,,,,,0.2295212745666504,-6.803746869142684,,,,,,,0.007107794284820557,0.9763274579288986,,,4,4
2013-09-07 00:00:00+00:00,,,,,,,,,,,,,0.2738190293312073,-2.061831805299079,,,,,,,0.04688084125518799,0.1654984467113628,,,3,3
2013-09-07 06:00:00+00:00,,,,,,,,,,,,,0.3231693506240845,-3.3264955631655724,,,,,,,0.025339126586914062,-0.09790224852828862,,,3,3
2013-09-07 12:00:00+00:00,,,,,,,,,,,,,0.3199155330657959,-4.198125074653064,,,,,,,0.10562300682067871,4.079839110195048,,,4,4
2013-09-07 18:00:00+00:00,,,,,,,,,,,,,0.4412039518356323,-4.029647778672757,,,,,,,0.04932248592376709,0.10856226092742662,,,4,4
2013-09-08 00:00:00+00:00,,,,,,,,,,,,,0.3255912661552429,-2.2743050395099043,0.601478785276413,-11.009814383733612,,,,,0.09653198719024658,0.9282965021284056,,,4,4
2013-09-08 06:00:00+00:00,,,,,,,,,,,,,0.41623377799987793,-9.883331462543854,,,,,,,0.06382274627685547,0.33325654634554847,0.06644624471664429,-0.19184210855634684,5,5
2013-09-08 12:00:00+00:00,,,,,,,,,,,,,0.37644022703170776,-7.072219618232322,,,,,,,0.0758213996887207,0.8644679888490411,0.055461108684539795,-0.21552270113893243,3,3
2013-09-08 18:00:00+00:00,,,,,,,,,,,,,0.40612858533859253,-5.842469259794982,,,,,,,0.09917604923248291,0.5181293965115845,0.2127084732055664,-0.5221301469903828,5,5
2013-09-09 00:00:00+00:00,,,,,,,,,,,,,0.4758843779563904,-12.033114456786512,,,,,,,,,0.1854569911956787,0.48873685156902413,2,2
2013-09-09 06:00:00+00:00,,,,,,,,,,,,,,,0.4703724980354309,-9.36278411958183,,,,,0.124839186668396,0.029764267868693576,,,2,2
2013-09-09 12:00:00+00:00,,,,,,,,,,,,,,,0.48760372400283813,-10.512762794600832,,,,,0.05682265758514404,2.003972975773263,,,3,2
2013-09-09 18:00:00+00:00,,,,,,,,,,,,,,,0.5002602338790894,-8.328062655534255,,,,,0.10811412334442139,0.38827791971683284,,,2,2
2013-09-10 00:00:00+00:00,,,,,,,,,,,,,,,0.4729465842247009,-8.62484144160389,,,,,,,0.05032205581665039,1.4255015349530176,2,2
2013-09-10 06:00:00+00:00,,,,,,,,,,,,,,,0.49901676177978516,-5.096961192672377,,,,,,,0.13840258121490479,0.16500626411757446,2,2
2013-09-10 12:00:00+00:00,,,,,,,,,,,,,,,0.4880332946777344,-8.310441407595114,,,,,,,0.028335094451904297,-0.14161461802368067,3,3
2013-09-10 18:00:00+00:00,,,,,,,,,,,,,,,0.5023190081119537,-8.618941744934425,,,,,,,0.34182775020599365,-0.04748317529707323,2,2
2013-09-11 00:00:00+00:00,,,,,,,,,,,,,,,0.5576808452606201,-12.70898286055918,,,,,,,0.008166313171386719,-0.1927349537557668,2,2
2013-09-11 06:00:00+00:00,,,,,,,,,,,,,,,0.5306122303009033,-10.097303410318192,,,,,,,,,1,1
2013-09-11 12:00:00+00:00,,,,,,,,,,,,,,,0.5186222195625305,-8.342446454583031,,,,,,,,,2,2
2013-09-11 18:00:00+00:00,,,,,,,,,,,,,,,0.5797483921051025,-6.992789473496225,,,,,,,,,3,3
2013-09-12 00:00:00+00:00,,,,,,,,,0.7793358564376831,2.372828909097067,,,,,0.5331584215164185,-7.855465468920769,,,,,,,,,5,5
2013-09-12 06:00:00+00:00,,,,,,,,,0.5830004215240479,5.233281494337238,,,,,0.5591490864753723,-6.5201201374158,,,,,,,,,3,3
2013-09-12 12:00:00+00:00,,,,,,,,,,,,,,,0.5655649900436401,-5.766308707217916,,,,,,,,,4,4
2013-09-12 18:00:00+00:00,,,,,,,,,,,,,,,0.48464488983154297,-9.334810880465701,0.5267966687679291,-3.547044826418087,,,,,,,3,3
2013-09-13 00:00:00+00:00,,,,,,,,,,,,,,,0.4736894965171814,-13.420818676149821,0.6793382167816162,-2.1606108598194176,,,,,,,3,3
2013-09-13 06:00:00+00:00,,,,,,,,,0.7107311487197876,6.526695367756181,,,,,0.5260762572288513,-7.965589173609909,0.3980283737182617,-2.07444553430107,,,,,,,3,3
2013-09-13 12:00:00+00:00,,,,,,,,,0.6504255533218384,5.1814634732905835,,,,,0.4573514461517334,-8.26543423614233,0.6241568326950073,-6.55732413480028,,,,,,,3,3
2013-09-13 18:00:00+00:00,,,,,,,,,0.6418008804321289,4.0853332245240095,,,,,0.3952322006225586,-10.153351048332736,0.6541323363780975,-4.306685513462842,,,,,,,3,3
2013-09-14 00:00:00+00:00,,,,,,,,,0.6088296175003052,7.750894282957445,,,,,0.4306040406227112,-5.035477460789186,0.5032044649124146,-2.985881718171857,,,,,,,3,3
2013-09-14 06:00:00+00:00,,,,,,,,,0.6222484111785889,5.209877302984999,,,,,,,0.5099737346172333,-6.01857519026146,,,,,,,3,3
2013-09-14 12:00:00+00:00,,,,,,,,,0.6763232946395874,6.961877518348256,,,,,,,0.46019458770751953,-6.898827001014012,,,,,,,2,2
2013-09-14 18:00:00+00:00,,,,,,,,,0.6211849451065063,12.541299112824767,,,,,,,0.39475780725479126,-7.986946523098029,,,,,,,2,2
2013-09-15 00:00:00+00:00,,,,,,,,,0.6367411613464355,5.6782993743298125,,,,,,,0.45918160676956177,-9.027405900183025,,,,,,,2,2
2013-09-15 06:00:00+00:00,,,,,,,,,0.6682125329971313,10.955660731687153,,,,,,,0.4667409658432007,-18.75083550219653,,,,,,,2,2
2013-09-15 12:00:00+00:00,,,,,,,,,0.5795190334320068,8.674691980589374,,,0.6053233444690704,-1.1471005313179292,,,0.3732871413230896,-4.9076734147447425,,,,,,,4,4
2013-09-15 18:00:00+00:00,,,,,,,,,0.5132898092269897,6.311214577776591,,,0.6060284972190857,-4.722532434949623,,,0.35343116521835327,-5.056937647519583,,,,,,,4,4
2013-09-16 00:00:00+00:00,,,,,,,,,0.527350664138794,8.472921505807415,,,0.5671802163124084,-4.48166315154256,,,0.20240169763565063,-0.5805381940889562,,,,,,,4,4
2013-09-16 12:00:00+00:00,,,,,,,,,,,,,0.7115458548069,-2.8314225539179447,,,0.5809541940689087,4.1656601962448185,,,,,,,4,4
2013-09-16 18:00:00+00:00,,,,,,,,,,,,,0.5755085647106171,-7.058030153796534,,,0.49408137798309326,2.7622231514388327,,,,,,,4,4
2013-09-17 00:00:00+00:00,,,,,,,,,,,,,0.43642979860305786,-8.099843584475636,,,0.4127812385559082,-2.3513325728866095,,,,,,,4,4
2013-09-17 12:00:00+00:00,,,,,,,,,,,,,,,0.4658243656158447,-21.848576462026557,0.2594640851020813,-1.2226812982139426,,,,,,,3,3
2013-09-17 18:00:00+00:00,,,,,,,,,,,,,,,0.48150789737701416,-4.980728386717759,0.29646068811416626,-0.8754551365626954,,,,,,,3,3
2013-09-18 00:00:00+00:00,,,,,,,,,,,,,,,0.47966277599334717,-5.140928632857093,0.28468960523605347,-1.300878152670341,,,,,,,3,3
2013-09-18 12:00:00+00:00,,,,,,,,,,,,,,,0.5390763878822327,-5.7809381132416116,0.16336888074874878,-0.9172496532940728,,,,,,,3,3
2013-09-18 18:00:00+00:00,,,,,,,,,,,,,,,0.5435797572135925,-6.816597783426208,0.033218443393707275,-0.13320835967615896,,,,,,,4,4
2013-09-19 00:00:00+00:00,,,,,,,,,,,,,,,0.4716508388519287,-3.7490786696279375,0.19604837894439697,-0.5726960619139083,,,,,,,4,4
2013-09-19 12:00:00+00:00,,,,,,,,,,,,,,,0.39950263500213623,-8.051519233788406,0.479780375957489,-0.6380336342273002,,,,,,,2,2
2013-09-19 18:00:00+00:00,,,,,,,,,,,,,,,0.44237035512924194,-9.843382976804651,0.23925864696502686,-0.7143738042017107,,,,,,,3,3
2013-09-20 00:00:00+00:00,,,,,,,,,,,,,,,0.3062252998352051,-7.229292581346245,0.11125147342681885,-0.15487048818577226,,,,,,,4,4
2013-09-20 12:00:00+00:00,,,,,,,,,,,,,,,0.3018289804458618,-5.378445354295107,,,,,,,,,2,2
2013-09-20 18:00:00+00:00,,,,,,,,,,,,,,,0.4577183723449707,-8.747620549545339,0.08880817890167236,0.18319496605902627,,,,,,,2,2
2013-09-21 00:00:00+00:00,,,,,,,,,,,,,,,0.36456698179244995,-4.605079475150725,0.09356892108917236,-0.018799937257563907,,,,,,,2,2
2013-09-21 12:00:00+00:00,,,,,,,,,,,,,,,0.41779279708862305,-11.582772840812641,0.12741202116012573,-0.12765127345630667,,,,,,,3,3
2013-09-21 18:00:00+00:00,,,,,,,,,,,,,,,0.3287392854690552,-2.0929015369132,0.07996988296508789,-0.18316602871271512,,,,,,,3,3
2013-09-22 00:00:00+00:00,,,,,,,,,,,,,,,,,0.3134591579437256,-3.8585331799650993,,,,,,,3,3
2013-09-22 06:00:00+00:00,,,,,,,,,,,,,,,,,0.28069519996643066,-1.0438587766021894,,,,,,,2,2
2013-09-22 12:00:00+00:00,,,,,,,,,,,,,,,,,0.18233531713485718,-0.8035383360736396,,,,,,,2,2
2013-09-22 18:00:00+00:00,,,,,,,,,,,,,,,,,0.2342005968093872,-5.916810753033291,,,,,,,2,2
2013-09-23 00:00:00+00:00,,,,,,,,,,,,,,,,,0.1726323366165161,-0.9770857375143436,,,,,,,1,1
2013-09-23 06:00:00+00:00,,,,,,,,,,,,,,,,,0.4460000991821289,0.1485921702048009,,,,,,,1,1
2013-09-23 12:00:00+00:00,,,,,,,,,,,,,,,,,,,,,,,,,0,0
2013-09-23 18:00:00+00:00,,,,,,,,,,,,,,,,,,,,,,,,,0,0
2013-09-24 00:00:00+00:00,,,,,,,,,,,,,,,,,,,,,,,,,0,0
2013-09-24 06:00:00+00:00,,,,,,,,,,,,,0.6858075857162476,-0.17751762351591915,,,,,,,,,,,1,1
2013-09-24 12:00:00+00:00,,,,,,,,,,,,,0.3344407081604004,1.7148921674075528,,,,,,,,,,,1,1
2013-09-24 18:00:00+00:00,,,,,,,,,,,,,0.399347186088562,1.0117578381523322,,,,,,,,,,,1,1
2013-09-25 00:00:00+00:00,,,,,,,,,,,,,,,0.23758471012115479,1.5340971389576055,,,,,,,,,1,1
2013-09-25 06:00:00+00:00,,,,,,,,,,,,,,,0.3122291564941406,3.187395308022524,,,,,,,,,1,1
2013-09-25 12:00:00+00:00,,,,,,,,,,,,,0.5369840264320374,-2.1371892407175967,0.2292633056640625,1.8539751626004608,,,,,,,,,2,2
2013-09-25 18:00:00+00:00,,,,,,,,,,,,,0.23472821712493896,1.1404677382804025,0.3112342357635498,6.273699526312829,,,,,,,,,2,2
2013-09-26 00:00:00+00:00,,,,,,,,,,,,,0.5882128477096558,-2.4990498118115467,0.1843278408050537,2.5323160626013874,,,,,,,,,2,2
2013-09-26 06:00:00+00:00,,,,,,,,,,,,,,,0.16667795181274414,2.272701937065077,,,,,,,,,2,2
2013-09-26 12:00:00+00:00,,,,,,,,,,,,,,,0.299924373626709,1.325815161441266,,,,,,,,,2,2
2013-09-26 18:00:00+00:00,,,,,,,,,,,,,,,0.4891664981842041,11.42911226078386,,,,,,,,,1,1
2013-09-27 00:00:00+00:00,,,,,,,,,,,,,,,0.28063857555389404,3.612594285168748,,,,,,,,,1,1
2013-09-27 06:00:00+00:00,,,,,,,,,,,,,,,0.39173173904418945,4.3513958387783545,,,,,,,,,2,2
2013-09-27 12:00:00+00:00,,,,,,,,,,,,,,,0.38622331619262695,7.7345981317857575,,,,,,,,,2,2
2013-09-27 18:00:00+00:00,,,,,,,,,,,,,,,0.2695833444595337,2.6475287023588034,,,,,,,,,2,2
2013-09-28 00:00:00+00:00,,,,,,,,,,,,,,,0.40560364723205566,2.898006450922744,,,,,,,,,2,2
2013-09-28 06:00:00+00:00,,,,,,,,,,,,,,,0.3935837745666504,2.4402813662650376,,,,,,,,,2,2
2013-09-28 12:00:00+00:00,,,,,,,,,,,,,,,0.3643825054168701,1.633456845190691,,,,,,,,,2,2
2013-09-28 18:00:00+00:00,,,,,,,,,,,,,,,0.21774256229400635,6.38654284786493,,,,,,,,,2,2
2013-09-29 00:00:00+00:00,,,,,,,,,,,,,,,0.2066558599472046,3.002934134046864,,,,,,,,,2,2
2013-09-29 06:00:00+00:00,,,,,,,,,,,,,,,0.30993032455444336,0.35085936160816183,,,,,,,,,2,2
2013-09-29 12:00:00+00:00,,,,,,,,,,,,,,,0.681436687707901,-5.616841467892045,,,,,,,,,2,2
2013-09-29 18:00:00+00:00,,,,,,,,,,,,,,,0.6600605845451355,-7.154593753084211,0.45712435245513916,-0.027571297411377833,,,,,,,2,2
2013-09-30 00:00:00+00:00,,,,,,,,,,,,,,,0.6591294705867767,-3.0943141102820375,0.1915072202682495,5.879616914736108,,,,,,,2,2
2013-09-30 06:00:00+00:00,,,,,,,,,,,,,0.13445430994033813,-1.6285051126044594,,,0.23380351066589355,10.916933510839984,,,,,,,2,2
2013-09-30 12:00:00+00:00,,,,,,,,,,,,,0.06616926193237305,0.43524901386515874,,,,,,,,,,,1,1
2013-09-30 18:00:00+00:00,,,,,,,,,,,,,0.6232398748397827,0.26460669289989475,,,,,,,,,,,1,1
2013-10-01 00:00:00+00:00,,,,,,,,,,,,,0.21111822128295898,-0.038821758890036716,,,,,,,0.12702405452728271,0.24102772845568277,,,2,2
2013-10-01 06:00:00+00:00,,,,,,,,,,,,,0.07095956802368164,-0.2187695698968436,,,,,,,0.018468499183654785,-0.4477491020907097,,,2,2
2013-10-01 12:00:00+00:00,,,,,,,,,,,,,0.4582866430282593,1.4177664554265828,,,,,,,0.13032126426696777,0.6043850391420054,,,2,2
2013-10-01 18:00:00+00:00,,,,,,,,,,,,,0.20786011219024658,0.064821640878747,,,,,,,0.2792869806289673,0.283179412351189,,,2,2
2013-10-02 00:00:00+00:00,,,,,,,,,,,,,0.05613601207733154,-0.13631959916984132,,,,,,,0.07638680934906006,-0.700825208824139,,,4,3
2013-10-02 06:00:00+00:00,,,,,,,,,,,,,0.4274247884750366,-7.0285196791034545,,,,,,,0.0028856396675109863,-0.004091500781007994,,,4,3
2013-10-02 12:00:00+00:00,0.053104937076568604,-0.2565717169561335,,,,,,,,,,,0.34214186668395996,-2.4130535446706216,,,,,,,0.16525769233703613,-0.013321146461064406,,,4,4
2013-10-03 00:00:00+00:00,0.26422566175460815,0.009930553813183652,,,,,,,,,,,0.3104432225227356,-4.453626882147498,,,,,,,0.014151573181152344,0.06582832877382995,,,4,4
2013-10-03 06:00:00+00:00,0.1226952075958252,0.37824109230042213,,,,,,,,,,,0.28667163848876953,-2.0995630807645504,,,,,,,0.15118372440338135,-0.07547591691274073,,,5,5
2013-10-03 12:00:00+00:00,0.22591853141784668,3.0798528368592724,,,,,,,,,,,0.42653197050094604,-7.504352240731174,,,,,,,0.13336408138275146,0.2943913529672983,,,5,5
2013-10-03 18:00:00+00:00,0.24654972553253174,0.9494522032665127,,,,,,,,,,,0.4880697727203369,-2.5747671945129973,,,,,,,0.0026134252548217773,0.3467154817792804,,,4,4
2013-10-04 00:00:00+00:00,,,0.17430204153060913,-0.7891609526159252,,,,,,,,,0.5565132796764374,-5.004980085204098,,,,,,,0.08046233654022217,-0.038929321947578054,,,4,4
2013-10-04 06:00:00+00:00,,,0.05780762434005737,-0.35439271332830347,,,,,,,,,0.5144550204277039,-3.884425653642237,,,,,,,0.1885761022567749,0.0508442875979676,0.4220483899116516,-0.3729593022499113,5,4
2013-10-04 12:00:00+00:00,,,0.08887261152267456,-0.000769098680164729,,,,,,,,,0.46848493814468384,-4.722655091670431,,,,,0.3214077353477478,0.28092131471531834,,,0.029549598693847656,-0.2803079287919272,4,4
2013-10-04 18:00:00+00:00,,,0.05290830135345459,-3.3089058580499393,,,,,,,,,0.41422271728515625,-5.135623565083969,,,,,0.06367093324661255,0.1669327294423199,0.04471105337142944,-0.0676076458374059,,,4,4
2013-10-05 00:00:00+00:00,,,0.12697768211364746,0.26003346197372135,,,,,,,,,0.5225270986557007,-8.94626967842217,,,,,0.3304864168167114,0.5065586459988662,0.01658332347869873,3.3711141246704064,,,4,4
2013-10-05 06:00:00+00:00,,,0.16287660598754883,-0.5327283442321827,,,,,,,,,0.5690551102161407,-11.254081262127004,,,,,0.018581032752990723,0.16189104529089338,,,0.05646681785583496,0.38276952935778163,4,4
2013-10-05 12:00:00+00:00,,,0.4433434009552002,0.09170791115487714,,,,,,,,,0.557886391878128,-10.273574503044191,,,,,0.2603764533996582,-0.14359595635406872,,,0.10981988906860352,1.4902832925780052,4,4
2013-10-05 18:00:00+00:00,,,0.14415836334228516,0.7085747823463299,,,,,,,,,0.3841117024421692,-3.393956013414282,0.6058030724525452,-5.526304668419346,,,0.11313283443450928,1.2198417158769166,,,0.042247891426086426,0.33732831884683023,5,5
2013-10-06 00:00:00+00:00,,,0.009385108947753906,0.7664971107929485,,,,,,,,,0.31783372163772583,-7.584900646283824,0.5422956347465515,-3.3691118045650565,,,0.01924234628677368,0.17471095260803635,,,0.24722051620483398,0.3106285913194707,5,5
2013-10-06 06:00:00+00:00,,,0.17456722259521484,0.5366697612948097,,,,,,,,,0.1511998176574707,-1.2410893638887595,0.5384439826011658,-8.706086563788674,,,0.014316320419311523,-0.4494400183328528,,,0.06704473495483398,0.412852549016896,5,5
2013-10-06 12:00:00+00:00,,,0.4406266212463379,-1.2738711321315819,,,,,,,,,0.4424096345901489,-2.849435097683123,0.6167309880256653,-10.26231221200509,,,0.12464988231658936,0.05922629042156415,,,0.0933452844619751,-0.01909511406940008,6,6
2013-10-06 18:00:00+00:00,,,0.43692874908447266,0.01738394401523,,,,,,,,,,,0.513334184885025,-8.856737431213134,,,0.6317635178565979,-5.293585104377531,,,0.12834477424621582,-1.79189415228866,5,5
2013-10-07 00:00:00+00:00,,,0.623559832572937,-0.9462556772749627,,,,,,,,,,,0.5730549991130829,-6.77585031736637,,,0.2618480920791626,-2.6440696874511964,,,0.43473315238952637,-0.6388661916822915,5,5
2013-10-07 06:00:00+00:00,,,,,,,,,,,,,,,0.5751644968986511,-8.933625617815057,,,0.3570588231086731,0.5886751434062951,,,0.3227200508117676,0.030914139859541546,4,4
2013-10-07 12:00:00+00:00,,,,,,,,,,,,,,,0.6240139901638031,-7.568861677332993,,,,,,,0.7062437534332275,1.3021150580153467,4,3
2013-10-07 18:00:00+00:00,,,,,,,,,,,,,,,0.6123593747615814,-6.656397583827714,,,,,,,,,2,1
2013-10-08 00:00:00+00:00,,,,,,,,,,,,,,,0.6102253198623657,-13.919811710450928,,,,,,,0.2972910404205322,-0.2593745220290015,2,2
2013-10-08 06:00:00+00:00,,,,,,,,,,,,,,,0.5198872685432434,-6.8649872902396565,,,,,,,,,3,2
2013-10-08 12:00:00+00:00,,,,,,,,,,,,,,,0.5391186773777008,-8.282855072757446,,,,,,,,,4,4
2013-10-08 18:00:00+00:00,,,,,,,0.7376997470855713,5.161554174008639,,,,,,,0.5205360054969788,-12.525156656551612,,,,,,,,,3,3
2013-10-09 00:00:00+00:00,,,,,,,,,0.5222599506378174,2.8832384471762342,,,,,0.6119116246700287,-10.540057310781329,,,,,,,,,3,3
2013-10-09 06:00:00+00:00,,,,,,,,,0.7401593923568726,3.078492513636845,,,,,0.4539664387702942,-2.640032425116365,,,,,,,,,3,3
2013-10-09 12:00:00+00:00,,,,,,,,,0.53864586353302,2.979463046384047,,,,,0.4979362487792969,-8.111857016474257,,,,,,,,,3,3
2013-10-10 00:00:00+00:00,,,,,,,,,0.6941769123077393,5.6256987492356805,,,,,0.5999279022216797,-6.762300018355837,,,,,,,,,3,3
2013-10-10 06:00:00+00:00,,,,,,,,,0.6423401832580566,5.579743674738763,,,,,0.48095840215682983,-5.98896346598579,0.031563520431518555,-1.0877392693833308,,,,,,,3,3
2013-10-10 12:00:00+00:00,,,,,,,,,0.6527837514877319,5.648285290028589,,,,,0.47775799036026,-6.950255003221067,0.4447205662727356,-4.0722149302794906,,,,,,,3,3
2013-10-10 18:00:00+00:00,,,,,,,,,0.6091176271438599,8.325376537582557,,,,,0.4879864454269409,-11.227825161656742,0.3898506164550781,-1.0482362748860923,,,,,,,3,3
2013-10-11 00:00:00+00:00,,,,,,,,,0.5857601165771484,8.381757565419049,,,,,0.4382457137107849,-8.577265354081746,0.3912949562072754,-3.4919155690589254,,,,,,,4,4
2013-10-11 06:00:00+00:00,,,,,,,,,0.6327450275421143,6.695096421532501,,,,,0.4469812512397766,-6.74743202700978,0.42470085620880127,-1.8252062934191229,,,,,,,4,4
2013-10-11 12:00:00+00:00,,,,,,,,,0.641006588935852,5.1008648595384605,,,,,0.7206065654754639,-2.656205766868011,,,,,,,,,2,2
2013-10-11 18:00:00+00:00,,,,,,,,,0.6194790601730347,5.342619249333616,,,,,,,,,,,,,,,1,1
2013-10-12 00:00:00+00:00,,,,,,,,,0.6020053625106812,6.067882757210819,,,,,,,,,,,,,,,2,1
2013-10-12 06:00:00+00:00,,,,,,,,,0.571448802947998,7.171798167012749,,,0.00876772403717041,-0.44694351056067894,,,0.4820861220359802,-0.45138172226237044,,,,,,,3,3
2013-10-12 12:00:00+00:00,,,,,,,,,0.5685423612594604,7.670303137281594,,,0.32911521196365356,-0.8754867353886049,,,0.5746552646160126,-1.3967891939737869,,,,,,,3,3
2013-10-12 18:00:00+00:00,,,,,,,,,0.44923532009124756,3.4836139279917777,,,0.17271798849105835,-0.5442875199685152,,,0.5510483980178833,-5.699348840747133,,,,,,,3,3
2013-10-13 00:00:00+00:00,0.24375617504119873,-0.2678628844564655,,,,,,,0.4911487102508545,2.716033970445165,,,0.1065438985824585,-0.755973039088983,,,0.2994558811187744,-0.7465985769967541,,,,,,,4,4
2013-10-13 06:00:00+00:00,0.3217793107032776,-0.8550094134799493,,,,,,,0.6589829921722412,4.241182326292793,,,0.13916581869125366,-0.6622159920143816,,,0.12627935409545898,-0.10054435406854176,,,,,,,4,4
2013-10-13 12:00:00+00:00,0.022358834743499756,0.2861767336526207,,,,,,,,,0.5000301599502563,3.282293126535266,0.18546849489212036,-1.5054095761314539,,,0.2737770676612854,-1.4625874215170982,,,,,,,4,4
2013-10-13 18:00:00+00:00,,,0.07903599739074707,0.12561727642991877,,,,,,,0.6992189884185791,4.312309043839673,0.2755427360534668,-6.338169716711095,,,0.6642024219036102,-0.39396606926167194,,,,,,,4,4
2013-10-14 00:00:00+00:00,,,0.0377158522605896,-0.39719657580119944,,,,,,,,,0.1403021216392517,0.6398676541656014,,,0.2010817527770996,0.3952881527852375,,,,,,,3,3
2013-10-14 06:00:00+00:00,,,0.01304638385772705,0.3336981654914745,,,,,,,,,0.13731569051742554,-2.3962472371893178,,,0.1325628161430359,-0.14615989114921926,,,,,,,3,3
2013-10-14 12:00:00+00:00,,,0.1066247820854187,-0.19363939682303338,,,,,,,,,0.30704253911972046,-3.4385274464331976,,,,,,,,,,,2,2
2013-10-14 18:00:00+00:00,,,0.10097712278366089,0.03736469348221479,,,,,,,,,0.3984031081199646,-2.7260314589641395,,,,,,,,,,,2,2
2013-10-15 00:00:00+00:00,,,0.1900438666343689,-0.2036977075003993,,,,,,,,,0.31742095947265625,-6.1238989770406445,,,,,,,,,,,2,2
2013-10-15 06:00:00+00:00,,,0.1536952257156372,-2.1442727443291765,,,,,,,,,0.31631261110305786,-5.332794812303924,,,,,,,,,,,2,2
2013-10-15 12:00:00+00:00,,,0.11502617597579956,0.4315513252423196,,,,,,,,,,,0.32549846172332764,-17.782818443805237,,,,,,,,,2,2
2013-10-15 18:00:00+00:00,,,0.3983567953109741,-3.78289447422688,,,,,,,,,,,0.29672378301620483,-9.637843990986442,,,,,,,,,2,2
2013-10-16 00:00:00+00:00,,,0.5696417689323425,-0.43697226003470013,,,,,,,,,,,0.3024389147758484,-6.7076257115564175,,,,,,,,,3,3
2013-10-16 06:00:00+00:00,,,0.47206640243530273,-0.9027633245751961,,,,,,,,,,,0.3812738060951233,-4.218700979027248,,,,,,,,,2,2
2013-10-16 12:00:00+00:00,,,0.4595436453819275,-1.5310201898396298,,,,,,,,,,,0.40282541513442993,-4.537385762971878,,,,,,,,,2,2
2013-10-16 18:00:00+00:00,,,0.4068056344985962,-1.7295337829280595,,,,,,,,,,,0.38624173402786255,-3.998824429770665,,,,,,,,,2,2
2013-10-17 00:00:00+00:00,,,0.19631588459014893,-0.39624798400835143,,,,,,,,,,,0.37077242136001587,-7.473608923777496,,,,,,,,,2,2
2013-10-17 06:00:00+00:00,,,0.385398805141449,-1.641804053366562,,,,,,,,,,,0.3815770149230957,-4.430162570768704,,,,,,,,,2,2
2013-10-17 12:00:00+00:00,,,0.4191274642944336,0.18278529497396676,0.22730803489685059,-0.11675298488902469,,,,,,,,,0.3872368335723877,-5.480343840286804,,,,,,,,,4,4
2013-10-17 18:00:00+00:00,,,,,0.0711786150932312,-0.6108879665666016,,,,,,,,,0.3111734986305237,-2.4338118933420207,,,,,,,,,2,2
2013-10-18 00:00:00+00:00,,,,,0.008266329765319824,-0.41146667409309545,,,,,,,,,0.4469742774963379,-4.552143997595189,,,,,,,,,2,2
2013-10-18 06:00:00+00:00,,,,,0.29289835691452026,-0.5487231604205678,,,,,,,,,0.323090136051178,-5.343744996846297,,,,,,,,,2,2
2013-10-18 12:00:00+00:00,,,,,0.557033509016037,-1.0149138210031687,,,,,,,,,0.3628823161125183,-4.07913675115071,,,,,,,,,2,2
2013-10-18 18:00:00+00:00,,,,,0.30251210927963257,-0.24825452658588995,,,,,,,,,0.32554250955581665,-5.198006342199321,,,,,,,,,2,2
2013-10-19 00:00:00+00:00,,,,,0.3161662817001343,-0.10827234893479884,,,,,,,,,0.23623067140579224,-3.349287382383687,,,,,,,,,2,2
2013-10-19 06:00:00+00:00,,,,,,,,,,,,,,,0.2801751494407654,-2.2833498533705705,,,,,,,,,1,1
2013-10-19 12:00:00+00:00,,,,,,,,,,,,,,,0.32988643646240234,-1.8540828290415554,,,,,,,,,1,1
2013-10-19 18:00:00+00:00,,,,,,,,,,,,,,,0.36042845249176025,-4.540543268838537,,,,,,,,,1,1
2013-10-20 00:00:00+00:00,,,,,,,,,,,,,,,,,0.4110659956932068,-1.5876140774301493,,,,,,,1,1
2013-10-20 06:00:00+00:00,,,,,,,,,,,,,,,,,0.29600197076797485,-5.210370484298543,,,,,,,1,1
2013-10-20 12:00:00+00:00,,,,,,,,,,,,,,,,,0.2919812798500061,-0.5492704374470009,,,,,,,1,1
2013-10-20 18:00:00+00:00,,,,,,,,,,,,,,,,,0.33101212978363037,-0.9004957673291487,,,,,,,1,1
2013-10-21 00:00:00+00:00,,,,,,,,,,,,,,,,,0.30015093088150024,-0.743646582245246,,,,,,,1,1
2013-10-21 06:00:00+00:00,,,,,,,,,,,,,,,,,0.08616244792938232,0.05328417261548873,,,,,,,1,1
2013-10-21 12:00:00+00:00,,,,,,,,,,,,,,,,,,,,,,,,,0,0
2013-10-21 18:00:00+00:00,,,,,,,,,,,,,,,,,,,,,,,,,0,0
2013-10-22 00:00:00+00:00,,,,,,,,,,,,,,,,,,,,,,,,,0,0
2013-10-22 06:00:00+00:00,,,,,,,,,,,,,,,,,,,,,,,,,0,0
2013-10-22 12:00:00+00:00,,,,,,,,,,,,,,,,,,,,,,,,,0,0
2013-10-22 18:00:00+00:00,,,,,,,,,,,,,,,,,,,,,,,,,0,0
2013-10-23 00:00:00+00:00,,,,,,,,,,,,,,,,,,,,,,,,,0,0
2013-10-23 06:00:00+00:00,,,,,,,,,,,,,,,,,,,,,,,,,0,0
2013-10-23 12:00:00+00:00,,,,,,,,,,,,,,,,,,,,,,,,,0,0
2013-10-23 18:00:00+00:00,,,,,,,,,,,,,,,,,,,,,,,,,0,0
2013-10-24 00:00:00+00:00,,,,,,,,,,,,,,,,,,,,,,,,,0,0
2013-10-24 06:00:00+00:00,,,,,,,,,,,,,,,,,,,,,,,,,0,0
2013-10-24 12:00:00+00:00,,,,,,,,,,,,,,,,,,,,,,,,,0,0
2013-10-25 00:00:00+00:00,,,,,,,,,,,,,,,,,,,,,,,,,0,0
2013-10-25 06:00:00+00:00,,,,,,,,,,,,,,,,,,,,,,,,,0,0
2013-10-25 12:00:00+00:00,,,,,,,,,,,,,,,,,,,,,,,,,0,0
2013-10-25 18:00:00+00:00,,,,,,,,,,,,,,,,,,,,,,,,,0,0
2013-10-26 00:00:00+00:00,,,,,,,,,,,,,,,,,,,,,,,,,0,0
2013-10-26 06:00:00+00:00,,,,,,,,,,,,,,,,,,,,,,,,,0,0
2013-10-26 12:00:00+00:00,,,,,,,,,,,,,,,,,,,,,,,,,0,0
2013-10-26 18:00:00+00:00,,,,,,,,,,,,,,,,,,,,,,,,,0,0
2013-10-27 00:00:00+00:00,,,,,,,,,,,,,,,,,,,,,,,,,0,0
2013-10-27 06:00:00+00:00,,,,,,,,,,,,,,,,,,,,,,,,,0,0
2013-10-27 12:00:00+00:00,,,,,,,,,,,,,,,,,,,,,,,,,0,0
2013-10-27 18:00:00+00:00,,,,,,,,,,,,,,,,,,,,,,,,,0,0
2013-10-28 00:00:00+00:00,,,,,,,,,,,,,,,,,,,,,,,,,0,0
2013-10-28 06:00:00+00:00,,,,,,,,,,,,,,,,,,,,,,,,,0,0
2013-10-28 12:00:00+00:00,,,,,,,,,,,,,,,,,,,,,,,,,0,0
2013-10-28 18:00:00+00:00,,,,,,,,,,,,,,,,,,,,,,,,,0,0
2013-10-29 00:00:00+00:00,,,,,,,,,,,,,,,,,,,,,,,,,0,0
2013-10-29 06:00:00+00:00,,,,,,,,,,,,,0.09017497301101685,-0.9553908247757287,,,,,,,,,,,1,1
2013-10-29 12:00:00+00:00,,,,,,,,,,,,,0.5041816830635071,-0.7126731273900678,,,,,,,,,,,1,1
2013-10-29 18:00:00+00:00,,,,,,,,,,,,,0.3366381525993347,-3.8879125890456527,,,,,,,,,,,1,1
2013-10-30 00:00:00+00:00,,,,,,,,,,,,,0.574830561876297,-5.174419077938415,,,,,,,,,,,1,1
2013-10-30 06:00:00+00:00,,,,,,,,,,,,,0.6636993885040283,-4.088687018985878,,,,,,,,,,,1,1
2013-10-30 12:00:00+00:00,,,,,,,,,,,,,0.6084155142307281,-3.618210971749041,,,,,,,,,,,1,1
2013-10-30 18:00:00+00:00,,,,,,,,,,,,,0.48603254556655884,-5.566879455108574,,,,,,,,,,,1,1
2013-10-31 00:00:00+00:00,,,,,,,,,,,,,0.5806202590465546,-4.099833607075033,,,,,,,,,,,1,1
2013-10-31 06:00:00+00:00,,,,,,,,,,,,,0.5753667950630188,-3.7041430169207645,,,,,,,,,,,1,1
2013-10-31 12:00:00+00:00,,,,,,,,,,,,,0.5860477685928345,-5.949707962405191,,,,,,,,,,,1,1
2013-10-31 18:00:00+00:00,,,,,,,,,,,,,0.38061654567718506,-2.1573622857630963,,,,,,,,,,,1,1
2013-11-01 00:00:00+00:00,,,,,,,,,,,,,0.48193037509918213,-5.1525525865177,,,,,,,,,,,1,1
2013-11-01 06:00:00+00:00,,,,,,,,,,,,,,,0.44176292419433594,-4.052158387179773,,,,,,,,,1,1
2013-11-01 12:00:00+00:00,,,,,,,,,,,,,,,0.45945215225219727,-6.787663392453656,,,,,,,,,1,1
2013-11-01 18:00:00+00:00,,,,,,,,,,,,,,,0.4094322919845581,-10.13318273138519,,,,,,,,,1,1
2013-11-02 00:00:00+00:00,,,,,,,,,,,,,,,0.5905721485614777,-4.024188312727018,,,,,,,,,1,1
2013-11-02 06:00:00+00:00,,,,,,,,,,,,,,,0.5836953222751617,-5.016224739897789,,,,,,,,,1,1
2013-11-02 12:00:00+00:00,,,,,,,,,,,,,,,0.5238642394542694,-6.40681917701772,,,,,,,,,1,1
2013-11-02 18:00:00+00:00,,,,,,,,,,,,,,,0.3311448097229004,-0.36414650375853214,,,,,,,,,2,2
2013-11-03 00:00:00+00:00,,,,,,,,,,,,,,,0.1818740963935852,-0.44284501619563715,,,,,,,,,2,2
2013-11-03 06:00:00+00:00,,,,,,,,,,,,,,,0.48556745052337646,-5.103748889337296,,,,,,,,,2,2
2013-11-03 12:00:00+00:00,,,,,,,,,,,,,,,0.4476500153541565,-6.622278666223446,,,,,,,,,2,2
2013-11-03 18:00:00+00:00,,,,,,,,,,,,,,,0.42019975185394287,-5.504903678391706,,,,,,,,,1,1
2013-11-04 00:00:00+00:00,,,,,,,,,,,,,,,0.48897266387939453,-4.720829547282432,,,,,,,,,1,1
2013-11-04 06:00:00+00:00,,,,,,,,,,,,,,,0.6849580705165863,-7.371980169660443,,,,,,,,,1,1
2013-11-04 12:00:00+00:00,,,,,,,,,,,,,,,0.7059605121612549,-6.746151378198822,,,,,,,,,1,1
2013-11-04 18:00:00+00:00,,,,,,,,,,,,,0.30496037006378174,0.4789895798449399,0.5101503133773804,-5.928204368504367,,,,,,,,,2,2
2013-11-05 00:00:00+00:00,,,,,,,,,0.2977179288864136,3.1154112034210555,,,,,0.7335435748100281,-3.436920113958463,,,,,,,,,2,2
2013-11-05 06:00:00+00:00,,,,,,,,,0.35343098640441895,4.204565700468202,,,,,0.4408774971961975,-2.160424200888079,,,,,,,,,2,2
2013-11-05 12:00:00+00:00,,,,,,,,,,,,,,,,,,,,,,,,,0,0
2013-11-05 18:00:00+00:00,,,,,,,,,0.2904396057128906,1.4749115924447054,,,,,,,,,,,,,,,1,1
2013-11-06 00:00:00+00:00,,,,,,,,,0.541051983833313,7.22585473426189,,,,,,,,,,,,,,,1,1
2013-11-06 06:00:00+00:00,,,,,,,,,0.4522143602371216,5.1966093306307455,,,,,,,,,,,,,,,1,1
2013-11-06 12:00:00+00:00,,,,,,,,,0.4071016311645508,7.336482943957729,,,,,,,,,,,,,,,1,1
2013-11-06 18:00:00+00:00,,,,,,,,,0.2370455265045166,3.6515497269711394,,,,,,,,,,,,,,,1,1
2013-11-07 00:00:00+00:00,,,,,,,,,0.43611061573028564,9.230755724036875,,,,,,,,,,,,,,,1,1
2013-11-07 06:00:00+00:00,,,,,,,,,0.5478146076202393,7.347044656164512,,,,,,,,,,,,,,,1,1
2013-11-07 12:00:00+00:00,,,,,,,,,0.38885772228240967,7.983748369036182,,,,,,,,,,,,,,,1,1
2013-11-07 18:00:00+00:00,,,,,,,,,0.4756389856338501,5.765199175055462,,,,,,,,,,,,,,,1,1
2013-11-08 00:00:00+00:00,,,,,,,,,0.4086991548538208,5.050595546380202,,,,,,,,,,,,,,,1,1
2013-11-08 06:00:00+00:00,,,,,,,,,0.456165075302124,7.474117199634332,,,,,,,,,,,,,,,1,1
2013-11-08 12:00:00+00:00,,,,,,,,,0.38273727893829346,4.804043424309736,,,,,,,,,,,,,,,1,1
2013-11-08 18:00:00+00:00,,,,,,,,,0.3365389108657837,2.896189325403206,,,,,,,,,,,,,,,1,1
2013-11-09 00:00:00+00:00,,,,,,,,,0.3638674020767212,5.09858817978557,,,,,,,,,,,,,,,1,1
2013-11-09 06:00:00+00:00,,,,,,,,,,,0.4465678930282593,4.57732149261953,,,,,,,,,,,,,1,1
2013-11-09 12:00:00+00:00,,,,,,,,,,,,,,,,,,,,,,,,,0,0
2013-11-09 18:00:00+00:00,,,,,,,,,,,,,,,,,,,,,,,,,0,0
2013-11-10 00:00:00+00:00,,,,,,,,,,,,,,,,,,,,,,,,,0,0
2013-11-10 06:00:00+00:00,,,,,,,,,,,,,0.41207581758499146,-4.482084129256617,,,,,,,,,,,1,1
2013-11-10 12:00:00+00:00,,,,,,,,,,,,,0.48680102825164795,-3.5342973821026122,,,,,,,,,,,1,1
2013-11-10 18:00:00+00:00,,,,,,,,,,,,,0.5613662898540497,-7.909181400485626,,,,,,,,,,,1,1
2013-11-11 00:00:00+00:00,,,,,,,,,,,,,0.3674739599227905,-3.1157953854597693,,,,,,,,,,,1,1
2013-11-11 06:00:00+00:00,,,,,,,,,,,,,0.4425124526023865,-8.33028176238402,,,,,,,,,,,1,1
2013-11-11 12:00:00+00:00,,,,,,,,,,,,,0.23784643411636353,-9.496474710029476,0.5228626132011414,-9.23098586885632,,,,,,,,,2,2
2013-11-11 18:00:00+00:00,,,,,,,,,,,,,0.2423344850540161,-2.3992585371651685,0.535898894071579,-9.381977327848467,,,,,,,,,2,2
2013-11-12 00:00:00+00:00,,,,,,,,,,,,,0.27916419506073,-5.200547494966627,0.5072002708911896,-4.284510378869136,,,,,,,,,2,2
2013-11-12 06:00:00+00:00,,,,,,,,,,,,,,,0.44851797819137573,-7.481768778440491,,,,,,,,,1,1
2013-11-12 12:00:00+00:00,,,,,,,,,,,,,,,0.36468905210494995,-5.0433579033477285,,,,,,,,,1,1
2013-11-12 18:00:00+00:00,,,,,,,,,,,,,,,0.3903994560241699,-4.89020841503555,,,,,,,,,1,1
2013-11-13 00:00:00+00:00,,,,,,,,,,,,,,,0.45415395498275757,-4.381732674539149,,,,,,,,,2,2
2013-11-13 06:00:00+00:00,,,,,,,,,,,,,,,0.5071136951446533,-7.433412130250823,,,,,,,,,2,2
2013-11-13 12:00:00+00:00,,,,,,,,,,,,,,,0.5002308189868927,-6.945595513899723,,,,,,,,,2,2
2013-11-13 18:00:00+00:00,,,,,,,,,,,,,,,0.4979192018508911,-8.927042011619758,,,,,,,,,2,2
2013-11-14 00:00:00+00:00,,,,,,,,,,,,,,,0.5356916785240173,-5.6821365530245735,,,,,,,,,2,2
2013-11-14 06:00:00+00:00,,,,,,,,,,,,,,,0.4930368661880493,-3.7949138942429164,,,,,,,,,2,2
2013-11-14 12:00:00+00:00,,,,,,,,,,,,,,,0.278461217880249,-4.974288854260748,,,,,,,,,2,2
2013-11-14 18:00:00+00:00,,,,,,,,,,,,,,,0.4861985445022583,-5.38748074237809,,,,,0.2755633592605591,-1.8219571359528337,,,3,3
2013-11-15 00:00:00+00:00,,,,,,,,,,,,,,,0.4122355580329895,-5.256827989793365,,,,,0.22605448961257935,-0.7414900916889089,,,3,3
2013-11-15 06:00:00+00:00,,,,,,,,,,,,,,,0.2091658115386963,-4.367808402992662,,,,,,,0.3010452389717102,-3.1781016777055635,3,3
2013-11-15 12:00:00+00:00,,,,,,,,,,,,,,,0.2478405237197876,-10.399817993851308,,,,,,,0.4100962281227112,-3.7763098567025306,3,3
2013-11-15 18:00:00+00:00,,,,,,,,,,,,,,,0.27285605669021606,-5.071696514700474,0.003733813762664795,0.0267485057771043,,,,,0.3290907144546509,-1.9182638777658199,4,4
2013-11-16 00:00:00+00:00,,,,,,,,,,,,,,,0.4029514193534851,-5.233923945802699,0.16926336288452148,0.33894856651943106,,,,,0.2640995979309082,-1.668134708010994,3,3
2013-11-16 06:00:00+00:00,,,,,,,,,,,,,,,0.28436315059661865,-1.8654221490663627,,,,,,,0.49647974967956543,-3.431730694219478,2,2
2013-11-16 12:00:00+00:00,,,,,,,,,,,,,,,0.3484047055244446,-2.2459965230543766,,,,,,,0.555569589138031,-1.1264499807388952,3,3
2013-11-16 18:00:00+00:00,,,,,,,,,,,,,,,0.32312679290771484,-2.2311607431368947,,,,,,,0.5304951369762421,-0.855012921993485,2,2
2013-11-17 00:00:00+00:00,,,,,,,,,,,,,,,0.3695032000541687,-2.3528049727417932,,,,,,,0.4190289378166199,-1.1180519211718514,3,3
2013-11-17 06:00:00+00:00,,,,,,,,,,,,,,,,,0.44333577156066895,-2.914340286869597,,,,,,,1,1
2013-11-17 12:00:00+00:00,,,,,,,,,,,,,,,,,0.33802318572998047,-1.0755166625245276,,,,,,,1,1
2013-11-17 18:00:00+00:00,,,,,,,,,,,,,,,,,0.4137367010116577,-0.7191645775305837,,,,,0.5807686746120453,-2.132379565507691,2,2
2013-11-18 00:00:00+00:00,,,,,,,,,,,,,,,,,,,,,,,0.28857046365737915,0.9315324488176663,1,1
2013-11-18 06:00:00+00:00,,,,,,,,,,,,,,,,,,,,,,,,,0,0
2013-11-18 12:00:00+00:00,,,,,,,,,,,,,,,,,,,,,,,,,0,0
2013-11-18 18:00:00+00:00,,,,,,,,,,,,,,,,,,,,,,,,,0,0
2013-11-19 00:00:00+00:00,,,,,,,,,,,,,,,,,,,,,,,,,0,0
2013-11-19 06:00:00+00:00,,,,,,,,,,,,,,,,,,,,,,,,,0,0
2013-11-19 12:00:00+00:00,,,,,,,,,,,,,,,,,,,,,,,,,0,0
2013-11-19 18:00:00+00:00,,,,,,,,,,,,,,,,,,,,,,,,,0,0
2013-11-20 00:00:00+00:00,,,,,,,,,,,,,,,,,,,,,,,,,0,0
2013-11-20 06:00:00+00:00,,,,,,,,,,,,,,,,,,,,,,,,,0,0
2013-11-20 12:00:00+00:00,,,,,,,,,,,,,,,,,,,,,,,,,0,0
2013-11-20 18:00:00+00:00,,,,,,,,,,,,,,,,,,,,,,,,,0,0
2013-11-21 00:00:00+00:00,,,,,,,,,,,,,,,,,,,,,,,,,0,0
2013-11-21 06:00:00+00:00,,,,,,,,,,,,,,,,,,,,,,,,,0,0
2013-11-21 12:00:00+00:00,,,,,,,,,,,,,,,,,,,,,,,,,0,0
2013-11-21 18:00:00+00:00,,,,,,,,,,,,,,,,,,,,,,,,,0,0
2013-11-22 00:00:00+00:00,,,,,,,,,,,,,,,,,,,,,,,,,0,0
2013-11-22 06:00:00+00:00,,,,,,,,,,,,,,,,,,,,,,,,,0,0
2013-11-22 12:00:00+00:00,,,,,,,,,,,,,,,,,,,,,,,,,0,0
2013-11-22 18:00:00+00:00,,,,,,,,,,,,,,,,,,,,,,,,,0,0
2013-11-23 00:00:00+00:00,,,,,,,,,,,,,,,,,,,,,,,,,0,0
2013-11-23 06:00:00+00:00,,,,,,,,,,,,,,,,,,,,,,,,,0,0
2013-11-23 12:00:00+00:00,,,,,,,,,,,,,,,,,,,,,,,,,0,0
2013-11-23 18:00:00+00:00,,,,,,,,,,,,,,,,,,,,,,,,,0,0
2013-11-24 00:00:00+00:00,,,,,,,,,,,,,,,,,,,,,,,,,0,0
2013-11-24 06:00:00+00:00,,,,,,,,,,,,,,,,,,,,,,,,,0,0
2013-11-24 12:00:00+00:00,,,,,,,,,,,,,,,,,,,,,,,,,0,0
2013-11-24 18:00:00+00:00,,,,,,,,,,,,,,,0.3571889400482178,-0.7792496526542254,,,,,,,,,1,1
2013-11-25 00:00:00+00:00,,,,,,,,,,,,,,,0.5361096858978271,2.0346098789717337,,,,,,,,,1,1
2013-11-25 06:00:00+00:00,,,,,,,,,,,,,,,0.3272135257720947,1.298310064262703,,,,,,,,,1,1
2013-11-25 12:00:00+00:00,,,,,,,,,,,,,,,0.37042760848999023,6.980559481460233,,,,,,,,,1,1
2013-11-25 18:00:00+00:00,,,,,,,,,,,,,,,0.37399566173553467,3.610738296637224,,,,,,,,,1,1
2013-11-26 00:00:00+00:00,,,,,,,,,,,,,,,,,0.1668407917022705,1.4878513813806837,,,,,,,1,1
2013-11-26 06:00:00+00:00,,,,,,,,,,,,,,,,,0.2413790225982666,3.5471347940782127,,,,,,,1,1
2013-11-26 12:00:00+00:00,,,,,,,,,,,,,,,,,0.4634885787963867,1.2678328477831928,,,,,,,1,1
2013-11-26 18:00:00+00:00,,,,,,,,,,,,,,,,,0.260831356048584,0.4389380418600568,,,,,,,1,1
2013-11-27 00:00:00+00:00,,,,,,,,,,,,,,,,,,,,,,,0.23600614070892334,1.22845104983505,1,1
2013-11-27 06:00:00+00:00,,,,,,,,,,,,,,,,,,,,,,,0.35220158100128174,2.2602350117399217,1,1
2013-11-27 12:00:00+00:00,,,,,,,,,,,,,,,,,,,,,,,0.05616027116775513,1.1144256064846716,1,1
2013-11-27 18:00:00+00:00,,,,,,,,,,,,,,,,,,,,,,,0.09176468849182129,3.3275191482868585,1,1
2013-11-28 00:00:00+00:00,,,,,,,,,,,,,,,,,,,,,,,0.24560725688934326,0.9850449023053517,2,1
2013-11-28 06:00:00+00:00,,,,,,,,,,,,,,,,,,,,,,,0.25973665714263916,0.04385635741339316,1,1
2013-11-28 12:00:00+00:00,,,,,,,,,,,,,,,,,,,,,,,0.29537951946258545,0.3347101166410117,1,1
2013-11-29 00:00:00+00:00,,,,,,,,,,,,,,,,,,,,,,,,,0,0
2013-11-29 06:00:00+00:00,,,,,,,,,,,,,,,,,,,,,,,,,0,0
2013-11-29 12:00:00+00:00,,,,,,,,,,,,,,,,,,,,,,,,,0,0
2013-11-29 18:00:00+00:00,,,,,,,,,,,,,,,,,,,,,,,,,0,0
2013-11-30 00:00:00+00:00,,,,,,,,,,,,,,,,,,,,,,,,,0,0
2013-11-30 06:00:00+00:00,,,,,,,,,,,,,,,,,,,,,,,,,0,0
2013-11-30 12:00:00+00:00,,,,,,,,,,,,,,,,,,,,,,,,,0,0
2013-11-30 18:00:00+00:00,,,,,,,,,,,,,0.1684509515762329,0.5778957573551303,,,,,,,,,,,1,1
2013-12-01 00:00:00+00:00,,,,,,,,,,,,,0.18518269062042236,5.375712706864271,,,,,,,,,,,1,1
2013-12-01 06:00:00+00:00,,,,,,,,,,,,,0.35474228858947754,7.91496534150449,,,,,,,,,,,1,1
2013-12-01 12:00:00+00:00,,,,,,,,,,,,,0.2435321807861328,2.6885371985145654,,,,,,,,,,,1,1
2013-12-01 18:00:00+00:00,,,,,,,,,,,,,0.35853612422943115,4.851960991714166,,,,,,,,,,,1,1
2013-12-02 00:00:00+00:00,,,,,,,,,,,,,,,0.2596491575241089,5.507351768087776,,,,,,,,,1,1
2013-12-02 06:00:00+00:00,,,,,,,,,,,,,,,0.19149506092071533,4.312838933290337,,,,,,,,,1,1
2013-12-02 12:00:00+00:00,,,,,,,,,,,,,,,0.3920400142669678,9.5145146617008,,,,,,,,,1,1
2013-12-02 18:00:00+00:00,,,,,,,,,,,,,,,0.35117876529693604,9.405738962724309,,,,,,,,,1,1
2013-12-03 00:00:00+00:00,,,,,,,,,,,,,,,0.39017701148986816,11.209030127082704,,,,,,,,,1,1
2013-12-03 06:00:00+00:00,,,,,,,,,,,,,,,0.37134647369384766,12.640183880936618,,,,,,,,,1,1
2013-12-03 12:00:00+00:00,,,,,,,,,,,,,,,0.3575930595397949,5.535640464313099,,,,,,,,,1,1
2013-12-03 18:00:00+00:00,,,,,,,,,,,,,,,0.477100133895874,8.025445942720493,,,,,,,,,1,1
2013-12-04 00:00:00+00:00,,,,,,,,,,,,,,,0.4568401575088501,10.642378234997834,,,,,,,,,1,1
2013-12-04 06:00:00+00:00,,,,,,,,,,,,,,,0.4100487232208252,8.819831203466375,,,,,,,,,1,1
2013-12-04 12:00:00+00:00,,,,,,,,,,,,,,,0.3882412910461426,10.719821382843723,,,,,,,,,1,1
2013-12-04 18:00:00+00:00,,,,,,,,,,,,,,,0.2670935392379761,2.8472604906475123,,,,,,,,,1,1
2013-12-05 00:00:00+00:00,,,,,,,,,,,,,,,0.39006364345550537,5.696853859733951,,,,,,,,,1,1
2013-12-05 06:00:00+00:00,,,,,,,,,,,,,,,0.34832262992858887,3.652988631277555,,,,,,,,,1,1
2013-12-05 12:00:00+00:00,,,,,,,,,,,,,,,0.2884012460708618,2.6007098707039686,,,,,,,,,1,1
2013-12-05 18:00:00+00:00,,,,,,,,,,,,,,,0.3968667984008789,5.408431355975159,,,,,,,,,1,1
2013-12-06 00:00:00+00:00,,,,,,,,,,,,,0.40129029750823975,-0.8212382308537163,0.27889883518218994,4.20829564591743,,,,,,,,,2,2
2013-12-06 06:00:00+00:00,,,,,,,,,,,,,0.501255065202713,0.09521697077866373,,,0.3279566764831543,11.43274442235232,,,,,,,2,2
2013-12-06 12:00:00+00:00,,,,,,,,,,,,,0.3158884644508362,-0.44064317586791557,,,0.35131895542144775,5.520741051174152,,,,,,,2,2
2013-12-06 18:00:00+00:00,,,,,,,,,,,,,0.3655537962913513,-1.1057654170344384,,,0.24145019054412842,3.8527023221190078,,,,,,,2,2
2013-12-07 00:00:00+00:00,,,,,,,,,,,,,0.49635380506515503,-3.772401588841437,,,0.2400972843170166,5.064957180797994,,,,,,,2,2
2013-12-07 06:00:00+00:00,,,,,,,,,,,,,0.4365551471710205,-2.4460317959486715,,,0.4060131311416626,5.423208194103591,,,,,,,3,3
2013-12-07 12:00:00+00:00,,,,,,,,,,,,,0.3380926847457886,-2.6291504284016844,,,0.2693173885345459,3.204073763457391,,,,,,,3,3
2013-12-07 18:00:00+00:00,,,,,,,,,,,,,0.36955076456069946,-4.178954262488686,,,0.36707115173339844,6.116444453411035,,,,,,,2,2
2013-12-08 00:00:00+00:00,,,,,,,,,,,,,0.3580171465873718,-2.3984164612524332,,,0.29289066791534424,0.5857738232962025,,,,,,,2,2
2013-12-08 06:00:00+00:00,,,,,,,,,,,,,0.3284619450569153,-3.7365944847091423,,,0.13642144203186035,2.201201256299053,,,,,,,2,2
2013-12-08 12:00:00+00:00,,,,,,,,,,,,,0.29730165004730225,-3.0548311355399727,,,0.25818610191345215,3.4004246593437824,,,,,,,2,2
2013-12-08 18:00:00+00:00,,,,,,,,,,,,,0.3224647045135498,-5.123053468878437,,,0.32761871814727783,1.000430623109087,,,,,,,2,2
2013-12-09 00:00:00+00:00,,,,,,,,,,,,,0.3255641460418701,-6.169299854036983,,,0.008781671524047852,-0.46384471090184254,0.31233978271484375,-0.1250244774986888,,,,,3,3
2013-12-09 06:00:00+00:00,,,,,,,,,,,,,0.4008113741874695,-7.735838487746426,,,0.13339215517044067,0.19198187522464655,0.10145902633666992,0.2034975113326057,,,,,4,4
2013-12-09 12:00:00+00:00,,,,,,,,,,,,,0.4039601683616638,-8.062754278218815,,,,,0.16789543628692627,0.4329274981233392,,,,,2,2
2013-12-09 18:00:00+00:00,,,,,,,,,,,,,0.3617987632751465,-14.710702368539541,,,,,,,,,,,1,1
2013-12-10 00:00:00+00:00,,,,,,,,,,,,,0.28541070222854614,-9.894840173354215,,,,,,,,,,,1,1
2013-12-10 06:00:00+00:00,,,,,,,,,,,,,0.37202543020248413,-8.888722334043413,,,,,,,,,,,1,1
2013-12-10 12:00:00+00:00,,,,,,,,,,,,,,,0.33258622884750366,-6.318367710674718,,,,,,,,,1,1
2013-12-10 18:00:00+00:00,,,,,,,,,,,,,,,0.3889148235321045,-11.474942292004314,,,,,,,,,1,1
2013-12-11 00:00:00+00:00,,,,,,,,,,,,,,,0.36262309551239014,-7.816012059735676,,,,,,,,,1,1
2013-12-11 06:00:00+00:00,,,,,,,,,,,,,,,0.43776339292526245,-20.58806066501273,,,,,,,,,2,2
2013-12-11 12:00:00+00:00,,,,,,,,,,,,,,,0.3417091965675354,-5.28472398674741,,,,,,,,,1,1
2013-12-11 18:00:00+00:00,,,,,,,,,,,,,,,0.3922979235649109,-10.212557736974002,,,,,,,,,1,1
2013-12-12 00:00:00+00:00,,,,,,,,,,,,,,,0.37173253297805786,-9.254300666209225,,,,,,,,,2,2
2013-12-12 06:00:00+00:00,,,,,,,,,,,,,,,0.3328983783721924,-10.014568083676183,,,,,,,,,1,1
2013-12-12 12:00:00+00:00,,,,,,,,,,,,,,,0.3638951778411865,-10.188526515699063,,,,,,,,,1,1
2013-12-12 18:00:00+00:00,,,,,,,,,,,,,,,0.28369754552841187,-14.862552695884022,0.2007187008857727,-3.758440783656387,,,,,,,2,2
2013-12-13 00:00:00+00:00,,,,,,,,,,,,,,,0.3835892081260681,-17.43807147271736,,,,,,,,,1,1
2013-12-13 06:00:00+00:00,,,,,,,,,,,,,,,0.24943006038665771,-9.239943303794961,0.2380274534225464,-1.3820453974802218,,,,,,,2,2
2013-12-13 12:00:00+00:00,,,,,,,,,,,,,,,0.28975093364715576,-6.8064398506552815,0.16966557502746582,-2.948143737295735,,,,,,,2,2
2013-12-13 18:00:00+00:00,,,,,,,,,,,,,,,0.2829313278198242,-5.113784092156822,0.4619665741920471,-1.8333543646920212,,,,,,,2,2
2013-12-14 00:00:00+00:00,,,,,,,,,,,,,,,0.3012819290161133,-7.828454491420443,,,,,,,,,1,1
2013-12-14 06:00:00+00:00,,,,,,,,,,,,,,,0.22964024543762207,-2.929770559414909,,,,,,,,,1,1
2013-12-14 12:00:00+00:00,,,,,,,,,,,,,,,,,0.31387603282928467,-6.055353656263282,,,,,,,2,2
2013-12-14 18:00:00+00:00,,,,,,,,,,,,,,,0.1913309097290039,-2.3047842575144735,0.43622106313705444,-4.5800106240168885,,,,,,,2,2
2013-12-15 00:00:00+00:00,,,,,,,,,,,,,,,,,0.20116722583770752,-2.2034014144247065,,,,,,,2,2
2013-12-15 06:00:00+00:00,,,,,,,,,,,,,,,0.24788832664489746,-1.7351303256244994,0.256425142288208,-5.319913672642498,,,,,,,2,2
2013-12-15 12:00:00+00:00,,,,,,,,,,,,,,,0.32382118701934814,0.7396677324796622,0.3723175525665283,-1.6014584439893442,,,,,0.3654642105102539,-1.000236236412342,3,3
2013-12-15 18:00:00+00:00,,,,,,,,,,,,,,,,,0.34873563051223755,-1.7559921588153664,,,,,0.2183942198753357,-0.5688215433495206,2,2
2013-12-16 00:00:00+00:00,,,,,,,,,,,,,,,,,0.22332823276519775,-3.8456668174410216,,,,,,,1,1
2013-12-16 06:00:00+00:00,,,,,,,,,,,,,,,,,0.16087216138839722,-0.49444202691902944,,,,,,,1,1
2013-12-16 12:00:00+00:00,,,,,,,,,,,,,,,,,0.11469078063964844,-0.226828364434951,,,,,,,1,1
2013-12-16 18:00:00+00:00,,,,,,,,,,,,,,,,,,,,,,,0.12257450819015503,-0.4906809650390725,1,1
2013-12-17 00:00:00+00:00,,,,,,,,,,,,,,,,,0.05189359188079834,0.749642609736197,,,,,,,2,2
2013-12-17 06:00:00+00:00,,,,,,,,,,,,,,,,,0.3467763662338257,0.050332018701604246,,,,,,,1,1
2013-12-17 12:00:00+00:00,,,,,,,,,,,,,,,,,0.08020508289337158,-0.0286036211822101,,,,,,,1,1
2013-12-17 18:00:00+00:00,,,,,,,,,,,,,,,,,0.1862451434135437,-0.03850755671219515,,,,,0.13475334644317627,0.37716280470496444,2,2
2013-12-18 00:00:00+00:00,,,,,,,,,,,,,,,,,0.12748223543167114,-0.15545997224697555,0.053835153579711914,-1.2163310159293284,,,,,3,3
2013-12-18 06:00:00+00:00,,,,,,,,,,,,,0.2385714054107666,0.575193806402358,,,0.102608323097229,0.060421070388771,0.09194433689117432,0.15837217469252815,,,,,3,3
2013-12-18 12:00:00+00:00,,,,,,,,,,,,,0.2252901792526245,0.35527789235167484,,,,,0.10612964630126953,0.9790465696847378,,,0.3403289318084717,-0.2394333484726922,4,3
2013-12-18 18:00:00+00:00,,,,,,,,,,,,,0.06309616565704346,0.7188799676835245,,,0.42386114597320557,-0.05509901435159675,0.20009732246398926,0.4108413471524761,,,,,3,3
2013-12-19 00:00:00+00:00,,,,,,,,,,,,,0.2008122205734253,2.712288187595953,,,0.40401148796081543,-0.7158766715855333,,,,,,,3,3
2013-12-19 06:00:00+00:00,,,,,,,,,,,,,0.14933466911315918,-0.014281667049976559,,,,,,,,,,,2,2
2013-12-19 12:00:00+00:00,,,,,,,,,,,,,0.531306266784668,5.001000696669482,,,,,0.16153573989868164,1.0448894101062969,,,,,2,2
2013-12-19 18:00:00+00:00,,,,,,,,,,,,,0.07504534721374512,3.0704923737694334,0.5284310579299927,14.127831086809696,,,,,,,,,2,2
2013-12-20 00:00:00+00:00,,,,,,,,,,,,,,,0.40586090087890625,11.490110870816752,,,0.05825340747833252,0.9720002764006019,,,,,2,2
2013-12-20 06:00:00+00:00,,,,,,,,,,,,,,,0.5108022689819336,6.72074040823434,,,0.16517102718353271,6.693185627788234,,,,,2,2
2013-12-20 12:00:00+00:00,,,,,,,,,,,,,,,,,,,0.0485076904296875,-0.5424063722536325,,,,,1,1
2013-12-20 18:00:00+00:00,,,0.29033946990966797,-2.4790927862357033,,,,,,,,,,,0.4161585569381714,11.116944925904312,,,0.0728299617767334,0.4783256620937949,,,,,3,3
2013-12-21 00:00:00+00:00,,,0.17528504133224487,-1.3910846220221682,,,,,,,,,0.33266007900238037,4.869453877155434,0.4953557252883911,10.404379396251695,,,,,0.1524413824081421,6.582041021511523,,,4,4
2013-12-21 06:00:00+00:00,,,0.2815936803817749,-2.000547370133045,,,,,,,,,,,0.19965052604675293,3.201406211900654,,,,,,,,,3,3
2013-12-21 12:00:00+00:00,,,,,0.14062917232513428,-1.9931815175584728,,,,,,,,,0.15102732181549072,3.6809304726351524,,,,,,,,,3,3
2013-12-21 18:00:00+00:00,,,,,0.1311761736869812,-0.2498509387635339,,,,,,,,,0.2806253433227539,16.48189005521151,,,,,,,,,3,3
2013-12-22 00:00:00+00:00,,,,,0.17724502086639404,-0.772341539704747,,,,,,,,,0.19196057319641113,1.8593801665605898,,,,,0.2484501600265503,11.95137328450764,,,4,4
2013-12-22 06:00:00+00:00,,,,,0.3109937310218811,-1.3789627540041511,,,,,,,,,0.23406946659088135,3.095760733381994,,,,,0.18810570240020752,6.647937954362779,,,4,4
2013-12-22 12:00:00+00:00,,,,,0.07423132658004761,-1.059283919837627,,,,,,,,,0.3677595853805542,4.6281507392482375,,,,,0.1482405662536621,3.737175219019641,,,4,4
2013-12-22 18:00:00+00:00,,,,,0.20076662302017212,-3.70088734862084,,,,,,,,,0.3235182762145996,5.124257040637973,,,,,0.16427218914031982,3.7278923460027045,,,3,3
2013-12-23 00:00:00+00:00,,,,,0.0834609866142273,-0.312728153214706,,,,,,,,,0.4666755199432373,10.699632330356307,,,,,0.13373053073883057,9.085075292114059,,,4,4
2013-12-23 06:00:00+00:00,,,,,0.1864507794380188,-1.3499442850396428,,,,,,,,,0.13420283794403076,6.598774219781748,,,,,,,,,3,3
2013-12-23 12:00:00+00:00,,,,,0.1470140814781189,-0.28107571657361974,,,,,,,,,0.41564297676086426,7.4231384527168265,,,,,0.21177136898040771,7.627682023281868,,,4,4
2013-12-23 18:00:00+00:00,,,,,0.10588157176971436,-0.22179393440507003,,,,,,,,,0.21832430362701416,9.725069754258161,,,,,0.25034213066101074,5.691102159701347,,,3,3
2013-12-24 00:00:00+00:00,,,,,,,,,,,,,,,0.423830509185791,10.1464136402356,0.2303006649017334,4.653713372795002,,,0.22444629669189453,10.872802907365655,,,3,3
2013-12-24 06:00:00+00:00,,,,,0.17639070749282837,0.5466261862611623,,,,,,,,,0.4279744625091553,6.672962341414698,0.27690184116363525,2.270576571633986,,,0.14972925186157227,5.624608365874156,,,4,4
2013-12-24 12:00:00+00:00,,,,,,,0.11927205324172974,-0.7205042798136196,,,,,,,0.3311185836791992,1.2601775857441304,0.17970728874206543,1.8051869636037328,,,0.19517993927001953,9.128693824444133,,,5,5
2013-12-24 18:00:00+00:00,,,,,,,0.30874502658843994,0.05716816287867603,,,,,,,0.05468505620956421,0.10048298477761226,0.2931361198425293,9.01636598462493,,,0.167999267578125,5.120474855823377,,,5,5
2013-12-25 00:00:00+00:00,,,,,,,0.024825990200042725,0.05061105727865946,,,,,,,0.20254957675933838,0.5429130473198962,0.20730555057525635,9.894627645993706,,,0.10984420776367188,12.73738310773962,,,4,4
2013-12-25 06:00:00+00:00,,,,,,,0.015836715698242188,0.42522731405749625,,,,,,,0.6587904691696167,3.078658283626603,0.042222023010253906,1.9534209618796403,,,0.15615928173065186,0.5553199467134647,,,4,4
2013-12-25 12:00:00+00:00,,,,,,,0.17561566829681396,0.45144973784294745,,,,,,,,,0.07811808586120605,1.4522535708375794,,,0.10275626182556152,0.30963786235587565,,,3,3
2013-12-25 18:00:00+00:00,,,,,,,0.08916330337524414,0.004803385431786232,,,,,,,,,0.03567385673522949,0.5125981919119914,,,0.1473708152770996,3.205687859392511,,,3,3
2013-12-26 00:00:00+00:00,,,,,,,0.23264694213867188,0.2906409071017885,,,,,,,,,0.15626466274261475,1.112104632883866,,,0.015444517135620117,0.4157661288850617,,,3,3
2013-12-26 06:00:00+00:00,,,,,,,0.04104381799697876,0.37470228856014126,,,,,,,,,0.11319208145141602,0.1887240803382846,,,,,0.10799670219421387,3.1638348290548577,3,3
2013-12-26 12:00:00+00:00,,,,,,,0.22527039051055908,3.16450236498837,,,,,,,,,0.020010948181152344,0.41791813860325727,,,,,0.06861042976379395,9.24393177115502,4,4
2013-12-26 18:00:00+00:00,,,,,,,,,,,,,0.2657128572463989,1.063213051359473,,,0.1487877368927002,-0.29857403499401725,,,,,0.09897375106811523,1.5789812629575224,4,4
2013-12-27 00:00:00+00:00,,,,,,,,,,,,,0.2938424348831177,5.57699796245484,,,0.11118769645690918,0.08020335886573811,,,,,0.14810121059417725,0.6507779949531964,4,4
2013-12-27 06:00:00+00:00,,,,,,,,,,,,,0.3746086359024048,7.542628680219924,,,0.02950817346572876,0.2959147444958784,,,,,0.18655037879943848,2.6349310793058236,5,5
2013-12-27 12:00:00+00:00,,,,,,,,,,,,,0.33308637142181396,2.278949462311421,,,0.09484302997589111,0.16137906582643533,,,,,0.06892776489257812,1.824479802899705,4,4
2013-12-27 18:00:00+00:00,,,,,,,,,,,,,0.24941647052764893,2.1974234831045196,,,,,,,,,0.04212832450866699,0.08154362911186044,3,3
2013-12-28 00:00:00+00:00,,,,,,,,,,,,,0.29133379459381104,5.642684736738669,0.5178800821304321,6.5304076362593255,,,,,,,0.03593719005584717,-0.06613716229670621,3,3
2013-12-28 06:00:00+00:00,,,,,,,,,,,,,0.25397980213165283,4.351437396114302,0.4454139471054077,4.904710525062351,,,,,,,0.4020289182662964,-0.18268433443980192,4,4
2013-12-28 12:00:00+00:00,,,,,,,,,,,,,0.4370858669281006,9.028766127405616,,,,,,,,,0.21781086921691895,-0.3682604038285156,2,2
2013-12-28 18:00:00+00:00,,,,,,,0.38089680671691895,3.691567843105518,,,,,,,0.58311927318573,4.135459223836134,,,,,,,,,2,2
2013-12-29 00:00:00+00:00,,,,,,,,,,,,,0.37327349185943604,15.506693538381917,0.492514967918396,6.458889371101416,,,,,,,,,2,2
2013-12-29 06:00:00+00:00,,,,,,,,,,,,,0.5180472135543823,15.752910120037024,0.42267751693725586,8.720477289841662,,,,,,,,,2,2
2013-12-29 12:00:00+00:00,,,,,,,,,,,,,,,0.3715161085128784,7.556590466128205,,,,,,,,,2,2
2013-12-29 18:00:00+00:00,,,,,,,,,,,,,,,0.4143012762069702,9.866669551925924,,,,,,,,,1,1
2013-12-30 00:00:00+00:00,,,,,,,,,,,,,,,0.38046467304229736,9.441790419448603,,,,,,,,,1,1
2013-12-30 06:00:00+00:00,,,,,,,,,,,,,,,0.41718852519989014,10.604958694132321,,,,,,,,,1,1
2013-12-30 12:00:00+00:00,,,,,,,,,,,,,,,0.4903907775878906,14.566786642430403,,,,,,,,,1,1
2013-12-30 18:00:00+00:00,,,,,,,,,,,,,,,0.4316064119338989,11.214723861453242,,,,,,,,,1,1
2013-12-31 00:00:00+00:00,,,,,,,,,,,,,,,0.4707021713256836,9.284533825718581,,,,,,,,,1,1
2013-12-31 06:00:00+00:00,,,,,,,,,,,,,,,0.4259517192840576,9.619586925852897,,,,,,,,,1,1
2013-12-31 12:00:00+00:00,,,,,,,,,,,,,,,0.3973045349121094,10.448975819696567,,,,,,,,,2,2
2013-12-31 18:00:00+00:00,,,,,,,,,,,,,,,0.3875037431716919,10.5258214037568,,,,,,,,,1,1
