timestamp,R2_1_1,skew_1_1,R2_1_2,skew_1_2,R2_1_3,skew_1_3,R2_2_1,skew_2_1,R2_2_2,skew_2_2,R2_2_3,skew_2_3,R2_3_1,skew_3_1,R2_3_2,skew_3_2,R2_3_3,skew_3_3,R2_4_1,skew_4_1,R2_4_2,skew_4_2,R2_4_3,skew_4_3,n_ch_total,n_ch_kept
2014-01-01 00:00:00+00:00,,,,,,,,,,,,,,,0.3984602689743042,10.418087633979273,,,,,,,,,1,1
2014-01-01 06:00:00+00:00,,,,,,,,,,,,,,,0.3059499263763428,11.656197626818036,,,,,,,,,1,1
2014-01-01 12:00:00+00:00,,,,,,,,,,,,,,,0.3306134939193725,11.54112667446504,,,,,,,,,1,1
2014-01-01 18:00:00+00:00,,,,,,,,,,,,,,,0.3369579315185547,16.47735118135977,,,,,,,,,1,1
2014-01-02 00:00:00+00:00,,,,,,,,,,,,,,,0.3420957326889038,11.309088182696398,0.266200304031372,5.154861036508351,,,,,,,2,2
2014-01-02 06:00:00+00:00,,,,,,,,,,,,,,,0.2591662406921386,4.77134289358239,0.2458851337432861,2.223567380428462,,,,,,,2,2
2014-01-02 12:00:00+00:00,,,,,,,,,,,,,,,0.3982384204864502,7.741770539520386,0.2543115615844726,3.987675828474534,,,,,,,2,2
2014-01-02 18:00:00+00:00,,,,,,,,,,,,,,,0.3603740930557251,8.974134921510666,0.2749179601669311,2.223970011621601,,,,,,,2,2
2014-01-03 00:00:00+00:00,,,,,,,,,,,,,0.11772680282592773,0.11153339953980013,0.2265080213546753,1.948788611692625,0.2893604040145874,4.296716168169046,,,,,,,3,3
2014-01-03 06:00:00+00:00,,,,,,,,,,,,,0.1901528239250183,0.08142324809185066,,,0.3840874433517456,13.11363170602346,,,,,,,4,4
2014-01-03 12:00:00+00:00,,,,,,,,,,,,,0.14798188209533691,0.5096628038240829,,,0.0797494649887085,-0.887650105189945,,,,,,,3,3
2014-01-03 18:00:00+00:00,,,,,,,,,,,,,0.1376757025718689,-0.6108242662557604,,,0.3857450485229492,0.5223644105432428,,,,,,,3,3
2014-01-04 00:00:00+00:00,,,,,,,,,,,,,0.0688742995262146,-0.4744414689413707,,,,,,,,,,,1,1
2014-01-04 06:00:00+00:00,,,,,,,,,,,,,0.15028029680252075,-1.3348469155658373,,,0.20489859580993652,0.3546300337156035,,,,,,,2,2
2014-01-04 12:00:00+00:00,,,,,,,,,,,,,0.09921914339065552,-3.8380631853199145,,,0.030724048614501953,0.25302904774237794,,,,,,,2,2
2014-01-04 18:00:00+00:00,,,,,,,,,,,,,0.08588379621505737,0.09358813186846222,,,,,,,,,,,1,1
2014-01-05 00:00:00+00:00,,,,,,,,,,,,,0.09353166818618774,-1.4944386348913852,,,,,,,,,,,1,1
2014-01-05 06:00:00+00:00,,,,,,,,,,,,,0.05887991189956665,-0.6893581460154665,,,,,,,,,,,1,1
2014-01-05 12:00:00+00:00,,,,,,,,,,,,,0.05476582050323486,1.0700022071585082,,,,,,,,,,,1,1
2014-01-05 18:00:00+00:00,,,,,,,,,,,,,0.07179218530654907,-1.1795501771849277,,,,,,,,,,,1,1
2014-01-06 00:00:00+00:00,,,,,,,,,,,,,0.16778582334518433,-2.8332179114801463,,,,,,,,,,,1,1
2014-01-06 06:00:00+00:00,,,,,,,,,,,,,0.126816987991333,-1.9683762690401385,,,,,,,,,,,1,1
2014-01-06 12:00:00+00:00,,,,,,,,,,,,,0.10218393802642822,-1.5152266364263571,,,,,,,,,,,2,2
2014-01-06 18:00:00+00:00,,,,,,,,,,,,,0.168737530708313,-1.903123920686984,,,,,,,,,,,2,2
2014-01-07 00:00:00+00:00,,,,,,,,,,,,,0.04477965831756592,-2.397279031159626,,,,,,,,,,,2,2
2014-01-07 06:00:00+00:00,,,,,,,,,,,,,0.15546470880508423,-4.018272210292169,,,,,,,,,,,2,2
2014-01-07 12:00:00+00:00,,,,,,,,,,,,,0.578163206577301,-8.291869195041837,0.21212458610534668,-5.261211426182531,,,,,,,,,2,2
2014-01-07 18:00:00+00:00,,,,,,,,,,,,,,,0.21244382858276367,-7.633158457409961,,,,,,,,,2,2
2014-01-08 00:00:00+00:00,,,,,,,,,,,,,,,0.2520001530647278,-6.142268516775251,,,,,,,,,2,2
2014-01-08 06:00:00+00:00,,,,,,,,,,,,,,,0.18932825326919556,-3.4084945717733572,,,,,,,,,2,2
2014-01-08 12:00:00+00:00,,,,,,,,,,,,,,,0.266265869140625,-6.102968633151563,,,,,,,,,2,2
2014-01-08 18:00:00+00:00,,,,,,,,,,,,,,,0.299782931804657,-10.445691781444426,,,,,,,,,2,2
2014-01-09 00:00:00+00:00,,,,,,,,,,,,,,,0.3094584345817566,-7.727992908677246,,,,,,,,,2,2
2014-01-09 06:00:00+00:00,,,,,,,,,,,,,,,0.29620182514190674,-16.467024420502682,,,,,,,,,2,2
2014-01-09 12:00:00+00:00,,,,,,,,,,,,,,,0.26710331439971924,-9.010603675049538,,,,,,,,,2,2
2014-01-09 18:00:00+00:00,,,,,,,,,,,,,,,0.25353217124938965,-13.427048440014383,,,,,,,,,2,2
2014-01-10 00:00:00+00:00,,,,,,,,,,,,,,,0.30632418394088745,-8.887314887338675,,,,,,,,,2,2
2014-01-10 06:00:00+00:00,,,,,,,,,,,,,,,0.27168625593185425,-5.6385763610814985,,,,,0.600604385137558,0.1368624326179114,,,3,3
2014-01-10 12:00:00+00:00,,,,,,,,,,,,,,,0.23833322525024414,-11.212780304567737,,,,,,,,,3,3
2014-01-10 18:00:00+00:00,,,,,,,,,,,,,,,0.21518856287002563,-8.219253119680802,,,,,,,,,2,2
2014-01-11 00:00:00+00:00,,,,,,,,,,,,,,,0.27657413482666016,-18.295802336032594,,,,,,,,,2,2
2014-01-11 06:00:00+00:00,,,,,,,,,,,,,,,0.28391802310943604,-10.181930980147158,,,,,,,,,1,1
2014-01-11 12:00:00+00:00,,,,,,,,,,,,,,,0.22661584615707397,-6.875221209535677,0.2576162815093994,-5.286311523723262,,,0.0864134430885315,0.05341126114367771,,,3,3
2014-01-11 18:00:00+00:00,,,,,,,,,,,,,,,0.2683730125427246,-6.640086840653842,0.19721925258636475,-10.249284673588061,,,0.5771683752536774,-6.5849812602840085,,,4,4
2014-01-12 00:00:00+00:00,,,,,,,,,,,,,,,,,0.14616602659225464,-5.946395734672945,,,0.06360864639282227,-0.4529852683809509,,,3,3
2014-01-12 06:00:00+00:00,,,,,,,,,,,0.3655533194541931,-3.4735766669671793,,,,,0.12413173913955688,-2.289467507351793,,,0.026173174381256104,-0.4889611741256004,,,4,4
2014-01-12 12:00:00+00:00,,,,,,,,,,,,,,,,,0.20573699474334717,-8.700465457068114,,,,,,,2,2
2014-01-12 18:00:00+00:00,,,,,,,,,,,,,,,,,0.19759833812713623,-5.771899750796069,,,,,,,3,3
2014-01-13 00:00:00+00:00,,,,,,,,,,,,,,,,,0.11177021265029907,-0.6092552495838228,,,,,,,1,1
2014-01-13 06:00:00+00:00,,,,,,,,,,,,,,,,,0.09021556377410889,-1.3585297966593028,,,,,,,1,1
2014-01-13 12:00:00+00:00,,,,,,,,,,,,,,,,,0.15041327476501465,-0.5676579031576445,,,,,,,1,1
2014-01-13 18:00:00+00:00,,,,,,,,,,,,,0.37095165252685547,-0.9595327696825595,,,0.05375701189041138,-0.12466761243493009,,,,,,,3,3
2014-01-14 00:00:00+00:00,,,,,,,,,,,,,0.21644622087478638,-0.5102290877783532,,,0.06496918201446533,0.2701436206633309,,,,,,,2,2
2014-01-14 06:00:00+00:00,,,,,,,,,,,,,0.18986475467681885,0.11995107279662877,,,0.21112143993377686,-0.9297004943132545,,,,,,,2,2
2014-01-14 12:00:00+00:00,,,,,,,,,,,,,0.030309677124023438,0.006150312649921,,,,,,,,,,,1,1
2014-01-14 18:00:00+00:00,,,,,0.4073031544685364,0.4900897604610532,,,,,,,0.019068658351898193,-0.8335124848030672,,,,,,,,,,,2,2
2014-01-15 00:00:00+00:00,,,,,0.008861541748046875,1.2311690793233943,,,,,,,0.14965486526489258,2.8998486380346438,,,,,,,,,,,2,2
2014-01-15 06:00:00+00:00,,,,,0.18461108207702637,0.18941332920379111,,,,,,,0.1481534242630005,1.5425637476000529,,,,,,,,,,,2,2
2014-01-15 12:00:00+00:00,,,,,0.09741628170013428,-2.6280424094270205,,,,,,,0.11144697666168213,2.8615159136401704,,,,,,,,,,,2,2
2014-01-16 00:00:00+00:00,,,,,0.020681381225585938,-0.25570593673330905,,,,,,,0.2346184253692627,1.588052676433794,,,,,,,,,,,2,2
2014-01-16 06:00:00+00:00,,,,,0.19174593687057495,-1.1457454011672814,,,,,,,0.2514331340789795,11.397195928447028,,,,,,,,,,,2,2
2014-01-16 12:00:00+00:00,,,,,0.09256893396377563,-1.3763608986933737,,,,,,,0.2164078950881958,3.039706610883755,,,,,,,,,,,2,2
2014-01-16 18:00:00+00:00,,,,,0.07022541761398315,-1.8176238277923138,,,,,,,0.17498672008514404,3.890062743325696,,,,,,,,,,,2,2
2014-01-17 00:00:00+00:00,,,,,0.15515047311782837,-6.954050326416081,,,,,,,0.18639922142028809,4.372284914816504,,,,,,,,,,,2,2
2014-01-17 06:00:00+00:00,,,,,0.01598942279815674,-1.9165980219122172,,,,,,,,,0.33168530464172363,6.843228939788232,,,,,,,,,2,2
2014-01-17 12:00:00+00:00,,,,,0.1167147159576416,-0.773687938388144,,,,,,,,,0.2853776216506958,6.144989829308695,,,,,,,,,2,2
2014-01-17 18:00:00+00:00,,,,,0.19640344381332397,-2.3045021586369785,,,,,,,,,0.2825716733932495,6.6353375380647295,,,0.06242573261260986,0.22287440274998083,,,,,3,3
2014-01-18 00:00:00+00:00,,,,,0.1636655330657959,-3.2771566139808135,,,,,,,0.18092262744903564,1.6504783906224403,0.3355633020401001,11.221909289379587,,,,,,,,,4,4
2014-01-18 06:00:00+00:00,,,,,0.17784243822097778,-0.530630343412807,,,,,,,,,0.38885414600372314,10.715235920442604,,,0.20226681232452393,0.3840852456248042,,,,,6,6
2014-01-18 12:00:00+00:00,,,,,0.03472405672073364,-0.6412400837350509,,,,,,,,,0.31360459327697754,5.704687480011496,,,0.11813986301422119,0.007813233053021534,,,,,4,4
2014-01-18 18:00:00+00:00,,,,,0.03758108615875244,-0.3069182875953588,,,,,,,,,0.3543766736984253,8.91793724488581,,,0.21592843532562256,0.493973428158578,,,,,4,4
2014-01-19 00:00:00+00:00,,,,,0.07164222002029419,0.5404292523551348,,,,,,,,,0.36647701263427734,6.764288533665825,,,0.14631831645965576,3.39240714791808,,,,,4,4
2014-01-19 06:00:00+00:00,,,,,0.11711454391479492,-0.05610345879876808,,,,,,,,,0.39987432956695557,9.150280201148956,,,0.09572094678878784,0.020108812285664007,0.3012179136276245,-0.09194346171842706,,,4,4
2014-01-19 12:00:00+00:00,,,,,,,,,,,,,,,0.42415761947631836,6.167772103383171,,,0.27181923389434814,0.08644408162924042,0.31432044506073,-1.0375056218129515,,,3,3
2014-01-19 18:00:00+00:00,,,,,0.1323966383934021,0.6869897801421393,,,,,,,,,0.3398178815841675,5.234385046487734,,,0.21530014276504517,-0.11106352078100531,,,,,3,3
2014-01-20 00:00:00+00:00,,,,,,,,,,,,,,,0.38213300704956055,8.67964282662091,,,,,,,,,1,1
2014-01-20 06:00:00+00:00,,,,,0.3154807686805725,0.32530254047699414,,,,,,,,,0.3408973217010498,8.439889878838418,,,,,,,,,2,2
2014-01-20 12:00:00+00:00,,,,,0.05662357807159424,0.7716263323775573,,,,,,,,,0.2853196859359741,2.0267478555618204,,,,,,,,,2,2
2014-01-20 18:00:00+00:00,,,,,,,,,,,,,,,0.335412859916687,7.733171570976057,,,0.2527945041656494,0.6891257186686117,,,,,2,2
2014-01-21 00:00:00+00:00,,,,,,,,,,,,,,,0.19363558292388916,6.133951841886037,0.2398296594619751,2.234454628007082,,,,,,,2,2
2014-01-21 06:00:00+00:00,,,,,,,,,,,,,,,0.16592466831207275,4.0011371187036175,0.2070382833480835,2.0974432445117914,,,,,,,2,2
2014-01-21 12:00:00+00:00,,,,,,,,,,,,,,,,,0.14165985584259033,0.3357119555847712,,,,,,,2,2
2014-01-21 18:00:00+00:00,,,,,,,,,,,,,,,,,0.22802674770355225,0.9575504085621273,,,,,,,2,2
2014-01-22 00:00:00+00:00,,,,,,,,,,,,,,,,,0.24643707275390625,1.7665643829012632,,,,,,,2,2
2014-01-22 06:00:00+00:00,,,,,,,,,,,,,,,,,0.36800432205200195,1.3419590801691854,,,,,,,2,2
2014-01-22 12:00:00+00:00,,,,,,,,,,,,,,,,,0.05179542303085327,-0.05895735748125578,,,,,,,2,2
2014-01-22 18:00:00+00:00,,,,,,,,,,,,,,,,,0.8230007737874985,-0.3724455557044457,,,,,,,2,2
2014-01-23 00:00:00+00:00,,,,,,,,,,,,,,,,,,,,,,,,,0,0
2014-01-23 06:00:00+00:00,,,,,,,,,,,,,,,,,,,,,,,,,0,0
2014-01-23 12:00:00+00:00,,,,,,,,,,,,,,,,,,,,,,,,,0,0
2014-01-23 18:00:00+00:00,,,,,,,,,,,,,,,,,,,,,,,,,0,0
2014-01-24 00:00:00+00:00,,,,,,,,,,,,,,,,,,,,,,,,,0,0
2014-01-24 06:00:00+00:00,,,,,,,,,,,,,,,,,,,,,,,,,0,0
2014-01-24 12:00:00+00:00,,,,,,,,,,,,,,,,,,,,,,,,,0,0
2014-01-24 18:00:00+00:00,,,,,,,,,,,,,,,,,,,,,,,,,0,0
2014-01-25 00:00:00+00:00,,,,,,,,,,,,,,,,,,,,,,,,,0,0
2014-01-25 06:00:00+00:00,,,,,,,,,,,,,,,,,,,,,,,,,0,0
2014-01-25 12:00:00+00:00,,,,,,,,,,,,,,,,,,,,,,,,,0,0
2014-01-25 18:00:00+00:00,,,,,,,,,,,,,,,,,,,,,,,,,0,0
2014-01-26 00:00:00+00:00,,,,,,,,,,,,,,,,,,,,,,,,,0,0
2014-01-26 06:00:00+00:00,,,,,,,,,,,,,,,,,,,,,,,,,0,0
2014-01-26 12:00:00+00:00,,,,,,,,,,,,,,,,,,,,,,,,,0,0
2014-01-26 18:00:00+00:00,,,,,,,,,,,,,,,,,,,,,,,,,0,0
2014-01-27 00:00:00+00:00,,,,,,,,,,,,,,,,,,,,,,,,,0,0
2014-01-27 06:00:00+00:00,,,,,,,,,,,,,,,,,,,,,,,,,0,0
2014-01-27 12:00:00+00:00,,,,,,,,,,,,,,,,,,,,,0.2813150882720947,-0.07282360868460369,,,1,1
2014-01-27 18:00:00+00:00,,,,,,,,,,,,,,,,,,,,,0.2408924102783203,-0.10176334668758664,,,1,1
2014-01-28 00:00:00+00:00,,,,,,,,,,,,,,,,,,,,,0.02089238166809082,-0.6851895129545111,,,1,1
2014-01-28 06:00:00+00:00,,,,,,,,,,,,,,,,,,,,,,,0.11034464836120605,-0.13306396459792058,1,1
2014-01-28 12:00:00+00:00,,,,,,,,,,,,,,,,,,,,,,,0.0003339052200317383,-0.1091261959344274,1,1
2014-01-28 18:00:00+00:00,,,,,,,,,,,,,,,,,,,,,0.029492616653442383,-0.30622475977237423,,,1,1
2014-01-29 00:00:00+00:00,,,,,,,,,,,,,,,,,,,,,0.022612154483795166,-0.058141206638621525,,,1,1
2014-01-29 06:00:00+00:00,,,,,,,,,,,,,,,,,,,,,0.05645871162414551,0.10622277741211157,,,1,1
2014-01-29 12:00:00+00:00,,,,,,,,,,,,,,,,,,,,,0.13067758083343506,1.5715589094448623,,,1,1
2014-01-29 18:00:00+00:00,,,,,,,,,,,,,,,,,,,,,0.04555058479309082,0.23113024433082535,,,1,1
2014-01-30 00:00:00+00:00,,,,,,,,,,,,,,,,,,,,,0.023831844329833984,-0.4468278685077447,,,1,1
2014-01-30 06:00:00+00:00,,,,,,,,,,,,,,,,,,,,,0.1707085371017456,0.010342963347999442,,,1,1
2014-01-30 12:00:00+00:00,,,,,,,,,,,,,,,,,,,,,0.04484868049621582,0.8498721322075748,,,1,1
2014-01-30 18:00:00+00:00,,,,,,,,,,,,,,,,,,,,,0.16166818141937256,0.3601668768580939,0.06509625911712646,-0.44421397947475,2,2
2014-01-31 00:00:00+00:00,,,,,,,,,,,,,,,,,,,,,0.049546003341674805,0.05426509086753565,,,1,1
2014-01-31 06:00:00+00:00,,,,,,,,,,,,,,,,,,,,,0.032979369163513184,0.14944645559236916,,,1,1
2014-01-31 12:00:00+00:00,,,,,,,,,,,,,,,,,,,,,0.09670841693878174,0.23259421608396136,,,1,1
2014-01-31 18:00:00+00:00,,,,,,,,,,,,,,,,,,,,,0.01744699478149414,0.7419991794418892,0.6520121097564697,-0.021262549715628774,3,3
2014-02-01 00:00:00+00:00,,,,,,,,,,,,,,,,,,,,,,,0.09643411636352539,-0.015589870165475523,1,1
2014-02-01 06:00:00+00:00,,,,,,,,,,,,,,,,,,,,,,,0.018988966941833496,0.3223213751135036,2,2
2014-02-01 12:00:00+00:00,,,,,,,,,,,,,0.25392699241638184,0.40582313000106895,,,,,,,,,0.0684666633605957,0.31447960075207115,2,2
2014-02-01 18:00:00+00:00,,,,,,,,,,,,,0.8907881528139114,-5.635465583301263,,,,,,,,,0.36411958932876587,0.2841574681532281,2,2
2014-02-02 00:00:00+00:00,,,,,,,,,,,,,0.464167058467865,-11.914138876771455,,,,,,,,,,,1,1
2014-02-02 06:00:00+00:00,,,,,,,,,,,,,0.16559815406799316,-0.6148467531547184,,,,,,,,,,,1,1
2014-02-02 12:00:00+00:00,,,,,,,,,,,,,0.21350151300430298,-2.4809225217337114,,,,,,,,,,,1,1
2014-02-02 18:00:00+00:00,,,,,,,,,,,,,0.18040680885314941,-0.6320653279404841,,,,,,,,,,,1,1
2014-02-03 00:00:00+00:00,,,,,,,,,,,,,0.3020772337913513,-3.171058084816135,,,,,,,,,,,1,1
2014-02-03 06:00:00+00:00,,,,,,,,,,,,,0.40503573417663574,-4.710292726249899,,,,,,,,,,,1,1
2014-02-03 12:00:00+00:00,,,,,,,,,,,,,0.4175989627838135,-5.647901757511633,,,,,,,,,,,1,1
2014-02-03 18:00:00+00:00,,,,,,,,,,,,,0.47242867946624756,-4.4645025836101375,,,,,,,,,,,1,1
2014-02-04 00:00:00+00:00,,,,,,,,,,,,,0.4369186758995056,-8.324518137462196,,,,,,,,,,,1,1
2014-02-04 06:00:00+00:00,,,,,,,,,,,,,0.39013051986694336,-1.927156557111448,,,,,,,,,,,1,1
2014-02-04 12:00:00+00:00,,,,,,,,,,,,,,,0.5329193770885468,-8.140590272914254,,,,,,,,,1,1
2014-02-04 18:00:00+00:00,,,,,,,,,,,,,0.36890709400177,-3.674793715762959,0.39341431856155396,-4.947071230528239,,,,,,,,,2,2
2014-02-05 00:00:00+00:00,,,,,,,,,0.2577570080757141,-1.0901686914230515,,,,,0.4753238558769226,-9.413819080112415,,,,,,,,,2,2
2014-02-05 06:00:00+00:00,,,,,,,,,0.1758403778076172,-1.7232648228584044,,,,,0.5451759994029999,-6.661311132366837,,,,,,,,,2,2
2014-02-05 12:00:00+00:00,,,,,,,,,0.37886857986450195,-6.134323288991767,,,,,0.5848655998706818,-7.087415424576059,,,,,,,,,2,2
2014-02-05 18:00:00+00:00,0.5136406421661377,0.06911152000291487,0.15601134300231934,-0.48274401691051594,,,,,0.26784467697143555,0.7939684559546865,,,,,0.45634526014328003,-6.895834258201093,,,,,,,,,5,5
2014-02-06 00:00:00+00:00,0.025283515453338623,0.12774581027920762,0.11419874429702759,-2.147535127482859,,,,,0.13595616817474365,-0.3174847896298679,,,,,0.4988330006599426,-8.810353091787212,,,,,,,,,5,5
2014-02-06 06:00:00+00:00,0.013651609420776367,-0.12794153037576286,,,,,,,0.09159994125366211,1.4028588177246326,,,,,0.5038569271564484,-8.453443240273685,,,,,,,,,4,4
2014-02-06 12:00:00+00:00,0.453691303730011,-2.4965891676945837,,,,,,,0.25068891048431396,0.9082057149612309,,,,,0.4344601631164551,-6.471836557509091,,,,,,,,,4,4
2014-02-06 18:00:00+00:00,0.10921436548233032,0.047807050134626494,0.2899845838546753,-1.935709396776596,,,,,0.1922398805618286,-6.03062781856757,,,,,0.37308967113494873,-8.086223816408081,,,,,,,,,4,4
2014-02-07 00:00:00+00:00,0.06677919626235962,-0.020702643388866026,0.02394413948059082,-0.8621787101475465,,,,,0.058312058448791504,-0.18695635232117414,,,,,0.35863423347473145,-4.027761451566907,,,,,,,,,4,4
2014-02-07 06:00:00+00:00,0.05001175403594971,-0.546145566403652,0.010941743850708008,-1.0656527099648545,,,,,0.2373071312904358,0.8014406760388344,,,,,0.49033504724502563,-3.957880012036137,,,,,,,,,5,5
2014-02-07 12:00:00+00:00,0.10979276895523071,-0.3455443076495142,0.19411861896514893,-4.004990878345812,,,,,0.3144504427909851,-10.65418517500279,,,,,0.4951862096786499,-3.4509727016714593,,,,,,,,,5,5
2014-02-07 18:00:00+00:00,0.17934948205947876,-0.43524116227917703,0.17396003007888794,-1.4261598094802492,,,,,,,0.3361074924468994,-3.513783382275173,,,0.4412344694137573,-3.0565509197682017,,,,,,,,,5,5
2014-02-08 00:00:00+00:00,0.1344776153564453,-0.44994121752982474,0.15957432985305786,-8.170893372831442,,,,,,,,,,,0.2851552963256836,-5.125454687160147,,,,,,,,,4,4
2014-02-08 06:00:00+00:00,0.06603944301605225,0.10836545037602748,0.15478509664535522,-0.6205149266523508,,,,,,,0.10078346729278564,0.490260688721019,,,0.4243924021720886,-2.9058997743813286,0.11636614799499512,0.03217609227783943,,,,,,,7,7
2014-02-08 12:00:00+00:00,0.03908199071884155,0.2315871771331445,0.08802300691604614,0.5660641076661016,,,,,,,,,,,0.39696383476257324,-3.923561508981165,0.05487900972366333,-0.35723251155269853,,,,,,,5,5
2014-02-08 18:00:00+00:00,0.02217644453048706,0.36401466338810273,0.012850403785705566,-0.1150427450279017,,,,,,,,,0.5050090551376343,-0.1758812052715556,0.4855921268463135,-4.2860890881790645,0.4690595865249634,-0.08444161282923021,,,,,,,6,6
2014-02-09 00:00:00+00:00,0.19951355457305908,-0.09879239509078529,0.020553648471832275,1.276282016886933,,,,,,,,,0.07912898063659668,0.2900156502704947,0.4102427363395691,-4.913594034146953,,,,,,,,,8,8
2014-02-09 06:00:00+00:00,0.42056936025619507,-0.8570483992071349,0.16625076532363892,-0.21404201944751808,,,,,,,,,0.2562403678894043,-7.2693727292830355,0.5140815377235413,-4.6077238483146825,,,,,,,,,6,6
2014-02-09 12:00:00+00:00,0.2743617296218872,-0.25581273743520105,,,,,,,,,,,0.6488096714019775,-9.057242074602748,,,,,,,0.4133906364440918,0.2894165355346666,,,3,3
2014-02-09 18:00:00+00:00,0.3008519411087036,-0.32516228403080377,0.06508928537368774,-2.5183594958391744,,,,,,,,,0.3009040355682373,0.6870120933612038,,,,,,,0.7298702895641327,-3.5741782805110605,,,5,5
2014-02-10 00:00:00+00:00,0.09719455242156982,0.0548099253079789,0.06251126527786255,0.3819159392124667,,,,,,,,,0.021769285202026367,0.8567832883666462,,,,,,,,,,,3,3
2014-02-10 06:00:00+00:00,0.4586848020553589,-0.08891750126722599,0.2793015241622925,-5.228426761361547,,,,,,,,,0.21070384979248047,-0.8551651374277522,,,,,,,0.6164816617965698,-3.1586270827824454,,,4,4
2014-02-10 12:00:00+00:00,0.1960037350654602,-1.0965664235031571,0.016600966453552246,-0.5187396819529149,,,,,,,,,0.17130982875823975,0.5373320750011946,,,,,,,0.3119717240333557,-2.66208993763465,,,4,4
2014-02-10 18:00:00+00:00,0.26849907636642456,0.23130245702003407,0.018314898014068604,-1.5248076900167769,0.4707376956939697,-0.31189171890271467,,,,,,,0.34546709060668945,2.295856488572315,,,,,,,,,0.07196211814880371,0.08872654701000758,5,5
2014-02-11 00:00:00+00:00,0.15346193313598633,-0.04667448793487692,,,0.00944507122039795,-0.628681619149406,,,,,,,0.20081520080566406,1.4167309430420794,,,0.4024556279182434,-1.7524651917175988,,,,,,,5,5
2014-02-11 06:00:00+00:00,0.1599084734916687,-2.3285550815303546,,,0.09912431240081787,0.27255351722374643,,,,,,,0.35953569412231445,4.416748112067988,,,,,,,,,0.1187172532081604,-0.7807749180772323,5,5
2014-02-11 12:00:00+00:00,0.3186851739883423,-3.582649083321896,,,0.14070266485214233,-0.44344650119936396,,,,,,,0.3226813077926636,3.1736646680116904,,,,,,,,,0.37302684783935547,-0.9315321821015483,5,5
2014-02-11 18:00:00+00:00,,,0.10741418600082397,-0.16088747377650528,0.18635785579681396,-0.233767660702078,,,,,,,0.3637300729751587,2.5293635455347063,,,,,,,,,0.2260812520980835,-0.5119345176354695,5,5
2014-02-12 00:00:00+00:00,,,0.2540889382362366,-1.5954602110142204,0.0931086540222168,0.6213786457300519,,,,,,,0.47236621379852295,6.634187989655431,,,0.48475050926208496,-0.7019699036209895,,,,,0.3113347291946411,0.37204491541196477,6,6
2014-02-12 06:00:00+00:00,,,0.0971035361289978,-0.7761847436390278,0.22366732358932495,-0.7760718929273361,,,,,,,0.45562314987182617,6.914396142617612,,,,,,,,,,,4,4
2014-02-12 12:00:00+00:00,,,0.268693745136261,-0.47120501295832884,0.15230363607406616,-0.1251674277105658,,,,,,,0.30322349071502686,2.4309714085063594,,,,,,,,,,,6,6
2014-02-13 00:00:00+00:00,,,0.16586321592330933,-2.6821166812850423,0.009591758251190186,0.03105034906881884,,,,,,,0.3106803894042969,3.2923430974226138,,,,,,,,,,,4,4
2014-02-13 06:00:00+00:00,,,0.10084962844848633,-1.1433688357014027,0.0658947229385376,0.3465396292714142,,,,,,,,,0.38164496421813965,4.071473013423818,,,0.2886201739311218,0.4172769600918036,,,,,6,6
2014-02-13 12:00:00+00:00,,,0.18802744150161743,-2.515169636439891,0.016557812690734863,-1.9287926887874092,,,,,,,,,0.4164566993713379,10.249608245574999,,,,,,,,,4,4
2014-02-13 18:00:00+00:00,,,0.3133487105369568,-8.53179637256083,0.052916884422302246,-1.3469346009416776,,,,,0.04466545581817627,-0.18769079786414722,,,0.21767091751098633,2.702919673924833,,,,,,,,,7,7
2014-02-14 00:00:00+00:00,,,0.09395325183868408,-0.3836309054829381,0.05013066530227661,0.18824715488426047,,,,,,,0.0373307466506958,-0.8347225230615648,0.3008415699005127,7.510737371842935,,,,,,,,,6,6
2014-02-14 06:00:00+00:00,,,,,0.20076167583465576,-1.9898507077875829,,,,,,,0.16461122035980225,0.04581092454358659,0.39631128311157227,7.156932178567988,,,,,,,,,5,5
2014-02-14 12:00:00+00:00,,,0.15482264757156372,-2.824380811425748,0.11186063289642334,-0.11427819802405098,,,,,,,0.20419752597808838,0.15653281164648047,0.3194998502731323,4.359355962499069,,,,,,,,,7,7
2014-02-14 18:00:00+00:00,,,0.15557348728179932,-0.7960145795257233,0.07704728841781616,-0.10259243772425933,,,,,,,0.020127058029174805,0.8602668327854966,0.3485473394393921,4.815766535001797,,,,,,,,,5,5
2014-02-15 00:00:00+00:00,,,,,0.19758987426757812,-5.011196388453436,,,,,,,0.5267140865325928,0.08841372651083547,0.4255838394165039,4.983257786831495,,,,,,,,,8,8
2014-02-15 06:00:00+00:00,,,,,0.23161256313323975,-1.2175732654296636,,,,,,,0.25372540950775146,0.37237959467285353,0.3730151653289795,2.2364116524382442,,,,,,,,,6,6
2014-02-15 12:00:00+00:00,,,,,0.14097702503204346,-3.557436180653362,,,,,,,0.3109126091003418,1.7102724842942871,0.22542345523834229,1.7242352786581792,,,,,,,,,11,9
2014-02-15 18:00:00+00:00,,,,,0.2619287371635437,-0.7116483805573109,,,,,,,0.590196967124939,0.7614894576780012,0.19500887393951416,0.9202056447439368,,,,,,,,,5,5
2014-02-16 00:00:00+00:00,,,,,0.35422009229660034,-16.8988647692291,,,,,,,0.33600640296936035,1.183161162688046,0.017439961433410645,-0.432614458141585,,,,,,,,,5,5
2014-02-16 06:00:00+00:00,,,,,0.3493582010269165,-6.833982385372173,,,,,,,,,0.639775276184082,4.259632178497486,,,,,,,,,6,6
2014-02-16 12:00:00+00:00,,,,,0.1425093412399292,-1.6420133573355222,,,,,,,,,0.346676230430603,3.8446168090907245,,,,,,,,,6,6
2014-02-16 18:00:00+00:00,,,,,0.45224469900131226,-14.884460696212058,,,,,,,,,0.4855775833129883,2.654379435676691,,,,,,,,,4,4
2014-02-17 00:00:00+00:00,,,,,0.14181959629058838,-1.2768886529550705,,,,,,,,,0.15752482414245605,1.3425373856466394,0.5848599672317505,3.6569105511955864,,,,,,,4,4
2014-02-17 06:00:00+00:00,,,,,0.35235488414764404,7.862793518583507,,,,,,,,,0.31158292293548584,3.993628217738766,0.2528775930404663,0.10649304741056548,,,,,,,3,3
2014-02-17 12:00:00+00:00,,,,,0.5784987211227417,-0.272617625027726,,,,,,,,,0.2329343557357788,1.8971009753771284,0.40967392921447754,2.972820031243387,,,,,,,4,4
2014-02-17 18:00:00+00:00,,,,,0.2695887088775635,-0.9307152974317929,,,,,,,,,0.4284241199493408,2.720170978921844,0.5868537425994873,3.5828143448412813,,,,,,,3,3
2014-02-18 00:00:00+00:00,,,,,0.19687402248382568,-0.04852134067750226,,,,,,,,,0.2315073013305664,1.7937371277625955,0.5132369995117188,3.221267484915342,,,,,,,3,3
2014-02-18 06:00:00+00:00,,,,,,,,,,,0.41113221645355225,-0.7813808577151818,,,0.27397990226745605,1.720648507504198,0.285647988319397,2.4292000046573685,,,,,,,3,3
2014-02-18 12:00:00+00:00,,,,,,,,,,,,,,,0.21250927448272705,11.411492401485933,0.13929414749145508,0.4234950189182461,,,,,,,2,2
2014-02-18 18:00:00+00:00,,,,,,,,,,,,,,,0.3169739246368408,2.3267546644751054,0.5981459617614746,1.4219852519681995,,,,,,,2,2
2014-02-19 00:00:00+00:00,,,,,,,,,,,,,,,0.2878519296646118,6.154504849195718,,,,,,,,,1,1
2014-02-19 06:00:00+00:00,,,,,,,,,,,,,,,0.27536606788635254,3.6402620363720253,,,,,,,,,1,1
2014-02-19 12:00:00+00:00,,,,,,,,,,,,,,,0.41364216804504395,1.9547280166822931,,,,,,,,,1,1
2014-02-19 18:00:00+00:00,,,,,,,,,,,,,,,0.026509761810302734,4.736619189608408,,,,,,,,,1,1
2014-02-20 00:00:00+00:00,,,,,,,,,,,,,,,0.2913804054260254,4.530898345271174,,,,,,,,,1,1
2014-02-20 06:00:00+00:00,,,,,,,,,,,,,,,0.07782554626464844,3.0746992714836185,,,0.06813466548919678,0.8898033306062232,,,,,2,2
2014-02-20 12:00:00+00:00,,,,,,,,,,,,,,,,,0.15763497352600098,0.15576517352658995,0.07710731029510498,0.1712390348423612,,,,,2,2
2014-02-20 18:00:00+00:00,,,,,,,,,,,,,,,,,0.0900954008102417,-0.4669620367444366,0.15516400337219238,0.3589346831629636,,,,,2,2
2014-02-21 00:00:00+00:00,,,,,,,,,,,,,,,,,0.212615966796875,0.8343594917264067,0.17517364025115967,2.2508653229662308,,,,,2,2
2014-02-21 06:00:00+00:00,,,,,,,,,,,,,,,,,0.21173739433288574,1.3203627352971425,0.2833620309829712,-0.18641132367239768,,,,,2,2
2014-02-21 12:00:00+00:00,,,,,,,,,,,,,,,,,0.32427847385406494,4.158780368877409,0.24507927894592285,0.7108993206596278,,,,,2,2
2014-02-21 18:00:00+00:00,,,,,,,,,,,,,,,,,0.0686025619506836,0.20074906003183618,0.22541701793670654,3.8007869474815483,,,,,2,2
2014-02-22 00:00:00+00:00,,,,,,,,,,,,,,,,,0.023305416107177734,-0.10616228108215019,0.14795613288879395,-0.10373638692032984,,,,,3,3
2014-02-22 06:00:00+00:00,,,,,,,0.9114005491137505,-1.152303460274428,,,,,,,,,0.3198584318161011,-0.2558554527055752,0.17228472232818604,0.35688309715513644,,,,,3,3
2014-02-22 12:00:00+00:00,,,,,,,0.8606291860342026,-2.908924026544621,,,,,,,,,0.5671757459640503,-0.060335352700834934,0.26824355125427246,-16.330922895745,,,,,3,3
2014-02-22 18:00:00+00:00,,,,,,,0.70831498503685,-3.7451841284610596,,,,,,,,,0.048090577125549316,-0.0471072062718557,0.2421787977218628,-0.04577536703687694,,,,,3,3
2014-02-23 00:00:00+00:00,,,,,,,0.6424939930438995,-4.345511946780368,,,,,,,,,0.16600185632705688,0.6506002639327174,0.00527799129486084,0.22130984710714643,,,,,3,3
2014-02-23 06:00:00+00:00,,,,,,,,,0.6513513922691345,-8.30522867708197,,,,,,,0.251903772354126,0.656394536027922,0.05444610118865967,-0.030500460725437866,,,,,3,3
2014-02-23 12:00:00+00:00,,,,,,,,,0.4749774932861328,-5.931636742189663,,,,,,,,,0.5996284484863281,0.6326266148647752,,,,,3,2
2014-02-23 18:00:00+00:00,,,,,,,,,0.5784141421318054,-4.193813556582147,,,,,,,,,0.0791095495223999,-0.517288151385937,0.4052482843399048,0.2175069676172357,,,3,3
2014-02-24 00:00:00+00:00,,,,,,,,,0.7120296359062195,-8.134607882303767,,,,,,,,,0.15283828973770142,-0.3114468331269366,0.3636612892150879,1.9750674217114788,,,3,3
2014-02-24 06:00:00+00:00,,,,,,,,,0.7457347512245178,-7.738165122015726,,,,,,,,,0.06782770156860352,-0.2996767449949158,0.0619809627532959,-1.4045713163876712,,,4,3
2014-02-24 12:00:00+00:00,,,,,,,,,0.8580532371997833,-8.66443124542764,,,,,,,,,0.42601752281188965,1.572390254232798,0.04747605323791504,0.08413936494445538,,,6,5
2014-02-24 18:00:00+00:00,,,,,,,,,0.7042065560817719,-7.922779025757835,,,,,,,,,0.07350683212280273,-0.28743221742988984,0.3190016746520996,0.21479683488981527,,,4,4
2014-02-25 00:00:00+00:00,,,,,,,,,0.7315233051776886,-8.900324925438726,,,,,,,,,0.1743241548538208,-0.06196708731491552,0.1284087896347046,5.184882805903127,,,4,4
2014-02-25 06:00:00+00:00,,,,,,,,,0.7438193261623383,-7.540517661024863,,,,,,,,,,,0.0717473030090332,-0.6782511795621315,,,2,2
2014-02-25 12:00:00+00:00,,,,,,,,,0.7450952231884003,-6.883205891427304,,,,,,,,,,,0.044057607650756836,0.20318240155463801,,,2,2
2014-02-25 18:00:00+00:00,,,,,,,,,0.7402276694774628,-4.984002659261296,,,,,,,,,,,0.0634239912033081,0.1607745092702079,,,2,2
2014-02-26 00:00:00+00:00,,,,,,,,,0.7736040949821472,-7.296052296551889,,,,,,,,,,,0.1299271583557129,0.01770200028791845,,,2,2
2014-02-26 06:00:00+00:00,,,,,,,,,0.6055388152599335,-5.311094504782201,,,,,,,,,,,0.18947899341583252,0.9762602176131263,,,2,2
2014-02-26 12:00:00+00:00,,,,,,,,,0.6662400960922241,-9.431951761305896,,,,,,,,,,,0.10417771339416504,0.8504222612287707,,,2,2
2014-02-26 18:00:00+00:00,,,,,,,,,0.40735435485839844,-2.9028716279921367,,,,,,,,,,,0.18529844284057617,0.25203666563114724,,,2,2
2014-02-27 00:00:00+00:00,,,,,,,,,,,,,,,,,,,,,0.06232094764709473,0.2623261922978693,,,1,1
2014-02-27 06:00:00+00:00,,,,,,,,,,,,,,,,,,,,,0.10737752914428711,0.1313808057584902,,,1,1
2014-02-27 12:00:00+00:00,,,,,,,,,,,,,,,,,,,,,0.10117578506469727,0.5869489601401082,,,1,1
2014-02-27 18:00:00+00:00,,,,,,,,,,,,,,,,,,,,,0.18537986278533936,-0.022421017471699525,,,1,1
2014-02-28 00:00:00+00:00,,,,,,,,,,,,,,,,,,,,,0.0227431058883667,0.46248197198308383,,,1,1
2014-02-28 06:00:00+00:00,,,,,,,,,,,,,,,,,,,,,0.1609020233154297,0.31942480666890877,,,1,1
2014-02-28 12:00:00+00:00,,,,,,,,,,,,,,,,,,,,,0.6139355599880219,-0.1986815304365003,,,1,1
2014-02-28 18:00:00+00:00,,,,,,,,,,,,,,,,,,,,,,,,,0,0
2014-03-01 00:00:00+00:00,,,,,,,,,,,,,,,,,,,,,,,,,0,0
2014-03-01 06:00:00+00:00,,,,,,,,,,,,,,,,,,,,,,,,,0,0
2014-03-01 12:00:00+00:00,,,,,,,,,,,,,,,,,,,,,,,,,0,0
2014-03-01 18:00:00+00:00,,,,,,,,,,,,,,,,,,,,,,,,,0,0
2014-03-02 00:00:00+00:00,,,,,,,,,,,,,,,,,,,,,,,,,0,0
2014-03-02 06:00:00+00:00,,,,,,,,,,,,,,,,,,,,,,,,,0,0
2014-03-02 12:00:00+00:00,,,,,,,,,,,,,,,,,,,,,,,,,0,0
2014-03-02 18:00:00+00:00,,,,,,,,,,,,,,,,,,,,,,,,,0,0
2014-03-03 00:00:00+00:00,,,,,,,,,,,,,,,,,,,,,,,,,0,0
2014-03-03 06:00:00+00:00,,,,,,,,,,,,,,,,,,,,,,,,,0,0
2014-03-03 12:00:00+00:00,0.38429737091064453,-1.5682168698508918,,,,,,,,,,,,,,,,,,,,,,,1,1
2014-03-03 18:00:00+00:00,,,0.16766339540481567,2.0091232404452026,,,,,,,,,,,,,,,,,,,,,1,1
2014-03-04 00:00:00+00:00,,,0.17831605672836304,-1.9393941661694003,,,,,,,,,,,,,,,,,,,,,1,1
2014-03-04 06:00:00+00:00,,,0.2844400405883789,-0.9286351132431983,,,,,,,,,,,,,,,,,,,,,1,1
2014-03-04 12:00:00+00:00,,,0.23952597379684448,-1.5958955668761146,,,,,,,,,,,,,,,,,,,,,1,1
2014-03-04 18:00:00+00:00,,,0.26356571912765503,-4.955256745647917,,,,,,,,,,,,,,,,,,,,,1,1
2014-03-05 00:00:00+00:00,,,0.31992459297180176,-3.8482607718191515,,,,,,,,,,,,,,,,,,,,,1,1
2014-03-05 06:00:00+00:00,,,0.17695611715316772,-0.7001851037606891,,,,,,,,,,,,,,,,,,,,,1,1
2014-03-05 12:00:00+00:00,0.1193779706954956,-0.1383450894809973,0.24960613250732422,-0.7409776060272371,,,,,,,,,,,,,,,,,,,,,2,2
2014-03-05 18:00:00+00:00,0.22779983282089233,0.23388486361040065,0.16542655229568481,-1.3490149529757032,,,,,,,,,,,0.2774081826210022,-8.10137977709041,,,,,,,,,3,3
2014-03-06 00:00:00+00:00,0.15728729963302612,-0.05346032427205385,0.3411685824394226,-9.004123298389281,,,,,,,,,,,0.33279120922088623,-8.252521821511289,,,,,,,,,3,3
2014-03-06 06:00:00+00:00,0.32213127613067627,-0.6347624136607399,0.3356080651283264,-6.748197308996091,,,,,,,,,,,0.39681267738342285,-11.65117475529203,,,,,,,,,3,3
2014-03-06 12:00:00+00:00,0.097292959690094,0.015671496573754815,0.23530620336532593,-1.055597776159973,,,,,,,,,,,0.46045631170272827,-13.611131498874514,,,,,,,,,4,4
2014-03-06 18:00:00+00:00,0.16370868682861328,-1.7545017169318227,0.44146257638931274,-11.197708228443016,,,,,,,,,,,0.43162500858306885,-11.136030656988682,,,,,,,,,4,4
2014-03-07 00:00:00+00:00,0.6065845489501953,0.15220453250687177,0.19890636205673218,-1.1207273927450683,,,,,,,,,,,0.544382631778717,-5.221596974666285,,,,,,,,,5,5
2014-03-07 06:00:00+00:00,0.1713799238204956,-0.8404506673579561,0.1739392876625061,-2.2843452246431015,,,,,,,,,,,0.5075302124023438,-5.750095506115949,,,,,,,,,4,4
2014-03-07 12:00:00+00:00,0.19237381219863892,-0.6243698928473004,0.17063719034194946,-8.703710273925568,,,,,,,,,,,0.6332133114337921,-4.682900018092117,,,,,,,,,3,3
2014-03-07 18:00:00+00:00,0.009032845497131348,0.04494104979640559,0.15269136428833008,-3.3882858248131886,,,,,,,,,,,0.5372571647167206,-1.8026907992627434,,,,,,,,,3,3
2014-03-08 00:00:00+00:00,0.011304140090942383,0.017989263059855525,0.17743688821792603,-1.5265746131360054,0.3647773861885071,-4.761202223083628,,,,,,,,,,,0.09413796663284302,-0.7065217132192364,,,,,,,5,5
2014-03-08 06:00:00+00:00,0.04820823669433594,-0.3367172712650735,0.2223401665687561,0.28996908604678423,0.002340078353881836,0.2801953674808225,,,,,,,,,,,,,,,,,,,4,4
2014-03-08 12:00:00+00:00,0.17589658498764038,-0.6722066474389374,0.24285882711410522,-4.963540076007808,0.1656867265701294,0.40853229975281297,,,,,,,,,,,,,,,,,,,6,5
2014-03-08 18:00:00+00:00,0.19554555416107178,-1.120932437115411,0.14441639184951782,-2.2221685503581035,,,,,,,,,0.8199589252471924,0.3932683788658187,,,,,,,,,,,3,3
2014-03-09 00:00:00+00:00,0.1803814172744751,-0.5156816713912131,0.14895951747894287,-0.6284577828513265,,,,,,,,,0.1970890760421753,-0.22529264520309733,,,,,,,,,,,3,3
2014-03-09 06:00:00+00:00,0.06862330436706543,-0.24447188368544856,0.10250121355056763,-1.506313402489892,,,,,,,,,0.3206143379211426,0.0891089156121076,,,,,,,,,,,3,3
2014-03-09 12:00:00+00:00,0.19446831941604614,-1.1964936902902727,0.02202892303466797,-1.1021097671345959,,,,,,,,,0.19183242321014404,0.25022841631979376,,,,,,,,,,,3,3
2014-03-09 18:00:00+00:00,0.42678868770599365,-0.0528947973791563,0.3783765435218811,-1.9581274753147335,,,,,,,,,0.30224692821502686,0.5594341432571511,,,,,,,,,,,3,3
2014-03-10 00:00:00+00:00,0.06774842739105225,-0.5957582264947442,0.21960210800170898,-1.2243650874590162,,,,,,,,,0.29261648654937744,-0.22171068730018414,,,,,,,,,,,3,3
2014-03-10 06:00:00+00:00,0.2553565502166748,-0.7060493500022581,0.1292656660079956,-0.7716825101037283,,,,,,,,,0.208870530128479,1.8079820875230954,,,,,,,,,,,4,4
2014-03-10 12:00:00+00:00,0.11255735158920288,-0.16471432305812458,0.2515330910682678,-1.1049420223652355,,,0.13419723510742188,-1.2331194678471855,,,,,0.5156598091125488,0.09669560563833347,,,,,,,,,,,4,4
2014-03-10 18:00:00+00:00,0.2107771635055542,-0.9700738332157706,,,0.10736680030822754,-0.6324622302530177,,,,,,,0.3678755760192871,1.1138594720475297,,,,,,,,,,,3,3
2014-03-11 00:00:00+00:00,0.35607773065567017,-4.172786853851866,,,0.050696730613708496,-0.008470832659061862,,,,,,,0.17250323295593262,0.6677922150885338,,,,,,,,,,,3,3
2014-03-11 06:00:00+00:00,0.20363497734069824,-1.7108007522486814,0.06628412008285522,0.0588073570744222,0.09702378511428833,-2.672363651027848,,,,,,,0.16429197788238525,2.2291426767891673,,,,,,,,,,,4,4
2014-03-11 12:00:00+00:00,,,0.2457941174507141,-4.109110089642081,0.026649177074432373,-0.881689648947702,,,,,,,0.09794175624847412,0.3461190193161625,,,,,,,,,,,3,3
2014-03-11 18:00:00+00:00,,,0.3328707218170166,-6.3704947975595925,0.21576404571533203,-0.2085785135987977,,,,,,,0.07130730152130127,0.5636460746321414,,,,,,,,,,,3,3
2014-03-12 00:00:00+00:00,,,0.39965349435806274,-6.117949732851026,0.07736897468566895,-0.3106573996650469,,,,,,,0.31552767753601074,1.7791398330017567,,,,,,,,,,,3,3
2014-03-12 06:00:00+00:00,,,0.39744579792022705,-10.266125840050425,0.31834447383880615,-0.3377519103902671,,,,,,,0.003361344337463379,0.8310108378830403,0.28829312324523926,4.112377739476164,,,,,,,,,4,4
2014-03-12 12:00:00+00:00,,,0.38841283321380615,-4.711110246499283,0.1001935601234436,-0.4548401941727348,,,,,,,0.2499237060546875,0.1245289195560461,0.3281978368759155,1.7105888573490744,,,,,,,,,4,4
2014-03-12 18:00:00+00:00,,,0.37167930603027344,-5.608352405620243,0.2721482515335083,-2.569775727085692,,,,,,,,,0.5374894142150879,7.319265697200307,,,,,,,,,3,3
2014-03-13 00:00:00+00:00,,,0.3822692036628723,-3.4355815159070544,0.06486040353775024,-2.327220148936577,,,,,,,,,0.3938533067703247,3.919561362030604,,,,,,,,,3,3
2014-03-13 06:00:00+00:00,,,0.34473615884780884,-8.879639826915978,0.15139073133468628,-1.4601940608037614,,,,,,,,,0.30259883403778076,3.2611222561292643,,,,,,,,,3,3
2014-03-13 12:00:00+00:00,,,0.3034577965736389,-6.357802611696097,0.03556448221206665,-3.703002606204943,,,,,,,,,0.31497347354888916,5.707254257319571,,,,,,,,,3,3
2014-03-13 18:00:00+00:00,,,0.3244472146034241,-8.770451434730035,0.05776107311248779,-1.5946565138591768,,,,,,,,,0.39514434337615967,5.611776832262279,,,,,,,,,3,3
2014-03-14 00:00:00+00:00,,,0.27712249755859375,-4.408665361721616,0.15143346786499023,-4.988122533387948,,,,,,,,,0.2645953893661499,5.095515702929522,,,,,,,,,3,3
2014-03-14 06:00:00+00:00,,,0.37779057025909424,-4.141129815382743,0.2694966197013855,0.7824332478842084,,,,,,,,,,,,,,,,,,,2,2
2014-03-14 12:00:00+00:00,,,0.28497856855392456,-0.8241535765579899,0.03689044713973999,0.12711424650015715,,,,,,,,,0.4148498773574829,4.610316861365222,,,,,,,,,3,3
2014-03-14 18:00:00+00:00,,,,,0.23895013332366943,-5.686818278159664,,,,,,,,,0.03984105587005615,1.1204478732973349,,,,,,,,,2,2
2014-03-15 00:00:00+00:00,,,,,0.2168216109275818,-4.703256327670778,,,,,,,,,0.2978227138519287,1.0864714655558505,,,,,,,,,2,2
2014-03-15 06:00:00+00:00,,,,,0.3037143349647522,-12.983286804333158,,,,,,,,,0.4422539472579956,2.5885307744954242,,,,,,,,,2,2
2014-03-15 12:00:00+00:00,,,,,0.2094539999961853,-1.4436449210399913,,,,,,,,,0.17393052577972412,11.326330374022453,,,,,,,,,2,2
2014-03-15 18:00:00+00:00,,,,,0.12559956312179565,-4.69596371327995,,,,,,,,,0.34526515007019043,2.570302174279911,,,,,,,,,2,2
2014-03-16 00:00:00+00:00,,,,,0.19149696826934814,-1.8789259088721377,,,,,,,,,0.3589831590652466,2.5167248183061286,,,,,,,,,2,2
2014-03-16 06:00:00+00:00,,,,,0.18800634145736694,-2.9859134806630965,,,,,,,,,,,0.676703929901123,1.817695640291855,,,,,,,2,2
2014-03-16 12:00:00+00:00,,,,,0.15002983808517456,-2.465560103411983,,,,,,,,,,,0.4677271842956543,0.2156614509243999,,,,,,,3,3
2014-03-16 18:00:00+00:00,,,,,0.2909478545188904,-3.0515991984496114,,,,,,,,,,,,,,,,,,,2,2
2014-03-17 00:00:00+00:00,,,,,0.18176406621932983,-1.3538503346006103,,,,,,,,,,,,,,,,,,,2,2
2014-03-17 06:00:00+00:00,,,,,0.1302419900894165,-6.9425326524712165,,,,,,,,,,,,,,,,,,,2,2
2014-03-17 12:00:00+00:00,,,,,0.16488689184188843,-0.4284163480720347,,,,,,,,,,,,,,,,,,,2,2
2014-03-17 18:00:00+00:00,,,,,0.24922561645507812,-0.9414300290824519,,,,,,,,,,,,,,,,,,,2,2
2014-03-18 00:00:00+00:00,,,,,0.24405205249786377,-1.164098365729553,,,,,,,,,,,,,,,,,,,2,1
2014-03-18 06:00:00+00:00,,,,,0.30956560373306274,-0.26602761570645556,,,,,,,,,,,,,,,,,,,1,1
2014-03-18 12:00:00+00:00,,,,,0.3200337290763855,-0.2561063147879751,,,,,,,,,,,,,,,,,,,1,1
2014-03-18 18:00:00+00:00,,,,,0.040682435035705566,-0.4868280763199952,,,,,,,,,,,,,,,,,,,1,1
2014-03-19 00:00:00+00:00,,,,,0.2384393811225891,-1.1917027258634378,,,,,,,,,,,,,,,,,,,1,1
2014-03-19 06:00:00+00:00,,,,,0.7375660240650177,-0.5833548995401289,,,,,,,,,,,,,,,,,,,2,1
2014-03-19 12:00:00+00:00,,,,,,,,,,,,,,,,,,,,,,,,,0,0
2014-03-19 18:00:00+00:00,,,,,,,,,,,,,,,,,,,,,,,,,0,0
2014-03-20 00:00:00+00:00,,,,,,,,,,,,,,,,,,,,,,,,,0,0
2014-03-20 06:00:00+00:00,,,,,,,,,,,,,,,,,,,,,,,,,0,0
2014-03-20 12:00:00+00:00,,,,,,,,,,,,,,,,,,,,,,,,,0,0
2014-03-20 18:00:00+00:00,,,,,,,,,,,,,,,,,,,,,,,,,0,0
2014-03-21 00:00:00+00:00,,,,,,,,,,,,,,,,,,,,,,,,,0,0
2014-03-21 06:00:00+00:00,0.2976216673851013,-0.3203230871260127,,,,,,,,,,,,,,,,,,,,,,,1,1
2014-03-21 12:00:00+00:00,0.19995945692062378,-3.6627978421845904,,,,,,,,,,,,,,,,,,,,,,,1,1
2014-03-21 18:00:00+00:00,0.07919156551361084,0.04044081719411451,,,,,,,,,,,,,,,,,,,,,,,1,1
2014-03-22 00:00:00+00:00,,,,,,,,,,,,,,,,,,,,,,,,,0,0
2014-03-22 06:00:00+00:00,0.2020135521888733,-0.24793439383530075,,,,,,,,,,,,,,,,,,,,,,,1,1
2014-03-22 12:00:00+00:00,0.021102070808410645,0.7114998287839479,,,,,,,,,,,,,,,,,,,,,,,1,1
2014-03-22 18:00:00+00:00,0.18886995315551758,-2.0115246411556775,,,,,,,,,,,,,,,,,,,,,,,1,1
2014-03-23 00:00:00+00:00,0.30847299098968506,-7.258404721350323,,,,,,,,,,,,,,,,,,,,,,,1,1
2014-03-23 06:00:00+00:00,0.34491509199142456,-1.8125006898752076,,,,,,,,,,,,,,,,,,,,,,,1,1
2014-03-23 12:00:00+00:00,0.4116857647895813,-8.419512358472293,,,,,,,,,,,,,,,,,,,,,,,1,1
2014-03-23 18:00:00+00:00,,,0.215612530708313,-0.8724838398600703,,,,,,,,,,,,,,,,,,,,,1,1
2014-03-24 00:00:00+00:00,,,0.1897428035736084,-0.4574742918861874,,,,,,,,,,,,,,,,,,,,,1,1
2014-03-24 06:00:00+00:00,,,0.13252580165863037,-0.5540179304297166,,,,,,,,,,,,,,,,,,,,,1,1
2014-03-24 12:00:00+00:00,,,0.35905319452285767,-2.0259277877591995,,,,,,,,,,,,,,,,,,,,,1,1
2014-03-24 18:00:00+00:00,,,0.14532822370529175,-0.8829640777681381,,,,,,,,,,,,,,,,,,,,,1,1
2014-03-25 00:00:00+00:00,,,0.4185655117034912,-6.071795031290994,,,,,,,,,,,,,,,,,,,,,1,1
2014-03-25 06:00:00+00:00,,,0.34605181217193604,-2.4053697369875664,,,,,,,,,,,,,,,,,,,,,1,1
2014-03-25 12:00:00+00:00,,,0.25211000442504883,-2.701686317399899,,,,,,,,,,,,,,,,,,,,,1,1
2014-03-25 18:00:00+00:00,,,0.3426135182380676,-2.0313979262556607,,,,,,,,,,,,,,,,,,,,,1,1
2014-03-26 00:00:00+00:00,,,0.3295938968658447,-1.7881757195924404,,,,,,,,,,,,,,,,,,,,,1,1
2014-03-26 06:00:00+00:00,,,0.02085280418395996,-0.6173634693529718,,,,,,,,,,,,,,,,,,,,,1,1
2014-03-26 12:00:00+00:00,,,0.16316968202590942,-0.42513532249063873,,,,,,,,,,,,,,,,,,,,,1,1
2014-03-26 18:00:00+00:00,,,0.3203795552253723,-0.5841596724651389,,,,,,,,,,,,,,,,,,,,,1,1
2014-03-27 00:00:00+00:00,,,0.21710920333862305,2.3935921217220337,,,,,,,,,,,,,,,,,,,,,1,1
2014-03-27 06:00:00+00:00,,,,,,,,,,,,,,,,,,,,,,,,,0,0
2014-03-27 12:00:00+00:00,,,,,,,,,,,,,,,,,,,,,,,,,0,0
2014-03-27 18:00:00+00:00,,,0.48291897773742676,-0.5392482000453842,,,,,,,,,,,,,,,,,,,,,1,1
2014-03-28 00:00:00+00:00,,,,,,,,,,,,,,,,,,,,,,,,,0,0
2014-03-28 06:00:00+00:00,,,0.10183548927307129,-0.7792202097872006,,,,,,,,,,,,,,,,,,,,,1,1
2014-03-28 12:00:00+00:00,,,,,,,,,,,,,,,,,,,,,,,,,0,0
2014-03-28 18:00:00+00:00,,,,,,,,,,,,,,,,,,,,,,,,,0,0
2014-03-29 00:00:00+00:00,,,,,,,,,,,,,,,,,,,,,,,,,0,0
2014-03-29 06:00:00+00:00,,,,,,,,,,,,,,,,,,,,,,,,,0,0
2014-03-29 12:00:00+00:00,,,,,,,,,,,,,,,,,,,,,,,,,0,0
2014-03-29 18:00:00+00:00,,,,,,,,,,,,,,,,,,,,,,,,,0,0
2014-03-30 00:00:00+00:00,,,,,,,,,,,,,,,,,,,,,,,,,0,0
2014-03-30 06:00:00+00:00,,,,,,,,,,,,,,,,,,,,,,,,,0,0
2014-03-30 12:00:00+00:00,,,,,,,,,,,,,,,,,,,,,,,,,0,0
2014-03-30 18:00:00+00:00,,,,,,,,,,,,,,,,,,,,,,,,,0,0
2014-03-31 00:00:00+00:00,,,,,,,,,,,,,,,,,,,,,,,,,0,0
2014-03-31 06:00:00+00:00,,,,,,,,,,,,,,,,,,,,,,,,,0,0
2014-03-31 12:00:00+00:00,,,,,,,,,,,,,,,,,,,,,,,,,0,0
2014-03-31 18:00:00+00:00,,,,,,,,,,,,,,,,,,,,,,,,,0,0
2014-04-01 00:00:00+00:00,,,,,,,,,,,,,,,,,,,,,,,,,0,0
2014-04-01 06:00:00+00:00,,,,,,,,,,,,,,,,,,,,,,,,,0,0
2014-04-01 12:00:00+00:00,,,,,,,,,,,,,,,,,,,,,,,,,0,0
2014-04-01 18:00:00+00:00,,,,,,,,,,,,,,,,,,,,,,,,,0,0
2014-04-02 00:00:00+00:00,,,,,,,,,,,,,,,,,,,,,,,,,0,0
2014-04-02 06:00:00+00:00,,,,,,,,,,,,,,,,,,,,,,,,,0,0
2014-04-02 12:00:00+00:00,,,,,,,,,,,,,,,,,,,,,,,,,0,0
2014-04-03 00:00:00+00:00,,,,,,,,,,,,,,,,,,,,,,,,,0,0
2014-04-03 06:00:00+00:00,,,,,,,,,,,,,,,,,,,,,,,,,0,0
2014-04-03 12:00:00+00:00,,,,,,,,,,,,,,,,,,,,,,,,,0,0
2014-04-03 18:00:00+00:00,,,,,,,,,,,,,,,,,,,,,,,,,0,0
2014-04-04 00:00:00+00:00,,,,,,,,,,,,,,,,,,,,,,,,,1,0
2014-04-04 06:00:00+00:00,,,,,,,0.47228169441223145,-0.08902441713631186,,,,,,,,,,,,,,,,,1,1
2014-04-04 12:00:00+00:00,,,,,,,0.9313714131712914,-3.7414253037275182,,,,,,,,,,,,,,,,,1,1
2014-04-04 18:00:00+00:00,,,,,,,0.7597290277481079,4.284239328778336,,,,,,,,,,,,,,,,,1,1
2014-04-05 00:00:00+00:00,0.904941625893116,-3.896378280715635,,,,,,,,,,,,,,,,,,,,,,,1,1
2014-04-05 06:00:00+00:00,0.24291729927062988,0.0920103198442836,,,,,,,,,,,,,,,,,,,,,,,1,1
2014-04-05 12:00:00+00:00,,,,,,,,,,,,,,,,,,,,,,,,,0,0
2014-04-05 18:00:00+00:00,,,,,,,0.1999698281288147,-0.16636769663686737,,,,,,,,,,,,,,,,,1,1
2014-04-06 00:00:00+00:00,,,,,,,0.30169814825057983,-5.1608002259243575,,,,,,,,,,,,,,,,,1,1
2014-04-06 06:00:00+00:00,0.30979371070861816,-0.9755052588861728,,,,,,,,,,,0.3765289783477783,1.7944971080367125,,,,,,,,,,,2,2
2014-04-06 12:00:00+00:00,0.32179927825927734,-2.615019576032424,,,,,,,,,,,0.32266485691070557,1.5668066926665671,,,,,,,,,,,2,2
2014-04-06 18:00:00+00:00,0.21775174140930176,-6.1964444224060005,,,,,,,,,,,0.23286902904510498,6.84496263829073,,,,,,,,,,,2,2
2014-04-07 00:00:00+00:00,0.24766767024993896,-8.734847622831776,,,,,,,,,,,0.46008551120758057,6.468744082296296,,,,,,,,,,,3,3
2014-04-07 06:00:00+00:00,0.35292208194732666,-3.9886364415713307,,,,,,,,,,,0.46309709548950195,5.689205448225579,,,,,,,,,,,2,2
2014-04-07 12:00:00+00:00,0.3412021994590759,-8.312147903294234,,,,,,,,,,,0.3731677532196045,3.0937432268790324,,,,,,,,,,,2,2
2014-04-07 18:00:00+00:00,0.29412150382995605,-6.889034813526175,,,,,,,,,,,0.35927319526672363,1.5551201405127462,,,,,,,,,,,2,2
2014-04-08 00:00:00+00:00,,,0.35310566425323486,-5.595312007035118,,,,,,,,,,,0.31337857246398926,3.273937823482193,,,,,,,,,2,2
2014-04-08 06:00:00+00:00,,,0.3697727918624878,-6.851468592319948,,,,,,,,,,,0.33534884452819824,4.596064235260522,,,,,,,,,2,2
2014-04-08 12:00:00+00:00,,,0.36899757385253906,-18.568676472995346,,,,,,,,,,,0.5065829753875732,16.64355438501794,,,,,,,,,2,2
2014-04-08 18:00:00+00:00,,,0.34669655561447144,-8.296846414920495,,,,,,,,,,,0.27175962924957275,3.7625782326668564,,,,,,,,,2,2
2014-04-09 00:00:00+00:00,,,0.3521663546562195,-7.665231340018014,,,,,,,,,,,0.37135422229766846,3.270387915090986,,,,,,,,,2,2
2014-04-09 12:00:00+00:00,,,0.34446972608566284,-6.272509136828908,,,,,,,,,,,0.23605012893676758,6.049879252624675,,,,,,,,,2,2
2014-04-09 18:00:00+00:00,,,0.34427106380462646,-7.088848384264141,,,,,,,,,,,0.3613851070404053,5.583667427223337,,,,,,,,,3,3
2014-04-10 00:00:00+00:00,,,0.32676345109939575,-7.781897994516221,,,,,,,,,,,0.38761329650878906,9.519391280846046,,,,,,,,,2,2
2014-04-10 06:00:00+00:00,,,0.3370233178138733,-7.93417990702783,,,,,,,,,,,0.44490981101989746,8.60708542591242,,,,,,,,,2,2
2014-04-10 12:00:00+00:00,,,0.2653841972351074,-8.67170022516496,,,,,,,,,,,0.39086198806762695,1.9301264408610055,,,,,,,,,3,3
2014-04-10 18:00:00+00:00,,,0.2998250126838684,-5.82614000173344,,,,,,,,,0.783296525478363,-0.2859019158469173,0.37283194065093994,2.4684815381928193,,,,,,,,,3,3
2014-04-11 00:00:00+00:00,,,0.30634796619415283,-5.650560524551988,,,,,,,,,,,0.37331175804138184,3.3821740131294704,,,0.40715157985687256,0.4599594244353727,,,,,3,3
2014-04-11 06:00:00+00:00,,,0.3032628893852234,-6.474437279314533,,,,,,,,,,,0.36618757247924805,2.306954912971204,,,0.24353373050689697,-8.209778557490326,,,,,3,3
2014-04-11 12:00:00+00:00,,,0.33704298734664917,-8.68589759798151,,,,,,,,,,,,,,,0.3657349944114685,-8.759236888404194,,,,,2,2
2014-04-11 18:00:00+00:00,,,0.34107279777526855,-5.193204731184849,,,,,,,,,,,,,,,0.3730473518371582,-0.18704906757344017,,,,,2,2
2014-04-12 00:00:00+00:00,,,0.2508730888366699,-5.353392584382104,,,,,,,,,,,,,,,0.06902563571929932,0.33620965026509686,,,,,2,2
2014-04-12 06:00:00+00:00,,,0.28883594274520874,-6.477175309225936,,,,,,,,,,,,,,,0.22945547103881836,1.0363972989784438,,,,,2,2
2014-04-12 12:00:00+00:00,,,,,0.33337491750717163,-6.679788308465575,,,,,,,,,,,,,0.12555813789367676,0.808952361770069,,,,,2,2
2014-04-12 18:00:00+00:00,,,,,0.2445773482322693,-9.305396987489468,,,,,,,,,,,,,0.03963345289230347,-0.12189788418418356,,,,,2,2
2014-04-13 00:00:00+00:00,,,,,0.22908109426498413,-3.8421723040453055,,,,,,,,,,,,,0.09746503829956055,-0.37053283452826763,,,,,2,2
2014-04-13 06:00:00+00:00,,,,,0.21495836973190308,-1.8443126574745836,,,,,,,,,,,,,0.09747874736785889,0.17717945244642055,,,,,2,2
2014-04-13 12:00:00+00:00,,,,,0.2573131322860718,-6.840825391400553,,,,,,,,,,,,,0.01699686050415039,-0.15155009693135485,,,,,2,2
2014-04-13 18:00:00+00:00,,,,,0.20933735370635986,-8.164619140126355,,,,,,,,,,,,,0.14346206188201904,-0.19237826789473925,,,,,2,2
2014-04-14 00:00:00+00:00,,,,,0.25283777713775635,-2.090225270771573,,,,,,,,,,,,,0.49189114570617676,5.015227310495343,,,,,2,2
2014-04-14 06:00:00+00:00,,,,,0.26980262994766235,-8.510732047973862,,,,,,,,,,,,,,,,,,,1,1
2014-04-14 12:00:00+00:00,,,,,0.18318283557891846,-1.7191081051836445,,,,,,,,,,,,,0.026250720024108887,0.5673194342548826,,,,,2,2
2014-04-14 18:00:00+00:00,,,,,0.21649694442749023,-3.4778184249557036,,,,,,,,,,,,,0.5068217515945435,-0.2863432884944802,,,,,2,2
2014-04-15 00:00:00+00:00,,,,,0.1192583441734314,7.480003736732413,,,,,,,,,,,,,0.3282797336578369,0.4368230126547382,,,,,2,2
2014-04-15 06:00:00+00:00,,,,,0.09069859981536865,-0.7558351054452576,,,,,,,,,,,,,,,0.007687807083129883,-0.5859083142106853,,,2,2
2014-04-15 12:00:00+00:00,,,,,0.0423741340637207,-1.395810811765122,,,,,,,,,,,,,,,0.11028778553009033,1.7210111244584105,,,2,2
2014-04-15 18:00:00+00:00,,,,,0.2648603916168213,-0.9270881260727118,,,,,,,,,,,,,,,0.08719372749328613,0.5162183895947904,,,2,2
2014-04-16 00:00:00+00:00,,,,,0.17177623510360718,0.05498144816749246,,,,,,,,,,,,,,,0.18177390098571777,0.5519006326954194,,,2,2
2014-04-16 06:00:00+00:00,,,,,0.1568850874900818,-1.1777415736519565,,,,,,,,,,,,,,,,,,,1,1
2014-04-16 12:00:00+00:00,,,,,0.003736138343811035,0.14540044634548338,,,,,0.022877812385559082,-0.10602983629986888,,,,,,,,,,,,,2,2
2014-04-16 18:00:00+00:00,,,,,0.08423680067062378,0.013408973083565494,,,,,0.006683528423309326,-0.1790219399969018,,,,,,,,,,,,,3,3
2014-04-17 00:00:00+00:00,,,,,0.6525739133358002,-0.23278333765924092,,,,,0.367933988571167,-0.2150210536008087,,,,,,,,,,,,,2,2
2014-04-17 06:00:00+00:00,0.09707444906234741,-0.2989306342565076,,,,,,,,,,,,,,,,,,,,,,,2,1
2014-04-17 12:00:00+00:00,0.02591562271118164,-0.2799895504440322,,,,,,,,,,,,,,,,,,,,,,,1,1
2014-04-17 18:00:00+00:00,0.1588684320449829,-0.4024616915513331,,,,,,,,,,,,,,,,,,,,,,,1,1
2014-04-18 00:00:00+00:00,0.1969926953315735,-0.7163948700901378,,,,,,,,,,,,,,,,,,,,,,,1,1
2014-04-18 06:00:00+00:00,0.04574102163314819,-0.32949839770158934,,,,,,,,,,,,,,,,,,,,,,,1,1
2014-04-18 12:00:00+00:00,0.20663303136825562,-0.46303375387703516,,,,,,,,,,,,,,,,,,,,,,,1,1
2014-04-18 18:00:00+00:00,0.2523869276046753,-0.9780491064946226,,,,,,,,,,,,,,,,,,,,,,,1,1
2014-04-19 00:00:00+00:00,0.1872645616531372,-0.8494669132237715,,,,,,,,,,,,,,,,,,,,,,,1,1
2014-04-19 06:00:00+00:00,0.04123079776763916,0.658590233881268,,,,,,,,,,,,,,,,,,,,,,,1,1
2014-04-19 12:00:00+00:00,,,0.1665751338005066,0.5904677288197484,,,,,,,,,,,,,,,,,,,,,1,1
2014-04-19 18:00:00+00:00,,,,,,,,,,,,,,,,,,,,,,,,,0,0
2014-04-20 00:00:00+00:00,,,,,,,,,,,,,,,,,,,,,,,,,0,0
2014-04-20 06:00:00+00:00,,,,,,,,,,,,,,,,,,,,,,,,,0,0
2014-04-20 12:00:00+00:00,,,0.13204652070999146,-0.611998670420978,,,,,,,,,,,,,,,,,,,,,1,1
2014-04-20 18:00:00+00:00,,,0.4739121198654175,-0.4289120176872152,,,,,,,,,,,,,,,,,,,,,1,1
2014-04-21 00:00:00+00:00,,,,,,,,,,,,,,,,,,,,,,,,,0,0
2014-04-21 06:00:00+00:00,,,,,,,,,,,,,,,,,,,,,,,,,0,0
2014-04-21 12:00:00+00:00,,,,,,,,,,,,,,,,,,,,,,,,,0,0
2014-04-21 18:00:00+00:00,,,,,,,,,,,,,,,,,,,,,,,,,0,0
2014-04-22 00:00:00+00:00,,,,,,,,,,,,,,,,,,,,,,,,,0,0
2014-04-22 06:00:00+00:00,,,,,,,,,,,,,,,,,,,,,,,,,0,0
2014-04-22 12:00:00+00:00,,,,,,,,,,,,,,,,,,,,,,,,,0,0
2014-04-22 18:00:00+00:00,,,,,,,,,,,,,,,,,,,,,,,,,0,0
2014-04-23 00:00:00+00:00,,,,,,,,,,,,,,,,,,,0.4884806275367737,-0.019474509675338394,,,,,1,1
2014-04-23 06:00:00+00:00,,,,,,,,,,,,,,,,,,,,,0.09445679187774658,1.6541031824993575,,,1,1
2014-04-23 12:00:00+00:00,,,,,,,,,,,,,,,,,,,,,0.36123573780059814,2.0164416232361515,,,1,1
2014-04-24 00:00:00+00:00,,,,,,,,,,,,,,,,,,,,,0.28112781047821045,2.094622740087892,,,1,1
2014-04-24 06:00:00+00:00,,,,,,,,,,,,,,,,,,,,,0.3703153729438782,0.10479031561973758,,,1,1
2014-04-24 12:00:00+00:00,,,,,,,,,,,,,,,,,,,,,0.26355814933776855,1.1955680516822382,,,1,1
2014-04-24 18:00:00+00:00,,,,,,,,,,,,,,,,,,,,,0.15638744831085205,-0.11602359271033433,,,1,1
2014-04-25 00:00:00+00:00,,,,,,,,,,,,,,,,,,,,,0.13303124904632568,0.36305422915780594,,,2,2
2014-04-25 06:00:00+00:00,,,,,,,,,,,,,,,,,,,,,0.055698394775390625,-0.4268207611956821,,,1,1
2014-04-25 12:00:00+00:00,,,,,,,,,,,,,,,,,,,,,0.07000219821929932,0.0005121063869173931,,,2,2
2014-04-25 18:00:00+00:00,,,,,,,,,,,,,,,,,,,,,0.04181027412414551,0.13730513414638598,,,2,2
2014-04-26 00:00:00+00:00,,,,,,,,,,,,,,,,,,,,,0.022220730781555176,2.373234342703028,,,2,2
2014-04-26 06:00:00+00:00,,,,,,,,,,,,,,,,,,,,,0.15090203285217285,0.8911116274499996,,,1,1
2014-04-26 12:00:00+00:00,,,,,,,,,,,,,,,,,,,,,0.08298170566558838,0.0016716735893584785,,,1,1
2014-04-26 18:00:00+00:00,,,,,,,,,,,,,,,,,,,,,0.13116240501403809,-0.418668303563826,,,1,1
2014-04-27 00:00:00+00:00,,,,,,,,,,,,,,,,,,,,,0.18348979949951172,2.487743358195936,,,1,1
2014-04-27 06:00:00+00:00,,,,,,,,,,,,,,,,,,,,,0.2503807544708252,1.297922950417951,,,1,1
2014-04-27 12:00:00+00:00,,,,,,,,,,,,,,,,,,,,,0.026620864868164062,-0.04109452233161599,,,1,1
2014-04-27 18:00:00+00:00,,,,,,,,,,,,,,,,,,,,,0.14898812770843506,0.00808836637281211,,,1,1
2014-04-28 00:00:00+00:00,,,,,,,,,,,,,,,,,,,,,,,0.13734865188598633,0.20788291411133483,1,1
2014-04-28 06:00:00+00:00,,,,,,,,,,,,,,,,,,,,,,,0.664783775806427,-0.4314340929152396,1,1
2014-04-28 12:00:00+00:00,,,,,,,,,,,,,,,,,,,,,,,0.5470356941223145,1.4032481327888993,1,1
2014-04-28 18:00:00+00:00,,,,,,,,,,,,,,,,,,,,,,,0.5065596103668213,0.6086259077908537,1,1
2014-04-29 00:00:00+00:00,,,,,,,,,,,,,,,,,,,,,,,,,0,0
2014-04-29 06:00:00+00:00,,,,,,,,,,,,,,,,,,,,,,,,,0,0
2014-04-29 12:00:00+00:00,,,,,,,,,,,,,,,,,,,,,,,,,0,0
2014-04-29 18:00:00+00:00,,,,,,,,,,,,,,,,,,,,,,,,,0,0
2014-04-30 00:00:00+00:00,,,,,,,,,,,,,,,,,,,,,,,,,0,0
2014-04-30 06:00:00+00:00,,,,,,,,,,,,,,,,,,,,,,,,,0,0
2014-04-30 12:00:00+00:00,,,,,,,,,,,,,,,,,,,,,,,,,0,0
2014-04-30 18:00:00+00:00,,,,,,,,,,,,,,,,,,,,,,,,,0,0
2014-05-01 00:00:00+00:00,,,,,,,,,,,,,,,,,,,,,,,,,0,0
2014-05-01 06:00:00+00:00,,,,,,,,,,,,,,,,,,,,,,,,,0,0
2014-05-01 12:00:00+00:00,0.1951514482498169,1.2267807434281979,,,,,,,,,,,,,,,,,,,,,,,1,1
2014-05-01 18:00:00+00:00,0.3261377215385437,-0.7790260853717221,,,,,,,,,,,,,,,,,,,,,,,1,1
2014-05-02 00:00:00+00:00,0.07638835906982422,-0.10499934473937987,,,,,,,,,,,,,,,,,,,,,,,1,1
2014-05-02 06:00:00+00:00,0.3787139654159546,-0.20710020529282294,,,,,,,,,,,,,,,,,,,,,,,1,1
2014-05-02 12:00:00+00:00,0.16079723834991455,0.016338981850780924,,,,,,,,,,,,,,,,,,,,,,,1,1
2014-05-02 18:00:00+00:00,0.19096875190734863,-0.17229654483160814,,,,,,,,,,,,,,,,,,,,,,,1,1
2014-05-03 00:00:00+00:00,0.0691748857498169,-0.30411055980796503,,,,,,,,,,,,,,,,,,,,,,,1,1
2014-05-03 06:00:00+00:00,0.2195417881011963,-0.9803022077146233,,,,,,,,,,,,,,,,,,,,,,,1,1
2014-05-03 18:00:00+00:00,0.19540464878082275,-0.7608424502319727,,,,,,,,,,,,,,,,,,,,,,,1,1
2014-05-04 00:00:00+00:00,0.16421228647232056,-0.6361785693236148,,,,,,,,,,,,,,,,,,,,,,,1,1
2014-05-04 06:00:00+00:00,0.19290530681610107,-1.806247754525341,,,,,,,,,,,,,,,,,,,,,,,1,1
2014-05-04 12:00:00+00:00,0.1870012879371643,-1.1524672095066129,,,,,,,,,,,,,,,,,,,,,,,1,1
2014-05-04 18:00:00+00:00,0.2317456603050232,-8.520236539219876,,,,,,,,,,,,,,,,,,,,,,,1,1
2014-05-05 00:00:00+00:00,0.21376276016235352,-2.290782996325792,,,,,,,,,,,,,,,,,,,,,,,1,1
2014-05-05 06:00:00+00:00,0.1443970799446106,-4.041050458615163,,,,,,,,,,,,,,,,,,,,,,,1,1
2014-05-05 12:00:00+00:00,0.17825943231582642,-4.10664802835688,,,,,,,,,,,,,,,,,,,,,,,1,1
2014-05-05 18:00:00+00:00,0.1908344030380249,-3.015994076276419,,,,,,,,,,,,,,,,,,,,,,,1,1
2014-05-06 00:00:00+00:00,0.19334256649017334,-5.707203247123309,,,,,,,,,,,,,,,,,,,,,,,1,1
2014-05-06 06:00:00+00:00,0.2658213973045349,-2.9653015006304697,,,,,,,,,,,,,,,,,,,,,,,1,1
2014-05-06 12:00:00+00:00,,,0.2996259331703186,-2.7864657291330053,,,,,,,,,,,,,,,,,,,,,1,1
2014-05-06 18:00:00+00:00,,,0.2523919343948364,-4.216810853424604,,,,,,,,,,,,,,,,,,,,,1,1
2014-05-07 00:00:00+00:00,,,0.264748215675354,-5.047931515062768,,,,,,,,,,,,,,,,,,,,,1,1
2014-05-07 06:00:00+00:00,,,0.2781674265861511,-11.08882009995009,,,,,,,,,,,,,,,,,,,,,1,1
2014-05-07 12:00:00+00:00,,,0.29078537225723267,-8.331909358394153,,,,,,,,,,,,,,,,,,,,,1,1
2014-05-07 18:00:00+00:00,,,0.34911513328552246,-10.435048007749208,,,,,,,,,,,,,,,,,,,,,1,1
2014-05-08 00:00:00+00:00,,,0.29524582624435425,-7.575033430686486,,,,,,,,,,,,,,,,,,,,,1,1
2014-05-08 06:00:00+00:00,,,0.3105098009109497,-7.118934281384629,,,,,,,,,,,,,,,,,,,,,1,1
2014-05-08 12:00:00+00:00,,,0.3116551637649536,-6.666781220478105,,,,,,,,,,,,,,,,,,,,,1,1
2014-05-08 18:00:00+00:00,,,0.3607180714607239,-7.4123845953812415,,,,,,,,,,,,,,,,,,,,,1,1
2014-05-09 00:00:00+00:00,,,0.33764809370040894,-14.641208162197936,,,,,,,,,,,,,,,,,,,,,1,1
2014-05-09 06:00:00+00:00,,,0.39442944526672363,-10.9831986526519,,,,,,,,,,,,,,,,,,,,,1,1
2014-05-09 12:00:00+00:00,,,0.337795615196228,-5.410742536720047,,,,,,,,,,,,,,,,,,,,,1,1
2014-05-09 18:00:00+00:00,,,0.2896955609321594,-6.547219320946458,,,,,,,,,,,,,,,,,,,,,1,1
2014-05-10 00:00:00+00:00,,,0.294572114944458,-4.59432580016913,,,,,,,,,,,,,,,,,,,,,1,1
2014-05-10 06:00:00+00:00,,,0.2832641005516052,-3.8505472918708192,,,,,,,,,,,,,,,,,,,,,1,1
2014-05-10 12:00:00+00:00,,,0.3201324939727783,-4.154038566844924,0.25620603561401367,-6.192851189394287,,,,,,,,,,,,,,,,,,,2,2
2014-05-10 18:00:00+00:00,,,,,0.2823981046676636,-6.595182861295528,,,,,,,,,,,,,,,,,,,1,1
2014-05-11 00:00:00+00:00,,,,,0.29673832654953003,-8.083015845588138,,,,,,,,,,,,,,,,,,,1,1
2014-05-11 06:00:00+00:00,,,,,0.29205960035324097,-2.985862410133397,,,,,,,,,,,,,,,,,,,2,2
2014-05-11 12:00:00+00:00,,,,,0.2582576274871826,-1.6569110755806435,,,,,,,,,,,,,,,,,,,1,1
2014-05-11 18:00:00+00:00,,,,,0.2639771103858948,-5.6014469511309155,,,,,,,,,,,,,,,,,,,1,1
2014-05-12 00:00:00+00:00,,,,,0.243044912815094,-3.920679710089367,,,,,,,,,,,,,,,,,,,1,1
2014-05-12 06:00:00+00:00,,,,,0.1250714659690857,-3.0879314083002254,,,,,,,,,,,,,,,,,,,1,1
2014-05-12 12:00:00+00:00,,,,,0.2813844680786133,-1.459514810491451,,,,,,,,,,,,,,,,,,,1,1
2014-05-12 18:00:00+00:00,,,,,0.16034096479415894,-1.003282367767624,,,,,,,,,,,,,,,,,,,1,1
2014-05-13 00:00:00+00:00,,,,,0.20437908172607422,-31.50792861587589,,,,,,,,,,,,,,,,,,,1,1
2014-05-13 06:00:00+00:00,0.08404141664505005,-0.12075673811572378,,,0.03920423984527588,-0.10189627381122754,,,,,,,,,,,,,,,,,,,2,2
2014-05-13 12:00:00+00:00,0.07499581575393677,-0.4699649096741893,,,0.1867995262145996,-27.334432152904675,,,,,,,,,,,,,,,,,,,2,2
2014-05-13 18:00:00+00:00,0.28761178255081177,-0.24336999245770552,,,0.21762150526046753,-24.242796303460302,,,,,,,,,,,,,,,,,,,2,2
2014-05-14 00:00:00+00:00,0.37723255157470703,0.006170774187464055,,,0.16167521476745605,-0.29910353409429113,,,,,,,,,,,,,,,,,,,2,2
2014-05-14 06:00:00+00:00,0.5348060429096222,-0.9610521509529333,,,0.20235908031463623,0.04009701368448864,,,,,,,,,,,,,,,,,,,2,2
2014-05-14 12:00:00+00:00,0.12115240097045898,0.2553062625767799,,,0.2853388786315918,0.11949956986623674,,,,,,,,,,,,,,,,,,,3,3
2014-05-14 18:00:00+00:00,0.01774543523788452,-0.26281332952158637,,,0.0596921443939209,-0.24549913014087846,,,,,,,,,,,,,,,,,,,3,3
2014-05-15 00:00:00+00:00,0.16646742820739746,0.25793813639267166,,,0.006185770034790039,0.3600025808145418,,,,,,,,,,,,,,,,,,,3,3
2014-05-15 06:00:00+00:00,0.11142885684967041,0.3953313488796656,,,,,,,,,,,,,,,,,,,,,,,2,1
2014-05-15 12:00:00+00:00,0.0554729700088501,-0.37935932789296967,0.27719008922576904,-3.9365169295712574,,,,,,,,,,,,,,,,,,,,,2,2
2014-05-15 18:00:00+00:00,0.0015553832054138184,0.018044469708317454,0.042832255363464355,-0.45067181322997235,,,,,,,,,,,,,,,,,,,,,2,2
2014-05-16 00:00:00+00:00,0.04213857650756836,0.08306675132214214,0.29164689779281616,-0.2610078673208538,,,,,,,,,,,,,,,,,,,,,2,2
2014-05-16 06:00:00+00:00,0.23882204294204712,-0.18232455183211793,0.09619301557540894,-1.104688461593021,,,,,,,,,,,,,,,,,,,,,2,2
2014-05-16 12:00:00+00:00,0.39641785621643066,-1.29902012845502,0.2046910524368286,-3.469931061367911,,,,,,,,,,,,,,,,,,,,,2,2
2014-05-16 18:00:00+00:00,0.2515745759010315,-0.2425801370345725,0.12773507833480835,-2.6090848225808405,,,,,,,,,,,,,,,,,,,,,2,2
2014-05-17 00:00:00+00:00,0.17514938116073608,-0.29914224128520817,0.04304003715515137,-2.607958064308493,,,,,,,,,,,,,,,,,,,,,2,2
2014-05-17 06:00:00+00:00,0.10286074876785278,-1.38394446669526,0.1703220009803772,-0.8633405792397109,,,,,,,,,,,,,,,,,,,,,2,2
2014-05-17 12:00:00+00:00,0.154618501663208,-0.696657378743468,0.1628119945526123,-4.483442421907967,,,,,,,,,,,,,,,,,,,,,2,2
2014-05-18 00:00:00+00:00,0.27506017684936523,-2.4839310502302925,0.3192954659461975,-0.06700264551273419,,,,,,,,,,,,,,,,,,,,,2,2
2014-05-18 06:00:00+00:00,0.0640333890914917,1.539446861528346,0.044364213943481445,-0.23006666653809188,,,,,,,,,,,,,,,,,,,,,3,3
2014-05-18 12:00:00+00:00,0.04515361785888672,-0.2003999690683463,0.35988903045654297,-1.4759575573354682,,,,,,,,,,,,,,,,,,,,,4,4
2014-05-18 18:00:00+00:00,0.0047896504402160645,0.42934722666192543,0.1908084750175476,-0.9494728779121658,,,,,,,,,,,,,,,,,,,,,3,3
2014-05-19 00:00:00+00:00,0.1666315197944641,-0.26307667294167575,0.005931437015533447,-1.1222010482959792,,,,,,,,,,,,,,,,,,,,,3,3
2014-05-19 06:00:00+00:00,0.031535327434539795,-0.3570980487652841,0.43572860956192017,-0.12195202839470654,0.16951245069503784,0.24650382683196864,,,,,,,,,,,,,,,,,,,4,4
2014-05-19 12:00:00+00:00,0.23253107070922852,-0.061534572036355685,,,0.18157529830932617,-1.7048685163990442,,,,,,,,,,,,,,,,,,,2,2
2014-05-19 18:00:00+00:00,0.05002683401107788,-0.10102923451289937,,,,,,,,,,,,,,,,,,,,,,,1,1
2014-05-20 00:00:00+00:00,,,0.08560216426849365,0.294075402600163,,,,,,,,,,,,,,,,,,,,,1,1
2014-05-20 06:00:00+00:00,,,0.010023415088653564,-0.5114928272623707,,,,,,,,,,,,,,,,,,,,,1,1
2014-05-20 12:00:00+00:00,,,0.1320536732673645,0.21618187290547936,,,,,,,,,,,,,,,,,,,,,1,1
2014-05-20 18:00:00+00:00,0.5844705402851105,-0.11953058921361463,0.10424184799194336,0.28912201835396306,,,,,,,,,,,,,,,,,,,,,2,2
2014-05-21 00:00:00+00:00,0.46361374855041504,-0.5449846579044372,,,,,,,,,,,,,,,,,,,,,,,1,1
2014-05-21 06:00:00+00:00,,,0.18335849046707153,0.12596524061418718,,,,,,,,,,,,,,,,,,,,,1,1
2014-05-21 12:00:00+00:00,,,0.052217841148376465,0.005266224936719684,,,,,,,,,,,,,,,,,,,,,1,1
2014-05-21 18:00:00+00:00,,,0.1000903844833374,-0.8486697367759822,,,,,,,,,,,,,,,,,,,,,1,1
2014-05-22 00:00:00+00:00,,,0.018718421459197998,0.6448601043035826,,,,,,,,,,,0.2233426570892334,-0.274018144180662,,,,,,,,,2,2
2014-05-22 06:00:00+00:00,,,0.19638633728027344,-0.5672755182384287,,,,,,,,,,,0.004017353057861328,1.4883359875813758,,,,,,,,,2,2
2014-05-22 12:00:00+00:00,,,,,,,,,,,,,,,0.2864271402359009,3.1970899800074712,,,,,,,,,1,1
2014-05-22 18:00:00+00:00,,,,,,,,,,,,,,,0.25757431983947754,0.3424174559777615,,,,,,,,,1,1
2014-05-23 00:00:00+00:00,,,,,,,,,,,,,,,0.2021780014038086,2.4763357532192143,,,,,,,,,1,1
2014-05-23 06:00:00+00:00,,,,,,,,,,,,,,,0.20751678943634033,3.745313304213864,,,,,,,,,1,1
2014-05-23 12:00:00+00:00,,,,,,,,,,,,,,,0.28128981590270996,2.048725787693896,,,,,,,,,1,1
2014-05-23 18:00:00+00:00,,,,,,,,,,,,,,,0.17918777465820312,7.657815397244859,,,,,,,,,1,1
2014-05-24 00:00:00+00:00,,,,,,,,,,,,,,,0.35497093200683594,2.4852168998204776,,,,,,,,,2,1
2014-05-24 06:00:00+00:00,0.2466006875038147,-0.4656921650313153,,,,,,,,,,,,,0.23827993869781494,2.1477895445060424,,,,,,,,,2,2
2014-05-24 12:00:00+00:00,0.13885283470153809,0.276453618183583,,,,,,,,,,,,,0.1657778024673462,0.42338569414999366,,,,,,,,,2,2
2014-05-24 18:00:00+00:00,0.3538351058959961,0.6337110844022553,,,,,,,,,,,,,0.3100860118865967,1.0613505967065628,,,,,,,,,2,2
2014-05-25 00:00:00+00:00,0.07757073640823364,-0.10286030453762272,,,,,,,,,,,,,0.22055792808532715,5.062887126581243,,,,,,,,,2,2
2014-05-25 06:00:00+00:00,0.041887879371643066,-0.19465617340886354,,,,,,,,,,,,,0.1504918336868286,1.1604868590823734,,,,,,,,,2,2
2014-05-25 12:00:00+00:00,0.25755077600479126,0.012088925309908589,,,,,,,,,,,,,0.08278965950012207,2.145803233515575,,,,,,,,,2,2
2014-05-25 18:00:00+00:00,0.06341516971588135,-0.3009909641965069,,,,,,,,,,,,,0.25120866298675537,4.114515150883878,,,,,,,,,2,2
2014-05-26 00:00:00+00:00,0.12458592653274536,-0.7592897540733298,,,,,,,,,,,,,0.060984253883361816,4.135920180781137,,,,,,,,,2,2
2014-05-26 06:00:00+00:00,0.24015569686889648,-0.12397242935728923,,,,,,,,,,,,,,,0.27568256855010986,0.19712058343639582,,,,,,,2,2
2014-05-26 12:00:00+00:00,0.16348838806152344,-0.11563731762846044,,,,,,,,,,,,,,,0.11708521842956543,0.42224652706723187,,,,,,,2,2
2014-05-26 18:00:00+00:00,0.05239337682723999,-0.0864439864100082,,,,,,,,,,,,,,,0.28972721099853516,-0.1666297321708242,,,,,,,2,2
2014-05-27 00:00:00+00:00,0.3643959164619446,-0.2513518129339275,,,,,,,,,,,,,,,,,,,,,,,1,1
2014-05-27 06:00:00+00:00,0.013432860374450684,-0.6447427870800762,,,,,,,,,,,,,,,,,,,,,,,1,1
2014-05-27 12:00:00+00:00,0.08359634876251221,0.062406553964206586,,,,,,,,,,,,,,,,,,,,,,,1,1
2014-05-27 18:00:00+00:00,,,,,,,,,,,,,,,,,,,,,,,,,0,0
2014-05-28 00:00:00+00:00,0.8811832666397095,0.5738304026977116,,,,,,,,,,,,,,,,,,,,,,,1,1
2014-05-28 06:00:00+00:00,,,,,,,,,,,,,,,,,,,,,,,,,0,0
2014-05-28 12:00:00+00:00,,,,,,,,,,,,,,,,,,,,,,,,,0,0
2014-05-28 18:00:00+00:00,,,,,,,0.0525897741317749,-0.5187706234922193,,,,,,,,,,,,,,,,,1,1
2014-05-29 00:00:00+00:00,,,,,,,0.7740550935268402,-2.201155338116827,,,,,,,,,,,,,,,,,2,2
2014-05-29 06:00:00+00:00,,,,,,,0.7477965354919434,-4.664983354951108,,,,,,,,,,,,,,,,,2,2
2014-05-29 12:00:00+00:00,,,,,,,0.2373647689819336,-0.46963269822212683,0.5501177310943604,-7.905387917466687,,,,,,,,,,,,,,,2,2
2014-05-29 18:00:00+00:00,,,,,,,0.000607609748840332,0.1280086955283382,0.6418675780296326,-4.067280177045378,,,,,,,,,,,,,,,2,2
2014-05-30 00:00:00+00:00,0.060776591300964355,-0.27139798501250867,,,,,,,0.7252716720104218,-4.996126458943308,,,,,,,,,,,,,,,2,2
2014-05-30 06:00:00+00:00,0.2289385199546814,-0.34729505717316,,,,,,,0.6006578207015991,-6.455297930879151,,,,,,,,,,,,,,,2,2
2014-05-30 12:00:00+00:00,0.3778635263442993,-17.541024719944453,,,,,,,0.7285224199295044,-6.023885835624144,,,,,,,,,,,,,,,2,2
2014-05-30 18:00:00+00:00,0.08689415454864502,-0.5940940893031746,,,,,,,0.6845482289791107,-6.589240779511593,,,,,,,,,,,,,,,2,2
2014-05-31 00:00:00+00:00,0.20594322681427002,-0.21942274949371396,,,,,,,0.7451778948307037,-10.51620134319419,,,,,,,,,,,,,,,2,2
2014-05-31 06:00:00+00:00,0.10127156972885132,-0.4844056225011722,,,,,,,0.5346927046775818,-8.648304163923582,,,,,,,,,,,,,,,2,2
2014-05-31 12:00:00+00:00,0.1223839521408081,-0.7009646705115518,,,,,,,0.6269567608833313,-6.448016901832399,,,,,,,,,,,,,,,2,2
2014-05-31 18:00:00+00:00,0.08414995670318604,-1.6550761075054221,,,,,,,0.6687784790992737,-12.362183823098217,,,,,,,,,,,,,,,3,2
2014-06-01 00:00:00+00:00,0.099273681640625,-0.4140039433690042,,,0.5543643832206726,-0.4095985294875509,,,0.6693650484085083,-4.401905822281194,,,,,,,,,,,,,,,3,3
2014-06-01 06:00:00+00:00,0.14473426342010498,-2.0418678212819716,,,0.10063648223876953,-0.4490881676728633,,,0.6406822204589844,-7.2172097137375415,,,,,,,,,,,,,,,3,3
2014-06-01 12:00:00+00:00,0.17901283502578735,-17.061216525074336,,,0.3951624631881714,-0.013268819715066145,,,0.7240424156188965,-13.671503809792426,,,,,,,,,,,,,,,3,3
2014-06-01 18:00:00+00:00,0.12023687362670898,-0.6853701690675186,,,0.8316579461097717,-0.13373521417247058,,,0.7428601682186127,-6.249630607237541,,,,,,,,,,,,,,,4,4
2014-06-02 00:00:00+00:00,0.13390904664993286,-1.3341082289130077,,,0.7293233573436737,-1.293979783613387,,,0.5508192777633667,-10.125126395630927,,,,,,,,,,,,,,,3,3
2014-06-02 06:00:00+00:00,0.17342394590377808,-0.6918642396319004,,,0.3050767183303833,0.684926123930619,,,0.6134218573570251,-5.811277586710356,,,,,,,,,,,,,,,3,3
2014-06-02 12:00:00+00:00,0.14126646518707275,-2.319823438724616,,,0.03156757354736328,0.49337120045984334,,,0.46185433864593506,-6.012185554507913,,,,,,,,,,,,,,,3,3
2014-06-02 18:00:00+00:00,0.1568700075149536,-0.7404942160198674,0.164553701877594,-2.964681388765849,0.49061810970306396,0.3463279503074332,,,,,,,,,,,,,,,,,,,3,3
2014-06-03 00:00:00+00:00,0.20013123750686646,-2.042918464611082,0.0693240761756897,-0.004108878910482552,,,,,,,,,,,,,,,,,,,,,2,2
2014-06-03 06:00:00+00:00,,,0.16966569423675537,-3.999157327024404,,,,,,,,,,,,,,,,,,,,,1,1
2014-06-03 12:00:00+00:00,,,0.1295509934425354,-2.4997815520480557,,,,,,,,,,,,,,,,,,,,,1,1
2014-06-03 18:00:00+00:00,0.0535007119178772,0.2675840371432579,0.22032666206359863,-5.984348717706757,,,,,,,,,,,,,,,,,,,,,2,2
2014-06-04 00:00:00+00:00,0.11564743518829346,-1.049366357147411,0.20649075508117676,-12.26904614885033,,,,,,,,,,,,,,,,,,,,,2,2
2014-06-04 06:00:00+00:00,,,0.26137983798980713,-7.098286917168922,,,,,,,,,,,,,,,,,,,,,2,2
2014-06-04 12:00:00+00:00,,,0.2498847246170044,-1.9378670040656216,0.15511220693588257,-4.871294970794848,,,,,,,,,,,,,,,,,,,4,4
2014-06-04 18:00:00+00:00,,,0.18424224853515625,-0.8208883876391594,,,,,,,,,,,,,,,,,,,,,3,3
2014-06-05 00:00:00+00:00,0.8148905038833618,-0.5544905637193985,0.31913304328918457,-11.373592292393893,0.34392881393432617,-0.5964106743128695,,,,,,,,,,,,,,,,,,,4,4
2014-06-05 06:00:00+00:00,,,0.348350465297699,-4.683617665182039,0.03649032115936279,-0.10008135713126909,,,,,,,,,,,,,,,,,,,2,2
2014-06-05 12:00:00+00:00,,,0.3157251477241516,-7.192577250088643,0.20487946271896362,0.20301824301773552,,,,,,,,,,,,,,,,,,,2,2
2014-06-05 18:00:00+00:00,,,0.3294938802719116,-5.327097817327966,0.017475783824920654,-0.26214932457121676,,,,,,,,,,,,,,,,,,,3,2
2014-06-06 00:00:00+00:00,,,,,0.1255905032157898,0.25159550361301086,,,0.41990888118743896,-12.170951544482461,,,,,,,,,,,,,,,3,3
2014-06-06 06:00:00+00:00,,,0.3924483060836792,-9.449233941102223,0.24936115741729736,-0.04768812048435629,,,,,,,,,,,,,,,,,,,2,2
2014-06-06 12:00:00+00:00,,,0.35472017526626587,-7.259951731820399,0.3386222720146179,-0.4233157792612256,,,,,,,,,,,,,,,,,,,2,2
2014-06-06 18:00:00+00:00,,,,,0.09247046709060669,-0.06327880688438685,,,0.33580368757247925,-7.939196992429793,,,,,,,,,,,,,,,3,3
2014-06-07 00:00:00+00:00,,,0.2911149263381958,-4.0565956964711525,0.17320263385772705,0.4804653085917486,,,,,,,,,,,,,,,,,,,2,2
2014-06-07 06:00:00+00:00,,,,,0.19616520404815674,0.16613764275592097,,,0.4095357656478882,-3.5273615584119584,,,,,,,,,,,,,,,3,3
2014-06-07 12:00:00+00:00,,,,,0.3021373748779297,0.049656141743253,,,0.21180254220962524,-3.3471345839610107,,,,,,,,,,,,,,,4,3
2014-06-07 18:00:00+00:00,,,,,0.34472548961639404,-4.744564280184633,,,,,,,,,,,,,,,,,,,3,2
2014-06-08 00:00:00+00:00,,,,,0.26906508207321167,-6.704085510397558,,,,,,,,,,,,,,,,,,,2,2
2014-06-08 06:00:00+00:00,,,,,0.2574564218521118,-2.0046828635650935,,,,,,,,,,,,,,,,,,,2,2
2014-06-08 12:00:00+00:00,,,,,0.22672230005264282,-2.1326826194639374,,,,,,,,,,,,,,,,,,,2,2
2014-06-08 18:00:00+00:00,,,,,0.2047712802886963,-1.8417359002301006,,,,,,,,,,,,,,,,,,,3,3
2014-06-09 00:00:00+00:00,,,,,0.4596058130264282,0.8814462327592648,,,,,0.4430304765701294,0.19487123659779287,,,,,,,,,,,,,3,2
2014-06-09 06:00:00+00:00,,,,,0.5612822771072388,-0.2759654145458818,,,,,0.4984651207923889,-0.4836462384989181,,,,,,,,,,,,,4,4
2014-06-09 12:00:00+00:00,,,,,0.0983583927154541,0.9691228203233978,,,,,0.25369536876678467,0.5706707566205277,,,,,,,,,,,,,2,2
2014-06-09 18:00:00+00:00,,,,,0.11412906646728516,0.10956868631787653,,,,,0.3291601538658142,0.20862857453161457,,,,,,,,,,,,,2,2
2014-06-10 00:00:00+00:00,,,,,0.3638971447944641,-1.1027577754392832,,,,,0.27689212560653687,-1.0576887917032622,,,,,,,,,,,,,2,2
2014-06-10 06:00:00+00:00,,,,,,,,,,,0.3454275131225586,-0.38401351597388944,,,,,,,,,,,,,1,1
2014-06-10 12:00:00+00:00,0.3036954402923584,-0.48668743387661084,,,,,,,,,,,,,,,,,,,,,,,1,1
2014-06-10 18:00:00+00:00,0.009388327598571777,-0.935283667334957,,,,,,,,,,,,,,,,,,,,,,,1,1
2014-06-11 00:00:00+00:00,0.08511722087860107,-0.995090149805727,,,,,,,,,,,,,,,,,,,,,,,2,1
2014-06-11 06:00:00+00:00,0.1889837384223938,-0.16771086224372678,,,,,,,,,,,,,,,,,0.07762306928634644,-0.28942853985589234,,,,,2,2
2014-06-11 12:00:00+00:00,0.18933439254760742,-0.331935307542275,,,,,,,,,,,,,,,,,0.03367495536804199,0.19081853742946497,,,,,2,2
2014-06-11 18:00:00+00:00,0.10875779390335083,-0.4175135893220395,,,,,,,,,,,,,,,,,0.23864394426345825,0.58293393180348,,,,,2,2
2014-06-12 00:00:00+00:00,0.07258415222167969,0.2619242055386586,,,,,,,,,,,,,,,,,,,,,,,1,1
2014-06-12 06:00:00+00:00,0.10258400440216064,-0.38197355352972945,,,,,,,,,,,,,,,,,,,,,,,2,1
2014-06-12 12:00:00+00:00,0.053166985511779785,0.28595375853353594,0.13314133882522583,-0.8596790366974236,,,,,,,,,,,,,,,,,,,,,3,2
2014-06-12 18:00:00+00:00,0.1605151891708374,-0.5038641892879621,0.3564925193786621,-1.3359538196502398,,,,,,,,,,,,,,,0.1303107738494873,-0.09380517807434945,,,,,3,3
2014-06-13 00:00:00+00:00,0.1431368589401245,0.07438362895069521,0.011856257915496826,-2.783915814018624,,,,,,,,,,,,,,,0.5507104396820068,0.6805590264944468,,,,,3,3
2014-06-13 06:00:00+00:00,0.1764257550239563,-1.5016362058592188,0.3549056053161621,-3.644563343183279,,,,,,,,,,,,,,,0.7600845843553543,-1.1895045180728436,,,,,3,3
2014-06-13 12:00:00+00:00,0.22475504875183105,-0.29419184390974945,0.20627152919769287,0.06384248635530144,,,,,,,,,,,,,,,0.24921965599060059,0.19836158543468735,,,,,3,3
2014-06-13 18:00:00+00:00,0.14922171831130981,0.04879405844746279,0.10537660121917725,-0.9761972577757867,,,,,,,,,0.07301908731460571,0.04164242669837517,,,,,,,,,,,4,3
2014-06-14 00:00:00+00:00,0.11177730560302734,-0.22240306890702954,0.2521130442619324,-0.8982977117542075,,,,,,,,,,,0.2704188823699951,0.28298713300653544,,,0.31491053104400635,0.525089146609248,,,,,4,4
2014-06-14 06:00:00+00:00,0.12410491704940796,-0.4863623243017312,0.3742818832397461,-3.371138418194445,,,,,,,,,,,0.47654426097869873,-1.082271789409093,,,0.17731362581253052,0.9968605845239872,,,,,4,4
2014-06-14 12:00:00+00:00,0.027767300605773926,-0.24193552476878533,0.1659441590309143,-0.7142546104673886,,,,,,,,,,,0.25838977098464966,-0.09377405476843899,,,,,0.38913387060165405,-0.2879227897416302,,,4,4
2014-06-14 18:00:00+00:00,0.6587896049022675,-15.541507979715819,0.0022336244583129883,0.2944321113204261,,,,,,,,,,,0.41548460721969604,-2.3789037455898034,,,0.34840965270996094,0.5103428587966309,,,,,6,5
2014-06-15 00:00:00+00:00,0.028457701206207275,0.3707305725302051,0.11705046892166138,-2.359141821055837,,,,,,,,,,,0.4176594614982605,-2.9084002920743983,,,0.37842267751693726,-0.6661990361107204,,,,,6,6
2014-06-15 06:00:00+00:00,0.17562150955200195,-0.6402554918334928,0.10082560777664185,-1.9562552025467856,,,,,,,,,,,0.4107990860939026,-7.102903405666262,,,,,,,,,5,5
2014-06-15 12:00:00+00:00,,,0.0075075626373291016,-0.27354809685850273,,,,,,,,,,,,,,,,,,,,,3,2
2014-06-15 18:00:00+00:00,,,0.00664067268371582,0.6067611411984201,,,,,,,,,,,0.6088472008705139,-2.5138881914497553,,,,,,,,,4,3
2014-06-16 00:00:00+00:00,0.003534078598022461,-0.6513017828238372,0.19209790229797363,-0.7219713786547397,,,,,,,,,,,,,,,,,,,,,3,3
2014-06-16 06:00:00+00:00,0.20750302076339722,0.44070990794458026,0.18037211894989014,-0.7911146124281325,0.23245036602020264,-0.6785545537535104,,,,,,,,,,,,,,,,,,,3,3
2014-06-16 12:00:00+00:00,,,0.20315766334533691,-3.8555905048244106,0.22368961572647095,-1.1537145412104155,,,,,,,,,0.41425198316574097,-0.36836706425918053,,,,,,,,,3,3
2014-06-16 18:00:00+00:00,,,0.24377721548080444,-1.4787618039158028,0.06838881969451904,-3.2249160646306776,,,,,,,,,,,,,,,,,,,2,2
2014-06-17 00:00:00+00:00,,,0.12441498041152954,-0.8564634813268569,0.22455841302871704,-0.20591951914634302,,,,,,,,,0.1639111042022705,-0.9819362932399567,,,,,,,,,3,3
2014-06-17 06:00:00+00:00,,,0.00289309024810791,-1.5097087905173452,0.24530458450317383,-2.4693868092301283,,,,,,,,,,,,,,,,,,,2,2
2014-06-17 12:00:00+00:00,,,0.2952399253845215,-7.7779776890128,0.09865552186965942,-0.7821715810425914,,,,,,,,,,,,,,,,,,,2,2
2014-06-17 18:00:00+00:00,,,0.0894625186920166,-0.6960240065510953,0.14803636074066162,0.15397622507305958,,,,,,,,,,,,,,,,,,,2,2
2014-06-18 00:00:00+00:00,,,0.09409576654434204,-3.005193112094649,0.18368202447891235,-0.10328658031099022,,,,,,,,,,,,,,,,,,,2,2
2014-06-18 06:00:00+00:00,,,0.021804332733154297,-0.7897673306891442,0.08305317163467407,-1.090834060013343,,,,,,,,,,,,,,,,,,,2,2
2014-06-18 12:00:00+00:00,,,0.4104871153831482,-2.1963253147310597,0.07592576742172241,-0.30111131571694644,,,,,,,,,,,,,,,,,,,2,2
2014-06-18 18:00:00+00:00,,,0.2074495553970337,-1.2140461162092873,0.14915108680725098,0.11210119135449667,,,,,,,,,,,,,,,,,,,2,2
2014-06-19 00:00:00+00:00,,,0.05905270576477051,-1.4388789274361722,0.1729303002357483,0.005416548165689917,,,,,,,,,,,,,,,,,,,2,2
2014-06-19 06:00:00+00:00,,,0.0051877498626708984,-0.4560519059050735,0.19644486904144287,0.023500762332203405,,,,,,,,,,,,,,,,,,,2,2
2014-06-19 12:00:00+00:00,,,,,0.05383598804473877,-0.5860412199960116,,,,,,,,,,,,,,,,,,,2,2
2014-06-19 18:00:00+00:00,,,,,0.08959841728210449,-0.06756709329949079,,,,,,,,,,,,,,,,,,,2,2
2014-06-20 00:00:00+00:00,,,,,0.032562971115112305,-1.3840434078475603,,,,,,,,,,,,,,,,,,,2,2
2014-06-20 06:00:00+00:00,,,,,0.0022425055503845215,0.2037722166649531,,,,,,,,,,,,,,,,,,,2,1
2014-06-20 12:00:00+00:00,,,,,0.15877008438110352,-0.5611077637284355,,,,,,,,,,,,,,,,,,,1,1
2014-06-20 18:00:00+00:00,,,,,0.21280783414840698,0.06898025587897261,,,,,,,,,,,,,,,,,,,1,1
2014-06-21 00:00:00+00:00,,,,,0.12024223804473877,-0.6500040381006477,,,,,,,,,,,,,,,,,,,1,1
2014-06-21 06:00:00+00:00,,,,,0.1105426549911499,0.4531077919809899,,,,,,,,,,,,,,,,,,,2,1
2014-06-21 12:00:00+00:00,,,,,0.04014778137207031,0.3601288090791796,,,,,,,,,,,,,,,,,,,2,1
2014-06-21 18:00:00+00:00,0.07418256998062134,-0.10790961759474292,,,0.08527129888534546,0.4228405505148797,,,,,,,,,,,,,,,,,,,2,2
2014-06-22 00:00:00+00:00,0.21596479415893555,-3.3994994986563976,,,0.27777743339538574,0.6881206076456572,0.2495945692062378,1.0898195504492385,,,,,,,,,,,,,,,,,3,3
2014-06-22 06:00:00+00:00,0.14539241790771484,-0.337861682114314,,,0.05719900131225586,-0.5625833723964239,0.35633766651153564,0.8367950288625831,,,,,,,,,,,,,,,,,4,4
2014-06-22 12:00:00+00:00,0.054292380809783936,-0.14261876261791762,,,0.1283971071243286,-0.5586852298489471,0.3523358106613159,4.326512134079785,,,,,,,,,,,,,,,,,4,3
2014-06-22 18:00:00+00:00,0.053655266761779785,-0.00763823516786323,,,0.8251409977674484,-0.04346701165451691,,,0.1817762851715088,2.0159389694373995,,,,,,,,,,,,,,,4,4
2014-06-23 00:00:00+00:00,0.06433272361755371,0.43409618370732217,,,,,,,0.5877153873443604,11.216777863875182,,,,,,,,,,,,,,,3,2
2014-06-23 06:00:00+00:00,0.013016581535339355,-0.09030269339365474,,,0.19386887550354004,1.0285464529172217,,,0.6110347509384155,6.73047923150039,,,,,,,,,,,,,,,3,3
2014-06-23 12:00:00+00:00,0.001620471477508545,-0.15489193115182848,,,,,,,0.554045557975769,6.487493843786083,,,,,,,,,,,,,,,2,2
2014-06-23 18:00:00+00:00,0.07174313068389893,-0.21784770044471882,,,,,,,0.36178815364837646,8.362699933877385,,,,,,,,,,,,,,,2,2
2014-06-24 00:00:00+00:00,0.1217355728149414,-8.591896863127902,,,,,,,0.22792315483093262,1.2259429933376085,,,,,,,,,,,,,,,2,2
2014-06-24 06:00:00+00:00,0.018726587295532227,0.30561533406368324,,,,,,,0.6523181200027466,6.561401993372568,,,,,,,,,,,,,,,3,2
2014-06-24 12:00:00+00:00,0.337096631526947,0.09239269765259861,0.12812447547912598,-2.727917027187983,,,,,0.6393983364105225,6.260685274778072,,,,,,,,,,,,,,,4,4
2014-06-24 18:00:00+00:00,0.06968051195144653,-0.32889482044734136,0.10577011108398438,-0.08036943891426902,,,,,0.6450449228286743,10.33514159406043,,,,,,,,,,,,,,,5,5
2014-06-25 00:00:00+00:00,0.09814083576202393,0.021900531746516055,0.20245105028152466,-0.4502117422121472,,,,,0.5986466407775879,5.23366312853037,,,,,,,,,,,,,,,7,7
2014-06-25 06:00:00+00:00,0.2408963441848755,-0.7934629729368753,0.23394662141799927,-0.768403197083795,,,,,0.6601110696792603,5.1794070955169005,,,,,,,,,,,,,,,5,5
2014-06-25 12:00:00+00:00,0.05027669668197632,-1.143786367412012,0.08296090364456177,-0.129478991310569,,,,,0.6081498861312866,5.406327687308475,,,,,,,,,,,,,,,5,5
2014-06-25 18:00:00+00:00,0.19088882207870483,-0.3230419453928238,0.2090354561805725,-0.8773166660136558,,,,,0.7401537895202637,5.88448256011393,,,,,,,,,,,,,,,5,5
2014-06-26 00:00:00+00:00,0.1540215015411377,-0.556409807246544,0.005125164985656738,0.4435658134548521,,,,,0.6805475950241089,4.962997630455586,,,,,,,,,,,,,,,5,5
2014-06-26 06:00:00+00:00,0.12436586618423462,-0.7979265401464471,0.028587162494659424,-0.2838708904948838,,,,,0.7246749401092529,7.933631986917187,,,,,,,,,,,,,,,5,5
2014-06-26 12:00:00+00:00,,,0.10411703586578369,-1.8459933924155507,,,,,0.4956848621368408,2.1028556521323964,0.6059087514877319,4.904635546052142,,,,,,,,,,,,,3,3
2014-06-26 18:00:00+00:00,,,0.13025164604187012,-1.7990972243594998,,,,,0.4358401298522949,-0.8545472804820036,0.6337530612945557,4.7170496135264495,,,,,,,,,,,,,3,3
2014-06-27 00:00:00+00:00,0.04955935478210449,-1.2397034391086952,0.1189570426940918,-3.8582628684550833,,,,,,,0.5877370834350586,6.847124646316719,,,,,,,,,,,,,3,3
2014-06-27 06:00:00+00:00,0.12174594402313232,-5.439013248613477,0.03532743453979492,0.3139287149124598,,,,,,,,,,,,,,,,,,,,,2,2
2014-06-27 12:00:00+00:00,0.7013156712055206,-1.0556955804733439,0.16241061687469482,-2.815238356069578,,,,,,,,,,,,,,,,,,,,,2,2
2014-06-27 18:00:00+00:00,0.1445472240447998,-0.34310876736489637,0.1918535828590393,-2.536981510880709,,,,,,,,,,,,,,,,,,,,,3,3
2014-06-28 00:00:00+00:00,0.022338032722473145,-0.317812197582966,0.1960698962211609,-13.676832060218095,,,,,,,,,,,,,,,,,,,,,3,3
2014-06-28 06:00:00+00:00,,,0.19354939460754395,-0.4468202881885134,,,,,,,,,,,,,,,,,,,,,4,2
2014-06-28 12:00:00+00:00,,,0.1497490406036377,-2.392002943192904,,,,,,,,,,,,,,,,,,,,,2,1
2014-06-28 18:00:00+00:00,,,0.10264730453491211,-2.6516703484142545,,,,,,,,,,,,,,,,,,,,,1,1
2014-06-29 00:00:00+00:00,,,0.19231784343719482,-1.649919896547867,,,,,,,,,,,,,,,,,,,,,1,1
2014-06-29 06:00:00+00:00,,,0.20055818557739258,-2.7889721411975676,,,,,,,,,,,,,,,,,,,,,1,1
2014-06-29 12:00:00+00:00,0.16908574104309082,-0.9780706559824551,0.1777133345603943,-2.259323305335928,0.014435172080993652,-0.07741704366692602,,,,,,,,,,,,,,,,,,,4,4
2014-06-29 18:00:00+00:00,,,0.17689603567123413,-44.431034606423744,0.22176283597946167,-6.586593094015772,,,,,,,,,,,,,,,,,,,2,2
2014-06-30 00:00:00+00:00,,,0.07816886901855469,-2.9844343580636186,0.04436373710632324,-0.05721757013084382,,,,,,,,,,,,,,,,,,,3,3
2014-06-30 06:00:00+00:00,,,0.09962654113769531,-0.0552524130496689,0.1012304425239563,-1.1641020907670288,,,,,,,,,,,,,,,,,,,3,3
2014-06-30 12:00:00+00:00,,,0.03699839115142822,-0.2814091537375773,0.08729082345962524,-0.8803855997615233,,,,,,,,,,,,,,,,,,,2,2
2014-06-30 18:00:00+00:00,,,0.18969595432281494,-54.092045160927086,0.15084338188171387,0.24017090117118678,,,,,,,,,,,,,,,,,,,2,2
2014-07-01 00:00:00+00:00,,,0.11308228969573975,-3.0110244356384936,,,,,,,0.32499462366104126,-0.11830096342371355,,,,,,,,,,,,,2,2
2014-07-01 06:00:00+00:00,1.0,-0.27772983778706856,0.09646469354629517,-0.4689761909190604,,,,,,,,,,,,,,,,,,,,,2,2
2014-07-01 12:00:00+00:00,,,0.15642070770263672,-2.1733071710680267,0.02938079833984375,-0.010062576221308187,,,,,,,,,,,,,,,,,,,2,2
2014-07-01 18:00:00+00:00,,,0.002785801887512207,-0.5121480047318278,0.12254214286804199,-2.993743232635934,,,,,,,,,,,,,,,,,,,3,3
2014-07-02 00:00:00+00:00,,,0.12105327844619751,-1.3612743583993516,0.1873931884765625,-0.9005801168067947,,,,,,,,,,,,,,,,,,,4,4
2014-07-02 06:00:00+00:00,,,0.03094160556793213,-0.23495722380716452,0.1777995228767395,-1.1090687675956423,,,,,,,,,,,,,,,,,,,4,4
2014-07-02 12:00:00+00:00,,,0.056893110275268555,-5.023650331843326,0.5122742056846619,-0.3096539960147038,,,,,,,,,,,,,,,,,,,2,2
2014-07-02 18:00:00+00:00,,,0.0627029538154602,-0.17727031299616233,,,,,,,,,,,,,,,,,,,,,1,1
2014-07-03 00:00:00+00:00,,,0.0013010501861572266,-0.41589803902989186,,,,,,,,,,,,,,,,,,,,,1,1
2014-07-03 06:00:00+00:00,,,0.09682273864746094,-0.23314383350017592,,,,,,,,,,,,,,,,,,,,,2,2
2014-07-03 12:00:00+00:00,,,0.04823368787765503,0.03235290628288398,,,,,,,,,,,,,,,,,,,,,2,2
2014-07-03 18:00:00+00:00,,,0.17949724197387695,-2.0109808121945303,,,,,,,,,,,,,,,,,,,,,2,2
2014-07-04 00:00:00+00:00,,,0.32080650329589844,0.001462525922125719,,,,,,,,,,,,,,,,,,,,,2,2
2014-07-04 06:00:00+00:00,,,,,0.057727813720703125,-0.5164437620676106,,,,,,,,,,,,,,,,,,,1,1
2014-07-04 12:00:00+00:00,,,,,0.3514479994773865,0.11756999771261928,,,,,,,,,,,,,,,,,,,1,1
2014-07-04 18:00:00+00:00,,,,,0.44549596309661865,-2.935474438054666,,,,,,,,,,,,,,,,,,,1,1
2014-07-05 00:00:00+00:00,,,,,0.38412660360336304,-5.264129730477413,,,,,,,,,,,,,,,,,,,1,1
2014-07-05 06:00:00+00:00,,,,,0.22321081161499023,-3.234662149082053,,,,,,,,,,,,,,,,,,,1,1
2014-07-05 12:00:00+00:00,,,,,0.4076906442642212,-0.15193897057887792,,,,,,,,,,,,,,,,,,,1,1
2014-07-05 18:00:00+00:00,,,,,0.6881673038005829,-0.5443928770152777,,,,,,,,,,,,,,,,,,,1,1
2014-07-06 00:00:00+00:00,,,,,0.3193627595901489,0.41258957333961843,,,,,,,,,,,,,,,,,,,1,1
2014-07-06 12:00:00+00:00,,,,,,,,,,,,,,,,,,,,,,,,,0,0
2014-07-06 18:00:00+00:00,,,,,,,,,,,,,,,,,,,,,,,,,0,0
2014-07-07 00:00:00+00:00,0.2432945966720581,-0.37235359988128774,,,,,,,,,,,,,,,,,,,,,,,1,1
2014-07-07 06:00:00+00:00,0.015170156955718994,-0.00011707499504553461,,,,,,,,,,,,,,,,,,,,,,,1,1
2014-07-07 12:00:00+00:00,0.01612389087677002,0.15408431970744646,,,,,,,,,,,,,,,,,,,,,,,1,1
2014-07-07 18:00:00+00:00,0.2004009485244751,-0.5148705182050903,,,,,,,,,,,,,,,,,,,,,,,1,1
2014-07-08 00:00:00+00:00,0.10495537519454956,0.03887395728794748,,,,,,,,,,,,,,,,,,,,,,,1,1
2014-07-08 06:00:00+00:00,0.357551634311676,-17.233843424403712,,,,,,,,,,,,,,,,,,,,,,,1,1
2014-07-08 12:00:00+00:00,0.08252286911010742,-1.125098239824199,,,,,,,,,,,,,,,,,,,,,,,1,1
2014-07-08 18:00:00+00:00,0.17039310932159424,-0.374221198259364,,,,,,,,,,,,,,,,,,,,,,,1,1
2014-07-09 00:00:00+00:00,0.1722886562347412,-0.30136781053867184,,,,,,,,,,,,,,,,,,,,,,,1,1
2014-07-09 06:00:00+00:00,0.16094177961349487,-0.3031130273503122,,,,,,,,,,,,,,,,,,,,,,,1,1
2014-07-09 12:00:00+00:00,0.15488511323928833,-0.7546214698619087,,,,,,,,,,,,,,,,,,,,,,,1,1
2014-07-10 00:00:00+00:00,,,0.2126476764678955,-1.1113938375538872,,,,,,,,,,,,,,,,,,,,,1,1
2014-07-10 06:00:00+00:00,,,0.1948542594909668,-0.6384427934465711,,,,,,,,,,,,,,,,,,,,,1,1
2014-07-10 12:00:00+00:00,,,0.08705359697341919,-1.184581816494042,,,,,,,,,,,,,,,,,,,,,1,1
2014-07-10 18:00:00+00:00,,,0.029172420501708984,-1.9057168042173438,,,,,,,,,,,,,,,,,,,,,1,1
2014-07-11 00:00:00+00:00,,,0.17380863428115845,-1.1021500119569836,,,,,,,,,,,,,,,,,,,,,1,1
2014-07-11 06:00:00+00:00,,,0.17210882902145386,-2.0566463660098275,,,,,,,,,,,,,,,,,,,,,1,1
2014-07-12 06:00:00+00:00,0.08862936496734619,0.4961229397094263,0.23477625846862793,-2.492139603960065,0.11944496631622314,-0.21216638557132408,,,,,,,,,,,,,,,,,,,4,4
2014-07-12 12:00:00+00:00,0.03267550468444824,0.2754204001009502,0.31835687160491943,-5.443857255024052,,,,,,,,,,,,,,,,,,,,,4,4
2014-07-12 18:00:00+00:00,0.023216187953948975,0.11599074069727007,0.13809198141098022,-0.9038819485821766,,,,,,,,,,,,,,,,,,,,,2,2
2014-07-13 00:00:00+00:00,0.6699229180812836,-0.007605123153445347,0.10543787479400635,-1.4115587449723928,,,,,,,,,,,,,,,,,,,,,3,3
2014-07-13 06:00:00+00:00,0.06575793027877808,-1.0745478723509985,0.21142929792404175,-4.014941525838988,,,,,,,,,,,,,,,,,,,,,3,2
2014-07-13 12:00:00+00:00,,,0.22490566968917847,-5.552326625662255,,,,,,,,,0.2707936763763428,0.04722406261439899,,,,,,,,,,,2,2
2014-07-13 18:00:00+00:00,,,0.25899720191955566,-4.8718846924902754,,,,,,,,,,,,,,,,,,,,,1,1
2014-07-14 00:00:00+00:00,,,0.2643413543701172,-4.303094071952999,0.10888111591339111,0.07797358986290107,,,,,,,,,,,,,,,,,,,2,2
2014-07-14 06:00:00+00:00,,,0.24387657642364502,-7.494490828398604,,,,,,,,,0.07767236232757568,-0.13205365483481724,,,,,,,,,,,2,2
2014-07-14 12:00:00+00:00,,,0.2638757824897766,-12.621755283256098,,,,,,,,,0.09047532081604004,0.682569466369312,,,,,,,,,,,2,2
2014-07-14 18:00:00+00:00,,,0.21894395351409912,-5.141284892221687,,,,,,,,,0.1486966609954834,-0.19363230539299622,,,,,,,,,,,2,2
2014-07-15 00:00:00+00:00,,,0.24387353658676147,-8.429423909695679,0.22524738311767578,-0.4726016152057238,,,,,,,0.3462955951690674,2.034814899539243,,,,,,,,,,,3,3
2014-07-15 06:00:00+00:00,,,0.3340032696723938,-14.032066844003191,0.3272020220756531,0.03692946368880835,,,,,,,0.5390830039978027,3.435225225109986,,,,,,,,,,,3,3
2014-07-15 12:00:00+00:00,0.2988675832748413,-0.04147511759919108,0.20251840353012085,-7.3334871094988685,0.38971400260925293,-0.4083445007646228,,,,,,,0.37205469608306885,3.0383904659123395,,,,,,,,,,,4,4
2014-07-15 18:00:00+00:00,,,0.23561698198318481,-3.642365480322614,0.17010360956192017,0.0827897313679141,,,,,,,,,0.5767168998718262,7.871023285516622,,,,,,,,,3,3
2014-07-16 00:00:00+00:00,,,0.22567152976989746,-5.035188362785858,,,,,,,,,,,0.3924429416656494,2.630257234320835,,,,,,,,,3,2
2014-07-16 06:00:00+00:00,,,0.21247082948684692,-6.259034925325085,,,,,,,,,,,0.47943782806396484,5.6876066310487445,,,,,,,,,2,2
2014-07-16 12:00:00+00:00,,,0.1874992847442627,-5.23257520560565,,,,,,,,,,,0.5088497400283813,9.356462444218986,,,,,,,,,2,2
2014-07-16 18:00:00+00:00,0.28665852546691895,0.011443769337083822,0.21217447519302368,-3.796074944198086,,,,,,,,,,,0.46816515922546387,2.2751649442764124,,,,,,,,,3,3
2014-07-17 00:00:00+00:00,,,0.22844135761260986,-3.1346062552322564,,,,,,,,,,,0.35658037662506104,3.0749628011257175,,,,,,,,,3,2
2014-07-17 06:00:00+00:00,,,0.1519014835357666,-3.1088875168495176,,,,,,,,,,,0.3810300827026367,5.6257218505027735,,,,,,,,,2,2
2014-07-17 12:00:00+00:00,,,0.17822694778442383,-8.297177108134823,,,,,,,,,,,0.44145190715789795,5.656137474562535,,,,,,,,,2,2
2014-07-17 18:00:00+00:00,,,0.113311767578125,-2.4685773926597996,,,,,,,,,,,0.3578612804412842,1.6013703967027595,,,0.4877138137817383,-0.7926309697100519,,,,,3,3
2014-07-18 00:00:00+00:00,,,0.1548519730567932,-36.28497992761471,,,,,,,,,,,0.353190541267395,1.7413982847870777,,,0.2862873077392578,0.049731026779645485,,,,,3,3
2014-07-18 06:00:00+00:00,,,0.15059739351272583,-0.9534172382151097,,,,,,,,,,,0.19492030143737793,-0.1736605475957636,,,0.05194896459579468,0.18968207918444469,,,,,3,3
2014-07-18 12:00:00+00:00,,,0.1112402081489563,-2.066308730525652,,,,,,,,,,,0.33673036098480225,1.8252712735714967,,,0.036590576171875,-0.1983990597288891,,,,,3,3
2014-07-18 18:00:00+00:00,,,,,0.14288204908370972,-4.516188940008934,,,,,,,,,0.387032151222229,0.4590071349194942,,,0.07042884826660156,-0.456381373496141,,,,,3,3
2014-07-19 00:00:00+00:00,0.07181417942047119,-0.028664944199662278,,,0.136638343334198,-36.37137917764142,,,,,,,,,0.5838912725448608,5.0840734006689825,,,0.22202348709106445,0.05150026352959564,,,,,4,4
2014-07-19 06:00:00+00:00,0.18741393089294434,1.5251058919736613,,,0.09694766998291016,-0.4318015058376623,,,,,,,,,0.04536795616149902,-0.09278847247343573,,,0.3225865364074707,0.5229425313613165,,,,,4,4
2014-07-19 12:00:00+00:00,0.5153881311416626,0.44151324606489034,,,0.09580546617507935,-0.48895529557434675,,,,,,,,,,,,,0.07402384281158447,0.2483916711218529,,,,,3,3
2014-07-19 18:00:00+00:00,0.14454728364944458,0.06716894643493625,,,0.04628103971481323,-0.251276691581451,,,,,,,,,,,,,0.03737515211105347,-0.6740140480638769,,,,,3,3
2014-07-20 00:00:00+00:00,0.06790751218795776,-0.025634811943330893,,,0.19056057929992676,-33.548885868177884,,,,,,,,,,,,,0.05296611785888672,0.07745944994778572,,,,,3,3
2014-07-20 06:00:00+00:00,0.05534631013870239,0.035480217181405836,0.25400102138519287,-1.2814834797133932,0.15465229749679565,-0.5679900690470597,0.13439011573791504,0.16210413011480462,,,,,,,,,,,0.227047860622406,-0.16041105508192663,,,,,6,6
2014-07-20 12:00:00+00:00,0.2351793646812439,0.18698824669913963,0.17651665210723877,1.14255148163978,0.09681469202041626,0.04698191048206036,0.04198312759399414,0.550025350608215,,,,,,,,,,,0.07363718748092651,0.8234723215204627,,,,,6,6
2014-07-20 18:00:00+00:00,0.2853330373764038,0.07673439043574329,0.3230249881744385,0.12957415289698776,0.07557493448257446,-11.930587603772189,,,,,,,,,,,,,0.17866766452789307,0.00824831251522786,,,,,6,5
2014-07-21 00:00:00+00:00,0.12097489833831787,-0.6987722363996552,0.11218827962875366,0.20106545198970127,0.16852718591690063,-13.439562012103718,,,,,,,,,,,,,0.04652571678161621,0.34834682435181563,,,,,6,5
2014-07-21 06:00:00+00:00,0.13419753313064575,-0.13517774804991647,0.017009377479553223,0.3136513347608461,0.017418503761291504,0.07641901456847416,,,,,,,,,,,,,0.06315815448760986,-0.25315600000219124,0.016025900840759277,0.11497782958605483,,,6,6
2014-07-21 12:00:00+00:00,,,0.16658908128738403,-0.19258375497454874,0.098147451877594,-0.4838593570289461,0.3149564266204834,-2.8809514439548223,,,,,,,,,,,,,0.16192495822906494,0.0858641235427964,,,6,6
2014-07-21 18:00:00+00:00,0.1346755027770996,-0.23901562460559198,0.08406263589859009,-0.6932393721634967,0.37819916009902954,-11.840017847262294,0.34210944175720215,-1.6112266110933504,,,,,,,,,,,,,0.07874274253845215,0.09173250982906568,,,6,6
2014-07-22 00:00:00+00:00,0.1585981249809265,-1.7276616797171351,0.09357941150665283,-0.7140884207445699,0.1691523790359497,-12.415312179003713,0.22766315937042236,-1.8781091100233955,,,,,,,,,,,,,0.008546948432922363,1.326409105874313,,,6,6
2014-07-22 06:00:00+00:00,0.11758774518966675,-1.6123424199636172,0.0993967056274414,-0.19560909811494126,0.029865145683288574,0.05694851241936172,,,0.31899482011795044,-0.5022235298137381,,,,,,,,,,,0.18079888820648193,0.10601585429019568,,,6,6
2014-07-22 12:00:00+00:00,0.11557769775390625,-1.3413117609022673,0.20653671026229858,-0.38573975604517213,0.08518731594085693,0.49978080112812806,,,0.2733781337738037,-6.785219388045617,,,,,,,,,,,0.15701401233673096,0.18411493183070443,,,7,7
2014-07-22 18:00:00+00:00,0.07305216789245605,-2.843384110487089,0.03067314624786377,-1.4387627280788606,0.17171549797058105,0.22815264911770358,,,0.36234790086746216,-6.913661923741436,0.1361786127090454,-10.458131945524304,,,,,,,,,0.029240667819976807,0.1079799680380467,,,7,7
2014-07-23 00:00:00+00:00,,,0.11276954412460327,-1.37154354078086,0.4427565336227417,0.037332240956542535,,,0.33417725563049316,-4.177278186462183,0.17862075567245483,-10.76514154656586,,,,,,,,,0.18639200925827026,-0.20391909003766062,,,5,5
2014-07-23 06:00:00+00:00,0.036087870597839355,-0.8700426829154153,0.134299635887146,-1.003577429451384,0.6278755962848663,-0.5018135968551651,,,0.3861501216888428,-6.530199916644687,0.17955541610717773,0.03918666099997898,,,,,,,,,0.027981996536254883,-0.22885874642661178,,,7,7
2014-07-23 12:00:00+00:00,0.10297173261642456,-4.521483374953868,0.06954342126846313,-0.7167691340541844,,,,,0.2823619842529297,-3.7686174041306564,0.3049873113632202,0.04387453196298893,,,,,,,0.3743972182273865,-0.33819552613495374,0.06344008445739746,1.1564560849816579,0.4298253655433655,-0.7115524187541485,7,7
2014-07-24 00:00:00+00:00,0.16156482696533203,-2.573474672972608,0.044541120529174805,-4.037776654561931,,,,,0.43824172019958496,-7.766109687274572,,,,,,,,,,,0.2481076717376709,0.4720710062538863,0.11125147342681885,-0.21828584329969147,8,7
2014-07-24 06:00:00+00:00,0.11677616834640503,0.2137730084329866,0.13280421495437622,-2.4239391620038777,,,,,0.42045408487319946,-8.718742591600954,,,,,,,,,,,,,0.11130177974700928,-0.126951024282781,6,5
2014-07-24 12:00:00+00:00,,,0.13098931312561035,-2.9447790315513362,,,,,0.5028172433376312,-5.11872294034185,,,,,,,,,,,,,0.43176448345184326,0.8147524816272882,5,4
2014-07-24 18:00:00+00:00,0.02581155300140381,0.03231085883527901,0.2511594891548157,-2.550412825458008,,,,,0.4501429796218872,-7.911117954254937,,,,,,,,,,,,,0.2620682716369629,0.29444564758637576,5,5
2014-07-25 00:00:00+00:00,0.16785144805908203,-0.02864982432676849,0.23719948530197144,-7.0818869209548545,,,,,0.33117395639419556,-4.555262147988083,,,,,,,,,,,,,0.11149615049362183,-0.06721796944320145,5,5
2014-07-25 06:00:00+00:00,0.12386095523834229,-0.1704695781244906,0.04415583610534668,0.0036059119579738906,,,,,0.3003242611885071,-7.21981563576249,,,,,,,,,,,,,0.2918129563331604,0.3773230498478498,6,6
2014-07-25 12:00:00+00:00,0.04294484853744507,-0.43729599793673246,0.09241318702697754,-0.4407133868592015,0.10460704565048218,-0.14667238307821237,,,0.40818995237350464,-8.011168346724718,,,,,,,,,,,,,0.08430993556976318,-0.40128801412964304,8,8
2014-07-25 18:00:00+00:00,0.04464846849441528,-0.22280856931461956,0.22794437408447266,0.06689932728186904,0.221357524394989,-0.9700870145315774,,,0.298700749874115,-1.4679633760156108,,,,,,,,,,,,,0.04001569747924805,-0.022954104002348714,8,8
2014-07-26 00:00:00+00:00,,,0.001662611961364746,0.3729519420404492,0.029238104820251465,-0.06404549146117913,,,0.3534824848175049,-1.743886199786266,,,,,,,,,,,,,0.17026692628860474,0.43882541910731615,6,6
2014-07-26 06:00:00+00:00,,,0.1271016001701355,-0.5574146662081778,0.0307464599609375,0.36015667785952243,,,0.3591341972351074,-4.945198840973656,,,,,,,,,,,,,,,6,5
2014-07-26 12:00:00+00:00,,,0.10570865869522095,0.7262184883769611,0.12214779853820801,-0.11313142279039086,,,0.33586108684539795,-8.396005988698723,,,,,,,,,,,,,,,5,5
2014-07-26 18:00:00+00:00,,,0.08551204204559326,-0.2548373216280047,0.003617227077484131,-0.7041692891981158,,,0.12739646434783936,-0.5049201833092359,0.20169466733932495,-2.350416539338836,,,,,,,,,,,,,5,5
2014-07-27 00:00:00+00:00,,,0.09201169013977051,0.20345293552278332,0.02007734775543213,0.09965964913192946,,,,,0.2668439745903015,-3.3805712538542454,,,,,,,,,,,,,5,5
2014-07-27 06:00:00+00:00,,,0.00513911247253418,-0.5599300678213416,0.05128002166748047,-0.1383897778646206,,,,,0.3826649785041809,-2.1838581287289616,,,,,,,,,,,,,5,5
2014-07-27 12:00:00+00:00,,,0.22216027975082397,-19.809918167907323,0.09671050310134888,0.6257446043940967,,,,,0.5025449097156525,-1.6286516453662891,,,,,,,,,,,,,5,5
2014-07-27 18:00:00+00:00,0.49109017848968506,15.360107973411512,0.20554089546203613,-0.2515259924054041,0.11808836460113525,-0.6283753230811949,,,,,0.1550583839416504,-1.0596299983403081,,,,,,,,,,,,,6,6
2014-07-28 00:00:00+00:00,0.39476311206817627,0.00771733615949893,0.02379322052001953,-0.3824724680975199,0.10287117958068848,-0.1825982597890666,,,,,0.03813999891281128,0.40713208679842766,,,,,,,,,,,,,5,5
2014-07-28 06:00:00+00:00,0.2161092758178711,0.4282401075891713,0.11671417951583862,-0.8198358595332439,0.2164742350578308,-1.2061305511728886,,,,,0.06977206468582153,0.2678481459885033,,,,,,,,,,,,,5,5
2014-07-28 12:00:00+00:00,,,0.18310308456420898,-1.0435362923132765,0.13777613639831543,0.5392173251331928,,,,,0.2095026969909668,0.9298170599589909,,,,,,,,,,,,,4,3
2014-07-28 18:00:00+00:00,,,0.018053770065307617,0.29106324185250354,,,,,,,0.036292195320129395,-0.0082155846159538,,,,,,,,,,,,,2,2
2014-07-29 00:00:00+00:00,,,0.17146682739257812,0.27849645245357724,,,,,,,,,,,,,,,,,,,,,1,1
2014-07-29 06:00:00+00:00,,,0.3705742359161377,-0.22356824934361902,,,,,,,,,,,,,,,,,,,,,1,1
2014-07-29 12:00:00+00:00,,,0.05699312686920166,-1.3579601895186089,,,,,,,,,,,,,,,,,,,,,1,1
2014-07-29 18:00:00+00:00,,,,,,,,,,,,,,,,,,,,,,,,,0,0
2014-07-30 00:00:00+00:00,,,,,,,,,,,,,,,,,,,,,,,,,0,0
2014-07-30 06:00:00+00:00,,,,,,,,,0.5584322214126587,4.1578023741811885,,,,,,,,,,,,,,,1,1
2014-07-30 12:00:00+00:00,,,,,,,,,0.12195807695388794,-1.4602465750917888,,,,,,,,,,,,,,,1,1
2014-07-30 18:00:00+00:00,,,,,,,,,0.36303794384002686,4.688383295845571,,,,,,,,,,,,,,,1,1
2014-07-31 00:00:00+00:00,,,,,,,,,0.35730481147766113,2.370905453391774,,,,,,,,,,,,,,,1,1
2014-07-31 06:00:00+00:00,,,,,,,,,0.5523529052734375,5.11302280915971,,,,,,,,,,,,,,,1,1
2014-07-31 12:00:00+00:00,,,,,,,,,0.4066011905670166,1.749839862371688,,,,,,,,,,,,,,,1,1
2014-07-31 18:00:00+00:00,,,,,,,,,0.6487791538238525,4.254193316834572,,,0.19660401344299316,-0.10750400825247343,,,,,,,,,,,2,2
2014-08-01 00:00:00+00:00,,,,,,,,,0.6087146997451782,6.090322636290498,,,0.5872676372528076,2.1063560116606674,,,,,,,,,,,2,2
2014-08-01 06:00:00+00:00,,,,,,,,,0.49223554134368896,6.166706249308108,,,0.07940900325775146,0.12127662069152213,,,,,,,,,,,2,2
2014-08-01 12:00:00+00:00,,,,,,,,,0.6211133003234863,5.545182530402688,,,0.2311009168624878,0.7381656463311101,,,,,,,,,,,2,2
2014-08-01 18:00:00+00:00,,,,,,,,,,,,,,,,,,,,,,,,,0,0
2014-08-02 00:00:00+00:00,0.32231926918029785,1.1912787200922965,,,,,,,0.3123835325241089,1.3816719330409355,,,0.3521500825881958,0.7166693692297406,,,,,,,,,,,3,3
2014-08-02 06:00:00+00:00,0.11804407835006714,0.0102367357787897,,,,,,,0.49201035499572754,1.0626185621798963,,,0.008542180061340332,1.3541738159400132,0.3645135164260864,-2.945714640976167,,,,,,,,,4,4
2014-08-02 12:00:00+00:00,0.07812201976776123,-0.03903909835283535,,,,,,,0.504420280456543,4.066245308287992,,,,,0.08630406856536865,2.8932635024452984,,,0.7383316159248352,0.5021289455030303,,,,,5,5
2014-08-02 18:00:00+00:00,0.17355233430862427,0.39199474592340405,,,,,,,0.8118430376052856,5.768527562726101,,,,,0.0475696325302124,0.026212862645115395,,,,,,,,,4,4
2014-08-03 00:00:00+00:00,0.15102803707122803,0.35270820246416845,,,,,,,,,,,,,0.3799104690551758,2.1405351909593056,,,,,,,,,3,3
2014-08-03 06:00:00+00:00,0.011605381965637207,-0.12305299661572351,,,,,,,,,,,,,0.3900243043899536,1.9516661634293544,,,,,,,,,3,3
2014-08-03 12:00:00+00:00,0.4019376039505005,-0.07131637010251707,,,,,,,,,,,,,0.13082575798034668,4.855270770728941,,,0.014381110668182373,0.060622762597657504,,,,,4,4
2014-08-03 18:00:00+00:00,0.26223158836364746,-0.25401236986957315,,,,,,,,,,,,,0.21138858795166016,4.07581552663881,,,0.3810640573501587,1.2233255976422786,,,,,4,4
2014-08-04 00:00:00+00:00,0.16225796937942505,-0.2901943831416603,,,,,,,,,,,,,0.2645833492279053,0.8030736973757421,,,,,,,,,3,3
2014-08-04 06:00:00+00:00,0.20482826232910156,-0.19340279084183537,,,,,,,,,,,,,0.3321075439453125,3.474176482548157,,,,,,,,,3,3
2014-08-04 12:00:00+00:00,0.012945413589477539,-0.5121798215940646,,,,,,,,,,,,,0.15256750583648682,2.032155252726217,,,,,0.44132864475250244,1.6462117774700862,,,4,4
2014-08-04 18:00:00+00:00,,,0.25762784481048584,3.970821944891789,,,,,,,,,,,0.2597048282623291,2.9535597121424275,,,,,0.1288471221923828,0.2253908975596988,,,4,4
2014-08-05 00:00:00+00:00,0.25329262018203735,-1.5407639953401577,,,,,,,,,,,,,0.24107611179351807,3.617339531197909,,,,,0.04781913757324219,1.7783703317702515,,,4,4
2014-08-05 06:00:00+00:00,0.0708920955657959,-0.22440159500120788,,,,,,,,,,,,,0.11113095283508301,1.6370202612879026,,,,,0.08042347431182861,0.6137893230334677,,,4,4
2014-08-05 12:00:00+00:00,0.08008331060409546,0.2456454196504054,,,,,,,,,,,,,0.2737288475036621,7.007773210359588,,,,,0.26386475563049316,2.6209692304255903,,,5,5
2014-08-05 18:00:00+00:00,0.07372766733169556,-0.3389505798730406,,,,,,,,,,,,,0.16762614250183105,0.28698888365683756,,,,,0.13973534107208252,2.348416858371858,,,4,4
2014-08-06 00:00:00+00:00,,,0.07741659879684448,-1.1753324230477524,,,,,,,,,,,0.16863572597503662,3.976265234545459,,,,,0.40711307525634766,6.027349592952003,,,3,3
2014-08-06 06:00:00+00:00,,,0.14956599473953247,-0.5782646911660585,,,,,,,,,,,0.2606821060180664,2.9582493473489926,,,,,0.023897647857666016,-0.022623913910722448,,,4,4
2014-08-06 12:00:00+00:00,,,0.115276038646698,-0.4619485291839085,,,,,,,,,,,0.18988192081451416,2.0318090591093694,0.225927472114563,1.5795525135000719,,,0.23754668235778809,2.074033760842593,,,6,6
2014-08-06 18:00:00+00:00,,,0.21728461980819702,-2.033103282882008,,,,,,,,,,,0.4028310775756836,0.7625626346041761,0.15789973735809326,3.277509415152965,,,0.20082783699035645,1.2264421157631034,,,5,5
2014-08-07 00:00:00+00:00,,,0.10477590560913086,-0.8595784628437101,,,,,,,,,,,0.3044155240058899,-1.4178360810558235,0.1896456480026245,5.693848095695951,,,0.21852457523345947,0.20824535483739412,,,6,6
2014-08-07 06:00:00+00:00,,,0.12817150354385376,-0.616508526202972,,,,,,,,,,,,,0.09783804416656494,0.5758786106359313,,,0.150368332862854,0.36860033139055337,,,4,4
2014-08-07 12:00:00+00:00,0.2206350564956665,-0.41225802523751476,0.1564791202545166,-0.22944967957496742,,,,,,,,,,,,,0.174172043800354,1.1880680870805451,,,0.17758071422576904,1.0675227494053177,,,5,5
2014-08-07 18:00:00+00:00,0.1822887659072876,-0.7424320131548875,0.15475976467132568,-0.7752060901243243,,,,,,,,,0.8017373085021973,2.883608124768523,,,0.2211594581604004,-0.05829608572676248,,,0.11097609996795654,0.9048916433324704,,,6,6
2014-08-08 00:00:00+00:00,0.008326590061187744,0.05737462820262432,0.146989643573761,-4.6670585611763835,,,,,,,,,,,0.844314455986023,3.610839046254906,0.13317322731018066,3.310447622133091,,,0.21474993228912354,4.200712330185113,,,7,7
2014-08-08 06:00:00+00:00,0.2834542393684387,-15.317465837159347,0.15621596574783325,-2.464237511848952,,,,,,,,,,,0.45609116554260254,2.928598097954885,0.0749443769454956,-0.15290019359626408,,,0.03950655460357666,1.2061283933782887,0.09377014636993408,-0.10286875778698563,8,8
2014-08-08 12:00:00+00:00,0.33104825019836426,-17.15038218829226,0.11458367109298706,-1.5100519944607642,,,,,,,,,,,0.4351687431335449,-1.1662623171203053,0.014555096626281738,1.3363350530794476,,,0.12923645973205566,-0.9353822133606725,0.045276641845703125,2.074148679940011,8,8
2014-08-08 18:00:00+00:00,0.000577092170715332,-0.09508370550150819,0.0769495964050293,-0.6501292982111813,,,,,,,,,,,0.6482222080230713,3.7615293509354513,0.36844325065612793,0.018196927333570367,,,0.15356969833374023,0.2317156687291233,0.17717492580413818,0.5444856498361638,9,9
2014-08-09 00:00:00+00:00,0.2626519203186035,-1.4776267340591447,0.3194122314453125,0.09844587803523526,0.141762375831604,-1.2463557731510098,,,,,,,,,0.6917088031768799,5.703904203681607,0.36073803901672363,0.34931178176980293,,,0.3540536165237427,0.11982460906175876,0.1386716365814209,2.7596465916490525,8,8
2014-08-09 06:00:00+00:00,0.32718151807785034,-18.22588585807551,,,0.14777368307113647,-4.102640020496426,,,,,,,,,0.8023583889007568,5.842226295641642,0.22747886180877686,0.40915969792459167,,,0.0404437780380249,0.9002395062279605,0.08439898490905762,-0.3232007307748616,7,7
2014-08-09 12:00:00+00:00,0.19301855564117432,-1.1519202514644546,,,0.13362115621566772,-0.5085985795354115,,,,,,,,,0.9152241945266724,7.428242252821576,0.035619139671325684,0.3303919770375712,,,,,0.22343313694000244,0.08271681004760946,7,7
2014-08-09 18:00:00+00:00,0.2936508059501648,-0.9218938069683882,0.08917438983917236,-0.3574399093111858,0.09016239643096924,-0.765306038174261,,,,,,,,,0.704196572303772,4.183284388731168,,,,,,,0.03358185291290283,0.4430015908442089,6,6
2014-08-10 00:00:00+00:00,0.36107850074768066,-3.7251533371619807,,,0.10954558849334717,-0.03102326831417494,,,,,,,,,0.7461638450622559,4.047460545129432,0.06513720750808716,0.30636907723746093,,,,,0.1399674415588379,0.14319906319314865,7,7
2014-08-10 06:00:00+00:00,0.18674498796463013,-5.231082111060862,0.11482357978820801,0.09985050090218205,0.14872795343399048,0.08671368666459525,,,,,,,,,0.7895039319992065,3.506807041702802,0.06260359287261963,0.3160280785020236,,,,,0.022368013858795166,-0.004528227676055734,8,8
2014-08-10 12:00:00+00:00,0.2072298526763916,-2.132997665135137,0.39905285835266113,-0.4837137104549093,0.07943147420883179,-1.0973974180370816,,,,,,,,,0.8241410255432129,5.156520073113332,0.4955465793609619,0.24799807905128116,,,,,0.06783592700958252,-0.07184817954927757,7,7
2014-08-10 18:00:00+00:00,0.1782657504081726,-12.05652004744733,0.08262062072753906,-0.22442323337976397,0.04533958435058594,-0.2688535409158952,,,,,,,,,0.8648229837417603,5.265939308401706,0.5934976637363434,-0.4065432404076144,,,,,0.1982029676437378,0.18584001705546882,7,7
2014-08-11 00:00:00+00:00,0.2799460291862488,-11.175511057230258,0.2924528121948242,-0.5673957242008205,0.2309696078300476,-0.3029808045023696,,,,,,,,,0.813805341720581,5.141002192586912,,,,,,,0.2132498025894165,0.16507842642302115,9,7
2014-08-11 06:00:00+00:00,0.2689477801322937,-5.09042705174434,,,0.09288954734802246,-0.03203376626862089,,,0.5951104164123535,2.7015350607605013,,,,,,,0.12058794498443604,-0.49172340109173956,,,,,0.11001241207122803,0.13059171688630125,7,7
2014-08-11 12:00:00+00:00,,,0.010258316993713379,38.06558401063069,0.0764533281326294,0.19419545758307633,,,,,,,,,,,0.2295171022415161,0.41051872721802385,,,,,0.15854299068450928,0.16009897474738294,4,4
2014-08-11 18:00:00+00:00,,,0.18483483791351318,-6.314475238024746,0.13191944360733032,-1.5626694382858393,,,,,,,,,,,,,,,,,0.12755906581878662,0.00316502960337701,4,3
2014-08-12 00:00:00+00:00,,,0.18874257802963257,-4.095529602572089,0.13561880588531494,-1.254013137818242,,,,,,,,,,,,,,,,,,,3,2
2014-08-12 06:00:00+00:00,,,0.3051033616065979,-37.93755206378444,0.01028144359588623,1.0797934029665115,,,,,,,,,,,,,,,,,,,3,2
2014-08-12 12:00:00+00:00,,,0.16148710250854492,-4.009695774451977,0.1849762201309204,0.05554182603848381,,,,,,,,,,,,,,,,,,,2,2
2014-08-12 18:00:00+00:00,,,0.3226936459541321,-32.055298198609336,0.8369406014680862,-0.01379712529826195,,,,,,,,,,,,,,,,,,,2,2
2014-08-13 00:00:00+00:00,,,0.3436819911003113,-32.6135044643736,,,,,,,,,,,,,,,,,,,,,2,1
2014-08-13 06:00:00+00:00,,,0.2509903311729431,-32.84187400608174,,,,,,,,,,,,,,,,,,,,,2,1
2014-08-13 12:00:00+00:00,,,0.1886512041091919,-7.826785003254586,0.17424726486206055,-0.17846868039291283,,,,,,,,,,,,,,,,,,,3,2
2014-08-13 18:00:00+00:00,,,0.18058013916015625,-3.9364182349439503,,,,,,,,,,,,,,,,,,,,,1,1
2014-08-14 00:00:00+00:00,,,0.18037927150726318,-11.169996780373896,,,,,,,,,,,,,,,,,,,,,2,1
2014-08-14 06:00:00+00:00,0.7547845244407654,0.2271959880510576,0.1924208402633667,-2.723078825708668,,,,,,,,,,,,,,,,,,,,,2,2
2014-08-14 12:00:00+00:00,0.31243932247161865,0.4456779902303956,0.190840482711792,-2.225763759959461,,,,,,,,,,,,,,,,,,,,,2,2
2014-08-14 18:00:00+00:00,0.33917224407196045,-0.11960057880766925,0.2528953552246094,-4.148426073398619,,,,,,,,,,,,,,,,,,,,,2,2
2014-08-15 00:00:00+00:00,,,0.20959991216659546,-1.2705837089155498,,,,,,,,,,,,,,,,,,,,,1,1
2014-08-15 06:00:00+00:00,,,0.31019824743270874,-3.5247509203026377,,,,,,,,,,,,,,,,,,,,,1,1
2014-08-15 12:00:00+00:00,,,0.27701300382614136,-2.516004535082954,,,,,,,,,,,,,,,,,,,,,1,1
2014-08-15 18:00:00+00:00,,,,,0.3331751823425293,-1.629819803994951,,,,,,,,,,,,,,,,,,,2,2
2014-08-16 00:00:00+00:00,,,0.3891969323158264,-0.4465246454470309,0.3118637204170227,-3.266765760796208,,,,,,,,,,,,,,,,,,,3,3
2014-08-16 06:00:00+00:00,,,0.8913702964782715,-0.15215933174961388,0.20029902458190918,-1.725455087352159,,,,,,,,,,,,,,,,,,,3,3
2014-08-16 12:00:00+00:00,,,0.05505561828613281,0.41055534891327766,0.3238973617553711,-3.1778090347798598,,,,,,,,,,,,,,,,,,,2,2
2014-08-16 18:00:00+00:00,,,,,0.04188382625579834,-0.6912067361849702,,,,,,,,,,,,,,,,,,,1,1
2014-08-17 00:00:00+00:00,,,,,0.0723838210105896,-0.8199250543148748,,,,,,,,,,,,,,,,,,,1,1
2014-08-17 06:00:00+00:00,,,,,0.10612821578979492,-0.23852259792410452,,,,,,,,,,,,,,,,,,,1,1
2014-08-17 12:00:00+00:00,,,,,0.11931633949279785,0.2376539346805508,,,,,,,,,,,,,,,,,,,2,2
2014-08-17 18:00:00+00:00,,,,,0.33026301860809326,0.28544543801350425,,,,,,,,,,,,,,,,,,,2,2
2014-08-18 00:00:00+00:00,,,,,0.4360657334327698,0.13106690659522743,,,,,,,,,,,,,,,,,,,1,1
2014-08-18 06:00:00+00:00,,,,,,,,,,,,,,,,,,,,,,,,,1,0
2014-08-18 12:00:00+00:00,,,,,,,,,,,,,,,,,,,,,,,,,0,0
2014-08-18 18:00:00+00:00,,,,,,,,,,,,,,,,,,,,,,,,,0,0
2014-08-19 00:00:00+00:00,,,,,,,,,,,,,,,,,,,,,,,,,0,0
2014-08-19 06:00:00+00:00,,,,,,,,,,,,,,,,,,,,,,,,,0,0
2014-08-19 12:00:00+00:00,,,,,,,,,,,,,,,,,,,,,,,,,0,0
2014-08-19 18:00:00+00:00,,,,,,,,,,,,,,,,,,,,,,,,,0,0
2014-08-20 00:00:00+00:00,,,,,,,,,,,,,,,,,,,,,,,,,0,0
2014-08-20 06:00:00+00:00,,,0.10139364004135132,0.3177377122401408,,,,,,,,,,,,,,,,,,,,,1,1
2014-08-20 12:00:00+00:00,,,0.1161113977432251,0.08373093942568717,,,,,,,,,,,,,,,0.6147008836269379,0.35137087220161867,,,,,2,2
2014-08-20 18:00:00+00:00,,,0.24548965692520142,-0.40791596734348406,,,,,,,,,,,,,,,0.13723355531692505,2.272771874605159,,,,,2,2
2014-08-21 00:00:00+00:00,,,0.28095269203186035,-0.6650850713798517,,,,,,,,,,,,,,,0.18617212772369385,0.03903176837873729,,,,,2,2
2014-08-21 06:00:00+00:00,,,0.2589458227157593,0.8616643504927838,,,,,,,,,,,,,,,,,,,,,1,1
2014-08-21 12:00:00+00:00,,,0.18434655666351318,-0.16106468305528138,,,,,,,,,,,,,,,0.1304394006729126,-0.3718555804864823,,,,,2,2
2014-08-21 18:00:00+00:00,,,0.013536810874938965,0.34757401478431726,,,,,,,,,,,,,,,0.24093729257583618,0.07538935839365477,,,,,2,2
2014-08-22 00:00:00+00:00,,,0.05032050609588623,-0.4650724878220442,,,,,,,,,,,,,,,0.08487117290496826,0.5350019924916968,,,,,2,2
2014-08-22 06:00:00+00:00,,,0.09399998188018799,-0.5549978893482085,,,,,,,,,,,,,,,0.06105327606201172,-0.5107149838314382,,,,,2,2
2014-08-22 12:00:00+00:00,,,0.17753124237060547,-12.902402019993977,,,,,,,,,,,,,,,0.22835290431976318,-0.8246140254936629,,,,,2,2
2014-08-22 18:00:00+00:00,,,0.0934300422668457,0.10040705382013795,,,,,,,,,,,,,,,,,0.33619773387908936,1.5536770760309981,,,2,2
2014-08-23 00:00:00+00:00,,,,,0.05057227611541748,-0.1627046725139406,,,,,,,,,,,,,,,0.19582390785217285,3.1799425616331445,,,2,2
2014-08-23 06:00:00+00:00,,,,,0.041513919830322266,-0.19887847009514908,,,,,,,,,,,,,,,0.40934157371520996,1.3875959135262566,,,2,2
2014-08-23 12:00:00+00:00,,,,,0.22783231735229492,-0.7831514967759061,,,,,,,,,,,,,,,0.29412543773651123,4.762699039879501,,,2,2
2014-08-23 18:00:00+00:00,,,,,0.02765953540802002,0.2188865662020789,,,,,,,,,,,,,,,0.09752225875854492,4.2870034005305495,,,2,2
2014-08-24 00:00:00+00:00,,,0.1515912413597107,-0.24569440904544845,0.16827714443206787,-0.3150245441502204,,,,,,,,,,,,,,,0.16625094413757324,1.0468392400500104,,,3,3
2014-08-24 06:00:00+00:00,,,0.26580584049224854,-0.3510689497883523,0.4205096960067749,0.15051277348081435,,,,,,,,,,,,,,,0.03777515888214111,0.9433330736654072,,,3,3
2014-08-24 12:00:00+00:00,,,,,0.04573899507522583,0.09016616972006966,,,,,,,,,,,,,,,0.15655064582824707,0.803511999109906,,,2,2
2014-08-24 18:00:00+00:00,,,,,0.2116326093673706,-0.4843394605127408,,,,,,,,,,,,,,,0.27084290981292725,5.005324137289608,,,2,2
2014-08-25 00:00:00+00:00,,,,,0.02379542589187622,0.1404542300822868,0.5102370977401733,1.6283688280712978,,,,,,,,,,,,,0.3746758699417114,1.2182035228441892,,,3,3
2014-08-25 06:00:00+00:00,,,,,0.008514642715454102,-0.1759289321499718,0.6276631355285645,3.133827494167869,,,,,,,,,,,,,0.39796149730682373,0.3089558166828115,,,3,3
2014-08-25 12:00:00+00:00,,,,,0.08574342727661133,-0.08201187246303768,0.4042229652404785,2.169987598242125,,,,,,,,,,,,,0.27469658851623535,2.9254009188918055,,,3,3
2014-08-25 18:00:00+00:00,,,,,0.023150205612182617,0.11962132300732352,,,0.6253058910369873,5.321061672113938,,,,,,,,,,,0.18882238864898682,-0.35259629165520473,,,3,3
2014-08-26 00:00:00+00:00,,,,,,,,,0.7064163684844971,7.371201188378453,,,,,,,,,,,,,,,1,1
2014-08-26 06:00:00+00:00,,,,,,,,,0.6914782524108887,6.586728750673611,,,,,,,,,,,,,,,1,1
2014-08-26 12:00:00+00:00,,,,,,,,,0.7514455318450928,4.892969167488643,,,,,,,,,,,,,,,1,1
2014-08-26 18:00:00+00:00,,,,,,,,,0.7272831201553345,10.87027206312965,,,0.017781972885131836,0.6008767121077555,,,,,,,,,,,2,2
2014-08-27 00:00:00+00:00,,,,,,,,,0.6726723909378052,8.36981253158264,,,0.13952302932739258,0.1318713222209745,,,,,,,,,,,3,2
2014-08-27 06:00:00+00:00,0.22014981508255005,0.3779782853575269,,,,,,,0.7505384683609009,11.688559422913356,,,0.19414210319519043,1.1716704140086565,,,,,,,,,,,3,3
2014-08-27 12:00:00+00:00,0.015393972396850586,-0.10764419324173942,,,,,,,0.7946681976318359,13.878151339959047,,,0.1914832592010498,0.652532040873374,,,,,,,,,,,3,3
2014-08-27 18:00:00+00:00,0.2989634871482849,-0.3483976765287954,,,,,,,0.7412970066070557,10.053267214898218,,,0.2739570140838623,1.9540293855883608,,,,,,,,,,,3,3
2014-08-28 00:00:00+00:00,0.13549286127090454,0.10858642080364941,,,,,,,0.8515915870666504,6.703527278481338,,,0.17179620265960693,5.791060242647917,,,,,,,,,,,3,3
2014-08-28 06:00:00+00:00,0.014372408390045166,-0.043502631351614356,,,,,,,0.7521289587020874,6.425330318706678,,,0.3133174180984497,10.419424303362812,,,,,,,,,,,3,3
2014-08-28 12:00:00+00:00,0.06301224231719971,-0.7345475362552775,,,,,,,0.7618438005447388,8.71723126596637,,,0.15313875675201416,1.4184820558052122,,,,,,,,,,,3,3
2014-08-28 18:00:00+00:00,0.08403027057647705,-0.07495194219159912,,,,,,,0.6839550733566284,2.2522403081889646,,,0.20248210430145264,1.932021170762134,,,,,,,,,,,4,4
2014-08-29 00:00:00+00:00,0.09456092119216919,-1.0250237406749019,,,,,,,0.7461615800857544,13.535478229524808,,,0.14920079708099365,1.569499724102187,,,,,,,,,,,3,3
2014-08-29 06:00:00+00:00,0.3363634943962097,-22.258084603461,,,,,,,0.737058162689209,9.198777406033207,,,0.29585516452789307,2.8108631244586997,,,,,,,,,,,4,4
2014-08-29 12:00:00+00:00,0.08977878093719482,-0.055792199803758616,,,,,,,0.595992922782898,4.982332712977122,,,0.28419041633605957,2.3128019517150986,,,,,,,,,,,3,3
2014-08-29 18:00:00+00:00,0.19608181715011597,-0.1661673118018578,,,,,,,0.7096995115280151,4.25271448031195,,,0.23321318626403809,5.527488499848843,,,,,,,,,,,3,3
2014-08-30 00:00:00+00:00,0.2513962984085083,-0.6360662650404636,,,,,,,,,,,,,0.3671830892562866,5.887682606712368,,,,,,,,,3,3
2014-08-30 06:00:00+00:00,0.0029222965240478516,-0.07987296992537561,,,,,,,,,,,,,0.4520988464355469,8.757454920034121,,,,,,,,,3,3
2014-08-30 12:00:00+00:00,0.05245351791381836,0.001849361109951408,,,,,,,,,,,,,0.479511022567749,16.58376855684013,,,,,,,,,3,3
2014-08-30 18:00:00+00:00,0.057610929012298584,0.1294401716576818,0.0728568434715271,0.5632539752832982,,,,,,,,,,,0.3811529874801636,12.311614527778664,,,,,,,,,4,4
2014-08-31 00:00:00+00:00,0.03698015213012695,0.014677545342951008,0.017303943634033203,-0.11170308895255117,,,,,,,,,,,0.25568127632141113,8.03870181141323,0.41384458541870117,4.0112771999844625,,,,,,,5,5
2014-08-31 06:00:00+00:00,0.0623781681060791,-0.03419000111134647,0.09200406074523926,-0.21181501890329205,,,,,,,,,,,0.2981832027435303,3.795853359057953,,,,,,,,,3,3
2014-08-31 12:00:00+00:00,0.18979978561401367,-1.8902032403655475,0.18447226285934448,-0.41890158201458133,,,,,,,,,,,0.3295605182647705,4.8156600594968175,,,,,0.31605446338653564,1.3281524457404197,,,4,4
2014-08-31 18:00:00+00:00,0.1380934715270996,-0.9957033336985152,,,,,,,,,,,,,0.24917972087860107,7.30956913004651,,,,,,,,,2,2
2014-09-01 00:00:00+00:00,0.23367083072662354,-0.8119123343281623,,,,,,,,,,,,,0.4263709783554077,5.683426072912523,,,,,,,,,2,2
2014-09-01 06:00:00+00:00,0.2535490393638611,-13.192954931799603,,,,,,,,,,,,,0.41168761253356934,4.252649457425028,,,,,,,,,2,2
2014-09-01 12:00:00+00:00,0.19125860929489136,-0.4712507148891135,,,,,,,,,,,,,0.45496833324432373,6.766476885422402,,,,,,,,,3,3
2014-09-01 18:00:00+00:00,,,0.16739588975906372,-0.1458820144432075,,,,,,,,,,,0.4182325601577759,11.187342840820762,,,,,,,,,2,2
2014-09-02 00:00:00+00:00,,,0.15669727325439453,-4.552398835807595,,,,,,,,,,,0.4263695478439331,11.186609073441863,,,,,,,,,3,3
2014-09-02 06:00:00+00:00,,,0.23268187046051025,-0.900676108616515,,,,,,,,,,,0.38122355937957764,3.026228807156884,,,,,,,,,3,3
2014-09-02 12:00:00+00:00,,,0.1787390112876892,-0.3417667304585694,,,,,,,,,,,0.38389086723327637,3.6723433669743772,,,,,,,,,2,2
2014-09-02 18:00:00+00:00,,,0.21693235635757446,-0.9521150807398514,,,,,,,,,,,0.41780829429626465,4.873648824187508,,,,,,,,,2,2
2014-09-03 00:00:00+00:00,,,0.24272805452346802,-3.0000369733096606,,,,,,,,,,,,,0.4993307590484619,8.346092443435554,,,,,,,2,2
2014-09-03 06:00:00+00:00,,,0.2982543110847473,-3.77222329590493,,,,,,,,,,,,,0.5739855766296387,12.46757558505461,,,,,,,2,2
2014-09-03 12:00:00+00:00,,,0.20010483264923096,-2.3957421572269033,,,,,,,,,,,,,0.5248876810073853,5.430182002844507,,,,,,,2,2
2014-09-03 18:00:00+00:00,,,0.15945380926132202,-2.6753042283416204,,,,,,,,,,,,,0.5517803430557251,5.099981607019903,,,,,,,2,2
2014-09-04 00:00:00+00:00,,,0.17139500379562378,-2.6658410571911686,,,,,,,,,,,,,0.4861724376678467,2.37222738014332,,,,,,,3,3
2014-09-04 06:00:00+00:00,,,0.2395474910736084,-6.157405782206979,,,,,,,,,,,,,0.3452112674713135,1.3830449388522539,,,,,,,3,3
2014-09-04 12:00:00+00:00,,,0.18018090724945068,-2.690453679782677,,,,,,,,,,,,,0.06005120277404785,0.45995581088300425,,,,,,,2,2
2014-09-04 18:00:00+00:00,,,0.20469915866851807,-4.845633699723112,,,,,,,,,,,,,0.4352247714996338,1.190882558697022,,,,,,,2,2
2014-09-05 00:00:00+00:00,,,0.16468864679336548,-2.179778804700476,,,,,,,,,,,,,0.21270513534545898,0.24797794573249146,,,,,,,2,2
2014-09-05 06:00:00+00:00,0.08415639400482178,-0.25792427748038865,0.15333086252212524,-4.552143623406445,,,,,,,,,,,,,0.10154247283935547,0.2565549794997176,,,,,,,3,3
2014-09-05 12:00:00+00:00,0.1513412594795227,-0.21538401173626925,0.23660200834274292,-4.739243176093232,,,,,,,,,,,,,0.28629302978515625,0.3232218302829919,,,,,,,3,3
2014-09-05 18:00:00+00:00,0.016631007194519043,0.061564563947196664,0.142328143119812,8.277122782417713,,,,,,,,,,,,,0.125482976436615,-0.25518100997074106,,,,,,,3,3
2014-09-06 00:00:00+00:00,,,0.3138574957847595,-33.64279365483586,,,,,,,,,,,,,0.02437734603881836,-0.4813190552038387,,,,,,,2,2
2014-09-06 06:00:00+00:00,0.043560147285461426,-0.5696066619958869,,,0.280703067779541,-15.133456887291752,,,,,,,,,,,,,,,,,,,2,2
2014-09-06 12:00:00+00:00,0.25070708990097046,-25.98551656061313,,,0.016759276390075684,35.805931868450664,,,,,,,,,,,,,,,,,,,2,2
2014-09-06 18:00:00+00:00,,,0.12099212408065796,-6.553233442820822,,,,,,,,,,,,,,,,,,,,,1,1
2014-09-07 00:00:00+00:00,,,0.1725846529006958,-27.956399619914567,,,,,,,,,,,,,,,,,,,,,1,1
2014-09-07 06:00:00+00:00,,,0.08575224876403809,-0.6117774449663318,,,,,,,,,,,,,,,,,,,,,1,1
2014-09-07 12:00:00+00:00,,,0.13904708623886108,-0.3224658811715089,,,,,,,,,,,,,,,,,,,,,1,1
2014-09-07 18:00:00+00:00,,,0.12741535902023315,-1.8767659143822317,,,,,,,,,,,,,,,,,,,,,1,1
2014-09-08 00:00:00+00:00,,,0.07247304916381836,-1.0921557188862974,0.06153661012649536,0.4690271899690823,,,,,,,,,,,,,,,,,,,3,3
2014-09-08 06:00:00+00:00,,,0.11153334379196167,-0.6583561461518593,0.09301280975341797,-0.04211744957918379,,,,,,,,,,,,,,,,,,,4,4
2014-09-08 12:00:00+00:00,,,0.13090276718139648,-0.09370990442619008,0.15384143590927124,-0.19642162367777438,,,,,,,,,,,,,,,,,,,5,3
2014-09-08 18:00:00+00:00,,,0.11526668071746826,-4.737176497292127,0.09139454364776611,-0.36838516431728346,,,,,,,,,,,,,,,,,,,2,2
2014-09-09 00:00:00+00:00,0.49697017669677734,-1.1222758736758636,0.29258549213409424,17.167061133544333,0.02756291627883911,0.5050326808356951,,,,,,,,,,,,,,,,,,,5,5
2014-09-09 06:00:00+00:00,,,0.07354569435119629,-0.8307130364244304,0.07952797412872314,-0.27875797006354114,,,,,,,,,,,,,,,,,,,2,2
2014-09-09 12:00:00+00:00,0.10194200277328491,-4.217798588862116,0.05189090967178345,-0.21435789087463095,0.8283878415822983,-0.7808482237451403,,,,,,,,,,,,,,,,,,,3,3
2014-09-09 18:00:00+00:00,0.1267000436782837,-0.36191908583698146,0.212124764919281,-1.4201236749013249,,,,,,,,,,,,,,,,,,,,,3,2
2014-09-10 00:00:00+00:00,0.1614394187927246,0.19815877767966486,0.3293877840042114,-1.1175004905016805,,,,,,,,,,,,,,,,,,,,,5,4
2014-09-10 06:00:00+00:00,0.019589781761169434,0.18807149579490867,0.15525054931640625,-0.8090249914388525,,,,,,,,,,,,,,,,,,,,,3,2
2014-09-10 12:00:00+00:00,0.26392287015914917,-0.4438265371108248,0.16002553701400757,-2.3704699298068364,,,,,,,,,,,,,,,,,,,,,2,2
2014-09-10 18:00:00+00:00,0.37953853607177734,1.1132509423440118,0.15355080366134644,-1.2077576176109945,,,,,,,,,,,,,,,,,,,,,3,3
2014-09-11 00:00:00+00:00,,,0.22791481018066406,-2.1486837136217978,,,,,,,,,,,,,,,,,,,,,1,1
2014-09-11 06:00:00+00:00,,,0.11793661117553711,-1.5396319312436115,0.3375949263572693,-0.14773414596576115,,,,,,,,,,,,,,,,,,,3,3
2014-09-11 12:00:00+00:00,0.12232321500778198,-0.15869918419037535,0.22219538688659668,-0.28179994857065954,0.19268852472305298,-0.2237153564665085,,,,,,,,,,,,,,,,,,,4,4
2014-09-11 18:00:00+00:00,0.11474275588989258,-0.05402784531564458,0.25994592905044556,-1.725009377433861,0.02891838550567627,-0.6407080376827727,,,,,,,,,,,,,,,,,,,3,3
2014-09-12 00:00:00+00:00,0.15637797117233276,-0.565626891431136,0.2124420404434204,-0.49870934721549554,0.36484360694885254,0.8170519396110206,,,,,,,,,,,,,,,,,,,6,4
2014-09-12 06:00:00+00:00,0.12053442001342773,-0.04561134330090807,0.1709519624710083,-0.26657596734744127,,,0.06732702255249023,-0.02755507120133079,,,,,,,,,,,,,,,,,4,4
2014-09-12 12:00:00+00:00,0.13245141506195068,0.05687277524125239,0.1376517415046692,-2.382616088829664,,,0.15894156694412231,-0.36828270080157277,,,,,,,,,,,,,,,,,3,3
2014-09-12 18:00:00+00:00,0.09110784530639648,-0.16698269602002488,0.20068460702896118,-0.3116102490521934,0.05435538291931152,-0.43874386930737785,0.21998709440231323,-1.1261213429755692,,,,,,,,,,,,,,,,,4,4
2014-09-13 00:00:00+00:00,,,0.14646190404891968,-0.9728766889961691,,,0.09989601373672485,-0.5657403226978772,,,,,,,,,,,,,,,,,2,2
2014-09-13 06:00:00+00:00,,,0.0855635404586792,0.006873978442856306,,,0.032934606075286865,-0.09952197908307163,,,,,,,,,,,,,,,,,2,2
2014-09-13 12:00:00+00:00,,,0.036954522132873535,25.37448905763606,,,0.24438834190368652,-1.9373367327182072,,,,,,,,,,,,,,,,,2,2
2014-09-13 18:00:00+00:00,,,0.13077706098556519,-0.6638558611619181,,,0.17347067594528198,-4.458146924513215,,,,,,,,,,,,,,,,,2,2
2014-09-14 00:00:00+00:00,,,0.12308913469314575,-2.3325753352117173,,,0.2338305115699768,-4.275790418133264,,,,,,,,,,,,,,,,,2,2
2014-09-14 06:00:00+00:00,,,0.14040589332580566,-1.582374415490122,,,0.273179829120636,-2.8724588796173136,,,,,,,,,,,,,,,,,2,2
2014-09-14 12:00:00+00:00,,,0.1365014910697937,-0.8552638329550802,0.1405491828918457,-1.9422004640951391,0.2455018162727356,-2.2313792934645083,,,,,,,,,,,,,,,,,3,3
2014-09-14 18:00:00+00:00,,,0.14580518007278442,-2.440291148934221,0.14443296194076538,-0.47671769133286135,0.1676548719406128,-2.4836768741127875,,,,,,,,,,,,,,,,,3,3
2014-09-15 00:00:00+00:00,,,0.15542203187942505,-2.519376421687878,0.0984034538269043,-1.1691458518412814,,,0.17012947797775269,-8.229879470663835,,,,,,,,,,,,,,,3,3
2014-09-15 06:00:00+00:00,,,0.06298261880874634,-1.050220319423084,0.09747976064682007,-1.6170860447350421,,,0.12948310375213623,-8.10417973478447,,,,,,,,,,,,,,,3,3
2014-09-15 12:00:00+00:00,,,0.13862764835357666,-1.4971369020565115,0.046930015087127686,-0.2891746747527425,,,0.29679960012435913,-3.3379063465670513,,,,,,,,,,,,,,,3,3
2014-09-15 18:00:00+00:00,,,0.15309441089630127,-1.6047980365260714,0.07051467895507812,-0.05362072358167329,,,0.13408255577087402,-2.011662313672898,,,,,,,,,,,,,,,3,3
2014-09-16 00:00:00+00:00,,,0.1539325714111328,-1.4456735417739655,0.017356514930725098,-0.1396323942542639,,,0.19075334072113037,-3.847519395502426,,,,,,,,,,,,,,,3,3
2014-09-16 06:00:00+00:00,,,0.18063569068908691,-2.2000686825167777,0.009891867637634277,0.06589525315681594,,,0.13719826936721802,-1.8637382024498885,,,,,,,,,,,,,,,3,3
2014-09-16 12:00:00+00:00,,,0.1722414493560791,-0.8683050541864721,,,,,0.2004874348640442,-3.2657153913381127,,,,,,,,,,,,,,,2,2
2014-09-16 18:00:00+00:00,,,0.23040354251861572,-27.121548343579633,0.1751369833946228,0.5934958329694536,,,0.10264426469802856,0.7254139291908546,,,,,,,,,,,,,,,3,3
2014-09-17 00:00:00+00:00,,,0.2669922709465027,-35.138815692516154,,,,,0.20365917682647705,-2.2802922128838947,,,,,,,,,,,,,,,3,3
2014-09-17 06:00:00+00:00,,,0.19377464056015015,-26.37563640778113,,,,,0.15402424335479736,0.352274598691079,,,,,,,,,,,,,,,2,2
2014-09-17 12:00:00+00:00,,,0.015458464622497559,-0.4310087212020028,0.2541462779045105,-26.297990143719097,,,0.17943519353866577,-2.3332222859332212,,,,,,,,,,,,,,,4,3
2014-09-17 18:00:00+00:00,,,,,0.10400134325027466,-0.27081297488264977,,,0.3560970425605774,-6.653860107962362,,,0.1236269474029541,1.5254637181154083,,,,,,,,,,,4,4
2014-09-18 00:00:00+00:00,0.14412951469421387,0.19728314020221666,0.10927706956863403,-0.32514506939956817,0.042462706565856934,-0.1686010244900872,,,0.3923172950744629,-8.040478507524456,,,0.4406864643096924,8.409947639080789,,,,,,,,,,,7,7
2014-09-18 06:00:00+00:00,,,0.1197425127029419,0.3558851848259551,0.18182581663131714,-0.21978260777318132,,,0.263782799243927,-2.9527116774790625,,,0.3640618324279785,6.854474947529698,,,,,,,,,,,4,4
2014-09-18 12:00:00+00:00,,,0.1607634425163269,-1.0194300292759144,0.09045720100402832,-0.8002368870721398,,,0.37813299894332886,-5.271242529057955,,,,,0.45923101902008057,7.179826970589906,,,,,,,,,5,5
2014-09-18 18:00:00+00:00,,,0.39410942792892456,0.03538963284999617,0.1910577416419983,-19.37647017024906,,,0.39828062057495117,0.08850132548816025,0.13850903511047363,-1.0558943392354045,,,0.4826035499572754,7.5754979040106205,,,,,,,,,5,5
2014-09-19 00:00:00+00:00,,,0.047548115253448486,-0.16827313348327289,0.16487258672714233,-10.959885557924519,,,,,0.3076801896095276,-2.5135089074010946,,,0.5009784698486328,3.7904259259791147,,,,,,,,,5,5
2014-09-19 06:00:00+00:00,,,0.0547027587890625,1.3189612684676006,0.3828315734863281,-21.294780219373408,,,,,0.3996692895889282,-1.4567807974125488,,,0.5837717056274414,5.254446012054318,,,,,,,,,5,5
2014-09-19 12:00:00+00:00,,,,,0.26146799325942993,-11.42729267892775,,,,,,,,,0.6597727537155151,7.405427471717543,,,,,,,,,2,2
2014-09-19 18:00:00+00:00,,,,,0.5159520506858826,-11.631494620197236,,,,,0.0151558518409729,-0.056633556504182364,,,0.6507477760314941,6.949557304377338,,,,,,,,,4,4
2014-09-20 00:00:00+00:00,,,,,0.4575349688529968,-14.273448495561247,,,,,,,,,0.5958534479141235,8.000562204194857,,,,,,,,,3,3
2014-09-20 06:00:00+00:00,,,,,0.12982022762298584,0.12880278019094052,0.6860805749893188,3.387044713847067,,,0.321991503238678,-0.3906046685900803,,,0.40762126445770264,9.838006197828179,,,,,,,,,5,5
2014-09-20 12:00:00+00:00,,,,,0.4995845556259155,-10.232340617387024,0.6969822645187378,5.656567397527447,,,0.18862861394882202,0.6924860913705143,,,0.2953171730041504,3.12729399259827,,,,,,,,,5,5
2014-09-20 18:00:00+00:00,,,,,0.14664465188980103,0.07217207262604146,0.8030670881271362,4.662683936730485,,,0.22341489791870117,-1.016313253192693,,,0.40453803539276123,1.0775786632842983,,,,,,,,,5,5
2014-09-21 00:00:00+00:00,,,,,0.2501842975616455,-0.24119800047057305,0.6760259866714478,5.416481008654664,,,0.14855509996414185,-0.03612867306806804,,,0.5742429494857788,-0.2652396028606151,,,0.5787738561630249,0.18140017522290403,,,,,8,7
2014-09-21 06:00:00+00:00,,,,,0.14688241481781006,0.018534311655210894,,,0.6365958452224731,8.708047813168633,,,,,,,,,0.4065603017807007,-0.15736615465255693,,,,,5,4
2014-09-21 12:00:00+00:00,,,,,0.03185129165649414,0.07031613167554368,,,0.5593634843826294,7.111600965615084,,,,,,,,,0.1490381956100464,0.05558121793364837,,,,,5,5
2014-09-21 18:00:00+00:00,,,,,0.10279500484466553,-0.23085309541001822,,,0.7164220809936523,7.69726222915421,,,,,,,,,0.19026446342468262,0.05800237768537335,,,,,4,4
2014-09-22 00:00:00+00:00,,,,,0.3554384708404541,-0.8451652973819334,,,0.74263596534729,6.431983571132239,,,,,,,,,0.24255645275115967,0.009042471770142772,,,,,3,3
2014-09-22 06:00:00+00:00,,,,,,,,,0.7456303834915161,5.490226875791676,,,,,,,,,0.299594521522522,-0.38300016519366026,,,,,4,2
2014-09-22 12:00:00+00:00,,,,,,,,,0.7266044616699219,7.662916828251641,,,,,,,,,0.15655255317687988,0.3794378090197019,,,,,2,2
2014-09-22 18:00:00+00:00,,,,,,,,,0.6827844381332397,4.707002350278116,,,,,,,,,0.26342636346817017,-0.3694119030648278,,,,,2,2
2014-09-23 00:00:00+00:00,,,,,,,,,0.7171856164932251,6.977876639311157,,,,,,,,,0.04095494747161865,-0.47669297267053073,,,,,2,2
2014-09-23 06:00:00+00:00,,,,,,,,,0.6281164884567261,5.490718007477368,,,,,,,,,0.0092545747756958,-0.48650147526563425,,,,,2,2
2014-09-23 12:00:00+00:00,,,,,,,,,0.7415375709533691,13.28671552879668,,,,,,,,,0.06664764881134033,0.38489911085343287,,,,,2,2
2014-09-23 18:00:00+00:00,,,,,,,,,0.7332054376602173,12.703369164030658,,,,,,,,,0.06706225872039795,0.5190654496796928,0.0930548906326294,0.045766266245141886,,,3,3
2014-09-24 00:00:00+00:00,,,,,,,,,0.5799821615219116,6.298345407544422,,,,,,,,,0.04807770252227783,0.13650879365962856,0.04193449020385742,0.09420581212565138,,,4,3
2014-09-24 06:00:00+00:00,0.1281166672706604,0.10202195768446397,,,,,,,0.7153967618942261,7.760273552786852,,,,,,,,,0.03701901435852051,0.35184965199305385,,,,,3,3
2014-09-24 12:00:00+00:00,0.03159976005554199,1.9806508883785514,,,,,,,0.6837743520736694,4.348495327236365,,,,,,,,,0.046274662017822266,-0.08600418926183521,,,,,3,3
2014-09-24 18:00:00+00:00,0.04361093044281006,0.31985877407001434,,,,,,,0.5364677906036377,2.807191808958251,,,,,,,,,0.15203726291656494,2.523943030771653,0.05068016052246094,-0.4281518656877848,,,4,4
2014-09-25 00:00:00+00:00,0.08938533067703247,0.1389913639702921,,,,,,,0.5455267429351807,2.551956171353401,,,,,,,,,0.14646780490875244,1.1981117804980008,0.07629787921905518,0.31002972391553335,,,4,4
2014-09-25 06:00:00+00:00,0.09855389595031738,-0.01157212547556777,,,,,,,0.5203579664230347,1.5826176952055169,,,,,,,,,0.04184317588806152,2.621647671987905,,,0.3766474723815918,0.6222276934422087,5,5
2014-09-25 12:00:00+00:00,0.22099649906158447,-0.3632587967467416,,,,,,,,,0.6776564121246338,8.64187765949439,,,,,,,0.020556390285491943,0.007738043286141735,0.2601909637451172,-0.26802370249523433,0.37673747539520264,-0.5143175490892765,6,6
2014-09-25 18:00:00+00:00,0.009035885334014893,-0.7336294733036183,,,,,,,,,0.6703611612319946,6.02311548782809,,,,,,,0.09197092056274414,-0.1699700658755183,,,0.3994021415710449,-0.32041943257967004,6,6
2014-09-26 00:00:00+00:00,0.16755855083465576,-0.8055797166360409,,,,,,,,,,,,,,,,,0.2282414436340332,11.589063405046197,,,0.18582236766815186,0.014195248335132105,5,5
2014-09-26 06:00:00+00:00,0.07919818162918091,-1.6574304013098382,,,,,,,,,,,,,,,,,,,0.042604923248291016,-0.3554613220516448,,,2,2
2014-09-26 12:00:00+00:00,0.1394745111465454,0.33408479594647345,,,,,,,,,,,,,,,,,0.006479501724243164,0.2996357815061344,0.09959489107131958,-0.15502728835462648,,,4,4
2014-09-26 18:00:00+00:00,0.1396946907043457,2.590623413094557,,,,,,,,,,,,,,,,,,,0.09293860197067261,0.9927742052673708,,,3,3
2014-09-27 00:00:00+00:00,0.15059435367584229,-0.6528093702067547,,,,,,,,,,,,,,,,,,,0.07500433921813965,0.028086801857342896,,,5,4
2014-09-27 06:00:00+00:00,0.14560246467590332,-0.43468760369777854,,,,,,,,,,,,,,,,,0.11120480298995972,-0.2753361682666827,0.16955113410949707,0.18513068790210715,,,5,5
2014-09-27 12:00:00+00:00,0.23914796113967896,-2.8890872697819914,,,,,,,,,,,,,,,,,,,0.03939414024353027,-0.1201150676123779,,,5,5
2014-09-27 18:00:00+00:00,0.20836323499679565,-1.2357218061579323,,,,,,,,,,,,,,,,,,,0.22333276271820068,0.029094309021504974,,,4,4
2014-09-28 00:00:00+00:00,0.23455560207366943,-6.587407212781339,,,,,,,,,,,,,,,,,,,0.149325430393219,-0.015971038236299886,,,5,5
2014-09-28 06:00:00+00:00,0.2297534942626953,-11.05018231806724,,,,,,,,,,,,,,,,,,,0.13359296321868896,0.8088283725173138,,,2,2
2014-09-28 12:00:00+00:00,,,0.1519768238067627,-4.483362157306338,,,,,,,,,,,,,,,,,0.058090806007385254,-0.020698925090672556,0.12333953380584717,1.1327560980693332,4,4
2014-09-28 18:00:00+00:00,,,0.2572982907295227,-5.5077470001312525,,,,,,,,,,,,,,,,,0.062466323375701904,0.08272751064408634,0.052165091037750244,-0.22200149155793752,3,3
2014-09-29 00:00:00+00:00,,,0.2297406792640686,-1.903358228401002,,,,,,,,,0.003044605255126953,0.8980337652371178,,,,,,,,,0.0263901948928833,-0.040485279269900434,3,3
2014-09-29 06:00:00+00:00,,,0.21867769956588745,-6.305699130921291,,,,,,,,,0.24647927284240723,-0.1316922577395738,,,,,,,,,0.06444883346557617,0.14912741684893785,3,3
2014-09-29 12:00:00+00:00,,,0.2284126877784729,-12.307644995988744,,,,,,,,,,,,,,,0.13823139667510986,0.23031652979851575,0.023313045501708984,7.3874772196429115,,,3,3
2014-09-29 18:00:00+00:00,,,0.2560206651687622,-5.689172337570728,,,,,,,,,,,,,,,0.16522884368896484,0.6435013339001018,0.034290194511413574,0.48328074440596713,,,4,4
2014-09-30 00:00:00+00:00,,,0.2491089105606079,-4.805338248576181,,,,,,,,,,,,,,,0.30138063430786133,0.41832514228272893,0.04790353775024414,0.12081071598196501,,,4,4
2014-09-30 06:00:00+00:00,,,0.20205986499786377,-8.774897447027257,,,,,,,,,,,,,,,0.011570096015930176,0.2573354447989245,,,0.06787121295928955,4.175660551527694,3,3
2014-09-30 12:00:00+00:00,,,0.2321566343307495,-4.109339635707086,,,,,,,,,,,,,,,0.23157405853271484,1.2803722739962913,0.0004189014434814453,0.5417746490765013,0.0029926300048828125,1.3008609285300015,4,4
2014-09-30 18:00:00+00:00,,,0.2863006591796875,-10.821192126651928,,,,,,,,,0.021902918815612793,1.8076131914893832,,,,,,,0.10613560676574707,-0.20338912791584507,0.09487462043762207,2.388538884519859,4,4
2014-10-01 00:00:00+00:00,,,0.189339280128479,-4.7588520081529735,,,,,,,,,,,0.026864290237426758,4.298584306723341,,,,,,,0.010720014572143555,0.0595356363715034,3,3
2014-10-01 06:00:00+00:00,0.7973789423704147,0.23787720916225363,0.24557900428771973,-8.448604566598753,,,,,,,,,,,0.15177416801452637,14.116166063857683,,,,,0.05886876583099365,0.307374896087387,0.11693346500396729,0.4621381888613102,5,5
2014-10-01 12:00:00+00:00,0.06775039434432983,0.17385317020498003,0.17822962999343872,-3.621314176613548,,,,,,,,,,,0.32289981842041016,12.020260609805778,,,,,0.36022067070007324,0.10835130979036747,0.1325068473815918,0.5461456583914295,7,7
2014-10-01 18:00:00+00:00,0.29193854331970215,-0.0788627446294643,0.13470619916915894,-1.5848999817223042,,,,,,,,,,,0.32974016666412354,6.736591973279343,,,,,,,0.32194894552230835,-16.389545859095925,5,5
2014-10-02 00:00:00+00:00,0.39367663860321045,0.5503237247026507,0.18296027183532715,-2.435964067936711,,,,,,,,,,,0.13560724258422852,1.8967506432858692,,,,,,,0.08971977233886719,-0.05916372006941267,6,6
2014-10-02 06:00:00+00:00,0.48479163646698,-0.29565423457234924,0.15850955247879028,-3.965086750082119,,,,,,,,,,,0.3218040466308594,3.7733187527227976,,,,,,,0.03095012903213501,-0.08322069288265936,7,7
2014-10-02 12:00:00+00:00,,,0.19905906915664673,-2.5309725297354984,,,,,,,,,,,0.26358330249786377,3.3285495403599556,,,,,,,0.12554341554641724,-1.6674569118795624,5,4
2014-10-02 18:00:00+00:00,,,,,0.010167956352233887,-1.411189136506081,,,,,,,,,0.38244402408599854,5.497796778412234,,,,,,,0.13145041465759277,0.19752864974649642,5,4
2014-10-03 00:00:00+00:00,0.42948031425476074,-0.6646055368581057,,,0.12494462728500366,-1.7627367204951143,,,,,,,,,0.3598209619522095,6.969558822556966,,,,,,,0.01580631732940674,11.22658154301336,5,5
2014-10-03 06:00:00+00:00,0.19760477542877197,-0.8930721963605842,0.057823359966278076,-2.1726064626159833,0.23785942792892456,-2.751356657846272,,,,,,,,,0.3476775884628296,6.605388906238142,,,,,,,0.03670942783355713,0.3149404588332311,6,6
2014-10-03 12:00:00+00:00,0.1868208646774292,0.08645034328578882,0.10071462392807007,-7.844728560047626,0.22190159559249878,-3.1560462739781308,,,,,,,,,0.26826488971710205,7.9258479325600675,,,,,,,0.22272837162017822,-3.424775840335684,7,7
2014-10-03 18:00:00+00:00,0.080466628074646,-0.6486529753521226,,,0.21172505617141724,-0.2562644880763217,,,,,,,,,0.19675040245056152,5.132733000506951,,,,,,,0.033471107482910156,-0.10876626948165054,6,5
2014-10-04 00:00:00+00:00,0.09245753288269043,-0.2913616810774723,,,0.19668322801589966,-0.1687655172577827,,,,,,,,,0.30626535415649414,7.5652907717445395,,,,,,,0.07323098182678223,-0.07511838964997171,5,5
2014-10-04 06:00:00+00:00,0.06852543354034424,0.0765059816864872,,,0.14326822757720947,-1.7580826080269691,,,,,,,,,0.30568599700927734,5.140305608643143,,,,,,,0.2704548239707947,-0.19741134527533505,5,5
2014-10-04 12:00:00+00:00,0.042893409729003906,0.13821401649880968,,,0.009041368961334229,0.5004613544820156,,,,,,,,,0.2988656759262085,20.34775675976586,,,,,,,0.4175634980201721,-0.22993393945350377,7,7
2014-10-04 18:00:00+00:00,0.22552192211151123,-0.2631110858154282,,,0.15213751792907715,-0.11729875491161183,,,,,,,,,0.19778406620025635,4.638331500014455,,,,,,,0.461309552192688,0.3304964508083114,8,8
2014-10-05 00:00:00+00:00,0.19153183698654175,-0.19089138986844972,,,0.024394214153289795,0.17265212988479312,,,,,,,,,,,0.322733998298645,12.309566116430169,,,,,0.3159518837928772,-1.3840160083554225,6,6
2014-10-05 06:00:00+00:00,0.04075467586517334,0.7720978030012321,,,0.5466127097606659,-14.176101392297264,,,,,,,,,,,0.23898255825042725,8.598321324516682,,,,,,,4,4
2014-10-05 12:00:00+00:00,0.11511218547821045,-0.30326614015490194,,,0.1751267910003662,-0.2089482884896937,,,,,,,,,,,,,,,,,0.246171236038208,3.676815130012027,5,5
2014-10-05 18:00:00+00:00,0.03855550289154053,-0.5756100170257403,,,0.05338430404663086,0.7076850674806052,,,,,,,,,,,0.346193790435791,2.520946960926732,,,,,,,3,3
2014-10-06 00:00:00+00:00,0.12164866924285889,-0.14287822088376248,,,0.3824080228805542,0.5230944106870663,,,,,,,,,,,0.23142385482788086,-0.21671364204928437,,,,,,,3,3
2014-10-06 06:00:00+00:00,0.09897595643997192,-0.24137451847272026,,,,,,,,,,,,,,,0.3451848030090332,7.545207922390182,,,,,,,2,2
2014-10-06 12:00:00+00:00,,,0.12004387378692627,-1.339892338958485,,,,,,,,,,,,,0.14812791347503662,1.0935121781541863,,,,,,,2,2
2014-10-06 18:00:00+00:00,0.1686553955078125,-0.03070556610359227,0.055287957191467285,-1.2508709850863602,,,,,,,,,,,,,0.1634540557861328,2.2700897076299564,,,,,,,4,4
2014-10-07 00:00:00+00:00,,,0.08798432350158691,-1.9749785426042399,,,,,,,,,,,,,0.08813059329986572,0.19271804159088463,,,,,,,2,2
2014-10-07 06:00:00+00:00,,,0.0780068039894104,-0.7353805415010763,,,,,,,,,,,,,0.2808116674423218,3.415023568037533,,,,,,,2,2
2014-10-07 12:00:00+00:00,,,0.15291476249694824,-17.063390903777258,,,,,,,,,,,,,0.13526678085327148,-0.09935096648704106,,,,,,,2,2
2014-10-07 18:00:00+00:00,0.4786565899848938,-25.392862906998545,0.1690065860748291,-0.5013181815309135,,,,,,,,,,,,,,,,,,,,,3,3
2014-10-08 00:00:00+00:00,0.18518608808517456,-1.7110070912328763,0.18406683206558228,-0.4746053268381757,,,,,,,,,,,,,,,,,,,,,2,2
2014-10-08 06:00:00+00:00,0.24761849641799927,-19.74519054835503,0.03757745027542114,0.328710218980223,,,,,,,,,,,,,,,,,,,,,4,4
2014-10-08 12:00:00+00:00,0.12321227788925171,-0.8618980153988707,0.0899309515953064,0.26616019752029585,,,,,,,,,,,,,,,,,,,,,3,3
2014-10-09 00:00:00+00:00,0.2359253168106079,-1.5653247475087892,0.16983813047409058,-0.48263163886783494,,,,,,,,,,,,,,,,,,,,,2,2
2014-10-09 06:00:00+00:00,,,0.28314316272735596,-2.4175967453717715,,,,,,,,,,,,,,,,,,,,,2,2
2014-10-09 12:00:00+00:00,,,0.2235315442085266,-4.500881811551723,,,,,,,,,,,,,,,,,,,,,1,1
2014-10-09 18:00:00+00:00,,,0.2113094925880432,-1.1227493347873527,,,,,,,,,,,,,,,,,,,,,1,1
2014-10-10 00:00:00+00:00,,,0.24624216556549072,-20.078303382336603,,,,,,,,,,,,,,,,,,,,,1,1
2014-10-10 06:00:00+00:00,,,0.2395074963569641,-3.1235351539669756,,,,,,,,,,,,,,,,,,,,,3,1
2014-10-10 12:00:00+00:00,,,0.2587062120437622,-20.379187783758013,,,,,,,,,,,,,,,,,,,,,2,1
2014-10-10 18:00:00+00:00,,,0.2904777526855469,-4.601268804915691,,,,,,,,,,,,,,,,,,,,,1,1
2014-10-11 00:00:00+00:00,,,0.2853880524635315,-4.74046373586143,,,,,,,,,,,,,,,,,,,,,1,1
2014-10-11 06:00:00+00:00,,,0.2443011999130249,-16.72488661853618,,,,,,,,,,,,,,,,,,,,,1,1
2014-10-11 12:00:00+00:00,,,0.20706415176391602,-1.9612061472176487,,,,,,,,,,,,,,,,,,,,,1,1
2014-10-11 18:00:00+00:00,,,0.1802278757095337,-9.340244652559013,,,,,,,,,,,,,,,,,,,,,1,1
2014-10-12 00:00:00+00:00,,,0.22702157497406006,-2.095815781556572,,,,,,,,,,,,,,,,,,,,,1,1
2014-10-12 06:00:00+00:00,,,0.19807249307632446,-3.959291045278975,,,,,,,,,,,,,,,,,,,,,1,1
2014-10-12 12:00:00+00:00,,,0.21686828136444092,-5.847668256271168,,,,,,,,,,,,,,,,,,,,,1,1
2014-10-12 18:00:00+00:00,,,0.24481302499771118,-2.681628931693527,,,,,,,,,,,,,,,,,,,,,1,1
2014-10-13 00:00:00+00:00,,,0.2409592866897583,-3.238508809329197,,,,,,,,,,,,,,,,,,,,,1,1
2014-10-13 06:00:00+00:00,,,0.19005006551742554,-2.5356597912574297,,,,,,,,,,,,,,,,,,,,,1,1
2014-10-13 12:00:00+00:00,,,0.19230878353118896,-2.066509402048751,,,,,,,,,,,,,,,,,,,,,1,1
2014-10-13 18:00:00+00:00,,,0.14550679922103882,0.204224772485129,,,,,,,,,,,,,,,,,,,,,1,1
2014-10-14 00:00:00+00:00,,,0.15350085496902466,-1.2000256111848542,,,,,,,,,,,,,,,0.320026695728302,-0.01042343614212235,,,,,2,2
2014-10-14 06:00:00+00:00,,,,,0.21690821647644043,-1.3372824640970187,,,,,,,,,,,,,0.3178764581680298,0.540187618935994,,,,,2,2
2014-10-14 12:00:00+00:00,,,,,0.17980551719665527,-3.0531959891905265,,,,,,,,,,,,,0.038011908531188965,-0.5380473774569494,,,,,2,2
2014-10-14 18:00:00+00:00,,,,,0.18548929691314697,-0.9647410822707607,,,,,,,,,,,,,0.0430336594581604,-0.08002976382058229,,,,,2,2
2014-10-15 00:00:00+00:00,,,,,0.2343427538871765,-4.683470570696048,,,,,,,,,,,,,0.06832993030548096,-0.043571907760961696,,,,,2,2
2014-10-15 06:00:00+00:00,,,,,0.10508978366851807,-2.127656789364923,,,,,,,,,,,,,0.05149257183074951,-0.17799379528820558,,,,,2,2
2014-10-15 12:00:00+00:00,,,,,0.015457212924957275,-2.0907644055145957,,,,,,,,,,,,,0.18145477771759033,0.13890215131828684,,,,,2,2
2014-10-15 18:00:00+00:00,,,,,0.09156262874603271,-0.2018774080075293,,,,,,,0.3277338743209839,0.266734911210671,0.40980255603790283,6.6595837348062314,,,0.06237053871154785,0.3323635170330624,,,,,4,4
2014-10-16 00:00:00+00:00,,,,,0.047705888748168945,-0.10589522634202603,,,,,,,0.49497127532958984,0.9423027784128672,0.5982489585876465,5.222227418788846,,,0.018985748291015625,-0.06336648616069028,,,,,4,4
2014-10-16 06:00:00+00:00,,,,,0.08386284112930298,-0.34528132549190166,,,,,,,,,0.5313142538070679,1.8382234708788763,,,0.06577765941619873,0.4835035456360886,,,,,4,4
2014-10-16 12:00:00+00:00,,,,,0.14982879161834717,-0.24139593297266276,,,,,0.18992185592651367,-0.6492686361148393,,,0.41590094566345215,5.531113080038451,,,0.014440059661865234,0.5115921710433524,,,,,6,5
2014-10-16 18:00:00+00:00,,,,,0.15675050020217896,-2.4229039394463316,,,,,,,,,0.35779106616973877,5.818173113559942,,,0.025565683841705322,0.08735799206183911,,,,,4,4
2014-10-17 00:00:00+00:00,,,,,0.08120930194854736,-0.3225036062547671,,,,,,,,,0.5705016851425171,12.491207860893619,,,0.11834383010864258,0.07470254353178679,,,,,4,4
2014-10-17 06:00:00+00:00,,,,,0.023560404777526855,-0.2713840440562666,,,,,,,,,0.4267617464065552,5.2533735904732275,,,0.1416863203048706,0.8576619646805276,,,,,4,4
2014-10-17 12:00:00+00:00,,,,,0.07841897010803223,-0.014478041473992481,,,,,,,,,0.45369982719421387,5.489762755251401,,,0.1664576530456543,0.6631719622218162,,,,,6,6
2014-10-17 18:00:00+00:00,,,,,0.0935739278793335,-0.07855425318368739,,,,,,,,,0.5456637144088745,7.427588335794313,,,0.1390446424484253,0.35824419261030394,,,,,4,4
2014-10-18 00:00:00+00:00,,,,,0.3577631711959839,-0.7525511963317311,,,,,,,,,0.45644164085388184,8.4272464103066,,,,,0.05243360996246338,0.45024308047032124,,,5,4
2014-10-18 06:00:00+00:00,,,,,0.0373917818069458,0.31209758808036736,,,,,,,,,0.4882093667984009,6.365429917265654,,,,,0.16345298290252686,2.684521565530039,,,5,4
2014-10-18 12:00:00+00:00,,,,,,,,,,,,,,,0.5065187215805054,9.809083507707273,,,,,0.13454902172088623,-0.05195456101286109,,,4,3
2014-10-18 18:00:00+00:00,,,,,,,,,,,,,,,0.5118323564529419,6.5214621194935205,,,,,0.14903295040130615,0.25514492604958494,,,3,3
2014-10-19 00:00:00+00:00,,,,,,,,,,,,,,,0.5918018817901611,7.243901857424074,,,,,0.21886515617370605,0.08219279528588698,,,3,3
2014-10-19 06:00:00+00:00,,,,,,,,,,,,,,,0.42252111434936523,5.120921918766585,,,,,0.2235720157623291,1.13538401595498,,,3,3
2014-10-19 12:00:00+00:00,,,,,,,,,,,,,,,0.5322065353393555,8.210741452144623,,,,,0.37468039989471436,1.317399581189455,,,3,3
2014-10-19 18:00:00+00:00,,,,,,,,,,,,,,,0.5762755870819092,9.191777844356166,0.60121750831604,3.3754920775485684,,,0.15025901794433594,0.4009727885658965,,,4,4
2014-10-20 00:00:00+00:00,,,,,,,,,,,,,,,0.46691131591796875,3.671398765517287,0.7556684017181396,5.046593110057207,,,0.16855496168136597,0.1290949344630454,,,3,3
2014-10-20 06:00:00+00:00,,,,,,,,,,,,,,,0.43099987506866455,8.702126965819227,0.717756986618042,2.7155665742038924,,,0.031214237213134766,-0.3527864691171468,,,3,3
2014-10-20 12:00:00+00:00,,,,,,,,,,,,,,,,,0.23075759410858154,1.519574985330008,,,0.05389118194580078,-0.4524174105116034,,,3,3
2014-10-20 18:00:00+00:00,,,,,,,,,,,,,,,,,0.42534196376800537,0.8225014349060269,,,0.13362860679626465,-0.2379753622561897,,,2,2
2014-10-21 00:00:00+00:00,,,,,,,,,,,,,,,,,0.05557924509048462,0.9568200946947917,,,,,,,1,1
2014-10-21 06:00:00+00:00,,,,,,,,,,,,,,,,,,,,,0.5536997318267822,0.20038758127500458,,,1,1
2014-10-21 12:00:00+00:00,,,,,,,,,,,,,,,,,,,,,0.31463050842285156,0.09381507662828963,,,1,1
2014-10-21 18:00:00+00:00,,,,,,,,,,,,,0.2171391248703003,0.26491902347014074,,,,,,,,,0.5795366764068604,0.5813411897755905,2,2
2014-10-22 00:00:00+00:00,,,,,,,,,,,,,0.04584038257598877,-1.9407603879622652,,,,,,,,,0.12251150608062744,0.10847437059859738,2,2
2014-10-22 06:00:00+00:00,,,,,,,,,,,,,0.06171619892120361,1.432475101725592,,,,,,,,,,,1,1
2014-10-22 12:00:00+00:00,0.9829224981367588,-0.6849867097493668,,,,,,,,,,,0.01503753662109375,0.24013997322550598,,,,,,,,,,,2,2
2014-10-22 18:00:00+00:00,0.9355129897594452,-6.331403518647798,,,,,,,,,,,0.43308472633361816,2.2099835117102278,,,,,,,,,,,2,2
2014-10-23 00:00:00+00:00,0.04732966423034668,0.2512822390303454,,,,,,,,,,,0.1184912919998169,2.0500271153751353,,,,,,,,,,,2,2
2014-10-23 06:00:00+00:00,0.33862006664276123,-0.4877695322297128,,,,,,,,,,,0.09952306747436523,-0.9310907261891193,,,,,,,,,,,2,2
2014-10-23 12:00:00+00:00,0.06021761894226074,-0.0258532671406015,,,,,,,,,,,0.043791115283966064,0.08391295696503402,,,,,,,,,,,2,2
2014-10-23 18:00:00+00:00,0.661775529384613,-9.943682207049797,,,,,,,,,,,0.1179436445236206,-0.3996458391666359,,,,,,,,,,,2,2
2014-10-24 00:00:00+00:00,0.5444342494010925,-13.458922034482278,,,,,,,,,,,0.25630271434783936,3.3156574343125156,,,,,,,,,,,2,2
2014-10-24 06:00:00+00:00,0.21203917264938354,-2.8608798837326193,,,,,,,,,,,0.09645849466323853,-1.5291199818097174,,,,,,,,,,,2,2
2014-10-24 12:00:00+00:00,0.44161325693130493,-16.732368527092824,,,,,,,,,,,0.1756608486175537,0.09785196285757755,,,,,,,,,,,2,2
2014-10-24 18:00:00+00:00,0.07339799404144287,-0.21881110882424448,,,,,,,,,,,,,0.282761812210083,4.305187178055613,,,,,,,,,2,2
2014-10-25 00:00:00+00:00,0.2343752384185791,-12.85229442450295,,,,,,,,,,,,,,,,,,,,,,,1,1
2014-10-25 06:00:00+00:00,0.4357847571372986,-20.47610663959336,,,,,,,,,,,,,0.03113114833831787,-0.7824304972894837,,,,,,,,,2,2
2014-10-25 12:00:00+00:00,0.17199349403381348,-1.220848980174282,,,,,,,,,,,,,0.11560416221618652,-1.8964412990559134,,,,,,,,,2,2
2014-10-25 18:00:00+00:00,0.14543086290359497,-1.696608696087123,,,,,,,,,,,,,0.127699613571167,0.09353496627256866,,,,,,,,,2,2
2014-10-26 00:00:00+00:00,0.03590613603591919,39.43724871944104,,,,,,,,,,,,,0.2611576318740845,-0.13163288450950547,,,,,,,,,2,2
2014-10-26 06:00:00+00:00,0.32148832082748413,-34.365043157307994,,,,,,,,,,,,,0.08712613582611084,-0.2877612581430011,,,,,,,,,2,2
2014-10-26 12:00:00+00:00,0.09894192218780518,-1.901894685536997,,,,,,,,,,,,,,,,,,,,,,,1,1
2014-10-26 18:00:00+00:00,0.14525091648101807,-2.0542057070754045,,,,,,,,,,,,,0.12847906351089478,-0.17015655489550593,,,0.05852067470550537,0.2610618699131297,,,,,3,3
2014-10-27 00:00:00+00:00,,,0.1795927882194519,-3.3354070906747557,,,,,,,,,,,0.029144704341888428,2.279139514903392,,,0.09254729747772217,0.34946615877136394,,,,,3,3
2014-10-27 06:00:00+00:00,,,0.16249966621398926,-1.6031270861028755,,,,,,,,,,,0.01178961992263794,0.3671602154698979,,,0.1612565517425537,0.645613022015705,,,,,3,3
2014-10-27 12:00:00+00:00,,,0.22833120822906494,-4.429225538328876,,,,,,,,,,,0.09052777290344238,0.009293418121166477,,,0.13286757469177246,0.5760296842190401,,,,,3,3
2014-10-27 18:00:00+00:00,,,0.0975077748298645,-0.6864796506981821,,,,,,,,,,,,,,,0.04458487033843994,0.47332745999370646,,,,,2,2
2014-10-28 00:00:00+00:00,,,0.17145848274230957,-2.272146688574812,,,,,,,,,,,0.12698805332183838,1.5937058921109286,,,0.21863317489624023,3.1631792597956214,,,,,3,3
2014-10-28 06:00:00+00:00,,,0.13220161199569702,-1.2302295517712245,,,,,,,,,,,0.09212654829025269,0.7006312995884606,,,0.14452588558197021,0.7967657686278248,,,,,3,3
2014-10-28 12:00:00+00:00,,,0.07476508617401123,-0.5770738123641124,,,,,,,,,,,0.029206395149230957,-4.2819701212937265,,,0.22669661045074463,1.8394336379453537,,,,,3,3
2014-10-28 18:00:00+00:00,,,0.19140422344207764,-14.7817847931136,,,,,,,,,,,0.13534820079803467,5.5852216787480735,,,0.15184342861175537,2.1540400721847703,,,,,4,4
2014-10-29 00:00:00+00:00,,,0.11909747123718262,-15.47699780167199,,,,,,,,,,,0.31945717334747314,7.081068810488769,0.0478518009185791,1.0673060302995472,,,,,,,4,4
2014-10-29 06:00:00+00:00,,,0.05879336595535278,-1.0934076181281742,0.35810303688049316,0.5239985368875877,,,,,,,,,0.28213930130004883,8.23907071599272,0.143937349319458,0.06733716215009829,,,,,,,5,5
2014-10-29 12:00:00+00:00,,,0.14679622650146484,-18.097539343028995,,,,,,,,,,,0.422776460647583,7.196891556745695,0.3883199691772461,0.7426761133093337,,,,,,,4,4
2014-10-29 18:00:00+00:00,,,0.13475888967514038,-3.635934753879608,,,,,,,,,,,0.6328356266021729,4.652078850179356,,,,,0.3227205276489258,6.672915290814456,,,3,3
2014-10-30 00:00:00+00:00,,,0.09735620021820068,35.50142263807808,,,,,,,,,,,0.5307855606079102,6.2135504471328575,,,,,0.2222309112548828,2.2158360389166627,,,3,3
2014-10-30 06:00:00+00:00,,,0.20331311225891113,-13.97573278908644,,,,,,,,,,,0.5768173933029175,5.672285343200608,,,,,0.19216060638427734,2.2550437308413884,,,3,3
2014-10-30 12:00:00+00:00,,,0.1444900631904602,40.37334055647228,,,,,,,,,,,0.6698383092880249,6.983733139215813,,,,,0.2823981046676636,6.9596665085075315,,,3,3
2014-10-30 18:00:00+00:00,,,0.20164626836776733,-5.540270928231328,,,,,,,,,,,0.6051608324050903,2.209680358872256,,,,,0.17007207870483398,4.627158286373895,,,4,3
2014-10-31 00:00:00+00:00,,,0.23832279443740845,-0.5675547744637126,,,,,,,,,,,0.6856915950775146,3.0487445463015996,,,,,0.286609411239624,8.48174858827483,,,3,3
2014-10-31 06:00:00+00:00,,,0.08736151456832886,42.25955140227059,,,,,,,,,,,0.6940596103668213,4.8572469459330305,,,,,0.19359123706817627,4.987711668991986,,,3,3
2014-10-31 12:00:00+00:00,,,0.22066718339920044,-0.29357972438404534,,,,,,,,,,,0.6609538793563843,3.6196995208390117,,,,,0.2381683588027954,5.010717770147005,,,4,3
2014-10-31 18:00:00+00:00,,,0.2981969714164734,-4.891382422905484,,,,,,,,,,,0.708316445350647,4.9136989602572845,,,,,0.3114436864852905,3.4472735918453754,,,3,3
2014-11-01 00:00:00+00:00,,,0.20936554670333862,39.3600586494941,,,,,,,,,,,0.6551275253295898,12.03163944003381,,,,,0.2409212589263916,3.484994703548408,,,3,3
2014-11-01 06:00:00+00:00,,,0.25715166330337524,-8.13284370404625,,,,,,,,,,,0.6054028272628784,4.256367378233259,,,,,0.19836843013763428,2.2894078513993916,,,3,3
2014-11-01 12:00:00+00:00,,,0.21959024667739868,-6.661959484487464,,,,,,,,,,,,,0.3415987491607666,4.01489425651757,,,0.15118181705474854,-0.029292028987671415,,,3,3
2014-11-01 18:00:00+00:00,,,0.223798930644989,-4.15115695874273,0.10840761661529541,0.31615183076683373,,,,,,,,,,,0.415918231010437,5.47168211825672,,,,,0.28609418869018555,3.125580481511078,4,4
2014-11-02 00:00:00+00:00,,,0.24796909093856812,-2.3724106272923016,,,,,,,,,,,,,0.43971025943756104,3.595203127185492,,,,,0.16077780723571777,2.064583794839432,4,3
2014-11-02 06:00:00+00:00,,,0.3125462532043457,-39.97878616985449,,,,,,,,,,,,,0.2830047607421875,4.1436790030408694,,,,,0.15570151805877686,1.9928200603439217,3,3
2014-11-02 12:00:00+00:00,,,0.31944096088409424,-43.64195726574452,,,,,,,,,,,,,0.3598834276199341,0.24795022818835777,,,,,0.10820353031158447,1.4226247546828836,3,3
2014-11-02 18:00:00+00:00,,,0.18621742725372314,16.220468138818557,0.5384915173053741,-0.29377985328163614,,,,,,,,,,,,,,,,,0.01793992519378662,0.9016450629339875,3,3
2014-11-03 00:00:00+00:00,,,0.09513157606124878,14.541735632056753,0.20527589321136475,0.34897523799924435,,,,,,,,,,,,,,,,,0.2049722671508789,2.9530228500825166,4,3
2014-11-03 06:00:00+00:00,,,0.2011975646018982,-2.0041808090827105,,,,,,,,,,,,,0.11232149600982666,0.5043840393914462,,,,,0.1830735206604004,0.02628063056801728,3,3
2014-11-03 12:00:00+00:00,0.24971544742584229,-17.61152889554594,0.16927659511566162,-0.22158835247170985,0.14908993244171143,0.1120549429689448,,,,,,,,,,,,,,,,,,,4,4
2014-11-03 18:00:00+00:00,0.231983482837677,-2.107350279435567,,,0.16867905855178833,0.23389087173656695,,,,,,,,,,,,,,,,,0.03217899799346924,0.8335319504715587,3,3
2014-11-04 00:00:00+00:00,0.17279863357543945,-0.2763438355844814,0.39399605989456177,-0.8596846584141542,0.03163409233093262,-0.9632344763394092,,,,,,,,,,,,,,,,,0.2699025869369507,-0.46029017486046714,5,5
2014-11-04 06:00:00+00:00,0.10858231782913208,20.204998660757408,0.3069998025894165,-2.1016691648672436,0.09054893255233765,0.04784298633113258,,,,,,,,,,,,,,,,,,,5,5
2014-11-04 12:00:00+00:00,0.150107741355896,-1.240136640087848,0.3520802855491638,-0.7309387791471903,0.2927234172821045,-0.46044767509677803,,,,,,,,,,,,,,,,,0.17809081077575684,-0.028315532819179097,5,5
2014-11-04 18:00:00+00:00,0.26672571897506714,-4.637801541867965,0.22331875562667847,-1.5629916770849468,0.03488755226135254,0.011801398271376929,,,,,,,,,,,,,,,,,0.03386485576629639,-0.13189435036602187,5,5
2014-11-05 00:00:00+00:00,,,0.17423295974731445,-1.562803599184265,,,,,,,,,,,,,,,,,,,0.01423943042755127,-0.020412125228979908,2,2
2014-11-05 06:00:00+00:00,,,0.17891788482666016,-2.62471619616695,0.1697414517402649,-0.034022259020263484,,,,,,,,,,,,,,,,,,,2,2
2014-11-05 12:00:00+00:00,,,0.2591090202331543,-3.1502266224963082,0.19481462240219116,0.057819275636445094,,,,,,,,,,,,,,,,,,,2,2
2014-11-05 18:00:00+00:00,,,0.269813597202301,-9.575164354787212,0.022985100746154785,0.31099719147287186,,,,,,,,,,,,,,,,,,,2,2
2014-11-06 00:00:00+00:00,,,0.2582368850708008,-2.6986387731571924,0.38602709770202637,0.006217923933907585,,,,,,,,,,,,,,,,,,,4,3
2014-11-06 06:00:00+00:00,,,0.2741864323616028,-2.4544001965571347,,,,,,,,,,,,,,,,,,,,,2,1
2014-11-06 12:00:00+00:00,,,0.2708202004432678,-6.275652038816983,,,,,,,,,,,,,,,,,,,,,1,1
2014-11-06 18:00:00+00:00,,,0.2835671305656433,-3.201342599377926,,,,,,,,,,,,,,,,,,,,,1,1
2014-11-07 00:00:00+00:00,,,0.28977322578430176,-5.527371313920961,,,,,,,,,,,,,,,,,,,,,1,1
2014-11-07 06:00:00+00:00,0.36532074213027954,0.9729989799482582,0.2755051851272583,-4.028420713260206,,,,,,,,,,,,,,,,,,,,,2,2
2014-11-07 12:00:00+00:00,,,0.27722376585006714,-11.596108779475927,,,,,,,,,,,,,,,,,,,,,1,1
2014-11-07 18:00:00+00:00,,,0.34965968132019043,-10.48673790810428,,,,,,,,,,,,,,,,,,,,,1,1
2014-11-08 00:00:00+00:00,,,0.3345538377761841,-10.490968862699273,,,,,,,,,,,,,,,,,,,,,1,1
2014-11-08 06:00:00+00:00,,,0.32901531457901,-8.12725869906626,,,,,,,,,,,,,,,,,,,,,1,1
2014-11-08 12:00:00+00:00,,,0.3138940930366516,-9.235129909703621,,,,,,,,,,,,,,,,,,,,,1,1
2014-11-08 18:00:00+00:00,,,0.3459317088127136,-10.338512354553767,,,,,,,,,,,,,,,,,,,,,1,1
2014-11-09 00:00:00+00:00,,,0.30342042446136475,-6.534229407337971,,,,,,,,,,,,,,,,,,,,,1,1
2014-11-09 06:00:00+00:00,,,0.3675926923751831,-12.510952078948023,,,,,,,,,,,,,,,,,,,,,1,1
2014-11-09 12:00:00+00:00,,,0.2998151183128357,-5.568985410181365,,,,,,,,,,,,,,,,,,,,,1,1
2014-11-09 18:00:00+00:00,,,0.2877311706542969,-6.8854503736612465,,,,,,,,,,,,,,,,,,,,,1,1
2014-11-10 00:00:00+00:00,,,0.3198468089103699,-5.215831375545504,,,,,,,,,,,,,,,,,,,,,1,1
2014-11-10 06:00:00+00:00,,,0.34046393632888794,-7.854336400165541,,,,,,,,,,,,,,,,,,,,,1,1
2014-11-10 12:00:00+00:00,,,0.3140653967857361,-6.382032631082565,,,,,,,,,,,,,,,,,,,,,1,1
2014-11-10 18:00:00+00:00,,,0.28440970182418823,-5.916224290115449,,,,,,,,,0.3608689308166504,3.3415959382080156,,,,,,,,,,,2,2
2014-11-11 00:00:00+00:00,,,,,0.2171865701675415,-4.018749456926805,,,,,,,0.4642421007156372,5.492385452070295,,,,,,,,,,,2,2
2014-11-11 06:00:00+00:00,,,,,0.25293946266174316,-5.0367715078668285,,,,,,,0.4138519763946533,5.19826747717783,,,,,,,,,,,2,2
2014-11-11 12:00:00+00:00,,,,,0.2385554313659668,-4.700202333893686,,,,,,,0.43571972846984863,3.984128351502602,,,,,,,,,,,2,2
2014-11-11 18:00:00+00:00,,,,,0.2938360571861267,-5.669420216397079,,,,,,,0.46194732189178467,3.738530657646213,,,,,,,,,,,2,2
2014-11-12 00:00:00+00:00,,,,,0.24266725778579712,-5.904930999456826,,,,,,,0.48270678520202637,10.144731867420127,,,,,,,,,,,2,2
2014-11-12 06:00:00+00:00,,,0.3146936893463135,-4.817300546871672,0.18308186531066895,-1.263433752236591,,,,,0.37539082765579224,-0.30619331355844465,,,0.43795084953308105,3.6661880747102478,,,0.19345998764038086,-0.022683951369350006,,,,,6,6
2014-11-12 12:00:00+00:00,,,0.4190175533294678,-3.4416000816791104,0.16336596012115479,-10.730236688593713,,,,,,,,,0.47225654125213623,5.943828538809338,,,,,,,,,4,3
2014-11-13 00:00:00+00:00,,,,,0.37178337574005127,-27.558584993364633,,,,,,,,,0.4762413501739502,5.216526564606703,,,,,,,,,2,2
2014-11-13 06:00:00+00:00,,,,,0.19483661651611328,-0.5708333650589565,,,,,,,,,0.44898200035095215,9.214371350909492,,,,,,,,,2,2
2014-11-13 12:00:00+00:00,,,,,0.04824638366699219,-0.42845915126574635,,,,,,,,,0.40622103214263916,13.026848942551126,,,,,,,,,2,2
2014-11-13 18:00:00+00:00,,,,,0.18330401182174683,-1.1509293815953323,,,,,,,,,0.33410120010375977,6.332520067641008,,,,,,,,,2,2
2014-11-14 00:00:00+00:00,,,,,0.1005328893661499,-0.43421594437145583,,,,,,,,,0.37079036235809326,9.744342690200659,,,0.04712271690368652,0.5298222263366785,,,,,3,3
2014-11-14 06:00:00+00:00,,,,,0.18906170129776,-1.3232125149213996,,,,,,,,,0.34513676166534424,5.7746915815909565,,,0.3386024236679077,-0.11385619344361018,0.049591779708862305,-0.3214101388291334,,,4,4
2014-11-14 12:00:00+00:00,,,,,0.2883598804473877,-23.565390178707943,,,,,,,,,0.3138425350189209,4.667343643640387,,,0.06766772270202637,1.4916728703421616,,,,,3,3
2014-11-14 18:00:00+00:00,,,,,0.19020533561706543,-1.5710188309855981,,,,,,,,,0.40623998641967773,5.724456258824044,,,,,0.13792920112609863,-0.2765152228152918,,,3,3
2014-11-15 00:00:00+00:00,,,,,0.250146746635437,-22.08284796560637,,,,,,,,,0.3805607557296753,4.33011396394446,,,0.28288793563842773,0.5461810233146748,0.0694589614868164,0.7470108960202929,,,5,5
2014-11-15 06:00:00+00:00,,,,,0.2156674861907959,-18.28065323432812,,,,,,,,,0.41973793506622314,4.085940568450692,,,,,0.024263978004455566,-0.05533491570286298,,,4,4
2014-11-15 12:00:00+00:00,,,,,0.23868316411972046,-14.656208272389534,,,,,,,,,,,,,0.057890355587005615,0.04158926389492613,0.0628199577331543,-0.3710237802292518,,,3,3
2014-11-15 18:00:00+00:00,,,,,0.23266279697418213,-0.9879358503875891,,,,,,,,,0.4579108953475952,10.018593853876327,,,,,0.13219785690307617,1.5163050967278,,,4,4
2014-11-16 00:00:00+00:00,,,,,0.19016104936599731,-2.006373378641704,,,,,,,,,0.4223322868347168,4.543221352994181,,,0.07235574722290039,0.4771188044529892,0.03794616460800171,-0.01708801205581182,,,5,5
2014-11-16 06:00:00+00:00,,,,,0.07084763050079346,-0.14779606403570603,,,,,,,,,0.40848028659820557,3.5213745432575396,,,,,0.05105900764465332,-0.30177347777707886,,,3,3
2014-11-16 12:00:00+00:00,,,,,0.010727524757385254,-0.937700806882851,,,,,,,,,,,0.3355511426925659,3.889129590800841,,,0.09047496318817139,-0.011530223580790772,,,5,5
2014-11-16 18:00:00+00:00,,,,,,,,,,,,,,,,,,,,,,,,,1,0
2014-11-17 00:00:00+00:00,,,,,,,,,,,,,,,,,0.31975603103637695,4.385046138129469,,,,,,,2,1
2014-11-17 06:00:00+00:00,,,,,,,,,,,,,,,,,0.3715928792953491,3.4359418699571584,,,,,,,1,1
2014-11-17 12:00:00+00:00,,,,,,,,,,,,,,,,,0.36362433433532715,9.817311282252316,,,,,,,1,1
2014-11-17 18:00:00+00:00,,,,,,,,,,,,,,,,,0.30502545833587646,2.900947999477707,,,,,,,1,1
2014-11-18 00:00:00+00:00,,,,,,,,,,,,,,,,,0.03337562084197998,0.24958233194261162,,,,,,,1,1
2014-11-18 06:00:00+00:00,,,,,,,,,,,,,,,,,0.009601056575775146,0.11431654920918041,,,,,,,1,1
2014-11-18 12:00:00+00:00,,,,,,,,,,,,,,,,,0.22851121425628662,0.16921181064262542,,,,,,,1,1
2014-11-18 18:00:00+00:00,,,,,,,,,,,,,,,,,0.5804752111434937,0.38875349626341416,,,,,,,1,1
2014-11-19 00:00:00+00:00,,,,,,,,,,,,,,,,,,,,,,,,,1,0
2014-11-19 06:00:00+00:00,0.21394109725952148,0.4230048424473588,,,,,,,,,,,,,,,,,,,,,,,1,1
2014-11-19 12:00:00+00:00,0.28733372688293457,0.925912813031588,,,,,,,,,,,,,,,,,,,,,,,1,1
2014-11-19 18:00:00+00:00,0.20876199007034302,0.1496518423655599,,,,,,,,,,,,,,,,,,,,,,,1,1
2014-11-20 00:00:00+00:00,0.30199283361434937,-0.37974446318220423,,,,,,,,,,,,,,,,,0.14079415798187256,0.3968737159307573,,,,,2,2
2014-11-20 06:00:00+00:00,0.0518183708190918,-0.22327251753592262,,,,,,,,,,,,,,,,,0.415743887424469,-0.6503609119467714,,,,,2,2
2014-11-20 12:00:00+00:00,0.17239141464233398,-0.1097140455341855,,,,,,,,,,,,,,,,,0.013718366622924805,-0.2114247024759166,,,,,2,2
2014-11-20 18:00:00+00:00,0.20600879192352295,-0.8241965976696374,,,,,,,,,,,,,,,,,0.15255582332611084,1.2838900157914552,,,,,2,2
2014-11-21 00:00:00+00:00,0.1416800618171692,-4.62950513286036,,,,,,,,,,,,,,,,,0.7860873937606812,0.0742464671671719,,,,,2,2
2014-11-21 06:00:00+00:00,0.09199637174606323,-0.24491776350327718,,,,,,,,,,,,,,,,,0.15857386589050293,-0.23717211405736818,,,,,2,2
2014-11-21 12:00:00+00:00,0.20386052131652832,-1.212265780256188,,,,,,,,,,,,,,,,,0.1523364782333374,-0.2225515465402092,,,,,2,2
2014-11-21 18:00:00+00:00,0.13909947872161865,-0.558278116191925,,,,,,,,,,,,,,,,,0.1779923439025879,0.10291295397027624,,,,,2,2
2014-11-22 00:00:00+00:00,0.17006927728652954,-1.1103575428218473,,,,,,,,,,,0.23869919776916504,0.17905937457695326,,,,,0.1867486834526062,-0.14452664282925506,,,,,3,3
2014-11-22 06:00:00+00:00,0.11527156829833984,-1.8862785741132855,,,,,,,0.042272329330444336,0.04766697966096586,,,0.18162882328033447,0.5008213633610575,,,,,0.05339360237121582,0.30279918274322165,,,,,4,4
2014-11-22 12:00:00+00:00,0.10758477449417114,-0.8608449483793444,,,,,,,0.12027454376220703,-0.5995408181805533,,,0.17688560485839844,0.2846471404249793,,,,,,,0.026271700859069824,-0.07787772797639993,,,4,4
2014-11-22 18:00:00+00:00,0.1205604076385498,-2.121163888148525,,,,,,,0.5918294191360474,-2.788768887713873,,,0.06012463569641113,-0.019718410118732616,,,,,,,0.1438218355178833,0.08284331225897953,,,4,4
2014-11-23 00:00:00+00:00,0.14818304777145386,-2.2283422183356687,,,,,,,0.08680802583694458,-1.044738081759605,,,0.3725215196609497,0.7931641261324852,,,,,0.6465576887130737,0.479589617288174,0.35457712411880493,0.21519857199845702,,,6,6
2014-11-23 06:00:00+00:00,,,0.13775861263275146,-1.9976758413993574,,,,,,,,,0.19529306888580322,3.3765902497544693,,,,,0.25606799125671387,0.09852726716914186,0.10635638236999512,0.12294742956175252,,,4,4
2014-11-23 12:00:00+00:00,,,0.13314282894134521,-4.370627472854498,,,,,,,,,,,,,,,0.15984976291656494,0.6587230676782749,0.10275059938430786,-0.008429060890800054,,,5,5
2014-11-23 18:00:00+00:00,,,0.12886273860931396,-1.6089194640397102,,,,,,,,,,,,,,,0.14334464073181152,2.200251353348847,0.080940842628479,-0.1351833304405559,,,4,4
2014-11-24 00:00:00+00:00,,,0.1293078064918518,-3.1507909909660787,,,,,,,,,,,,,,,0.03980743885040283,0.46560952420392904,,,,,2,2
2014-11-24 06:00:00+00:00,,,0.008246004581451416,25.159025129129272,,,,,,,,,,,,,,,0.14494991302490234,-0.7933709078010825,,,,,2,2
2014-11-24 12:00:00+00:00,,,0.13656246662139893,-2.609448933117567,,,,,,,,,,,,,,,0.16723859310150146,2.791581892688372,,,,,2,2
2014-11-24 18:00:00+00:00,,,0.16296601295471191,-6.251153879375803,,,,,,,,,,,,,,,0.16884100437164307,1.18507195468411,,,,,2,2
2014-11-25 00:00:00+00:00,,,0.18860363960266113,-2.188167713274212,,,,,,,,,0.13396787643432617,5.841088495514769,,,,,0.052250564098358154,0.05725996080341397,,,,,3,3
2014-11-25 06:00:00+00:00,,,0.13457787036895752,-4.144579468656144,,,,,,,,,0.286091685295105,5.427194601793956,,,,,0.10156190395355225,1.0736845485031878,,,,,5,4
2014-11-25 12:00:00+00:00,,,0.15266132354736328,-3.1296977965576755,,,,,,,,,,,0.34093475341796875,6.752092495909334,,,0.1614995002746582,0.028309720531993647,0.03801119327545166,0.5482037884705677,,,5,5
2014-11-26 00:00:00+00:00,,,0.15193325281143188,-0.5096576606597545,,,,,,,,,,,0.293890118598938,7.309905107721799,,,0.12637066841125488,0.49903996315122845,0.2490938901901245,-0.05520713923556177,,,6,5
2014-11-26 06:00:00+00:00,,,0.16748440265655518,-3.82361042897519,,,,,,,,,,,0.34366321563720703,8.889586152426968,,,0.27381420135498047,0.2867928436337673,0.04603910446166992,0.08069375308922047,,,6,5
2014-11-26 12:00:00+00:00,0.2464011311531067,-4.887696003156277,,,0.0428539514541626,-0.25787655949055155,,,,,0.2938803434371948,-0.4297802955491079,,,0.3921862840652466,5.847359376302125,,,,,0.1455453634262085,0.33428369060172214,0.3643686771392822,0.08964508081724605,6,6
2014-11-26 18:00:00+00:00,0.28533244132995605,-1.430944874980622,,,0.24480819702148438,0.5480124264923818,,,,,0.33592867851257324,-0.12079838355514558,,,,,,,,,0.3074711561203003,4.643091016962574,,,6,6
2014-11-27 00:00:00+00:00,0.2021586298942566,-0.7425749455436148,,,0.046370089054107666,-0.2512779152807734,,,,,0.19823628664016724,0.23438524895911236,,,0.18122506141662598,5.425135176640692,,,,,0.035685837268829346,-0.23700542774440198,,,6,6
2014-11-27 06:00:00+00:00,0.25045961141586304,-5.130883655055188,,,0.275349497795105,-0.09894459957765087,,,,,0.2797558307647705,-0.22156543094994047,,,0.10793149471282959,4.090720774625622,,,,,0.21478044986724854,8.36617373927432,,,7,7
2014-11-27 12:00:00+00:00,,,0.234907329082489,-3.311420777512734,0.003161787986755371,0.3712485098630751,,,,,0.6699945628643036,-0.12314833020353441,,,0.0725436806678772,0.5241537486389425,,,,,0.3108264207839966,5.022860387495575,,,5,5
2014-11-27 18:00:00+00:00,,,0.20169836282730103,13.05160989849846,,,,,,,,,,,0.2181776762008667,1.7493133658589308,,,,,0.2989625930786133,7.997127452582301,,,3,3
2014-11-28 00:00:00+00:00,,,0.2955266237258911,-2.058218136589769,,,,,,,,,,,0.1562868356704712,0.38204787852906835,,,,,0.323001503944397,4.375197906466796,,,3,3
2014-11-28 06:00:00+00:00,,,0.23318368196487427,-1.5191245262356756,,,,,,,,,,,0.26003217697143555,0.22835024272161844,,,,,0.3304624557495117,6.763325174739584,,,5,5
2014-11-28 12:00:00+00:00,,,0.31155407428741455,-3.2766793107884644,,,,,,,,,,,,,,,,,0.28464412689208984,0.9926652926980689,,,2,2
2014-11-28 18:00:00+00:00,,,0.30426251888275146,-4.470386328361266,,,,,,,,,,,,,,,,,0.28435051441192627,1.9587489393610498,,,3,2
2014-11-29 00:00:00+00:00,0.9332551509141922,-1.2659133115677808,0.28411078453063965,-1.4956524397889077,,,,,,,,,,,,,,,,,0.46090400218963623,8.94929110867842,,,4,4
2014-11-29 06:00:00+00:00,0.8083106279373169,6.738875711612609,0.23329633474349976,-3.9672102251439623,,,,,,,,,,,,,0.19585371017456055,1.2022648710718937,,,0.33066272735595703,5.904910100573298,,,5,5
2014-11-29 12:00:00+00:00,0.6286786794662476,0.11072324567132434,0.28216367959976196,-4.113770644029442,0.08953684568405151,0.14165004552075175,,,,,,,,,,,0.02112036943435669,0.7606292613637472,,,0.4253370761871338,1.586887780689106,,,8,7
2014-11-29 18:00:00+00:00,0.06790465116500854,0.17880708822597335,0.11618578433990479,-0.7453481844071803,,,,,,,,,,,,,0.47007858753204346,6.620729290074411,,,0.2571796178817749,1.1212369760269576,,,6,5
2014-11-30 00:00:00+00:00,0.029700279235839844,-0.7140290919930891,0.2484036684036255,-4.214520549255773,0.02710437774658203,0.4605308145553165,,,,,,,,,,,0.2861870527267456,0.18465639153103497,,,,,0.28094935417175293,3.8060664886747437,5,5
2014-11-30 06:00:00+00:00,0.18049657344818115,-0.012990669476901424,0.27097392082214355,-12.301948282551313,0.10180604457855225,-0.45380019555834805,,,,,,,,,,,0.18782973289489746,-0.08210774027709762,,,,,0.255601167678833,2.089749281804287,5,5
2014-11-30 12:00:00+00:00,,,0.21931499242782593,-3.841339893694462,0.10578352212905884,-0.2227381727181667,,,,,,,,,,,,,,,,,0.7746062278747559,3.235720926397412,3,3
2014-11-30 18:00:00+00:00,,,0.28056496381759644,-4.7103507080082965,0.041169822216033936,0.12448531076486719,,,,,,,,,,,,,,,,,,,2,2
2014-12-01 00:00:00+00:00,,,0.3027210235595703,-2.261909478711657,0.2276855707168579,0.31543662727149546,,,,,,,,,,,,,,,,,,,2,2
2014-12-01 06:00:00+00:00,,,0.2047255039215088,-2.0136140978486963,0.2041897177696228,-0.6478709578473538,,,,,,,,,,,,,,,,,,,2,2
2014-12-01 12:00:00+00:00,,,0.25236213207244873,-4.363646628409099,0.09437847137451172,0.2558876443836619,,,,,,,,,,,,,,,,,,,2,2
2014-12-01 18:00:00+00:00,,,0.3204578757286072,-4.805451177145713,0.012610793113708496,0.025082271574672858,,,,,,,,,,,,,,,,,,,2,2
2014-12-02 00:00:00+00:00,,,0.3750934600830078,-7.49255262932601,0.016848325729370117,-0.34186289470435693,,,,,,,,,,,,,,,,,,,2,2
2014-12-02 06:00:00+00:00,,,0.33190804719924927,40.959409672135926,,,,,,,,,,,,,,,,,,,,,1,1
2014-12-02 12:00:00+00:00,,,0.3135855197906494,34.50400264960622,0.3512918949127197,-0.3220443701621955,,,,,,,,,,,,,,,,,,,2,2
2014-12-02 18:00:00+00:00,,,0.35281234979629517,-4.461643919744305,0.5811963677406311,-0.14843586549665125,,,,,,,,,,,,,,,,,,,2,2
2014-12-03 00:00:00+00:00,,,0.39989548921585083,-6.466024231035788,0.21177875995635986,-0.1984331440650689,,,,,,,,,,,,,,,,,,,2,2
2014-12-03 06:00:00+00:00,,,0.38733208179473877,-5.041438702347301,,,,,,,,,,,,,,,,,,,,,1,1
2014-12-03 12:00:00+00:00,,,0.39293545484542847,-6.6599944969980225,,,,,,,,,,,,,,,,,,,,,1,1
2014-12-03 18:00:00+00:00,,,0.41058868169784546,-8.272514425422377,,,,,,,,,,,,,,,,,,,,,1,1
2014-12-04 00:00:00+00:00,,,0.3961186408996582,-7.997185483388905,,,,,,,,,,,,,,,,,,,,,1,1
2014-12-04 06:00:00+00:00,,,0.41904693841934204,-9.764540835446489,,,,,,,,,,,,,,,,,,,,,1,1
2014-12-04 12:00:00+00:00,,,0.39501214027404785,-9.757343997089572,,,,,,,,,,,,,,,,,,,,,1,1
2014-12-04 18:00:00+00:00,,,0.39771950244903564,-10.105192374634916,,,,,,,,,,,,,,,,,,,,,1,1
2014-12-05 00:00:00+00:00,,,0.4023655652999878,-11.642776172037015,,,,,,,,,,,,,,,,,,,,,1,1
2014-12-05 06:00:00+00:00,,,0.394605815410614,-9.656359452919071,,,,,,,,,,,,,,,,,,,,,1,1
2014-12-05 12:00:00+00:00,,,0.384948194026947,-9.712923409580014,,,,,,,,,,,,,,,,,,,,,1,1
2014-12-05 18:00:00+00:00,,,0.36851972341537476,-7.7579570788436865,,,,,,,,,,,,,,,,,,,,,1,1
2014-12-06 00:00:00+00:00,,,0.39359575510025024,-9.211534531983329,,,,,,,,,0.1512587070465088,0.07404221306612574,,,,,,,,,,,2,2
2014-12-06 06:00:00+00:00,,,0.36868566274642944,4.238782349078792,,,,,,,,,0.24131178855895996,0.5157317936539028,,,,,,,,,,,2,2
2014-12-06 12:00:00+00:00,,,0.3766040802001953,11.233180164954208,,,,,,,,,0.3044872283935547,0.5342369211219513,,,,,,,,,,,2,2
2014-12-06 18:00:00+00:00,,,0.3709339499473572,-8.10294398122759,,,,,,,,,0.5232119560241699,0.40702466406834037,,,,,,,,,,,2,2
2014-12-07 00:00:00+00:00,,,0.3744548559188843,6.70656848050487,,,,,,,,,0.10298943519592285,0.30844419427504105,,,,,,,,,,,2,2
2014-12-07 06:00:00+00:00,,,0.37794029712677,-7.67178329084604,,,,,,,,,0.317266583442688,2.1390374643958476,,,,,,,,,,,2,2
2014-12-07 12:00:00+00:00,,,,,0.41417020559310913,-5.701189830189069,,,,,,,0.34062957763671875,1.990420705825629,,,,,,,,,,,2,2
2014-12-07 18:00:00+00:00,,,,,0.36878901720046997,-6.300425258967858,,,,,,,0.3313264846801758,5.346411431157302,,,,,,,,,,,2,2
2014-12-08 00:00:00+00:00,,,,,0.3455045819282532,-4.862609774425461,,,,,,,0.3069114685058594,1.9428138469984277,,,,,,,,,,,2,2
2014-12-08 06:00:00+00:00,,,,,0.3433115482330322,-5.10433886835707,,,,,,,0.4350539445877075,5.075261164708109,,,,,,,,,,,2,2
2014-12-08 12:00:00+00:00,,,,,0.35006511211395264,-6.020271540587765,,,,,,,0.4423253536224365,5.460865525093437,,,,,,,,,,,2,2
2014-12-08 18:00:00+00:00,,,,,0.3210505247116089,-7.834271230654049,,,,,,,0.3760889768600464,8.396699225569726,,,,,,,,,,,2,2
2014-12-09 00:00:00+00:00,,,,,0.29110658168792725,-6.273008341132604,,,,,,,0.41775989532470703,4.550336283007769,,,,,,,,,,,2,2
2014-12-09 06:00:00+00:00,,,,,0.30726146697998047,-2.403281923346523,,,,,,,0.4481022357940674,8.27400814253702,,,,,,,,,,,2,2
2014-12-09 12:00:00+00:00,,,,,0.1634809970855713,-1.60736402854897,0.001284956932067871,-0.11857804686767634,,,,,,,0.4145435094833374,15.032253305777829,,,,,,,,,3,3
2014-12-09 18:00:00+00:00,,,,,0.22241151332855225,-29.333607100497954,0.31694138050079346,-1.2337304552238226,,,0.4875660538673401,-0.9098173704867932,,,0.45319104194641113,12.273534948164135,,,,,,,,,4,4
2014-12-10 00:00:00+00:00,,,,,0.15313953161239624,-2.1323507795550434,0.2181098461151123,0.9378604035413166,,,,,,,0.4085954427719116,6.869665995336062,,,,,,,,,3,3
2014-12-10 06:00:00+00:00,,,,,0.2800261974334717,-1.6678060916719604,0.06891840696334839,-0.08310445350743816,,,,,,,0.4124135971069336,7.113731643014733,,,,,,,,,3,3
2014-12-10 12:00:00+00:00,,,,,0.24900215864181519,-1.0280319076474749,0.2361130714416504,1.9532708721140921,,,,,,,0.3669477701187134,5.187262212436752,,,,,,,,,3,3
2014-12-10 18:00:00+00:00,,,,,0.26867055892944336,-29.699185502150357,0.18798315525054932,2.318716450971557,,,,,,,0.37895452976226807,8.9913921544852,,,,,,,,,3,3
2014-12-11 00:00:00+00:00,,,,,0.19150125980377197,-28.697631074777114,0.3444463014602661,9.47025545528934,,,,,,,0.40989768505096436,5.823442396742341,,,,,,,,,3,3
2014-12-11 06:00:00+00:00,,,,,0.1147260069847107,-0.05686176481184876,0.6417860984802246,8.744933055686383,,,,,,,0.42840588092803955,8.716821544797721,,,,,,,,,3,3
2014-12-11 12:00:00+00:00,,,,,0.3494753837585449,-0.18493376557718869,0.5600939989089966,7.033016078690133,,,,,,,0.48027801513671875,8.862190097355786,,,,,,,,,4,4
2014-12-11 18:00:00+00:00,,,,,0.019865572452545166,-0.19166375317760911,,,0.5490747690200806,10.365408164003565,,,,,0.40252602100372314,8.303375537198047,,,,,,,,,3,3
2014-12-12 00:00:00+00:00,,,,,0.06824040412902832,-0.67682701630472,,,0.649522066116333,6.952141601726669,,,,,0.3913583755493164,7.150703585334529,,,,,,,,,5,4
2014-12-12 06:00:00+00:00,,,,,0.3261125087738037,-0.2806943195475441,,,0.6740792989730835,6.847310365146501,,,,,0.44850361347198486,6.150085288727682,,,,,,,,,4,3
2014-12-12 12:00:00+00:00,,,,,,,,,0.6529741287231445,6.314418436429015,,,,,0.4126429557800293,5.586317042663941,,,,,,,,,3,3
2014-12-12 18:00:00+00:00,,,,,,,,,0.6315246820449829,5.950206044083659,,,,,0.38239121437072754,7.093684992275715,,,,,,,,,2,2
2014-12-13 00:00:00+00:00,,,,,,,,,0.27645719051361084,5.372667203455569,,,,,0.5086201429367065,8.168522335783035,,,,,,,,,2,2
2014-12-13 06:00:00+00:00,,,,,,,,,,,,,,,0.37828242778778076,4.883686949159735,,,,,,,,,1,1
2014-12-13 12:00:00+00:00,,,,,,,,,0.48438990116119385,10.055631736708342,,,,,,,0.33384907245635986,4.3194914213754725,,,,,,,2,2
2014-12-13 18:00:00+00:00,,,,,,,,,0.5108852386474609,6.772369230548909,,,,,,,0.33293986320495605,8.9303592247025,,,,,,,2,2
2014-12-14 00:00:00+00:00,,,,,,,,,0.31529247760772705,1.7236035581008131,,,,,,,0.4092501401901245,8.098115802662038,,,,,,,2,2
2014-12-14 06:00:00+00:00,,,,,,,,,,,,,,,,,0.3467376232147217,3.1937017204624283,,,,,,,1,1
2014-12-14 12:00:00+00:00,,,,,,,,,,,,,,,,,0.36500537395477295,6.825962171710306,,,,,,,1,1
2014-12-14 18:00:00+00:00,,,,,,,,,,,,,,,,,0.40604960918426514,2.091103333400138,,,,,,,1,1
2014-12-15 00:00:00+00:00,,,,,,,,,,,,,,,,,0.49990522861480713,1.9839416314230476,,,,,,,1,1
2014-12-15 06:00:00+00:00,,,,,,,,,,,,,,,,,0.49525320529937744,1.1718819047861213,,,,,,,1,1
2014-12-15 12:00:00+00:00,,,,,,,,,,,,,,,,,0.3919548988342285,4.860642468297645,,,,,,,1,1
2014-12-15 18:00:00+00:00,,,,,,,,,,,,,,,,,,,,,,,,,0,0
2014-12-16 00:00:00+00:00,,,,,,,,,,,,,,,,,,,,,,,,,0,0
2014-12-16 06:00:00+00:00,,,,,,,,,,,,,,,,,,,,,,,,,0,0
2014-12-16 12:00:00+00:00,,,,,,,,,,,,,,,,,,,,,,,,,0,0
2014-12-16 18:00:00+00:00,,,,,,,,,,,,,,,,,,,,,,,,,0,0
2014-12-17 00:00:00+00:00,,,,,,,,,,,,,,,,,,,,,,,,,0,0
2014-12-17 06:00:00+00:00,,,,,,,,,,,,,,,,,,,,,,,,,0,0
2014-12-17 12:00:00+00:00,0.20388609170913696,-0.1043673799333278,,,,,,,,,,,,,,,,,,,,,,,1,1
2014-12-17 18:00:00+00:00,0.06380093097686768,-1.0327682742024924,,,,,,,,,,,,,,,,,,,,,,,1,1
2014-12-18 00:00:00+00:00,0.29597771167755127,-0.58778628780728,,,,,,,,,,,,,,,,,,,,,,,1,1
2014-12-18 06:00:00+00:00,0.06127500534057617,-0.5377446131759935,,,,,,,,,,,,,,,,,,,,,,,1,1
2014-12-18 12:00:00+00:00,0.1276940107345581,-0.7970040438110364,,,,,,,,,,,,,,,,,,,,,,,1,1
2014-12-18 18:00:00+00:00,0.1452978253364563,-1.2683063113352548,,,,,,,,,,,,,,,,,,,,,,,1,1
2014-12-19 00:00:00+00:00,0.17070412635803223,-1.2705112998882284,,,,,,,,,,,,,,,,,,,,,,,1,1
2014-12-19 06:00:00+00:00,0.08048945665359497,-1.0431452698612853,,,,,,,,,,,,,,,,,,,,,,,1,1
2014-12-19 12:00:00+00:00,,,0.17589598894119263,-2.375846760075583,,,,,,,,,,,,,,,,,,,,,1,1
2014-12-19 18:00:00+00:00,,,0.1226433515548706,-7.486157817264162,,,,,,,,,,,,,,,,,,,,,1,1
2014-12-20 00:00:00+00:00,,,0.13330364227294922,-7.1072903271035335,,,,,,,,,,,,,,,,,,,,,1,1
2014-12-20 06:00:00+00:00,,,0.13777494430541992,-6.701982059781266,,,,,,,,,,,,,,,,,,,,,1,1
2014-12-20 12:00:00+00:00,,,0.1560969352722168,-2.845142525146928,,,,,,,,,,,,,,,,,,,,,1,1
2014-12-20 18:00:00+00:00,,,0.0881381630897522,-6.211323627662075,,,,,,,,,0.06655073165893555,0.22086432248105797,,,,,,,,,,,2,2
2014-12-21 00:00:00+00:00,,,0.10250735282897949,-1.0965651287833247,,,,,,,,,0.25737321376800537,3.906306520882908,,,,,,,,,,,2,2
2014-12-21 06:00:00+00:00,,,0.1462140679359436,-2.492047347232884,,,,,,,,,0.26674067974090576,9.258400012964811,,,,,,,,,,,3,3
2014-12-21 12:00:00+00:00,0.01754438877105713,-0.2734962651032211,0.11918836832046509,-0.5756885408273346,,,,,,,,,0.18079912662506104,0.8064015437681692,,,,,,,,,,,5,5
2014-12-21 18:00:00+00:00,,,0.10427743196487427,-0.7190301592713405,,,,,,,,,0.21243822574615479,3.434435246248158,,,,,,,,,,,3,3
2014-12-22 00:00:00+00:00,,,0.10670047998428345,-2.9032119944696135,,,,,,,,,0.2896542549133301,8.788360037808923,,,,,0.2001664638519287,2.038808812550945,,,,,3,3
2014-12-22 06:00:00+00:00,,,0.1340131163597107,-9.17292970280202,,,,,,,,,,,0.19164526462554932,1.9867667838101695,,,0.11980533599853516,3.0152884967091773,,,,,3,3
2014-12-22 12:00:00+00:00,,,0.12894463539123535,-10.421305154308635,,,,,,,,,,,0.35836362838745117,9.011634844173615,,,0.09846174716949463,0.0010991559457059878,,,,,3,3
2014-12-22 18:00:00+00:00,,,0.1002076268196106,-3.537613041222639,,,,,,,,,,,0.2698323726654053,4.383004367007637,,,0.09158718585968018,-0.13830152396773424,,,,,3,3
2014-12-23 00:00:00+00:00,,,0.07258766889572144,-1.0456179237467587,,,,,,,,,,,0.3729792833328247,9.1611583781231,,,0.20900380611419678,2.5198899863014996,,,,,3,3
2014-12-23 06:00:00+00:00,,,0.13325780630111694,-1.455701069649867,,,,,,,,,,,0.3105577230453491,8.306116979191241,,,0.0764613151550293,0.22535698014525318,,,,,4,4
2014-12-23 12:00:00+00:00,,,0.14643603563308716,-2.501689484506501,,,,,,,,,,,0.19856572151184082,5.483177851146524,,,,,0.16092002391815186,5.689705549357185,,,3,3
2014-12-23 18:00:00+00:00,,,0.11648541688919067,-0.48920761948112657,,,,,,,,,,,0.1824885606765747,4.1957020601908805,,,,,0.08644020557403564,2.468979265693015,,,3,3
2014-12-24 00:00:00+00:00,,,0.11237668991088867,-2.766350201321628,,,,,,,,,,,0.1934140920639038,11.8981208646568,,,,,0.10345149040222168,1.3032035994025177,,,3,3
2014-12-24 06:00:00+00:00,,,0.11956381797790527,-1.461273033471177,,,,,,,,,,,0.3086751699447632,2.259668836334292,,,,,0.09355819225311279,6.482826565189464,,,3,3
2014-12-24 12:00:00+00:00,,,0.1047447919845581,-1.9497801121945422,,,,,,,,,,,0.020812153816223145,0.4831497362962906,,,,,0.20715022087097168,2.4158740992329895,,,3,3
2014-12-24 18:00:00+00:00,,,0.18819189071655273,-63.19171436111077,,,,,,,,,,,0.15230798721313477,0.614171939909092,,,,,0.1393066644668579,2.832811291101028,,,4,4
2014-12-25 00:00:00+00:00,,,0.09763586521148682,-2.3862175586589913,,,,,,,,,,,0.2245725393295288,0.3549223449116902,,,,,0.015868186950683594,0.24640321076269972,,,3,3
2014-12-25 06:00:00+00:00,,,0.13447153568267822,-5.0777664352094884,,,,,,,,,,,0.11596596240997314,4.630762508970082,,,,,,,,,3,3
2014-12-25 12:00:00+00:00,,,0.1325119137763977,-2.972384308554962,,,,,,,,,,,0.14256465435028076,6.627819990265937,,,,,,,,,3,3
2014-12-25 18:00:00+00:00,,,0.16920673847198486,-6.6443954427031215,,,,,,,,,,,0.03371596336364746,1.4666656497520867,,,,,,,,,4,4
2014-12-26 00:00:00+00:00,0.07893192768096924,-0.21622741346465002,0.1758214235305786,-2.786922552876497,,,,,,,,,,,0.22169816493988037,1.5501002489993774,,,,,,,,,7,7
2014-12-26 06:00:00+00:00,,,0.17146629095077515,-2.4490122937201075,,,,,,,,,,,0.36954522132873535,3.0819736560939703,,,,,0.04292285442352295,0.6276445331904325,,,3,3
2014-12-26 18:00:00+00:00,,,0.17105168104171753,-5.056491413060018,,,,,,,,,,,,,0.10466963052749634,-0.4015543996136222,,,0.10595059394836426,7.986840136669024,,,3,3
2014-12-27 00:00:00+00:00,,,0.20486074686050415,-3.4221221118744567,,,,,,,,,,,,,0.14362359046936035,5.91883455668778,,,,,,,2,2
2014-12-27 06:00:00+00:00,,,0.19181609153747559,-8.071183210269641,,,,,,,,,,,,,0.11838352680206299,0.22491881674981964,0.33471226692199707,-0.030306529497655853,,,,,4,4
2014-12-27 12:00:00+00:00,,,0.1283915638923645,-3.2514866319088567,,,,,,,,,,,,,0.3398507833480835,5.240727603984772,0.037489891052246094,-0.209801691101247,,,,,3,3
2014-12-27 18:00:00+00:00,0.269011914730072,-1.5975879347465611,0.15138572454452515,-6.45464368224733,,,,,,,,,,,,,0.3997342586517334,-0.11602493176207397,0.017463326454162598,0.6624213018516175,,,,,4,4
2014-12-28 00:00:00+00:00,,,0.1375952959060669,-4.051724741275052,,,,,,,,,,,,,0.29333651065826416,0.5833735491563378,0.2388467788696289,0.7270092760969762,,,,,3,3
2014-12-28 06:00:00+00:00,,,0.2068905234336853,-5.346082933991003,,,,,,,,,,,,,0.3414790630340576,1.0750371943194181,,,0.19428741931915283,2.118811385038992,,,3,3
2014-12-28 12:00:00+00:00,,,0.1316850185394287,-3.3860096978074794,,,,,,,,,,,,,0.4273662567138672,0.8229662986823428,,,0.06313347816467285,1.8703459137222986,,,3,3
2014-12-28 18:00:00+00:00,,,0.17707961797714233,-61.79858403778276,0.012110352516174316,0.6501457034033596,,,,,,,,,,,,,,,0.08898603916168213,0.10708831169650823,,,3,3
2014-12-29 00:00:00+00:00,,,0.19462060928344727,-58.01165031543212,,,,,,,,,,,,,,,,,0.11967325210571289,0.6143735777622276,,,2,2
2014-12-29 06:00:00+00:00,,,0.17438066005706787,-5.197615974691479,,,,,,,,,,,,,,,,,0.03444719314575195,0.5258694259575479,,,2,2
2014-12-29 12:00:00+00:00,,,0.14965373277664185,-2.4097421409160034,,,,,,,,,,,,,,,,,0.17023563385009766,3.0002436668411474,,,2,2
2014-12-29 18:00:00+00:00,,,0.2038651704788208,-6.483687984311422,,,,,,,,,,,,,,,,,0.09837496280670166,-0.06804547455240391,,,2,2
2014-12-30 00:00:00+00:00,,,0.20277297496795654,-10.987897815635488,,,,,,,,,,,,,,,,,0.09602415561676025,3.0835017288016178,,,2,2
2014-12-30 06:00:00+00:00,,,0.275317907333374,-9.264842991754518,,,,,,,,,,,,,,,,,0.16153812408447266,2.5779093121994747,,,2,2
2014-12-30 12:00:00+00:00,,,0.24512600898742676,-8.875742591188194,,,,,,,,,,,,,,,,,0.13892507553100586,1.8774428323589283,,,2,2
2014-12-30 18:00:00+00:00,,,0.22219407558441162,-7.2507440501525355,,,,,,,,,,,,,,,,,0.1289592981338501,0.6365565774018798,,,2,2
2014-12-31 00:00:00+00:00,,,0.2231484055519104,-7.209268288748719,,,,,,,,,,,,,,,,,0.1355423927307129,5.565460940396714,,,2,2
2014-12-31 06:00:00+00:00,,,0.23155206441879272,-6.941846710437398,,,,,,,,,,,0.4107705354690552,-0.10638633844334068,,,,,0.036163926124572754,-0.49330365276459637,,,5,4
2014-12-31 12:00:00+00:00,,,0.24660515785217285,-5.529449260459161,,,,,,,,,,,0.41876327991485596,2.9560287474148255,,,,,0.07062983512878418,0.5167317372456331,,,4,4
2014-12-31 18:00:00+00:00,,,0.24667173624038696,-8.100717343888574,,,,,,,,,,,0.03314042091369629,0.2711765082116419,,,,,0.3326072692871094,1.920724595109287,,,4,4
