timestamp,global_R2,global_energy,global_entropy,global_variance
2016-01-01 00:00:00+00:00,0.14142537117004395,138.9565887451172,1.625305790424834,138.20376586914062
2016-01-01 06:00:00+00:00,0.16222143173217773,143.3175048828125,1.6493651810573475,142.38172912597656
2016-01-01 12:00:00+00:00,0.15592002868652344,151.31396484375,1.1432274332022807,150.4650115966797
2016-01-01 18:00:00+00:00,0.20145058631896973,156.57444763183594,1.7448988962998044,155.03411865234375
2016-01-02 00:00:00+00:00,0.1806931495666504,156.06137084960938,1.5859064014223678,154.7921905517578
2016-01-02 06:00:00+00:00,0.21139860153198242,217.48133850097656,0.9484147897258537,215.8085174560547
2016-01-02 12:00:00+00:00,0.19247221946716309,172.86195373535156,1.0586423597895511,171.55584716796875
2016-01-02 18:00:00+00:00,0.1906052827835083,149.5357208251953,1.6137194100950152,148.1815643310547
2016-01-03 00:00:00+00:00,0.19734108448028564,175.30361938476562,1.6907445850233143,173.79815673828125
2016-01-03 06:00:00+00:00,0.2160862684249878,173.1505584716797,1.528424939730702,171.4130401611328
2016-01-03 12:00:00+00:00,0.2146698236465454,158.8787384033203,1.7872946479890506,157.2783966064453
2016-01-03 18:00:00+00:00,0.24037814140319824,185.76783752441406,1.5459400025551546,183.58544921875
2016-01-04 00:00:00+00:00,0.2301633358001709,227.01156616210938,1.5209273053442531,224.89991760253906
2016-01-04 06:00:00+00:00,0.2627255916595459,209.40802001953125,1.5740210285935392,206.77505493164062
2016-01-04 12:00:00+00:00,0.2600972652435303,227.22605895996094,1.4349735818240006,224.73040771484375
2016-01-05 00:00:00+00:00,0.25761449337005615,170.0870361328125,1.726402337828183,167.65321350097656
2016-01-05 06:00:00+00:00,0.27638864517211914,194.55026245117188,1.8844097086182177,191.63534545898438
2016-01-05 12:00:00+00:00,0.29485297203063965,158.2747344970703,1.8963316668564354,155.00091552734375
2016-01-05 18:00:00+00:00,0.27081120014190674,186.0572509765625,1.8509156364450006,183.32240295410156
2016-01-06 00:00:00+00:00,0.28712570667266846,266.15264892578125,1.8063938965965638,262.7755432128906
2016-01-06 06:00:00+00:00,0.26361656188964844,151.97805786132812,2.1535238289015175,149.36318969726562
2016-01-06 12:00:00+00:00,0.2353733777999878,196.41917419433594,1.7286131451160411,194.1691436767578
2016-01-07 00:00:00+00:00,0.14387738704681396,106.19235229492188,2.190414396790283,105.4720458984375
2016-01-07 06:00:00+00:00,0.10171282291412354,109.1544418334961,2.169331954107453,108.7992935180664
2016-01-07 12:00:00+00:00,0.04930591583251953,94.93144989013672,1.924473263077358,94.85250854492188
2016-01-07 18:00:00+00:00,0.08009165525436401,188.75669860839844,1.5159981007452399,188.5267791748047
2016-01-08 00:00:00+00:00,0.10008877515792847,163.14500427246094,1.7630896841128485,162.77476501464844
2016-01-08 06:00:00+00:00,0.07348567247390747,90.21694946289062,2.3823622354993037,90.0522689819336
2016-01-08 12:00:00+00:00,0.06130343675613403,225.54591369628906,1.420461986254687,225.4227752685547
2016-01-08 18:00:00+00:00,0.1420433521270752,353.45281982421875,1.566444001114033,352.61322021484375
2016-01-09 00:00:00+00:00,0.17896252870559692,94.30752563476562,2.705528527367549,93.30237579345703
2016-01-09 06:00:00+00:00,0.09977126121520996,74.32599639892578,2.6493837524589576,74.05635070800781
2016-01-09 12:00:00+00:00,0.19874310493469238,75.38516235351562,2.8897568355067564,74.26318359375
2016-01-09 18:00:00+00:00,0.169009268283844,58.67584991455078,3.416939029619863,57.86096954345703
2016-01-10 00:00:00+00:00,0.23746466636657715,104.19721984863281,3.0033879603749316,102.02782440185547
2016-01-10 06:00:00+00:00,0.303089439868927,87.22078704833984,2.99830584675734,84.04364013671875
2016-01-10 12:00:00+00:00,0.19796961545944214,73.02429962158203,3.5186044929069,71.73501586914062
2016-01-10 18:00:00+00:00,0.16939014196395874,84.35283660888672,3.1419407515341473,83.26776885986328
2016-01-11 00:00:00+00:00,0.20288574695587158,121.77307891845703,2.670169163458225,120.09493255615234
2016-01-11 06:00:00+00:00,0.1774936318397522,69.34336853027344,3.651004660255131,68.22825622558594
2016-01-11 12:00:00+00:00,0.12523573637008667,78.0507583618164,3.2042817061536355,77.46536254882812
2016-01-11 18:00:00+00:00,0.28001344203948975,419.7191467285156,1.6141398642331866,416.0511474609375
2016-01-12 00:00:00+00:00,0.18945008516311646,103.10441589355469,2.9268580620171814,101.53812408447266
2016-01-12 06:00:00+00:00,0.35178709030151367,1988.8531494140625,0.8115343919432968,1982.883056640625
2016-01-12 12:00:00+00:00,0.23657435178756714,83.6032943725586,2.9507005622925915,81.68400573730469
2016-01-12 18:00:00+00:00,0.4631156325340271,5404.8408203125,0.6168326659003197,5387.94775390625
2016-01-13 00:00:00+00:00,0.46004003286361694,7496.4521484375,0.5672242545872963,7477.345703125
2016-01-13 06:00:00+00:00,0.33810871839523315,2528.364013671875,0.7628049666864,2522.790771484375
2016-01-13 12:00:00+00:00,0.10468733310699463,49.14299392700195,3.5768892261866316,48.850608825683594
2016-01-14 00:00:00+00:00,0.4231683015823364,7549.58349609375,0.7311389169291571,7531.78515625
2016-01-14 06:00:00+00:00,0.30867868661880493,2364.179931640625,0.8474515235900013,2359.83984375
2016-01-14 12:00:00+00:00,0.10851234197616577,53.78435134887695,3.5163110974244427,53.45094680786133
2016-01-14 18:00:00+00:00,0.22720688581466675,1906.2774658203125,0.8385825459975018,1903.5391845703125
2016-01-15 00:00:00+00:00,0.1756603717803955,1489.6103515625,0.9382017118977154,1488.1328125
2016-01-15 06:00:00+00:00,0.1414198875427246,81.60591888427734,2.776791204832129,80.97013092041016
2016-01-15 12:00:00+00:00,0.2899870276451111,1265.4383544921875,0.70377040466359,1262.474365234375
2016-01-15 18:00:00+00:00,0.2544592618942261,943.2824096679688,0.9276718858381096,940.5813598632812
2016-01-16 00:00:00+00:00,0.12520307302474976,61.00519561767578,3.3124805840455833,60.50007247924805
2016-01-16 06:00:00+00:00,0.14943456649780273,62.286258697509766,2.8223948800817698,61.638816833496094
2016-01-16 12:00:00+00:00,0.18048131465911865,59.826446533203125,3.234013802226062,58.86417770385742
2016-01-16 18:00:00+00:00,0.26551735401153564,681.1381225585938,1.0012140623131047,677.9607543945312
2016-01-17 00:00:00+00:00,0.27266716957092285,183.06199645996094,2.045233338563677,180.21047973632812
2016-01-17 06:00:00+00:00,0.28157228231430054,175.06333923339844,1.8879740064244195,172.30804443359375
2016-01-17 12:00:00+00:00,0.26098763942718506,100.54240417480469,2.1988648347348727,98.47173309326172
2016-01-17 18:00:00+00:00,0.21961337327957153,90.8266830444336,2.66960642928703,89.20010375976562
2016-01-18 00:00:00+00:00,0.1970231533050537,86.40103912353516,2.785875132245319,85.14900207519531
2016-01-18 06:00:00+00:00,0.22760212421417236,101.82560729980469,2.3629760536643767,100.09346008300781
2016-01-18 12:00:00+00:00,0.20197772979736328,85.9800796508789,2.1970335930007305,84.78192138671875
2016-01-18 18:00:00+00:00,0.16702210903167725,91.2596664428711,2.2529577177568645,90.26018524169922
2016-01-19 00:00:00+00:00,0.19795018434524536,161.80490112304688,1.6454033498771834,160.38192749023438
2016-01-19 06:00:00+00:00,0.17650312185287476,245.22032165527344,1.0371332824443238,244.1451873779297
2016-01-19 12:00:00+00:00,0.17649316787719727,85.10504913330078,2.523944515321221,84.1363525390625
2016-01-19 18:00:00+00:00,0.15745574235916138,164.4314422607422,1.498790387219045,163.5028839111328
2016-01-20 00:00:00+00:00,0.14613652229309082,168.59909057617188,1.4224561486629026,167.8603515625
2016-01-20 06:00:00+00:00,0.0792689323425293,208.02577209472656,0.996679215837234,207.83529663085938
2016-01-20 12:00:00+00:00,0.12302190065383911,110.72577667236328,1.6367294957704526,110.30340576171875
2016-01-21 00:00:00+00:00,0.09146356582641602,90.9985580444336,2.2449797604989716,90.73802947998047
2016-01-21 06:00:00+00:00,0.14374637603759766,98.33892822265625,1.9156795680049556,97.70982360839844
2016-01-21 12:00:00+00:00,0.11791914701461792,85.06295013427734,2.0779241015267322,84.67892456054688
2016-01-21 18:00:00+00:00,0.05487281084060669,90.498779296875,2.175934347416484,90.3996353149414
2016-01-22 00:00:00+00:00,0.05051779747009277,77.83259582519531,2.074816086605048,77.76080322265625
2016-01-22 06:00:00+00:00,0.008560538291931152,89.30157470703125,1.9192227979312848,89.2995376586914
2016-01-22 12:00:00+00:00,0.04279601573944092,91.7057876586914,2.431005250254973,91.65039825439453
2016-01-22 18:00:00+00:00,0.07553219795227051,132.61582946777344,1.989665597146185,132.43092346191406
2016-01-23 00:00:00+00:00,0.13480591773986816,133.88438415527344,2.022252699175938,133.3037872314453
2016-01-23 06:00:00+00:00,0.1464214324951172,87.71426391601562,2.4879191923195285,87.1042251586914
2016-01-23 12:00:00+00:00,0.12369167804718018,96.4057388305664,2.1927216423419202,95.98558044433594
2016-01-23 18:00:00+00:00,0.20811247825622559,99.08745574951172,2.4014781076294556,97.80657196044922
2016-01-24 00:00:00+00:00,0.19227266311645508,248.73561096191406,1.1100026849527425,247.6724395751953
2016-01-24 06:00:00+00:00,0.11098039150238037,136.61277770996094,1.3226197304435048,136.2940216064453
2016-01-24 12:00:00+00:00,0.14222288131713867,66.16358184814453,2.165675957119705,65.71150970458984
2016-01-24 18:00:00+00:00,0.05173802375793457,447.40716552734375,0.7462564781131742,447.3326416015625
2016-01-25 00:00:00+00:00,0.03572273254394531,308.6094055175781,0.8122553839287491,308.57635498046875
2016-01-25 06:00:00+00:00,0.08479571342468262,60.87397384643555,1.7261212653320788,60.71366882324219
2016-01-25 12:00:00+00:00,0.0640188455581665,98.68209838867188,1.1708388487383992,98.59049987792969
2016-01-25 18:00:00+00:00,0.062419891357421875,260.3320617675781,0.5345585335741199,260.2271423339844
2016-01-26 00:00:00+00:00,0.14094328880310059,169.44081115722656,0.8893193723657163,168.94154357910156
2016-01-26 06:00:00+00:00,0.11738741397857666,68.65714263916016,2.29130534303503,68.32977294921875
2016-01-26 12:00:00+00:00,0.13709986209869385,88.27667236328125,1.7417829976147639,87.82275390625
2016-01-26 18:00:00+00:00,0.1290959119796753,115.43827056884766,1.1857726974742882,114.99888610839844
2016-01-27 00:00:00+00:00,0.14959824085235596,118.0152587890625,0.9415903091132638,117.4585952758789
2016-01-27 06:00:00+00:00,0.11827683448791504,75.85885620117188,1.605825255888403,75.52703094482422
2016-01-27 12:00:00+00:00,0.11441349983215332,66.82510375976562,1.9919157208023315,66.53964233398438
2016-01-27 18:00:00+00:00,0.07579493522644043,57.817256927490234,2.114014566396,57.68368148803711
2016-01-28 00:00:00+00:00,0.10605478286743164,57.29126739501953,2.171179226301226,57.05195999145508
2016-01-28 06:00:00+00:00,0.053816914558410645,194.24925231933594,0.7310269500066666,194.1841278076172
2016-01-28 12:00:00+00:00,0.011942028999328613,205.82363891601562,0.5281925497901633,205.8206024169922
2016-01-28 18:00:00+00:00,0.0752718448638916,83.10936737060547,1.2229430603353184,82.97410583496094
2016-01-29 00:00:00+00:00,0.04924821853637695,227.6071014404297,0.7533605720162428,227.55662536621094
2016-01-29 06:00:00+00:00,0.08428692817687988,89.30768585205078,1.0749161097145319,89.1622314453125
2016-01-29 12:00:00+00:00,0.08149266242980957,210.02545166015625,0.8080196534614396,209.8855743408203
2016-01-29 18:00:00+00:00,0.10793066024780273,59.1912727355957,1.8236746904554904,58.93305969238281
2016-01-30 00:00:00+00:00,0.07881438732147217,263.2411193847656,0.5535764587497147,263.10516357421875
2016-01-30 06:00:00+00:00,0.12143433094024658,55.32089614868164,1.8425229010622362,55.037925720214844
2016-01-30 12:00:00+00:00,0.09498465061187744,143.68626403808594,0.8929748826176525,143.5120391845703
2016-01-30 18:00:00+00:00,0.07120835781097412,350.72601318359375,0.7611379410078489,350.6100769042969
2016-01-31 00:00:00+00:00,0.010879278182983398,323.2044982910156,0.7314582685368588,323.2020263671875
2016-01-31 06:00:00+00:00,0.1442188024520874,60.62879180908203,2.286879299272839,60.21115493774414
2016-01-31 12:00:00+00:00,0.20292413234710693,65.84054565429688,2.2649672028616186,65.06012725830078
2016-01-31 18:00:00+00:00,0.19707906246185303,69.2774429321289,2.3000734875393016,68.46187591552734
2016-02-01 00:00:00+00:00,0.22610938549041748,65.99851989746094,1.8742073752272528,65.1060562133789
2016-02-01 06:00:00+00:00,0.18050432205200195,53.47762680053711,2.2117716622080588,52.83879852294922
2016-02-01 12:00:00+00:00,0.16726934909820557,49.95339584350586,2.7146973501474383,49.409400939941406
2016-02-01 18:00:00+00:00,0.19577836990356445,48.10837173461914,2.2897584106624063,47.37826919555664
2016-02-02 00:00:00+00:00,0.16231465339660645,30.26472282409668,3.0513962738533156,29.860595703125
2016-02-02 06:00:00+00:00,0.16509485244750977,34.34648513793945,3.050802163535148,33.90749740600586
2016-02-02 12:00:00+00:00,0.16373610496520996,35.440711975097656,2.534853399520666,35.02129364013672
2016-02-02 18:00:00+00:00,0.11439478397369385,32.56013107299805,2.9174554301310915,32.345672607421875
2016-02-03 00:00:00+00:00,0.16057085990905762,27.43610191345215,2.795384179317125,27.084274291992188
2016-02-03 06:00:00+00:00,0.10723447799682617,27.088802337646484,3.1234921826202107,26.925806045532227
2016-02-03 12:00:00+00:00,0.10868000984191895,23.54061508178711,3.2225133701311237,23.382144927978516
2016-02-03 18:00:00+00:00,0.1220388412475586,28.373355865478516,3.386820083052415,28.14468765258789
2016-02-04 00:00:00+00:00,0.10041642189025879,26.51694679260254,3.003818420978378,26.377840042114258
2016-02-04 06:00:00+00:00,0.05649137496948242,23.81031608581543,3.5078265507308344,23.76776885986328
2016-02-04 12:00:00+00:00,0.050498783588409424,23.678598403930664,3.703840097922147,23.64306640625
2016-02-04 18:00:00+00:00,0.041137635707855225,20.576562881469727,3.7760642938866256,20.556087493896484
2016-02-05 00:00:00+00:00,0.1607549786567688,23.590600967407227,3.4181225523600065,23.238018035888672
2016-02-05 06:00:00+00:00,0.03938448429107666,25.69505500793457,3.6115733746172953,25.67302703857422
2016-02-05 12:00:00+00:00,0.1475326418876648,27.61945152282715,3.693090131390945,27.282583236694336
2016-02-05 18:00:00+00:00,0.09073644876480103,25.747535705566406,3.878870404513407,25.61366844177246
2016-02-06 00:00:00+00:00,0.11806857585906982,26.86855125427246,3.949145598195515,26.642099380493164
2016-02-06 06:00:00+00:00,0.17039108276367188,1204.157958984375,0.9627860508255917,1203.1494140625
2016-02-06 12:00:00+00:00,0.09700524806976318,71.84400939941406,2.204203933859352,71.64909362792969
2016-02-06 18:00:00+00:00,0.11824077367782593,52.966209411621094,2.71975326669748,52.66734313964844
2016-02-07 00:00:00+00:00,0.06532883644104004,57.72573471069336,2.579005670553996,57.63623046875
2016-02-07 06:00:00+00:00,0.12242788076400757,53.71431350708008,2.747329132670722,53.39835739135742
2016-02-07 12:00:00+00:00,0.15777307748794556,29.78139877319336,3.532408864518506,29.399396896362305
2016-02-07 18:00:00+00:00,0.11227637529373169,50.96550369262695,2.6217592987044482,50.70622634887695
2016-02-08 00:00:00+00:00,0.0773959755897522,31.417627334594727,3.384475396160455,31.313783645629883
2016-02-08 06:00:00+00:00,0.06299322843551636,50.85636520385742,2.8637930324608454,50.76558303833008
2016-02-08 12:00:00+00:00,0.030483722686767578,53.29562759399414,2.6431882268247504,53.27693176269531
2016-02-08 18:00:00+00:00,0.0017464756965637207,94.52393341064453,2.2008147579096007,94.52388000488281
2016-02-09 00:00:00+00:00,0.11191105842590332,103.7582778930664,2.1187866114832676,103.5158920288086
2016-02-09 06:00:00+00:00,0.09841585159301758,93.7676010131836,2.614232235239527,93.55443572998047
2016-02-09 12:00:00+00:00,0.0803937315940857,35.071022033691406,3.576231322216682,34.94908142089844
2016-02-09 18:00:00+00:00,0.07884210348129272,45.8575553894043,3.3235370091083487,45.7159538269043
2016-02-10 00:00:00+00:00,0.21503019332885742,42.99536895751953,3.684259366728708,41.996192932128906
2016-02-10 06:00:00+00:00,0.4201299548149109,38.22128677368164,3.578922499146662,35.100181579589844
2016-02-10 12:00:00+00:00,0.3492514491081238,63.94211196899414,2.8578151761981836,61.62104415893555
2016-02-10 18:00:00+00:00,0.4708946943283081,84.76734924316406,2.91846280956915,80.02760314941406
2016-02-11 00:00:00+00:00,0.1722484827041626,20.536636352539062,3.664672827237003,20.20619010925293
2016-02-11 06:00:00+00:00,0.3964824080467224,80.31222534179688,2.375312209607437,76.99606323242188
2016-02-11 12:00:00+00:00,0.31550508737564087,36.20283126831055,3.0015861166999973,34.730857849121094
2016-02-11 18:00:00+00:00,0.4467341899871826,43.58485412597656,3.2821845491520008,40.031524658203125
2016-02-12 00:00:00+00:00,0.4502122402191162,61.29020309448242,2.6766235010566195,57.372501373291016
2016-02-12 06:00:00+00:00,0.5010483264923096,148.24795532226562,1.8475067026148488,141.73342895507812
2016-02-12 12:00:00+00:00,0.435632586479187,87.6047592163086,2.269273505281939,83.90828704833984
2016-02-12 18:00:00+00:00,0.43640440702438354,122.70734405517578,2.2728415966328197,118.05609893798828
2016-02-13 00:00:00+00:00,0.44653934240341187,106.13809967041016,2.448609413002712,101.20091247558594
2016-02-13 06:00:00+00:00,0.4001339077949524,116.32743835449219,2.192037330429663,112.30878448486328
2016-02-13 12:00:00+00:00,0.389589786529541,95.05976867675781,1.8677329305740908,92.0045166015625
2016-02-13 18:00:00+00:00,0.3835303783416748,263.1755065917969,1.0294016196746412,259.0153503417969
2016-02-14 00:00:00+00:00,0.32900863885879517,234.8539581298828,0.8785731851700395,232.2808380126953
2016-02-14 06:00:00+00:00,0.419666051864624,111.76824188232422,2.011029634501996,107.26486206054688
2016-02-14 12:00:00+00:00,0.433743953704834,114.34584045410156,1.9794606647458581,109.99601745605469
2016-02-14 18:00:00+00:00,0.43387937545776367,158.26519775390625,1.6107156192164094,153.58595275878906
2016-02-15 00:00:00+00:00,0.345428466796875,93.70092010498047,1.4033288289585955,91.1990966796875
2016-02-15 06:00:00+00:00,0.3914700150489807,104.12779998779297,2.193300456121883,100.21092224121094
2016-02-15 12:00:00+00:00,0.3865073323249817,108.14242553710938,1.6429741649879928,104.8129653930664
2016-02-15 18:00:00+00:00,0.3442988991737366,112.05442810058594,1.270804291963122,109.26995086669922
2016-02-16 00:00:00+00:00,0.32104063034057617,76.44309997558594,2.036731728706121,74.2710189819336
2016-02-16 06:00:00+00:00,0.2908157706260681,85.94099426269531,1.9653426235541924,83.86714935302734
2016-02-16 12:00:00+00:00,0.32006919384002686,70.49681854248047,2.4250530996827577,68.21553039550781
2016-02-16 18:00:00+00:00,0.3310186266899109,88.33755493164062,2.4368303933051703,85.7303237915039
2016-02-17 00:00:00+00:00,0.29799699783325195,105.21278381347656,1.880728186745406,103.18074035644531
2016-02-17 06:00:00+00:00,0.30461007356643677,102.44637298583984,2.035739193957947,99.87657928466797
2016-02-17 12:00:00+00:00,0.3524351119995117,609.4334716796875,0.8024623266382724,606.0060424804688
2016-02-17 18:00:00+00:00,0.2795279026031494,87.45433807373047,2.053012396586962,85.4461441040039
2016-02-18 00:00:00+00:00,0.26092958450317383,84.78619384765625,2.0314303830298535,83.13377380371094
2016-02-18 06:00:00+00:00,0.2175789475440979,88.61894989013672,2.056590458447539,87.3305435180664
2016-02-18 12:00:00+00:00,0.1867154836654663,68.52606964111328,2.4750755416386476,67.70838165283203
2016-02-18 18:00:00+00:00,0.14508861303329468,70.49229431152344,2.058817721396899,69.98753356933594
2016-02-19 00:00:00+00:00,0.13197511434555054,81.360595703125,1.727625690174103,80.95376586914062
2016-02-19 06:00:00+00:00,0.0929613709449768,103.36131286621094,1.9998831236710966,103.11705780029297
2016-02-19 12:00:00+00:00,0.06298106908798218,64.19689178466797,2.330405015997924,64.10643768310547
2016-02-19 18:00:00+00:00,0.032867431640625,73.2319107055664,2.050585078780901,73.20471954345703
2016-02-20 00:00:00+00:00,0.03992199897766113,69.6089096069336,2.074980419020214,69.57076263427734
2016-02-20 06:00:00+00:00,0.07647430896759033,95.89271545410156,1.684271354909736,95.73719787597656
2016-02-20 12:00:00+00:00,0.04838979244232178,58.489105224609375,2.0641341454543123,58.43821716308594
2016-02-20 18:00:00+00:00,0.056005120277404785,67.62271881103516,1.9434903631188298,67.54835510253906
2016-02-21 00:00:00+00:00,0.0981985330581665,59.71884536743164,2.1091835965614703,59.51614761352539
2016-02-21 06:00:00+00:00,0.07202064990997314,68.38929748535156,2.086095812591638,68.26602935791016
2016-02-21 12:00:00+00:00,0.05683755874633789,52.46872329711914,2.51528526805458,52.40062713623047
2016-02-21 18:00:00+00:00,0.054476261138916016,69.61529541015625,1.9198628378194051,69.54664611816406
2016-02-22 00:00:00+00:00,0.04758906364440918,59.78452682495117,1.882231353533797,59.7379035949707
2016-02-22 06:00:00+00:00,0.05253314971923828,135.0216064453125,1.0584024334790354,134.95602416992188
2016-02-22 12:00:00+00:00,0.0692976713180542,88.05006408691406,1.207390683220532,87.94471740722656
2016-02-22 18:00:00+00:00,0.06735050678253174,56.69170379638672,2.092799696765696,56.588191986083984
2016-02-23 00:00:00+00:00,0.06345856189727783,51.880313873291016,1.982181885529723,51.798458099365234
2016-02-23 06:00:00+00:00,0.09716916084289551,57.66007614135742,2.4042008739242258,57.44578170776367
2016-02-23 12:00:00+00:00,0.0713576078414917,54.52436065673828,2.0817828516767998,54.41709899902344
2016-02-23 18:00:00+00:00,0.07563376426696777,53.6739501953125,2.2053886608101214,53.5478515625
2016-02-24 00:00:00+00:00,0.09986722469329834,89.4619369506836,1.0871292618611903,89.25252532958984
2016-02-24 06:00:00+00:00,0.06331253051757812,65.23734283447266,1.7611721433766465,65.15164184570312
2016-02-24 12:00:00+00:00,0.11298298835754395,58.36848068237305,2.0654386107464187,58.10588455200195
2016-02-24 18:00:00+00:00,0.08900570869445801,109.06858825683594,0.9449608379440033,108.8858642578125
2016-02-25 00:00:00+00:00,0.09208929538726807,54.52463912963867,2.1631196786566216,54.35523223876953
2016-02-25 06:00:00+00:00,0.08230459690093994,59.444007873535156,2.015826672316036,59.30009841918945
2016-02-25 12:00:00+00:00,0.1271531581878662,54.42177200317383,1.6755955859860656,54.118656158447266
2016-02-25 18:00:00+00:00,0.10211968421936035,54.78107452392578,2.20655917375252,54.55886459350586
2016-02-26 00:00:00+00:00,0.1419677734375,62.523094177246094,1.5562949361327774,62.13238525390625
2016-02-26 06:00:00+00:00,0.15574097633361816,50.96306228637695,2.2742027530084905,50.50728225708008
2016-02-26 12:00:00+00:00,0.13816237449645996,56.21607971191406,1.9343375043168052,55.86587142944336
2016-02-26 18:00:00+00:00,0.1352066993713379,67.27750396728516,1.5528463728286463,66.89512634277344
2016-02-27 00:00:00+00:00,0.11199498176574707,101.93131256103516,0.9163056987984872,101.6975326538086
2016-02-27 06:00:00+00:00,0.10512316226959229,48.04445266723633,2.1602040663976085,47.837589263916016
2016-02-27 12:00:00+00:00,0.12814605236053467,46.65471267700195,2.0899273114316967,46.36201095581055
2016-02-27 18:00:00+00:00,0.10226821899414062,52.64658737182617,1.9979497465766254,52.446529388427734
2016-02-28 00:00:00+00:00,0.17280113697052002,50.88492965698242,2.2167469516894456,50.38774871826172
2016-02-28 06:00:00+00:00,0.19892871379852295,57.42060470581055,2.0879123246981606,56.7136344909668
2016-02-28 12:00:00+00:00,0.17979955673217773,44.711097717285156,2.5573644685914094,44.1567497253418
2016-02-28 18:00:00+00:00,0.18491017818450928,45.77244186401367,2.6056515463065666,45.18159103393555
2016-02-29 00:00:00+00:00,0.12755751609802246,36.62969970703125,2.6980992839489915,36.367347717285156
2016-02-29 06:00:00+00:00,0.1460639238357544,35.80561065673828,2.4327563212201917,35.46849060058594
2016-02-29 12:00:00+00:00,0.11233341693878174,39.19590759277344,2.356424595429814,38.99032974243164
2016-02-29 18:00:00+00:00,0.07400965690612793,30.277681350708008,2.8121996193609218,30.19330596923828
2016-03-01 00:00:00+00:00,0.06694948673248291,33.44758224487305,2.4392192563411097,33.378570556640625
2016-03-01 06:00:00+00:00,0.09154319763183594,154.51992797851562,0.9920128730042094,154.3703155517578
2016-03-01 12:00:00+00:00,0.017203092575073242,49.336788177490234,1.881167834205632,49.332176208496094
2016-03-01 18:00:00+00:00,0.01986795663833618,39.092891693115234,2.4803515775231357,39.0861701965332
2016-03-02 00:00:00+00:00,0.05975484848022461,207.40748596191406,1.0651518731469571,207.33425903320312
2016-03-02 06:00:00+00:00,0.10878300666809082,101.82809448242188,1.4811938540632565,101.62166595458984
2016-03-02 12:00:00+00:00,0.17523711919784546,146.30447387695312,1.261145750368073,145.75978088378906
2016-03-02 18:00:00+00:00,0.13928616046905518,130.00747680664062,1.2508707483210888,129.6547088623047
2016-03-03 00:00:00+00:00,0.25413668155670166,199.64297485351562,1.3371161967052236,198.4060516357422
2016-03-03 06:00:00+00:00,0.2675982117652893,159.1283721923828,1.6823750738527528,157.59552001953125
2016-03-03 12:00:00+00:00,0.2798881530761719,148.55885314941406,1.3883658727268076,147.16224670410156
2016-03-03 18:00:00+00:00,0.36485713720321655,140.42698669433594,2.0306547492522258,137.57701110839844
2016-03-04 00:00:00+00:00,0.36858540773391724,57.42041778564453,2.778973260464408,54.96111297607422
2016-03-04 06:00:00+00:00,0.2971784472465515,51.5433235168457,2.9980757075981033,49.75218200683594
2016-03-04 12:00:00+00:00,0.49143165349960327,575.8095703125,1.3409883508865548,568.2705688476562
2016-03-04 18:00:00+00:00,0.2940361499786377,135.41270446777344,2.087990725590691,133.6350555419922
2016-03-05 00:00:00+00:00,0.14634478092193604,134.0447235107422,1.8593635564951165,133.51646423339844
2016-03-05 06:00:00+00:00,0.05418658256530762,209.0410614013672,1.861683357503983,208.95538330078125
2016-03-05 12:00:00+00:00,0.04804396629333496,54.37015914916992,2.800448956521852,54.32071304321289
2016-03-05 18:00:00+00:00,0.018710076808929443,54.34459686279297,2.738459574413309,54.337650299072266
2016-03-06 00:00:00+00:00,0.050598740577697754,46.960716247558594,2.9315874534770963,46.91029357910156
2016-03-06 06:00:00+00:00,0.03732430934906006,56.043296813964844,3.0540580213888395,56.010589599609375
2016-03-06 12:00:00+00:00,0.01646876335144043,160.06105041503906,1.7349243627456332,160.0538330078125
2016-03-06 18:00:00+00:00,0.2922780513763428,193.06097412109375,2.1179770197874603,190.61978149414062
2016-03-07 00:00:00+00:00,0.31704843044281006,133.09181213378906,2.6582188368384054,130.0718231201172
2016-03-07 06:00:00+00:00,0.3161114454269409,144.78382873535156,2.5034491659149976,141.5360565185547
2016-03-07 12:00:00+00:00,0.15663504600524902,129.46629333496094,2.29125023684999,128.7855224609375
2016-03-07 18:00:00+00:00,0.21616768836975098,333.259521484375,1.7442768164506548,331.620361328125
2016-03-08 00:00:00+00:00,0.19258332252502441,155.86395263671875,2.104624154938297,154.76609802246094
2016-03-08 06:00:00+00:00,0.1437147855758667,186.52053833007812,1.7343017696196226,185.84463500976562
2016-03-08 12:00:00+00:00,0.1638263463973999,127.74163818359375,2.1911927842882486,126.98402404785156
2016-03-08 18:00:00+00:00,0.2415095567703247,173.74412536621094,2.203683054129885,171.74703979492188
2016-03-09 00:00:00+00:00,0.03900420665740967,612.2755126953125,0.9817469396583604,612.2246704101562
2016-03-09 06:00:00+00:00,0.19200313091278076,469.00701904296875,1.3326714926717849,467.57647705078125
2016-03-09 12:00:00+00:00,0.08592391014099121,139.0570831298828,2.1360260500561745,138.82217407226562
2016-03-09 18:00:00+00:00,0.00175553560256958,106.94893646240234,2.0883046817387374,106.9488525390625
2016-03-10 00:00:00+00:00,0.050352275371551514,342.55621337890625,1.2301539356178002,342.47021484375
2016-03-10 06:00:00+00:00,0.09999454021453857,109.06329345703125,1.9742060032860471,108.75760650634766
2016-03-10 12:00:00+00:00,0.19646453857421875,75.62171936035156,2.0463344067416678,74.65736389160156
2016-03-10 18:00:00+00:00,0.19911378622055054,60.177974700927734,2.465263548131313,59.25200653076172
2016-03-11 00:00:00+00:00,0.23618477582931519,66.4750747680664,2.516243096287581,65.20721435546875
2016-03-11 06:00:00+00:00,0.287686824798584,65.11700439453125,2.4925986025115643,63.0970573425293
2016-03-11 12:00:00+00:00,0.32041990756988525,69.08184051513672,2.32265173588936,66.70050048828125
2016-03-11 18:00:00+00:00,0.3010801672935486,54.537784576416016,2.8726030861534317,52.45920181274414
2016-03-12 00:00:00+00:00,0.3367747664451599,78.8523941040039,2.5213534716281534,76.12749481201172
2016-03-12 06:00:00+00:00,0.2713029384613037,300.9518737792969,0.8809809627430639,298.9106750488281
2016-03-12 12:00:00+00:00,0.3310132622718811,70.60794067382812,2.5597085124685046,68.01776885986328
2016-03-12 18:00:00+00:00,0.3097248077392578,98.44792938232422,2.388727357575874,95.88579559326172
2016-03-13 00:00:00+00:00,0.32345086336135864,106.24227142333984,1.939356966305492,103.69463348388672
2016-03-13 06:00:00+00:00,0.3676978349685669,135.2701873779297,2.0415747865191647,131.46896362304688
2016-03-13 12:00:00+00:00,0.38113731145858765,119.60002136230469,1.419889534460149,116.2336654663086
2016-03-13 18:00:00+00:00,0.36421728134155273,328.8529357910156,0.8443607805936361,325.2494812011719
2016-03-14 00:00:00+00:00,0.2941933274269104,110.50983428955078,1.3754984778697126,108.65187072753906
2016-03-14 06:00:00+00:00,0.31310319900512695,106.28277587890625,2.05712268367024,103.7376708984375
2016-03-14 12:00:00+00:00,0.29136574268341064,76.16161346435547,2.130326036018653,74.38679504394531
2016-03-14 18:00:00+00:00,0.2742512822151184,114.11521911621094,1.4273373285132782,112.2882308959961
2016-03-15 00:00:00+00:00,0.27010244131088257,83.12512969970703,2.0981870034319354,81.52308654785156
2016-03-15 06:00:00+00:00,0.26654207706451416,76.9449691772461,2.426791645958012,75.2191390991211
2016-03-15 12:00:00+00:00,0.228310227394104,83.93374633789062,2.071977547228364,82.78411102294922
2016-03-15 18:00:00+00:00,0.20984101295471191,93.48674774169922,1.8494524147159823,92.43501281738281
2016-03-16 00:00:00+00:00,0.1709800362586975,75.08373260498047,2.0243499543610537,74.45297241210938
2016-03-16 06:00:00+00:00,0.18539655208587646,74.0523910522461,2.1572513968021396,73.27884674072266
2016-03-16 12:00:00+00:00,0.1073920726776123,77.70335388183594,1.8310464571118779,77.4525146484375
2016-03-16 18:00:00+00:00,0.0681418776512146,80.50338745117188,2.0816849719213018,80.38671875
2016-03-17 00:00:00+00:00,0.07780832052230835,68.7529067993164,1.9917340183094296,68.62516784667969
2016-03-17 06:00:00+00:00,0.04427969455718994,79.01150512695312,2.018339354446081,78.96504211425781
2016-03-17 12:00:00+00:00,0.015768468379974365,68.99005126953125,1.8088822653063714,68.98485565185547
2016-03-17 18:00:00+00:00,0.0005621910095214844,95.15836334228516,1.8045705458662782,95.15835571289062
2016-03-18 00:00:00+00:00,0.006832122802734375,70.96037292480469,2.0735955767968988,70.95942687988281
2016-03-18 06:00:00+00:00,0.03788912296295166,81.77418518066406,1.8750720080237557,81.74195861816406
2016-03-18 12:00:00+00:00,0.018243789672851562,57.4096794128418,2.3723938401668487,57.40299987792969
2016-03-18 18:00:00+00:00,0.04609048366546631,69.01397705078125,2.018606777217328,68.9681167602539
2016-03-19 00:00:00+00:00,0.05846512317657471,57.220603942871094,2.1976064939097464,57.15668869018555
2016-03-19 06:00:00+00:00,0.03746521472930908,62.15346145629883,2.1838918380251315,62.124454498291016
2016-03-19 12:00:00+00:00,0.018382668495178223,77.4949951171875,1.8239133786244959,77.48787689208984
2016-03-19 18:00:00+00:00,0.023314595222473145,84.0904541015625,1.7211338747601275,84.07836151123047
2016-03-20 00:00:00+00:00,0.027102947235107422,55.67628860473633,1.9672905117774007,55.662654876708984
2016-03-20 06:00:00+00:00,0.1003565788269043,80.06623077392578,2.0739064280094324,79.84317016601562
2016-03-20 12:00:00+00:00,0.07280266284942627,67.71659088134766,1.996745118213437,67.60790252685547
2016-03-20 18:00:00+00:00,0.0032918453216552734,135.26658630371094,0.9992608701631462,135.266357421875
2016-03-21 00:00:00+00:00,0.07622671127319336,52.78160095214844,2.2959327341594706,52.67765808105469
2016-03-21 06:00:00+00:00,0.06408560276031494,53.52906036376953,2.3591148861905804,53.449180603027344
2016-03-21 12:00:00+00:00,0.04439997673034668,43.019447326660156,2.4596994361899664,42.985023498535156
2016-03-21 18:00:00+00:00,0.03561985492706299,46.01036834716797,2.3851824645852107,45.987125396728516
2016-03-22 00:00:00+00:00,0.043001651763916016,41.082183837890625,2.3388578004333227,41.05099868774414
2016-03-22 06:00:00+00:00,0.03352952003479004,96.89423370361328,1.1683984550511481,96.87271881103516
2016-03-22 12:00:00+00:00,0.057303547859191895,43.47076416015625,2.3745486621084275,43.41206741333008
2016-03-22 18:00:00+00:00,0.06605947017669678,46.18437576293945,2.641896499054145,46.100013732910156
2016-03-23 00:00:00+00:00,0.11758828163146973,61.211360931396484,1.795792505678117,60.96326446533203
2016-03-23 06:00:00+00:00,0.14938843250274658,68.90364074707031,1.673437114754367,68.47079467773438
2016-03-23 12:00:00+00:00,0.1504988670349121,49.59613037109375,2.0426887869751797,49.20515823364258
2016-03-23 18:00:00+00:00,0.18940508365631104,97.48299407958984,1.557900124985016,96.73036193847656
2016-03-24 00:00:00+00:00,0.15649175643920898,90.9653091430664,1.2029604160906897,90.52249145507812
2016-03-24 06:00:00+00:00,0.135903000831604,78.55200958251953,1.4279670495209489,78.18294525146484
2016-03-24 12:00:00+00:00,0.09270870685577393,54.92823028564453,1.7585591826017501,54.78048324584961
2016-03-24 18:00:00+00:00,0.02486586570739746,96.32334899902344,1.1903799179410495,96.31069946289062
2016-03-25 00:00:00+00:00,0.22931301593780518,101.2941665649414,1.5648152292386817,100.2957534790039
2016-03-25 06:00:00+00:00,0.26962411403656006,197.16966247558594,1.0793096896204253,195.40199279785156
2016-03-25 12:00:00+00:00,0.24893653392791748,91.85814666748047,1.6537838464982635,90.6103515625
2016-03-25 18:00:00+00:00,0.23740875720977783,90.22753143310547,1.738100808421745,89.07022857666016
2016-03-26 00:00:00+00:00,0.22364139556884766,106.8421630859375,1.3797763675340442,105.91525268554688
2016-03-26 06:00:00+00:00,0.2240992784500122,135.3450469970703,1.144768738914704,134.2386932373047
2016-03-26 12:00:00+00:00,0.21355342864990234,151.72633361816406,1.080964289794022,150.7654266357422
2016-03-26 18:00:00+00:00,0.2020939588546753,79.1772232055664,1.6437763318244005,78.37290954589844
2016-03-27 00:00:00+00:00,0.20660877227783203,137.2082061767578,1.0879311943245504,136.3893280029297
2016-03-27 06:00:00+00:00,0.17050135135650635,55.76456832885742,2.237004322109832,55.191619873046875
2016-03-27 12:00:00+00:00,0.15085875988006592,70.90341186523438,1.6609593945882912,70.45048522949219
2016-03-27 18:00:00+00:00,0.12884533405303955,44.171409606933594,2.5640218917519526,43.86689758300781
2016-03-28 00:00:00+00:00,0.15026617050170898,49.38318634033203,2.642586474270342,48.95447540283203
2016-03-28 06:00:00+00:00,0.1647343635559082,45.805389404296875,2.331537616083644,45.279727935791016
2016-03-28 12:00:00+00:00,0.09330058097839355,44.141746520996094,2.5208068367006655,43.97091293334961
2016-03-28 18:00:00+00:00,0.08462297916412354,42.93536376953125,2.374149326722831,42.801395416259766
2016-03-29 00:00:00+00:00,0.06171107292175293,30.935869216918945,3.396131655704914,30.86878776550293
2016-03-29 06:00:00+00:00,0.09355568885803223,54.188846588134766,2.124171380906141,54.026485443115234
2016-03-29 12:00:00+00:00,0.06423830986022949,34.04741287231445,3.3204062907090917,33.9698600769043
2016-03-29 18:00:00+00:00,0.09395396709442139,33.69620895385742,3.287696659794436,33.53694534301758
2016-03-30 00:00:00+00:00,0.021285414695739746,33.68394088745117,3.1724754812809235,33.675498962402344
2016-03-30 06:00:00+00:00,0.04980355501174927,76.06726837158203,2.004777768646444,76.0121841430664
2016-03-30 12:00:00+00:00,0.12768733501434326,1528.421875,0.8237550388500905,1527.8824462890625
2016-03-30 18:00:00+00:00,0.14081591367721558,40.30588150024414,3.6069481059599484,39.87405014038086
2016-03-31 00:00:00+00:00,0.18452703952789307,1570.952392578125,0.8277275946626422,1569.857421875
2016-03-31 06:00:00+00:00,0.1823330521583557,132.57418823242188,2.076772034877129,131.78036499023438
2016-03-31 12:00:00+00:00,0.290480375289917,231.55271911621094,1.5751767965866756,229.25003051757812
2016-03-31 18:00:00+00:00,0.2227001190185547,58.471370697021484,3.04833428011296,57.255733489990234
2016-04-01 00:00:00+00:00,0.29810982942581177,313.88922119140625,1.2926716842011685,311.64599609375
2016-04-01 06:00:00+00:00,0.171796977519989,56.00155258178711,2.4975745596252836,55.36798095703125
2016-04-01 12:00:00+00:00,0.15544360876083374,67.99243927001953,2.576976990261673,67.41394805908203
2016-04-01 18:00:00+00:00,0.06830775737762451,377.8776550292969,1.2992487062034788,377.7139587402344
2016-04-02 00:00:00+00:00,0.10341465473175049,87.45140075683594,2.622175190259574,87.1602554321289
2016-04-02 06:00:00+00:00,0.10020565986633301,146.2701416015625,1.6697127678756334,145.9918212890625
2016-04-02 12:00:00+00:00,0.07325828075408936,97.87937927246094,2.102072455356908,97.74974822998047
2016-04-02 18:00:00+00:00,0.07269763946533203,79.55970001220703,2.4522399509182167,79.43112182617188
2016-04-03 00:00:00+00:00,0.024640381336212158,450.63360595703125,1.1257368615056595,450.6163024902344
2016-04-03 06:00:00+00:00,0.2046443223953247,216.25723266601562,1.6661139056301784,214.9342498779297
2016-04-03 12:00:00+00:00,0.1619107723236084,136.04832458496094,2.145041454299794,135.41839599609375
2016-04-03 18:00:00+00:00,0.05585277080535889,90.66219329833984,2.373046961254956,90.58599853515625
2016-04-04 00:00:00+00:00,0.07694947719573975,128.90560913085938,1.981046117757331,128.7771453857422
2016-04-04 06:00:00+00:00,0.05441844463348389,234.04791259765625,1.4457209428737037,233.97854614257812
2016-04-04 12:00:00+00:00,0.08734250068664551,91.73115539550781,2.3815910353629923,91.56127166748047
2016-04-04 18:00:00+00:00,0.07608944177627563,47.56938934326172,2.887684178176633,47.465885162353516
2016-04-05 00:00:00+00:00,0.1179966926574707,62.43549728393555,2.776380320758494,62.191959381103516
2016-04-05 06:00:00+00:00,0.04554480314254761,35.661197662353516,3.0753549162558356,35.62995147705078
2016-04-05 12:00:00+00:00,0.07981258630752563,28.402965545654297,3.2148930612624755,28.31233787536621
2016-04-05 18:00:00+00:00,0.14070653915405273,55.515132904052734,2.465933472348792,55.153770446777344
2016-04-06 00:00:00+00:00,0.0875750184059143,29.64040756225586,3.0309956658524766,29.538129806518555
2016-04-06 06:00:00+00:00,0.17298614978790283,29.626510620117188,3.637979640451233,29.137353897094727
2016-04-06 12:00:00+00:00,0.11990970373153687,37.04629135131836,2.727234965385541,36.823692321777344
2016-04-06 18:00:00+00:00,0.07515347003936768,26.291173934936523,3.7468887279075163,26.207927703857422
2016-04-07 00:00:00+00:00,0.1351744532585144,28.103185653686523,3.1078809723524934,27.836402893066406
2016-04-07 06:00:00+00:00,0.1647908091545105,28.81060218811035,3.4068786372862983,28.394004821777344
2016-04-07 12:00:00+00:00,0.13167548179626465,25.35797119140625,3.3916201665185657,25.113698959350586
2016-04-07 18:00:00+00:00,0.29754364490509033,73.26219940185547,2.2571315996140293,71.46760559082031
2016-04-08 00:00:00+00:00,0.33057641983032227,957.3444213867188,0.4714450031826306,954.9028930664062
2016-04-08 06:00:00+00:00,0.19453412294387817,51.91712188720703,2.3674509257007106,51.23870086669922
2016-04-08 12:00:00+00:00,0.1672704815864563,52.694068908691406,2.157315914993847,52.25380325317383
2016-04-08 18:00:00+00:00,0.200181245803833,48.61408996582031,2.2423419240714777,47.943145751953125
2016-04-09 00:00:00+00:00,0.26438212394714355,46.3516960144043,2.491949793034014,45.156734466552734
2016-04-09 06:00:00+00:00,0.2162967324256897,55.19444274902344,2.4248292988567828,54.3277587890625
2016-04-09 12:00:00+00:00,0.1683531403541565,43.530616760253906,2.111285735742826,43.07490921020508
2016-04-09 18:00:00+00:00,0.2728378176689148,66.60050201416016,2.018834159646454,65.2817611694336
2016-04-10 00:00:00+00:00,0.29321664571762085,438.7074890136719,0.8205588429502463,437.0292053222656
2016-04-10 06:00:00+00:00,0.2652103900909424,66.35123443603516,2.2453800267928736,64.98514556884766
2016-04-10 12:00:00+00:00,0.2324390411376953,45.00838088989258,2.497912187670473,44.12016296386719
2016-04-10 18:00:00+00:00,0.21118760108947754,38.028846740722656,2.6894655533573886,37.31007766723633
2016-04-11 00:00:00+00:00,0.2848542332649231,39.64613723754883,2.691503666094277,38.33411407470703
2016-04-11 06:00:00+00:00,0.2684599757194519,52.1934814453125,2.536665694397997,50.73710250854492
2016-04-11 12:00:00+00:00,0.26587462425231934,45.85533142089844,2.6725114018791656,44.56465530395508
2016-04-11 18:00:00+00:00,0.2653072476387024,43.29779052734375,2.7891989085039697,41.96500015258789
2016-04-12 00:00:00+00:00,0.2308591604232788,43.536537170410156,2.3759735925213987,42.59260177612305
2016-04-12 06:00:00+00:00,0.3353669047355652,2307.94970703125,0.1702155693772781,2304.680419921875
2016-04-12 12:00:00+00:00,0.2628858685493469,64.18051147460938,2.1586536755350374,62.82145309448242
2016-04-12 18:00:00+00:00,0.3602316975593567,1878.2506103515625,0.21801213709124204,1874.410888671875
2016-04-13 00:00:00+00:00,0.24008619785308838,46.91681671142578,2.0982637016608745,45.90553665161133
2016-04-13 06:00:00+00:00,0.24566853046417236,47.59007263183594,2.5062878558857467,46.39885711669922
2016-04-13 12:00:00+00:00,0.20930379629135132,49.75110626220703,2.6808176586297545,48.871551513671875
2016-04-14 00:00:00+00:00,0.13495856523513794,49.67927932739258,2.1612856936876463,49.38780212402344
2016-04-14 06:00:00+00:00,0.1205219030380249,48.201358795166016,2.1458384575310974,47.94948959350586
2016-04-14 12:00:00+00:00,0.04501098394393921,47.643821716308594,2.37555954779332,47.6097526550293
2016-04-14 18:00:00+00:00,0.0764574408531189,58.65242385864258,2.083360589414591,58.54777908325195
2016-04-15 00:00:00+00:00,0.02609485387802124,74.9975814819336,2.120732601685718,74.98535919189453
2016-04-15 06:00:00+00:00,0.0633552074432373,88.70951843261719,1.9021065628452194,88.62760925292969
2016-04-15 12:00:00+00:00,0.11705541610717773,105.63247680664062,1.8132534066711103,105.362060546875
2016-04-15 18:00:00+00:00,0.09232628345489502,121.18843078613281,1.7939120263299924,121.00633239746094
2016-04-16 00:00:00+00:00,0.10574841499328613,65.23316192626953,1.940620590104886,65.043212890625
2016-04-16 06:00:00+00:00,0.12749719619750977,71.48075866699219,2.300105898256853,71.15153503417969
2016-04-16 12:00:00+00:00,0.0544964075088501,847.3349609375,0.46890903861496547,847.26025390625
2016-04-16 18:00:00+00:00,0.14170384407043457,100.88352966308594,1.816976878309915,100.46199798583984
2016-04-17 00:00:00+00:00,0.1614164113998413,64.27179718017578,2.0134172819517238,63.82192611694336
2016-04-17 06:00:00+00:00,0.13032972812652588,81.45123291015625,1.9200772951919793,81.09477996826172
2016-04-17 12:00:00+00:00,0.14744412899017334,70.57392883300781,2.196191228203691,70.15066528320312
2016-04-17 18:00:00+00:00,0.16589820384979248,78.48912048339844,1.858078957991022,77.91741943359375
2016-04-18 00:00:00+00:00,0.13300859928131104,59.56658172607422,1.917213893857427,59.261253356933594
2016-04-18 06:00:00+00:00,0.1323796510696411,63.319740295410156,1.9730532277746116,62.97006607055664
2016-04-18 12:00:00+00:00,0.13570177555084229,84.04611206054688,1.2239389007466202,83.70597839355469
2016-04-18 18:00:00+00:00,0.1730889081954956,77.14885711669922,1.5635430972544226,76.55855560302734
2016-04-19 00:00:00+00:00,0.27222561836242676,111.23865509033203,1.3364962626230845,109.74681854248047
2016-04-19 06:00:00+00:00,0.2707195281982422,88.9446029663086,1.839932729593367,87.40880584716797
2016-04-19 12:00:00+00:00,0.25356853008270264,75.77153778076172,2.0759627000367398,74.59136962890625
2016-04-19 18:00:00+00:00,0.23407423496246338,102.6540756225586,1.8122666392324431,101.49081420898438
2016-04-20 00:00:00+00:00,0.2915303707122803,92.38398742675781,1.597571622168831,90.77654266357422
2016-04-20 06:00:00+00:00,0.2731550931930542,85.25916290283203,1.7413695820599915,83.85469818115234
2016-04-20 12:00:00+00:00,0.32856595516204834,118.79043579101562,1.4876199079559713,116.6336669921875
2016-04-20 18:00:00+00:00,0.31322574615478516,111.57627868652344,1.4987263320995596,109.65081787109375
2016-04-21 00:00:00+00:00,0.3500385284423828,142.56907653808594,1.3133080140036313,140.22654724121094
2016-04-21 06:00:00+00:00,0.34894466400146484,99.90210723876953,1.6932505240227984,97.53211975097656
2016-04-21 12:00:00+00:00,0.37761354446411133,133.43882751464844,1.6941738495749028,130.3744354248047
2016-04-21 18:00:00+00:00,0.3724946975708008,178.5703582763672,1.5184267502706172,175.49026489257812
2016-04-22 00:00:00+00:00,0.3420982360839844,87.13973999023438,2.0955691571228923,85.16191864013672
2016-04-22 06:00:00+00:00,0.35429584980010986,119.24137878417969,1.586820822573173,116.67914581298828
2016-04-22 12:00:00+00:00,0.32332897186279297,93.97499084472656,2.022739266432147,91.9261703491211
2016-04-22 18:00:00+00:00,0.3658710718154907,94.57635498046875,1.8879938181501448,92.01297760009766
2016-04-23 00:00:00+00:00,0.36668121814727783,82.25169372558594,2.0533465249809035,80.01429748535156
2016-04-23 06:00:00+00:00,0.2977876663208008,91.99224090576172,2.039850625459082,90.32500457763672
2016-04-23 12:00:00+00:00,0.3950437307357788,112.3907699584961,1.9613584000830768,109.24740600585938
2016-04-23 18:00:00+00:00,0.35903215408325195,206.02178955078125,1.309401694946331,203.16058349609375
2016-04-24 00:00:00+00:00,0.2948589324951172,74.54141235351562,2.114600168420896,73.13142395019531
2016-04-24 06:00:00+00:00,0.23716449737548828,65.35979461669922,2.235870771236564,64.36470794677734
2016-04-24 12:00:00+00:00,0.14955449104309082,50.89303207397461,2.2085082008265324,50.556156158447266
2016-04-24 18:00:00+00:00,0.050194382667541504,57.363067626953125,1.6013013794384563,57.323734283447266
2016-04-25 00:00:00+00:00,0.03231865167617798,38.936641693115234,2.2503255132944835,38.921932220458984
2016-04-25 06:00:00+00:00,0.13100552558898926,46.60551071166992,2.0201136285371617,46.34381103515625
2016-04-25 12:00:00+00:00,0.2191440463066101,95.18267822265625,1.7876613120633167,94.28514862060547
2016-04-25 18:00:00+00:00,0.1642845869064331,79.20281982421875,1.5819431292198056,78.74313354492188
2016-04-26 00:00:00+00:00,0.11696213483810425,52.952064514160156,1.9007059631791605,52.744869232177734
2016-04-26 06:00:00+00:00,0.27276426553726196,125.64407348632812,1.304841961177522,124.27633666992188
2016-04-26 12:00:00+00:00,0.2824263572692871,121.96588134765625,1.6326667793648038,120.49121856689453
2016-04-26 18:00:00+00:00,0.28729909658432007,97.9771957397461,1.8269773266180505,96.46768951416016
2016-04-27 00:00:00+00:00,0.37269264459609985,108.35297393798828,1.751615524287846,105.94911193847656
2016-04-27 06:00:00+00:00,0.3813207745552063,168.0894317626953,1.0544710795890393,165.13819885253906
2016-04-27 12:00:00+00:00,0.4364807605743408,128.33644104003906,1.5714556096117063,124.42222595214844
2016-04-28 00:00:00+00:00,0.4656524062156677,156.9254150390625,1.8000214939166383,152.64373779296875
2016-04-28 06:00:00+00:00,0.34522169828414917,448.5469665527344,0.5812144657225551,445.67926025390625
2016-04-28 12:00:00+00:00,0.41524893045425415,111.07621002197266,1.9670222438348153,107.75704193115234
2016-04-28 18:00:00+00:00,0.43077337741851807,135.05038452148438,1.8582712094256768,131.2980499267578
2016-04-29 00:00:00+00:00,0.375482439994812,100.27361297607422,1.6351339173800095,97.93229675292969
2016-04-29 06:00:00+00:00,0.4133704900741577,89.66678619384766,2.2961965452020348,86.35003662109375
2016-04-29 12:00:00+00:00,0.4127350449562073,123.11654663085938,1.9553159934681796,119.39095306396484
2016-04-29 18:00:00+00:00,0.5212936401367188,144.95541381835938,1.801669675542694,138.48825073242188
2016-04-30 00:00:00+00:00,0.5114046037197113,77.70482635498047,2.338840075965136,72.88790893554688
2016-04-30 06:00:00+00:00,0.48009270429611206,97.99531555175781,2.1668828096262263,92.8658218383789
2016-04-30 12:00:00+00:00,0.4357820749282837,98.3021011352539,2.2501837563017193,94.27184295654297
2016-04-30 18:00:00+00:00,0.4537416696548462,110.95455169677734,2.3267175900312704,106.16111755371094
2016-05-01 00:00:00+00:00,0.4380204677581787,69.95181274414062,2.82799630436129,66.20809936523438
2016-05-01 06:00:00+00:00,0.44748538732528687,76.94270324707031,2.6633336134186556,72.18285369873047
2016-05-01 12:00:00+00:00,0.2510327100753784,69.608154296875,2.5303217487456844,68.26284790039062
2016-05-01 18:00:00+00:00,0.26428622007369995,101.92151641845703,2.216862084386097,100.09716796875
2016-05-02 00:00:00+00:00,0.028276681900024414,92.1890869140625,2.3061346351525627,92.17417907714844
2016-05-02 06:00:00+00:00,0.07067668437957764,91.75464630126953,2.2611175981246627,91.65313720703125
2016-05-02 12:00:00+00:00,0.10060465335845947,66.70465087890625,2.5332903093921293,66.5528564453125
2016-05-02 18:00:00+00:00,0.1368488073348999,50.70613098144531,2.92139645501423,50.41360092163086
2016-05-03 00:00:00+00:00,0.301959753036499,104.18592834472656,2.1528697936103254,102.64469909667969
2016-05-03 06:00:00+00:00,0.19795691967010498,124.5230484008789,1.7969338546919855,123.89096069335938
2016-05-03 12:00:00+00:00,0.09927606582641602,87.42809295654297,2.0502180924222317,87.25784301757812
2016-05-03 18:00:00+00:00,0.09356456995010376,727.4138793945312,0.6279563407821676,727.20849609375
2016-05-04 00:00:00+00:00,0.08001428842544556,58.55606460571289,2.271343971727433,58.4576416015625
2016-05-04 06:00:00+00:00,0.020880281925201416,62.527626037597656,2.0528718549805336,62.52019500732422
2016-05-04 12:00:00+00:00,0.00762486457824707,73.2098617553711,2.1603719053583026,73.20895385742188
2016-05-04 18:00:00+00:00,0.08815151453018188,54.08974075317383,2.1723255948388007,53.971771240234375
2016-05-05 00:00:00+00:00,0.11308521032333374,41.64810562133789,2.564030812922848,41.45925521850586
2016-05-05 06:00:00+00:00,0.1363580822944641,48.02068328857422,1.940013080933415,47.762840270996094
2016-05-05 12:00:00+00:00,0.018580198287963867,214.37203979492188,0.8937026890652349,214.3671875
2016-05-05 18:00:00+00:00,0.0692630410194397,34.55125045776367,2.5919060791415385,34.48772048950195
2016-05-06 00:00:00+00:00,0.18919825553894043,40.1228141784668,2.370870129045275,39.64860916137695
2016-05-06 06:00:00+00:00,0.1576920747756958,32.021480560302734,2.5696315801071563,31.7271671295166
2016-05-06 12:00:00+00:00,0.20689445734024048,37.4652214050293,2.5330353311388363,36.95283126831055
2016-05-06 18:00:00+00:00,0.18399202823638916,41.38258361816406,2.328123286261348,40.98683547973633
2016-05-07 00:00:00+00:00,0.2575971484184265,54.242340087890625,1.813188537368748,53.48224639892578
2016-05-07 06:00:00+00:00,0.21337038278579712,40.3035774230957,2.4165216035865495,39.769989013671875
2016-05-07 12:00:00+00:00,0.2669493556022644,26.011045455932617,2.6190760260728334,25.289295196533203
2016-05-07 18:00:00+00:00,0.17854773998260498,37.710262298583984,2.18596278256993,37.36219787597656
2016-05-08 00:00:00+00:00,0.17860573530197144,26.547826766967773,2.7131396947693123,26.246318817138672
2016-05-08 06:00:00+00:00,0.24876976013183594,62.31597900390625,1.9435686375034962,61.479637145996094
2016-05-08 12:00:00+00:00,0.24435949325561523,34.82864761352539,2.6607515241847306,34.04292678833008
2016-05-08 18:00:00+00:00,0.1982971429824829,36.151607513427734,2.6812631982522217,35.6035041809082
2016-05-09 00:00:00+00:00,0.22292596101760864,28.716081619262695,3.052526989997654,28.053485870361328
2016-05-09 06:00:00+00:00,0.20090252161026,32.405059814453125,2.7007271104003845,31.820241928100586
2016-05-10 00:00:00+00:00,0.08792275190353394,173.6294708251953,1.232337311257922,173.48941040039062
2016-05-10 06:00:00+00:00,0.21992486715316772,67.4333724975586,2.075403582698617,66.5694580078125
2016-05-10 12:00:00+00:00,0.11240464448928833,34.74241638183594,3.07711771992998,34.545284271240234
2016-05-10 18:00:00+00:00,0.207300066947937,815.9867553710938,0.6410179447084314,814.909912109375
2016-05-11 00:00:00+00:00,0.06014984846115112,51.50190734863281,2.509683687082125,51.43359375
2016-05-11 06:00:00+00:00,0.12372583150863647,183.31971740722656,1.4577665352616052,183.0146484375
2016-05-11 12:00:00+00:00,0.003409743309020996,57.39028549194336,2.4290485938230515,57.390079498291016
2016-05-11 18:00:00+00:00,0.12818419933319092,68.09956359863281,2.2919498858169876,67.78378295898438
2016-05-12 00:00:00+00:00,0.13446307182312012,82.61431884765625,1.8623096920987199,82.25614166259766
2016-05-12 06:00:00+00:00,0.2087801694869995,117.42375946044922,1.7261699212854773,116.4275131225586
2016-05-12 12:00:00+00:00,0.22353971004486084,86.9871826171875,1.8501400997389659,86.01029968261719
2016-05-12 18:00:00+00:00,0.2452833652496338,231.33584594726562,0.8866213934832243,230.14141845703125
2016-05-13 00:00:00+00:00,0.24500632286071777,118.51884460449219,1.8375556795320498,117.25142669677734
2016-05-13 06:00:00+00:00,0.25951719284057617,118.49153900146484,1.5964624436908543,117.07697296142578
2016-05-13 12:00:00+00:00,0.22080624103546143,83.48487854003906,1.6096759521195352,82.50011444091797
2016-05-13 18:00:00+00:00,0.18493878841400146,108.73101806640625,1.0835573209879201,108.0511474609375
2016-05-14 00:00:00+00:00,0.2223144769668579,61.54548645019531,1.9454946111041669,60.700714111328125
2016-05-14 06:00:00+00:00,0.21212255954742432,76.51351928710938,1.7446693521793637,75.68661499023438
2016-05-14 12:00:00+00:00,0.20957064628601074,77.55081176757812,1.7255956363818814,76.76884460449219
2016-05-14 18:00:00+00:00,0.16565120220184326,58.87455368041992,2.05203121961329,58.390220642089844
2016-05-15 00:00:00+00:00,0.18419456481933594,69.86138916015625,1.4177978004615117,69.25543975830078
2016-05-15 06:00:00+00:00,0.17779207229614258,66.00410461425781,1.6715973839434173,65.44525909423828
2016-05-15 12:00:00+00:00,0.14921700954437256,73.67861938476562,1.2718298966649049,73.31692504882812
2016-05-15 18:00:00+00:00,0.16090357303619385,49.228477478027344,2.144241666851788,48.813392639160156
2016-05-16 00:00:00+00:00,0.17730438709259033,51.43170166015625,2.2185476515514373,50.926475524902344
2016-05-16 06:00:00+00:00,0.17286288738250732,51.64552307128906,2.0806722987177872,51.174293518066406
2016-05-16 12:00:00+00:00,0.20412981510162354,56.132694244384766,1.7949925005132594,55.4599494934082
2016-05-16 18:00:00+00:00,0.23694145679473877,138.4832000732422,0.9722171012013288,137.48094177246094
2016-05-17 00:00:00+00:00,0.25140833854675293,65.4239730834961,1.8806593649974415,64.33919525146484
2016-05-17 06:00:00+00:00,0.2937896251678467,106.36912536621094,1.1668232197512634,104.839111328125
2016-05-17 12:00:00+00:00,0.2844926118850708,82.69170379638672,1.5295052465106358,81.31246185302734
2016-05-17 18:00:00+00:00,0.30052053928375244,63.668304443359375,2.048624130438438,62.18255615234375
2016-05-18 00:00:00+00:00,0.2632826566696167,70.22265625,1.5800533095640188,69.0990219116211
2016-05-18 06:00:00+00:00,0.30344223976135254,114.20110321044922,1.0393892727559086,112.41838836669922
2016-05-18 12:00:00+00:00,0.27477526664733887,67.36405944824219,1.7955310690778035,66.10164642333984
2016-05-18 18:00:00+00:00,0.2861863374710083,128.8970947265625,0.8063761034795749,127.53888702392578
2016-05-19 00:00:00+00:00,0.2609848976135254,50.514984130859375,2.1728788086994224,49.48939895629883
2016-05-19 06:00:00+00:00,0.32192862033843994,608.2266845703125,0.7126580347158937,606.170654296875
2016-05-19 12:00:00+00:00,0.2958751916885376,121.43318939208984,1.0707349457031257,119.88225555419922
2016-05-19 18:00:00+00:00,0.29008233547210693,78.00817108154297,1.7488701207462343,76.52286529541016
2016-05-20 00:00:00+00:00,0.3463810682296753,115.79827880859375,1.24247770313043,113.78157043457031
2016-05-20 06:00:00+00:00,0.2790703773498535,51.902679443359375,2.4442461378849245,50.5980110168457
2016-05-20 12:00:00+00:00,0.26010167598724365,55.994258880615234,1.8063257146747342,54.92127990722656
2016-05-20 18:00:00+00:00,0.2719064950942993,69.83368682861328,1.9245370064063176,68.54552459716797
2016-05-21 00:00:00+00:00,0.1792888641357422,39.71942138671875,2.2305924333566125,39.28043746948242
2016-05-21 06:00:00+00:00,0.2406383752822876,41.35574722290039,2.3592193545981126,40.47689437866211
2016-05-21 12:00:00+00:00,0.1911029815673828,85.35752868652344,1.2035535056712003,84.78451538085938
2016-05-21 18:00:00+00:00,0.11599647998809814,76.13790130615234,1.2456043089385622,75.93515014648438
2016-05-22 00:00:00+00:00,0.0455552339553833,28.30828857421875,2.5909199561996017,28.281892776489258
2016-05-22 06:00:00+00:00,0.03639400005340576,34.8397216796875,2.519257741601524,34.82108688354492
2016-05-22 12:00:00+00:00,0.04469233751296997,36.63090896606445,2.3310264257566033,36.602874755859375
2016-05-22 18:00:00+00:00,0.09910029172897339,35.75120544433594,2.521436612656332,35.61258316040039
2016-05-23 00:00:00+00:00,0.19097959995269775,62.3774299621582,1.9583880166863699,61.801551818847656
2016-05-23 06:00:00+00:00,0.17181485891342163,53.410240173339844,2.0933102343669505,52.93996047973633
2016-05-23 12:00:00+00:00,0.24894893169403076,89.58399200439453,1.3912509260701587,88.51397705078125
2016-05-23 18:00:00+00:00,0.31756138801574707,63.42797088623047,2.2017712225722907,61.64811325073242
2016-05-24 00:00:00+00:00,0.25631606578826904,262.6455993652344,0.6927116864449836,261.24169921875
2016-05-24 06:00:00+00:00,0.4148414731025696,87.33613586425781,2.002738762435987,84.02326965332031
2016-05-24 12:00:00+00:00,0.4523354172706604,89.51058959960938,2.0449393716289825,85.658447265625
2016-05-24 18:00:00+00:00,0.44202953577041626,77.41529846191406,2.272480454243161,73.66334533691406
2016-05-25 00:00:00+00:00,0.4926678538322449,124.45936584472656,1.8508483065951382,119.41791534423828
2016-05-25 06:00:00+00:00,0.5365292131900787,164.90451049804688,1.8625472404002008,157.51126098632812
2016-05-25 12:00:00+00:00,0.49539148807525635,170.17611694335938,1.8338221593142094,164.40306091308594
2016-05-25 18:00:00+00:00,0.4832407832145691,142.8908233642578,2.0762539431902516,137.6204071044922
2016-05-26 00:00:00+00:00,0.454454243183136,125.77365112304688,2.0667741176108843,121.33148956298828
2016-05-26 06:00:00+00:00,0.5228340923786163,157.3755645751953,1.7793950358070383,150.6639862060547
2016-05-26 12:00:00+00:00,0.48552197217941284,137.6941375732422,2.469966975455438,132.03150939941406
2016-05-26 18:00:00+00:00,0.4913507103919983,160.6499786376953,1.5855731390999193,155.25648498535156
2016-05-27 00:00:00+00:00,0.5098275244235992,382.8760986328125,1.2224651074301403,376.58465576171875
2016-05-27 06:00:00+00:00,0.570348709821701,515.724365234375,1.0164067702733766,506.4469299316406
2016-05-27 12:00:00+00:00,0.5372273325920105,154.17660522460938,2.201417553806526,146.85202026367188
2016-05-27 18:00:00+00:00,0.5174367427825928,123.6502456665039,2.2283350849566097,117.30675506591797
2016-05-28 00:00:00+00:00,0.4282049536705017,127.74334716796875,2.226378127825921,123.3467788696289
2016-05-28 06:00:00+00:00,0.4316404461860657,76.77155303955078,2.5905837256291,72.87725067138672
2016-05-28 12:00:00+00:00,0.4114677309989929,92.62187194824219,2.235175074440007,89.42594146728516
2016-05-28 18:00:00+00:00,0.2545161247253418,57.151695251464844,2.730839872438484,55.954742431640625
2016-05-29 00:00:00+00:00,0.27475082874298096,49.90378952026367,2.56249628218685,48.61127471923828
2016-05-29 06:00:00+00:00,0.2934606075286865,44.803863525390625,2.8416243473395593,43.362613677978516
2016-05-29 12:00:00+00:00,0.28446120023727417,34.964988708496094,3.363215061723113,33.58757400512695
2016-05-29 18:00:00+00:00,0.1487877368927002,26.2554874420166,3.21616890992592,25.97429656982422
2016-05-30 00:00:00+00:00,0.21463066339492798,30.519908905029297,3.4119539633644047,29.84522247314453
2016-05-30 06:00:00+00:00,0.3428797721862793,687.1613159179688,0.8642544705099469,684.5947265625
2016-05-30 12:00:00+00:00,0.25248783826828003,62.9040641784668,2.7951431090264776,61.79152297973633
2016-05-30 18:00:00+00:00,0.2349361777305603,89.32498931884766,2.027878134183839,88.25040435791016
2016-05-31 00:00:00+00:00,0.26163673400878906,74.90955352783203,2.282817358529098,73.70695495605469
2016-05-31 06:00:00+00:00,0.23044323921203613,52.7963752746582,2.4171977519889483,51.95360565185547
2016-05-31 12:00:00+00:00,0.21716678142547607,89.2825698852539,2.0026450442567225,88.53813934326172
2016-05-31 18:00:00+00:00,0.213720440864563,73.41541290283203,2.162960541745126,72.61742401123047
2016-06-01 00:00:00+00:00,0.20201927423477173,61.98905563354492,2.0561511147508527,61.357521057128906
2016-06-01 06:00:00+00:00,0.28416794538497925,86.56844329833984,1.8357717921219676,85.1275863647461
2016-06-01 12:00:00+00:00,0.3160907030105591,196.18011474609375,1.213058137781805,194.33901977539062
2016-06-01 18:00:00+00:00,0.2823317050933838,134.6329345703125,1.7758736467935192,133.13491821289062
2016-06-02 00:00:00+00:00,0.2895854711532593,106.93203735351562,1.6922223217992978,105.2998275756836
2016-06-02 06:00:00+00:00,0.28254014253616333,141.59030151367188,1.607090394238064,139.94912719726562
2016-06-02 12:00:00+00:00,0.24645394086837769,70.5578384399414,2.072293669998803,69.54542541503906
2016-06-02 18:00:00+00:00,0.2759636640548706,68.87183380126953,1.920984255693503,67.64659118652344
2016-06-03 00:00:00+00:00,0.2673819661140442,93.80081939697266,1.9952147289956537,92.54640197753906
2016-06-03 06:00:00+00:00,0.278117835521698,184.7010040283203,1.4207412239628956,183.1670684814453
2016-06-03 12:00:00+00:00,0.27740955352783203,138.95590209960938,1.6928597017987594,137.59437561035156
2016-06-03 18:00:00+00:00,0.26629430055618286,64.96582794189453,2.533098932963535,63.832794189453125
2016-06-04 00:00:00+00:00,0.31774652004241943,99.353515625,1.8306562027193494,97.77185821533203
2016-06-04 06:00:00+00:00,0.3383163809776306,90.5188217163086,2.2478829985064324,88.4287338256836
2016-06-04 12:00:00+00:00,0.24757647514343262,103.73575592041016,2.0565437803496893,102.56594848632812
2016-06-04 18:00:00+00:00,0.17869186401367188,58.38804626464844,2.125749660197431,57.90304183959961
2016-06-05 00:00:00+00:00,0.26587098836898804,91.50067901611328,2.0815788894083305,90.50518035888672
2016-06-05 06:00:00+00:00,0.15449810028076172,47.63893508911133,2.5650558440777345,47.25432586669922
2016-06-05 12:00:00+00:00,0.1419125199317932,38.797847747802734,3.137020718449647,38.5107307434082
2016-06-05 18:00:00+00:00,0.08317351341247559,16.088077545166016,3.7368791320724752,16.025978088378906
2016-06-06 00:00:00+00:00,0.14096450805664062,17.716476440429688,3.5280251556942996,17.547548294067383
2016-06-06 06:00:00+00:00,0.42020702362060547,89.99806213378906,2.8350163708004157,86.36205291748047
2016-06-06 12:00:00+00:00,0.4896332025527954,50.18389892578125,2.9809316093179614,46.400543212890625
2016-06-06 18:00:00+00:00,0.5319901704788208,93.2117691040039,3.081797866765199,86.23894500732422
2016-06-07 00:00:00+00:00,0.43613433837890625,75.53621673583984,2.7508352582520894,71.39429473876953
2016-06-07 06:00:00+00:00,0.5221251249313354,94.39253234863281,2.6362495914968114,88.23401641845703
2016-06-07 12:00:00+00:00,0.5700699090957642,181.3773956298828,2.2572190073417895,173.45323181152344
2016-06-07 18:00:00+00:00,0.38545262813568115,101.9956283569336,2.4500708443329033,98.92250061035156
2016-06-08 00:00:00+00:00,0.5504593849182129,226.49920654296875,2.055270647553612,217.02976989746094
2016-06-08 06:00:00+00:00,0.5063580274581909,161.9692840576172,1.960071245147216,155.31365966796875
2016-06-08 12:00:00+00:00,0.3567999601364136,440.42401123046875,0.9267372358172263,436.7102966308594
2016-06-08 18:00:00+00:00,0.33545923233032227,91.2864990234375,2.1308420415647467,89.03488159179688
2016-06-09 00:00:00+00:00,0.2860950231552124,87.3387222290039,1.7748979451367908,85.72576141357422
2016-06-09 06:00:00+00:00,0.30631184577941895,96.76446533203125,2.068965832032694,94.80754852294922
2016-06-09 12:00:00+00:00,0.3344780206680298,95.53109741210938,1.6341964019873312,93.29476928710938
2016-06-09 18:00:00+00:00,0.2679171562194824,81.90092468261719,1.523867837858746,80.57938385009766
2016-06-10 00:00:00+00:00,0.2750166654586792,77.75885772705078,2.113106744285488,76.31139373779297
2016-06-10 06:00:00+00:00,0.26970744132995605,72.5633544921875,1.8667550409012137,71.23047637939453
2016-06-10 18:00:00+00:00,0.24221396446228027,59.35274124145508,2.2754309131875408,58.295509338378906
2016-06-11 00:00:00+00:00,0.23053932189941406,71.10124206542969,1.8336499533538893,70.15505981445312
2016-06-11 06:00:00+00:00,0.23603534698486328,83.26622772216797,1.5432427102906445,82.27135467529297
2016-06-11 12:00:00+00:00,0.22688031196594238,61.98972702026367,1.7973923660268896,61.170562744140625
2016-06-11 18:00:00+00:00,0.25078070163726807,64.71007537841797,1.72199276871103,63.60456085205078
2016-06-12 00:00:00+00:00,0.2635362148284912,139.40762329101562,0.8576000781087789,138.06521606445312
2016-06-12 06:00:00+00:00,0.28045570850372314,71.80603790283203,1.4974769706727085,70.45501708984375
2016-06-12 12:00:00+00:00,0.27199387550354004,61.16796112060547,1.5835635292889467,59.99086380004883
2016-06-12 18:00:00+00:00,0.31721389293670654,80.04188537597656,1.752935447086926,78.2113037109375
2016-06-13 00:00:00+00:00,0.3177579641342163,91.39100646972656,1.7543417824872094,89.50595092773438
2016-06-13 06:00:00+00:00,0.32345306873321533,69.27445220947266,2.0195152983764686,67.49249267578125
2016-06-13 12:00:00+00:00,0.3166966438293457,74.42305755615234,1.3020274031428918,72.76950073242188
2016-06-13 18:00:00+00:00,0.2974921464920044,69.33818054199219,1.6081458558255946,67.92756652832031
2016-06-14 00:00:00+00:00,0.3171478509902954,74.88084411621094,1.8405140597603635,73.23811340332031
2016-06-14 06:00:00+00:00,0.3319019079208374,101.01647186279297,1.1512489122042306,99.08042907714844
2016-06-14 12:00:00+00:00,0.32007718086242676,94.54979705810547,1.5133118481116852,92.76447296142578
2016-06-14 18:00:00+00:00,0.34091997146606445,92.6354751586914,1.2381936162256761,90.63810729980469
2016-06-15 00:00:00+00:00,0.33620357513427734,81.21990966796875,1.7950632042619508,79.34278869628906
2016-06-15 06:00:00+00:00,0.33396005630493164,104.2294921875,1.4200218506133921,102.04435729980469
2016-06-15 12:00:00+00:00,0.3283790349960327,58.62114334106445,2.320922521781836,56.806304931640625
2016-06-15 18:00:00+00:00,0.31208860874176025,67.21654510498047,2.0174419213049264,65.60668182373047
2016-06-16 00:00:00+00:00,0.277671217918396,51.39558029174805,2.1179514581553134,50.23823928833008
2016-06-16 06:00:00+00:00,0.30007314682006836,131.95188903808594,1.212042778062295,130.1790771484375
2016-06-16 12:00:00+00:00,0.2526007890701294,74.30256652832031,1.403305246068217,73.22589874267578
2016-06-16 18:00:00+00:00,0.20316922664642334,78.36219024658203,1.2554983576727228,77.67401885986328
2016-06-17 00:00:00+00:00,0.18238866329193115,44.32950973510742,2.1069370304660553,43.85036087036133
2016-06-17 06:00:00+00:00,0.20255446434020996,59.40494918823242,1.889358618961107,58.71121597290039
2016-06-17 12:00:00+00:00,0.16358602046966553,61.96551513671875,1.7300790993947064,61.52525329589844
2016-06-17 18:00:00+00:00,0.08239138126373291,48.49296951293945,2.2582925251933688,48.38395690917969
2016-06-18 00:00:00+00:00,0.0432436466217041,39.77400588989258,2.2358830892915464,39.74610900878906
2016-06-18 06:00:00+00:00,0.005253732204437256,39.278690338134766,2.247370292338172,39.27828598022461
2016-06-18 12:00:00+00:00,0.06380802392959595,36.83747482299805,2.273942628478761,36.780426025390625
2016-06-18 18:00:00+00:00,0.16602367162704468,43.83080291748047,2.123926799228382,43.411865234375
2016-06-19 00:00:00+00:00,0.27386242151260376,70.59954833984375,2.0134971393621623,69.38514709472656
2016-06-19 06:00:00+00:00,0.3035889267921448,105.42704010009766,1.5078342726813245,103.77623748779297
2016-06-19 12:00:00+00:00,0.3561387062072754,72.44647216796875,2.3281138223698488,70.29600524902344
2016-06-19 18:00:00+00:00,0.40394240617752075,99.91214752197266,2.2569701343583466,96.6764907836914
2016-06-20 00:00:00+00:00,0.4283882975578308,143.8321533203125,1.581065888107597,140.0666961669922
2016-06-20 06:00:00+00:00,0.3632557988166809,80.47051239013672,1.837914168691068,78.0421371459961
2016-06-20 12:00:00+00:00,0.39737606048583984,144.81561279296875,1.2969350534406148,141.7898712158203
2016-06-20 18:00:00+00:00,0.41013044118881226,81.6359634399414,1.7016750066760267,78.56771850585938
2016-06-21 00:00:00+00:00,0.42112064361572266,95.02226257324219,1.7961993509935452,91.59872436523438
2016-06-21 06:00:00+00:00,0.43453365564346313,89.72261047363281,2.312046648612499,85.88803100585938
2016-06-21 12:00:00+00:00,0.4559999108314514,115.07823181152344,2.1322760722665595,110.48538970947266
2016-06-21 18:00:00+00:00,0.3917909860610962,86.19603729248047,1.9771430929223053,83.28007507324219
2016-06-22 00:00:00+00:00,0.42529380321502686,86.62893676757812,2.200629010735387,83.18938446044922
2016-06-22 06:00:00+00:00,0.34951287508010864,78.3446044921875,2.4048017442779357,76.07955169677734
2016-06-22 12:00:00+00:00,0.4036548137664795,79.46531677246094,2.3425456117432235,76.6960678100586
2016-06-22 18:00:00+00:00,0.3790053725242615,49.40708541870117,2.7006278649981077,47.16441345214844
2016-06-23 00:00:00+00:00,0.43133699893951416,87.98307800292969,2.044832733557386,84.55574798583984
2016-06-23 06:00:00+00:00,0.39397597312927246,73.64704895019531,2.1522470123855593,70.78106689453125
2016-06-23 12:00:00+00:00,0.32165294885635376,83.33849334716797,2.1173849964511,81.50346374511719
2016-06-23 18:00:00+00:00,0.313671350479126,67.20211791992188,2.2629791978722333,65.45457458496094
2016-06-24 00:00:00+00:00,0.248368501663208,69.3003158569336,1.8818080949100129,68.25308227539062
2016-06-24 06:00:00+00:00,0.27251845598220825,155.6136474609375,1.33573690187595,153.96131896972656
2016-06-24 12:00:00+00:00,0.1893731951713562,75.73825073242188,1.7621619612102986,75.08491516113281
2016-06-24 18:00:00+00:00,0.15667563676834106,63.20599365234375,2.1153581338459375,62.737911224365234
2016-06-25 00:00:00+00:00,0.16843551397323608,75.51577758789062,1.7168584896713006,75.00627899169922
2016-06-25 06:00:00+00:00,0.14184033870697021,57.3675537109375,2.3381147367179946,57.02627944946289
2016-06-25 12:00:00+00:00,0.1434902548789978,44.99573516845703,2.306952428174785,44.68246078491211
2016-06-25 18:00:00+00:00,0.0749092698097229,60.270179748535156,2.2277021574859415,60.17270278930664
2016-06-26 00:00:00+00:00,0.04015910625457764,93.14042663574219,1.767119726611921,93.11272430419922
2016-06-26 06:00:00+00:00,0.0536344051361084,177.3762969970703,1.231174329596771,177.32412719726562
2016-06-26 12:00:00+00:00,0.07027578353881836,62.36385726928711,2.0472979556432223,62.294429779052734
2016-06-26 18:00:00+00:00,0.015036463737487793,42.03144073486328,2.343835085251151,42.02836990356445
2016-06-27 00:00:00+00:00,0.015015244483947754,40.241397857666016,2.2324048460727055,40.23851013183594
2016-06-27 06:00:00+00:00,0.062301456928253174,53.234230041503906,2.134952407957102,53.17517852783203
2016-06-27 12:00:00+00:00,0.08192676305770874,81.36891174316406,1.8952462548469968,81.26071166992188
2016-06-27 18:00:00+00:00,0.026493370532989502,75.79163360595703,1.5886787758834489,75.7811279296875
2016-06-28 00:00:00+00:00,0.09768587350845337,91.70178985595703,1.5902800982026755,91.53399658203125
2016-06-28 06:00:00+00:00,0.23661619424819946,71.35565185546875,2.123530608656523,70.42464447021484
2016-06-28 12:00:00+00:00,0.16294342279434204,75.17780303955078,1.5599590969238928,74.76346588134766
2016-06-28 18:00:00+00:00,0.11845910549163818,81.57664489746094,1.6223745788522501,81.3469467163086
2016-06-29 00:00:00+00:00,0.13762390613555908,56.27588653564453,2.113737726753553,55.99070739746094
2016-06-29 06:00:00+00:00,0.14010965824127197,52.87117004394531,1.8346875371269395,52.58365249633789
2016-06-29 12:00:00+00:00,0.19509148597717285,74.85604095458984,1.5714666084160238,74.30270385742188
2016-06-29 18:00:00+00:00,0.1341688632965088,46.74053955078125,2.100735485418125,46.491947174072266
2016-06-30 00:00:00+00:00,0.11951541900634766,38.456390380859375,2.6512443438618836,38.254459381103516
2016-06-30 06:00:00+00:00,0.1420975923538208,58.85194396972656,1.7942898939939083,58.56611251831055
2016-06-30 12:00:00+00:00,0.13596111536026,34.814090728759766,2.424144480485567,34.591590881347656
2016-06-30 18:00:00+00:00,0.13443511724472046,32.469417572021484,2.3565627549894144,32.24457931518555
2016-07-01 00:00:00+00:00,0.10973554849624634,26.381681442260742,2.7440886324585163,26.24512481689453
2016-07-01 06:00:00+00:00,0.1521795392036438,55.54435348510742,2.073081613273562,55.214385986328125
2016-07-01 12:00:00+00:00,0.0249139666557312,47.80019760131836,1.7919448100715436,47.79204559326172
2016-07-01 18:00:00+00:00,0.11721611022949219,79.07449340820312,1.8058008907506018,78.88460540771484
2016-07-02 00:00:00+00:00,0.11092525720596313,31.642621994018555,2.966575802333792,31.492414474487305
2016-07-02 06:00:00+00:00,0.14321452379226685,38.699066162109375,2.365705140707333,38.436038970947266
2016-07-02 12:00:00+00:00,0.11620926856994629,24.77437400817871,3.385241063403794,24.605127334594727
2016-07-02 18:00:00+00:00,0.19904839992523193,25.31867218017578,3.374018697922282,24.807344436645508
2016-07-03 00:00:00+00:00,0.3060413599014282,47.71162414550781,2.994988522563138,46.13756561279297
2016-07-03 06:00:00+00:00,0.19346284866333008,210.9820556640625,1.3348668925139178,210.22897338867188
2016-07-03 12:00:00+00:00,0.4372903108596802,119.61800384521484,1.354700755169512,115.98451232910156
2016-07-03 18:00:00+00:00,0.5652015209197998,177.97805786132812,1.824799814936711,168.93206787109375
2016-07-04 00:00:00+00:00,0.5575226545333862,256.12152099609375,1.9150622437479465,246.6957244873047
2016-07-04 06:00:00+00:00,0.5846042633056641,188.34649658203125,2.1114540058514546,179.06576538085938
2016-07-04 12:00:00+00:00,0.5552781820297241,145.10098266601562,1.8944948156272308,138.10398864746094
2016-07-04 18:00:00+00:00,0.5432872772216797,189.9647979736328,1.614768750813442,181.5961151123047
2016-07-05 00:00:00+00:00,0.5087496042251587,204.34361267089844,1.5980626211674553,197.36154174804688
2016-07-05 06:00:00+00:00,0.501055121421814,201.0234375,1.401481981388789,194.94784545898438
2016-07-05 12:00:00+00:00,0.45956170558929443,159.8041534423828,1.2726181592146621,155.31321716308594
2016-07-05 18:00:00+00:00,0.5077170133590698,191.91583251953125,1.4103789306668144,185.7062530517578
2016-07-06 00:00:00+00:00,0.4571570158004761,115.38632202148438,2.0285623962563677,110.9789047241211
2016-07-06 06:00:00+00:00,0.43105971813201904,115.96580505371094,1.7442615790287634,112.09931182861328
2016-07-06 12:00:00+00:00,0.44547438621520996,116.23518371582031,1.7320878528907286,112.49528503417969
2016-07-07 00:00:00+00:00,0.41091597080230713,113.43185424804688,1.6712635833591323,110.03782653808594
2016-07-07 06:00:00+00:00,0.40075480937957764,117.20787811279297,1.629890530646189,113.80302429199219
2016-07-07 12:00:00+00:00,0.3891705274581909,103.373779296875,1.142603136671633,100.53263854980469
2016-07-07 18:00:00+00:00,0.3539227247238159,84.32347106933594,1.9051886021831805,81.9419937133789
2016-07-08 00:00:00+00:00,0.3420349359512329,79.62068939208984,1.579957970214086,77.42951965332031
2016-07-08 06:00:00+00:00,0.31542420387268066,89.76044464111328,1.2502180942822194,87.86843872070312
2016-07-08 12:00:00+00:00,0.3854832649230957,90.65933227539062,1.622619172136202,87.93557739257812
2016-07-08 18:00:00+00:00,0.33183157444000244,75.75233459472656,2.103059553311448,73.69072723388672
2016-07-09 00:00:00+00:00,0.3548293113708496,90.68062591552734,1.8020259548996818,88.19754791259766
2016-07-09 06:00:00+00:00,0.3502873182296753,81.34778594970703,1.7513134533588492,79.04096221923828
2016-07-09 12:00:00+00:00,0.34166789054870605,72.56761169433594,1.6708767541693006,70.63646697998047
2016-07-09 18:00:00+00:00,0.32335376739501953,78.89094543457031,1.504430163280687,76.98150634765625
2016-07-10 00:00:00+00:00,0.3504633903503418,86.22441864013672,1.7738694619933129,83.89747619628906
2016-07-10 06:00:00+00:00,0.3468294143676758,88.49913024902344,1.1766186696360514,86.27974700927734
2016-07-10 12:00:00+00:00,0.37332940101623535,84.32424926757812,1.7956927969137018,81.82251739501953
2016-07-10 18:00:00+00:00,0.3591252565383911,117.30543518066406,0.9906282125956536,114.78105926513672
2016-07-11 00:00:00+00:00,0.31117725372314453,81.09381103515625,1.6489652844463185,79.43514251708984
2016-07-11 06:00:00+00:00,0.34655022621154785,80.91927337646484,1.7701460727421257,78.81243133544922
2016-07-11 12:00:00+00:00,0.32875359058380127,68.54750061035156,1.9878864309556792,66.84073638916016
2016-07-11 18:00:00+00:00,0.36552000045776367,84.03298950195312,1.8220815701216313,81.592529296875
2016-07-12 00:00:00+00:00,0.3340412378311157,76.46241760253906,1.9061233072699424,74.66191864013672
2016-07-12 06:00:00+00:00,0.3631012439727783,189.6734161376953,0.8711310121247657,187.0946807861328
2016-07-12 12:00:00+00:00,0.37398016452789307,149.4907684326172,1.0417167548457198,146.86814880371094
2016-07-12 18:00:00+00:00,0.3549916744232178,64.45326232910156,1.8351784804401778,62.29201126098633
2016-07-13 00:00:00+00:00,0.3528820276260376,57.90266418457031,2.0625674479525484,55.895965576171875
2016-07-13 06:00:00+00:00,0.34960246086120605,64.58466339111328,2.307889989671143,62.44199752807617
2016-07-13 12:00:00+00:00,0.3268454074859619,54.5223274230957,1.9436851652905116,52.777015686035156
2016-07-13 18:00:00+00:00,0.32502925395965576,59.381874084472656,2.354582244938722,57.62006759643555
2016-07-14 00:00:00+00:00,0.2989710569381714,55.39200973510742,2.3408323014276835,53.9602165222168
2016-07-14 06:00:00+00:00,0.31264030933380127,50.471431732177734,2.3071194309350145,48.85913848876953
2016-07-14 12:00:00+00:00,0.3042949438095093,49.54356002807617,2.0860758744025247,48.0986213684082
2016-07-14 18:00:00+00:00,0.27921247482299805,53.847354888916016,1.9536218920697084,52.52608108520508
2016-07-15 00:00:00+00:00,0.04873168468475342,650.5986328125,0.5087659191008775,650.5576171875
2016-07-15 06:00:00+00:00,0.11358869075775146,43.10744857788086,2.0906991645079938,42.911102294921875
2016-07-15 12:00:00+00:00,0.011857807636260986,35.78825759887695,2.3273032036637122,35.78632736206055
2016-07-15 18:00:00+00:00,0.07957887649536133,84.86095428466797,1.7609333229591502,84.75565338134766
2016-07-16 00:00:00+00:00,0.1267668604850769,53.62771224975586,2.2493210053779538,53.37718963623047
2016-07-16 06:00:00+00:00,0.23005950450897217,71.72396087646484,2.129366946778105,70.80870819091797
2016-07-16 12:00:00+00:00,0.20567667484283447,54.09975051879883,2.2970482185820607,53.42920684814453
2016-07-16 18:00:00+00:00,0.2671327590942383,80.85648345947266,2.295415085902328,79.50260925292969
2016-07-17 00:00:00+00:00,0.2667234539985657,64.74407958984375,2.268623902732376,63.529579162597656
2016-07-17 06:00:00+00:00,0.26954030990600586,92.08638000488281,1.870988998614015,90.80317687988281
2016-07-17 12:00:00+00:00,0.28543442487716675,240.5005340576172,0.9055521085196617,239.10980224609375
2016-07-17 18:00:00+00:00,0.27228641510009766,77.88550567626953,1.7995837214112336,76.54412078857422
2016-07-18 00:00:00+00:00,0.30662989616394043,76.54405212402344,2.1512274331856744,74.79499816894531
2016-07-18 06:00:00+00:00,0.27445220947265625,141.80970764160156,1.33618191039178,140.50604248046875
2016-07-18 12:00:00+00:00,0.20562797784805298,71.86915588378906,1.7806178039965526,71.23500061035156
2016-07-18 18:00:00+00:00,0.26997965574264526,77.95410919189453,1.8472550645252754,76.56185913085938
2016-07-19 00:00:00+00:00,0.22662454843521118,58.902503967285156,2.0934755113968917,58.044578552246094
2016-07-19 06:00:00+00:00,0.254710853099823,90.60149383544922,1.400696910548914,89.52755737304688
2016-07-19 12:00:00+00:00,0.26646333932876587,80.6607437133789,1.875941005808595,79.4477310180664
2016-07-19 18:00:00+00:00,0.24569910764694214,61.48937225341797,2.163921763380028,60.434326171875
2016-07-20 00:00:00+00:00,0.2434753179550171,65.09635925292969,1.8137400779942616,64.1414566040039
2016-07-20 06:00:00+00:00,0.23928683996200562,58.56871032714844,2.250295744206649,57.66620635986328
2016-07-20 12:00:00+00:00,0.2678176164627075,131.71800231933594,1.2793493914276888,130.32440185546875
2016-07-21 00:00:00+00:00,0.21546858549118042,59.6473388671875,1.7932129142139988,58.9367561340332
2016-07-21 06:00:00+00:00,0.24497461318969727,73.88066101074219,1.8490094951628027,72.85409545898438
2016-07-21 12:00:00+00:00,0.19686537981033325,56.17045974731445,2.37265661874296,55.52961730957031
2016-07-21 18:00:00+00:00,0.14366137981414795,45.58748245239258,2.277429784084265,45.250885009765625
2016-07-22 00:00:00+00:00,0.1554078459739685,46.416725158691406,2.1886587148350083,46.0509033203125
2016-07-22 06:00:00+00:00,0.1590539813041687,50.36793518066406,2.1901605099818777,49.95942306518555
2016-07-22 12:00:00+00:00,0.11477601528167725,40.86759948730469,2.5147205366610215,40.6663932800293
2016-07-22 18:00:00+00:00,0.08403259515762329,68.51388549804688,1.4781031037510037,68.39505767822266
2016-07-23 00:00:00+00:00,0.13604766130447388,40.66110610961914,2.260111432538016,40.38856887817383
2016-07-23 06:00:00+00:00,0.0962914228439331,55.451148986816406,1.9716333181704444,55.30884552001953
2016-07-23 12:00:00+00:00,0.16730087995529175,28.849573135375977,2.2802856589131393,28.519872665405273
2016-07-23 18:00:00+00:00,0.13898634910583496,46.9366340637207,2.071462265783812,46.64817428588867
2016-07-24 00:00:00+00:00,0.147067129611969,57.326560974121094,1.752731893411062,57.00704574584961
2016-07-24 06:00:00+00:00,0.09345787763595581,64.20217895507812,1.6253199936597384,64.07456970214844
2016-07-24 12:00:00+00:00,0.07356917858123779,29.93413543701172,2.3754455032955666,29.872570037841797
2016-07-24 18:00:00+00:00,0.11255878210067749,56.773014068603516,1.699965080847853,56.58359909057617
2016-07-25 00:00:00+00:00,0.09598398208618164,46.398040771484375,2.159058204026278,46.264198303222656
2016-07-25 06:00:00+00:00,0.06577944755554199,63.04628372192383,1.47337046242102,62.98755645751953
2016-07-25 12:00:00+00:00,0.01124560832977295,40.03653335571289,2.011372793153899,40.0350227355957
2016-07-25 18:00:00+00:00,0.05679100751876831,53.37592315673828,1.8676122747581483,53.32647705078125
2016-07-26 00:00:00+00:00,0.06648153066635132,51.854881286621094,1.7879810968139296,51.79039764404297
2016-07-26 06:00:00+00:00,0.07668203115463257,41.633628845214844,2.406200884774972,41.54880905151367
2016-07-26 12:00:00+00:00,0.008897781372070312,35.921287536621094,2.141702433958893,35.920284271240234
2016-07-26 18:00:00+00:00,0.0211450457572937,46.24129104614258,2.033935825999223,46.235023498535156
2016-07-27 00:00:00+00:00,0.014670312404632568,39.918766021728516,2.0089954349177352,39.916019439697266
2016-07-27 06:00:00+00:00,0.04880160093307495,44.393680572509766,2.2266789785319343,44.35936737060547
2016-07-27 12:00:00+00:00,0.022417306900024414,42.75200271606445,1.7958780077611607,42.74557876586914
2016-07-27 18:00:00+00:00,0.016965746879577637,33.3662223815918,2.6614044868033138,33.361995697021484
2016-07-29 00:00:00+00:00,0.4902198314666748,90.22669219970703,2.5142244069821933,84.75577545166016
2016-07-29 06:00:00+00:00,0.5241247415542603,122.18140411376953,2.1829102826617715,114.9383773803711
2016-07-29 12:00:00+00:00,0.4987095594406128,158.94822692871094,1.7675080690726737,153.38803100585938
2016-07-29 18:00:00+00:00,0.5575017929077148,160.38650512695312,1.8912471616775854,152.4871826171875
2016-07-30 00:00:00+00:00,0.5364534854888916,212.17257690429688,1.5199831137678368,203.75534057617188
2016-07-30 06:00:00+00:00,0.5769308805465698,200.56686401367188,1.5671116428019096,192.75978088378906
2016-07-30 12:00:00+00:00,0.523256778717041,103.7379379272461,1.7997837756356652,98.75159454345703
2016-07-30 18:00:00+00:00,0.5037428140640259,127.04146575927734,1.9295642507717252,121.48699951171875
2016-07-31 00:00:00+00:00,0.46355903148651123,175.0610809326172,1.343306969069086,169.978759765625
2016-07-31 06:00:00+00:00,0.4087110757827759,115.97451782226562,1.8619694039992405,112.54461669921875
2016-07-31 12:00:00+00:00,0.422360897064209,146.6327362060547,1.368673377975981,143.5558624267578
2016-07-31 18:00:00+00:00,0.38718342781066895,96.81189727783203,2.0771955263355033,93.95548248291016
2016-08-01 00:00:00+00:00,0.3513129949569702,84.57879638671875,1.9303916874935372,82.40846252441406
2016-08-01 06:00:00+00:00,0.38474535942077637,101.92770385742188,1.6443412992738005,99.18531036376953
2016-08-01 12:00:00+00:00,0.3369697332382202,79.4335708618164,1.4264126437785156,77.74999237060547
2016-08-01 18:00:00+00:00,0.3475853204727173,102.5117416381836,1.575126725891751,100.21405029296875
2016-08-02 00:00:00+00:00,0.370990514755249,97.5964584350586,2.103371725168526,94.99231719970703
2016-08-02 06:00:00+00:00,0.33553361892700195,73.61654663085938,1.948791678766151,71.59522247314453
2016-08-10 18:00:00+00:00,0.16371417045593262,48.52863693237305,1.6690218437821513,48.1511344909668
2016-08-11 00:00:00+00:00,0.09287679195404053,41.6045036315918,1.7895805479131632,41.48554992675781
2016-08-11 06:00:00+00:00,0.00242769718170166,39.921241760253906,2.271302281421702,39.92116165161133
2016-08-11 12:00:00+00:00,0.018404006958007812,44.771671295166016,1.9510287569104627,44.767333984375
2016-08-11 18:00:00+00:00,0.045473694801330566,51.80293655395508,1.956375637471672,51.774375915527344
2016-08-12 00:00:00+00:00,0.038755834102630615,61.97087478637695,1.5684514079113896,61.95009994506836
2016-08-12 06:00:00+00:00,0.06388473510742188,72.69241333007812,1.9838796541627988,72.62965393066406
2016-08-12 12:00:00+00:00,0.033737897872924805,41.96958923339844,1.8314018950342985,41.95649337768555
2016-08-12 18:00:00+00:00,0.06452184915542603,50.37895202636719,2.2280336994020704,50.316688537597656
2016-08-13 00:00:00+00:00,0.09001177549362183,30.929170608520508,2.286780357716341,30.832443237304688
2016-08-13 06:00:00+00:00,0.07504963874816895,30.120397567749023,2.4697522809561736,30.049962997436523
2016-08-13 12:00:00+00:00,0.08258181810379028,37.08443069458008,2.2628097447057423,37.00554656982422
2016-08-13 18:00:00+00:00,0.07705026865005493,29.559043884277344,3.0034913540575614,29.47773551940918
2016-08-14 00:00:00+00:00,0.14063841104507446,27.39226531982422,2.255636627496426,27.169952392578125
2016-08-14 06:00:00+00:00,0.09858161211013794,26.89590072631836,3.114438494006909,26.76754379272461
2016-08-14 12:00:00+00:00,0.10609680414199829,24.58336639404297,2.8693650340479193,24.454334259033203
2016-08-14 18:00:00+00:00,0.0012908577919006348,295.63861083984375,0.9646789053639658,295.6385803222656
2016-08-15 00:00:00+00:00,0.12533092498779297,29.277803421020508,2.8928361613122746,29.080591201782227
2016-08-15 06:00:00+00:00,0.13956958055496216,30.07194709777832,2.787557381199681,29.817272186279297
2016-08-15 12:00:00+00:00,0.2215619683265686,100.4930191040039,1.5983026091259651,99.80044555664062
2016-08-15 18:00:00+00:00,0.19694942235946655,47.44770431518555,2.1855047481409864,46.877471923828125
2016-08-16 00:00:00+00:00,0.10755139589309692,295.67974853515625,0.7068591606026521,295.50067138671875
2016-08-16 18:00:00+00:00,0.13307350873947144,40.549659729003906,2.285037311377442,40.30531692504883
2016-08-17 00:00:00+00:00,0.204789936542511,36.524662017822266,2.185796941915177,36.00330352783203
2016-08-17 06:00:00+00:00,0.16097497940063477,59.76327896118164,1.7216098973871397,59.409217834472656
2016-08-17 12:00:00+00:00,0.13465094566345215,30.002532958984375,2.4159088107485656,29.789371490478516
2016-08-17 18:00:00+00:00,0.11862039566040039,28.204071044921875,2.564258423082352,28.024229049682617
2016-08-18 00:00:00+00:00,0.08408963680267334,33.46417999267578,2.369087898178345,33.37337875366211
2016-08-18 06:00:00+00:00,0.06382369995117188,31.143085479736328,2.640956971907907,31.086040496826172
2016-08-18 12:00:00+00:00,0.0850609540939331,98.30387115478516,0.8724229325666489,98.203369140625
2016-08-18 18:00:00+00:00,0.07148700952529907,33.2660026550293,2.2994127108365165,33.195472717285156
2016-08-19 00:00:00+00:00,0.13162243366241455,108.07756805419922,1.1719477755021754,107.82160949707031
2016-08-19 06:00:00+00:00,0.10547822713851929,35.82431411743164,2.253851482660743,35.66607666015625
2016-08-19 12:00:00+00:00,0.06869632005691528,29.104534149169922,2.4176680378720086,29.048498153686523
2016-08-19 18:00:00+00:00,0.0829460620880127,38.63775634765625,2.0227427787029746,38.5421257019043
2016-08-20 00:00:00+00:00,0.1013457179069519,63.51469421386719,1.3461254123393802,63.38130187988281
2016-08-20 06:00:00+00:00,0.07585066556930542,53.016414642333984,1.3566329300897673,52.94257354736328
2016-08-20 12:00:00+00:00,0.09497261047363281,44.406646728515625,1.6740081385301688,44.29766082763672
2016-08-20 18:00:00+00:00,0.12123799324035645,42.864261627197266,2.0117590171775874,42.66285705566406
2016-08-21 00:00:00+00:00,0.1103329062461853,35.39318084716797,1.983493243364265,35.25270462036133
2016-08-21 06:00:00+00:00,0.09431439638137817,76.02764892578125,1.36662865785083,75.90550231933594
2016-08-21 12:00:00+00:00,0.0942201018333435,70.2168960571289,1.5812031909630062,70.10724639892578
2016-08-21 18:00:00+00:00,0.01427149772644043,37.47724914550781,2.077586150822232,37.47462844848633
2016-08-22 00:00:00+00:00,0.10000663995742798,39.565093994140625,2.3274407399394392,39.440391540527344
2016-08-22 06:00:00+00:00,0.04133868217468262,93.46207427978516,1.3272853959797712,93.43656158447266
2016-08-22 12:00:00+00:00,0.05166882276535034,41.66535568237305,1.9214881088180105,41.63502883911133
2016-08-22 18:00:00+00:00,0.05002319812774658,45.616302490234375,1.9884374763991177,45.580726623535156
2016-08-23 00:00:00+00:00,0.06961041688919067,28.923818588256836,2.892588795560782,28.860090255737305
2016-08-23 06:00:00+00:00,0.11882627010345459,235.58221435546875,0.762086662655429,235.36514282226562
2016-08-23 12:00:00+00:00,0.031925976276397705,27.217449188232422,2.3224128191382523,27.20575714111328
2016-08-23 18:00:00+00:00,0.0032995939254760742,144.5735626220703,1.0807845664251132,144.57339477539062
2016-08-24 00:00:00+00:00,0.042963624000549316,92.1667251586914,1.4961794288610408,92.14064025878906
2016-08-24 06:00:00+00:00,0.04677855968475342,83.787841796875,1.5381926946573385,83.75514221191406
2016-08-24 12:00:00+00:00,0.007991194725036621,39.325660705566406,1.7704209065343486,39.32489013671875
2016-08-24 18:00:00+00:00,0.009967207908630371,27.834718704223633,2.6116841440209995,27.83338165283203
2016-08-25 00:00:00+00:00,0.07845795154571533,44.00572204589844,2.1487676586467206,43.918174743652344
2016-08-25 06:00:00+00:00,0.13452684879302979,46.748931884765625,2.2107416113608336,46.476715087890625
2016-08-25 12:00:00+00:00,0.16559064388275146,27.431560516357422,2.867100674916475,27.10102081298828
2016-08-25 18:00:00+00:00,0.17877399921417236,34.20737838745117,2.768040159442102,33.75422286987305
2016-08-26 00:00:00+00:00,0.32447707653045654,78.7663803100586,1.7638347593603134,77.16106414794922
2016-08-26 06:00:00+00:00,0.32670414447784424,56.02891159057617,2.267411900795537,54.429588317871094
2016-08-26 12:00:00+00:00,0.2425462007522583,45.35935974121094,1.6993280116774558,44.58603286743164
2016-08-26 18:00:00+00:00,0.30068719387054443,60.027130126953125,1.8043567063434485,58.65376281738281
2016-08-27 00:00:00+00:00,0.32630062103271484,73.5592269897461,1.9716618682039775,71.7528076171875
2016-08-27 06:00:00+00:00,0.3295677900314331,60.09857177734375,2.2080445119065013,58.323486328125
2016-08-27 12:00:00+00:00,0.3012959957122803,67.96372985839844,1.8017479404319494,66.55087280273438
2016-08-27 18:00:00+00:00,0.2823069095611572,66.86924743652344,1.8485531041377017,65.51399230957031
2016-08-28 00:00:00+00:00,0.30477797985076904,68.71257781982422,2.2579338928343757,67.05870819091797
2016-08-28 06:00:00+00:00,0.3005650043487549,65.52384185791016,2.0296302750386244,63.95667266845703
2016-08-28 12:00:00+00:00,0.3403211832046509,66.85259246826172,2.0551716165337153,64.97510528564453
2016-08-28 18:00:00+00:00,0.28083038330078125,62.32026290893555,2.037851829160963,60.958580017089844
2016-08-29 00:00:00+00:00,0.27796411514282227,52.74666213989258,2.1048205375544553,51.49143981933594
2016-08-29 06:00:00+00:00,0.3032265901565552,63.3093147277832,1.6892528816541315,61.8234748840332
2016-08-29 12:00:00+00:00,0.33450984954833984,79.23674774169922,0.9975679525979917,77.52100372314453
2016-08-29 18:00:00+00:00,0.2865166664123535,63.801597595214844,1.5667041532333041,62.43833541870117
2016-08-30 00:00:00+00:00,0.3376537561416626,74.58938598632812,1.9317643404882126,72.60577392578125
2016-08-30 06:00:00+00:00,0.33273136615753174,102.38372039794922,1.0634394201640613,100.55562591552734
2016-08-30 12:00:00+00:00,0.3178882598876953,90.17627716064453,1.339654048224489,88.67649841308594
2016-08-30 18:00:00+00:00,0.32710862159729004,80.72827911376953,1.5602774348520623,78.88089752197266
2016-08-31 00:00:00+00:00,0.29114580154418945,73.11475372314453,1.5301686138911965,71.74333190917969
2016-08-31 06:00:00+00:00,0.30095505714416504,102.81045532226562,0.9104380788108273,101.3043212890625
2016-08-31 12:00:00+00:00,0.31794142723083496,54.02684020996094,1.9954940600895703,52.644935607910156
2016-08-31 18:00:00+00:00,0.3248847723007202,69.28266906738281,1.8766248867073199,67.54287719726562
2016-09-01 00:00:00+00:00,0.28883862495422363,71.46875762939453,1.6341799540529207,70.16893768310547
2016-09-01 06:00:00+00:00,0.32342207431793213,59.94558334350586,1.9973782690864956,58.29572296142578
2016-09-01 12:00:00+00:00,0.2835301160812378,51.92060470581055,1.691085463675257,50.865379333496094
2016-09-01 18:00:00+00:00,0.30776357650756836,77.82754516601562,1.8432697869944754,76.2517318725586
2016-09-02 00:00:00+00:00,0.309171199798584,72.13925170898438,1.5733667278834707,70.6583023071289
2016-09-02 06:00:00+00:00,0.2966034412384033,61.60873794555664,2.047750748803064,60.20774459838867
2016-09-02 12:00:00+00:00,0.28586316108703613,55.19926071166992,1.7777900239189153,54.0733642578125
2016-09-02 18:00:00+00:00,0.2785830497741699,56.67845916748047,2.12486777521786,55.43251037597656
2016-09-03 00:00:00+00:00,0.2587229013442993,46.807220458984375,1.9709580651932939,45.90580368041992
2016-09-03 06:00:00+00:00,0.26967597007751465,50.41044235229492,1.9173238546856233,49.27802276611328
2016-09-03 12:00:00+00:00,0.27166318893432617,45.88544845581055,1.7367488731940042,44.93587875366211
2016-09-03 18:00:00+00:00,0.2703913450241089,58.551151275634766,1.5167928113747469,57.44450378417969
2016-09-04 00:00:00+00:00,0.2559863328933716,45.95285415649414,1.9161956835510356,45.0404167175293
2016-09-04 06:00:00+00:00,0.2412186861038208,43.45878219604492,2.3440726322802687,42.57145690917969
2016-09-04 12:00:00+00:00,0.2920435667037964,45.752044677734375,2.012625750505595,44.59117889404297
2016-09-04 18:00:00+00:00,0.270088791847229,47.21710968017578,1.9883568781295264,46.099464416503906
2016-09-05 00:00:00+00:00,0.26111268997192383,42.488407135009766,2.0649100922791828,41.5529899597168
2016-09-05 06:00:00+00:00,0.2504606246948242,47.25617980957031,2.084874239023131,46.25984573364258
2016-09-05 12:00:00+00:00,0.23350954055786133,44.165611267089844,1.966227174916787,43.39480209350586
2016-09-05 18:00:00+00:00,0.24508881568908691,38.3179931640625,2.400283766926086,37.40749740600586
2016-09-06 00:00:00+00:00,0.1834862232208252,45.30922317504883,1.212293189676502,44.86769485473633
2016-09-06 06:00:00+00:00,0.18747293949127197,46.32350540161133,1.4303623317892242,45.80812072753906
2016-09-06 12:00:00+00:00,0.1980905532836914,44.34682083129883,1.566290687389344,43.81794738769531
2016-09-06 18:00:00+00:00,0.237931489944458,46.060508728027344,2.207991721505343,45.19596481323242
2016-09-07 00:00:00+00:00,0.18525469303131104,42.70540237426758,1.823848783359887,42.22938537597656
2016-09-07 06:00:00+00:00,0.17048358917236328,36.86638641357422,1.9279568885890461,36.464881896972656
2016-09-07 12:00:00+00:00,0.1515883207321167,85.08231353759766,0.885165835051016,84.76844787597656
2016-09-08 00:00:00+00:00,0.13628220558166504,35.79612350463867,1.6820352489312311,35.566524505615234
2016-09-08 06:00:00+00:00,0.13156771659851074,39.17383575439453,2.196167025971128,38.92312240600586
2016-09-08 12:00:00+00:00,0.03898024559020996,178.91427612304688,0.7585715958197061,178.89358520507812
2016-09-08 18:00:00+00:00,0.06780242919921875,34.10350036621094,2.286309660088698,34.03884506225586
2016-09-09 00:00:00+00:00,0.08193349838256836,29.059024810791016,2.4294141391546216,28.977502822875977
2016-09-09 06:00:00+00:00,0.09069287776947021,51.73357391357422,1.6378864106099194,51.616329193115234
2016-09-09 12:00:00+00:00,0.008858561515808105,41.732120513916016,1.970972160798787,41.73109436035156
2016-09-09 18:00:00+00:00,0.001972794532775879,49.20608139038086,1.6981702779556442,49.206024169921875
2016-09-10 00:00:00+00:00,0.053691089153289795,143.67637634277344,0.8935455974002792,143.6363983154297
2016-09-10 06:00:00+00:00,0.0361783504486084,40.803104400634766,1.9055800381798464,40.78489303588867
2016-09-10 12:00:00+00:00,0.018083572387695312,39.07841873168945,1.7241955073754798,39.07442855834961
2016-09-10 18:00:00+00:00,0.023243308067321777,34.38042068481445,2.221791054564178,34.372772216796875
2016-09-11 00:00:00+00:00,0.04726982116699219,25.443193435668945,2.5651950428980594,25.41655731201172
2016-09-11 06:00:00+00:00,0.008770465850830078,79.70691680908203,1.1381626329398322,79.70590209960938
2016-09-11 12:00:00+00:00,0.03426003456115723,29.200111389160156,1.9869923605664281,29.187698364257812
2016-09-11 18:00:00+00:00,0.013473570346832275,91.48833465576172,1.1649551379732639,91.48580932617188
2016-09-12 00:00:00+00:00,0.033373117446899414,21.095956802368164,3.161236882853288,21.083742141723633
2016-09-12 06:00:00+00:00,0.04416608810424805,147.2013397216797,1.01877431037475,147.17440795898438
2016-09-12 12:00:00+00:00,0.019896864891052246,49.50635528564453,1.4757836886575528,49.50160217285156
2016-09-12 18:00:00+00:00,0.009629607200622559,31.472938537597656,2.404319872587077,31.471731185913086
2016-09-13 00:00:00+00:00,0.07271170616149902,42.56292724609375,1.8007901139388598,42.49555587768555
2016-09-13 06:00:00+00:00,0.07841223478317261,41.78947067260742,2.1181884922456167,41.707252502441406
2016-09-13 12:00:00+00:00,0.11034339666366577,35.583778381347656,2.101953821562264,35.438133239746094
2016-09-13 18:00:00+00:00,0.04147195816040039,40.24187088012695,2.3805606670815376,40.215328216552734
2016-09-14 00:00:00+00:00,0.136341392993927,45.25899124145508,2.219936405444434,45.0037841796875
2016-09-14 06:00:00+00:00,0.08633619546890259,38.68093490600586,1.9108113667374573,38.58076477050781
2016-09-14 12:00:00+00:00,0.03459644317626953,30.42978286743164,2.218046083096131,30.415578842163086
2016-09-14 18:00:00+00:00,0.13277602195739746,93.29888916015625,1.090561353832298,93.01472473144531
2016-09-15 00:00:00+00:00,0.11900532245635986,74.16606140136719,1.3445022277379117,73.95905303955078
2016-09-15 06:00:00+00:00,0.16528761386871338,178.36370849609375,0.9322636018215524,177.9498291015625
2016-09-15 12:00:00+00:00,0.11117184162139893,29.343257904052734,2.334632850422846,29.19375991821289
2016-09-15 18:00:00+00:00,0.18696177005767822,120.93939208984375,0.908207677975744,120.40861511230469
2016-09-16 00:00:00+00:00,0.13873612880706787,38.070716857910156,1.8854775462165723,37.81631088256836
2016-09-16 06:00:00+00:00,0.12297624349594116,31.06804656982422,2.373040465474683,30.87387466430664
2016-09-16 12:00:00+00:00,0.0898275375366211,30.66173553466797,2.2706857984574564,30.561918258666992
2016-09-16 18:00:00+00:00,0.15920555591583252,48.77176284790039,2.173874023246942,48.384117126464844
2016-09-17 00:00:00+00:00,0.14428812265396118,39.26647186279297,1.9561587613616744,38.986507415771484
2016-09-17 06:00:00+00:00,0.195487380027771,51.289581298828125,2.006557610738155,50.718345642089844
2016-09-17 12:00:00+00:00,0.14088332653045654,36.368812561035156,1.8131041858707162,36.143226623535156
2016-09-17 18:00:00+00:00,0.1387072205543518,58.0211296081543,1.7604582034750769,57.73150634765625
2016-09-18 00:00:00+00:00,0.1407718062400818,35.244876861572266,2.584141312428605,34.97843551635742
2016-09-18 06:00:00+00:00,0.16156268119812012,50.635353088378906,1.8360744521535701,50.25326919555664
2016-09-18 12:00:00+00:00,0.12829911708831787,37.32707214355469,2.0632490132425803,37.13734436035156
2016-09-18 18:00:00+00:00,0.16598278284072876,42.14220428466797,1.9656225771189935,41.73942947387695
2016-09-19 00:00:00+00:00,0.1398308277130127,41.05478286743164,2.0582362595230475,40.78744888305664
2016-09-19 06:00:00+00:00,0.0976288914680481,39.31188201904297,2.141265669491915,39.167476654052734
2016-09-19 12:00:00+00:00,0.14215517044067383,45.957366943359375,2.1172650637209713,45.65721130371094
2016-09-19 18:00:00+00:00,0.016224801540374756,31.006797790527344,2.7524680777250343,31.002836227416992
2016-09-20 00:00:00+00:00,0.013880789279937744,28.688968658447266,2.7712637638743423,28.686376571655273
2016-09-20 06:00:00+00:00,0.06257259845733643,31.012121200561523,2.922885926024743,30.954490661621094
2016-09-20 12:00:00+00:00,0.0031237006187438965,28.67636489868164,2.700099540944178,28.676237106323242
2016-09-20 18:00:00+00:00,0.027076244354248047,34.6549072265625,2.291297459684993,34.643943786621094
2016-09-21 00:00:00+00:00,0.0035949349403381348,35.299041748046875,2.613913276014112,35.29884338378906
2016-09-21 06:00:00+00:00,0.06154322624206543,29.108551025390625,2.8709404358997057,29.052730560302734
2016-09-21 12:00:00+00:00,0.0849754810333252,29.843658447265625,2.7956619706671173,29.744739532470703
2016-09-21 18:00:00+00:00,0.1694498062133789,30.115428924560547,2.7507859868872977,29.707916259765625
2016-09-22 00:00:00+00:00,0.1824589967727661,31.978168487548828,2.7565761125094106,31.523082733154297
2016-09-22 06:00:00+00:00,0.24171948432922363,33.16762924194336,2.910936968634374,32.31272888183594
2016-09-22 12:00:00+00:00,0.19260120391845703,39.114498138427734,2.2297618550629545,38.63725662231445
2016-09-22 18:00:00+00:00,0.17275118827819824,26.857284545898438,3.121597072098625,26.46295928955078
2016-09-23 00:00:00+00:00,0.2231053113937378,51.42576599121094,1.6390859361853292,50.72043228149414
2016-09-23 06:00:00+00:00,0.23460054397583008,32.53199005126953,2.8236409045463926,31.771255493164062
2016-09-23 12:00:00+00:00,0.2873234748840332,41.44157409667969,2.2735376595662,40.255245208740234
2016-09-23 18:00:00+00:00,0.2963731288909912,69.01721954345703,1.4702959435578866,67.54618835449219
2016-09-24 00:00:00+00:00,0.31775832176208496,61.75123596191406,2.043749463659193,60.06476974487305
2016-09-24 06:00:00+00:00,0.3234579563140869,81.45401763916016,1.9669729369701292,79.49246215820312
2016-09-24 12:00:00+00:00,0.28253352642059326,64.87336730957031,2.00263574069792,63.61380386352539
2016-09-24 18:00:00+00:00,0.30913758277893066,78.3145980834961,1.3936167437533276,76.6491470336914
2016-09-25 00:00:00+00:00,0.292331337928772,81.31705474853516,1.2221438839819276,79.7778549194336
2016-09-25 06:00:00+00:00,0.301120400428772,85.79983520507812,1.4412617532960763,84.14163970947266
2016-09-25 12:00:00+00:00,0.3303952217102051,68.17167663574219,1.9326568998173843,66.44791412353516
2016-09-25 18:00:00+00:00,0.3226279020309448,85.09906768798828,1.7205677349687465,83.1785888671875
2016-09-26 00:00:00+00:00,0.33790457248687744,94.73529052734375,1.413732121423759,92.61898040771484
2016-09-26 06:00:00+00:00,0.32041919231414795,135.68692016601562,0.566985571610731,133.94033813476562
2016-09-26 12:00:00+00:00,0.3316274881362915,70.25493621826172,1.7974718653921775,68.69081115722656
2016-09-26 18:00:00+00:00,0.3185441493988037,82.17583465576172,1.7205347364900307,80.41484069824219
2016-09-27 00:00:00+00:00,0.33047568798065186,85.2453384399414,1.6751754848268101,83.36924743652344
2016-09-27 06:00:00+00:00,0.316989541053772,69.09181213378906,1.4967715814658402,67.49531555175781
2016-09-27 12:00:00+00:00,0.33696091175079346,90.03211975097656,0.8802591880642436,88.4052505493164
2016-09-27 18:00:00+00:00,0.3236960172653198,82.57936096191406,1.3875955151793802,80.77312469482422
2016-09-28 00:00:00+00:00,0.3105100393295288,62.60536193847656,1.609287080172441,61.106788635253906
2016-09-28 06:00:00+00:00,0.3239783048629761,65.85169219970703,1.7607939460076545,64.18290710449219
2016-09-28 12:00:00+00:00,0.3211183547973633,65.26986694335938,1.695746743177804,63.816951751708984
2016-09-28 18:00:00+00:00,0.3169482946395874,76.3081283569336,1.500122737317997,74.64752197265625
2016-09-29 00:00:00+00:00,0.3020092248916626,67.92106628417969,1.5823097735534173,66.45195770263672
2016-09-29 06:00:00+00:00,0.28354334831237793,58.393062591552734,1.8846051511904442,57.140907287597656
2016-09-29 12:00:00+00:00,0.29783833026885986,53.39320373535156,1.7901080687667625,52.17112350463867
2016-09-29 18:00:00+00:00,0.28217005729675293,69.11028289794922,1.3560289738275715,67.8416976928711
2016-09-30 00:00:00+00:00,0.2927842140197754,53.45640563964844,1.6111854827698977,52.16487121582031
2016-09-30 06:00:00+00:00,0.3074803352355957,68.78960418701172,1.7500088449806177,67.2116470336914
2016-09-30 12:00:00+00:00,0.2715885639190674,47.78349304199219,1.671176960890758,46.8064079284668
2016-09-30 18:00:00+00:00,0.2763030529022217,48.27598190307617,1.6486884915608606,47.1168212890625
2016-10-01 00:00:00+00:00,0.28195416927337646,42.820220947265625,2.294319959880517,41.69765090942383
2016-10-01 06:00:00+00:00,0.2718544006347656,56.1201171875,1.6773523372171644,54.956668853759766
2016-10-01 12:00:00+00:00,0.2711811065673828,49.69552993774414,1.3482555572640909,48.70259094238281
2016-10-01 18:00:00+00:00,0.2660086154937744,51.457984924316406,2.115436928107953,50.36137771606445
2016-10-02 00:00:00+00:00,0.24788939952850342,42.086795806884766,2.12475758822737,41.201446533203125
2016-10-02 06:00:00+00:00,0.23644375801086426,49.3588752746582,1.7178276258387077,48.48713302612305
2016-10-02 12:00:00+00:00,0.24670910835266113,37.70574188232422,2.218417833003336,36.88396453857422
2016-10-02 18:00:00+00:00,0.2504880428314209,42.81386947631836,2.3566660379768343,41.86201477050781
2016-10-03 00:00:00+00:00,0.22245514392852783,41.913414001464844,1.5053929337161596,41.2116584777832
2016-10-03 06:00:00+00:00,0.23345351219177246,44.709983825683594,2.1289204524917706,43.8685188293457
2016-10-03 12:00:00+00:00,0.1865471601486206,32.90254211425781,2.4109486757607606,32.43536376953125
2016-10-03 18:00:00+00:00,0.21718227863311768,44.808475494384766,2.0680226504012804,44.089595794677734
2016-10-04 00:00:00+00:00,0.1842442750930786,38.472373962402344,2.1586384841970485,38.004329681396484
2016-10-04 06:00:00+00:00,0.1743183135986328,50.900211334228516,1.5672848747545867,50.4192008972168
2016-10-04 12:00:00+00:00,0.1874479055404663,55.1018180847168,1.1765131017900918,54.624290466308594
2016-10-04 18:00:00+00:00,0.15947258472442627,41.03298568725586,2.022045811795663,40.64498519897461
2016-10-05 00:00:00+00:00,0.17007946968078613,37.4655647277832,2.34616165129142,37.05157470703125
2016-10-05 06:00:00+00:00,0.1727464199066162,35.22882080078125,2.3374264302379033,34.78058624267578
2016-10-05 12:00:00+00:00,0.15230655670166016,58.81483459472656,1.3187249434220056,58.489990234375
2016-10-05 18:00:00+00:00,0.1650238037109375,32.08423614501953,2.637283184944505,31.69108772277832
2016-10-06 00:00:00+00:00,0.14705252647399902,60.95866394042969,1.236690735203351,60.66177749633789
2016-10-06 06:00:00+00:00,0.10452485084533691,35.467464447021484,2.3360369393973466,35.30219650268555
2016-10-06 12:00:00+00:00,0.15837669372558594,30.32909393310547,2.4947998077531057,29.98270606994629
2016-10-06 18:00:00+00:00,0.0834420919418335,159.99771118164062,0.9286247072255653,159.88670349121094
2016-10-07 00:00:00+00:00,0.10465753078460693,27.114477157592773,3.0189498246767124,26.969457626342773
2016-10-07 06:00:00+00:00,0.07232654094696045,38.38135528564453,2.098651460365931,38.29758071899414
2016-10-07 12:00:00+00:00,0.07666802406311035,31.470922470092773,2.492649268254303,31.389556884765625
2016-10-07 18:00:00+00:00,0.04919314384460449,31.012792587280273,2.858177828116629,30.97576141357422
2016-10-08 00:00:00+00:00,0.010126471519470215,27.8497257232666,3.0452874872904165,27.848262786865234
2016-10-08 06:00:00+00:00,0.028231024742126465,32.16331100463867,2.7138414652980547,32.15099334716797
2016-10-08 12:00:00+00:00,0.046166062355041504,29.323162078857422,3.005864781948446,29.292076110839844
2016-10-08 18:00:00+00:00,0.004029512405395508,68.61453247070312,1.7646136648596473,68.6142578125
2016-10-09 00:00:00+00:00,0.021037638187408447,30.581480026245117,2.960484539035706,30.574729919433594
2016-10-09 06:00:00+00:00,0.03001093864440918,36.787208557128906,2.367909026406166,36.7726936340332
2016-10-09 12:00:00+00:00,0.11692118644714355,292.71978759765625,1.2178232174665669,292.4653015136719
2016-10-09 18:00:00+00:00,0.03273320198059082,47.38720703125,2.0655345111120695,47.3716926574707
2016-10-10 00:00:00+00:00,0.04988759756088257,30.115039825439453,3.1067021801921024,30.077545166015625
2016-10-10 06:00:00+00:00,0.07169020175933838,36.107078552246094,2.6940635538003934,36.0213508605957
2016-10-10 12:00:00+00:00,0.003015875816345215,618.4495849609375,0.203895534969205,618.4493408203125
2016-10-10 18:00:00+00:00,0.11018770933151245,38.39854049682617,2.273535290970842,38.22098922729492
2016-10-11 00:00:00+00:00,0.17390602827072144,401.5198669433594,0.3021857803828609,401.0069274902344
2016-10-11 06:00:00+00:00,0.15851330757141113,50.87893295288086,2.1472154815239546,50.48716354370117
2016-10-11 12:00:00+00:00,0.1285824179649353,55.43837356567383,1.7604005251063881,55.20637893676758
2016-10-11 18:00:00+00:00,0.16800051927566528,50.5778694152832,1.764130411289485,50.17185592651367
2016-10-12 00:00:00+00:00,0.1713666319847107,121.07451629638672,0.8393206096279503,120.6264419555664
2016-10-12 06:00:00+00:00,0.16528671979904175,47.07956314086914,1.8555767902495761,46.6760139465332
2016-10-12 12:00:00+00:00,0.19187170267105103,76.06815338134766,1.4629836956312054,75.56233978271484
2016-10-12 18:00:00+00:00,0.22532504796981812,208.24349975585938,0.5655178411826184,207.46298217773438
2016-10-13 00:00:00+00:00,0.1497775912284851,52.4057502746582,1.5244333807002048,52.097312927246094
2016-10-13 06:00:00+00:00,0.17666518688201904,194.61109924316406,0.5827670167923655,194.13172912597656
2016-10-13 12:00:00+00:00,0.15624397993087769,57.238643646240234,1.3305885688598826,56.93970489501953
2016-10-13 18:00:00+00:00,0.16812515258789062,38.07448959350586,2.2521023143054775,37.69359588623047
2016-10-14 00:00:00+00:00,0.1589723825454712,38.76500701904297,2.2899085387510274,38.43552780151367
2016-10-14 06:00:00+00:00,0.22226566076278687,353.8123474121094,0.3844120950022246,353.0118713378906
2016-10-14 12:00:00+00:00,0.1671353578567505,54.25404357910156,1.783705296442138,53.88075637817383
2016-10-14 18:00:00+00:00,0.16021811962127686,49.729942321777344,1.786912575949043,49.36954879760742
2016-10-15 00:00:00+00:00,0.18326246738433838,111.82527923583984,1.048022407339658,111.35380554199219
2016-10-15 06:00:00+00:00,0.22428375482559204,72.34053802490234,1.378252181338431,71.61370086669922
2016-10-15 12:00:00+00:00,0.19251465797424316,58.40576934814453,1.7409093840134486,57.92479705810547
2016-10-15 18:00:00+00:00,0.15308290719985962,42.299964904785156,1.9502833840561573,41.986534118652344
2016-10-16 00:00:00+00:00,0.1780402660369873,34.438480377197266,2.51383047738682,34.054046630859375
2016-10-16 06:00:00+00:00,0.2163335680961609,109.45394134521484,1.3952216154598345,108.73780059814453
2016-10-16 12:00:00+00:00,0.13675183057785034,37.476139068603516,2.1088053299959584,37.24361801147461
2016-10-16 18:00:00+00:00,0.1472628116607666,64.27670288085938,1.7951038531037733,63.98980712890625
2016-10-17 00:00:00+00:00,0.09366023540496826,23.111312866210938,2.941490899802427,23.009153366088867
2016-10-17 06:00:00+00:00,0.03810620307922363,42.47351837158203,2.078917062542144,42.45187759399414
2016-10-17 12:00:00+00:00,0.13263791799545288,29.48644256591797,2.613193699354879,29.25713348388672
2016-10-17 18:00:00+00:00,0.13020092248916626,32.98843765258789,2.5083654529566344,32.76976776123047
2016-10-18 00:00:00+00:00,0.06468254327774048,23.77423858642578,3.0166019849789967,23.723848342895508
2016-10-18 06:00:00+00:00,0.1456966996192932,79.0257797241211,1.7103735792509915,78.741455078125
2016-10-18 12:00:00+00:00,0.04696643352508545,19.647489547729492,3.1341435915478133,19.625329971313477
2016-10-18 18:00:00+00:00,0.11963415145874023,23.43224334716797,3.3317234615096996,23.26389503479004
2016-10-19 00:00:00+00:00,0.24284636974334717,28.06242561340332,3.0936835036243098,27.323869705200195
2016-10-19 06:00:00+00:00,0.0727313756942749,71.70518493652344,1.6550721913397124,71.63160705566406
2016-10-19 12:00:00+00:00,0.17285096645355225,26.550189971923828,3.1885087862657673,26.177751541137695
2016-10-20 00:00:00+00:00,0.16022717952728271,65.83740234375,1.4574398170079432,65.48889923095703
2016-10-20 06:00:00+00:00,0.1741265058517456,29.727035522460938,2.89927192910687,29.315778732299805
2016-10-20 12:00:00+00:00,0.26378583908081055,155.2415313720703,0.9870101384666281,154.27908325195312
2016-10-20 18:00:00+00:00,0.21352005004882812,35.168312072753906,2.7899926542812645,34.46912384033203
2016-10-21 00:00:00+00:00,0.32051193714141846,65.94136047363281,2.045469827883754,64.22392272949219
2016-10-21 06:00:00+00:00,0.3324391841888428,58.96048355102539,2.3689898631868074,57.08599853515625
2016-10-21 12:00:00+00:00,0.278039813041687,38.830101013183594,2.3599216165349612,37.75312042236328
2016-10-21 18:00:00+00:00,0.30014777183532715,66.69510650634766,1.908447447288422,65.1622543334961
2016-10-22 00:00:00+00:00,0.30831825733184814,80.26701354980469,1.8015306781463525,78.55901336669922
2016-10-22 06:00:00+00:00,0.2948739528656006,68.9325180053711,1.3697917347564923,67.54167175292969
2016-10-22 12:00:00+00:00,0.3051016330718994,61.704833984375,1.8178037971671814,60.34664535522461
2016-10-22 18:00:00+00:00,0.32175111770629883,66.75067901611328,1.9246446290138972,65.04267883300781
2016-10-23 00:00:00+00:00,0.274983286857605,102.39978790283203,0.8151142225061698,101.09770965576172
2016-10-23 06:00:00+00:00,0.284043550491333,64.89761352539062,1.7984699600503962,63.564697265625
2016-10-23 12:00:00+00:00,0.3073863983154297,61.637176513671875,1.7643277113540847,60.30793380737305
2016-10-23 18:00:00+00:00,0.31313884258270264,54.869834899902344,1.767323201651004,53.355812072753906
2016-10-24 00:00:00+00:00,0.3169206380844116,67.95973205566406,1.7539277861436513,66.2779541015625
2016-10-24 06:00:00+00:00,0.2914454936981201,53.1494255065918,2.0016260467452174,51.861263275146484
2016-10-24 12:00:00+00:00,0.31408584117889404,57.884422302246094,1.7998954204077016,56.51087951660156
2016-10-24 18:00:00+00:00,0.264898419380188,98.92906188964844,0.9312524441658172,97.72246551513672
2016-10-26 00:00:00+00:00,0.24914991855621338,58.35896682739258,1.5783405866875584,57.41218948364258
2016-10-26 06:00:00+00:00,0.26465046405792236,64.82939910888672,1.4895987463013294,63.73688507080078
2016-10-26 12:00:00+00:00,0.2774573564529419,57.396141052246094,1.7469737547741973,56.33734893798828
2016-10-27 00:00:00+00:00,0.257146954536438,50.21870422363281,2.1603311188816434,49.21805191040039
2016-10-27 06:00:00+00:00,0.2516622543334961,61.02873611450195,1.5695845620575162,60.053340911865234
2016-10-27 12:00:00+00:00,0.26282310485839844,56.57148742675781,1.8339693320917507,55.5700569152832
2016-10-27 18:00:00+00:00,0.2553989887237549,68.81549835205078,0.9431640603239043,67.81061553955078
2016-10-28 00:00:00+00:00,0.27084529399871826,61.19275665283203,1.7265819195820253,60.068809509277344
2016-10-28 06:00:00+00:00,0.25510382652282715,53.31304931640625,1.834672475542867,52.32871627807617
2016-10-28 12:00:00+00:00,0.26013779640197754,62.23552703857422,1.27961020836802,61.22690963745117
2016-10-28 18:00:00+00:00,0.23547697067260742,43.92403030395508,1.7041772944615237,43.112545013427734
2016-10-29 00:00:00+00:00,0.22180485725402832,41.9737548828125,1.8668988340056263,41.2714729309082
2016-10-29 06:00:00+00:00,0.2437959909439087,63.13178634643555,1.4088341106708655,62.20751953125
2016-10-29 12:00:00+00:00,0.23736190795898438,52.434810638427734,1.5756481310442498,51.610374450683594
2016-10-29 18:00:00+00:00,0.2388472557067871,44.54035186767578,1.6382892333477435,43.678165435791016
2016-10-30 00:00:00+00:00,0.23944199085235596,49.867576599121094,1.6408518939575902,49.01211166381836
2016-10-30 06:00:00+00:00,0.24072206020355225,43.63086700439453,1.9049806502981277,42.76778030395508
2016-10-30 12:00:00+00:00,0.25776124000549316,38.64897918701172,1.9198698957264553,37.7672119140625
2016-10-30 18:00:00+00:00,0.2942858934402466,41.3242073059082,1.9569426099490603,40.06257629394531
2016-10-31 00:00:00+00:00,0.2713959217071533,46.169525146484375,1.8781233446243537,45.091392517089844
2016-10-31 06:00:00+00:00,0.2504674196243286,39.8994255065918,2.34409730952206,38.99264144897461
2016-10-31 12:00:00+00:00,0.23492681980133057,39.133174896240234,2.180241796779822,38.3738899230957
2016-10-31 18:00:00+00:00,0.19810783863067627,132.5287322998047,0.8250004725572482,131.96102905273438
2016-11-01 00:00:00+00:00,0.1994309425354004,31.062931060791016,2.0585688703282594,30.561460494995117
2016-11-01 06:00:00+00:00,0.14876925945281982,192.87484741210938,0.8128479802287967,192.5242156982422
2016-11-01 12:00:00+00:00,0.21573734283447266,29.769611358642578,2.7655893290697913,29.154577255249023
2016-11-01 18:00:00+00:00,0.19194090366363525,29.579570770263672,2.331115789075385,29.112159729003906
2016-11-02 00:00:00+00:00,0.19533658027648926,28.487112045288086,2.531707938584959,28.029186248779297
2016-11-02 06:00:00+00:00,0.1759570837020874,24.953962326049805,2.9640233640155613,24.570213317871094
2016-11-02 12:00:00+00:00,0.14099717140197754,22.911352157592773,2.8026807261278424,22.68524742126465
2016-11-02 18:00:00+00:00,0.12024092674255371,26.180208206176758,2.6826559284651585,26.00642967224121
2016-11-03 00:00:00+00:00,0.16138648986816406,31.7196044921875,2.123928533429503,31.41632652282715
2016-11-03 06:00:00+00:00,0.18797147274017334,180.49761962890625,0.8417994074569615,179.985595703125
2016-11-03 12:00:00+00:00,0.11419558525085449,19.934066772460938,3.306497721288106,19.795164108276367
2016-11-03 18:00:00+00:00,0.1083298921585083,21.883556365966797,2.980048085521835,21.752174377441406
2016-11-04 00:00:00+00:00,0.07222282886505127,19.856143951416016,3.4541440446250946,19.798606872558594
2016-11-04 06:00:00+00:00,0.0657341480255127,26.589935302734375,2.567440327281625,26.53951644897461
2016-11-04 12:00:00+00:00,0.019057393074035645,23.75763511657715,2.6646490875646744,23.753501892089844
2016-11-04 18:00:00+00:00,0.05115020275115967,24.122346878051758,2.850081040033006,24.091262817382812
2016-11-05 00:00:00+00:00,0.018282532691955566,24.182710647583008,3.0026228286384953,24.178693771362305
2016-11-05 06:00:00+00:00,0.03536182641983032,25.699565887451172,2.502995138104513,25.684602737426758
2016-11-05 12:00:00+00:00,0.07365357875823975,31.301897048950195,2.102628133797202,31.23650550842285
2016-11-05 18:00:00+00:00,0.018239736557006836,31.35222053527832,2.1593505368096304,31.347980499267578
2016-11-06 00:00:00+00:00,0.07264798879623413,46.61478042602539,2.033123065818971,46.5377082824707
2016-11-06 06:00:00+00:00,0.07434070110321045,49.503578186035156,1.9427347465762324,49.42107009887695
2016-11-06 12:00:00+00:00,0.05557537078857422,46.968345642089844,1.6090176865931802,46.92673873901367
2016-11-06 18:00:00+00:00,0.11706376075744629,50.549217224121094,1.968878901636516,50.3293342590332
2016-11-07 00:00:00+00:00,0.18124186992645264,59.00899124145508,1.5715596414252002,58.50122833251953
2016-11-07 06:00:00+00:00,0.1822439432144165,69.61231231689453,1.566413909202666,69.07380676269531
2016-11-07 12:00:00+00:00,0.13606876134872437,57.40771484375,1.7854296985589142,57.14681625366211
2016-11-07 18:00:00+00:00,0.17248249053955078,93.3293685913086,1.1570585462292882,92.79851531982422
2016-11-08 00:00:00+00:00,0.1800520420074463,55.632850646972656,1.8467190850712392,55.111568450927734
2016-11-08 06:00:00+00:00,0.19882071018218994,61.89182662963867,1.8545025083504467,61.267417907714844
2016-11-08 12:00:00+00:00,0.2336997389793396,71.45924377441406,1.5203745037417318,70.67095947265625
2016-11-08 18:00:00+00:00,0.17440265417099,57.40999984741211,1.8751608383413796,56.94483947753906
2016-11-09 00:00:00+00:00,0.24059653282165527,76.99964141845703,1.7030111967990265,76.05088806152344
2016-11-09 06:00:00+00:00,0.21135354042053223,56.653648376464844,1.8859673109974868,55.97295379638672
2016-11-09 12:00:00+00:00,0.223463237285614,57.2984619140625,1.737983055764498,56.617855072021484
2016-11-09 18:00:00+00:00,0.23148292303085327,72.9344253540039,1.6294035041191588,72.06653594970703
2016-11-10 00:00:00+00:00,0.273876428604126,86.48504638671875,1.798447576786264,85.16047668457031
2016-11-10 06:00:00+00:00,0.25149399042129517,79.84732818603516,1.504576231216705,78.82293701171875
2016-11-10 12:00:00+00:00,0.228817880153656,61.762969970703125,2.0179469991573478,60.9807243347168
2016-11-10 18:00:00+00:00,0.2796846628189087,86.10138702392578,1.6742704242088111,84.80157470703125
2016-11-11 00:00:00+00:00,0.2782732844352722,76.71983337402344,1.8641781755623636,75.36127471923828
2016-11-11 06:00:00+00:00,0.24052941799163818,63.234527587890625,1.9641479097391363,62.3218879699707
2016-11-11 12:00:00+00:00,0.26306039094924927,59.67768096923828,1.8509450826575662,58.59917068481445
2016-11-11 18:00:00+00:00,0.24978375434875488,76.35371398925781,1.8205332364966744,75.27843475341797
2016-11-12 00:00:00+00:00,0.2391013503074646,61.329341888427734,1.8356773733721925,60.411720275878906
2016-11-12 06:00:00+00:00,0.23042750358581543,51.495704650878906,2.2846144921020697,50.6673469543457
2016-11-12 12:00:00+00:00,0.20175248384475708,53.28779602050781,2.001577479207912,52.63319396972656
2016-11-12 18:00:00+00:00,0.14371156692504883,48.68147659301758,2.1361324882651043,48.342735290527344
2016-11-13 00:00:00+00:00,0.14810681343078613,42.31920623779297,2.2373175844700337,41.975406646728516
2016-11-13 06:00:00+00:00,0.14254671335220337,63.867549896240234,1.6900655706137082,63.50557327270508
2016-11-13 12:00:00+00:00,0.060893476009368896,55.10536193847656,1.7091888132676412,55.044593811035156
2016-11-13 18:00:00+00:00,0.011154770851135254,44.38056182861328,2.254000432300791,44.378517150878906
2016-11-14 00:00:00+00:00,0.0015053749084472656,60.579647064208984,1.5350476428405044,60.57960891723633
2016-11-14 06:00:00+00:00,0.08689641952514648,47.01695251464844,2.2786015313275048,46.90169906616211
2016-11-14 12:00:00+00:00,0.03188467025756836,191.81649780273438,1.0029679361832335,191.80044555664062
2016-11-14 18:00:00+00:00,0.07236301898956299,34.886844635009766,2.6261427144451797,34.81071472167969
2016-11-15 00:00:00+00:00,0.1937776803970337,57.18962097167969,2.24132290698831,56.589725494384766
2016-11-15 06:00:00+00:00,0.151100754737854,52.72197341918945,2.0294236352632975,52.377967834472656
2016-11-15 12:00:00+00:00,0.20932066440582275,62.88924789428711,1.7459537353844368,62.228126525878906
2016-11-15 18:00:00+00:00,0.18245863914489746,51.46641159057617,2.5178996451185167,50.93486785888672
2016-11-16 00:00:00+00:00,0.2761431932449341,45.42409133911133,2.771356522607812,44.15534210205078
2016-11-16 06:00:00+00:00,0.1898249387741089,59.36189270019531,1.9381902236138266,58.78737258911133
2016-11-16 12:00:00+00:00,0.2365868091583252,44.49618148803711,2.1638419942822837,43.745750427246094
2016-11-16 18:00:00+00:00,0.23734748363494873,44.39118957519531,2.302288870416124,43.59164810180664
2016-11-17 00:00:00+00:00,0.2443176507949829,38.294517517089844,2.7069296961805085,37.48920822143555
2016-11-17 06:00:00+00:00,0.2277919054031372,38.95807647705078,2.3892507872013007,38.1940803527832
2016-11-17 12:00:00+00:00,0.2628389596939087,57.15501022338867,1.9028224764466346,56.18980407714844
2016-11-17 18:00:00+00:00,0.21037912368774414,31.727035522460938,2.7239907223794857,31.122486114501953
2016-11-18 00:00:00+00:00,0.2026757001876831,46.12841033935547,2.0012512351367966,45.50409698486328
2016-11-18 06:00:00+00:00,0.2209569215774536,42.06339645385742,2.5873223163278856,41.3169059753418
2016-11-18 12:00:00+00:00,0.20804762840270996,39.48224639892578,2.567849205062281,38.87262725830078
2016-11-18 18:00:00+00:00,0.22688329219818115,40.49546813964844,2.5238833903119775,39.743404388427734
2016-11-19 00:00:00+00:00,0.26568830013275146,50.975341796875,2.0214304498530913,49.91627883911133
2016-11-19 06:00:00+00:00,0.2035355567932129,38.3931999206543,2.387812011534682,37.7901496887207
2016-11-19 12:00:00+00:00,0.2141284942626953,41.72309875488281,2.1791686998310054,41.13071823120117
2016-11-19 18:00:00+00:00,0.26130712032318115,50.93549346923828,2.157716241563889,49.94370651245117
2016-11-20 00:00:00+00:00,0.24351847171783447,49.48455810546875,2.1694271729427856,48.5745735168457
2016-11-20 06:00:00+00:00,0.236253023147583,43.805816650390625,2.295585425796115,43.00267028808594
2016-11-20 12:00:00+00:00,0.21558117866516113,41.664772033691406,2.141950351781063,41.080074310302734
2016-11-20 18:00:00+00:00,0.23460793495178223,42.08538818359375,2.0760152320820593,41.294803619384766
2016-11-21 00:00:00+00:00,0.20635735988616943,40.503578186035156,2.2607652681443673,39.892242431640625
2016-11-21 06:00:00+00:00,0.21134567260742188,46.24847412109375,1.8157934867162504,45.60652160644531
2016-11-21 12:00:00+00:00,0.18780195713043213,40.3625602722168,1.8112117043379201,39.90997314453125
2016-11-21 18:00:00+00:00,0.26574277877807617,71.5141830444336,1.3411568139011933,70.46311950683594
2016-11-22 00:00:00+00:00,0.23901855945587158,47.013038635253906,2.0345942591395785,46.14045333862305
2016-11-22 06:00:00+00:00,0.2523219585418701,52.70331954956055,1.6103262309754587,51.78630447387695
2016-11-22 12:00:00+00:00,0.2102961540222168,74.54562377929688,1.0467797784596413,73.92247009277344
2016-11-22 18:00:00+00:00,0.21425819396972656,48.53654479980469,1.9083681628727236,47.87908172607422
2016-11-23 00:00:00+00:00,0.22494518756866455,59.26887893676758,1.6726713756391933,58.4868049621582
2016-11-23 06:00:00+00:00,0.249456524848938,56.77257537841797,1.460095825356417,55.8415641784668
2016-11-23 12:00:00+00:00,0.22769081592559814,48.09072494506836,1.8045260285835514,47.3659553527832
2016-11-23 18:00:00+00:00,0.25482118129730225,46.96009826660156,1.753400066105844,46.04170227050781
2016-11-24 00:00:00+00:00,0.22284984588623047,44.6151123046875,1.7338636447075642,43.909278869628906
2016-11-24 06:00:00+00:00,0.27596354484558105,63.7315673828125,1.8307781451170206,62.610496520996094
2016-11-24 12:00:00+00:00,0.23808562755584717,47.9225959777832,1.8923545685854632,47.13178253173828
2016-11-24 18:00:00+00:00,0.19437193870544434,45.54117965698242,1.6304093984491435,45.01499557495117
2016-11-25 00:00:00+00:00,0.21764707565307617,40.33359909057617,2.187644477688685,39.665313720703125
2016-11-25 06:00:00+00:00,0.24057459831237793,46.013099670410156,1.9265946630057675,45.18366622924805
2016-11-25 12:00:00+00:00,0.229833722114563,43.70414352416992,2.0939244763726332,42.98033905029297
2016-11-25 18:00:00+00:00,0.2354503870010376,45.82380676269531,1.3807612756659233,45.062129974365234
2016-11-26 00:00:00+00:00,0.2236316204071045,34.197669982910156,2.189616621055192,33.55552673339844
2016-11-26 06:00:00+00:00,0.19956374168395996,35.7381706237793,2.413009492746612,35.19868469238281
2016-11-26 12:00:00+00:00,0.21675431728363037,55.023189544677734,1.259547907068175,54.39756393432617
2016-11-26 18:00:00+00:00,0.2587076425552368,35.63170623779297,2.298433324567152,34.74237823486328
2016-11-27 00:00:00+00:00,0.20394444465637207,30.893129348754883,2.515640369804076,30.3583927154541
2016-11-27 06:00:00+00:00,0.18928873538970947,33.60251998901367,2.1841473754496685,33.146968841552734
2016-11-27 12:00:00+00:00,0.2015538215637207,25.837867736816406,2.7542658754469778,25.333091735839844
2016-11-27 18:00:00+00:00,0.1678788661956787,27.796875,2.604568192045371,27.44412612915039
2016-11-28 00:00:00+00:00,0.1397775411605835,107.21695709228516,0.819362721785638,106.95584869384766
2016-11-28 06:00:00+00:00,0.16123926639556885,40.63330078125,1.658746989865291,40.30204772949219
2016-11-28 12:00:00+00:00,0.1460580825805664,33.08050537109375,1.9311340536012218,32.82413864135742
2016-11-28 18:00:00+00:00,0.18871581554412842,26.694826126098633,2.900728375588319,26.24476432800293
2016-11-29 00:00:00+00:00,0.20321381092071533,26.89985466003418,2.936724938632072,26.390756607055664
2016-11-29 06:00:00+00:00,0.13267135620117188,36.091007232666016,1.9095068317211208,35.86616516113281
2016-11-29 12:00:00+00:00,0.2864267826080322,82.1747817993164,1.213609341841705,81.16585540771484
2016-11-29 18:00:00+00:00,0.1601405143737793,24.886844635009766,3.1753408180026503,24.562482833862305
2016-11-30 00:00:00+00:00,0.20328378677368164,25.833202362060547,3.198934717384865,25.301380157470703
2016-11-30 06:00:00+00:00,0.19113779067993164,32.85886001586914,1.9775834892857047,32.40961837768555
2016-12-01 00:00:00+00:00,0.14419996738433838,29.522167205810547,2.939730986779454,29.244123458862305
2016-12-01 06:00:00+00:00,0.07523953914642334,25.96926498413086,2.9738924140141614,25.899473190307617
2016-12-01 12:00:00+00:00,0.00022524595260620117,59.296810150146484,1.4724252024996312,59.296817779541016
2016-12-01 18:00:00+00:00,0.032618045806884766,39.2028694152832,2.2005834704102676,39.188270568847656
2016-12-02 00:00:00+00:00,0.08058017492294312,40.26167297363281,2.0637334306682202,40.16881561279297
2016-12-02 06:00:00+00:00,0.11833417415618896,55.9015998840332,1.6957877611756877,55.685089111328125
2016-12-02 12:00:00+00:00,0.11538732051849365,112.39695739746094,0.9553854584301089,112.21263122558594
2016-12-02 18:00:00+00:00,0.18001163005828857,96.26870727539062,1.3934523413342115,95.72906494140625
2016-12-03 00:00:00+00:00,0.18350011110305786,44.58585739135742,2.117692423206888,44.06036376953125
2016-12-03 06:00:00+00:00,0.21133369207382202,51.88972854614258,1.9204038118068147,51.197776794433594
2016-12-03 12:00:00+00:00,0.19979596138000488,51.69017028808594,1.7420004014220571,51.1091194152832
2016-12-03 18:00:00+00:00,0.16871118545532227,56.43699645996094,2.054837334257565,55.95592498779297
2016-12-04 00:00:00+00:00,0.19661515951156616,69.45960235595703,2.059256776003627,68.77095031738281
2016-12-04 06:00:00+00:00,0.19513952732086182,64.90528106689453,1.7733721054009797,64.27249908447266
2016-12-04 12:00:00+00:00,0.19561165571212769,66.6978988647461,1.644022154221499,66.08650970458984
2016-12-04 18:00:00+00:00,0.22907572984695435,124.44709014892578,1.1901253796054196,123.42655944824219
2016-12-05 00:00:00+00:00,0.2038307785987854,79.5309066772461,1.8367694312900156,78.7605209350586
2016-12-05 06:00:00+00:00,0.20839160680770874,73.51773071289062,1.6897958042391168,72.78006744384766
2016-12-05 12:00:00+00:00,0.2065148949623108,82.52845001220703,1.5158813528421105,81.8105697631836
2016-12-05 18:00:00+00:00,0.22393029928207397,104.54112243652344,1.3951716054717909,103.52130889892578
2016-12-06 00:00:00+00:00,0.23982477188110352,93.00807189941406,1.668500248967828,91.86994171142578
2016-12-06 06:00:00+00:00,0.24089545011520386,100.00816345214844,1.4469398966452423,98.94880676269531
2016-12-06 12:00:00+00:00,0.2387692928314209,89.154296875,1.3142308964795024,88.12853240966797
2016-12-06 18:00:00+00:00,0.23152661323547363,79.60783386230469,1.6863592889552024,78.54463195800781
2016-12-07 00:00:00+00:00,0.25162798166275024,87.47406768798828,1.7164957259126048,86.20974731445312
2016-12-07 06:00:00+00:00,0.25171178579330444,76.92378234863281,1.8180927678666288,75.76979064941406
2016-12-07 12:00:00+00:00,0.22866719961166382,74.4537353515625,1.8131870528541916,73.4881820678711
2016-12-07 18:00:00+00:00,0.2203565239906311,80.39329528808594,1.647302537710105,79.4367904663086
2016-12-08 00:00:00+00:00,0.24525994062423706,91.12417602539062,1.5767398638268306,89.90238189697266
2016-12-08 06:00:00+00:00,0.24397945404052734,71.44989013671875,1.7826087851592378,70.39310455322266
2016-12-08 12:00:00+00:00,0.21911948919296265,72.87909698486328,1.6409342514940746,71.9714126586914
2016-12-08 18:00:00+00:00,0.23187172412872314,67.94511413574219,1.9801574463730884,66.92236328125
2016-12-09 00:00:00+00:00,0.24909263849258423,80.05067443847656,1.7727963096221069,78.86424255371094
2016-12-09 06:00:00+00:00,0.2648427486419678,74.32115936279297,1.7374605211543235,73.01244354248047
2016-12-09 12:00:00+00:00,0.24346321821212769,100.15333557128906,1.3990898943279653,98.96918487548828
2016-12-09 18:00:00+00:00,0.24186235666275024,82.34418487548828,1.7361248641892328,81.10289764404297
2016-12-10 00:00:00+00:00,0.23833882808685303,56.69550323486328,2.2858046786869064,55.600921630859375
2016-12-10 06:00:00+00:00,0.2730857729911804,65.30929565429688,1.9795561324165467,63.85378646850586
2016-12-10 12:00:00+00:00,0.22754573822021484,93.05477905273438,1.1727964121056242,92.0390625
2016-12-10 18:00:00+00:00,0.2518177628517151,64.76970672607422,2.1082603837561913,63.455074310302734
2016-12-11 00:00:00+00:00,0.1945415735244751,51.37977981567383,2.2292876237279295,50.69521713256836
2016-12-11 06:00:00+00:00,0.1999119520187378,50.68585968017578,2.2696397495278355,49.98649215698242
2016-12-11 12:00:00+00:00,0.1690913438796997,39.243106842041016,2.6221017798201416,38.77602767944336
2016-12-11 18:00:00+00:00,0.11563003063201904,44.30120086669922,2.543991155011452,44.05971908569336
2016-12-12 00:00:00+00:00,0.14282912015914917,70.95884704589844,1.798579496528197,70.5545883178711
2016-12-12 06:00:00+00:00,0.08088946342468262,44.24882507324219,2.1552038904124324,44.14023208618164
2016-12-12 12:00:00+00:00,0.07111465930938721,47.40699768066406,2.406875315894852,47.31992721557617
2016-12-12 18:00:00+00:00,0.017249107360839844,39.90984344482422,2.799944411445502,39.904457092285156
2016-12-13 00:00:00+00:00,0.02852010726928711,45.59747314453125,2.274046245764691,45.582298278808594
2016-12-13 06:00:00+00:00,0.03753674030303955,41.86833190917969,2.3181895503377548,41.844444274902344
2016-12-13 12:00:00+00:00,0.027762651443481445,41.34677505493164,2.6825613826458254,41.33335494995117
2016-12-13 18:00:00+00:00,0.030347704887390137,67.9394760131836,1.9394721867907692,67.92086029052734
2016-12-14 00:00:00+00:00,0.07589852809906006,119.44329071044922,1.3511896970732442,119.32384490966797
2016-12-14 06:00:00+00:00,0.08081376552581787,63.87728500366211,1.833079618289649,63.76054763793945
2016-12-14 12:00:00+00:00,0.08781564235687256,48.892948150634766,2.146681019546551,48.76372528076172
2016-12-14 18:00:00+00:00,0.13638639450073242,198.5242462158203,0.8643738995564155,198.12147521972656
2016-12-15 00:00:00+00:00,0.1528700590133667,95.39620971679688,1.8734386378314798,94.86897277832031
2016-12-15 06:00:00+00:00,0.14137530326843262,84.46139526367188,1.6248299408556466,84.07313537597656
2016-12-15 12:00:00+00:00,0.22917675971984863,261.9425048828125,0.8727626182818266,260.7397155761719
2016-12-15 18:00:00+00:00,0.14791178703308105,102.55875396728516,1.7135734082338028,102.05311584472656
2016-12-16 00:00:00+00:00,0.18609309196472168,73.38532257080078,2.0309257382502137,72.61756134033203
2016-12-16 06:00:00+00:00,0.22192466259002686,111.1702651977539,1.5177827598647444,110.19619750976562
2016-12-16 12:00:00+00:00,0.22180521488189697,85.91992950439453,1.7842227469631502,85.00955963134766
2016-12-16 18:00:00+00:00,0.1746516227722168,91.0913314819336,1.453279350381724,90.42350769042969
2016-12-17 00:00:00+00:00,0.16923224925994873,77.81494903564453,1.9356612771303925,77.19519805908203
2016-12-17 06:00:00+00:00,0.22405457496643066,91.18685150146484,1.8169757933110975,90.16045379638672
2016-12-17 12:00:00+00:00,0.19958233833312988,194.50148010253906,0.7026661963243249,193.66773986816406
2016-12-17 18:00:00+00:00,0.19254565238952637,99.26276397705078,1.3375502678337452,98.3796615600586
2016-12-18 00:00:00+00:00,0.21266186237335205,113.46804809570312,1.4490926009189968,112.40477752685547
2016-12-18 06:00:00+00:00,0.22374820709228516,96.8630599975586,1.400932800921721,95.84657287597656
2016-12-18 12:00:00+00:00,0.2503422498703003,203.06259155273438,0.7623381960055999,201.738037109375
2016-12-18 18:00:00+00:00,0.19161581993103027,110.72825622558594,1.4411377407220392,109.86170959472656
2016-12-19 00:00:00+00:00,0.17378532886505127,93.90914916992188,1.4781036408089285,93.21488189697266
2016-12-19 06:00:00+00:00,0.22190237045288086,242.9178466796875,0.8708447422943776,241.80923461914062
2016-12-19 12:00:00+00:00,0.1718282699584961,88.25642395019531,1.5219520108092381,87.67481994628906
2016-12-19 18:00:00+00:00,0.1643282175064087,95.78998565673828,1.275254798795078,95.17506408691406
2016-12-20 00:00:00+00:00,0.17897379398345947,100.77528381347656,1.2701250975520961,100.06838989257812
2016-12-20 06:00:00+00:00,0.153481125831604,101.34007263183594,1.2871392774941774,100.8404541015625
2016-12-20 12:00:00+00:00,0.18664658069610596,112.53012084960938,1.1391258757812475,111.77439880371094
2016-12-20 18:00:00+00:00,0.17781543731689453,108.65593719482422,1.5314642824524767,107.88180541992188
2016-12-21 00:00:00+00:00,0.17920470237731934,173.62530517578125,0.9458516548870042,172.8355712890625
2016-12-21 06:00:00+00:00,0.19384872913360596,112.7350082397461,1.621029212060975,111.87588500976562
2016-12-21 12:00:00+00:00,0.19986915588378906,92.05744171142578,2.091167769466812,91.16305541992188
2016-12-21 18:00:00+00:00,0.19257783889770508,105.86270904541016,1.8559345203595714,104.94348907470703
2016-12-22 00:00:00+00:00,0.15492713451385498,105.29144287109375,1.3814817799317354,104.72645568847656
2016-12-22 06:00:00+00:00,0.18574011325836182,102.17284393310547,1.7039038371905673,101.35781860351562
2016-12-22 12:00:00+00:00,0.14342856407165527,139.9988555908203,1.0006521892324653,139.49449157714844
2016-12-22 18:00:00+00:00,0.15176594257354736,104.1131591796875,1.9106394894742762,103.50961303710938
2016-12-23 00:00:00+00:00,0.15994560718536377,89.58969116210938,1.6873610898303375,88.96793365478516
2016-12-23 06:00:00+00:00,0.18195903301239014,88.44688415527344,1.8581709854210657,87.64952087402344
2016-12-23 12:00:00+00:00,0.16299188137054443,107.22013092041016,1.5291324472628194,106.54817199707031
2016-12-23 18:00:00+00:00,0.1601095199584961,89.71720886230469,1.963767187053059,89.01973724365234
2016-12-24 00:00:00+00:00,0.14804792404174805,87.67947387695312,1.961451283918434,87.1253433227539
2016-12-24 06:00:00+00:00,0.17642903327941895,86.73511505126953,1.7350765281134697,85.97770690917969
2016-12-24 12:00:00+00:00,0.1460275650024414,87.18981170654297,2.0881644496961766,86.65339660644531
2016-12-24 18:00:00+00:00,0.14416420459747314,71.17689514160156,2.3875159068450316,70.61921691894531
2016-12-25 00:00:00+00:00,0.10521471500396729,59.5483512878418,2.6644142286274675,59.272212982177734
2016-12-25 06:00:00+00:00,0.08959436416625977,78.0744857788086,1.99557273547524,77.86909484863281
2016-12-25 12:00:00+00:00,0.0886237621307373,69.21357727050781,2.0004676170585505,69.02019500732422
2016-12-25 18:00:00+00:00,0.0853952169418335,73.09076690673828,2.3322127758949103,72.87886810302734
2016-12-26 00:00:00+00:00,0.08024895191192627,60.30488204956055,2.464622243632965,60.14189529418945
2016-12-26 06:00:00+00:00,0.0773468017578125,58.770503997802734,2.260330867021541,58.630210876464844
2016-12-26 12:00:00+00:00,0.07754242420196533,79.27549743652344,1.6547929500270657,79.12932586669922
2016-12-26 18:00:00+00:00,0.09403741359710693,74.13529205322266,2.3793142395615305,73.89576721191406
2016-12-27 00:00:00+00:00,0.09307098388671875,68.32305145263672,2.253985464011577,68.10028839111328
2016-12-27 06:00:00+00:00,0.11990666389465332,99.99964904785156,1.600203741360581,99.67266082763672
2016-12-27 12:00:00+00:00,0.09443306922912598,64.7087631225586,2.126452523463699,64.52059173583984
2016-12-27 18:00:00+00:00,0.11567103862762451,96.33116149902344,1.66614322218094,95.97733306884766
2016-12-28 00:00:00+00:00,0.14343512058258057,102.57535552978516,1.6823757682476885,102.02411651611328
2016-12-28 06:00:00+00:00,0.1199026107788086,96.92532348632812,1.9033285927735624,96.59343719482422
2016-12-28 12:00:00+00:00,0.12551116943359375,90.29277038574219,1.9737102162160833,89.93559265136719
2016-12-28 18:00:00+00:00,0.1031181812286377,125.08329772949219,1.507092950863703,124.80209350585938
2016-12-29 00:00:00+00:00,0.08642184734344482,128.19480895996094,1.5273328460375721,128.00730895996094
2016-12-29 06:00:00+00:00,0.08825945854187012,104.47917175292969,1.7079429062613676,104.28289794921875
2016-12-29 12:00:00+00:00,0.00940096378326416,107.59002685546875,1.3235011261476666,107.5878677368164
2016-12-29 18:00:00+00:00,0.008542120456695557,96.5182876586914,1.5268621487008087,96.51631164550781
2016-12-30 00:00:00+00:00,0.03824228048324585,80.18824005126953,1.9947323376504542,80.14917755126953
2016-12-30 06:00:00+00:00,0.03411918878555298,82.08385467529297,2.095949347062195,82.05379486083984
2016-12-30 12:00:00+00:00,0.06885933876037598,106.3895034790039,1.373752528510572,106.26471710205078
2016-12-30 18:00:00+00:00,0.07584536075592041,118.58692932128906,1.5664344664828893,118.41514587402344
2016-12-31 00:00:00+00:00,0.08663451671600342,91.39398956298828,1.9071167205398147,91.16883850097656
2016-12-31 06:00:00+00:00,0.10508483648300171,92.45439910888672,1.8932490949334126,92.15718841552734
2016-12-31 12:00:00+00:00,0.11604940891265869,107.48220825195312,1.5615736052512723,107.12760162353516
2016-12-31 18:00:00+00:00,0.14574235677719116,103.95983123779297,1.7486362361242451,103.3466567993164
