timestamp,R2_1_1,skew_1_1,R2_1_2,skew_1_2,R2_1_3,skew_1_3,R2_2_1,skew_2_1,R2_2_2,skew_2_2,R2_2_3,skew_2_3,R2_3_1,skew_3_1,R2_3_2,skew_3_2,R2_3_3,skew_3_3,R2_4_1,skew_4_1,R2_4_2,skew_4_2,R2_4_3,skew_4_3,n_ch_total,n_ch_kept
2015-01-01 00:00:00+00:00,,,0.23150676488876343,-6.842676192895383,,,,,,,,,,,,,,,,,0.04412209987640381,2.100907179391269,,,2,2
2015-01-01 06:00:00+00:00,,,0.2793339490890503,-10.728150789219262,,,,,,,,,,,,,,,,,,,0.04640907049179077,-0.39698201817126594,2,2
2015-01-01 12:00:00+00:00,,,0.26650136709213257,-59.499158605671475,,,,,,,,,,,,,,,,,,,0.013267755508422852,0.1273784766698971,2,2
2015-01-01 18:00:00+00:00,0.40166622400283813,-0.710597435327908,0.27820295095443726,-11.200259554524655,,,,,,,,,,,,,,,,,,,0.18528151512145996,3.3990313364932048,4,4
2015-01-02 00:00:00+00:00,,,0.29565107822418213,-9.62335697321627,,,,,,,,,,,,,,,,,,,0.10589319467544556,-1.4762717288809764,3,3
2015-01-02 06:00:00+00:00,,,0.28668642044067383,-9.713883258644419,,,,,,,,,0.03258383274078369,0.26533361559730473,,,,,,,,,,,2,2
2015-01-02 12:00:00+00:00,,,0.2976728677749634,-7.674713354796399,,,,,,,,,0.23657512664794922,6.6846283994175275,,,,,,,,,,,2,2
2015-01-02 18:00:00+00:00,,,0.28626883029937744,-13.477807735841953,,,,,,,,,0.13668429851531982,0.13850026231791462,,,,,,,,,,,2,2
2015-01-03 00:00:00+00:00,,,0.2737160921096802,-7.360779853783049,,,,,,,,,0.17020189762115479,1.2302064454869224,,,,,,,,,,,2,2
2015-01-03 06:00:00+00:00,,,0.281303346157074,-9.065267617144993,,,,,,,,,0.24954438209533691,0.8005485449926442,,,,,,,,,,,2,2
2015-01-03 12:00:00+00:00,,,0.2892281413078308,-9.983256983698416,,,,,,,,,0.18130576610565186,3.1018438763688807,,,,,,,,,,,2,2
2015-01-03 18:00:00+00:00,,,0.28826576471328735,-8.946568484079611,,,,,,,,,0.3389575481414795,6.883374566356241,,,,,,,,,,,2,2
2015-01-04 00:00:00+00:00,,,0.2726568579673767,-10.714778546066524,,,,,,,,,0.2923164367675781,2.8434344112042154,,,,,,,,,,,2,2
2015-01-04 06:00:00+00:00,,,0.2674368619918823,61.8614820431322,,,,,,,,,0.3197218179702759,13.816229917885988,,,,,,,,,,,2,2
2015-01-04 12:00:00+00:00,,,0.2772665023803711,54.09463950547601,,,,,,,,,0.3903917074203491,9.367248577227807,,,,,,,,,,,2,2
2015-01-04 18:00:00+00:00,,,0.3119719624519348,-8.289336412272906,,,,,,,,,0.3327106237411499,6.002789803719477,,,,,,,,,,,2,2
2015-01-05 00:00:00+00:00,,,0.3042255640029907,-8.476141064209926,,,,,,,,,0.3088005781173706,11.843973707455008,0.30730175971984863,2.0322648097155245,,,,,,,,,4,3
2015-01-05 06:00:00+00:00,,,,,0.2405816912651062,55.16221370630323,,,,,,,0.24245178699493408,5.446105206227993,0.5604362487792969,11.420711749123623,,,,,,,,,4,3
2015-01-05 12:00:00+00:00,,,,,0.2647187113761902,-6.7330677519894735,,,,,,,0.29640960693359375,10.969378672496262,0.5061858892440796,8.539189237353003,,,,,,,,,4,3
2015-01-05 18:00:00+00:00,,,,,0.2773878574371338,-8.592958509133053,,,,,,,0.36871421337127686,5.180145657221243,0.3512839078903198,6.967650676856801,,,,,,,,,3,3
2015-01-06 00:00:00+00:00,,,,,0.2475396990776062,-7.8002891190737,,,,,,,,,0.4148677587509155,9.176080936079234,,,,,,,,,3,3
2015-01-06 06:00:00+00:00,,,,,0.24009209871292114,-4.592959021160792,,,,,,,,,0.39372432231903076,7.774472775650528,,,,,,,,,4,3
2015-01-06 12:00:00+00:00,0.3304998278617859,-0.7637972708703494,,,0.15974092483520508,60.43973197942937,,,,,,,,,0.4016815423965454,7.937435262158339,,,,,,,,,4,4
2015-01-06 18:00:00+00:00,,,,,0.20907843112945557,-6.486846650317315,,,,,,,,,0.31333887577056885,4.885124490673254,,,,,,,,,3,3
2015-01-07 00:00:00+00:00,,,,,0.21442878246307373,-11.49989069595253,,,,,,,,,0.4298821687698364,7.105678027204815,,,,,,,,,3,3
2015-01-07 06:00:00+00:00,0.736617922782898,2.813876109319741,,,0.2111414074897766,-5.558949014872665,,,,,,,,,0.39303088188171387,12.410632131521098,,,,,,,,,4,4
2015-01-07 12:00:00+00:00,0.08773326873779297,-0.7912845233265595,,,0.20998996496200562,-3.176373655431708,,,,,,,,,0.4228224754333496,8.338754798357696,,,,,,,,,4,4
2015-01-07 18:00:00+00:00,0.2798691987991333,-0.16188552582662924,,,0.1847742199897766,-5.155055751346957,,,,,,,,,0.43020689487457275,11.105162634732087,,,,,,,,,4,4
2015-01-08 00:00:00+00:00,0.31206631660461426,0.12631355827744722,,,0.13685691356658936,-6.024634222019999,,,,,,,,,0.3969043493270874,8.278067777166921,,,,,,,,,3,3
2015-01-08 06:00:00+00:00,0.5396286249160767,6.189867095493464,,,0.1525781750679016,-3.7103796746367443,,,,,,,,,0.4772566556930542,9.89599424497522,,,,,,,,,4,4
2015-01-08 12:00:00+00:00,0.01711595058441162,-0.6836084498965929,,,0.08488291501998901,55.75272724878389,,,,,,,,,0.4980970621109009,14.543491661066785,,,,,,,,,4,4
2015-01-08 18:00:00+00:00,,,,,0.12922871112823486,-1.3199983539968165,,,,,,,,,0.48837757110595703,10.02823057555466,,,,,,,,,3,3
2015-01-09 00:00:00+00:00,,,,,0.14695626497268677,-2.874428829685221,,,,,,,,,0.4772677421569824,10.340110289977563,,,,,,,,,2,2
2015-01-09 06:00:00+00:00,,,0.07603836059570312,-0.8159804267576841,,,,,,,,,,,0.48741281032562256,7.454980404392403,,,,,,,,,2,2
2015-01-09 12:00:00+00:00,,,0.11936891078948975,-4.515338170762033,,,,,,,,,,,0.42712652683258057,11.45434370881331,,,,,,,,,2,2
2015-01-09 18:00:00+00:00,,,0.1290706992149353,-21.159728848016435,,,,,,,,,,,0.3804643154144287,8.133956600967762,,,,,,,,,2,2
2015-01-10 00:00:00+00:00,,,0.0924341082572937,-0.3479530881127616,,,,,,,,,,,0.49391889572143555,9.89895524371186,,,,,,,,,4,2
2015-01-10 06:00:00+00:00,0.22007298469543457,-0.11166304335287726,0.0760541558265686,-0.04779907585236762,,,,,,,,,,,,,0.3781381845474243,5.3407705137066355,,,,,,,4,3
2015-01-10 12:00:00+00:00,0.5778074264526367,-0.20260200508135892,0.04892933368682861,-1.988277331238182,,,,,,,,,,,,,0.4165428876876831,6.469183931448542,,,,,,,3,3
2015-01-10 18:00:00+00:00,0.11306774616241455,-0.18943511153215586,0.09473222494125366,-0.1160835328764898,0.0668061375617981,-0.11628154090055302,,,,,,,,,,,0.47521698474884033,1.4380385841298544,,,,,,,4,4
2015-01-11 00:00:00+00:00,0.12271714210510254,-0.8261260829357566,0.14539670944213867,0.024421781083610972,0.09772247076034546,0.019452885270978878,,,,,,,,,,,0.25583815574645996,1.2973591715315531,,,,,,,5,5
2015-01-11 06:00:00+00:00,,,,,0.016349196434020996,0.05789555140984091,,,,,,,,,,,0.43855810165405273,5.901830052222135,,,,,,,4,2
2015-01-11 12:00:00+00:00,,,,,0.3708341717720032,-0.8208739862774825,,,,,,,,,,,0.5098085403442383,2.27518583965033,,,,,,,3,3
2015-01-11 18:00:00+00:00,,,,,0.18801909685134888,-0.20947853205899847,,,,,,,,,,,,,,,,,,,1,1
2015-01-12 00:00:00+00:00,,,,,,,,,,,,,,,,,,,,,,,,,1,0
2015-01-12 06:00:00+00:00,,,,,,,,,,,,,,,,,,,,,,,,,1,0
2015-01-12 12:00:00+00:00,,,,,,,,,,,,,,,,,,,,,,,,,0,0
2015-01-12 18:00:00+00:00,,,,,,,,,,,,,,,,,,,,,,,,,0,0
2015-01-13 00:00:00+00:00,0.2497217059135437,-1.374213697834105,,,,,,,,,,,,,,,,,,,,,,,1,1
2015-01-13 06:00:00+00:00,0.019971728324890137,-0.20400117354065508,,,,,,,,,,,,,,,,,,,,,,,1,1
2015-01-13 12:00:00+00:00,0.2511850595474243,0.05158872305930001,,,,,,,,,,,,,,,,,,,,,,,1,1
2015-01-13 18:00:00+00:00,0.0031248927116394043,0.00789320171535208,,,,,,,,,,,,,,,,,,,,,,,1,1
2015-01-14 00:00:00+00:00,0.10443061590194702,-0.4016756503924828,,,,,,,,,,,,,0.6145250499248505,-7.066569429371621,,,,,,,,,2,2
2015-01-14 06:00:00+00:00,0.01119464635848999,-0.01602455805462803,,,,,,,,,,,,,0.4930480718612671,-5.066399594259589,,,,,,,,,2,2
2015-01-14 12:00:00+00:00,0.14723724126815796,-0.4931704155336666,,,,,,,,,,,,,0.3418113589286804,-6.048644126701381,,,,,,,,,2,2
2015-01-14 18:00:00+00:00,0.12499839067459106,-22.092666691677568,,,,,,,,,,,,,0.37478935718536377,-6.278958846725523,,,,,,,,,2,2
2015-01-15 00:00:00+00:00,0.05722576379776001,-1.0462760461241436,,,,,,,,,,,,,0.35194844007492065,-6.893753185370891,,,,,,,,,2,2
2015-01-15 06:00:00+00:00,0.1660841703414917,-0.8341912350680372,,,,,,,,,,,,,0.4603964686393738,-4.985047233289279,,,,,,,,,2,2
2015-01-15 12:00:00+00:00,0.1034693717956543,-1.3275214067347116,,,,,,,,,,,,,0.4566415548324585,-7.5462121015137225,,,,,,,,,2,2
2015-01-15 18:00:00+00:00,0.1297534704208374,-0.5451585948687504,,,,,,,,,,,,,0.4126141667366028,-8.04059922576534,,,,,,,,,2,2
2015-01-16 00:00:00+00:00,0.1615108847618103,-1.713275965435466,,,,,,,,,,,,,0.4261831045150757,-11.826772419118756,,,,,,,,,3,2
2015-01-16 06:00:00+00:00,0.10947823524475098,-3.659641935013858,,,,,,,,,,,0.0005967617034912109,0.12772418397403282,0.41914165019989014,-4.603260325452939,,,,,,,,,3,3
2015-01-16 12:00:00+00:00,0.13132524490356445,-3.4387353576357573,,,,,,,,,,,0.2218642234802246,-11.988728568250878,0.37334728240966797,-8.776872705225841,,,,,,,,,3,3
2015-01-16 18:00:00+00:00,0.1404971480369568,-1.6911074611968413,,,,,,,,,,,0.16030633449554443,0.3893785796452999,0.3764054775238037,-4.602654264930833,,,,,,,,,3,3
2015-01-17 00:00:00+00:00,0.09632933139801025,-1.3295089975161698,,,,,,,,,,,0.08359360694885254,1.2299773491262826,0.3818855881690979,-10.171160434955905,,,,,,,,,3,3
2015-01-17 06:00:00+00:00,0.14679181575775146,-10.10575599324281,,,,,,,,,,,0.082550048828125,0.08199591007237646,,,0.35791927576065063,-4.952692752910527,,,,,,,3,3
2015-01-17 12:00:00+00:00,0.09822165966033936,-1.03405337508359,,,,,,,,,,,,,,,0.3238469958305359,-9.028373173102011,0.03367483615875244,-1.862185672773967,,,,,3,3
2015-01-17 18:00:00+00:00,0.043632328510284424,-0.7160061345518748,,,,,,,,,,,0.16019690036773682,1.6782224902442702,,,0.3136579990386963,-6.35296109527675,,,,,,,3,3
2015-01-18 00:00:00+00:00,0.0696866512298584,-1.3039437410765777,,,,,,,,,,,,,,,0.30310022830963135,-3.729474217020391,0.11750376224517822,1.0323310818813223,,,,,3,3
2015-01-18 06:00:00+00:00,0.145574152469635,-1.2040757231808012,,,,,,,,,,,,,,,0.20173895359039307,-1.2243652967249328,0.01373744010925293,0.469055596495182,,,,,3,3
2015-01-18 12:00:00+00:00,0.06621628999710083,-3.0252788905112955,,,,,,,,,,,,,,,0.06046915054321289,-1.445922454820321,0.04850900173187256,2.296451035742606,,,,,3,3
2015-01-18 18:00:00+00:00,0.1422133445739746,-1.6991822694197602,,,,,,,,,,,0.17110586166381836,1.1605231793372563,,,0.2995373010635376,-2.408478262250499,,,,,,,3,3
2015-01-19 00:00:00+00:00,0.15019142627716064,-3.753378291657091,,,,,,,,,,,,,,,0.2481900453567505,0.23713926826116652,,,0.22185373306274414,11.060237015839514,,,3,3
2015-01-19 06:00:00+00:00,0.17543184757232666,-5.524733611168629,,,,,,,,,,,,,0.15038728713989258,5.734098205893951,0.3044746518135071,-1.7241720990409986,,,,,,,3,3
2015-01-19 12:00:00+00:00,,,0.1355905532836914,-2.5826818480153193,,,,,,,,,,,0.37021470069885254,0.18679270550441393,0.42216336727142334,-0.6979028548640844,,,0.11040103435516357,4.964347709518124,,,4,4
2015-01-19 18:00:00+00:00,,,0.16141217947006226,-1.4632247192774996,,,,,,,,,,,,,0.45091426372528076,0.2255492426117042,,,0.1315363645553589,-0.33051970146060977,,,3,3
2015-01-20 00:00:00+00:00,,,0.1581270694732666,-2.0689968082755446,,,,,,,,,,,,,0.22661066055297852,-0.015298529552497678,,,0.27264630794525146,0.7138620933979908,,,3,3
2015-01-20 06:00:00+00:00,,,0.2021406888961792,-39.11371005680213,,,,,,,,,,,0.34072762727737427,0.15395875191942035,0.042787790298461914,-0.37524975304732533,,,0.0525590181350708,3.8124039581485074,,,4,4
2015-01-20 12:00:00+00:00,,,0.1528846025466919,-1.3903865380502654,0.628115713596344,-2.885436226074511,,,,,,,,,0.22565984725952148,0.35997696793217954,,,,,0.002201557159423828,1.5878407312781777,,,4,4
2015-01-20 18:00:00+00:00,,,0.10891246795654297,-2.970639379749187,,,,,,,,,,,,,,,,,0.11828017234802246,-0.04970037040813217,,,2,2
2015-01-21 00:00:00+00:00,,,0.12971580028533936,-3.304959351649857,,,,,,,,,,,,,,,,,0.23948144912719727,-0.39205490507117036,,,3,2
2015-01-21 06:00:00+00:00,,,0.1540432572364807,-4.100134727059282,,,,,,,,,,,0.20169836282730103,-0.028164521571251686,,,,,0.06503081321716309,0.03911679956592011,,,4,3
2015-01-21 12:00:00+00:00,,,0.2165037989616394,-37.6640772463689,,,,,,,,,,,0.49415552616119385,-0.12012758043032042,,,,,0.10580527782440186,-0.09425204630419028,,,3,3
2015-01-21 18:00:00+00:00,,,0.10015910863876343,-2.8374354024327184,,,,,,,,,,,,,,,,,0.06393551826477051,0.32804102393236306,,,2,2
2015-01-22 00:00:00+00:00,,,0.17627954483032227,-3.281892262287094,,,,,,,,,,,0.1490098237991333,0.9528124685987867,,,,,0.1089017391204834,0.25354803776134566,,,3,3
2015-01-22 06:00:00+00:00,,,0.23226171731948853,-43.7362336827755,,,,,,,,,,,,,,,,,0.11610126495361328,3.5304241573431674,,,2,2
2015-01-22 12:00:00+00:00,,,0.1598638892173767,-37.887334086554254,0.03349798917770386,-0.008485048140817008,,,,,,,,,,,,,,,0.08753752708435059,3.79482416885052,,,3,3
2015-01-22 18:00:00+00:00,,,0.14483129978179932,-4.541545999557243,0.0046353936195373535,-0.17745339041397218,,,,,,,,,,,,,,,0.10597813129425049,1.3712931734847238,,,3,3
2015-01-23 00:00:00+00:00,,,0.09953224658966064,-1.987670111508894,,,,,,,,,,,0.19909822940826416,-0.8850128654980943,,,,,,,0.10698628425598145,1.6781221854807922,3,3
2015-01-23 06:00:00+00:00,,,0.20001035928726196,-8.005042147594711,,,,,,,,,,,,,,,,,0.13510024547576904,0.3250757618928391,0.027826547622680664,0.4661875649876352,3,3
2015-01-23 12:00:00+00:00,,,0.1975499391555786,-47.4883629331845,,,,,,,,,,,,,,,,,,,0.04261517524719238,0.5808975837644923,2,2
2015-01-23 18:00:00+00:00,,,0.14079993963241577,-2.7829628368590145,,,,,,,,,,,,,,,,,,,0.03553617000579834,-0.01618604214541918,2,2
2015-01-24 00:00:00+00:00,,,0.1446164846420288,-2.1334148584359096,,,,,,,,,,,,,,,,,,,0.015436172485351562,0.41745358491536255,2,2
2015-01-24 06:00:00+00:00,,,0.12269514799118042,60.52399598317716,,,,,,,,,,,,,0.24376726150512695,0.9134198932670881,,,,,0.10302841663360596,0.7359652587459778,3,3
2015-01-24 12:00:00+00:00,,,0.2127026915550232,-3.3466831073852745,,,,,,,,,,,,,,,,,,,0.14234256744384766,0.2140211786910744,2,2
2015-01-24 18:00:00+00:00,,,0.1553419828414917,-2.0930732009871944,,,,,,,,,,,,,0.20511507987976074,0.4312174009673856,,,,,0.22176432609558105,-0.0307043915679935,3,3
2015-01-25 00:00:00+00:00,,,0.16736745834350586,-40.193269054359206,,,,,,,,,,,,,0.007547855377197266,0.7533457517000919,,,,,,,2,2
2015-01-25 06:00:00+00:00,,,0.18948107957839966,-13.844878093071781,,,,,,,,,,,,,0.1096724271774292,0.2797530512658817,,,,,0.04728180170059204,0.2236679363200944,3,3
2015-01-25 12:00:00+00:00,,,0.09074068069458008,-1.9022914135731603,,,,,,,,,,,,,0.31450486183166504,0.14803233457902643,,,,,,,2,2
2015-01-25 18:00:00+00:00,0.2891108989715576,-1.5548417123861846,0.15256839990615845,-3.551586749223442,,,,,,,,,,,,,,,,,,,0.4879540801048279,-0.6073493941066512,3,3
2015-01-26 00:00:00+00:00,0.1519147753715515,-1.3590641626784292,0.12955284118652344,-1.8092375354127126,,,,,,,,,,,,,,,,,,,,,3,2
2015-01-26 06:00:00+00:00,,,0.18393653631210327,-11.388787885955301,,,,,,,,,,,,,,,,,,,,,1,1
2015-01-26 12:00:00+00:00,0.24996954202651978,-2.7959984228386547,0.1241576075553894,-2.3279123769402923,,,,,,,,,,,,,,,,,,,,,2,2
2015-01-26 18:00:00+00:00,0.2313612699508667,-2.185755420261891,0.1139259934425354,-0.8104250011875825,,,,,,,,,,,,,,,,,,,,,3,2
2015-01-27 00:00:00+00:00,,,0.24703377485275269,-2.551089630136276,,,,,,,,,,,,,,,,,,,,,1,1
2015-01-27 06:00:00+00:00,0.375022292137146,0.13255654270991077,0.209578275680542,60.65776878296288,,,,,,,,,,,,,,,,,,,,,2,2
2015-01-27 12:00:00+00:00,0.11320865154266357,-0.27349850657755803,0.23316919803619385,-11.53398660364007,,,,,,,,,,,,,,,,,,,,,2,2
2015-01-27 18:00:00+00:00,,,0.28959202766418457,-54.45588384836241,,,,,,,,,,,,,,,,,,,,,2,1
2015-01-28 00:00:00+00:00,0.38359278440475464,-9.697430370207183,0.29176169633865356,0.572555383401933,0.19865930080413818,-19.56650506721969,,,,,,,,,,,,,,,,,,,3,3
2015-01-28 06:00:00+00:00,,,0.3038398027420044,49.843304853856495,,,,,0.42939841747283936,-0.8458889043576853,,,,,,,,,,,,,,,2,2
2015-01-28 12:00:00+00:00,,,0.29517191648483276,53.77246294529295,,,,,,,,,,,,,,,,,,,,,2,1
2015-01-29 00:00:00+00:00,,,0.34286391735076904,-15.246906623664472,,,,,,,,,,,,,,,,,,,,,1,1
2015-01-29 06:00:00+00:00,,,0.2772349715232849,-6.257899594555656,,,,,0.3112680912017822,-2.7169644668586925,,,,,,,,,,,,,,,2,2
2015-01-29 12:00:00+00:00,,,0.3355666399002075,36.772366876015425,,,,,,,,,,,,,,,,,,,,,1,1
2015-01-29 18:00:00+00:00,,,0.34066975116729736,-8.881325418981023,,,,,,,,,,,,,,,,,,,,,1,1
2015-01-30 00:00:00+00:00,,,0.33630049228668213,35.5511853570869,,,,,,,,,,,,,,,,,,,,,1,1
2015-01-30 06:00:00+00:00,,,0.33829689025878906,-10.740392346374247,,,,,,,,,,,,,,,,,,,,,1,1
2015-01-30 12:00:00+00:00,,,0.4001040458679199,-13.280453578445295,,,,,,,,,,,,,,,,,,,,,1,1
2015-01-30 18:00:00+00:00,,,0.37772709131240845,-9.72793582703971,,,,,,,,,,,,,,,,,,,,,1,1
2015-01-31 00:00:00+00:00,,,0.33486276865005493,-8.199907770081676,,,,,,,,,,,,,,,,,,,,,1,1
2015-01-31 06:00:00+00:00,,,0.3974335193634033,-10.963424873881548,,,,,,,,,,,,,,,,,,,,,1,1
2015-01-31 12:00:00+00:00,,,0.3575904369354248,-8.875762318195177,,,,,,,,,,,,,,,,,,,,,1,1
2015-01-31 18:00:00+00:00,,,0.3336453437805176,-16.571031385658646,,,,,,,,,,,,,,,,,,,,,1,1
2015-02-01 00:00:00+00:00,,,0.3651060461997986,-10.474245406231395,,,,,,,,,,,,,,,,,,,,,1,1
2015-02-01 06:00:00+00:00,,,0.3440197706222534,-9.664478884688553,,,,,,,,,,,,,,,,,,,,,1,1
2015-02-01 12:00:00+00:00,,,0.40383481979370117,-9.611647881168254,,,,,,,,,,,,,,,,,,,,,1,1
2015-02-01 18:00:00+00:00,,,0.36888331174850464,-9.214218475068458,,,,,,,,,,,,,,,,,,,,,1,1
2015-02-02 00:00:00+00:00,,,0.3404194116592407,23.955352030739313,,,,,,,,,,,,,,,,,,,,,1,1
2015-02-02 06:00:00+00:00,,,0.3898359537124634,-7.767371220845871,,,,,,,,,,,,,,,,,,,,,1,1
2015-02-02 12:00:00+00:00,,,,,0.3441874384880066,-7.399911699159373,,,,,,,,,,,,,,,,,,,1,1
2015-02-02 18:00:00+00:00,,,,,0.307084321975708,35.20881616179429,,,,,,,,,,,,,,,,,,,1,1
2015-02-03 00:00:00+00:00,,,,,0.3472406268119812,-10.95497579457101,,,,,,,,,,,,,0.04574918746948242,-0.29637151086828245,,,,,2,2
2015-02-03 06:00:00+00:00,,,,,0.3266648054122925,-5.284535506943786,,,,,,,,,,,,,0.4732956886291504,-0.23946712140634785,,,,,2,2
2015-02-03 12:00:00+00:00,,,,,0.31923478841781616,-4.777249791920393,,,,,0.5951763093471527,-0.01782207076649969,,,,,,,0.3601377010345459,0.2806860032109002,,,,,3,3
2015-02-03 18:00:00+00:00,,,,,0.25710994005203247,-3.2933451453754246,,,,,0.13760590553283691,0.008705941943213547,,,,,,,0.4343157410621643,-0.20278349513907126,,,,,3,3
2015-02-04 00:00:00+00:00,0.7467959821224213,0.18098141262540166,,,0.22316354513168335,58.31130153499593,,,,,0.006672382354736328,-0.28050439588845266,,,,,,,0.004079699516296387,0.367288843076245,,,,,4,4
2015-02-04 06:00:00+00:00,,,,,0.25425076484680176,-1.8404090128815576,0.08502411842346191,-0.25573962481104306,,,,,,,,,,,,,0.096535325050354,-0.27257861191885946,,,3,3
2015-02-04 12:00:00+00:00,,,,,0.2453649640083313,-1.8802849240432737,0.20976907014846802,0.3613387560032969,,,,,,,,,,,,,0.05532252788543701,0.06643318137816623,,,3,3
2015-02-05 00:00:00+00:00,0.14663028717041016,2.3090845469362185,,,0.2946036458015442,-3.5747837996974225,,,,,,,,,,,,,,,0.15150916576385498,0.030544545510268414,,,3,3
2015-02-05 06:00:00+00:00,,,0.510174036026001,-0.10183825552029441,0.2716568112373352,-0.45309127719643266,0.09989804029464722,0.42051637579752954,,,,,,,,,,,,,0.019771933555603027,-0.2622038827684092,,,4,4
2015-02-05 12:00:00+00:00,,,0.43231821060180664,-0.27936295048012844,0.24914896488189697,-47.92840071290964,0.16182440519332886,-0.07038628075165108,,,,,,,,,,,,,0.023312747478485107,0.17436109105516076,,,4,4
2015-02-05 18:00:00+00:00,,,,,0.22278177738189697,-1.3819447152952413,0.1948041319847107,-0.40022910863318056,,,,,,,,,,,,,0.14697206020355225,1.5224317951274549,,,3,3
2015-02-06 00:00:00+00:00,,,,,0.20567572116851807,-2.695186394093163,,,0.0071566104888916016,0.39108362948498737,,,,,,,,,,,0.09606778621673584,0.3145856633275946,,,3,3
2015-02-06 06:00:00+00:00,,,0.521036684513092,-0.3802163617079121,0.1307252049446106,-0.42816724476470785,,,0.10602867603302002,0.08115952612227578,,,,,,,,,,,0.18591177463531494,1.1477783601766376,,,4,4
2015-02-06 12:00:00+00:00,,,,,0.16400164365768433,-0.17992123156352738,,,0.30060893297195435,-0.20661390387069364,,,,,,,,,,,0.181441068649292,0.6290104299475681,,,3,3
2015-02-06 18:00:00+00:00,,,,,0.15665197372436523,0.448218421421081,,,0.2770955562591553,-0.6200468763469645,,,,,,,,,,,0.051314711570739746,0.3680335293541378,,,3,3
2015-02-07 00:00:00+00:00,,,,,0.042311251163482666,-0.20915187328441887,,,0.10867613554000854,-0.5842401482293682,,,,,0.19477665424346924,-1.0768685722390916,,,,,0.028795361518859863,0.4980353655534442,,,4,4
2015-02-07 06:00:00+00:00,,,,,0.16407358646392822,-6.695450314135185,,,0.08904486894607544,-3.252845804386799,,,,,0.1838604211807251,0.3474688953816619,,,,,0.13769620656967163,0.2068109767471905,,,6,6
2015-02-07 12:00:00+00:00,,,,,0.11452746391296387,-0.042598303022461335,,,0.198888897895813,-0.19130967124027554,,,,,,,,,,,0.24122142791748047,0.20979994945597577,,,4,4
2015-02-07 18:00:00+00:00,,,,,0.2456914782524109,0.06806975353821787,,,,,,,,,,,,,,,0.2548912763595581,0.012867076713373476,,,2,2
2015-02-08 00:00:00+00:00,,,,,0.038195252418518066,-0.11253797501536206,,,,,,,,,,,,,,,0.03483247756958008,-0.35263909828910467,,,2,2
2015-02-08 06:00:00+00:00,,,,,0.05933481454849243,-0.6248398556625938,,,0.49999213218688965,0.16993275010052586,,,,,,,,,,,,,0.22142815589904785,3.697484554827499,4,4
2015-02-08 12:00:00+00:00,,,,,0.014051079750061035,0.11563892715484694,,,0.07894450426101685,0.15551762086979534,,,0.4605512022972107,-4.029608067911352,,,,,,,,,0.30041229724884033,0.5150629031509906,5,5
2015-02-08 18:00:00+00:00,,,,,0.13274425268173218,-0.06896780571439351,,,0.16398340463638306,-0.09247490826595835,,,0.4507470726966858,-3.7738328969902337,,,,,,,,,0.020526528358459473,-0.08933317860313864,4,4
2015-02-09 00:00:00+00:00,,,,,0.11585354804992676,0.04133183165243498,,,,,,,0.46196943521499634,-4.100952833837814,,,,,,,,,0.04959559440612793,0.09684646872374351,3,3
2015-02-09 06:00:00+00:00,,,,,0.1176830530166626,-0.12549068618085682,,,,,,,,,0.4565685987472534,-2.801086334658037,,,,,,,0.3894360065460205,-0.06525411785488623,4,4
2015-02-09 12:00:00+00:00,,,,,0.04342395067214966,0.0034850439667546466,,,,,,,,,0.5934328436851501,-7.154953645656941,,,,,,,0.016407132148742676,-0.02076832043966713,4,3
2015-02-09 18:00:00+00:00,,,,,0.16569554805755615,-0.3226302538883018,,,,,,,,,0.3764190673828125,0.4753347575196655,,,,,,,0.0069997310638427734,0.14082714216157044,5,3
2015-02-10 00:00:00+00:00,0.3889113664627075,0.05288729257708415,,,0.009708166122436523,-0.09043936091854836,,,,,,,,,0.628093957901001,-10.189040237814003,,,,,,,,,3,3
2015-02-10 06:00:00+00:00,0.2162187099456787,-0.2338867444412366,,,,,,,,,,,,,0.5686030983924866,-9.865873545021564,,,,,,,,,2,2
2015-02-10 12:00:00+00:00,0.5870374739170074,-0.5278850681754098,,,,,,,,,,,,,0.5729271471500397,-11.30538747899446,,,,,,,,,2,2
2015-02-10 18:00:00+00:00,0.5665747821331024,-0.48562814914909314,,,,,,,,,,,,,0.4359487295150757,-7.257260652115002,,,,,,,,,2,2
2015-02-11 00:00:00+00:00,,,,,,,,,,,,,,,0.48687124252319336,-8.197275249452527,,,,,,,,,1,1
2015-02-11 06:00:00+00:00,0.13490277528762817,-0.2466689864434754,,,,,,,,,,,,,0.4814966320991516,-11.284503121880515,,,,,,,,,2,2
2015-02-11 12:00:00+00:00,0.20185589790344238,-0.38303938994529274,,,,,,,,,,,0.9625102281570435,1.7888055714827407,0.5242611765861511,-8.52632373531828,,,,,,,,,3,3
2015-02-11 18:00:00+00:00,0.13798534870147705,-0.3384257101938797,,,,,,,,,,,0.5370346307754517,0.725236866450125,0.5388695299625397,-11.804564952619854,,,,,,,,,3,3
2015-02-12 00:00:00+00:00,0.090853750705719,-0.7760262464379415,,,,,,,,,,,0.29177606105804443,0.25235898022128345,0.5224125683307648,-15.34134756189589,,,,,,,,,3,3
2015-02-12 06:00:00+00:00,0.19457393884658813,-0.35208785188000485,,,,,,,,,,,0.5753401517868042,1.4750130721050054,0.5209743678569794,-6.90952209561636,,,,,,,,,3,3
2015-02-12 12:00:00+00:00,0.05796456336975098,9.73879394999435,,,,,,,,,,,0.3486591577529907,2.873891248429794,0.5804585516452789,-14.366202442036732,,,,,,,,,3,3
2015-02-12 18:00:00+00:00,0.19179779291152954,-0.24973613067078768,,,,,,,,,,,0.5089460611343384,0.742288034348584,0.5692299604415894,-7.623644938686637,,,,,,,,,3,3
2015-02-13 00:00:00+00:00,0.039891064167022705,6.236880404122513,,,,,,,,,,,0.5496959686279297,1.015576308798383,0.5893521010875702,-18.750118904616667,,,,,,,,,3,3
2015-02-13 06:00:00+00:00,0.2721189260482788,-1.6586686360601421,,,,,,,,,,,0.408611536026001,1.2043287352531862,0.5445926189422607,-7.134284726321682,,,,,,,,,3,3
2015-02-13 12:00:00+00:00,0.2818436026573181,-2.9755503520967133,,,,,,,,,,,0.3322880268096924,0.5627692097045072,0.6608964502811432,-8.718231414940664,,,,,,,,,3,3
2015-02-13 18:00:00+00:00,0.1901574730873108,4.068187364696354,,,,,,,,,,,0.19311606884002686,-2.590423523991005,,,0.572631299495697,-8.243093713951744,,,,,,,3,3
2015-02-14 00:00:00+00:00,0.15055447816848755,5.360862436705425,,,,,,,,,,,0.29527294635772705,1.4134187742078705,,,0.5851905941963196,-9.545052869574809,,,,,,,3,3
2015-02-14 06:00:00+00:00,0.21265959739685059,-3.3688439591314143,,,,,,,,,,,0.1794663667678833,0.6415242370804174,,,0.5441342890262604,-4.743918035331615,,,,,,,3,3
2015-02-14 12:00:00+00:00,0.17001771926879883,-1.7804932391999586,,,,,,,,,,,0.24116778373718262,2.965702303417411,,,0.5328097939491272,-5.8502504258046075,,,,,,,3,3
2015-02-14 18:00:00+00:00,0.16732066869735718,4.51135404535143,,,,,,,,,,,0.2560774087905884,1.875198548089937,,,0.4861564636230469,-9.660024157794377,,,,,,,3,3
2015-02-15 00:00:00+00:00,0.2527958154678345,-4.513858129959608,,,,,,,,,,,0.29278767108917236,3.9968736897123907,,,0.5840325057506561,-4.673853874069231,,,,,,,4,4
2015-02-15 06:00:00+00:00,0.24134314060211182,-2.4588249729706844,,,,,,,,,,,0.14919209480285645,1.6607537613189243,0.3350822925567627,4.710192851466726,0.431244432926178,-4.38005102085546,,,,,,,4,4
2015-02-15 12:00:00+00:00,0.2686852812767029,-3.975060520151718,,,,,,,,,,,,,0.2737393379211426,3.4103785341839923,0.33088386058807373,-3.4857446059800337,,,,,,,3,3
2015-02-15 18:00:00+00:00,0.25112539529800415,-4.2897568881019685,,,,,,,,,,,,,0.38591432571411133,8.03553365601758,0.3242340087890625,-1.3419863402788605,0.16026043891906738,0.7691703041642265,,,,,4,4
2015-02-16 00:00:00+00:00,0.30736470222473145,-2.7046179159109665,,,,,,,,,,,,,0.34797894954681396,4.931040985834661,0.22830164432525635,-0.8216157294984743,,,,,,,3,3
2015-02-16 06:00:00+00:00,0.24861747026443481,-4.115814991567545,,,,,,,,,,,,,0.35150372982025146,4.9085230107975155,0.16326481103897095,-3.5463122054484515,,,,,,,3,3
2015-02-16 12:00:00+00:00,,,0.24173176288604736,-4.077842307728707,,,,,,,,,,,0.3604888916015625,5.86513861800354,0.358895480632782,-0.04481983110501016,0.05616354942321777,-0.25333496759561935,,,,,4,4
2015-02-16 18:00:00+00:00,,,0.2319185733795166,-2.7506807056960745,,,,,,,,,,,0.334728479385376,8.729514839862698,0.021179676055908203,-0.053163512076570926,0.38901615142822266,-0.24499336736365496,,,,,4,4
2015-02-17 00:00:00+00:00,,,0.22873705625534058,-3.2755003392286404,,,,,,,,,,,0.38317131996154785,8.691129936063964,0.41929399967193604,0.42437928253080215,,,,,,,5,4
2015-02-17 06:00:00+00:00,,,0.23569560050964355,-9.579867079501675,,,,,,,,,,,0.36578989028930664,5.708813274281121,0.17272090911865234,0.06914541600713407,0.3815508484840393,0.045900451365151945,0.17855262756347656,0.18207395944546564,,,5,5
2015-02-17 12:00:00+00:00,,,0.24712127447128296,-8.89875074448002,,,,,,,,,,,0.33115720748901367,3.2979151924115753,,,0.17800593376159668,0.25618987846157326,0.06573283672332764,0.09894360000209901,,,4,4
2015-02-17 18:00:00+00:00,,,0.19831210374832153,-1.4943775537519024,,,,,,,,,,,0.36359596252441406,4.934069444110593,,,0.10138928890228271,-0.5295938893148942,0.11600053310394287,-0.010630988466243855,,,4,4
2015-02-18 00:00:00+00:00,,,0.17914271354675293,-2.965367062917308,,,,,,,,,,,0.3235872983932495,9.802011230906444,,,,,,,,,3,2
2015-02-18 06:00:00+00:00,,,0.202519953250885,-5.375035887357926,,,,,,,,,,,0.3194587230682373,5.386430273789427,,,0.19132262468338013,-0.2635035649219109,,,,,3,3
2015-02-18 12:00:00+00:00,,,0.17797821760177612,-4.978993714471875,,,,,,,,,,,0.3740715980529785,8.892448049406593,,,0.7917353212833405,0.38000422079841406,,,,,3,3
2015-02-18 18:00:00+00:00,,,0.23050695657730103,-25.937889943602805,,,,,,,,,,,0.2969604730606079,3.4151024359155397,,,0.35586655139923096,0.7350025928727913,,,,,3,3
2015-02-19 00:00:00+00:00,,,0.13937246799468994,-6.927823223269861,,,,,,,,,,,,,,,0.16722267866134644,-0.31420537423369427,,,0.22741472721099854,2.0436148381795367,3,3
2015-02-19 06:00:00+00:00,,,0.16951870918273926,-4.3404503715307055,,,0.5263957977294922,-0.34475363764394473,,,,,,,,,,,,,0.19209527969360352,-0.010963535253436671,0.169394850730896,3.5603438789191064,4,4
2015-02-19 12:00:00+00:00,,,0.21571427583694458,-3.556827345040833,,,,,0.5944675207138062,7.146601309144387,,,,,,,,,,,0.10547685623168945,0.607217672514343,0.1626654863357544,3.028919787485048,4,4
2015-02-19 18:00:00+00:00,,,0.18462765216827393,-2.166015912103443,,,,,0.4054480791091919,4.637316925950163,,,,,,,,,,,0.09435915946960449,0.3440606013493835,0.1324622631072998,2.338547878486849,5,5
2015-02-20 00:00:00+00:00,,,0.16336590051651,-1.5553615781331114,,,,,0.5758898258209229,7.537030912263247,,,,,,,,,,,0.41296911239624023,-0.1826973296549892,0.2589607238769531,1.8542073094243892,4,4
2015-02-20 06:00:00+00:00,,,0.15788429975509644,-1.4913800185860253,,,,,0.43894028663635254,3.4455171320251137,,,,,,,,,,,0.37473416328430176,0.7363434943321966,0.11394846439361572,0.7948526642227582,5,5
2015-02-20 12:00:00+00:00,,,0.20887744426727295,-39.03007180172989,,,,,0.561028003692627,4.736170884738646,,,,,,,0.21268272399902344,3.0857180997488958,,,0.3252263069152832,-0.5208110694626187,,,5,5
2015-02-20 18:00:00+00:00,,,0.18758940696716309,-2.8208814176754076,,,,,0.5099630355834961,5.284895180875746,,,,,,,0.1862468719482422,0.044224120569291835,,,,,,,3,3
2015-02-21 00:00:00+00:00,,,0.1158066987991333,-2.052405664083194,,,,,0.4998493194580078,7.294182234936684,,,,,,,0.20464611053466797,0.35434977967161324,,,,,,,3,3
2015-02-21 06:00:00+00:00,,,0.13173562288284302,-3.055132485722035,,,,,0.5342873334884644,9.897797805464283,,,,,,,0.06741130352020264,0.3767421302070551,,,,,,,5,4
2015-02-21 12:00:00+00:00,,,0.10862195491790771,-0.7978933553791141,0.7537466138601303,0.4867060082280456,,,0.4402000904083252,7.344498619217385,,,,,,,0.10410511493682861,0.34178527371525785,,,,,,,4,4
2015-02-21 18:00:00+00:00,,,0.12274634838104248,-0.557605521129532,,,,,0.6177370548248291,7.894113949737602,,,,,,,,,,,,,,,3,2
2015-02-22 00:00:00+00:00,0.021103382110595703,-0.38474550926827183,,,0.16251051425933838,-0.8896155815868816,,,0.6925182342529297,5.607480892579211,,,,,,,,,,,,,,,3,3
2015-02-22 06:00:00+00:00,0.1686806082725525,-1.0216449355559583,,,0.15480893850326538,-0.442694303276946,,,0.7378945350646973,7.121426521666623,,,,,,,,,,,,,,,3,3
2015-02-22 12:00:00+00:00,0.17916637659072876,-4.510019300302332,,,0.033110857009887695,0.21683464302154462,,,0.7030324935913086,7.460107240692275,,,,,,,,,,,,,,,4,4
2015-02-22 18:00:00+00:00,0.11984044313430786,-0.1392946737699495,,,0.14870858192443848,0.12036062413653033,,,0.6397854089736938,6.986987319393933,,,,,,,,,,,,,,,4,4
2015-02-23 00:00:00+00:00,0.1948775053024292,-2.9577561487143282,,,0.025054454803466797,-0.5025110292229353,,,0.7467890977859497,7.517890059122101,,,,,,,,,,,,,,,4,4
2015-02-23 06:00:00+00:00,0.2774943709373474,-34.91190499207999,,,0.06147104501724243,0.0765195093727323,,,0.3466196060180664,1.7180726403469617,,,,,,,,,,,,,,,4,3
2015-02-23 12:00:00+00:00,0.25769972801208496,-29.774057652832624,,,0.1532447338104248,0.09910560087412705,,,0.05388760566711426,1.1682150946959047,,,,,,,,,,,,,,,3,3
2015-02-23 18:00:00+00:00,0.23670607805252075,-3.2177709746601115,,,0.14282524585723877,-0.3949591330090705,,,,,,,,,,,,,,,,,,,4,3
2015-02-24 00:00:00+00:00,0.3275262117385864,-29.834913759682863,,,0.4215289354324341,0.3369801715200511,,,,,,,,,,,,,,,,,,,3,3
2015-02-24 06:00:00+00:00,0.2880100607872009,-1.9697614793871483,,,0.4142594337463379,-0.3240415578711998,,,,,,,,,,,,,,,,,,,3,2
2015-02-24 12:00:00+00:00,0.32523220777511597,-29.596548139439818,,,,,,,,,,,,,,,,,,,,,,,1,1
2015-02-24 18:00:00+00:00,0.3099542260169983,-4.022123074080694,,,,,,,,,,,,,,,,,,,,,,,1,1
2015-02-25 00:00:00+00:00,0.3695850372314453,-15.682056077960539,,,,,,,,,,,,,,,,,,,,,,,1,1
2015-02-25 06:00:00+00:00,0.35991621017456055,-6.000607875020066,,,,,,,,,,,,,,,,,,,,,,,1,1
2015-02-25 12:00:00+00:00,0.3245270252227783,-5.1778749232601164,,,,,,,,,,,,,,,,,,,,,,,1,1
2015-02-25 18:00:00+00:00,0.37379252910614014,-3.7361448905909356,,,,,,,,,,,,,,,,,,,,,,,1,1
2015-02-26 00:00:00+00:00,,,0.37602943181991577,-7.7409990904989305,,,,,,,,,,,,,,,,,,,,,1,1
2015-02-26 06:00:00+00:00,,,0.3926510810852051,-6.104660087512186,,,,,,,,,,,,,,,,,,,,,1,1
2015-02-26 12:00:00+00:00,,,0.40354710817337036,-6.657634685476809,,,,,,,,,,,,,,,,,,,,,1,1
2015-02-26 18:00:00+00:00,,,0.42429763078689575,-6.307232433855647,,,,,,,,,,,,,,,,,,,,,1,1
2015-02-27 00:00:00+00:00,,,0.4237458109855652,-9.73601504457416,,,,,,,,,,,,,,,,,,,,,1,1
2015-02-27 06:00:00+00:00,,,0.39980167150497437,-7.193041408911249,,,,,,,,,,,,,,,,,,,,,1,1
2015-02-27 12:00:00+00:00,,,0.41297322511672974,-14.879136078748665,,,,,,,,,,,,,,,,,,,,,1,1
2015-02-27 18:00:00+00:00,,,0.34652674198150635,-5.656755932702909,,,,,,,,,,,,,,,,,,,,,1,1
2015-02-28 00:00:00+00:00,,,0.35609185695648193,-11.054896645910459,,,,,,,,,,,,,,,,,,,,,1,1
2015-02-28 06:00:00+00:00,,,0.3624177575111389,-7.034160487443807,,,,,,,,,,,,,,,,,,,,,1,1
2015-02-28 12:00:00+00:00,,,0.36682236194610596,-11.165350829556415,,,,,,,,,,,,,,,,,,,,,1,1
2015-02-28 18:00:00+00:00,,,0.3693316578865051,-10.934606681541151,,,0.35300350189208984,1.305375069125493,,,,,,,,,,,,,,,,,2,2
2015-03-01 00:00:00+00:00,,,0.3987213373184204,-10.951181850991473,,,0.5564396381378174,3.75895018539987,,,,,,,,,,,,,,,,,2,2
2015-03-01 06:00:00+00:00,,,0.36749690771102905,-8.793013593847926,,,0.5058950185775757,3.7088174528815894,,,,,0.08726143836975098,-0.16702485735035438,,,,,,,,,,,3,3
2015-03-01 12:00:00+00:00,,,0.37077754735946655,-9.052679160238561,,,0.6721987724304199,4.138000739346325,,,,,0.14326071739196777,1.3695589275624342,,,,,,,,,,,3,3
2015-03-01 18:00:00+00:00,0.16539043188095093,-0.6897823315429711,0.3883364200592041,-7.568614305012141,,,,,0.5902485847473145,6.358947549958136,,,0.05406296253204346,-0.007602577724758891,,,,,,,,,,,4,4
2015-03-02 00:00:00+00:00,,,0.3792204260826111,-6.389834808827264,,,,,0.5267432928085327,3.3775510463122775,,,0.24316656589508057,4.208852052442786,,,,,,,,,,,3,3
2015-03-02 06:00:00+00:00,,,0.3699490427970886,-8.022758253324023,,,,,0.5273615121841431,5.278724688523533,,,0.0021973848342895508,-0.5450492513452524,,,,,,,,,,,3,3
2015-03-02 12:00:00+00:00,,,0.39857006072998047,-21.666236315277956,,,,,0.6559745073318481,6.069776807259509,,,0.302109956741333,5.029406950208342,,,,,,,,,,,3,3
2015-03-02 18:00:00+00:00,,,0.32869625091552734,-8.10931774771674,,,,,0.5752992630004883,5.8751853084180485,,,0.35045087337493896,4.984483696394702,,,,,,,,,,,3,3
2015-03-03 00:00:00+00:00,,,0.3468220829963684,-25.20429876105331,,,,,0.5604619979858398,9.137318148932096,,,0.3757150173187256,4.319742375647598,,,,,,,,,,,3,3
2015-03-03 06:00:00+00:00,,,0.35634762048721313,-18.69494111570068,,,,,0.6167244911193848,4.959620458023519,,,0.37150144577026367,5.15486190736425,,,,,,,,,,,3,3
2015-03-03 12:00:00+00:00,,,0.28337037563323975,-24.52866024212133,,,,,0.434398889541626,2.7430963615352493,,,0.17863190174102783,1.4675939369588542,,,,,,,,,,,3,3
2015-03-03 18:00:00+00:00,,,,,0.2791210412979126,-16.37926695247257,,,,,,,,,0.20515012741088867,5.477424992478176,,,,,,,,,3,3
2015-03-04 00:00:00+00:00,,,,,0.28174692392349243,-27.62509035379473,,,,,,,,,0.1896202564239502,4.223584875642838,,,,,,,,,3,3
2015-03-04 06:00:00+00:00,,,,,0.23260843753814697,-5.7618948016703975,,,,,,,,,0.17256426811218262,1.9458403111333378,,,,,,,,,3,3
2015-03-04 12:00:00+00:00,,,,,0.20420050621032715,-5.671650649760244,,,,,,,,,0.1752868890762329,4.502296786260577,,,,,,,,,3,3
2015-03-04 18:00:00+00:00,,,,,0.26363247632980347,-25.385625351409267,,,,,,,,,0.23043549060821533,2.6818679330878865,,,0.2155279517173767,-0.3876978433149383,,,,,4,4
2015-03-05 00:00:00+00:00,0.5121873617172241,0.26776999630875126,,,0.258897066116333,-4.062007170941574,,,,,,,0.405073881149292,-1.6747642157759153,0.15982329845428467,3.648904652169866,,,0.25551295280456543,-0.4545122735036486,,,,,7,7
2015-03-05 06:00:00+00:00,0.3382866382598877,-0.17680024440568948,,,0.2243914008140564,-36.186352172037836,,,,,,,0.4382866621017456,-0.5735995320395194,0.16321802139282227,-4.096200292082387,,,,,,,,,6,6
2015-03-05 12:00:00+00:00,,,,,0.19047075510025024,-1.145987502943515,,,,,,,0.02093261480331421,0.864034895636617,0.6889324188232422,8.833689579265986,,,,,0.21028077602386475,2.351376728938535,,,4,4
2015-03-05 18:00:00+00:00,,,,,0.17428839206695557,-3.925227812845923,,,,,,,0.19889020919799805,-4.894941058711313,0.2852853536605835,6.246513892221524,,,0.2812911868095398,-0.1589985649017997,0.44424259662628174,0.44693984752481725,,,7,7
2015-03-06 00:00:00+00:00,,,,,0.16567206382751465,-1.5955181342715439,,,,,,,0.3822024464607239,-1.9980662700027223,0.27099335193634033,7.058900823191836,,,0.04300856590270996,0.18740387368607492,,,,,5,5
2015-03-06 06:00:00+00:00,,,,,0.18736237287521362,-9.051369434955648,,,,,,,0.5344632267951965,-4.5261003352579126,,,,,0.1769503355026245,1.0583024493810782,0.17699790000915527,2.182084101027245,,,5,4
2015-03-06 12:00:00+00:00,,,,,0.19394224882125854,-40.85599130474749,,,,,,,0.43822556734085083,-5.108723448661732,0.2480381727218628,5.803450992133093,0.34655869007110596,4.283543098703714,0.5711610317230225,-0.7058286616497019,0.08536231517791748,-0.16953211283839137,,,6,6
2015-03-06 18:00:00+00:00,,,,,0.2125644087791443,-37.3595344349977,,,,,,,0.39620864391326904,-4.603369916222562,0.34360599517822266,6.9093185268510915,0.33858931064605713,3.3117447920012597,,,0.08672070503234863,-0.4660065970912296,,,7,5
2015-03-07 00:00:00+00:00,,,,,0.19064807891845703,-0.74716418137631,,,,,,,0.3502609133720398,-6.5190889291568785,0.22616207599639893,3.922244774719343,0.22375166416168213,3.2276788780021906,,,0.05848884582519531,-0.26557768539015625,,,5,5
2015-03-07 06:00:00+00:00,,,,,0.1632748246192932,-0.5459557505132472,,,,,,,0.3980497121810913,-4.009846133660855,0.259518027305603,2.72933321195693,0.034587740898132324,0.47989924455606164,,,0.2082761526107788,0.6304116319177165,0.24468731880187988,-0.23600378598237928,8,8
2015-03-07 12:00:00+00:00,,,,,0.1434984803199768,-11.176643492968777,,,,,,,0.4758746027946472,-5.35432935031491,,,0.3965235948562622,11.577993157359858,,,0.1583794355392456,2.674541559269556,,,4,4
2015-03-07 18:00:00+00:00,,,,,0.10831594467163086,-9.42846543247479,,,,,,,0.5196870565414429,-6.831870765854555,,,0.33673298358917236,3.0067955607509123,,,0.24174857139587402,0.6947746293280004,,,4,4
2015-03-08 00:00:00+00:00,,,,,0.12253212928771973,-12.510011272658595,,,,,,,,,0.46703410148620605,-7.513848088693296,0.2637256383895874,2.7158287064145017,,,,,0.15035104751586914,1.02913776182537,4,4
2015-03-08 06:00:00+00:00,,,,,0.008989214897155762,0.0742927327379144,,,,,,,,,0.4636651873588562,-6.7821632184364224,0.3238792419433594,1.816572505044766,,,0.05862712860107422,0.19127903169867916,0.14469444751739502,0.7696286298189307,8,8
2015-03-08 12:00:00+00:00,,,,,0.09796726703643799,-0.2605041974544418,,,,,,,,,0.5264232456684113,-10.294374287852888,0.2202625274658203,3.6420587434634335,,,0.3849741816520691,-0.2091313904739094,0.009636402130126953,-0.14799431635824484,7,7
2015-03-08 18:00:00+00:00,,,0.23782753944396973,-27.167240062093313,,,,,,,,,,,0.5397592186927795,-8.387678782347553,0.2539253234863281,1.0823906380588488,,,,,0.1692371368408203,-0.07628079358825408,6,5
2015-03-09 00:00:00+00:00,0.17109161615371704,-0.4111377801614649,,,0.01288902759552002,-0.41660812820057014,,,,,,,,,0.6651400625705719,-7.154134604996802,0.07758593559265137,0.029373591295262746,,,,,0.4986591935157776,-0.7644644221933454,7,7
2015-03-09 06:00:00+00:00,0.04053264856338501,-0.3074383694670453,,,0.019351303577423096,-0.12774329571878346,,,,,,,,,0.4969494938850403,-4.445095000488524,0.42985713481903076,0.6368142368254858,,,,,0.4709291458129883,-0.6791573224401121,8,8
2015-03-09 12:00:00+00:00,0.0765720009803772,-1.1253647830648479,,,0.1857386827468872,0.03381077390975371,,,,,,,,,0.5979950726032257,-8.365322395822181,0.1742086410522461,-0.023323899839020452,,,0.25684070587158203,-0.4661272503378629,,,9,9
2015-03-09 18:00:00+00:00,0.28184133768081665,-4.643013599006882,,,0.40144455432891846,-0.08155910615588707,,,,,,,,,0.5270818471908569,-9.044833947729236,,,,,,,,,7,4
2015-03-10 00:00:00+00:00,,,,,,,,,,,,,,,0.4757421016693115,-3.377481931482853,,,,,,,,,1,1
2015-03-10 06:00:00+00:00,0.05920189619064331,0.04887930590597929,,,0.18278414011001587,-0.12487033671982255,,,,,,,,,0.4365895986557007,-6.2266727551724985,,,,,,,,,4,4
2015-03-10 12:00:00+00:00,0.14921706914901733,-1.143410273035142,,,0.04124873876571655,-2.322578212958212,,,,,,,,,0.5471175909042358,-11.050334181138524,0.5997636318206787,-0.2944041047772164,,,,,,,5,5
2015-03-10 18:00:00+00:00,0.3056443929672241,-0.24602031157819226,0.4087873101234436,-3.3235856821858643,0.15054255723953247,-0.2525416122699466,,,,,,,,,0.5336987674236298,-7.78636558679855,0.4613550901412964,0.3074793231156523,,,,,,,7,6
2015-03-11 00:00:00+00:00,,,0.23504245281219482,0.5336805541665186,0.03783273696899414,0.1627818900792455,,,,,,,,,0.5948836505413055,-7.656174939047251,,,,,,,,,3,3
2015-03-11 06:00:00+00:00,,,0.23944634199142456,0.47655311333190925,0.18742883205413818,0.38559082289469604,,,,,,,,,0.5405798852443695,-6.45367862911012,,,,,,,,,6,6
2015-03-11 12:00:00+00:00,,,,,0.22740864753723145,0.2807458054125219,,,,,,,0.1551722288131714,1.0051480083278401,0.5260823667049408,-5.523540294571044,,,,,,,,,3,3
2015-03-11 18:00:00+00:00,,,0.2025996446609497,-0.5848848598578118,0.007849514484405518,0.4494303689271513,,,,,,,0.2779785394668579,2.4625932254620717,0.494407594203949,-8.179141344783035,,,,,,,,,5,5
2015-03-12 00:00:00+00:00,,,0.2520983815193176,-0.6726426250347852,0.13296961784362793,0.35922970403046406,,,0.2896893620491028,-10.479125915827355,,,0.01842784881591797,0.4969861777748438,,,,,,,,,,,6,5
2015-03-12 06:00:00+00:00,,,0.2585477828979492,-1.3388008479310858,0.37094730138778687,-9.12262390468117,,,,,0.38481539487838745,-7.2761024110213475,0.09283101558685303,-0.19499567245390498,,,,,,,,,,,6,6
2015-03-12 12:00:00+00:00,,,,,,,,,,,,,,,,,,,,,,,,,1,0
2015-03-12 18:00:00+00:00,0.28411924839019775,-40.00195558357884,,,0.12813395261764526,-0.8172011744318692,,,,,0.3242708444595337,-1.8085097319985675,0.3097749948501587,5.779112802150656,,,,,,,,,,,5,5
2015-03-13 00:00:00+00:00,0.18910807371139526,-1.398239668950227,,,0.04399299621582031,0.2056061479002969,,,,,0.3692481517791748,-4.492356224833009,0.328718900680542,9.432488744965395,,,,,,,,,,,5,4
2015-03-13 06:00:00+00:00,0.28382766246795654,-2.0030938525224937,0.09165775775909424,0.16447759648626034,,,,,,,,,0.3657296895980835,4.583365656208049,,,,,,,,,,,4,3
2015-03-13 12:00:00+00:00,0.320581316947937,-35.709090715677455,,,,,,,,,0.1697501540184021,-1.1773607168220563,0.36619412899017334,4.44223153201267,,,,,,,,,,,3,3
2015-03-13 18:00:00+00:00,0.19334065914154053,46.68340086153222,,,,,,,,,0.521010160446167,-0.835071384521937,0.3165367841720581,4.749369447996011,,,,,,,,,,,3,3
2015-03-14 00:00:00+00:00,0.25928372144699097,-44.11834952583751,,,,,,,,,0.188429594039917,0.2744275051111543,0.2914605140686035,5.856709993808038,,,,,,,,,,,4,4
2015-03-14 06:00:00+00:00,0.18582046031951904,-4.0762068651545516,,,,,,,,,0.0672602653503418,-0.5085720250982199,0.32772862911224365,4.266883817119206,,,,,,,,,,,3,3
2015-03-14 12:00:00+00:00,,,0.18402248620986938,-2.473398518339132,,,,,,,,,,,0.342315673828125,5.317480663636194,,,,,,,,,2,2
2015-03-14 18:00:00+00:00,,,0.24870502948760986,-42.81782880522262,,,,,,,,,,,0.38750767707824707,5.535721338630519,,,,,,,,,2,2
2015-03-15 00:00:00+00:00,,,0.2656189799308777,-3.8070268546583423,,,,,,,,,,,0.393154501914978,5.9312905363543145,,,,,,,,,2,2
2015-03-15 06:00:00+00:00,,,0.22056251764297485,-3.5811553358255623,,,,,,,,,,,0.391956090927124,7.253364687913585,,,,,,,,,2,2
2015-03-15 12:00:00+00:00,,,0.1655646562576294,48.08417191959127,,,,,,,,,,,0.3981635570526123,10.613898745926937,,,,,,,,,2,2
2015-03-15 18:00:00+00:00,,,0.261651873588562,-4.4354755855300745,,,,,,,,,,,0.3500787019729614,4.0664350626336025,,,,,,,,,2,2
2015-03-16 00:00:00+00:00,,,0.2509448528289795,-4.988797673130306,,,,,,,,,,,0.34779393672943115,8.82430556372223,,,,,,,,,2,2
2015-03-16 06:00:00+00:00,,,0.2368772029876709,-3.1990439993043713,,,,,,,,,,,0.31127989292144775,6.243982490896573,,,,,,,,,2,2
2015-03-16 12:00:00+00:00,,,0.23527038097381592,-4.885953426333311,,,,,,,,,,,0.4128234386444092,7.093677954039104,,,,,,,,,2,2
2015-03-16 18:00:00+00:00,,,0.2544515132904053,-4.254800469076295,,,,,,,,,,,0.42813074588775635,8.794139654251095,,,,,,,,,2,2
2015-03-17 00:00:00+00:00,,,0.2940635085105896,-5.264715353504194,,,,,,,,,,,0.3616138696670532,4.351165761931637,,,,,,,,,2,2
2015-03-17 06:00:00+00:00,,,0.2521846890449524,-5.203787161879561,,,,,,,,,,,0.3094968795776367,3.320299312236295,,,,,,,,,2,2
2015-03-17 12:00:00+00:00,,,0.3198065161705017,-5.6006609999223,,,,,,,,,,,0.342923641204834,11.137177434730965,,,,,,,,,2,2
2015-03-17 18:00:00+00:00,,,0.2938607931137085,-3.5564840006008023,,,,,,,,,,,0.33690834045410156,7.119375868193896,,,,,,,,,2,2
2015-03-18 00:00:00+00:00,,,0.2288697361946106,-3.477990850610197,,,,,,,,,,,,,0.28511154651641846,0.8272691884976928,,,0.1986370086669922,3.1857428827487806,,,3,3
2015-03-18 06:00:00+00:00,,,0.2365351915359497,-3.9511534714319994,,,,,,,,,,,,,0.2979925870895386,2.119139971077513,,,0.15365421772003174,7.388529373972021,,,4,4
2015-03-18 12:00:00+00:00,,,0.2563055753707886,-3.363984044365817,,,,,,,,,,,0.5113098621368408,6.4977427473719525,0.39579153060913086,2.6188213896119117,,,0.13476347923278809,3.422817343765141,,,5,5
2015-03-18 18:00:00+00:00,,,0.187755286693573,-2.6654763456187722,,,,,,,,,,,,,0.4660249948501587,1.536425969575033,,,0.05138885974884033,0.6042062377468617,,,4,3
2015-03-19 00:00:00+00:00,,,0.23202770948410034,-6.268558276552166,,,0.7086032629013062,5.779972812335968,0.5635913610458374,1.5218877671332662,,,,,,,0.16766202449798584,-0.3717109298293378,,,0.1092904806137085,0.15619160563053303,,,6,6
2015-03-19 06:00:00+00:00,,,0.23147445917129517,-7.236963890853767,,,,,0.7587554454803467,4.584424355095363,,,,,,,0.3751949071884155,1.5847108047035756,,,0.12793374061584473,0.8687972421019791,,,6,6
2015-03-19 12:00:00+00:00,,,0.228884756565094,-3.7503764872692735,,,,,0.67195725440979,5.579841706933897,,,,,,,0.5241687297821045,-0.3933182774113635,,,0.06797957420349121,0.5616683590309192,,,6,6
2015-03-19 18:00:00+00:00,,,0.21626174449920654,-4.1475765270513305,,,,,0.6198674440383911,4.566025776447418,,,,,,,0.36855876445770264,-0.017924851715961074,,,0.1482546329498291,2.886486552003572,,,5,5
2015-03-20 00:00:00+00:00,,,0.2252286672592163,-2.6817116878361555,,,,,0.6970340013504028,5.828720304660454,0.24172770977020264,-0.6229487839656154,,,,,0.21004128456115723,1.6847677845278202,,,0.05025434494018555,2.446950831630339,,,6,6
2015-03-20 06:00:00+00:00,,,0.20412027835845947,-7.196447904393253,,,,,0.7394872903823853,3.8252952340705693,,,,,,,,,,,0.381239116191864,-0.10247719241270446,0.052983880043029785,-11.755540585869255,6,6
2015-03-20 12:00:00+00:00,,,0.21429479122161865,-34.77603665413351,,,,,0.5103635787963867,4.563108056870331,0.19081991910934448,-2.220773797114495,,,,,,,,,0.5824744701385498,-0.23007934653374745,0.26097607612609863,2.1098460424488907,8,7
2015-03-20 18:00:00+00:00,,,0.210243821144104,-2.4000305357739875,,,,,0.5406867265701294,7.735377238696809,0.47381895780563354,-5.121766897306473,,,,,,,,,,,0.11589682102203369,2.4130155500722603,6,6
2015-03-21 00:00:00+00:00,,,0.17811304330825806,-1.96217901595972,,,,,0.4875483512878418,3.00506776960386,0.21181154251098633,-1.2136423907416098,,,,,,,,,,,0.1286388635635376,-0.044334010048989875,6,6
2015-03-21 06:00:00+00:00,,,0.20759904384613037,-2.8690446234844256,,,,,0.6825720071792603,9.689869225206005,0.22069185972213745,-0.4538841551318044,,,,,,,,,,,0.1748824119567871,0.8194492327334028,6,6
2015-03-21 12:00:00+00:00,,,0.17685449123382568,-1.25084339634283,0.34858620166778564,-0.6539301435818329,,,0.6356133222579956,7.38525664217108,0.10962903499603271,-0.4672190143563657,,,,,,,,,,,0.1979222297668457,1.6034160924666034,8,8
2015-03-21 18:00:00+00:00,,,0.1863759160041809,-2.3561756717699587,,,,,0.6528539657592773,8.31132571184546,0.05556517839431763,0.27221265460318844,,,,,,,,,,,0.29651665687561035,0.7007826023706947,7,7
2015-03-22 00:00:00+00:00,,,0.21580052375793457,-2.4573914187170334,0.04335951805114746,0.5192797999605004,,,0.6653813123703003,11.164342709214255,0.004784047603607178,-0.08219921052509283,,,,,,,,,,,0.09805154800415039,-0.36752350319755656,7,7
2015-03-22 06:00:00+00:00,,,0.23623228073120117,-6.392211339652128,,,,,0.6711999177932739,8.698537928792268,,,,,,,,,,,,,0.008754551410675049,1.2949279392591178,5,4
2015-03-22 12:00:00+00:00,,,0.21668630838394165,-6.326312680579074,,,,,0.5532733201980591,5.1046228821405375,,,,,,,,,,,,,0.2725292444229126,-0.34916881548232864,4,4
2015-03-22 18:00:00+00:00,,,0.16085284948349,-1.200693671606239,,,,,0.6953732967376709,8.948408011077534,,,,,,,,,,,,,0.29805850982666016,-0.7913664299612214,6,4
2015-03-23 00:00:00+00:00,,,0.20596414804458618,-1.3194190595149875,,,,,0.44863343238830566,1.8195630344983298,,,,,,,,,,,,,,,3,3
2015-03-23 06:00:00+00:00,,,0.2665834426879883,-1.9023523960174407,,,,,0.6912015676498413,6.552079154324918,,,,,,,,,,,,,,,4,3
2015-03-23 12:00:00+00:00,,,0.23463541269302368,-2.373376411564117,,,,,,,0.05952143669128418,-2.0258743717802736,,,,,,,,,,,,,4,2
2015-03-23 18:00:00+00:00,,,0.24285393953323364,-2.3095783219297203,,,,,,,,,,,,,,,,,,,,,1,1
2015-03-24 00:00:00+00:00,0.21688294410705566,-2.063748477661676,,,,,,,,,,,,,,,,,,,,,,,1,1
2015-03-24 06:00:00+00:00,0.2573654055595398,-2.9988989080595503,,,,,,,,,,,,,,,,,,,,,,,1,1
2015-03-24 12:00:00+00:00,0.25242388248443604,-3.906392008698153,,,,,,,,,,,,,,,,,,,,,,,1,1
2015-03-24 18:00:00+00:00,0.3013092875480652,-3.7886671712280697,,,,,,,,,,,,,,,,,,,,,,,1,1
2015-03-25 00:00:00+00:00,0.3114149570465088,-5.30475190301702,,,,,,,,,,,,,,,,,,,,,,,1,1
2015-03-25 06:00:00+00:00,0.2631257176399231,-3.193304126808976,,,,,,,,,,,,,,,,,,,,,,,1,1
2015-03-25 12:00:00+00:00,0.3534793257713318,-5.314566540476427,,,,,,,,,,,,,,,,,,,,,,,1,1
2015-03-25 18:00:00+00:00,,,0.3270720839500427,-7.9557842093565165,,,,,,,,,,,,,,,,,,,,,1,1
2015-03-26 00:00:00+00:00,,,0.29677850008010864,-4.77162773454169,,,,,,,,,,,,,,,,,,,,,1,1
2015-03-26 06:00:00+00:00,,,0.24524283409118652,48.645332007178666,,,,,,,,,,,,,,,,,,,,,1,1
2015-03-26 12:00:00+00:00,,,0.2712494730949402,-6.138012297105605,,,,,,,,,,,,,,,,,,,,,1,1
2015-03-26 18:00:00+00:00,,,0.3299488425254822,-6.57657753722768,,,,,,,,,,,,,,,,,,,,,1,1
2015-03-27 00:00:00+00:00,,,0.31501656770706177,-9.368919788013716,,,,,,,,,,,,,,,,,,,,,1,1
2015-03-27 06:00:00+00:00,,,0.31040215492248535,-5.309925871369819,,,,,,,,,,,,,,,,,,,,,1,1
2015-03-27 12:00:00+00:00,,,0.23686718940734863,51.42430646064221,,,,,,,,,,,,,,,,,,,,,1,1
2015-03-27 18:00:00+00:00,,,0.2990491986274719,-4.75069781186432,,,,,,,,,0.7408570051193237,1.8421387152365203,,,,,,,,,,,2,2
2015-03-28 00:00:00+00:00,,,0.2560848593711853,51.50034695232258,,,,,,,,,0.33228814601898193,0.8916972225725421,,,,,,,,,,,2,2
2015-03-28 06:00:00+00:00,,,0.3159674406051636,-6.840855243229017,,,,,,,,,0.40300893783569336,0.31114696683634097,,,,,,,,,,,2,2
2015-03-28 12:00:00+00:00,,,0.34178751707077026,-7.79976569546322,,,,,,,,,0.043473005294799805,1.131628116203889,,,,,,,,,,,2,2
2015-03-28 18:00:00+00:00,,,0.2696968913078308,46.06410435137471,,,,,,,,,0.18979156017303467,0.2589878671595432,,,,,,,,,,,2,2
2015-03-29 00:00:00+00:00,,,0.3357385993003845,-12.618566707142516,,,,,,,,,0.2162625789642334,0.7632966953153761,,,,,,,,,,,2,2
2015-03-29 06:00:00+00:00,,,0.2966722846031189,15.37237007080819,,,,,,,,,0.14244306087493896,0.8015759155122175,,,,,,,,,,,2,2
2015-03-29 12:00:00+00:00,,,0.32401472330093384,-7.384041864589446,,,,,0.4251290559768677,0.5035955391276292,,,0.2540491819381714,5.787397919309079,,,,,,,,,,,3,3
2015-03-29 18:00:00+00:00,,,0.3042028546333313,-5.68466201638251,,,,,0.5536230802536011,7.364749913482775,,,0.3781454563140869,1.0757200104120312,,,,,,,,,,,3,3
2015-03-30 00:00:00+00:00,,,0.31675630807876587,-10.061147502778592,,,,,0.6815319061279297,6.200079588454106,,,0.3348827362060547,2.8915650702955915,,,,,,,,,,,3,3
2015-03-30 06:00:00+00:00,,,0.2961350083351135,-5.695573847957713,,,,,0.7129586935043335,7.081531695711598,,,0.4557913541793823,6.022796117493811,,,,,,,,,,,3,3
2015-03-30 12:00:00+00:00,,,0.2763134837150574,16.631543276354318,,,,,0.7729816436767578,7.432548363036437,,,,,0.5542610883712769,5.80986048372404,,,,,,,,,3,3
2015-03-30 18:00:00+00:00,,,0.28659743070602417,-4.774791994043008,,,,,0.6993734836578369,6.3990093836146595,,,,,0.5537031888961792,5.575480458082979,,,,,,,,,3,3
2015-03-31 00:00:00+00:00,,,0.21778202056884766,25.870886384580334,,,,,0.7336746454238892,9.253187678842824,,,,,0.5666792392730713,7.5051274149478955,,,,,,,,,3,3
2015-03-31 06:00:00+00:00,,,0.25735169649124146,-6.208965123455949,,,,,0.7128473520278931,15.78870370856451,,,,,0.6721073389053345,7.389785579023472,,,0.44781190156936646,-0.5336996256125751,,,,,4,4
2015-03-31 12:00:00+00:00,,,0.20616275072097778,-2.9901722828177495,,,,,0.7668172121047974,8.02577190481695,,,,,0.5591171979904175,10.692112115836805,,,,,,,,,3,3
2015-03-31 18:00:00+00:00,,,0.23026371002197266,22.427380410405213,,,,,0.7587934732437134,8.664479284785735,,,,,0.6489688158035278,8.53761734161945,,,,,,,,,3,3
2015-04-01 00:00:00+00:00,,,0.2063755989074707,-5.526839064956095,,,,,0.7699286937713623,6.345545681716391,,,,,0.579222559928894,8.120060302432629,,,,,,,,,3,3
2015-04-01 18:00:00+00:00,,,0.22792023420333862,-2.6983890324202817,,,,,0.6643521785736084,4.89445521823422,,,,,0.6256860494613647,5.72157537990154,,,,,,,,,3,3
2015-04-02 00:00:00+00:00,,,0.18572306632995605,-2.2529892032920977,,,,,0.6750391721725464,9.71136705246333,,,,,0.4982987642288208,5.637287877678685,,,,,,,,,3,3
2015-04-02 06:00:00+00:00,,,0.1742647886276245,-5.301571941023178,,,,,0.7372647523880005,5.621481708224456,,,,,0.6250795125961304,5.971517837632934,,,0.05290389060974121,0.12634257207967944,,,,,4,4
2015-04-02 12:00:00+00:00,,,0.19313931465148926,-2.136986506723118,,,,,0.6634601354598999,4.642793504953978,,,,,0.6143506765365601,6.676683182423911,,,0.02499866485595703,0.10099184296437651,,,,,5,5
2015-04-02 18:00:00+00:00,,,0.1741899847984314,-44.89552960305994,,,,,,,0.8493987321853638,4.235723399693345,,,0.5987778902053833,6.598255592047552,,,0.10398155450820923,-0.2204907784303689,0.1590118408203125,0.3862618670692688,,,5,5
2015-04-03 00:00:00+00:00,,,0.1960219144821167,-3.4278651759675935,,,,,,,,,,,0.4954618215560913,6.591960038748578,0.6155985593795776,0.7158648419649728,0.20596128702163696,-0.1384209967216136,0.13813459873199463,0.5734394779727067,,,6,6
2015-04-03 06:00:00+00:00,,,0.19172537326812744,-5.383869464367317,,,,,,,,,,,0.5030491352081299,6.062010823783476,0.5941904783248901,7.8876809200006175,0.15835022926330566,0.303145142107621,0.1400914192199707,0.5943760371844742,,,6,6
2015-04-03 12:00:00+00:00,,,0.14320731163024902,-4.4316612236959605,,,,,,,,,,,0.5477759838104248,7.105407586491524,,,0.07954788208007812,-0.2283560885289766,0.022338509559631348,0.46491948706362013,,,4,4
2015-04-03 18:00:00+00:00,,,0.18129855394363403,-5.054778720814577,,,,,,,,,,,,,0.5304501056671143,4.036547827061369,0.0502469539642334,-0.15901180099099296,0.05597269535064697,1.0760123292337211,,,4,4
2015-04-04 00:00:00+00:00,,,0.13644927740097046,-2.6929711639649976,,,,,,,,,,,,,0.5787292718887329,6.022818784405596,,,0.014660120010375977,0.3347356689402934,,,3,3
2015-04-04 06:00:00+00:00,,,0.20447635650634766,-6.586712595517319,,,,,,,,,,,,,0.4947909116744995,5.872064148987589,,,0.011700630187988281,0.9490316100545214,,,3,3
2015-04-04 12:00:00+00:00,,,0.19669675827026367,-1.5420294219242578,,,,,,,,,,,0.34483110904693604,-1.4169036493861915,0.47931909561157227,3.9438485525008176,,,0.051701903343200684,0.667780427313385,,,4,4
2015-04-04 18:00:00+00:00,,,0.15033936500549316,-1.9087906130980996,,,,,0.6229135096073151,-6.856332408346864,,,,,,,0.6006118059158325,3.8605371500180383,0.43833470344543457,-0.27114918966606666,0.10640513896942139,0.7744438283012334,,,6,5
2015-04-05 00:00:00+00:00,,,0.16252607107162476,-7.076542588094231,,,,,0.6061182022094727,-3.8337370395145993,,,,,,,0.6292532682418823,2.936685942394926,0.30232226848602295,-0.28288964788499554,0.13779723644256592,3.2122719375019373,,,6,6
2015-04-05 06:00:00+00:00,,,0.21392697095870972,-1.9171317518300257,,,,,0.686564028263092,-6.396052525254716,,,,,,,0.5138581991195679,2.785665355265193,,,0.15535366535186768,1.450867428974992,0.23954427242279053,2.826077020344364,6,6
2015-04-05 12:00:00+00:00,,,0.1863073706626892,-10.168018074066392,,,,,0.7366447448730469,-6.510995981108674,,,,,,,0.38915765285491943,0.2916201423192559,,,0.2017139196395874,0.332427649189052,0.3677749037742615,0.11114991118680773,7,7
2015-04-05 18:00:00+00:00,,,0.13696211576461792,-2.4726412590197326,0.5958070755004883,-0.22201878068397363,,,0.7278471291065216,-6.814696221020481,,,,,,,,,,,,,,,3,3
2015-04-06 00:00:00+00:00,,,0.15864861011505127,-2.4598651801912084,,,,,0.5952906310558319,-3.032363812514322,,,,,,,,,,,,,,,2,2
2015-04-06 06:00:00+00:00,,,0.19889873266220093,-3.774199483745697,,,,,0.5960202515125275,-4.231555857022791,,,,,,,,,,,,,,,2,2
2015-04-06 12:00:00+00:00,,,0.134691059589386,-0.9442577593753546,,,,,0.702110081911087,-5.894480666307341,,,,,,,,,,,,,,,2,2
2015-04-06 18:00:00+00:00,,,0.10110807418823242,-0.8563883378330563,,,,,0.642667144536972,-4.762249258314504,,,,,,,,,,,,,,,2,2
2015-04-07 00:00:00+00:00,,,0.20186632871627808,-2.8912420084655626,,,,,0.6801669001579285,-6.816099982243837,,,,,,,,,,,,,,,2,2
2015-04-07 06:00:00+00:00,,,0.26681190729141235,-0.47574349733377663,0.29285556077957153,-0.3492460883463345,,,0.5236125886440277,-4.77738289395257,,,,,,,,,,,,,,,3,3
2015-04-07 12:00:00+00:00,0.0922156572341919,-0.4026083746766937,,,0.012199819087982178,0.023864663978682855,,,0.4564617872238159,-4.092426164763614,,,,,,,,,,,,,,,3,3
2015-04-07 18:00:00+00:00,0.2274329662322998,-1.440787012852975,,,0.33803147077560425,0.43670022638565337,,,,,0.4863634705543518,-5.243912076352641,,,,,,,,,,,,,4,4
2015-04-08 00:00:00+00:00,,,0.05203455686569214,-0.40984552640008975,0.22945046424865723,0.18282614173993145,,,,,,,,,,,0.5365638434886932,-4.789232964812445,,,,,,,4,4
2015-04-08 06:00:00+00:00,,,0.1757870316505432,-0.9374662432931624,,,0.679964542388916,-2.5905801083453137,,,,,,,,,0.4445035457611084,-1.5594417996531251,,,,,,,3,3
2015-04-08 12:00:00+00:00,,,0.14697247743606567,-1.431875405802062,0.24550002813339233,-0.1547953891817653,0.4547222852706909,-3.4329962443951745,,,,,,,,,0.23058456182479858,-0.11030956759358856,,,,,,,4,4
2015-04-09 00:00:00+00:00,,,0.17168408632278442,-2.3037999937297897,,,0.3206647038459778,-2.0601278780754395,,,,,,,,,0.675823837518692,-0.39875974557839583,,,,,,,3,3
2015-04-09 06:00:00+00:00,0.07932174205780029,1.2660825826639417,0.22008192539215088,-4.168977774607642,,,0.34656786918640137,-4.512307131134551,,,,,,,,,0.5470192730426788,-2.902344200970051,,,,,,,4,4
2015-04-09 12:00:00+00:00,,,0.16030114889144897,-1.5255303250359507,,,0.40112268924713135,-8.553697674297034,,,,,,,,,,,,,,,,,2,2
2015-04-09 18:00:00+00:00,,,0.17702049016952515,-6.5023241749381295,,,0.43160319328308105,-8.096048606005773,,,,,,,,,,,,,,,,,2,2
2015-04-10 00:00:00+00:00,,,0.11968839168548584,-1.5348637151991515,,,0.43257617950439453,-8.980790659741041,,,,,,,,,,,,,,,,,2,2
2015-04-10 06:00:00+00:00,,,0.1809355616569519,-1.4290109240995919,,,0.4380320906639099,-5.523824629781717,,,,,,,,,,,,,,,,,2,2
2015-04-10 12:00:00+00:00,,,0.1632556915283203,-0.9518673059468993,,,,,0.4564264416694641,-4.196787435640645,,,,,,,,,,,,,,,2,2
2015-04-10 18:00:00+00:00,,,0.20653808116912842,-2.164759769366092,,,,,0.40063947439193726,-16.58207658601487,,,,,,,,,,,,,,,2,2
2015-04-11 00:00:00+00:00,,,0.20743447542190552,-5.57654240415633,,,,,0.5037966370582581,-9.015621813145245,,,,,,,,,,,,,,,2,2
2015-04-11 06:00:00+00:00,,,0.23441708087921143,-9.204032601525855,,,,,0.48104214668273926,-13.326089441643424,,,0.3119795322418213,1.401149804333205,,,,,,,,,,,3,3
2015-04-11 12:00:00+00:00,,,0.29802972078323364,-13.181271760727126,,,0.6631602644920349,-1.586717269495159,,,,,0.017079472541809082,-0.03932541545776169,,,,,,,,,,,3,3
2015-04-11 18:00:00+00:00,,,0.30934417247772217,-9.296700068418032,,,0.1679478883743286,0.25267656486363693,,,,,0.2337024211883545,0.48749702161561603,,,,,,,,,,,3,3
2015-04-12 00:00:00+00:00,,,0.31093358993530273,-14.36266430694763,,,0.15806138515472412,-0.47645045870840347,,,,,0.3284401297569275,-0.5520907513237834,,,,,,,,,,,3,3
2015-04-12 06:00:00+00:00,,,0.36070871353149414,-10.986519667479753,,,0.31145238876342773,0.1792584722557205,,,,,0.5309098362922668,-0.37791687478338093,,,,,,,,,,,3,3
2015-04-12 12:00:00+00:00,,,0.3950785994529724,-9.189098929182126,,,0.048494935035705566,0.4126817538491078,,,,,0.06520909070968628,-0.40893100912513464,,,,,,,,,,,3,3
2015-04-12 18:00:00+00:00,,,0.4010021686553955,-11.612197729779297,,,0.06370782852172852,0.553223522469996,,,,,0.09399294853210449,-0.2657955990236006,,,,,0.16978585720062256,0.09448672956393266,,,,,4,4
2015-04-13 00:00:00+00:00,,,0.3553768992424011,-12.85839918115083,,,0.2791990041732788,1.3841900490550876,,,,,0.04342353343963623,-0.12082818107465666,,,,,,,0.04173421859741211,0.14214602054087908,,,4,4
2015-04-13 06:00:00+00:00,,,0.3810219168663025,-8.555138149202893,,,0.3857755661010742,0.746102431265569,,,,,0.382047176361084,-0.09052177714640375,,,,,,,0.5092782974243164,0.2602081465878073,,,4,4
2015-04-13 12:00:00+00:00,,,0.2940693497657776,-6.574963559189058,,,0.3022305965423584,0.8443197668175972,,,,,0.09300804138183594,0.33025919098636825,,,,,,,0.26142656803131104,0.35360558104468853,,,4,4
2015-04-13 18:00:00+00:00,,,0.36788278818130493,-6.852521119863993,,,0.43070554733276367,2.0726886164505554,,,,,0.060945868492126465,0.29864537018697607,,,,,,,0.05184340476989746,0.20859279286537247,,,4,4
2015-04-14 00:00:00+00:00,,,0.37485426664352417,-9.21862560789373,,,0.2533869743347168,1.117180025045132,,,,,0.03639930486679077,0.6542349744066618,,,,,,,0.12248808145523071,-0.3035342075170401,,,4,4
2015-04-14 06:00:00+00:00,,,0.3287017345428467,-5.610579288855572,,,0.2583441734313965,0.6935763957278972,,,,,0.20769011974334717,-0.35367355752938,,,,,,,0.02505183219909668,0.151157523693474,,,4,4
2015-04-14 12:00:00+00:00,,,0.32899612188339233,-9.199936015052339,,,0.39879465103149414,3.9324264327529934,,,,,,,,,,,,,0.04285430908203125,-0.3431509504700654,,,3,3
2015-04-14 18:00:00+00:00,,,0.28241562843322754,-3.5447861657001214,,,0.4461144208908081,2.0050476328477647,,,0.4657133221626282,-5.586098254181665,,,,,,,,,0.15283596515655518,0.1044445662073509,,,4,4
2015-04-15 00:00:00+00:00,,,0.1827121376991272,-2.1922620945204097,,,0.3560117483139038,1.8867093062982567,,,0.5365317761898041,-5.744907774525655,,,,,,,,,0.035447657108306885,0.3187231964629594,,,4,4
2015-04-15 06:00:00+00:00,,,0.21194100379943848,-4.30459098471841,,,0.4108949899673462,5.1778093801354315,,,0.5293385982513428,-6.81501027792522,,,,,,,,,0.03824228048324585,0.3610975667109769,,,5,5
2015-04-15 12:00:00+00:00,,,0.18028295040130615,-2.136473497316885,,,0.3372530937194824,1.1570768141626004,,,0.49128568172454834,-5.2371037410989185,,,,,,,,,0.09384608268737793,0.07193199241980432,,,5,5
2015-04-16 00:00:00+00:00,,,0.22550636529922485,-5.17334826540353,,,,,0.5809266567230225,5.549743516700847,0.5113452076911926,-10.060669806168011,,,,,,,0.4169304370880127,-0.1953382166027177,0.33113718032836914,-0.3803715810042286,0.3215264081954956,-0.7854633179515146,7,7
2015-04-16 06:00:00+00:00,,,0.2349909543991089,-4.09493592161869,,,,,0.5590212345123291,7.2858594468153095,0.39062565565109253,-3.5640342400101725,,,,,,,,,0.2633556127548218,0.33148791602514854,0.3020073175430298,-0.7066085929462427,6,5
2015-04-16 12:00:00+00:00,,,0.17792725563049316,-1.0497297054067345,,,,,0.46646738052368164,3.8082838837077277,0.4549371004104614,-3.1674050418645483,,,,,,,,,,,0.004772543907165527,0.12476311582756541,4,4
2015-04-16 18:00:00+00:00,,,0.20916098356246948,-2.378196777491709,,,,,0.5715327262878418,5.202192153116096,0.35973626375198364,-2.072606733342087,,,,,,,,,,,0.041447579860687256,0.14942112707674163,4,4
2015-04-17 00:00:00+00:00,,,0.18013620376586914,-0.8438093945766735,,,,,0.5657452344894409,6.649603633658418,0.3442743420600891,-4.659702171468863,,,,,,,,,,,0.09899431467056274,-0.026048245603012624,5,4
2015-04-17 06:00:00+00:00,,,0.10162407159805298,-1.0133207941555007,,,,,0.5908637046813965,7.0901538645496105,0.4610600471496582,-2.0963962514048924,,,,,,,,,,,0.19349080324172974,-0.33748417326350516,4,4
2015-04-17 12:00:00+00:00,,,0.1425212025642395,-1.0270024595093508,,,,,0.6093729734420776,6.872254091782542,0.11765778064727783,-2.07856549748256,,,,,,,,,,,0.594977617263794,0.16951353184706985,4,4
2015-04-17 18:00:00+00:00,,,0.0660601258277893,-0.5343076224814693,,,,,0.528883695602417,6.8251537964563305,0.12516391277313232,0.08788455010199206,,,,,,,,,,,,,5,4
2015-04-18 00:00:00+00:00,,,,,0.09777432680130005,-0.7779128845144079,,,0.604344367980957,6.099013489690859,0.012632191181182861,-0.0410332002783352,,,,,,,,,,,,,3,3
2015-04-18 06:00:00+00:00,,,,,0.12885814905166626,-0.9115676481244116,,,0.5311511754989624,6.9408220974698995,0.5838506519794464,0.557857750669219,,,,,,,,,,,,,3,3
2015-04-18 12:00:00+00:00,,,,,0.11687672138214111,0.29669640041328466,,,0.44235777854919434,6.022960105474097,,,,,,,,,,,,,,,2,2
2015-04-18 18:00:00+00:00,0.12186074256896973,-0.14641022404006132,,,0.14569878578186035,-3.158796313221288,,,0.6058589220046997,4.213930625344164,,,,,,,,,,,,,,,3,3
2015-04-19 00:00:00+00:00,,,,,0.11904972791671753,-0.18735904550784335,,,0.5639879703521729,8.06791082097423,,,,,,,,,,,,,,,2,2
2015-04-19 06:00:00+00:00,0.0043724775314331055,1.2954198065109754,,,0.16108834743499756,-0.7318506386071959,,,0.47591257095336914,11.457384030656938,,,,,,,,,,,,,,,4,4
2015-04-19 12:00:00+00:00,0.3648991584777832,-0.24587455869533456,,,0.10360240936279297,-0.7324411548642346,,,0.47913575172424316,2.3668747629335694,,,,,,,,,,,,,,,3,3
2015-04-19 18:00:00+00:00,,,,,0.102694571018219,0.05932605124505113,,,0.4802654981613159,6.244940091236489,,,,,,,,,,,,,,,4,4
2015-04-20 00:00:00+00:00,,,,,0.05414319038391113,-0.2431810510582765,,,0.4945368766784668,5.512141283246062,,,,,,,,,,,,,,,2,2
2015-04-20 06:00:00+00:00,0.6824567019939423,-3.961781895790343,,,0.16100502014160156,0.03396532828364683,,,0.3611164093017578,3.5241126418865285,,,,,,,,,,,,,,,3,3
2015-04-20 12:00:00+00:00,0.005460977554321289,0.4602802852988853,,,0.028415918350219727,0.30163155984346657,,,,,0.4507867097854614,3.768700764859408,,,,,,,,,,,,,3,3
2015-04-20 18:00:00+00:00,0.13231074810028076,-0.4365668096537534,,,0.09372729063034058,-6.556639394175441,,,,,0.4696779251098633,4.072326399491455,,,,,,,,,,,,,3,3
2015-04-21 00:00:00+00:00,0.18532133102416992,-6.743704991450346,,,0.1221855878829956,-0.1667797690191429,,,,,0.6971759796142578,3.9355613381506718,,,,,,,,,0.17872440814971924,0.28322551779166844,,,4,4
2015-04-21 06:00:00+00:00,,,0.25170814990997314,-32.247429436956736,,,,,,,0.6285840272903442,2.4453256415523215,,,,,,,,,0.5159499645233154,0.8541369731946936,,,3,3
2015-04-21 12:00:00+00:00,0.5256403684616089,-19.548628962649378,,,,,,,,,,,,,,,,,,,0.25452619791030884,-0.014063530253220581,,,2,2
2015-04-21 18:00:00+00:00,0.22723573446273804,-2.3220046646403745,,,,,,,,,,,,,,,,,,,0.3194366693496704,-0.198723000542222,,,2,2
2015-04-22 00:00:00+00:00,,,0.34886276721954346,-24.69229174142142,,,,,,,,,,,,,,,,,0.019813895225524902,-0.7167279206821748,,,2,2
2015-04-22 06:00:00+00:00,,,0.190929114818573,-27.708716815880805,,,,,,,,,,,,,,,,,0.5079423189163208,1.6135092519551846,,,2,2
2015-04-22 12:00:00+00:00,,,0.19177097082138062,-1.2503933441386592,,,,,,,,,,,,,,,,,0.3783102035522461,0.23203854217463163,,,2,2
2015-04-22 18:00:00+00:00,,,0.3376970887184143,-31.60941842503136,,,,,,,,,,,,,,,,,0.1720585823059082,3.1555083853183645,,,2,2
2015-04-23 00:00:00+00:00,0.17177295684814453,-1.1493337377016792,,,0.2311115860939026,-15.566862456826861,,,,,,,,,,,,,,,0.06951272487640381,0.14706029660458278,,,3,3
2015-04-23 06:00:00+00:00,0.2650373578071594,-2.7100217307197783,,,0.36216193437576294,-0.14631426394596056,,,,,,,,,,,,,,,0.3386729955673218,0.5947862603545582,,,3,3
2015-04-23 12:00:00+00:00,0.16956502199172974,-1.1900565659951838,,,0.2072170376777649,-8.968592704883948,,,,,,,,,,,,,,,0.17117035388946533,-0.333617596854578,,,4,4
2015-04-23 18:00:00+00:00,0.2507321238517761,-1.1242626083773757,,,0.0035572052001953125,6.202654065527749,0.28937554359436035,0.9893654655301072,,,,,,,,,,,,,0.2504289150238037,1.1131227368279335,,,5,5
2015-04-24 00:00:00+00:00,0.12396156787872314,-0.04520703874728668,,,0.36641502380371094,0.03576065583304834,0.6298404932022095,2.8045804802163654,,,,,,,,,,,,,0.019879043102264404,-1.2717381597218151,,,5,5
2015-04-24 06:00:00+00:00,0.20808005332946777,-1.797874360543147,,,0.5379526317119598,-0.29069170982091036,0.6969312429428101,3.8899334284402807,,,,,,,,,,,,,0.3215242624282837,1.4857625840038542,,,5,5
2015-04-24 12:00:00+00:00,,,0.19724422693252563,-1.583378131845755,0.10513770580291748,0.6182559574140684,0.6119011640548706,5.114603652056371,,,,,,,,,,,,,,,0.21272563934326172,1.2336262440760333,5,5
2015-04-24 18:00:00+00:00,,,0.08261513710021973,27.053620582167902,,,0.6749892234802246,3.707429421498962,,,,,,,,,,,,,,,0.1955801248550415,0.004311993046031329,3,3
2015-04-25 00:00:00+00:00,0.4431381821632385,-0.2609798050700918,0.23809891939163208,-1.9163769883818997,,,0.770175576210022,5.802518506483465,,,,,0.12101590633392334,-0.12281255849054844,,,,,,,,,0.12976717948913574,-0.05621269469824217,6,5
2015-04-25 06:00:00+00:00,,,0.24800336360931396,-7.070175697111996,,,0.8114814758300781,3.7250740485315466,,,,,0.18552172183990479,0.33755191456175626,,,,,,,,,0.1893603801727295,0.17555116459447778,4,4
2015-04-25 12:00:00+00:00,,,0.15902286767959595,-1.614444961532906,,,,,0.6978702545166016,6.792967734936549,,,0.16296672821044922,0.3389075644600529,,,,,,,,,0.3164539337158203,-0.21366282504863393,4,4
2015-04-25 18:00:00+00:00,,,0.3250488042831421,-23.674677416509653,,,,,0.7391873598098755,5.502266052289016,,,0.17651522159576416,0.8474336549725411,,,,,,,,,0.07400298118591309,-0.8174520888283208,4,4
2015-04-26 00:00:00+00:00,,,0.24052029848098755,22.21244424148073,,,,,0.684512734413147,5.184008676456003,,,0.16929340362548828,0.5147366022609379,,,,,,,,,,,3,3
2015-04-26 06:00:00+00:00,,,0.23970043659210205,-14.145420409241392,,,,,0.7021645307540894,7.072439902157129,,,0.12273633480072021,0.5064824434511993,,,,,,,,,,,3,3
2015-04-26 12:00:00+00:00,,,0.07952088117599487,6.804528104020487,,,,,0.6958699226379395,7.704662552700245,,,0.1942998170852661,2.833239290838878,,,,,,,,,,,3,3
2015-04-26 18:00:00+00:00,,,0.10413157939910889,22.795202661466217,,,,,0.6511150598526001,8.371875954918366,,,0.21879029273986816,9.314203970590686,,,,,,,,,0.30558496713638306,-0.2897043038289505,4,4
2015-04-27 00:00:00+00:00,,,0.24780935049057007,-15.096905724510156,,,,,0.7613934278488159,6.076871112160871,,,0.1965622901916504,2.1046530422191143,,,,,,,,,0.18638312816619873,-0.5536484694066703,4,4
2015-04-27 06:00:00+00:00,,,0.22619956731796265,-5.472841916436376,,,0.14188528060913086,0.9711724272135773,0.7853416204452515,10.127596124317964,,,0.24640429019927979,3.854851832638664,,,,,,,,,,,4,4
2015-04-27 12:00:00+00:00,,,0.19816124439239502,-0.7674450904150878,,,0.408463716506958,-2.6027326674766615,0.6533178091049194,6.220631629118998,,,,,,,,,0.23294925689697266,2.8375952772459114,,,,,4,4
2015-04-27 18:00:00+00:00,,,0.09935402870178223,5.29373193386854,,,,,0.6765835285186768,6.5287038915182745,,,0.5307004749774933,-9.098363637790678,,,,,0.22175943851470947,5.51696127883786,,,,,4,4
2015-04-28 00:00:00+00:00,,,0.0748147964477539,-4.010417885205482,,,,,0.714024543762207,4.030082682740382,,,0.2636614441871643,-3.4589343974384774,,,,,0.24846303462982178,9.500015286659035,,,,,4,4
2015-04-28 06:00:00+00:00,,,0.2185124158859253,-3.06336799092348,,,,,0.7499874830245972,8.223477535741925,,,0.4082936644554138,-4.427659187589947,,,,,,,0.27775561809539795,6.312846862798776,,,4,4
2015-04-28 12:00:00+00:00,,,0.18669241666793823,-18.65154816751788,,,,,0.6512577533721924,5.621712401107622,,,0.3666538596153259,-3.7058149477394515,,,,,,,0.2983797788619995,5.590191124549054,,,4,4
2015-04-28 18:00:00+00:00,,,0.11499655246734619,-5.589536789945627,,,,,0.7777987718582153,7.791273476366593,,,0.48919087648391724,-4.747779879562083,,,,,,,0.24335384368896484,6.1577624413242695,,,5,5
2015-04-29 00:00:00+00:00,,,0.12888967990875244,-1.0219869833110853,,,,,0.7639060020446777,5.5552609147467455,,,0.5146891474723816,-5.487037611341692,,,,,,,0.21937203407287598,6.784742300596846,,,5,5
2015-04-29 06:00:00+00:00,,,0.14059829711914062,-11.55617424524968,,,0.4080493450164795,-6.127507633462256,0.5982224941253662,5.846697956181754,,,,,0.3318856954574585,8.506613003439874,,,,,,,,,5,5
2015-04-29 12:00:00+00:00,,,0.21488678455352783,-3.65800010715756,,,0.47526830434799194,-3.1176283725052376,0.5182855129241943,1.6712462893823983,,,,,,,,,,,0.24065160751342773,5.466961773033238,,,5,5
2015-04-29 18:00:00+00:00,,,0.19628167152404785,-15.40985677877804,,,,,0.39615416526794434,6.209943790396276,,,0.5052115023136139,-6.259486564357163,,,,,0.2899216413497925,-0.7457029561491845,0.2732570171356201,6.405200965087508,,,5,5
2015-04-30 00:00:00+00:00,,,0.2226220965385437,-10.909747727445717,,,,,0.6810956001281738,-3.8536629107179605,0.48949134349823,0.4188349401095597,0.4801087975502014,-1.8199305531521812,0.805054560303688,-2.96504211564349,,,,,0.2837115526199341,6.121915920268704,,,6,6
2015-04-30 06:00:00+00:00,,,0.178516685962677,-1.6230406541401212,0.47999268770217896,0.16529647430052816,,,0.38822025060653687,-2.502000509596969,0.8717504739761353,2.9001013730824825,,,0.43746447563171387,-1.9846537439786502,,,,,0.3134787082672119,7.505348185564741,,,8,8
2015-04-30 12:00:00+00:00,,,0.2565915584564209,-8.96332110281803,0.6466837525367737,0.15530290449814207,,,0.2484537959098816,-5.386426094409158,,,,,0.18749773502349854,1.4410582258821998,,,,,0.26026344299316406,9.36704555780628,,,6,6
2015-04-30 18:00:00+00:00,,,0.19297629594802856,-2.0043622506804035,0.24752843379974365,0.01181590147394745,,,0.21449053287506104,-6.592302958880966,,,,,0.5575681924819946,-6.9773790951589865,,,,,0.35887205600738525,10.832988070584944,,,7,6
2015-05-01 00:00:00+00:00,,,0.14601463079452515,-3.959100626146888,,,,,0.38201904296875,-3.6141183601166906,,,,,,,,,,,0.3497633934020996,10.510677698769841,,,5,4
2015-05-01 06:00:00+00:00,,,0.15852534770965576,-1.5835239477768452,,,,,0.5266821086406708,-6.473160723917485,,,,,,,,,,,0.3404656648635864,9.000720746530842,,,4,4
2015-05-01 12:00:00+00:00,,,0.19276362657546997,-2.437741956155354,,,,,0.452136754989624,-7.516435978933176,,,,,,,,,,,0.3241821527481079,5.966312429929721,,,3,3
2015-05-01 18:00:00+00:00,,,0.21010452508926392,-1.093508081030755,,,,,0.5097405314445496,-7.774069615216498,,,,,,,,,,,0.274206280708313,5.2972372699873045,,,3,3
2015-05-02 00:00:00+00:00,,,0.25814175605773926,-3.856422193963058,,,,,0.43924903869628906,-12.649029540512519,,,,,,,,,,,0.1788496971130371,2.021621420883751,,,3,3
2015-05-02 06:00:00+00:00,,,0.19139409065246582,-3.897812114155219,0.6262065768241882,0.4551407991997999,,,0.47297602891921997,-5.240629852586893,,,,,,,,,,,0.14865648746490479,-9.89327769332575,,,4,4
2015-05-02 12:00:00+00:00,,,0.19748377799987793,-25.011107974789255,0.07467436790466309,0.28043693547456844,,,0.25102531909942627,-4.167898753319739,,,,,,,,,,,0.24788010120391846,4.047987169599738,,,4,4
2015-05-02 18:00:00+00:00,,,0.21990299224853516,-2.548515651293816,,,,,0.1027061939239502,0.3460000035514443,,,,,,,,,,,0.3679683208465576,1.9682852250347393,0.2732529640197754,4.936116549859006,6,5
2015-05-03 00:00:00+00:00,,,0.22170329093933105,-5.0414013447542265,,,,,0.2051171064376831,-6.475619840162313,,,,,,,0.17759037017822266,0.686634373364776,,,0.1434718370437622,0.8612761515883487,0.1601243019104004,0.7351744994826962,6,6
2015-05-03 06:00:00+00:00,,,0.20785599946975708,-1.3906660942537994,,,,,0.11383920907974243,-1.6284547473461615,,,,,,,0.0785016417503357,-0.19377068141383702,,,0.3299438953399658,0.9819890666698047,0.10362505912780762,0.4756845815460845,6,6
2015-05-03 12:00:00+00:00,,,0.2693216800689697,-1.7559334755104035,,,,,,,,,,,,,0.09412306547164917,0.3551139343190681,,,0.33015918731689453,1.7725735462361014,0.4762207269668579,2.1616913286064445,4,4
2015-05-03 18:00:00+00:00,,,0.1912754774093628,-0.8996643780864992,,,,,,,,,,,,,,,,,0.48130905628204346,2.656031921124879,,,2,2
2015-05-04 00:00:00+00:00,,,0.24788159132003784,-5.843827886241927,,,,,,,,,,,,,,,,,0.10885465145111084,0.8773813278489756,,,2,2
2015-05-04 06:00:00+00:00,,,0.3087270259857178,-29.577476847537252,,,,,,,,,,,,,,,,,,,,,1,1
2015-05-04 12:00:00+00:00,,,0.21509402990341187,-2.80270924578998,,,,,,,,,,,,,,,,,,,,,1,1
2015-05-04 18:00:00+00:00,0.022652387619018555,-0.05581877833100632,0.33108699321746826,-3.3041723716426654,0.19809579849243164,0.05677017670541794,,,,,,,,,,,,,,,,,,,3,3
2015-05-05 00:00:00+00:00,,,0.36083585023880005,-1.7280050860941911,0.2356950044631958,-3.9557527871547755,,,,,,,,,,,,,,,,,,,2,2
2015-05-05 06:00:00+00:00,,,0.28555047512054443,-3.1361270626838147,0.3289142847061157,-0.2803891584312049,0.3007793426513672,0.17085376097639612,,,,,,,,,,,,,,,,,4,3
2015-05-05 12:00:00+00:00,0.023186087608337402,0.15441547442642678,0.25409597158432007,-1.488586045015932,0.0330277681350708,0.29239386436564135,,,,,,,,,,,,,,,,,,,5,4
2015-05-05 18:00:00+00:00,0.13637787103652954,-0.5181609740094264,0.10482001304626465,-0.29880809179917156,0.9868802418932319,-2.720508545910115,0.4958094358444214,-0.9023202253871899,,,,,,,,,,,,,,,,,5,4
2015-05-06 00:00:00+00:00,,,0.22287166118621826,-2.7511692974058195,0.08906400203704834,0.20278072934747868,0.53530153632164,-4.437067724561588,,,,,,,,,,,,,,,,,3,3
2015-05-06 06:00:00+00:00,,,0.20155304670333862,-2.1209681015060653,,,0.6097866594791412,-4.595457164957939,,,,,,,,,,,,,,,,,2,2
2015-05-06 12:00:00+00:00,,,0.20332801342010498,-1.963940493030908,,,0.5056115984916687,-7.120272628267736,,,,,,,,,,,,,,,,,2,2
2015-05-06 18:00:00+00:00,,,0.2950061559677124,-2.953256753062074,,,0.6320540606975555,-7.6454241735893085,,,,,,,,,,,,,,,,,2,2
2015-05-07 00:00:00+00:00,,,0.2106555700302124,-3.1949567035929456,,,0.5230829119682312,-8.153789251495915,,,,,,,,,,,,,,,,,2,2
2015-05-07 06:00:00+00:00,,,0.2087944746017456,-35.123766324373705,,,,,0.69428551197052,-7.680728324692165,,,,,,,,,,,,,,,2,2
2015-05-07 12:00:00+00:00,,,0.15655678510665894,-1.0520284180953514,,,,,0.6352244317531586,-5.714341786166959,,,,,,,,,,,,,,,2,2
2015-05-07 18:00:00+00:00,,,0.14891737699508667,-1.2518849597572304,,,,,0.6237389147281647,-9.531750916470097,,,,,,,,,,,,,,,2,2
2015-05-08 00:00:00+00:00,,,0.1723734736442566,-0.9309547786039577,,,,,0.6828197836875916,-7.368733614394021,,,,,,,,,,,,,,,2,2
2015-05-08 06:00:00+00:00,,,0.2197515368461609,-2.1352191444413546,,,,,0.6734333038330078,-7.779194883989407,,,,,,,,,,,,,,,2,2
2015-05-08 12:00:00+00:00,,,0.3031080365180969,-30.991474602899192,,,,,0.6574121713638306,-5.568823792352448,,,,,,,,,,,,,,,2,2
2015-05-08 18:00:00+00:00,,,0.2816030979156494,-3.5900054132563635,,,,,0.6883216202259064,-6.101262989378533,,,,,,,,,,,,,,,2,2
2015-05-09 00:00:00+00:00,,,0.20797455310821533,-2.1430111617612093,,,,,0.6083996891975403,-6.512560906265435,,,,,,,,,,,,,,,2,2
2015-05-09 06:00:00+00:00,,,0.20525187253952026,-2.8601310526677914,,,,,0.7041054368019104,-6.676364383239965,,,,,,,,,,,,,,,2,2
2015-05-09 12:00:00+00:00,,,0.27572572231292725,-1.5888760617785826,,,,,0.6672429740428925,-6.267440621660024,,,,,,,,,,,,,,,2,2
2015-05-09 18:00:00+00:00,,,0.24033409357070923,-5.264836885452054,,,,,0.6458611190319061,-6.361836201951785,,,,,,,,,,,,,,,2,2
2015-05-10 00:00:00+00:00,,,0.2611461281776428,-2.484563331705419,,,0.023626208305358887,-0.002766097482856709,0.5705410242080688,-9.669073391992951,,,,,,,,,,,,,,,4,4
2015-05-10 06:00:00+00:00,,,0.2297888994216919,-1.5421377924366189,,,0.4234638214111328,-0.3225109010985605,0.6137105226516724,-7.159589278933588,,,,,,,,,,,,,,,4,4
2015-05-10 12:00:00+00:00,,,0.2575426697731018,-29.548438943134773,,,0.7103482484817505,3.3236104309267427,0.5332640111446381,-11.312383398463979,,,,,,,,,,,,,,,4,4
2015-05-10 18:00:00+00:00,,,0.3227282762527466,-2.6756704398339646,,,0.32021307945251465,0.5100160146601679,0.5766648948192596,-6.6985048569922245,,,,,,,,,,,,,,,4,4
2015-05-11 00:00:00+00:00,,,0.18664687871932983,-2.2589289760900835,,,0.40276169776916504,4.366470264567799,0.6311423182487488,-7.266328477128512,,,,,,,,,,,,,,,4,4
2015-05-11 06:00:00+00:00,,,0.22707343101501465,-32.64878954352229,,,0.4669656753540039,3.2508478202959163,0.6523462235927582,-8.008401922779472,,,,,,,,,,,,,,,4,4
2015-05-11 12:00:00+00:00,,,0.15426433086395264,-1.9775972690947663,,,0.5115777254104614,4.541261443423261,0.11012351512908936,0.3849928259300276,0.6568583846092224,-7.190413968664512,,,,,,,,,,,,,4,4
2015-05-11 18:00:00+00:00,,,0.18899577856063843,-0.42391357348010816,,,0.49612486362457275,7.378758788528843,,,0.6214520037174225,-4.795376473223732,,,,,,,,,,,,,3,3
2015-05-12 00:00:00+00:00,,,0.19826698303222656,-33.113063731337455,,,0.4869236946105957,7.174718206330879,0.24053537845611572,0.15681019198842977,0.5124777257442474,-7.450928666947818,,,,,,,,,,,,,4,4
2015-05-12 06:00:00+00:00,,,0.21572721004486084,-2.545336539984652,,,0.6012755632400513,4.8947252739786045,0.050363898277282715,2.5843314998240143,0.5864827930927277,-3.708245563479059,,,,,,,,,,,,,4,4
2015-05-12 12:00:00+00:00,,,0.12859463691711426,-0.5311264546404485,,,0.523777961730957,6.005342233488143,0.15427327156066895,-0.05594049891645903,0.2887045741081238,-1.5483969288459816,,,,,,,,,,,,,4,4
2015-05-12 18:00:00+00:00,,,0.2926762104034424,-31.696737805518307,,,0.570799708366394,6.783491344331214,0.1192483901977539,-0.5484236683595681,,,,,,,,,,,,,,,3,3
2015-05-13 00:00:00+00:00,,,0.1843286156654358,-1.0307662790101537,,,0.5140554904937744,5.197108584264212,0.09306609630584717,1.622088360531801,,,,,,,,,,,,,,,3,3
2015-05-13 12:00:00+00:00,,,0.12309849262237549,-1.5159291822966006,,,,,0.6253445148468018,8.292750590903045,,,,,,,,,,,,,,,2,2
2015-05-13 18:00:00+00:00,0.5409043729305267,-1.701024395874332,0.1855509877204895,-23.195979231889787,,,,,0.5531477928161621,4.915566556007229,,,,,,,,,,,,,,,3,3
2015-05-14 00:00:00+00:00,0.3400990962982178,0.0786686320350923,0.12551748752593994,-0.6801431106965449,,,,,0.6311466693878174,6.658511108622063,,,,,,,,,,,,,,,3,3
2015-05-14 06:00:00+00:00,,,,,0.2111753225326538,-33.79077290368769,,,0.5882232189178467,10.75505336235602,,,,,,,,,,,,,,,3,2
2015-05-14 12:00:00+00:00,,,,,0.15709686279296875,-10.017823809185604,,,0.593999981880188,12.928206101448465,,,,,,,,,,,,,,,2,2
2015-05-14 18:00:00+00:00,,,,,0.2617192268371582,-0.9221418804908401,,,0.7052992582321167,8.328953976935457,,,,,,,,,,,,,,,3,3
2015-05-15 00:00:00+00:00,,,,,0.037581026554107666,-1.9744773680907832,,,0.7086633443832397,6.653470568478264,,,,,,,,,,,,,,,2,2
2015-05-15 06:00:00+00:00,,,,,0.11577415466308594,-0.42112945292199316,,,0.7830199003219604,6.861454826336996,,,,,,,,,,,,,,,3,3
2015-05-15 12:00:00+00:00,,,,,0.13905084133148193,21.084607715044918,,,0.6988369226455688,7.064373290575932,,,,,,,,,,,,,,,2,2
2015-05-15 18:00:00+00:00,,,,,0.13920432329177856,-1.090081388383937,,,0.7576014995574951,5.061944348047594,,,,,,,,,,,,,,,2,2
2015-05-16 00:00:00+00:00,,,,,0.1827426552772522,-0.5030858304792447,,,0.6877610683441162,4.867866945047829,,,,,,,,,,,,,,,2,2
2015-05-16 06:00:00+00:00,,,0.13454276323318481,-0.20559133356373352,,,,,0.6446084976196289,7.203549237884396,,,,,,,,,,,,,,,2,2
2015-05-16 12:00:00+00:00,,,0.21011042594909668,-0.2726942469527678,,,,,0.7172756195068359,8.005347253160911,,,,,,,,,,,,,,,3,2
2015-05-16 18:00:00+00:00,0.5053919553756714,-0.8609753151622337,,,0.16728776693344116,-0.5399168753117405,,,0.7750004529953003,7.006106089592211,,,,,,,,,,,,,,,3,3
2015-05-17 00:00:00+00:00,0.06128823757171631,-0.5183674871951629,,,0.16755861043930054,-0.249844228873166,,,0.8061356544494629,5.3841977969880475,,,,,,,,,,,,,,,4,4
2015-05-17 06:00:00+00:00,0.30355334281921387,-0.09268259062058426,,,0.031842827796936035,-0.5142446664534364,,,0.6454422473907471,5.527002195825856,,,,,,,,,,,,,,,4,4
2015-05-17 12:00:00+00:00,0.10571229457855225,-0.659917419502062,,,0.08516323566436768,-1.5741084875723652,,,0.722074031829834,7.882998954244513,,,,,,,,,,,,,,,4,4
2015-05-17 18:00:00+00:00,0.10980033874511719,-0.07322755326823117,,,0.18037158250808716,-0.21651382544091766,,,,,0.7554433345794678,6.795213912972946,,,,,,,,,,,,,4,4
2015-05-18 00:00:00+00:00,0.1121283769607544,-0.48509513141688404,,,0.15764594078063965,-1.9209304996090346,,,,,,,,,,,,,,,,,,,2,2
2015-05-18 06:00:00+00:00,0.09728085994720459,0.3036233873537171,,,0.054012417793273926,-0.7830887513844101,,,,,,,,,,,,,,,,,,,3,3
2015-05-18 12:00:00+00:00,0.13598906993865967,0.02900702985021708,,,0.19107282161712646,0.023625694801930115,,,,,,,,,,,,,,,,,,,3,2
2015-05-18 18:00:00+00:00,0.16548913717269897,0.2910050205528868,,,0.22581815719604492,-0.26159591686709444,,,,,,,,,,,,,,,,,,,2,2
2015-05-19 00:00:00+00:00,0.3620830178260803,-0.3750754301857636,,,0.35804295539855957,-0.4295019825084997,,,,,,,,,,,,,,,,,,,3,3
2015-05-19 06:00:00+00:00,0.0881701111793518,-0.7912077157581353,,,0.1880626678466797,-0.877032811348955,,,,,,,,,,,,,,,,,,,3,2
2015-05-19 12:00:00+00:00,0.27778661251068115,0.21611755198579086,,,0.15727078914642334,-0.3197057531012596,,,,,,,,,,,,,,,,,,,5,4
2015-05-19 18:00:00+00:00,0.15390127897262573,-2.226510603172804,,,0.0440407395362854,-0.21467549168895336,,,,,,,,,,,,,,,,,,,3,3
2015-05-20 00:00:00+00:00,0.2225806713104248,-0.33811024322989863,,,0.05226105451583862,-0.5737198548560235,,,,,,,,,,,,,,,,,,,4,3
2015-05-20 06:00:00+00:00,0.056388676166534424,-0.507050571040438,,,0.19443905353546143,-3.9036833286456076,,,,,,,,,,,,,,,,,,,3,2
2015-05-20 12:00:00+00:00,0.20607995986938477,-1.4453009001980786,0.04176020622253418,-0.1287996766911615,0.44643861055374146,0.10668192421253306,0.5112762451171875,2.6454216352676645,,,,,,,,,,,,,,,,,5,5
2015-05-20 18:00:00+00:00,0.24865585565567017,-1.6638279413009105,0.0005757808685302734,0.08640562803941614,0.3150070905685425,-9.046076259638697,0.14191663265228271,0.9604062310075716,,,,,,,,,,,,,,,,,4,4
2015-05-21 00:00:00+00:00,0.21624302864074707,-0.9100498644732451,,,0.12891727685928345,-0.348719595417483,0.6034364700317383,4.002645872124668,,,,,,,,,,,,,,,,,5,4
2015-05-21 06:00:00+00:00,0.18798977136611938,-0.7190407867270235,,,0.05200648307800293,0.19195145500076596,0.4326493740081787,3.456425029808435,,,,,,,,,,,,,,,,,5,5
2015-05-21 12:00:00+00:00,0.22733116149902344,-1.7889070530678217,,,0.35135966539382935,-0.7863513988614962,0.545505166053772,4.386286118318377,,,,,,,,,,,,,,,,,4,3
2015-05-21 18:00:00+00:00,,,0.17718255519866943,-1.6108245910347168,0.07164186239242554,-0.9452910752478076,0.6462192535400391,8.226063072024731,,,,,,,,,,,0.5290236473083496,-0.6795352758667879,,,,,4,4
2015-05-22 00:00:00+00:00,,,0.18778830766677856,-1.0982862654855314,0.3727443218231201,-0.6013313676815562,0.7504801750183105,5.853986171466133,,,,,,,,,,,0.23555171489715576,-0.3018837783200145,,,,,4,4
2015-05-22 06:00:00+00:00,,,0.1519685983657837,-0.4303522830321369,0.1050829291343689,0.2080127936656581,,,0.6644312143325806,5.5862651753011345,,,,,,,,,,,0.032442331314086914,-0.2019751747588913,,,4,4
2015-05-22 12:00:00+00:00,,,0.1539636254310608,-2.860502739267604,0.2839236855506897,-0.2756961291638211,,,0.7599401473999023,7.17263742071434,,,,,,,,,,,0.4526643753051758,0.25409118668476494,,,4,4
2015-05-22 18:00:00+00:00,,,0.1338624358177185,-1.280744158816507,0.41151052713394165,-0.704248894547379,,,0.7746835947036743,9.77069751289001,,,,,,,,,,,0.48870134353637695,0.36071532293164965,,,4,4
2015-05-23 00:00:00+00:00,,,0.33267927169799805,-34.10281939534239,,,,,0.7995977401733398,6.776983803764067,,,0.18105632066726685,0.10800376454352832,,,,,,,0.02705061435699463,-0.08154241437598932,,,5,4
2015-05-23 06:00:00+00:00,,,0.22546148300170898,-8.807407526400777,,,,,0.7584953308105469,8.944877016263776,,,0.007363557815551758,-12.655119545580844,0.09459042549133301,1.5412048970714176,,,,,0.11860978603363037,0.6486185118152108,,,6,5
2015-05-23 12:00:00+00:00,,,0.17956018447875977,-2.1735717952882783,,,,,0.7013823986053467,7.318178673352101,,,0.2375025749206543,0.7136211822383537,0.6833996772766113,3.4842552897992927,,,,,0.05050349235534668,0.33039070927446185,,,7,7
2015-05-23 18:00:00+00:00,,,0.12897872924804688,-1.8244484383945276,,,,,0.7031615972518921,6.414700382348649,,,0.263203501701355,1.0759442636353873,0.1919701099395752,-2.2587098427805876,,,,,0.09049117565155029,0.3068455966767786,,,7,7
2015-05-24 00:00:00+00:00,,,0.2505055069923401,-1.484474482084639,,,,,0.7760262489318848,7.682009660374658,,,0.3722118139266968,3.8311644425280718,0.07903861999511719,3.481618510268975,,,,,0.05040997266769409,-0.1457038215566646,,,7,7
2015-05-24 06:00:00+00:00,,,0.15574604272842407,-1.4255880557917908,,,,,0.7106257677078247,8.180113375601247,,,0.32197463512420654,2.308633350948829,0.04823577404022217,7.655322956863864,,,,,0.1650097370147705,-0.0483030424933476,,,7,7
2015-05-24 12:00:00+00:00,,,0.20002365112304688,-0.9748852165591341,,,,,0.7134486436843872,6.699666315495422,,,0.3806743621826172,5.170577464255708,0.012581825256347656,-1.5747206778782215,,,,,0.17225313186645508,0.18513429220035438,,,7,7
2015-05-24 18:00:00+00:00,,,0.17060458660125732,-1.2714053666838345,,,,,0.7280592918395996,6.165393154762885,,,0.29128026962280273,6.195204217499117,0.11879479885101318,12.433697166701288,,,,,0.034991323947906494,0.12661213259397772,,,8,7
2015-05-25 00:00:00+00:00,,,0.2638586759567261,-0.7826657121424266,,,,,0.6882890462875366,6.754773416284056,,,0.35155391693115234,11.617407509578893,0.041968345642089844,0.9921592775729083,,,,,0.07766711711883545,-0.06427879586401489,,,7,7
2015-05-25 06:00:00+00:00,,,0.2492932677268982,-1.102525314463352,,,,,0.7172360420227051,7.222398224980055,,,0.2852212190628052,5.99549222921868,0.7215231657028198,6.814037017343312,,,,,0.20698308944702148,0.3380550923030648,,,7,7
2015-05-25 12:00:00+00:00,,,0.0934329628944397,-0.44132271862120814,,,,,0.12020599842071533,3.195806628695521,,,0.29982292652130127,8.137493368709997,0.7408102750778198,4.017585009535338,,,,,0.08552980422973633,0.3151807413708725,,,8,8
2015-05-25 18:00:00+00:00,,,0.2015818953514099,-1.5979509963228047,,,,,0.1671462059020996,4.102340625524003,,,0.12601423263549805,2.5631935883409906,0.6510193347930908,6.147952812529536,,,,,0.24493050575256348,17.770933982709533,,,7,7
2015-05-26 00:00:00+00:00,,,0.18011927604675293,-4.421336727531147,,,,,0.2561180591583252,7.595401421374425,,,,,0.33649933338165283,5.4631746798836565,,,,,,,,,6,6
2015-05-26 06:00:00+00:00,,,0.2062963843345642,-0.9784755322149431,,,,,0.1675882339477539,2.4213432961927914,,,,,0.5638163089752197,7.354215255518053,,,,,0.08142495155334473,0.6508530873333508,,,9,9
2015-05-26 12:00:00+00:00,,,0.14986401796340942,-0.9712128656850859,,,,,0.2347773313522339,11.086861523579119,,,,,0.6084632873535156,6.2415702649995675,,,,,0.10178208351135254,1.6722142512000695,,,9,9
2015-05-26 18:00:00+00:00,,,0.24194836616516113,-0.7227970691949042,,,,,0.2936065196990967,13.718420650394506,,,,,0.5344926118850708,6.844917925957865,,,,,0.02644944190979004,0.19803805274797023,,,9,9
2015-05-27 00:00:00+00:00,,,0.24101930856704712,-1.617230314936593,,,,,0.04437720775604248,-10.622412257502779,0.7094048261642456,5.8560952027084685,,,0.06404638290405273,0.9636437911420441,,,,,0.03148019313812256,0.2419488424365613,,,9,9
2015-05-27 06:00:00+00:00,,,0.17557263374328613,-0.6120538723547021,,,,,0.28785133361816406,-1.4078300609835994,0.7571104764938354,4.79917711377872,,,0.24990153312683105,3.7359786406919615,0.6825811862945557,2.426235257016575,,,0.09393823146820068,1.2981680544942358,,,10,10
2015-05-27 12:00:00+00:00,,,0.18012267351150513,-2.1926646560040215,,,,,0.02468705177307129,0.7133649414089624,0.6647326946258545,2.2474861811309084,,,0.45274627208709717,3.207493666394834,0.5416218042373657,3.0704162064844343,,,0.08316361904144287,-0.11656662602152158,,,10,10
2015-05-27 18:00:00+00:00,,,0.19864463806152344,-1.586317083535621,,,,,0.06601667404174805,2.8430411549055323,0.7663412094116211,3.1782138591091824,,,0.30753612518310547,5.336240541248102,0.7344132661819458,2.9063275357887575,,,0.08361232280731201,3.0684333222420754,,,10,10
2015-05-28 00:00:00+00:00,,,0.2890295386314392,-2.6656590581632984,,,,,,,0.12196671962738037,1.1922090765811504,,,0.6134679317474365,6.950194681313355,0.5243580341339111,2.454748165181496,,,0.11036193370819092,0.711183684040055,,,8,8
2015-05-28 06:00:00+00:00,,,0.2256680130958557,-1.8217071552304194,,,,,0.05311208963394165,-1.8665694175092409,0.14666664600372314,-0.04546614866803245,,,0.6071158647537231,5.37878610070587,0.28793811798095703,0.504737088011439,,,0.05819225311279297,1.0725712422182372,,,10,10
2015-05-28 12:00:00+00:00,,,0.278420627117157,-1.2711795770497378,,,,,,,0.1356123685836792,-0.3468952918909975,,,0.38165998458862305,6.796727849349829,0.08380818367004395,0.5853203349390881,,,0.06460750102996826,6.486552043362692,,,9,8
2015-05-28 18:00:00+00:00,,,0.23765534162521362,-1.6781685477252666,,,,,,,0.32190603017807007,0.003266076762664828,,,0.12361961603164673,0.27704516935240986,0.22867906093597412,5.153225891166771,,,0.08331167697906494,2.354697680309512,0.21732521057128906,0.63287562235145,8,8
2015-05-29 00:00:00+00:00,,,0.16360080242156982,-2.0116881555785615,,,,,,,,,,,0.04453933238983154,-0.7368556318845421,0.4689673185348511,7.6527404335935385,,,0.11215806007385254,0.39044508664383704,0.10478425025939941,0.3113341973681799,6,6
2015-05-29 06:00:00+00:00,,,0.27016371488571167,-26.863073867095135,,,,,,,,,,,0.12072336673736572,-1.3450874400913932,0.28999650478363037,3.375466475657518,,,0.0754401683807373,1.3837598992108053,,,5,5
2015-05-29 12:00:00+00:00,,,0.2931559681892395,-0.6304267123275902,0.11215829849243164,-0.8711594818109958,,,,,0.6988954544067383,0.5134202106247325,,,,,0.020756542682647705,-1.1404483996622,,,0.13367044925689697,1.4902476662967366,0.04062545299530029,0.25362395791597836,9,9
2015-05-29 18:00:00+00:00,,,0.2133142352104187,-0.7761283297638487,0.6061768531799316,-0.1388176537159322,,,,,,,,,,,0.23414874076843262,2.4763031903962607,0.01205974817276001,0.4430048750357326,0.12359559535980225,2.2961330445194905,0.23679578304290771,-0.3050510798127143,10,9
2015-05-30 00:00:00+00:00,,,0.27290433645248413,-28.11366338285589,,,,,,,,,,,,,0.26590216159820557,0.5568828440365774,,,0.10145628452301025,1.0060483935645583,0.20559215545654297,-0.12199190002209502,4,4
2015-05-30 06:00:00+00:00,,,0.23653674125671387,-1.9944363225377026,,,,,,,,,,,,,0.01058948040008545,0.07213892901018024,,,0.06293249130249023,0.3873141594594318,0.06146645545959473,-0.08036890539383547,4,4
2015-05-30 12:00:00+00:00,,,0.20450741052627563,-1.1853579675557369,,,,,,,,,,,,,,,,,0.19790112972259521,1.2129182645187935,0.056265413761138916,-0.1446459900859374,4,4
2015-05-30 18:00:00+00:00,,,0.22649598121643066,-3.4387302633818537,,,,,,,,,,,,,,,0.03896760940551758,-0.6982458013647127,0.16431498527526855,0.951282318847948,0.16766929626464844,0.1870680916982028,5,5
2015-05-31 00:00:00+00:00,,,0.19452238082885742,-0.7341714893714488,,,,,,,,,,,,,,,,,0.19036471843719482,0.21663368847446146,,,5,3
2015-05-31 06:00:00+00:00,,,0.058090150356292725,-0.2183567291960542,,,,,,,,,,,,,,,,,0.11211192607879639,1.8561530633251595,0.27017056941986084,0.2730739115019517,3,3
2015-05-31 12:00:00+00:00,,,0.282400906085968,-29.43729607669099,,,,,,,,,,,,,,,,,0.15028619766235352,1.5002049643909516,0.15945756435394287,0.2442818292630864,3,3
2015-05-31 18:00:00+00:00,,,0.1546851396560669,-4.9845026743924405,,,,,,,,,,,,,,,,,0.2467116117477417,2.249806971614661,0.439251184463501,-0.4385689699531462,4,4
2015-06-01 00:00:00+00:00,,,0.21196973323822021,-1.781134791550721,,,,,,,,,,,,,,,,,0.0718308687210083,-0.13704292311133542,0.07406806945800781,0.05002055013019332,6,6
2015-06-01 06:00:00+00:00,0.08668804168701172,1.6881885537871248,0.16664940118789673,-0.5351999164068393,,,,,,,,,,,,,,,,,0.020869314670562744,-0.010347245866680083,0.22082149982452393,0.7535882170544675,5,5
2015-06-01 12:00:00+00:00,0.36593854427337646,-0.093516910143471,0.08814871311187744,-1.5346156237163617,,,,,,,,,,,,,,,,,0.18211668729782104,0.1886063778624672,0.1924210786819458,0.5572126075193496,5,5
2015-06-01 18:00:00+00:00,0.894683375954628,-4.581250878591063,0.12890887260437012,-0.3490649079219286,,,,,,,,,,,,,,,,,,,0.23718953132629395,0.8359158409655607,4,4
2015-06-02 00:00:00+00:00,,,,,0.22273343801498413,-10.111606852169032,,,,,,,,,,,,,,,,,0.19375306367874146,0.2858613047072689,3,3
2015-06-02 06:00:00+00:00,,,,,0.1438482403755188,-0.379868865024476,,,,,,,,,,,,,,,0.027994513511657715,-2.556761954046339,0.1299312710762024,-0.6144352420328075,4,4
2015-06-02 12:00:00+00:00,,,,,0.10894972085952759,-0.15806046828141052,0.6722335815429688,-4.399057298833359,,,,,,,,,,,,,,,,,3,2
2015-06-02 18:00:00+00:00,,,0.0074890851974487305,-0.08932549115376638,,,0.692125141620636,-5.586766458320177,,,,,,,,,,,,,,,,,2,2
2015-06-03 00:00:00+00:00,,,0.02718442678451538,0.07344811575774067,,,0.6319413185119629,-5.160449314311668,,,,,,,,,,,,,,,,,2,2
2015-06-03 06:00:00+00:00,0.04718184471130371,0.2749244640507429,,,0.015066385269165039,-0.0018461299919349417,,,0.4901137351989746,-6.920923369149561,,,,,,,,,,,,,,,3,3
2015-06-03 12:00:00+00:00,0.00849604606628418,-0.05578797963714715,,,0.15695494413375854,-0.2667262675460659,0.4078750014305115,-0.41980914253951995,0.6174784898757935,-7.2119588046033725,,,,,,,,,,,,,,,4,4
2015-06-03 18:00:00+00:00,,,0.14581602811813354,-0.4527078837775402,,,0.09236001968383789,0.8198702090784423,0.5660730004310608,-4.415632631389409,,,,,,,,,,,,,,,3,3
2015-06-04 00:00:00+00:00,,,0.1236499547958374,-0.12676095667570228,,,0.02803671360015869,-0.15975319921851358,0.6512385010719299,-5.601941155608015,,,,,,,,,,,,,,,3,3
2015-06-04 06:00:00+00:00,,,0.0996253490447998,0.13634379764279922,,,0.08241111040115356,-0.8838555317993503,0.7146277129650116,-8.651668423544669,,,,,,,,,,,,,,,3,3
2015-06-04 12:00:00+00:00,,,0.1591300368309021,-0.3803811204879273,,,0.1768794059753418,0.519734294390146,0.7065214216709137,-5.052517855270264,,,,,,,,,,,,,,,3,3
2015-06-04 18:00:00+00:00,,,0.2433614730834961,-1.3684380029093763,,,0.03912186622619629,0.3836889993501454,0.6908650398254395,-7.471366249968793,,,,,,,,,,,,,,,3,3
2015-06-05 00:00:00+00:00,0.22529518604278564,-0.5701607217288116,,,,,0.11331355571746826,-0.6847394964942222,0.7402549088001251,-12.581032664411492,,,,,,,,,,,,,,,4,3
2015-06-05 06:00:00+00:00,0.29446107149124146,-1.644418634821528,,,,,0.19456934928894043,0.4245565304045453,0.7323462665081024,-9.044061890789937,,,,,,,,,,,,,,,3,3
2015-06-05 12:00:00+00:00,0.3554072976112366,-30.893731029390832,,,0.14382433891296387,0.06966592353647157,0.1799601912498474,-4.606648392968149,0.7001293897628784,-6.819908758038908,,,,,,,,,,,,,,,4,4
2015-06-05 18:00:00+00:00,,,0.15232646465301514,-3.4864988139241784,,,0.041978418827056885,0.22185847290661762,0.7148455381393433,-6.002980901340759,,,,,,,,,,,,,,,4,3
2015-06-06 00:00:00+00:00,,,0.259005069732666,-2.20081277818098,,,0.01784372329711914,-0.028238129184030035,0.6705104410648346,-8.873462887313671,,,,,,,,,,,,,,,3,3
2015-06-06 06:00:00+00:00,,,0.2557050585746765,-1.5885343058825097,,,0.3080584406852722,0.1542877074140684,0.6958739459514618,-6.96712885162363,,,,,,,,,,,,,,,4,4
2015-06-06 12:00:00+00:00,,,0.1984548568725586,-4.737415072544565,0.7104730010032654,0.03883019818177763,0.053186893463134766,0.08610007618314973,0.6602135896682739,-4.8026732143779105,,,,,,,,,,,,,,,5,5
2015-06-06 18:00:00+00:00,,,0.3136165738105774,-2.8683825520072532,0.480246901512146,1.226753660597671,0.27843427658081055,0.03972546850439286,0.7007324397563934,-7.415790003930093,,,,,,,,,,,,,,,6,6
2015-06-07 00:00:00+00:00,,,0.2415197491645813,-3.994868313657237,,,0.15389424562454224,-1.3010996556898176,0.6663951277732849,-6.934956906898542,,,,,,,,,,,,,,,4,4
2015-06-07 06:00:00+00:00,,,0.2683001160621643,-2.069898672994676,,,,,0.7233491241931915,-8.567084197979716,,,,,,,,,,,,,,,3,3
2015-06-07 12:00:00+00:00,,,0.24472075700759888,-3.0614615510471626,,,,,0.6500881314277649,-5.082219365579417,,,,,,,,,,,,,,,3,3
2015-06-07 18:00:00+00:00,,,0.21456974744796753,-1.2649497325601022,,,,,0.14915788173675537,-0.41530139724763004,0.6658907234668732,-5.950967291513075,,,,,,,,,,,,,3,3
2015-06-08 00:00:00+00:00,,,0.30309629440307617,-5.387499745839474,,,,,0.06922060251235962,0.09013313858717584,0.6250976324081421,-5.92809968532619,,,,,,,,,,,,,3,3
2015-06-08 06:00:00+00:00,,,0.2527804970741272,-2.5911053911229205,,,,,0.010799884796142578,-0.22191095036227448,0.6047075092792511,-6.7199361166464096,,,,,,,,,,,,,3,3
2015-06-08 12:00:00+00:00,,,0.31870901584625244,-2.6499553104124405,,,,,0.021990656852722168,0.4259336256739706,0.6273598372936249,-5.227245016506386,,,,,,,,,,,,,3,3
2015-06-08 18:00:00+00:00,,,0.3654598593711853,-6.444883743164343,,,,,0.0007172822952270508,-0.6254449503993907,0.6572099328041077,-5.302847157218044,,,,,,,,,,,,,3,3
2015-06-09 00:00:00+00:00,,,0.2870001196861267,-2.133496415308069,,,,,0.22394287586212158,0.28765457281898493,0.5509868562221527,-3.5565215626360143,,,,,,,,,,,,,3,3
2015-06-09 06:00:00+00:00,,,0.2393890619277954,-0.8383313695776615,,,,,0.07892459630966187,-1.0716289962820493,0.5748388767242432,-4.987138023017955,,,,,,,,,,,,,4,4
2015-06-09 12:00:00+00:00,,,0.22518914937973022,-1.281711978522294,,,,,0.07919728755950928,-0.9568457424522607,0.6826260089874268,-2.297059995690211,,,,,,,,,,,,,4,4
2015-06-09 18:00:00+00:00,,,0.21609467267990112,-3.1315741413530214,,,,,0.10767781734466553,1.0300124344566584,0.39211612939834595,-1.6810071091280305,,,,,,,,,,,,,3,3
2015-06-10 00:00:00+00:00,,,0.1590592861175537,-0.9634606889873996,,,0.522701621055603,1.5287093475130358,0.05493134260177612,-1.1135467990214527,,,,,,,,,,,,,,,3,3
2015-06-10 06:00:00+00:00,,,0.2527008652687073,-4.297159916818426,,,0.20951008796691895,-0.9676779029417604,0.05717754364013672,-0.3305579424142524,,,,,,,,,,,,,,,3,3
2015-06-10 12:00:00+00:00,,,0.07683920860290527,-0.34055005196107496,,,0.0530545711517334,-0.7930812444792718,0.09777450561523438,0.23938399813141492,,,,,,,,,,,,,,,3,3
2015-06-10 18:00:00+00:00,,,0.1978205442428589,0.9990511016235868,0.15317755937576294,-0.8740336276431557,0.08403384685516357,0.23809229653118144,,,,,,,,,,,,,,,,,3,3
2015-06-11 00:00:00+00:00,,,,,0.11890608072280884,-2.419518614162514,,,0.16110193729400635,0.42074432167728143,,,,,,,,,,,,,,,2,2
2015-06-11 06:00:00+00:00,,,0.24030184745788574,-0.6238765301147501,0.09961414337158203,-5.178107770276285,,,0.3441765308380127,1.4207740257654509,,,,,,,,,,,,,,,4,3
2015-06-11 12:00:00+00:00,0.05278325080871582,0.3650077519465349,,,0.043716251850128174,-2.127121722977865,,,,,,,,,,,,,,,,,,,2,2
2015-06-11 18:00:00+00:00,,,,,0.1944197416305542,-1.3974031783422143,,,,,,,,,,,,,,,0.35420382022857666,0.2867748422228417,,,2,2
2015-06-12 00:00:00+00:00,,,,,0.12157505750656128,0.2165656494085645,,,,,,,,,,,,,,,0.0025628209114074707,-0.6748243779624198,,,2,2
2015-06-12 06:00:00+00:00,,,,,0.09163069725036621,-0.2296050563873577,,,,,,,,,,,,,,,0.15256977081298828,-0.025724993987779766,,,2,2
2015-06-12 12:00:00+00:00,,,,,0.09077733755111694,-0.2595595852994649,,,,,,,,,,,,,,,0.04532516002655029,-0.10567295761686459,,,2,2
2015-06-12 18:00:00+00:00,,,,,0.009647548198699951,-0.5284713308288222,,,,,,,,,,,,,,,0.07105183601379395,-0.14021401473271705,,,3,2
2015-06-13 00:00:00+00:00,,,,,0.0030786991119384766,-0.34449654201226426,,,,,,,,,,,,,,,0.14126622676849365,0.662703314997542,,,2,2
2015-06-13 06:00:00+00:00,,,,,0.002749323844909668,2.4010307373101263,,,,,,,,,,,,,,,0.014324605464935303,0.04657294446302911,,,2,2
2015-06-13 12:00:00+00:00,,,,,0.05060708522796631,-0.3073654061731145,,,,,,,,,,,,,,,0.12955331802368164,-0.47583441306260604,,,2,2
2015-06-13 18:00:00+00:00,0.7183443307876587,-0.3373252059021559,,,0.0686829686164856,-0.2930922155297159,,,,,,,,,,,,,,,0.021504521369934082,-0.3844553545547499,,,3,3
2015-06-14 00:00:00+00:00,0.39507776498794556,-1.0524025190137016,,,0.1344349980354309,0.09907705716332764,,,,,,,,,,,,,,,0.004658222198486328,0.1543360779980166,,,3,3
2015-06-14 06:00:00+00:00,,,,,0.09422552585601807,0.10903988958776234,,,,,,,,,,,,,,,0.06656980514526367,-0.2709850745781587,,,3,3
2015-06-14 12:00:00+00:00,,,,,0.17349958419799805,0.012991701755557743,,,,,,,,,,,,,,,0.09450936317443848,0.7811574347144571,,,3,3
2015-06-14 18:00:00+00:00,,,,,,,,,,,,,,,,,,,,,0.059137582778930664,0.0482920988188212,,,2,1
2015-06-15 00:00:00+00:00,,,,,,,,,,,,,,,,,,,,,0.12293308973312378,0.6379386918249371,0.20947694778442383,1.4160538555201823,2,2
2015-06-15 06:00:00+00:00,,,,,,,,,,,,,,,,,,,,,0.27868688106536865,-0.20226262824147806,,,1,1
2015-06-15 12:00:00+00:00,,,,,,,,,,,,,,,,,,,,,0.1724938154220581,0.4717199101406425,,,1,1
2015-06-15 18:00:00+00:00,0.07726120948791504,-0.07843816590498509,,,,,,,,,,,,,,,,,,,0.4167611598968506,-0.48950760480707334,,,2,2
2015-06-16 00:00:00+00:00,0.18989264965057373,1.1512077577783308,,,,,,,,,,,,,,,,,,,0.043062567710876465,-0.9642050636071496,,,2,2
2015-06-16 06:00:00+00:00,0.39121460914611816,0.626244833646918,,,,,,,,,,,,,,,,,,,,,,,1,1
2015-06-16 12:00:00+00:00,0.16376018524169922,-0.12931476927998023,,,,,,,,,,,,,,,,,,,,,,,1,1
2015-06-16 18:00:00+00:00,0.6042256355285645,0.37210706290850465,,,,,,,,,,,,,,,,,,,,,,,1,1
2015-06-17 00:00:00+00:00,0.4338871240615845,0.35150094996136616,,,,,,,,,,,,,,,,,,,,,,,1,1
2015-06-17 06:00:00+00:00,0.225494384765625,0.16975218260753275,,,,,,,,,,,,,,,,,,,,,,,1,1
2015-06-17 12:00:00+00:00,0.07420992851257324,-0.24567334677916297,,,,,,,,,,,,,,,,,,,,,,,1,1
2015-06-17 18:00:00+00:00,0.4096195697784424,9.84282997570366,,,,,0.4746466875076294,2.281887599239457,,,,,,,,,,,,,,,,,2,2
2015-06-18 00:00:00+00:00,0.009581387042999268,0.23581474710624722,,,,,0.257487416267395,0.17154804243761634,,,,,,,,,,,,,,,,,2,2
2015-06-18 06:00:00+00:00,0.06558728218078613,0.09642865992645568,,,,,0.25183916091918945,2.209859079738327,,,,,,,,,,,,,,,,,2,2
2015-06-18 12:00:00+00:00,0.07515841722488403,-1.0006303422424339,,,,,0.34202873706817627,2.9764484652991317,,,,,,,,,,,,,,,,,2,2
2015-06-18 18:00:00+00:00,0.03625500202178955,-0.15668479499916937,0.19626235961914062,0.44369403792403944,,,,,,,,,,,,,,,,,,,,,2,2
2015-06-19 00:00:00+00:00,0.03448748588562012,0.32375619408533457,0.06418204307556152,-0.30215828148406676,,,,,0.19235515594482422,1.2860516611825512,,,,,,,,,,,,,,,4,3
2015-06-19 06:00:00+00:00,,,0.05297499895095825,-0.061321932285814666,,,,,0.4070667028427124,2.7344338859252395,,,0.1478259563446045,0.08265570069034832,,,,,,,,,,,3,3
2015-06-19 12:00:00+00:00,,,0.14057165384292603,-1.2902918100653133,,,,,0.5555810928344727,8.570138311053944,,,0.4319615364074707,-1.3141045961672415,,,,,,,,,,,3,3
2015-06-19 18:00:00+00:00,0.21114742755889893,-3.880489636523069,,,,,,,0.6454967260360718,9.096649563189345,,,0.5596380233764648,0.09883237770766815,,,,,,,,,,,3,3
2015-06-20 00:00:00+00:00,,,0.17987310886383057,-1.3952833931212743,,,,,0.5856441259384155,6.338336573082646,,,0.36463940143585205,0.30054773196570905,,,,,,,,,,,3,3
2015-06-20 06:00:00+00:00,,,0.14661067724227905,2.353335782851278,,,,,0.702506422996521,8.92843083047927,,,0.4136197566986084,3.4429698094935985,,,,,,,,,,,3,3
2015-06-20 12:00:00+00:00,,,0.041878700256347656,-0.004507814874511431,,,,,0.6815422773361206,7.670625923609142,,,0.3911597728729248,2.7018953008282214,,,,,,,,,,,3,3
2015-06-20 18:00:00+00:00,0.03175002336502075,-0.34799811299566463,0.42627859115600586,-0.6685077127973785,,,,,0.6555850505828857,6.570712333436765,,,0.2471238374710083,0.33519416754384146,,,,,,,,,,,4,4
2015-06-21 00:00:00+00:00,0.6776477694511414,-0.4269300799963878,0.5166700780391693,-16.236495190463692,,,,,0.6642849445343018,7.032095878660253,,,0.3906165361404419,3.0197857297770168,,,,,,,,,,,4,4
2015-06-21 06:00:00+00:00,0.3217735290527344,0.1564539786154122,0.05621671676635742,-0.3013915597576288,,,,,0.7313888072967529,6.453893833297171,,,0.33148765563964844,5.472243197624606,,,,,,,,,,,4,4
2015-06-21 12:00:00+00:00,0.2275630235671997,-0.7436275499526461,0.08536452054977417,-0.4831211979104029,,,,,0.5279757976531982,6.480762085719313,,,0.36018121242523193,3.188355598709272,0.39281928539276123,2.616942180905101,,,,,,,,,5,5
2015-06-21 18:00:00+00:00,,,0.11157095432281494,-0.12250276479503898,,,,,0.7293038368225098,5.653417387836468,,,0.3497248888015747,3.362753969960538,,,,,,,,,,,4,4
2015-06-22 00:00:00+00:00,0.36450839042663574,0.021520296218982035,0.22033804655075073,-0.3958438112253547,,,,,0.5791137218475342,4.2267980324214465,,,0.4229620695114136,3.6504205729262336,,,,,,,,,,,4,4
2015-06-22 06:00:00+00:00,0.03654837608337402,-0.5684033890327781,,,0.38350844383239746,-0.6635258584417774,,,0.7530138492584229,4.299998844772882,,,0.4085119962692261,2.2654530358807055,,,,,,,,,,,4,4
2015-06-22 12:00:00+00:00,,,0.0635918378829956,-0.1651850974057794,,,,,0.5076806545257568,0.7901441448766009,,,,,0.5232274532318115,5.714958209024566,,,,,,,,,3,3
2015-06-22 18:00:00+00:00,0.10237705707550049,0.370036347827032,,,0.0781412124633789,0.078071730948495,,,,,,,,,,,,,,,,,,,2,2
2015-06-23 00:00:00+00:00,,,0.08706545829772949,0.01767846866089898,,,,,,,0.5366055965423584,4.0459843799627775,,,,,,,,,0.3908510208129883,9.45924706787486,,,3,3
2015-06-23 12:00:00+00:00,0.08898359537124634,0.06088842714310278,,,0.4981996417045593,0.048761411364889845,,,,,,,,,,,,,,,0.3775193691253662,6.266303998633101,,,4,3
2015-06-23 18:00:00+00:00,0.1997804045677185,-0.5282055606195029,,,0.3730888366699219,-0.2697283078612334,,,,,,,,,,,,,,,0.3700915575027466,6.458671317158909,,,3,3
2015-06-24 00:00:00+00:00,0.2615503668785095,-0.8645016579634126,,,0.5988588631153107,0.14700048552076148,,,,,,,,,,,,,,,0.3357316255569458,4.455052231003459,,,3,3
2015-06-24 06:00:00+00:00,0.05804336071014404,-0.19657526088012625,,,,,,,,,,,,,,,,,,,0.31681227684020996,6.553013210256469,,,3,2
2015-06-24 12:00:00+00:00,0.17225044965744019,-0.20022507621407162,,,,,,,,,,,,,,,,,,,0.33932018280029297,9.924324309513267,,,2,2
2015-06-24 18:00:00+00:00,,,0.18732434511184692,-0.9191422412596445,,,,,,,,,,,,,,,,,0.38175785541534424,7.133381483161847,0.035491108894348145,-0.24149416983578836,3,3
2015-06-25 00:00:00+00:00,,,0.12991631031036377,-0.8523440493008314,,,,,,,,,,,,,,,,,0.25720274448394775,7.726014771678561,0.01995372772216797,-0.3779065727302251,3,3
2015-06-25 06:00:00+00:00,,,0.22275471687316895,-14.602207760991456,,,,,,,,,,,,,,,,,0.23410022258758545,4.55524828196542,,,2,2
2015-06-25 12:00:00+00:00,,,0.06402832269668579,0.33722452461881375,,,,,,,,,,,0.5267970561981201,7.239296499254973,,,,,,,0.2864879369735718,1.019547731083039,6,6
2015-06-25 18:00:00+00:00,,,0.06848055124282837,-0.4652549313780827,,,,,,,,,,,,,0.37186241149902344,5.3489910995556125,,,,,0.31096041202545166,2.8718651953620227,4,4
2015-06-26 00:00:00+00:00,,,0.11755627393722534,-3.4682638005220934,,,,,,,,,,,,,0.4168417453765869,3.3341104257590923,,,,,0.2728325128555298,3.8908728069672245,4,4
2015-06-26 06:00:00+00:00,,,0.29251593351364136,-12.950626092686498,,,,,,,,,,,,,0.47338318824768066,0.8158360094567911,,,,,0.27734673023223877,3.5425868464235037,3,3
2015-06-26 12:00:00+00:00,,,0.23545753955841064,-14.272887631280199,,,,,,,,,,,,,0.15789687633514404,-0.14501543343136733,,,,,0.26830554008483887,5.852664365226863,3,3
2015-06-26 18:00:00+00:00,,,0.3371920585632324,0.11495552870573145,,,,,,,,,,,,,0.32216620445251465,2.3715073857099216,,,,,0.3396223783493042,4.773349295570052,3,3
2015-06-27 00:00:00+00:00,,,0.1662256121635437,-0.7986894852269109,,,,,,,,,,,,,0.2976466417312622,0.06420082674038197,,,,,0.2809196710586548,5.436317422550478,3,3
2015-06-27 06:00:00+00:00,,,0.22720205783843994,-12.562383170262377,,,,,,,,,,,,,0.478664755821228,2.8262662399744127,,,,,0.33107638359069824,7.7541057183265645,3,3
2015-06-27 12:00:00+00:00,,,0.1340598464012146,-0.8515186923380875,0.15904003381729126,0.6124816589202331,0.5788655281066895,0.6352561623417704,,,,,,,,,0.3062220811843872,-0.621893857121111,,,,,0.2305234670639038,3.196124347670648,5,5
2015-06-27 18:00:00+00:00,,,0.17762166261672974,-1.1512236346888842,,,0.31615597009658813,-0.48467818753444025,,,,,0.29785919189453125,-0.486113001829152,,,,,,,,,0.1763765811920166,5.446334031434946,4,4
2015-06-28 00:00:00+00:00,,,0.01284801959991455,-0.19721933819427587,,,0.38191545009613037,-3.406558100369106,,,,,0.0595545768737793,0.3202508664838527,,,,,,,,,0.1506977081298828,2.073342175940906,4,4
2015-06-28 06:00:00+00:00,,,0.12678873538970947,-0.6600646540526708,,,0.44738101959228516,-2.7811492157427815,,,,,0.07509982585906982,0.4614167227877384,,,,,,,,,0.20635592937469482,0.6632756828798356,4,4
2015-06-28 12:00:00+00:00,,,0.25838935375213623,-17.64240792062877,,,0.3626558780670166,-3.0932449793546652,,,,,0.24546408653259277,-1.2043555620922428,,,0.3349200487136841,5.253463017202501,,,,,0.020148396492004395,0.15159113873092345,5,5
2015-06-28 18:00:00+00:00,,,0.04539358615875244,-0.528872382924138,,,0.4402927756309509,-2.1874800388488342,,,,,0.10827028751373291,0.26724271508162306,,,,,,,,,0.12000620365142822,0.9325896238165943,4,4
2015-06-29 00:00:00+00:00,,,0.14589756727218628,-0.7166511633149717,,,0.41341251134872437,-1.622623188026372,,,,,0.04187411069869995,-0.13865457041345883,,,0.25080084800720215,-0.10337216202886493,,,,,0.024726390838623047,-4.909384459178951,5,5
2015-06-29 12:00:00+00:00,,,0.19074493646621704,-0.7600468904639908,,,0.4025614261627197,-5.11166663770491,,,,,0.07464325428009033,-0.03386731251459117,,,0.16115796566009521,0.16866015629049821,,,,,0.36081165075302124,0.25232552109671424,5,5
2015-06-29 18:00:00+00:00,,,0.1604996919631958,-0.43444473626950886,,,0.5951595902442932,-5.377967511451744,,,,,0.014897406101226807,0.09493971392492924,,,0.22540462017059326,1.266296157999201,,,,,0.10578453540802002,0.2987510462910021,5,5
2015-06-30 00:00:00+00:00,,,0.18966078758239746,-0.46895910109625794,,,0.5256135165691376,-8.11398620796834,,,,,,,,,0.08426868915557861,-0.09982780180801998,0.07431089878082275,0.6135747059031241,,,,,4,4
2015-06-30 06:00:00+00:00,,,0.29334354400634766,-1.42346194358814,,,0.5248469710350037,-9.885998749624626,,,,,,,,,0.20381546020507812,0.9829399576167499,0.11349380016326904,0.3390826565334373,,,,,4,4
2015-06-30 12:00:00+00:00,0.032285451889038086,-0.09108768367427361,0.1292089819908142,-0.49838676972836615,,,0.5608753859996796,-8.008490619616097,,,,,,,,,0.002182483673095703,0.09031571925191693,0.03984558582305908,0.37766080201526836,,,,,5,5
2015-06-30 18:00:00+00:00,,,0.14195889234542847,-1.7625910766992248,,,0.546856015920639,-8.193341415800878,,,,,,,,,0.6587886810302734,1.3759696816600469,0.0362091064453125,-0.5184662948291039,,,,,4,4
2015-07-01 00:00:00+00:00,,,0.2165910005569458,-19.007960969429963,,,,,0.5775714218616486,-10.58801827442075,,,,,,,,,0.005992710590362549,0.085014616584502,,,,,3,3
2015-07-01 06:00:00+00:00,,,0.40577465295791626,-9.192128435817144,,,,,,,,,,,,,,,0.04352879524230957,-0.14036010375575267,,,,,2,2
2015-07-01 12:00:00+00:00,,,0.11417794227600098,-1.296648204439842,,,,,0.5942836403846741,-7.546020741749752,,,,,,,,,0.07074034214019775,-0.6380931007521075,,,,,3,3
2015-07-02 00:00:00+00:00,,,0.19127565622329712,-17.479564272296358,,,,,0.6711204349994659,-7.9578610874354965,,,,,,,,,0.28984057903289795,-0.13172533400804282,,,,,3,3
2015-07-02 06:00:00+00:00,,,0.16969740390777588,-1.474112275601005,,,0.5870904326438904,1.0388871036153358,0.6650906503200531,-7.999695309369517,,,,,,,,,0.044503211975097656,0.169225684941214,,,,,4,4
2015-07-02 12:00:00+00:00,,,0.26731783151626587,-1.177079379975555,,,0.11058688163757324,0.16068229995362832,0.6584897041320801,-9.062914689299083,,,,,,,,,0.04899799823760986,2.3868236756758394,,,,,4,4
2015-07-02 18:00:00+00:00,,,0.21437817811965942,-1.0763269056698048,,,0.122519850730896,-0.39278722454833376,0.6115395724773407,-5.153872373546265,,,,,,,,,0.07397818565368652,2.152635355704017,,,,,4,4
2015-07-03 00:00:00+00:00,,,0.19796156883239746,-18.622178391491087,,,0.22099030017852783,-6.071683685736981,0.6301607489585876,-8.333861128489765,,,,,,,,,,,0.09201526641845703,1.742440302350868,,,4,4
2015-07-03 06:00:00+00:00,,,0.20500105619430542,-5.055344248997253,,,0.1984838843345642,0.18907680026552623,0.5938391387462616,-4.8531254296179105,,,,,,,,,,,0.07338106632232666,0.2231585906431895,,,4,4
2015-07-03 12:00:00+00:00,,,0.19155919551849365,-2.745163913089632,,,0.13533151149749756,0.06589071109607149,0.6951280534267426,-7.876285169868046,,,,,,,,,,,0.1148456335067749,0.2813255733650101,,,4,4
2015-07-03 18:00:00+00:00,,,0.1008521318435669,-1.1163187248622093,,,0.12629711627960205,-0.11848184678302379,0.6059949398040771,-5.806935013178413,,,,,,,,,,,0.09712564945220947,-0.43821929823214184,,,4,4
2015-07-04 00:00:00+00:00,,,0.3199393153190613,-6.157739987677923,,,,,0.6703598499298096,-7.220386793254218,,,,,,,,,,,0.4093571901321411,1.4656853659642946,,,3,3
2015-07-04 06:00:00+00:00,,,0.22299182415008545,-1.8749137684660209,,,,,0.6631804704666138,-6.154003823777573,,,,,,,,,,,0.07478946447372437,-1.7770486681975346,,,3,3
2015-07-04 12:00:00+00:00,,,0.24693173170089722,-4.007018807441067,,,,,0.6275152862071991,-9.917787842571833,,,,,,,,,,,,,,,2,2
2015-07-04 18:00:00+00:00,,,0.2740964889526367,-17.50899058565378,,,,,0.6473308205604553,-6.421628206084366,,,,,,,,,,,,,,,3,3
2015-07-05 00:00:00+00:00,,,0.26040422916412354,-19.305011764498616,,,0.8110769987106323,4.952941190043784,0.5755444467067719,-5.747258961367952,,,,,,,,,,,,,,,4,4
2015-07-05 06:00:00+00:00,,,0.10286504030227661,-1.7528131536456946,,,0.6259639263153076,4.403723469897266,0.009150087833404541,0.3859619574174273,0.6834458708763123,-8.161056918031283,,,,,,,,,,,,,4,4
2015-07-05 12:00:00+00:00,,,0.31485211849212646,-0.9610235319577197,,,,,0.36696285009384155,-0.2518848809105798,0.644614040851593,-5.529996970392574,,,,,,,,,,,,,4,4
2015-07-05 18:00:00+00:00,,,0.3056822419166565,-1.4762645591501942,,,,,0.19736599922180176,3.075299252065625,0.6535016000270844,-4.219722515096342,,,,,,,,,,,,,4,4
2015-07-06 00:00:00+00:00,,,0.06380736827850342,0.1326042003802325,,,,,0.5706064701080322,7.687521391192085,0.6061199009418488,-2.968061796058993,,,,,,,,,,,,,4,4
2015-07-06 06:00:00+00:00,,,0.10072910785675049,-3.485872414330341,,,,,0.6212344169616699,2.232749836891835,0.5883950591087341,-8.750074905861931,,,0.5173285007476807,7.110587407655719,,,,,,,,,4,4
2015-07-06 12:00:00+00:00,,,0.22382062673568726,-0.30270863974734846,,,,,0.0475197434425354,0.2943425316711154,0.3874637484550476,-5.582958078415637,,,0.565091609954834,15.483972379636924,,,,,,,,,4,4
2015-07-06 18:00:00+00:00,,,0.24181348085403442,-0.7344950878969527,,,,,0.1973896622657776,-5.877877611746926,0.18376123905181885,1.120712052375571,,,0.6782554388046265,7.087588896667976,,,,,,,,,4,4
2015-07-07 00:00:00+00:00,,,0.16669327020645142,-1.0316757404956152,,,,,0.06923317909240723,-1.558626794786218,,,,,0.6172006130218506,11.259260402499548,,,,,,,,,3,3
2015-07-07 06:00:00+00:00,,,0.08910530805587769,0.09376222751175602,,,,,0.36123716831207275,0.45768526613257354,,,,,0.6635996103286743,7.004029932571273,,,0.25538504123687744,-0.34066923693645607,,,,,4,4
2015-07-07 12:00:00+00:00,,,0.15550178289413452,-0.1788368431801106,,,,,0.5920164585113525,12.218963667366335,,,,,,,,,0.17597782611846924,0.2774809061776607,,,,,4,4
2015-07-07 18:00:00+00:00,,,0.07876318693161011,-0.15709097045427273,,,,,0.5116240978240967,9.265013247484003,,,,,,,,,0.06557571887969971,0.14984891700428193,,,,,4,4
2015-07-08 00:00:00+00:00,,,0.10040313005447388,-0.5696168846432763,,,,,0.5501956939697266,10.710477280447524,,,,,,,,,0.04458785057067871,-0.352857545532791,,,,,4,4
2015-07-08 06:00:00+00:00,,,,,0.18014240264892578,0.06720160876593219,,,0.6137280464172363,6.532817215469937,,,,,,,,,0.17909479141235352,0.11947017713664353,0.043144285678863525,-0.6856376814870337,,,5,5
2015-07-08 12:00:00+00:00,,,,,0.03406786918640137,-0.10245013473296788,,,0.5574434995651245,4.519687168619524,,,,,,,,,0.19563019275665283,0.1855192009451747,0.3955974578857422,0.1139924135559192,,,4,4
2015-07-09 00:00:00+00:00,,,,,0.07400929927825928,-0.2539435521844513,,,0.59868323802948,6.143648125309607,,,,,,,,,0.040225863456726074,0.3367797185499018,0.34916841983795166,-0.04998344383861107,,,4,4
2015-07-09 06:00:00+00:00,,,0.048403382301330566,-0.23387787360191778,,,,,0.40328550338745117,3.0157880960241368,,,,,,,,,0.12308001518249512,3.9824931358733684,,,,,3,3
2015-07-09 12:00:00+00:00,,,0.18200629949569702,-0.31275328433629473,,,,,0.645327091217041,6.018532859603215,,,,,,,,,0.17146599292755127,0.27364437121413576,0.4902273416519165,1.5715712066554084,,,4,4
2015-07-09 18:00:00+00:00,,,0.15103042125701904,-15.351995565565804,,,,,,,,,,,,,0.6444305181503296,2.4403584532977045,0.19931840896606445,2.8177811362648835,0.36991965770721436,0.8670552208248776,,,4,4
2015-07-10 00:00:00+00:00,,,0.026587724685668945,-0.40093045191513,,,,,,,,,,,,,,,0.1527942419052124,0.19251807356254896,0.35730063915252686,0.8427046450615023,,,3,3
2015-07-10 06:00:00+00:00,,,0.21972352266311646,-1.1744592657313124,0.15373855829238892,-0.630251397604606,,,,,,,,,,,,,0.04224586486816406,0.416154589211038,0.13779330253601074,0.6167839920638469,,,4,4
2015-07-10 12:00:00+00:00,,,0.20423775911331177,-0.9851153925256232,,,,,,,,,,,,,,,0.0463336706161499,0.16518253767353308,0.13432979583740234,4.326381709323451,,,3,3
2015-07-10 18:00:00+00:00,,,0.3104758858680725,-20.347070552720933,,,,,,,,,,,,,,,0.005354106426239014,-24.482925041093846,0.04479396343231201,0.2774105495328437,,,3,3
2015-07-11 00:00:00+00:00,,,0.30591529607772827,-1.3295372677661543,,,,,,,,,,,,,,,0.07376468181610107,-24.67509882762075,0.23012351989746094,-0.38226686298673135,,,3,3
2015-07-11 06:00:00+00:00,,,0.28932279348373413,-0.38173449652565256,,,,,,,,,,,,,,,0.0027402639389038086,-0.33986691417529763,0.1309986114501953,2.1022279961952814,0.11919426918029785,0.32228413223056374,4,4
2015-07-11 12:00:00+00:00,,,0.2345944046974182,-0.9335405610348289,,,,,,,,,,,,,,,,,0.22321569919586182,1.2940706283723684,0.23143887519836426,0.4809501136339047,5,3
2015-07-11 18:00:00+00:00,,,0.3841933608055115,-14.139065932067862,,,,,,,,,,,,,,,,,0.1887434720993042,0.5418078259608695,0.11064457893371582,0.37149741928506236,4,3
2015-07-12 00:00:00+00:00,,,0.010713458061218262,0.08119360483151178,,,,,,,,,,,,,,,0.19418299198150635,0.031042444085807808,0.04643559455871582,1.9328251149604248,0.1781851053237915,0.2670911642833957,5,5
2015-07-12 06:00:00+00:00,,,0.056565821170806885,0.146503288521643,,,,,,,,,,,,,,,,,0.08691930770874023,0.6679952405943063,0.17609477043151855,0.6684328210490004,4,4
2015-07-12 12:00:00+00:00,,,0.05111664533615112,0.058886894308831664,,,,,,,,,,,,,,,0.5604649782180786,0.2875054630185806,0.01834040880203247,0.08793436168217772,0.05268967151641846,-0.21668019007582281,5,5
2015-07-12 18:00:00+00:00,,,0.17168354988098145,-0.02471760250395982,,,,,,,,,,,,,,,0.016161024570465088,0.8771803529896415,0.11247706413269043,-0.058499984816969566,0.08777797222137451,0.011634341117251054,5,5
2015-07-13 00:00:00+00:00,,,0.5248740017414093,-0.472246105003296,0.09088987112045288,-0.17317412326498646,,,,,,,,,,,,,0.06578195095062256,0.3216233223626001,0.3270167112350464,0.11869956011401088,0.3127312660217285,0.22459912111009706,7,6
2015-07-13 06:00:00+00:00,,,,,0.5610449910163879,-0.8394967196862358,,,,,,,,,,,,,0.2140854001045227,-0.4297944768758816,0.15485310554504395,0.6196345996529585,0.05161726474761963,0.4103474438790438,8,6
2015-07-13 12:00:00+00:00,,,,,0.9712538719177246,-0.14084698858740596,,,,,,,,,,,,,0.07796144485473633,-0.08548764428495656,0.105033278465271,0.2553581012122536,0.13881337642669678,-0.04566593335476522,5,5
2015-07-13 18:00:00+00:00,,,,,,,,,,,,,,,,,,,0.0907970666885376,-0.43162515537083684,0.001600801944732666,0.13985928566379932,0.009010732173919678,-0.05727214024806879,4,4
2015-07-14 00:00:00+00:00,,,,,,,,,,,,,,,,,,,0.28302252292633057,0.13938483098000087,0.1657503843307495,0.5630896904866821,0.124367356300354,-1.0139693988910856,4,4
2015-07-14 06:00:00+00:00,,,,,,,,,,,,,,,,,,,0.005503714084625244,0.22512220338354325,0.2850456237792969,0.6315665784483001,,,3,3
2015-07-14 12:00:00+00:00,,,,,,,,,,,,,,,,,,,0.8544137477874756,0.6944711419325219,0.10798829793930054,0.17511220086092746,,,4,3
2015-07-14 18:00:00+00:00,,,,,,,,,,,,,,,,,,,0.6384720802307129,-0.117971665134343,0.44051527976989746,0.3500772063816201,,,3,3
2015-07-15 00:00:00+00:00,,,,,,,,,,,,,,,0.8720507621765137,1.7187479296836183,,,0.11816048622131348,0.3313594467957979,0.0549924373626709,-0.2242047385779472,,,4,4
2015-07-15 06:00:00+00:00,,,,,,,,,,,,,,,0.697022557258606,2.5262443550885756,,,,,0.10423392057418823,-0.7197195383765944,,,2,2
2015-07-15 12:00:00+00:00,,,,,,,,,,,,,,,0.9139621257781982,2.5399869461113407,,,,,,,0.8631498515605927,-0.6093946781238723,2,2
2015-07-15 18:00:00+00:00,0.17454195022583008,-0.36558464458255585,,,,,,,,,,,,,0.8595156669616699,4.786624108837467,,,,,0.5512286424636841,0.6121179460705872,,,3,3
2015-07-16 00:00:00+00:00,0.04711461067199707,0.19334453432046822,,,,,,,,,,,0.6111818552017212,-0.3712720803352521,0.8415956497192383,3.709246153321522,,,0.32347679138183594,0.33410230823638143,,,,,4,4
2015-07-16 06:00:00+00:00,0.09511148929595947,0.08946107261175622,,,,,,,,,,,0.4426085948944092,0.2027346951953065,0.8153609037399292,5.922976587655357,,,0.056017398834228516,-0.6438517024042052,,,,,4,4
2015-07-16 12:00:00+00:00,0.06173670291900635,0.16441845144205433,,,,,,,,,,,0.036992549896240234,0.18809420409869795,0.81798255443573,6.742954944828275,,,0.27188754081726074,-0.25978820313499906,0.012875199317932129,0.36614651969892276,,,6,6
2015-07-16 18:00:00+00:00,0.33533400297164917,-0.2622944729622851,,,,,,,,,,,0.3773099184036255,2.665293954319695,0.8615787029266357,3.9154119191115186,,,0.24494540691375732,0.23670927927692792,,,,,6,6
2015-07-17 00:00:00+00:00,0.10840237140655518,0.221389892470061,,,,,,,,,,,0.017020463943481445,4.366775184833564,0.8396352529525757,3.851582320521458,,,0.14543139934539795,0.45394879262122606,,,,,6,5
2015-07-17 06:00:00+00:00,0.06654298305511475,-0.40895031044405844,,,,,,,,,,,0.12887156009674072,1.4250402200352608,0.8657897710800171,4.527729511225073,,,0.39719831943511963,-0.12253839639678497,,,,,4,4
2015-07-17 12:00:00+00:00,0.019997119903564453,-0.15955915351605623,,,,,,,,,,,0.19474828243255615,1.3293993527832682,0.9006277322769165,6.282723464670452,,,0.031157970428466797,-0.1297463568103835,,,,,5,5
2015-07-17 18:00:00+00:00,,,0.1640523076057434,0.5032330630522249,,,,,,,,,0.3549565076828003,5.209842626973282,0.8507758378982544,2.8044275024603325,,,0.15295732021331787,0.33429688019671133,0.010830342769622803,-2.374222307334941,,,7,7
2015-07-18 00:00:00+00:00,,,0.257796049118042,-0.026617409924059084,,,,,,,,,0.27973437309265137,8.190660145095027,0.9483797550201416,4.764095788703834,,,0.005166769027709961,-0.19358958075351163,0.0196610689163208,5.7539932904880535,,,5,5
2015-07-18 06:00:00+00:00,,,0.07781672477722168,0.1911585117769943,,,,,,,,,0.2916063070297241,0.9805042639789737,0.8854548931121826,3.70904443104584,,,0.10295605659484863,0.9072741329062637,0.11928188800811768,0.9206105839945053,,,5,5
2015-07-18 12:00:00+00:00,,,0.12157022953033447,-0.3080641735052254,,,,,,,,,0.4117748737335205,2.8476754666937745,0.8908795118331909,5.96568893663913,,,0.24541711807250977,-0.30610808425093944,0.13509106636047363,0.5815453059013571,,,5,5
2015-07-18 18:00:00+00:00,,,0.33175408840179443,-0.10568177363616013,,,,,,,,,0.22279596328735352,2.0055602574855076,,,0.9319607019424438,4.229554621214556,0.22712302207946777,0.28475150031495317,0.19528138637542725,2.499992530846513,,,5,5
2015-07-19 00:00:00+00:00,,,0.04755115509033203,-0.1692282450519752,,,,,,,,,0.2596951723098755,1.8207669802789528,,,,,0.19698667526245117,0.9023869994259096,0.1849747896194458,5.234704985003651,,,4,4
2015-07-19 06:00:00+00:00,,,0.27455639839172363,-0.5109939812496039,,,,,,,,,0.35356950759887695,-0.49720397747674006,,,,,0.11641597747802734,-0.29925810919969126,0.1840667724609375,3.5565733594946414,,,4,4
2015-07-19 12:00:00+00:00,,,0.25155800580978394,-0.7475258889351554,,,,,,,,,,,0.2569303512573242,3.0569086667294205,,,0.10393953323364258,0.06904075526497065,0.16185617446899414,1.1470758835795671,,,4,4
2015-07-19 18:00:00+00:00,,,0.2689583897590637,-0.5893364884701163,,,,,,,,,,,0.31938445568084717,4.8110515349334415,,,0.12337732315063477,0.8637252111151384,0.08656835556030273,1.1437413696750927,,,4,4
2015-07-20 00:00:00+00:00,,,0.012520194053649902,-0.17784428950007383,,,,,,,,,,,0.43095433712005615,3.3433704934911814,,,0.009160995483398438,1.1864098314448948,0.20633840560913086,3.1582328778236697,,,4,4
2015-07-20 06:00:00+00:00,,,0.19648486375808716,-0.31992915512761316,,,,,,,,,,,0.33289849758148193,9.960208723932158,,,0.07662129402160645,0.6678660167310916,0.12008357048034668,1.0505756248184166,,,4,4
2015-07-20 12:00:00+00:00,,,0.27718299627304077,-0.30134213424632084,,,,,,,,,,,0.39057981967926025,6.520596562742264,,,0.12343621253967285,-0.8864006844608254,0.12172389030456543,0.34667136618797595,,,4,4
2015-07-20 18:00:00+00:00,,,0.06566327810287476,-0.10850378024136045,,,,,,,,,,,0.3625609874725342,4.3986464854934475,,,0.13402080535888672,-0.16362566281006855,0.18605256080627441,4.949032443147929,,,6,6
2015-07-21 00:00:00+00:00,,,0.34972381591796875,-0.5503631381761797,,,,,,,,,,,0.307830810546875,6.717907616765572,,,0.2514166831970215,0.899588127022332,0.13229036331176758,0.9448637797524262,,,5,5
2015-07-21 06:00:00+00:00,,,0.07535731792449951,-0.05997955145451031,,,,,,,,,,,0.4036623239517212,4.710531755016106,,,,,0.15281450748443604,0.8082658389327054,,,5,5
2015-07-21 12:00:00+00:00,,,0.35668718814849854,-0.13270891558046385,,,0.4718106985092163,0.460561175845241,,,,,,,0.4573636054992676,4.198622239698528,,,,,0.13250160217285156,0.8434565076381229,,,6,6
2015-07-21 18:00:00+00:00,,,0.0849953293800354,-0.7204899791386012,,,0.5682293176651001,2.380006649165841,,,,,,,0.37448370456695557,11.593661501413377,,,,,0.13956689834594727,1.7253804335536616,,,4,4
2015-07-22 00:00:00+00:00,,,0.14711397886276245,0.010119797422193733,,,0.8160903453826904,6.044324445805725,,,,,,,0.33294081687927246,9.111533077231687,,,,,0.09363412857055664,1.2353987477246235,,,5,5
2015-07-22 06:00:00+00:00,,,0.2610882520675659,-9.98707693148945,,,0.7275246381759644,3.0818488418669814,,,,,,,0.406038761138916,3.5370052223362114,,,,,0.05539119243621826,0.15856531960971101,0.10591411590576172,2.989421143260749,5,5
2015-07-22 12:00:00+00:00,,,0.20785623788833618,-8.463004896850675,,,,,0.715681791305542,7.182847410515784,,,,,0.4035158157348633,5.041973545565336,,,,,0.2523578405380249,3.84058869083732,0.078957200050354,1.4425459627670876,5,5
2015-07-23 00:00:00+00:00,,,0.03292971849441528,-0.06371331835482588,,,,,0.6943955421447754,4.358369766185227,,,,,0.4011341333389282,7.2089409489188006,,,,,,,0.18685674667358398,0.6082379041992262,4,4
2015-07-23 06:00:00+00:00,,,0.12015795707702637,0.18567337657151659,,,,,0.6973623037338257,5.750128729338102,,,,,0.38424062728881836,3.7554486449362456,,,,,,,0.1053929328918457,1.6259744119388098,4,4
2015-07-23 12:00:00+00:00,,,0.09610110521316528,-0.406776508208351,,,,,0.5616887807846069,4.8523448939985565,,,0.030323147773742676,-0.06872338001507702,0.34602105617523193,4.092821975444459,,,,,,,0.1348193883895874,0.23887240123402698,6,6
2015-07-23 18:00:00+00:00,,,0.04458928108215332,-0.3372558499000973,,,,,0.4868805408477783,4.3583868064987605,,,0.01837003231048584,-0.19486941629414434,0.5983313322067261,6.526043689787644,0.49994564056396484,7.170331273546911,,,,,0.045863986015319824,0.5740761338505556,7,7
2015-07-24 00:00:00+00:00,,,0.15666848421096802,-0.6293168029024759,,,,,0.7296595573425293,6.009352103441155,,,0.5959562659263611,0.03252112950558839,0.4799538850784302,0.9101179820353256,0.47001540660858154,4.336987827067961,,,,,0.08215773105621338,0.4926725657713227,7,7
2015-07-24 06:00:00+00:00,,,0.05051994323730469,-9.259933821033957,,,,,0.7557435035705566,5.87017007844068,,,0.12217837572097778,-0.9156847081788291,,,0.13581466674804688,0.37529733820637146,,,,,0.12135553359985352,0.40707782705633944,7,7
2015-07-24 12:00:00+00:00,,,0.12528616189956665,-1.0614678121957188,0.019925355911254883,0.7476523915953396,,,0.7771942615509033,7.764346182540375,,,0.15115278959274292,0.5688167480543753,,,0.07383489608764648,-0.12574857809945117,,,,,0.10986983776092529,3.0801298481039234,8,8
2015-07-24 18:00:00+00:00,,,0.19487231969833374,-5.540113738549941,0.09112584590911865,0.23606503923663083,,,0.7426497936248779,6.825862064812814,,,0.3249484896659851,-0.5370579028746301,,,0.32895970344543457,11.982223492956772,,,,,0.058928728103637695,0.5678401137687957,9,9
2015-07-25 00:00:00+00:00,,,0.040489912033081055,-0.01462750550586033,0.027423501014709473,-0.6382191536737586,,,0.6913797855377197,5.726242614534411,,,,,,,0.2670537233352661,3.077714065039216,0.2663658857345581,0.06118625903841974,,,0.0736992359161377,0.1129766708818057,10,8
2015-07-25 06:00:00+00:00,,,0.11068016290664673,-0.5164460966218775,0.17491984367370605,0.15988428035305718,0.5586813986301422,0.14050579356779846,0.6374547481536865,9.141573736270384,,,0.028994262218475342,-0.21929952474709338,,,0.2481701374053955,0.9661903239856388,,,,,0.04092967510223389,0.11550122822499768,8,8
2015-07-25 12:00:00+00:00,,,0.10242563486099243,-0.04942313205649605,0.07714951038360596,-0.10425495207743148,0.5544299781322479,-0.5107145804555773,0.6306476593017578,6.793086069824882,,,,,,,0.2932894229888916,1.3479256507002535,0.1745699644088745,-0.12176915017163181,,,0.1497044563293457,0.5604342422263116,8,8
2015-07-25 18:00:00+00:00,,,0.19234800338745117,0.0817658608858043,0.030952811241149902,0.2495525288472032,0.2810198664665222,-1.6229652019216945,0.5197360515594482,4.639257555429562,,,,,,,0.22830462455749512,0.7968981436245266,0.16198062896728516,0.10141473450093652,,,0.10660958290100098,0.6634706727316265,8,8
2015-07-26 00:00:00+00:00,,,0.18499916791915894,-0.1308873643666767,,,0.3079683780670166,-1.8149994098804163,0.5220588445663452,6.775366738049969,,,,,,,0.23149585723876953,1.6302181047275421,0.09419655799865723,-0.1827882673779593,,,0.06277287006378174,0.03769714983489178,8,7
2015-07-26 06:00:00+00:00,,,0.23758286237716675,-1.40131166404141,0.3502153158187866,0.788248578445158,0.22798341512680054,-1.6873838403110433,0.42454099655151367,4.5571660923575115,,,0.6408180892467499,0.6359961676960567,,,0.7067065238952637,3.3177122968644004,0.16427427530288696,-1.2060957473093126,,,0.07047498226165771,0.4162412448470738,8,8
2015-07-26 12:00:00+00:00,,,0.24783754348754883,-21.72509340880602,0.25039827823638916,0.9993959299564135,0.46484726667404175,-3.24034549037458,0.8126226663589478,4.465617898686127,,,0.20088934898376465,-0.20536593839373768,,,0.10768938064575195,0.989496281242898,0.061185240745544434,0.12010519850875033,,,0.14050209522247314,0.4363589017501182,9,9
2015-07-26 18:00:00+00:00,,,0.1505376696586609,-1.2690085169508891,,,0.33258384466171265,-1.720109531244816,,,,,,,,,0.03838622570037842,0.9138456769672064,0.14133262634277344,-0.01462647483845838,,,0.04053914546966553,0.45243677453930076,6,5
2015-07-27 00:00:00+00:00,,,0.3892971873283386,-19.859025604273228,,,0.46669185161590576,-3.137572456742172,,,,,0.20969796180725098,-0.7680157584109549,,,0.18398845195770264,1.2049057489009405,0.013504743576049805,0.2924499294144996,,,0.08624422550201416,0.31099526017749984,6,6
2015-07-27 06:00:00+00:00,,,0.24587559700012207,-23.49939005309482,,,0.24830400943756104,-0.5563176896871286,,,,,0.24324500560760498,1.0347842619493886,,,0.10393822193145752,-0.32794060020246746,0.04572254419326782,-1.8003206148422939,,,0.019425272941589355,0.26803775246602735,9,8
2015-07-27 12:00:00+00:00,,,0.07089823484420776,-0.22876050308457382,,,0.33102256059646606,-1.41514058491268,,,,,0.18778902292251587,0.03251987019052203,,,0.6637316942214966,1.9441443194572972,0.005365610122680664,-0.024223375588713198,,,0.1263105869293213,0.7378855881488058,9,8
2015-07-27 18:00:00+00:00,,,0.17337900400161743,-1.5705945132235646,,,0.485107958316803,-3.335470888316293,,,,,,,,,0.11251401901245117,0.3532895019750684,0.2819514274597168,0.19142636923958553,,,0.003439784049987793,-0.12011803355380846,7,6
2015-07-28 00:00:00+00:00,,,0.21311235427856445,-1.2299826320779308,,,0.4198217988014221,-3.985303954975622,,,,,,,,,0.11264240741729736,-0.6279265842723247,0.004292845726013184,-0.3510356292147543,,,0.45516473054885864,0.2767487942438016,5,5
2015-07-28 06:00:00+00:00,,,0.1965254545211792,-2.492757813650899,,,0.5058520436286926,-5.578629124312135,,,,,,,,,,,0.021206438541412354,0.05688838406803057,,,,,5,3
2015-07-28 12:00:00+00:00,,,0.2091098427772522,-1.557304558124847,,,0.5109200179576874,-4.827478138531061,,,,,,,,,,,0.18793845176696777,-0.8640812581203255,,,,,3,3
2015-07-28 18:00:00+00:00,,,0.05508768558502197,-1.6538649139406942,,,,,0.5415752530097961,-7.758225030504434,,,,,,,,,0.055080294609069824,0.14094602076370946,,,,,3,3
2015-07-29 00:00:00+00:00,,,0.15453916788101196,-2.9370059174300334,,,0.6117860972881317,-0.4086783333285945,0.6307996511459351,-9.554915942059317,,,,,,,,,0.11152946949005127,-0.9829334474296815,,,,,4,4
2015-07-29 06:00:00+00:00,,,0.1541406512260437,-1.0929960800301615,,,0.024531245231628418,-1.4833169341327344,0.6793707013130188,-6.703799529135174,,,,,,,,,,,,,,,3,3
2015-07-29 12:00:00+00:00,,,0.1514986753463745,-2.3107052387181164,,,0.2824248671531677,0.0007470912290899472,0.5368376076221466,-6.4885230779095595,,,,,,,,,,,,,,,3,3
2015-07-29 18:00:00+00:00,,,0.24108439683914185,-1.1637288332469506,,,0.16296422481536865,-0.8345162470098796,0.5723593831062317,-3.935629745108147,,,,,,,,,,,,,,,3,3
2015-07-30 00:00:00+00:00,,,0.2381954789161682,-24.347306003834383,,,0.4855140447616577,0.5180670621690245,0.5137692987918854,-3.0945775479787154,,,,,,,,,,,,,,,3,3
2015-07-30 06:00:00+00:00,,,0.17967283725738525,-0.7117371596636588,,,,,0.6365320086479187,-7.185352795255149,,,,,,,,,,,,,,,2,2
2015-07-30 12:00:00+00:00,,,0.2471446990966797,-25.49975348853663,,,,,0.4918184280395508,-11.166227413750791,,,,,,,,,,,,,,,2,2
2015-07-30 18:00:00+00:00,,,0.23727840185165405,-1.617691810703943,,,,,0.5828400254249573,-6.6068420212450665,,,,,,,,,,,,,,,2,2
2015-07-31 00:00:00+00:00,,,0.21651285886764526,-0.3528626258830184,,,,,0.5553722083568573,-5.929128751218941,,,,,,,,,,,,,,,2,2
2015-07-31 06:00:00+00:00,,,0.19612306356430054,-0.9220634902133089,,,,,0.5034263432025909,-3.674690466665109,,,,,,,,,,,,,,,2,2
2015-07-31 12:00:00+00:00,,,0.28031468391418457,-25.431753888632066,,,,,0.567671537399292,-6.339936152631562,,,,,,,,,,,,,,,2,2
2015-07-31 18:00:00+00:00,,,0.23281937837600708,-2.936396569818795,,,,,0.5052725970745087,-5.759353968495993,,,,,,,,,,,,,,,2,2
2015-08-01 00:00:00+00:00,,,0.2475641965866089,-2.3659178634516587,,,,,0.5833853781223297,-5.216111079616058,,,,,,,,,,,,,,,2,2
2015-08-01 06:00:00+00:00,,,0.0443761944770813,23.34191145717267,,,,,0.6236832737922668,-7.2589101292583935,,,,,,,,,,,,,,,2,2
2015-08-01 12:00:00+00:00,,,0.1959284543991089,-0.8617146046574405,,,,,,,0.5124796628952026,-5.128362752536249,,,,,,,,,,,,,2,2
2015-08-01 18:00:00+00:00,,,0.1519792675971985,-0.9874651861726097,,,,,,,0.5849679410457611,-4.025790375211183,,,,,,,,,,,,,2,2
2015-08-02 00:00:00+00:00,,,0.22825998067855835,-2.809572218959279,,,,,,,0.5122382342815399,-3.030172210896087,,,,,,,,,,,,,2,2
2015-08-02 06:00:00+00:00,,,0.1679496169090271,-1.2950949407920878,0.522037923336029,-1.816811721731586,,,,,0.5921798944473267,-4.681245685442989,,,,,,,,,,,,,3,3
2015-08-02 12:00:00+00:00,,,0.23080295324325562,-1.1118107195473255,,,,,,,0.5254496037960052,-9.848170604559702,,,,,,,,,,,,,2,2
2015-08-02 18:00:00+00:00,,,0.23754066228866577,-0.37130351793262273,,,,,,,,,,,,,,,,,,,,,1,1
2015-08-03 00:00:00+00:00,,,0.00036597251892089844,-0.8592532996102582,,,,,,,,,,,,,,,,,,,,,1,1
2015-08-03 06:00:00+00:00,,,0.1879258155822754,-0.8771636715663432,0.08678030967712402,-0.14074555689206222,,,,,,,,,,,,,,,,,,,2,2
2015-08-03 12:00:00+00:00,,,0.04868811368942261,-0.2568359440953882,0.03817319869995117,0.3040013144724893,,,,,,,,,,,,,,,,,,,2,2
2015-08-03 18:00:00+00:00,,,0.20537662506103516,-0.7490200701515464,0.09220194816589355,0.03537389118849237,,,,,,,,,,,,,,,,,,,2,2
2015-08-04 00:00:00+00:00,,,0.12273865938186646,-0.7827553275096512,0.6928384006023407,-0.09373709284269234,,,,,,,,,,,,,,,,,,,2,2
2015-08-04 06:00:00+00:00,,,0.2140936255455017,-2.448351321143455,,,,,,,,,,,,,,,0.14521968364715576,0.38781415906543887,,,,,2,2
2015-08-04 12:00:00+00:00,,,0.22082918882369995,-0.7926090176757973,,,,,,,,,,,,,,,0.5353158712387085,0.8032806109829308,,,,,2,2
2015-08-04 18:00:00+00:00,,,0.1402829885482788,-0.6270626888797923,,,,,,,,,,,,,,,0.006334543228149414,-0.2508672577773925,,,,,2,2
2015-08-05 00:00:00+00:00,,,0.048187851905822754,-1.2286154205290312,,,,,,,,,,,,,,,0.07147210836410522,0.20875571777996105,,,,,2,2
2015-08-05 06:00:00+00:00,,,0.15770244598388672,-0.33187703087535253,,,,,,,,,,,,,,,0.18891572952270508,0.6053435895427253,,,,,2,2
2015-08-05 12:00:00+00:00,,,0.295365571975708,-20.05903983884794,,,,,,,,,,,,,,,0.09018850326538086,-0.007350749485279534,,,,,2,2
2015-08-05 18:00:00+00:00,,,0.07013881206512451,0.05821334156057324,,,,,,,,,,,,,,,0.34296536445617676,9.66710156863146,,,,,2,2
2015-08-06 00:00:00+00:00,,,0.09640169143676758,-0.0014582414274172263,,,,,,,,,,,,,,,0.09563088417053223,4.793664601360409,,,,,2,2
2015-08-06 06:00:00+00:00,,,0.33733534812927246,-19.545725195966394,,,,,,,,,,,,,,,0.08634066581726074,0.08384083963195268,,,,,2,2
2015-08-06 12:00:00+00:00,,,0.16358119249343872,-3.799566721113808,,,,,,,,,,,,,,,0.010512888431549072,0.0704232181594741,,,,,2,2
2015-08-06 18:00:00+00:00,,,0.09158021211624146,-0.34920499325696314,,,,,,,,,,,,,,,0.05251955986022949,0.028732701046107544,,,,,2,2
2015-08-07 00:00:00+00:00,,,0.2498907446861267,-2.1802357249428708,,,,,,,,,,,,,,,0.014515042304992676,-0.25112176372280043,,,,,2,2
2015-08-07 06:00:00+00:00,,,0.20084542036056519,-0.4634965820958019,,,,,,,,,,,,,,,0.029550552368164062,0.25697967493377966,,,,,2,2
2015-08-07 12:00:00+00:00,,,0.11412429809570312,-1.7827269696577042,,,,,,,,,,,,,,,,,0.11850571632385254,-0.12241985498691361,,,2,2
2015-08-07 18:00:00+00:00,,,,,0.0447695255279541,-0.18997732182025145,,,,,,,,,,,,,,,0.06220293045043945,-0.47761544329623556,,,2,2
2015-08-08 00:00:00+00:00,,,,,0.19529777765274048,-0.6176667492343643,,,,,,,,,,,,,,,0.011069893836975098,0.2548431576382377,,,3,2
2015-08-08 06:00:00+00:00,,,,,0.22425442934036255,-0.5208476197589703,0.3534705638885498,-0.05724757813031327,,,,,,,,,,,,,0.08968615531921387,-0.41992943854656917,,,4,3
2015-08-08 12:00:00+00:00,0.49915677309036255,0.6282872280957154,0.08429324626922607,-0.016333884158887844,,,,,,,,,,,,,,,,,0.06866896152496338,-2.024413253685924,,,4,3
2015-08-08 18:00:00+00:00,0.044842422008514404,-0.5836604004118314,,,0.13504475355148315,-0.4598133802071965,0.6104962825775146,1.8935550147537121,,,,,,,,,,,,,0.0756387710571289,0.006676972743720807,,,4,4
2015-08-09 00:00:00+00:00,0.1505454182624817,-0.13938456612178307,,,0.1410701870918274,-0.3206571973222126,0.42621004581451416,0.11339873314243837,,,,,,,,,,,,,0.11331641674041748,-0.11880029338774949,,,4,4
2015-08-09 06:00:00+00:00,0.5302261412143707,-1.1015977990798445,0.21089589595794678,-0.19428749015823388,0.0010734796524047852,-0.1685044739839044,0.4558171033859253,1.4099979744652051,,,,,,,,,,,,,0.012440204620361328,-0.05055915879184253,,,6,5
2015-08-09 12:00:00+00:00,0.5714800655841827,-1.072342279060814,,,0.0905836820602417,-0.31564531811326646,0.4430232048034668,2.3574806757408258,,,,,,,,,,,,,0.009867429733276367,-0.21478118122810647,,,5,4
2015-08-09 18:00:00+00:00,0.01042020320892334,-0.5624110436999614,,,0.1304681897163391,-0.4047668919395839,0.3165581226348877,-0.3432494934045385,,,,,,,,,,,,,0.10012125968933105,0.5633482345593793,,,4,4
2015-08-10 00:00:00+00:00,0.44336408376693726,-0.05001523086444692,,,0.07101809978485107,0.04105371977994263,0.36885714530944824,3.0405322799932204,,,,,,,,,,,0.03196144104003906,0.0971672644022372,0.02761530876159668,0.7163402857347336,,,5,5
2015-08-10 06:00:00+00:00,0.20758390426635742,0.339522123588397,,,0.005644559860229492,-0.44458018680708056,0.46024656295776367,5.236275647375406,,,,,,,,,,,0.009371399879455566,0.8955651139587067,0.16255807876586914,0.15371502176116683,,,6,6
2015-08-10 12:00:00+00:00,,,0.30618858337402344,-0.11375554645389077,0.1466638445854187,-0.3775793372490501,,,0.5457425117492676,7.40884972194177,,,,,,,,,0.044329285621643066,0.2786483393997323,0.08907055854797363,0.15902706116324378,0.04906529188156128,-0.22436542309491878,6,6
2015-08-10 18:00:00+00:00,,,,,0.37341833114624023,0.10013978543849525,,,0.6920969486236572,7.6472225289097935,,,,,,,,,0.14045476913452148,0.43703768350948097,0.11909091472625732,0.6737034477628009,0.07960563898086548,0.6077446293862013,7,6
2015-08-11 00:00:00+00:00,,,,,,,,,0.6401454210281372,6.640504595915378,,,,,,,,,0.7047739028930664,0.509848014657069,0.1543750762939453,0.10138183975465032,0.009797096252441406,0.009417218838669464,7,4
2015-08-11 06:00:00+00:00,,,,,,,,,0.6061649322509766,6.9050293399930425,,,,,,,,,0.34781569242477417,0.6072359539284377,0.041968584060668945,2.203660084178458,0.16376662254333496,-0.7352022735616388,6,4
2015-08-11 12:00:00+00:00,,,,,,,,,0.6166596412658691,7.3475813710091336,,,,,,,,,0.05485212802886963,-0.45045606276862177,0.04434370994567871,0.5030340716214771,0.5269834995269775,0.562967927016534,6,4
2015-08-11 18:00:00+00:00,,,,,,,,,,,,,,,0.6412107944488525,10.554717486665627,,,0.06387972831726074,-0.28239021950230464,0.11916923522949219,0.46924393392705754,0.18869328498840332,0.32569967654997417,6,4
2015-08-12 00:00:00+00:00,,,,,,,,,,,,,,,0.48000121116638184,5.779746553334149,,,0.25730133056640625,-0.20242272586095192,0.09242880344390869,1.0716227685593722,0.42452919483184814,-0.07509768159546441,6,4
2015-08-12 06:00:00+00:00,,,,,,,,,,,,,,,0.586235761642456,4.770816579360134,,,0.10049223899841309,0.3217267725622364,0.025647342205047607,-5.564813672805619,0.03946089744567871,-0.4151671249761425,6,5
2015-08-12 12:00:00+00:00,,,,,,,,,,,,,0.15612900257110596,0.7479687709412942,0.6361503601074219,9.504994312471913,,,0.04632467031478882,-0.055351308979509656,0.006772637367248535,2.4785184375006755,0.2902854084968567,-0.5174444404584848,5,5
2015-08-12 18:00:00+00:00,,,,,0.030869603157043457,0.15286591511294126,,,,,,,0.21768689155578613,1.4924574167907212,0.5883625745773315,12.418575186437193,,,0.09679520130157471,-0.04166084106805243,0.17821085453033447,0.7630506851577863,,,5,5
2015-08-13 00:00:00+00:00,,,,,0.04333561658859253,-0.16265554345009517,,,,,,,0.1995946168899536,2.248396261044993,0.6102744340896606,12.516618896475322,,,0.18950605392456055,5.222159539831873,,,0.12345600128173828,0.189101203223578,7,5
2015-08-13 06:00:00+00:00,,,0.06897842884063721,1.9452736154637058,0.21705156564712524,-0.18128016892366536,,,0.5593603849411011,6.594301832362218,,,0.407171368598938,1.328495073687827,,,,,0.2093524932861328,0.17763254305572354,,,0.16133856773376465,0.744894015147996,7,6
2015-08-13 12:00:00+00:00,,,0.03508061170578003,-0.4994806935269161,0.16891151666641235,-1.0065593996825368,,,0.6618509292602539,1.5025130156288506,,,0.2853585481643677,1.6181245577636512,0.7035768032073975,6.9327022840463535,,,0.21677517890930176,0.9698570043346966,,,0.11064398288726807,0.22715355987091632,8,8
2015-08-13 18:00:00+00:00,,,0.07026046514511108,-0.43795879646281044,0.1918795108795166,-0.19972755417936663,,,,,,,0.29411566257476807,4.660863244202536,0.6013597249984741,5.022506520306388,,,0.20259571075439453,3.714262877685757,,,0.09900164604187012,0.9319568461941509,7,7
2015-08-14 00:00:00+00:00,,,0.06376421451568604,0.3457525694981735,,,,,,,,,0.31302976608276367,2.4876102552505532,0.6145228147506714,19.06973293092776,,,0.03600430488586426,-0.11716524319822412,0.07943081855773926,0.781994393313752,,,5,5
2015-08-14 06:00:00+00:00,,,0.0022947192192077637,0.028980077670604523,,,,,,,,,0.30813777446746826,4.7156731887032075,0.5895192623138428,7.188917982899814,,,0.1341627836227417,0.832808941702654,,,0.13013839721679688,0.7586787959725103,7,7
2015-08-14 12:00:00+00:00,,,0.4488913416862488,-11.651159043514955,,,,,,,,,0.3519331216812134,3.3855663275348427,0.6175961494445801,8.275597895399258,,,0.28226208686828613,1.4867575031443254,,,0.0667349100112915,1.5273533470417884,7,7
2015-08-14 18:00:00+00:00,,,0.04338550567626953,-0.17862146593108275,,,,,,,0.6305345296859741,7.83060861705036,,,,,,,0.27581489086151123,2.614451735785968,0.12213850021362305,-0.2417793424278867,0.0880434513092041,1.5862127638245467,6,6
2015-08-15 00:00:00+00:00,,,0.002638578414916992,-0.22155710416169455,,,,,,,,,,,,,0.6496132612228394,7.1059676536080945,0.3343147039413452,8.108882807917052,0.7528172731399536,1.6991452089617287,0.0079231858253479,-0.7700882162137976,5,5
2015-08-15 06:00:00+00:00,,,0.47255051136016846,-12.315540703748814,,,,,,,,,0.21180856227874756,1.4956708283257893,,,0.5423092842102051,7.51986353111667,0.166998028755188,3.1581873461166348,0.26788365840911865,-0.7073093159262049,0.1394798755645752,3.005689762461214,7,7
2015-08-15 12:00:00+00:00,,,0.17900288105010986,-0.433499818585413,,,,,,,,,0.23824608325958252,3.063488067157048,,,0.6222212314605713,3.3347750038794226,0.3162740468978882,0.42636050045923296,0.18479716777801514,-0.017438485002650002,0.0034929513931274414,0.05565238424348455,7,7
2015-08-15 18:00:00+00:00,,,0.08747923374176025,0.1937896890548772,,,,,,,,,,,,,0.26169002056121826,2.091564441309855,0.21368074417114258,3.6743339453630814,0.060556650161743164,0.6014291474111104,0.037212371826171875,-0.12455446038005973,5,5
2015-08-16 00:00:00+00:00,,,0.25727277994155884,-0.02164222931005855,,,0.20495092868804932,3.3866008859374364,,,,,,,,,,,,,0.24110794067382812,6.522845739143134,0.1518338918685913,-0.4825027209040068,4,4
2015-08-16 06:00:00+00:00,,,0.14514607191085815,-0.35134630860128274,,,0.06463408470153809,-0.0559944340486632,,,,,,,,,,,0.024340510368347168,0.22963989007426147,0.2344954013824463,6.283135837182309,0.17407453060150146,-0.2966924882873211,7,7
2015-08-16 12:00:00+00:00,,,0.022124290466308594,-0.09942708177644885,,,0.5221753120422363,4.260054773926898,,,,,,,,,,,0.12189531326293945,0.09051711248644978,0.2707669734954834,6.730153465551337,0.03908085823059082,-0.07370790761220326,5,5
2015-08-16 18:00:00+00:00,,,0.29442328214645386,-0.8568082529846266,,,0.5911146402359009,3.9971833632665583,,,,,,,,,,,0.023183584213256836,-0.5290029446934494,0.251442551612854,13.859893496757696,0.048940420150756836,0.019300103069702836,6,5
2015-08-17 00:00:00+00:00,,,0.0434490442276001,-0.17207733994154917,,,0.4958527088165283,3.88135842704502,,,,,,,,,,,0.329227089881897,0.18877172547238463,0.29010117053985596,4.78444144334511,0.05977833271026611,0.0338534703794541,5,5
2015-08-17 06:00:00+00:00,,,0.0021045804023742676,0.4247255031982356,,,0.5927647352218628,5.1839457392602295,,,,,,,,,,,,,0.25238072872161865,4.3475114268486,0.0067861080169677734,0.6041759230011939,4,4
2015-08-17 12:00:00+00:00,,,0.028169572353363037,0.369640001207505,,,0.5608267784118652,4.8867569726571185,,,,,,,,,,,,,0.21354424953460693,7.036506498534903,0.15996551513671875,-0.21588664457402484,4,4
2015-08-17 18:00:00+00:00,,,0.10627901554107666,-0.6279110165234916,,,0.5817008018493652,4.822427966189062,,,,,,,,,,,,,0.2555243968963623,4.29057096317116,0.1561417579650879,0.9324662711203923,4,4
2015-08-18 00:00:00+00:00,,,0.23283928632736206,-0.3987451092436048,,,0.5729339122772217,9.544702209867086,,,,,,,,,,,,,0.19708168506622314,3.906649819112756,0.014948844909667969,-0.025884278076117588,4,4
2015-08-18 06:00:00+00:00,,,0.09287351369857788,-0.970199735691013,,,,,0.5409361124038696,10.619869180211786,,,,,,,,,,,0.2575571537017822,7.696975763234144,0.027387380599975586,0.08492829058932679,4,4
2015-08-18 12:00:00+00:00,,,0.08199191093444824,-0.20237434110869537,,,,,0.5750232934951782,8.042831712349098,,,,,,,,,,,0.2334822416305542,6.586606783372089,,,3,3
2015-08-18 18:00:00+00:00,,,0.12470537424087524,-0.8534058487773973,,,,,0.5543410778045654,7.070882236794934,,,,,,,,,,,0.2575089931488037,7.412195733058103,,,3,3
2015-08-19 00:00:00+00:00,,,0.08594620227813721,0.7912818475778629,,,,,0.5790623426437378,5.871816529858914,,,,,,,,,,,0.23513710498809814,4.587037405216705,,,3,3
2015-08-19 06:00:00+00:00,,,0.08307695388793945,-0.4451999170163131,,,,,0.5817532539367676,8.95987710297999,,,,,,,,,,,0.18890166282653809,8.531529509393023,,,3,3
2015-08-19 12:00:00+00:00,,,0.09349524974822998,-0.17726026156272762,,,,,0.5640486478805542,5.684727768585466,,,,,,,,,,,0.24038958549499512,6.303554092315575,,,3,3
2015-08-19 18:00:00+00:00,,,0.2857462763786316,-0.4863161248090217,,,,,0.5037006139755249,4.421160804679163,,,0.29574477672576904,-1.674991780155631,,,,,,,0.2060185670852661,6.0439894047471645,,,6,5
2015-08-20 00:00:00+00:00,,,0.31370866298675537,-1.1006115949098465,,,,,0.5253602266311646,5.979104291174305,,,0.3236560821533203,0.05140523303230865,,,,,,,,,0.16565263271331787,9.532430839691296,5,5
2015-08-20 06:00:00+00:00,,,0.32995402812957764,-0.055918392023062945,,,,,0.6007900238037109,8.725809664160037,,,0.13653087615966797,-0.15680387017589653,0.04472637176513672,-0.03769315697841346,,,,,,,0.2199695110321045,3.6314805723999943,6,6
2015-08-20 12:00:00+00:00,,,0.1981835961341858,-1.5168876127219664,,,,,0.6054143905639648,7.942416526475824,,,0.13883757591247559,-0.14017453753900747,,,,,,,,,0.19959986209869385,3.417972010633053,5,5
2015-08-20 18:00:00+00:00,,,0.04531663656234741,-0.38661357461227724,,,,,0.41655445098876953,4.249071221130301,,,0.0036618709564208984,0.10923727475612217,0.40564632415771484,0.3208193182921141,,,,,,,0.13845431804656982,3.087430571072341,6,6
2015-08-21 00:00:00+00:00,,,0.15286284685134888,-0.26933419802049313,,,,,0.4464184045791626,8.33982316030722,,,0.018435120582580566,0.29164799870223673,,,,,,,,,0.15894508361816406,5.489937510024881,5,5
2015-08-21 06:00:00+00:00,,,0.11132049560546875,0.11567031474718688,,,,,0.476790189743042,6.294903382762827,,,0.06672263145446777,0.054358245348153617,,,,,,,,,0.1762326955795288,2.6796659250843584,5,5
2015-08-21 12:00:00+00:00,,,0.2382381558418274,-14.912756065745592,,,0.239577054977417,-0.29057093194146916,0.4213780164718628,6.170629105728739,,,0.004773259162902832,0.19801664868279126,,,,,,,,,0.15133333206176758,1.7984312527477238,6,6
2015-08-21 18:00:00+00:00,,,0.1920216679573059,-0.12848890044108432,,,0.27205890417099,-1.4687384519325644,0.4814488887786865,3.917355244960018,,,0.04742032289505005,0.11009188671899899,,,,,,,,,0.10477626323699951,1.2496211139185114,6,6
2015-08-22 00:00:00+00:00,,,0.3471633791923523,-0.4012381741497385,,,0.3454716205596924,-3.3266494505915745,0.552814245223999,4.266411302478353,,,0.2153039574623108,0.8731921534583816,,,,,,,,,0.1647353172302246,2.309906641280215,7,7
2015-08-22 06:00:00+00:00,,,,,0.3358621597290039,-8.877148031879075,0.3998100161552429,-0.7514292577336412,0.48518502712249756,7.7613245233566195,,,0.3777732253074646,-3.717462866151653,,,,,,,,,0.17327189445495605,4.118617683598804,7,7
2015-08-22 12:00:00+00:00,,,0.14676976203918457,-0.32309338126185766,,,0.3086509108543396,-0.8587967593304284,0.6326504945755005,11.595019068958242,0.4978652000427246,10.636564481248563,0.6244039237499237,-4.320357906713406,,,,,,,,,0.16668975353240967,8.954587733729946,8,8
2015-08-22 18:00:00+00:00,,,0.32038795948028564,-0.7452106479958803,0.12188208103179932,0.639355001111033,0.32112276554107666,-5.30594148554844,0.5463650226593018,9.10589744967106,0.6163500547409058,7.8626430593476995,0.7405393719673157,-3.810621562903571,,,,,,,,,0.16939735412597656,1.7906961020387604,8,8
2015-08-23 00:00:00+00:00,,,0.13833379745483398,-0.7868746444366743,0.1200106143951416,0.586012495950922,0.27511531114578247,-1.530581794074927,0.5584031343460083,4.464086854993057,0.5063362121582031,3.254588702353852,0.630885899066925,-2.6598532765853933,,,,,,,,,0.17382681369781494,2.275361678681142,7,7
2015-08-23 06:00:00+00:00,,,0.33985817432403564,-0.009626056536666074,0.5732055902481079,0.3402319290138568,0.40804898738861084,-2.4169776508899754,0.5120910406112671,6.968141763949323,,,0.7082584500312805,-6.305241444943162,,,0.22499370574951172,2.7075742996389955,,,,,0.017163515090942383,0.08576397311533618,8,8
2015-08-23 12:00:00+00:00,,,,,,,0.33046120405197144,-3.2947125125285566,,,0.507980227470398,8.089183451935293,0.4955320358276367,1.9837174369619148,0.8236382007598877,-6.536538658073473,0.11801719665527344,0.12484618426087647,,,,,0.20996439456939697,0.1596309216315481,7,6
2015-08-23 18:00:00+00:00,,,,,,,0.45663541555404663,-6.2736875027245915,,,0.514716625213623,5.563914034539388,,,0.752370074391365,-3.9881635887844387,0.06010603904724121,0.997091166202329,,,,,0.09027397632598877,0.20753157114907075,8,8
2015-08-24 00:00:00+00:00,,,,,,,0.5247064828872681,-13.023511214196217,,,0.47161245346069336,5.387797137572907,,,0.621258944272995,-8.195811781874196,0.19761741161346436,0.6822788161987166,,,,,0.3352794647216797,1.0722685023693226,8,8
2015-08-24 06:00:00+00:00,,,,,,,0.3589506149291992,-5.305792005931567,,,0.5153102874755859,4.988338693266254,,,0.6539548635482788,-3.767858779874351,0.06944918632507324,-0.09567029923902236,,,,,0.2529315948486328,-0.26677744333247944,8,8
2015-08-24 12:00:00+00:00,0.1257128119468689,-0.22506067810949035,,,,,,,0.43593984842300415,-5.173844055314395,0.3677915334701538,2.82144275013979,,,0.6905096471309662,-2.938071942073823,,,,,,,,,6,6
2015-08-24 18:00:00+00:00,,,,,,,,,0.3923243284225464,-5.146521196555469,0.3758741617202759,3.2598876007940345,,,0.06847620010375977,4.888537158970387,,,,,,,0.03285014629364014,0.16695330056586166,6,6
2015-08-25 00:00:00+00:00,,,,,,,,,0.38718634843826294,-13.029982045553872,0.3655102252960205,1.3528579756001307,,,0.5386993587017059,-3.0627403719044497,,,,,,,,,5,5
2015-08-25 06:00:00+00:00,,,,,,,,,0.407654345035553,-6.859657004183145,0.18603205680847168,2.4228254777798095,,,0.7536722123622894,-4.003731242881904,,,,,,,,,5,5
2015-08-25 12:00:00+00:00,,,,,,,,,0.3332478404045105,-5.110828524629514,0.26472580432891846,1.126055445233306,,,,,,,,,,,,,3,3
2015-08-25 18:00:00+00:00,,,,,,,,,0.3709310293197632,-9.950838379982203,0.40599679946899414,4.577019367307161,,,0.09060442447662354,-3.7644559835862395,,,,,,,,,6,6
2015-08-26 00:00:00+00:00,,,,,,,,,0.36949801445007324,-10.439195280485183,0.3530818223953247,0.2185586814007284,,,0.26486945152282715,2.070416298847442,,,,,,,,,5,5
2015-08-26 06:00:00+00:00,,,,,,,,,0.41716182231903076,-8.794645791358578,0.39834296703338623,0.7083302206879356,,,0.28893035650253296,-0.4759746610807744,,,,,,,,,5,5
2015-08-26 12:00:00+00:00,,,,,,,,,0.3800027370452881,-10.646683503473923,0.21142077445983887,1.3458972922396526,,,0.4439411163330078,-2.5221723518350716,,,,,,,,,5,5
2015-08-26 18:00:00+00:00,,,,,,,,,0.33046627044677734,-5.7618374738922755,0.6086915731430054,0.9263073662855522,,,0.28408223390579224,-6.367417522608339,,,,,,,,,5,5
2015-08-27 00:00:00+00:00,,,,,,,,,0.3712760806083679,-8.787841621952643,0.8292693048715591,-0.15682379776149455,0.5845383405685425,1.7835619885444178,0.2396630048751831,-1.9354049669185707,,,,,,,,,6,6
2015-08-27 06:00:00+00:00,,,0.18988573551177979,-2.355340894192831,,,,,0.21665489673614502,-0.488057128649569,,,,,,,,,,,,,,,2,2
2015-08-27 12:00:00+00:00,,,0.3393462896347046,-6.570832985900232,,,0.5149673223495483,7.5550867423348835,0.05097770690917969,-2.335967646885484,,,,,,,,,,,,,,,4,4
2015-08-27 18:00:00+00:00,,,0.3439975380897522,-8.643844537753658,,,,,0.5731759071350098,6.127234541039343,,,,,,,,,,,,,,,3,3
2015-08-28 00:00:00+00:00,,,0.3606037497520447,-9.760995904682213,,,,,0.02196526527404785,-0.08565768465191392,,,,,0.6698572635650635,5.778506339485753,,,,,,,,,3,3
2015-08-28 06:00:00+00:00,,,0.3155131936073303,-10.552511155995909,,,,,0.015429139137268066,-2.6818941329156454,,,,,0.595639705657959,5.476480830305406,,,,,,,,,3,3
2015-08-28 12:00:00+00:00,,,0.2695348858833313,-9.619787963712186,,,,,0.6618469953536987,5.649375903105611,,,,,,,,,,,,,,,3,3
2015-08-28 18:00:00+00:00,,,0.2795370817184448,-3.454890120196433,,,,,0.6659722328186035,8.11482081218907,,,,,,,,,,,,,,,3,3
2015-08-29 00:00:00+00:00,,,0.25787222385406494,-7.376379632869963,,,,,0.5897375345230103,5.003090278831986,,,0.3007858395576477,-0.1803930602115714,,,,,,,,,,,3,3
2015-08-29 06:00:00+00:00,,,0.32917898893356323,-2.486558787602483,,,,,0.6733653545379639,9.249058588280967,,,0.3482546806335449,2.121407253103909,,,,,,,,,,,4,4
2015-08-29 12:00:00+00:00,,,,,0.29398196935653687,-2.8079975397184067,,,0.5805763006210327,7.647249079526533,,,0.07214772701263428,0.07027473804639446,,,,,0.22873228788375854,0.725255099388763,,,,,5,5
2015-08-29 18:00:00+00:00,,,0.15979057550430298,-1.1499732114778423,,,,,0.580276370048523,9.067882794341607,0.31608790159225464,-1.6684419763314846,,,,,,,0.13106167316436768,-0.0509577079491663,,,,,5,5
2015-08-30 00:00:00+00:00,,,0.11592161655426025,-0.7999540319485253,,,,,0.6568752527236938,5.6105456569336045,0.34069377183914185,-2.640709399205906,0.6735613346099854,1.856550381595929,,,,,0.11214697360992432,-0.6873339401332258,,,,,6,6
2015-08-30 06:00:00+00:00,,,,,0.12558293342590332,-2.2741006598000313,,,0.6168661117553711,6.9658277545054865,0.03813636302947998,-3.6627997694050665,0.5055208206176758,0.4563643426663328,,,,,0.2379169464111328,-0.5983232354309418,,,,,5,5
2015-08-30 12:00:00+00:00,,,,,0.15390026569366455,-1.3233949630680193,,,0.5753060579299927,8.330653313107614,,,0.4230232238769531,1.8447930638977448,,,,,0.09316754341125488,0.016356019597759838,,,,,4,4
2015-08-30 18:00:00+00:00,,,,,0.15625208616256714,-0.8087328804412055,,,0.6130181550979614,6.868651013367356,,,0.19427239894866943,1.8274732041974926,,,,,0.11394697427749634,0.18418685017898143,,,,,4,4
2015-08-31 00:00:00+00:00,,,,,0.12240445613861084,-0.3473184534433116,,,0.5690079927444458,5.606458750206682,0.17174655199050903,-0.3164767613915315,0.2479112148284912,1.4266476713318959,,,,,0.20251226425170898,0.05822483966770888,,,,,5,5
2015-08-31 06:00:00+00:00,,,0.2373582124710083,-3.1203896967324973,0.06137460470199585,-0.32799849697827116,,,0.5853860378265381,8.230100692505385,0.14644920825958252,0.2635557633987561,0.45712506771087646,3.8784068643211764,,,,,0.06812071800231934,0.34536580560807406,,,,,8,8
2015-08-31 12:00:00+00:00,,,0.10252368450164795,-0.3959423623262559,0.12170559167861938,-0.022580488307872834,,,0.5627450942993164,8.453454211954934,0.5489754676818848,-0.05245260761532116,0.4467369318008423,1.4909736350949268,,,,,0.16245543956756592,0.3211401409486349,,,,,8,7
2015-08-31 18:00:00+00:00,,,0.0420459508895874,-0.26240042431400534,0.21291029453277588,-0.06927502475651572,,,0.533894419670105,4.697570824317564,0.02797877788543701,-0.5143839395459803,0.6381103992462158,3.52601342182062,,,,,0.19895684719085693,0.3911429516938159,,,,,6,6
2015-09-01 00:00:00+00:00,,,0.1460300087928772,-3.5736442135356397,0.08932650089263916,0.34847057166754747,,,0.5594804286956787,7.595732355574439,,,0.5572173595428467,4.485620978946035,,,,,0.11943995952606201,0.3110322224475628,,,,,5,5
2015-09-01 06:00:00+00:00,,,,,0.017504751682281494,-0.40860057194899807,,,,,0.5547740459442139,2.7241026500751238,,,0.343120813369751,2.6569072505431874,,,0.12563872337341309,0.1835400670056806,,,,,5,5
2015-09-01 12:00:00+00:00,,,,,0.012028872966766357,0.05470451584314875,,,,,0.5412936210632324,4.541199825955695,,,,,,,0.2731151580810547,7.813588799015683,,,,,3,3
2015-09-01 18:00:00+00:00,,,,,0.3728832006454468,0.057482752099685105,,,,,0.6146795749664307,3.3172824675946178,,,,,,,0.22402238845825195,4.327127533382346,,,,,3,3
2015-09-02 00:00:00+00:00,,,0.0746527910232544,-0.10227191291665472,0.1354081630706787,0.5095237651809148,,,,,0.27105391025543213,3.631734213839322,,,,,,,,,0.18739724159240723,4.339743533203236,,,4,4
2015-09-02 06:00:00+00:00,,,0.06716382503509521,-0.1763808613842936,0.01064443588256836,0.05996438312797397,,,,,0.5173649787902832,3.6578005499630493,,,,,,,,,0.20411145687103271,8.428045589863158,,,4,4
2015-09-02 12:00:00+00:00,,,0.07225877046585083,0.07492836479734404,0.45953214168548584,0.16336601685076738,,,,,0.3729177713394165,1.0569956372919997,0.03095412254333496,0.655118388931932,,,,,,,0.22477591037750244,5.38251948595657,,,6,6
2015-09-02 18:00:00+00:00,,,0.07396697998046875,0.15795146413339442,,,,,,,,,0.10919332504272461,0.7495095132034194,,,,,,,0.25719237327575684,4.156436505462935,,,4,3
2015-09-03 00:00:00+00:00,,,0.24428892135620117,0.2226916099508428,,,,,,,,,0.2623128890991211,0.4007186409003642,,,,,0.14953821897506714,0.36823111510031564,0.29311978816986084,3.751104262614758,,,5,5
2015-09-03 06:00:00+00:00,,,0.3346160650253296,-0.1422270583552625,,,,,,,,,0.36548829078674316,1.2449642603446953,,,,,0.3821185827255249,0.8139265657753636,0.22004199028015137,8.467028295873343,,,4,4
2015-09-03 12:00:00+00:00,,,0.25861096382141113,-1.186873213691822,,,,,,,,,0.461758017539978,4.044371365406885,,,,,0.20087134838104248,0.07925131633126777,0.2745983600616455,4.684477640617192,,,4,4
2015-09-03 18:00:00+00:00,,,0.032868146896362305,-0.16680937000410992,,,,,,,,,0.42409777641296387,2.2617260787631426,,,,,,,0.23312020301818848,6.358479517775668,,,3,3
2015-09-04 00:00:00+00:00,,,0.12787950038909912,0.5868144557500156,,,0.49109649658203125,3.8932669890040374,,,,,,,,,,,,,0.20176959037780762,6.783533495853643,,,3,3
2015-09-04 06:00:00+00:00,,,0.006450295448303223,0.07540282188118955,,,0.42447030544281006,3.753111357783557,,,,,,,,,,,0.17159724235534668,0.7275377935593239,0.38947582244873047,9.711725150109254,,,4,4
2015-09-04 12:00:00+00:00,,,0.09238195419311523,-0.3689382774979785,,,0.46056342124938965,5.3522827078227895,,,,,,,0.4739261865615845,5.539293156812331,,,,,0.12972450256347656,2.155573351819906,,,4,4
2015-09-04 18:00:00+00:00,,,0.01850074529647827,-1.2300749747110582,,,0.5131205320358276,5.579013735999675,,,,,,,0.6951344013214111,3.9218976575016162,,,0.12835872173309326,0.5612384403713835,0.21960365772247314,0.162054863252259,,,5,5
2015-09-05 00:00:00+00:00,,,0.1820390820503235,-26.492477345242104,,,0.4937560558319092,3.998300860816447,,,,,,,0.7066730260848999,2.237563640196343,,,0.08312404155731201,0.25990543109362835,,,0.3582214117050171,0.43909478049154643,5,5
2015-09-05 06:00:00+00:00,,,0.1196560263633728,-5.141194915555579,,,0.49378788471221924,3.807671593002452,,,,,,,,,,,0.08591592311859131,2.4280615931747143,,,0.09253287315368652,1.1775523678148716,5,4
2015-09-05 12:00:00+00:00,0.14986371994018555,0.04975159784537357,0.05395287275314331,-0.17799877277307147,,,,,,,,,0.48473501205444336,4.344339868644703,,,,,0.09916722774505615,0.2203918261117225,,,0.08909225463867188,1.995665576796744,5,5
2015-09-05 18:00:00+00:00,0.7015131711959839,0.629753128045546,0.1280115842819214,-0.22846727433623668,,,,,,,,,0.5208567380905151,6.899665001164725,,,,,0.15742254257202148,1.022756998808627,,,0.14756405353546143,1.71193771566309,5,5
2015-09-06 00:00:00+00:00,,,0.2524070143699646,-0.3003975565273418,,,,,,,,,0.6749504804611206,9.650008072939338,,,,,,,0.10767412185668945,5.334243492057355,,,4,3
2015-09-06 06:00:00+00:00,,,0.12290507555007935,-0.107249381599898,,,,,,,,,,,0.674802303314209,5.546903735183154,,,,,0.1159600019454956,0.9577498804705169,,,4,3
2015-09-06 12:00:00+00:00,,,0.2225102186203003,-0.08834410597222823,,,,,,,,,0.03404533863067627,-1.3460480853990098,0.6045101881027222,7.278728286183804,,,,,0.10952556133270264,0.8018542513822018,,,5,5
2015-09-06 18:00:00+00:00,,,0.1120254397392273,0.041673832519066506,,,,,,,,,,,0.5991181135177612,6.570243003069711,,,,,0.1788163185119629,2.687387316034769,,,4,3
2015-09-07 00:00:00+00:00,0.39287269115448,-0.3084142746304912,0.027094364166259766,-0.4184184671106398,0.15171295404434204,-0.10130798642809545,,,,,,,0.1005626916885376,0.45577325087827636,0.6886253356933594,8.7529321094959,,,0.14822864532470703,1.5572379939543866,,,0.09126091003417969,1.7407954693695376,7,7
2015-09-07 06:00:00+00:00,,,0.1497873067855835,0.3317727165965047,0.3602803349494934,-0.7185718739825372,,,,,,,0.2762291431427002,3.2875027212414447,0.6262989044189453,7.960782238879924,,,,,0.11436116695404053,0.3783981552755277,0.12338864803314209,6.599390319836942,7,7
2015-09-07 12:00:00+00:00,,,0.16377568244934082,0.1723279154593505,,,,,,,,,0.1134645938873291,2.0082404638646802,0.5968663692474365,6.694416089171804,,,,,0.1301741600036621,0.6444193172496236,0.030430078506469727,1.0545100689302997,6,6
2015-09-07 18:00:00+00:00,,,0.1809883713722229,-0.2559330824685751,,,,,0.6438690423965454,11.880994424967511,,,0.18042278289794922,4.160033694492002,,,,,,,0.16115379333496094,4.1918270220774385,,,5,5
2015-09-08 00:00:00+00:00,,,0.2803362011909485,-0.009601417023365751,,,,,0.603891134262085,5.52350603832581,,,0.5929518938064575,3.354725083804504,,,,,,,0.20294153690338135,4.355399516627469,,,5,4
2015-09-08 06:00:00+00:00,,,0.05901461839675903,-0.09723243140044698,,,,,0.6252919435501099,8.819334284794435,,,0.32365739345550537,2.6251844114654506,,,0.411846399307251,0.7166882437121693,,,0.14462041854858398,2.3589927404278375,,,6,6
2015-09-08 12:00:00+00:00,,,0.06104487180709839,-0.05466573610383166,0.08395648002624512,-0.8821750994976119,,,0.6382179260253906,11.891097124505018,,,0.44309210777282715,2.570565355919634,0.22134435176849365,6.527964279188902,,,,,0.20451557636260986,0.48524490973605894,0.024924397468566895,-0.08062439211052644,9,9
2015-09-08 18:00:00+00:00,,,0.23489230871200562,-0.2552051405958507,,,,,0.6078609228134155,9.135494041481579,,,0.36045706272125244,2.8840877998036336,,,,,,,0.17762625217437744,2.962908235336764,0.31406843662261963,-0.4071993046611543,5,5
2015-09-09 00:00:00+00:00,,,0.07754892110824585,-0.0553676989067374,,,,,,,,,0.3501899242401123,4.350947639253228,0.619004487991333,7.0934758955688295,,,,,0.15610098838806152,3.748869036996053,0.08588206768035889,0.09667748820263028,5,5
2015-09-09 06:00:00+00:00,,,0.05280804634094238,-0.5550455203337864,,,,,,,,,0.17116761207580566,-29.773722440213323,0.6572288274765015,6.97487057625192,,,,,0.19937586784362793,2.7554444340167454,0.05961251258850098,0.3820734546531941,6,6
2015-09-09 12:00:00+00:00,,,0.2815859317779541,-0.4158319937264109,,,,,,,,,0.3278745412826538,2.5264572166794244,0.6178033351898193,10.506307334682004,,,,,0.1895298957824707,5.8203089814823565,,,4,4
2015-09-09 18:00:00+00:00,,,0.008866429328918457,0.024781945193051165,,,,,,,,,0.2633359432220459,3.4674377022798715,0.6533571481704712,7.876230763602885,,,,,0.17741501331329346,9.088043516153668,,,4,4
2015-09-10 00:00:00+00:00,,,0.014143526554107666,-0.4807248668422945,0.13159656524658203,-0.07775941016033258,,,,,,,0.30159080028533936,2.6438142563080365,0.6055045127868652,15.320842942477958,,,,,0.19879508018493652,3.75629584598608,,,5,5
2015-09-10 06:00:00+00:00,,,0.03247857093811035,-0.242992966571109,,,,,,,,,0.3122081756591797,3.6453516535293464,0.5410162210464478,8.169965700677258,,,,,0.17864739894866943,8.240041320078499,,,4,4
2015-09-10 12:00:00+00:00,0.01197803020477295,0.09941858141737418,0.05869525671005249,0.3649164106600463,,,,,,,,,0.3656817674636841,1.6633834540869725,0.5682085752487183,6.977753379618963,,,,,0.16419517993927002,3.0232653137116423,,,7,6
2015-09-10 18:00:00+00:00,0.3484450578689575,0.14190461043743188,0.1269180178642273,-0.4574088785456233,,,,,,,,,0.2648656368255615,4.27472307679961,0.7012338638305664,7.494064757072844,0.5586812496185303,7.443408686976901,,,0.22553014755249023,3.389306894165182,,,8,7
2015-09-11 00:00:00+00:00,0.18235886096954346,0.12821588002517545,0.05705899000167847,0.27294024674997325,,,,,,,,,0.24376237392425537,2.9122830140095277,0.6799348592758179,4.911590244813311,0.5645757913589478,9.297588989030015,0.3437579870223999,0.17724260627402716,0.1781061887741089,11.024972359309897,,,9,8
2015-09-11 06:00:00+00:00,0.01004493236541748,-0.1957652277433329,,,0.04950737953186035,-0.006609713476208545,,,,,,,0.24949157238006592,1.5777485170681163,0.5211262702941895,4.75946844518337,0.5364001989364624,8.122798065914594,0.33251953125,1.305452416881835,0.2058706283569336,4.342280292470188,,,8,7
2015-09-11 12:00:00+00:00,,,0.37239837646484375,-17.86467709430858,,,,,,,,,0.39674508571624756,4.883943458529592,,,0.49722111225128174,8.946434102698742,0.10949063301086426,0.06753831480579044,0.19940996170043945,4.956644165578961,,,5,5
2015-09-11 18:00:00+00:00,0.07708162069320679,0.0673070925471771,,,0.11147838830947876,-0.10868975907920989,,,,,,,0.39803123474121094,6.6643140615625835,,,0.5423790216445923,8.557453500172741,0.1674365997314453,-0.3054364779250388,0.20732319355010986,2.2432973892993453,,,7,7
2015-09-12 00:00:00+00:00,0.13274413347244263,-0.09080787551843074,,,0.008996844291687012,-0.5407367686484797,,,,,,,,,0.3591567277908325,5.6281076514177615,0.49278998374938965,4.154091461564792,0.06464910507202148,-0.4404052912032928,0.20770668983459473,6.22507878305275,,,8,8
2015-09-12 06:00:00+00:00,0.04978209733963013,-0.2695315514750995,,,0.023145437240600586,-0.3407389381961973,,,,,0.625451922416687,2.6454772909764923,0.4148247241973877,4.007679832951486,0.4225696325302124,7.828461781351105,0.47572970390319824,4.003532028323643,0.12257325649261475,1.0054038301428667,0.20040690898895264,2.8168128054987145,,,9,9
2015-09-12 12:00:00+00:00,0.2347751259803772,-1.3962739092539336,,,0.400969922542572,0.03486616650995525,,,,,0.443092942237854,3.8926173554258883,0.4101933240890503,7.397796497615279,0.47281086444854736,9.177237622787121,,,0.033153414726257324,0.12552962996888795,0.19382786750793457,4.985594271742337,,,9,9
2015-09-12 18:00:00+00:00,0.2782198190689087,-4.474558964190336,,,0.11196690797805786,-0.06956215904466317,,,,,0.13620734214782715,0.1345258804180054,,,0.4250890016555786,7.6866916904510685,,,0.12507355213165283,0.6424977602499865,,,0.22286128997802734,6.57575667607378,8,8
2015-09-13 00:00:00+00:00,,,0.24273288249969482,-0.4462278944219368,0.5781214535236359,-0.26657442258869807,,,,,0.4717942476272583,2.2112781172512603,,,0.363442063331604,8.82780324988795,,,,,0.2034320831298828,0.8760914064315797,0.21168744564056396,3.792501728221534,8,8
2015-09-13 06:00:00+00:00,,,0.3174889087677002,-2.035866768249097,0.7785994708538055,-1.017184496027635,,,,,0.5365632772445679,0.4519001382514795,,,0.45395731925964355,8.395462385331117,,,,,0.28761816024780273,8.19572424612871,,,8,7
2015-09-13 12:00:00+00:00,,,0.20952057838439941,-0.3722716883295701,0.1713017225265503,0.15355671202615825,0.028039157390594482,0.978255655510337,,,0.33765077590942383,0.43609802805091474,,,0.5473953485488892,8.375464502487576,,,,,0.30985701084136963,11.07855696471156,,,6,6
2015-09-13 18:00:00+00:00,,,0.29515910148620605,-29.022823773279267,0.8105367720127106,-0.43948287868388564,0.01626664400100708,-5.5607560203830975,,,0.030147671699523926,0.1797549538167527,,,0.646609902381897,9.747362572071317,,,,,0.26833009719848633,5.434204566697726,,,6,6
2015-09-14 00:00:00+00:00,,,0.10604739189147949,-0.7414189829645271,,,0.22257232666015625,6.599802192962727,,,0.0375441312789917,-0.1940219844578282,,,0.5447856187820435,4.09236193000653,,,,,0.275654673576355,14.572907731555615,,,6,5
2015-09-14 06:00:00+00:00,,,0.1475844383239746,-0.5658467579630719,,,0.44507157802581787,6.738804430385027,,,,,,,0.4299248456954956,7.349150873179926,,,,,0.12944769859313965,5.86222425194304,,,4,4
2015-09-14 12:00:00+00:00,,,0.23074018955230713,-28.001666023518368,,,,,0.4199187755584717,6.234244296308501,,,,,,,,,,,0.2504976987838745,4.88622681867127,,,3,3
2015-09-14 18:00:00+00:00,,,0.13184279203414917,-1.825722010999503,,,,,0.36160171031951904,2.526523120308802,,,,,,,,,,,0.27439725399017334,6.35024819297641,,,3,3
2015-09-15 00:00:00+00:00,,,0.19282978773117065,-2.4400387898889293,,,,,0.38993561267852783,7.289769630628868,,,,,,,,,,,0.2628244161605835,8.053893982380327,,,3,3
2015-09-15 06:00:00+00:00,,,0.07702600955963135,-0.8175195370333679,,,,,0.4661526679992676,9.407962043391707,,,,,,,,,,,0.22909271717071533,9.958277366611618,,,3,3
2015-09-15 12:00:00+00:00,,,0.168542742729187,-1.1106703330950558,,,,,0.5444808006286621,7.519611766615884,,,,,,,,,,,0.2491288185119629,8.068595853671424,,,4,4
2015-09-15 18:00:00+00:00,,,0.1282910704612732,-0.781803732576762,,,,,0.39501428604125977,12.127576409988592,,,0.5468035042285919,0.4433769805003931,,,,,,,0.40295636653900146,3.236179948834961,0.31055426597595215,8.514202373589049,5,5
2015-09-16 00:00:00+00:00,,,0.11358290910720825,-0.9967488303891777,,,,,0.26571547985076904,1.6639892249183623,,,0.2710912823677063,1.193754710831906,,,,,,,0.25163114070892334,0.8872748163471219,0.2954601049423218,7.996125111601379,5,5
2015-09-16 06:00:00+00:00,,,0.23595821857452393,-0.18909430212971415,,,,,0.3066951036453247,4.663713624071112,,,0.21388494968414307,-0.3143064834628429,,,0.30293750762939453,7.796849142247242,,,,,,,4,4
2015-09-16 12:00:00+00:00,,,0.1365233063697815,-0.37765700615693876,,,,,0.2682534456253052,0.1286436128953619,,,0.3969518542289734,-1.1958585009414038,,,0.31777048110961914,6.366678376269848,,,,,,,4,4
2015-09-16 18:00:00+00:00,,,0.2083507776260376,-0.44593266023989236,,,,,0.359591007232666,3.0510051978772927,,,0.29755157232284546,-1.0027112503762674,,,0.33728253841400146,7.629063731612445,,,,,,,4,4
2015-09-17 00:00:00+00:00,,,0.07470554113388062,-0.738704866883537,,,,,0.38075578212738037,-0.16563575142062578,,,0.2286754846572876,1.143762240113163,,,0.4430859088897705,6.968611264043326,,,,,0.06094026565551758,0.6095222335753615,5,5
2015-09-17 06:00:00+00:00,,,0.09749633073806763,-1.286326926538688,,,,,,,,,0.4775625467300415,-6.169481978950996,,,0.42757701873779297,5.0376729181928805,,,,,0.11704826354980469,2.1349545139963078,4,4
2015-09-17 12:00:00+00:00,,,0.12369740009307861,-0.2617113978450194,,,,,,,,,0.5938036143779755,-4.9214555688795905,,,0.3586350679397583,6.609826643328291,,,,,0.10059654712677002,1.0342265109291104,4,4
2015-09-17 18:00:00+00:00,,,0.03414022922515869,-0.2602393628819145,0.2690531611442566,-0.08627017434488304,,,,,,,0.5405449271202087,-2.41543556004753,,,0.40087878704071045,7.936646798218185,,,,,0.05159914493560791,0.9057514321842509,5,5
2015-09-18 00:00:00+00:00,,,0.06993794441223145,0.5283143669670046,0.18996238708496094,0.32469379175339164,,,0.17071223258972168,2.642221969492856,,,0.5520598590373993,-5.325358970148102,,,0.37178170680999756,5.579649934197631,,,,,0.12906348705291748,0.05971579621258138,7,7
2015-09-18 06:00:00+00:00,,,,,,,,,0.11291444301605225,-3.8226585799724835,,,0.46556270122528076,-3.487482738666443,,,0.367153525352478,3.0325029718023595,,,,,0.12986838817596436,0.4966005116453718,6,4
2015-09-18 12:00:00+00:00,,,,,,,,,0.6261504888534546,5.98740279894107,,,0.48594528436660767,-3.464903443439121,,,0.30543792247772217,2.8954352137762123,,,,,0.05666017532348633,1.5916320533652164,5,4
2015-09-18 18:00:00+00:00,,,,,,,0.1401519775390625,-0.031313340245586116,,,0.5391114950180054,0.9712581527771108,0.5836495459079742,-5.00694898260038,,,0.3181244134902954,3.8487646689616746,,,,,0.13918793201446533,0.2926451121370461,7,5
2015-09-19 00:00:00+00:00,,,0.5879194140434265,0.8216680160481505,0.17645388841629028,0.3670805330332884,0.12087827920913696,-0.6132168883035759,,,0.4032379388809204,2.1208627775249806,0.6007047891616821,-4.17282336297025,,,0.39314913749694824,8.088877995248845,,,,,0.08742451667785645,0.09851082442638291,7,7
2015-09-19 06:00:00+00:00,,,,,0.05560934543609619,0.0929359841271904,0.2839040160179138,-0.5433528928191538,,,0.47859132289886475,2.894230263453833,0.6314039826393127,-5.393563959531928,,,0.2838897705078125,1.812272410457767,,,,,0.22364580631256104,0.31693435142522136,7,7
2015-09-19 12:00:00+00:00,,,,,0.5984669923782349,-0.004826245629019155,0.3106924295425415,-1.6978289599350285,,,0.1339666247367859,0.08192519721774194,0.5740622580051422,-4.92485567432204,,,0.32762444019317627,1.828413314718738,,,,,0.0014023184776306152,1.1191217143107017,7,6
2015-09-19 18:00:00+00:00,,,,,0.13643485307693481,0.61878673022316,0.43057888746261597,-4.965101236926511,,,0.03913682699203491,-0.048395432743337415,,,0.5409792363643646,-7.117107778824198,0.23233020305633545,8.371961928626575,,,,,0.08351624011993408,-0.1185475499583613,6,6
2015-09-20 00:00:00+00:00,,,,,0.033393025398254395,-0.0051994259881375455,0.4612327218055725,-3.7014175738037802,,,0.06357318162918091,0.08571382867852533,,,0.6711046993732452,-9.666179835159866,0.19065988063812256,0.8777876254198249,,,,,0.010914325714111328,-0.11837684199854609,6,6
2015-09-20 06:00:00+00:00,,,,,0.20183449983596802,-0.46591838632849525,0.4424020051956177,-5.732003979550934,,,0.1379649043083191,-0.03989264523248021,,,0.6762126386165619,-9.489159894810157,0.17468035221099854,1.1602450167573428,,,,,0.10076791048049927,0.16138315877134424,7,7
2015-09-20 12:00:00+00:00,,,,,,,0.3828434348106384,-6.709050760257816,,,0.3449361324310303,0.15922936111438743,,,0.6542755663394928,-4.722552749332892,0.23420798778533936,1.4516150610236773,,,,,0.17987990379333496,0.22409942907575256,7,6
2015-09-20 18:00:00+00:00,,,,,,,0.39420974254608154,-10.44916498317541,,,0.02591860294342041,1.008031632084837,,,0.5543792545795441,-4.425262465725838,0.3209054470062256,0.2785016833391566,,,,,0.030382931232452393,0.0711180010653853,8,7
2015-09-21 00:00:00+00:00,,,,,,,0.37467920780181885,-7.767376371531559,,,0.387179970741272,0.09317509050294615,,,0.7481854259967804,-7.006929029262468,0.21834325790405273,0.15232728083277391,,,,,0.024046659469604492,0.15357735284575524,7,6
2015-09-21 06:00:00+00:00,,,,,,,0.2341727614402771,0.141254316264209,0.47130537033081055,-9.613927605420528,0.3376774787902832,0.3897426418268887,,,0.7491215467453003,-8.24426687096476,0.14088940620422363,0.873587179759079,,,,,0.21849966049194336,0.7091788956797486,7,6
2015-09-21 12:00:00+00:00,,,,,,,0.1254977583885193,-0.2908530939445436,0.3790801763534546,-7.271862407251845,0.10842996835708618,-0.11717218763431489,,,0.6797202229499817,-8.773942705320408,0.45750439167022705,0.9575686069984178,,,,,0.2210325002670288,-0.15067706085992758,6,6
2015-09-21 18:00:00+00:00,,,,,,,0.0028421878814697266,-0.24228512452874085,0.3828853964805603,-4.974073989329453,0.02377164363861084,-0.021417978064830076,,,0.5391676723957062,-6.930881248676933,,,,,,,0.9377940893173218,0.8024689098982795,6,6
2015-09-22 00:00:00+00:00,,,,,,,0.17170625925064087,-0.5769328047388447,0.36010903120040894,-8.302263311110087,,,,,0.612797349691391,-7.205501921129139,,,,,,,,,4,4
2015-09-22 06:00:00+00:00,,,,,,,0.12824803590774536,0.29031447499499563,0.42511171102523804,-5.47834050159506,,,,,0.6477042734622955,-6.804295718149732,,,,,,,,,3,3
2015-09-22 12:00:00+00:00,,,0.42490726709365845,-9.13456502947305,,,0.07958364486694336,-0.48333493637984953,,,,,,,0.6345279514789581,-9.862528664260623,,,,,,,,,3,3
2015-09-22 18:00:00+00:00,,,0.4491422176361084,-8.043558943399997,,,0.22522413730621338,-0.9794225697249918,,,,,,,0.6532439589500427,-9.6815207901688,,,,,,,,,3,3
2015-09-23 00:00:00+00:00,,,0.3547816276550293,-6.242052473096981,,,0.6267138123512268,-2.648047119892455,,,,,,,0.5469207167625427,-6.019552075186266,,,,,,,,,3,3
2015-09-23 06:00:00+00:00,,,0.4028460383415222,-7.234135872558731,,,0.3813091516494751,-0.18899353334988056,,,,,,,0.5890523195266724,-13.174138592121686,,,,,,,,,3,3
2015-09-23 12:00:00+00:00,,,0.31510627269744873,-5.340348928352256,,,,,,,,,,,0.6097874045372009,-11.158300519360175,,,,,,,,,2,2
2015-09-23 18:00:00+00:00,,,0.10908657312393188,-0.8018840915561894,,,,,0.605940043926239,-5.293823066797212,,,,,0.5822323560714722,-14.544401862376693,,,,,,,,,3,3
2015-09-24 00:00:00+00:00,,,0.34146153926849365,-8.720311143472639,,,,,,,,,,,,,0.5486132204532623,-14.494601264065333,,,,,,,2,2
2015-09-24 06:00:00+00:00,,,0.25674015283584595,-1.5948342700255111,,,,,0.6199115216732025,-3.502276826119471,,,,,,,0.5706179440021515,-7.84177788199565,,,,,,,3,3
2015-09-24 12:00:00+00:00,,,0.17000234127044678,-0.5646653599821108,,,,,0.6240145564079285,-5.252463939356007,,,,,,,0.5158224999904633,-1.8793397691834153,,,,,,,4,4
2015-09-24 18:00:00+00:00,,,0.17457431554794312,-1.0329093697181357,,,,,0.23891359567642212,-0.7817751210170288,0.6011221706867218,-7.63120509040792,,,,,0.5475741624832153,-7.451513252263204,,,,,,,5,5
2015-09-25 00:00:00+00:00,,,0.1581382155418396,-0.15899897316014483,,,,,,,,,,,,,,,,,,,,,1,1
2015-09-25 06:00:00+00:00,,,0.22563058137893677,-0.9319922116431182,,,,,,,0.7531536370515823,-4.677788679972464,,,,,0.3191249370574951,-1.0174722483970275,,,,,,,3,3
2015-09-25 12:00:00+00:00,,,0.2854594588279724,-3.1732704383815413,,,,,,,0.4487931728363037,-3.007381675569581,,,,,0.42138242721557617,-1.0739164701475372,,,,,,,3,3
2015-09-25 18:00:00+00:00,,,0.2249186635017395,-0.9967689776043595,,,,,,,0.5030414462089539,-2.365907465640083,,,,,,,,,,,,,2,2
2015-09-26 00:00:00+00:00,,,0.22762584686279297,-1.844640452452943,,,,,,,,,,,,,,,,,,,,,1,1
2015-09-26 06:00:00+00:00,,,0.09607619047164917,-0.10484458596557378,,,,,,,,,,,,,,,,,,,,,1,1
2015-09-26 12:00:00+00:00,,,0.09648072719573975,-0.32070079573856214,,,,,,,,,,,,,,,,,,,,,1,1
2015-09-26 18:00:00+00:00,,,0.2060043215751648,-0.2654941890172608,,,,,,,,,,,,,,,,,,,,,1,1
2015-09-27 00:00:00+00:00,,,,,0.17341500520706177,-0.4595018133202751,,,,,,,,,,,,,,,,,,,2,2
2015-09-27 06:00:00+00:00,,,,,0.6378449201583862,12.210549036181511,,,,,,,,,,,,,,,,,,,1,1
2015-09-27 12:00:00+00:00,,,,,0.7482008934020996,13.330005416407333,,,,,,,,,,,,,,,,,,,1,1
2015-09-27 18:00:00+00:00,,,,,0.43579626083374023,13.164815213228719,,,,,,,,,,,,,,,,,,,1,1
2015-09-28 00:00:00+00:00,,,,,0.3622644543647766,-11.281038956104663,,,,,,,,,,,,,,,,,,,1,1
2015-09-28 06:00:00+00:00,,,,,0.1135982871055603,-0.2770354034508382,,,,,,,,,,,,,,,,,,,2,1
2015-09-28 12:00:00+00:00,0.0731581449508667,0.030978815257908333,,,0.36985039710998535,-4.003631378144481,,,,,,,,,,,,,,,,,,,3,2
2015-09-28 18:00:00+00:00,0.32401108741760254,0.23822957208199436,,,0.4576507806777954,-0.535541891816926,,,,,,,,,,,,,,,,,,,3,3
2015-09-29 00:00:00+00:00,0.32082462310791016,0.5359768875501647,,,,,,,,,,,,,,,,,,,,,,,5,1
2015-09-29 06:00:00+00:00,,,0.5644494295120239,0.7453568734082516,,,,,,,,,,,,,,,,,,,,,1,1
2015-09-29 12:00:00+00:00,,,0.16029536724090576,0.020575202867648655,,,,,,,,,,,,,,,,,,,,,1,1
2015-09-29 18:00:00+00:00,,,0.4917142987251282,-0.27055876762884384,,,0.23140978813171387,2.247947573497406,,,,,,,,,,,,,,,,,2,2
2015-09-30 00:00:00+00:00,,,0.301082968711853,-0.8389134780221358,,,0.21171224117279053,0.6357722848146338,,,,,,,,,,,0.07296860218048096,0.23735638279264656,,,,,3,3
2015-09-30 06:00:00+00:00,,,0.16144025325775146,-0.7946182429927567,,,0.4316774606704712,2.0403859125248647,,,,,,,,,,,0.15968739986419678,1.9095435370976033,,,,,3,3
2015-09-30 12:00:00+00:00,,,0.2938157320022583,-0.41098375339871596,,,0.33372700214385986,5.626679299130071,,,,,,,,,,,,,0.15629065036773682,2.444892981121168,,,3,3
2015-09-30 18:00:00+00:00,,,0.2165837287902832,-0.4588128716287814,,,0.3247159719467163,4.081013121627806,,,,,,,,,,,,,0.1155858039855957,1.4098838106161042,,,3,3
2015-10-01 00:00:00+00:00,,,0.08323144912719727,-0.5137418652409449,,,0.42256593704223633,4.090440237220251,,,,,,,,,,,,,0.1092761754989624,4.101877935837958,,,3,3
2015-10-01 06:00:00+00:00,,,0.16676753759384155,-0.3817762223412535,,,0.2923210859298706,5.450178965701239,,,,,,,,,,,,,0.19165253639221191,9.446876368811338,,,3,3
2015-10-01 12:00:00+00:00,,,0.055512964725494385,-5.471462169565179,,,0.3737591505050659,5.191328350113513,,,,,0.2961142659187317,-0.013069205148829791,,,,,,,0.08174240589141846,1.1773168455887897,,,4,4
2015-10-01 18:00:00+00:00,,,0.33428794145584106,-18.94757336371647,,,0.5275369882583618,6.2264530508783205,,,,,0.3725675344467163,-0.36073154140463626,,,,,,,0.15060734748840332,-1.3198638898060304,,,4,4
2015-10-02 00:00:00+00:00,,,,,0.46999627351760864,-15.823539966299187,0.4456723928451538,8.240679136958786,,,,,0.027447164058685303,-0.14844353403239224,,,,,,,0.09560084342956543,1.918699661163184,,,4,4
2015-10-02 06:00:00+00:00,,,,,0.18012464046478271,-24.380973982217974,0.48990845680236816,6.53661923870887,,,,,0.07349884510040283,0.9833469027333787,,,,,,,0.16303658485412598,-11.82371486138381,,,4,4
2015-10-02 12:00:00+00:00,,,,,0.21496599912643433,-19.640398016348666,0.542705774307251,6.994276867146721,,,,,0.16531240940093994,0.7322389019084025,,,,,,,0.16174936294555664,2.3305830794900775,,,4,4
2015-10-02 18:00:00+00:00,,,,,0.0008122920989990234,0.5868724302375986,,,0.8194206953048706,3.5695100424889534,,,0.0820050835609436,-0.4310876478145234,0.30153918266296387,0.5591452990984529,,,,,0.17085540294647217,0.8174336449965852,,,6,6
2015-10-03 00:00:00+00:00,,,,,0.1320752501487732,-8.51195123856827,,,0.5563865900039673,7.090944661724554,,,0.12714552879333496,-0.4133736710379861,,,,,0.22859573364257812,0.19959152230211655,0.1514979600906372,2.0289625502738047,,,5,5
2015-10-03 06:00:00+00:00,,,,,0.48008567094802856,-16.102364528853876,,,0.5476175546646118,6.9069511772965715,,,0.18464899063110352,1.1588708108368309,,,,,,,0.13917815685272217,0.7862966478226316,,,4,4
2015-10-03 12:00:00+00:00,,,0.03282451629638672,1.7053003756931868,0.07818472385406494,0.05169140441947576,,,0.5291495323181152,8.538850346542628,,,0.20687735080718994,0.8364247929202191,,,,,,,0.062111854553222656,4.001789756167763,,,7,5
2015-10-03 18:00:00+00:00,,,0.02664130926132202,0.22553395502079782,0.2716262936592102,-0.45685215574659516,,,,,,,0.24299442768096924,2.2106959866079228,0.5016297101974487,7.772131291545221,,,0.19116175174713135,2.1323570501691242,0.1599634885787964,2.1792503769330085,,,6,6
2015-10-04 00:00:00+00:00,,,0.10649657249450684,-0.18982256911591405,0.1253034472465515,-0.2895292543608612,,,,,,,0.03922450542449951,0.35586383765232077,0.5874515771865845,8.757903289616515,,,0.07163447141647339,-0.5688933560313288,0.12618529796600342,1.0252988948504422,,,6,6
2015-10-04 06:00:00+00:00,,,0.03237062692642212,-0.42785231386331385,0.3666931986808777,-0.5578095757725028,,,,,,,0.29820501804351807,8.270832554370848,0.540469765663147,8.705590146774647,,,0.010877013206481934,0.037396511575498545,0.09477245807647705,2.762973301776241,,,6,6
2015-10-04 12:00:00+00:00,,,0.023983478546142578,0.7819574693763977,0.09389382600784302,0.8840810714304018,,,,,,,0.24415194988250732,0.950906850880102,0.49375128746032715,6.731939636618144,,,0.13682186603546143,-0.49727260367351717,,,0.15800917148590088,1.1057379857055358,6,6
2015-10-04 18:00:00+00:00,,,0.36018532514572144,-0.7518927596417351,0.08803081512451172,-0.28432801878269115,,,,,,,0.12267148494720459,0.9305040994252365,0.4997357130050659,10.123969628980234,,,0.22699642181396484,0.26730029034233005,,,0.11274290084838867,1.2212850510011943,7,7
2015-10-05 00:00:00+00:00,,,0.02736067771911621,0.23740225143735227,0.012966752052307129,0.444342076097323,,,,,,,,,0.5004472732543945,6.754024523918772,,,0.1800447702407837,1.6777263759320307,,,0.1303023099899292,0.5940222911374206,6,6
2015-10-05 06:00:00+00:00,,,,,0.053789734840393066,-0.3680899845704261,,,,,,,,,0.5126410722732544,8.883769941369279,,,0.21112430095672607,7.793897597255669,0.07547688484191895,2.090178017075419,0.14626431465148926,0.8829076792762354,6,6
2015-10-05 12:00:00+00:00,,,,,0.49856889247894287,-0.13573184879598466,,,,,,,,,0.5376975536346436,9.009105146200111,,,0.14956462383270264,2.2078794713618333,0.02100372314453125,-0.6292549234879875,0.1998978853225708,0.9920144201142964,8,7
2015-10-05 18:00:00+00:00,,,,,0.02348506450653076,0.37949280069995694,,,,,,,,,0.5859699249267578,13.024361188380254,,,0.18578457832336426,7.408091132702695,0.022857666015625,0.18602588601889203,0.0003675222396850586,0.28844606416310586,8,6
2015-10-06 00:00:00+00:00,,,,,0.211683988571167,0.0275229381427516,,,,,,,0.25009286403656006,3.122870338587991,0.521058201789856,7.734527189245562,,,,,,,0.1767284870147705,0.4546723428336531,4,4
2015-10-06 06:00:00+00:00,,,,,0.014566242694854736,0.4911593862457185,,,,,,,0.24839138984680176,3.9488270259928413,0.5646876096725464,6.348016587998605,,,,,,,,,3,3
2015-10-06 12:00:00+00:00,0.15233862400054932,-0.49149718376615736,,,0.2928417921066284,-0.45027952991691317,,,0.5114600658416748,7.998025249862143,,,,,,,,,,,0.15965807437896729,3.867167133136241,,,4,4
2015-10-06 18:00:00+00:00,0.5895126461982727,-0.7856440592289619,,,0.29254066944122314,-0.4146376775647425,,,0.5057680606842041,10.359774890742553,,,,,,,,,,,0.23454689979553223,7.09105159197366,,,4,4
2015-10-07 00:00:00+00:00,,,0.31589198112487793,0.8879885811087186,,,,,,,,,,,0.5123399496078491,7.112831405723546,,,,,0.2690180540084839,12.616696282337024,,,4,3
2015-10-07 06:00:00+00:00,,,0.26533812284469604,-1.5702622423252728,,,,,0.48165929317474365,8.171695638092771,,,,,0.162830650806427,0.12453634991379944,,,,,0.26873719692230225,5.874843964875688,,,5,5
2015-10-07 12:00:00+00:00,,,0.31142497062683105,0.08878540068693558,,,,,,,0.48625242710113525,9.551958721361075,,,,,,,,,0.2950536012649536,6.291942650094757,,,4,3
2015-10-08 00:00:00+00:00,,,0.19986754655838013,0.06840241683515048,,,,,,,0.5167615413665771,7.886050436732505,,,0.293001651763916,14.223180775396328,,,,,,,,,4,3
2015-10-08 06:00:00+00:00,,,0.44286245107650757,-9.965261293014994,,,,,,,0.46254169940948486,6.755066884691021,,,0.348885178565979,9.061593415585522,,,,,,,0.11653172969818115,0.21163494349009263,5,4
2015-10-08 12:00:00+00:00,,,0.11615324020385742,0.19054208687296775,,,,,,,0.3823317289352417,3.637569684050157,,,0.3398851156234741,6.942561908271612,,,0.3111783266067505,-0.46893050330628705,,,,,5,4
2015-10-08 18:00:00+00:00,,,0.18603181838989258,-0.4736149549771383,,,,,,,0.3248981237411499,5.934831999655548,,,0.3385763168334961,8.317242298157852,,,,,,,,,5,4
2015-10-09 00:00:00+00:00,0.3730528950691223,0.4243816851602543,0.022705793380737305,-0.8562342259012137,0.49616360664367676,1.2960931041712236,,,,,0.3448525667190552,2.8096729260794606,,,0.316245436668396,8.129318662236006,0.3644826412200928,-0.11805670590169023,,,,,,,6,6
2015-10-09 06:00:00+00:00,0.28250956535339355,0.2925228973770882,0.16191667318344116,-0.44738309445850294,,,,,,,0.30136239528656006,5.382600026929485,,,0.3073852062225342,10.052922249593896,0.1394333839416504,-0.06872190959724205,,,,,,,6,6
2015-10-09 12:00:00+00:00,0.2278556227684021,-0.6986575392149572,0.19698524475097656,0.09130883739621125,,,,,,,0.26161086559295654,3.3635101930014044,,,0.33098697662353516,12.1204595972523,0.2623555660247803,-1.1205328007068365,,,,,,,6,5
2015-10-09 18:00:00+00:00,,,0.18927347660064697,-0.23240176986996522,,,,,,,0.19884717464447021,4.146866230186833,,,0.33752453327178955,7.373286378184722,0.26828527450561523,-0.13685750977419892,,,,,,,6,5
2015-10-10 00:00:00+00:00,,,0.13973039388656616,-0.26402097590804846,,,,,,,0.1378563642501831,-0.08476066321159584,,,0.3018977642059326,9.349531801029636,0.010631978511810303,0.32034834168670473,,,,,,,7,6
2015-10-10 06:00:00+00:00,,,0.1513705849647522,-0.6379776886060663,,,,,,,0.22668468952178955,1.117203992964808,,,0.46421360969543457,1.3957027329700376,0.5955973863601685,-0.1583204699292742,,,0.2992666959762573,9.06535426297817,,,6,5
2015-10-10 12:00:00+00:00,,,0.18905001878738403,-0.6885785599438156,,,,,,,0.1729036569595337,0.7044024255459517,,,,,0.14950835704803467,-0.45104423661599735,,,0.2859807014465332,7.499251349779054,,,4,4
2015-10-10 18:00:00+00:00,,,0.048673033714294434,-0.38314289600108503,,,,,,,0.11751353740692139,0.028237400813683557,,,,,0.4013025760650635,-0.6695782235000637,,,0.2819485664367676,23.216873543228676,0.09638738632202148,-0.2740147843572089,5,5
2015-10-11 00:00:00+00:00,,,0.08221465349197388,-0.022177612627669898,,,,,,,0.0023250579833984375,0.4634388208828689,,,0.30905425548553467,10.923452478450017,0.08493006229400635,5.865926231251038,,,,,,,4,4
2015-10-11 06:00:00+00:00,,,0.07565373182296753,-1.2629784325707754,,,,,,,0.03533470630645752,1.6127649432867233,,,0.30544912815093994,10.403536023454098,0.03017646074295044,0.27155248713463775,,,,,0.1963639259338379,0.08257407695124591,6,5
2015-10-11 12:00:00+00:00,,,0.17442172765731812,-1.043412434999462,,,,,,,,,,,0.28995025157928467,9.096465029750329,,,,,,,0.16608774662017822,-0.5010337587311605,3,3
2015-10-11 18:00:00+00:00,,,0.17004960775375366,-3.4856761310288675,,,,,,,,,,,0.29597175121307373,11.522500004140038,,,,,,,,,2,2
2015-10-12 00:00:00+00:00,,,0.18408620357513428,-4.340331659083476,,,,,,,,,,,0.2660036087036133,9.614046206296111,,,,,,,,,2,2
2015-10-12 06:00:00+00:00,,,0.16730356216430664,-0.10306627174232944,,,,,,,,,,,0.262569785118103,9.194983696860847,,,,,,,,,2,2
2015-10-12 12:00:00+00:00,,,0.012041330337524414,-1.1721044160280452,,,,,,,,,,,0.2861539125442505,8.131158988248938,,,,,,,,,2,2
2015-10-12 18:00:00+00:00,0.3930032253265381,0.39783343018206857,0.14177221059799194,0.011551645519217495,,,,,,,,,,,0.2717902660369873,9.261835131317921,,,,,0.3503406047821045,0.07142495533618076,,,4,4
2015-10-13 00:00:00+00:00,0.03551828861236572,0.14974443835578632,0.08994513750076294,-0.5444518603802526,,,,,0.10468649864196777,-0.20746470901619837,,,,,0.24342739582061768,12.445169150374198,,,,,,,,,4,4
2015-10-13 06:00:00+00:00,0.08409535884857178,0.19802232127679986,0.08392727375030518,-0.08478188614776636,,,,,0.29381048679351807,1.9638369455109652,,,,,0.23589801788330078,11.317247664107382,,,,,,,,,4,4
2015-10-13 12:00:00+00:00,0.07134413719177246,-0.8953697328689385,0.16684049367904663,-0.3690336241123688,,,,,0.5874285697937012,1.9678676159211068,,,,,0.26845991611480713,7.035500958022062,,,,,,,,,5,5
2015-10-13 18:00:00+00:00,0.13551956415176392,0.07419741041613367,0.10648918151855469,-0.02552259937218743,,,,,,,,,,,,,0.29941630363464355,7.152607500773972,,,,,,,3,3
2015-10-14 00:00:00+00:00,0.3184804916381836,0.38126518081941824,0.19504636526107788,-0.17959504769755036,,,,,,,,,,,,,0.25133633613586426,7.762827326437846,,,,,,,3,3
2015-10-14 06:00:00+00:00,0.18295180797576904,0.04297378197910809,0.267367422580719,-0.05283464936817517,,,,,0.3785175085067749,5.913896314368476,,,,,,,0.2500319480895996,7.505840406163083,,,,,,,4,4
2015-10-14 12:00:00+00:00,0.44064414501190186,0.5913165912686299,,,0.03506350517272949,0.1196114125232593,,,0.4737435579299927,11.293595506307385,,,,,,,0.22146880626678467,5.989963271944822,,,,,,,4,4
2015-10-14 18:00:00+00:00,0.22788983583450317,-0.6590364721263088,,,0.11071181297302246,0.249744167830217,,,0.4949151277542114,7.568073761345305,,,0.4402506351470947,1.3446876925183082,,,0.21485280990600586,4.571633130722757,,,,,,,6,5
2015-10-15 00:00:00+00:00,0.44768404960632324,0.9074516049337289,,,0.2788810133934021,0.17499445328172372,,,0.4851827621459961,6.901776076880664,,,0.2201535701751709,0.25689604326512766,,,0.2378852367401123,7.672065314230341,,,,,,,5,5
2015-10-15 06:00:00+00:00,0.021548092365264893,0.22457614712332674,,,0.3297717571258545,-0.506241171309916,,,0.41232025623321533,13.548792283106028,,,0.4551418423652649,-1.461002176441371,0.35080134868621826,0.13380454996215108,0.2618594169616699,7.4461671906539815,,,,,,,6,6
2015-10-15 12:00:00+00:00,0.47536271810531616,-0.391535255517547,,,0.6492928266525269,-1.5628019593654596,,,0.4429943561553955,8.204389926850844,,,0.6660749912261963,-4.004009991934024,,,0.22456836700439453,3.113715243987745,,,,,,,6,5
2015-10-15 18:00:00+00:00,,,,,,,,,,,0.37982332706451416,12.854018828685982,0.44516515731811523,-3.645952996870368,,,0.21689188480377197,6.136394980219968,,,,,,,3,3
2015-10-16 00:00:00+00:00,0.6545053422451019,-0.5619082719749464,,,,,,,,,0.46627259254455566,6.8909391191785065,0.5864366590976715,-6.921771084555512,,,0.2776840925216675,6.12035700743754,,,,,,,4,4
2015-10-16 06:00:00+00:00,,,,,,,,,,,0.47280728816986084,5.526228601662441,,,0.5253745913505554,-7.386224105543262,,,,,,,0.2640775442123413,3.063795767607864,3,3
2015-10-16 12:00:00+00:00,,,,,,,,,,,0.35149848461151123,11.50177029101517,0.37203550338745117,-2.9313271806331533,0.5383684039115906,-8.857230816066945,,,,,,,0.15770316123962402,2.611881731673822,5,5
2015-10-16 18:00:00+00:00,,,,,,,,,,,0.3325725793838501,2.3281466954458154,,,0.5813136696815491,-12.527613185934284,,,,,,,0.21341359615325928,1.1796240031844394,3,3
2015-10-17 00:00:00+00:00,,,,,,,,,,,0.28858721256256104,2.946945453672553,,,0.5502097308635712,-8.733219933268437,,,,,,,0.15008878707885742,1.7992932359744935,3,3
2015-10-17 06:00:00+00:00,,,,,,,,,,,0.08971405029296875,1.1021584120850503,,,0.586351603269577,-10.072745518531951,,,,,,,0.1424236297607422,0.715034403274865,4,4
2015-10-17 12:00:00+00:00,,,,,,,,,,,0.2829219102859497,4.9230249004597155,,,0.6110261678695679,-11.536397386108254,0.2790486812591553,-0.2201951078240895,,,,,0.06418097019195557,0.7243397770903325,5,5
2015-10-17 18:00:00+00:00,,,,,,,,,,,0.29569578170776367,1.2283003808311528,,,0.6001096963882446,-17.024127749344213,0.08454501628875732,0.5367897001713176,,,,,0.20345163345336914,1.289686001436582,5,5
2015-10-18 00:00:00+00:00,,,,,,,,,,,0.2799125909805298,1.8234360685656426,,,0.5597518682479858,-5.328115169241744,0.14546728134155273,0.5153178127901767,,,,,0.16106879711151123,0.411767290417937,7,6
2015-10-18 06:00:00+00:00,0.4951070547103882,-0.6260827170265657,,,,,,,,,0.2486814260482788,0.4964285967600216,,,0.6285136044025421,-6.575083440589435,0.1039460301399231,-0.25240535621752946,,,,,0.07345795631408691,0.14050419676015719,7,7
2015-10-18 12:00:00+00:00,0.31925851106643677,-0.572710442691652,,,,,,,,,0.35069704055786133,2.396140145185091,,,0.5301270484924316,-7.335028389232158,0.14275920391082764,0.056549444700796134,,,,,0.16361963748931885,0.18400407066576036,7,7
2015-10-18 18:00:00+00:00,0.029858171939849854,0.5020317336693789,,,,,,,,,0.5259157419204712,0.34373075416383264,,,0.6629402041435242,-11.564917636059766,0.21861129999160767,-0.41069988773440935,,,,,0.19922518730163574,0.7546715664293133,8,8
2015-10-19 00:00:00+00:00,0.31638967990875244,-0.13506167874761416,,,,,,,,,0.10657954216003418,0.05916979703206874,,,0.5986428260803223,-6.433612640370989,,,,,,,0.13772642612457275,0.44285158618364834,7,7
2015-10-19 06:00:00+00:00,0.15286964178085327,-0.01379768765853748,,,,,,,,,,,,,0.5763513147830963,-8.123288162879211,,,,,,,0.16314804553985596,-0.23254466308592953,4,4
2015-10-19 12:00:00+00:00,0.255454421043396,-2.4285509095717246,,,,,,,,,,,,,0.5063762664794922,-12.243488044573258,,,,,,,0.2705116271972656,-0.40075970641231284,4,4
2015-10-19 18:00:00+00:00,0.06327974796295166,-0.2998677130898115,,,,,,,,,,,,,0.5664607286453247,-9.850303748718241,,,,,,,,,4,3
2015-10-20 00:00:00+00:00,0.15133941173553467,-0.07632556380478353,,,,,,,,,,,,,0.5073214471340179,-8.923405670508227,,,,,,,,,3,3
2015-10-20 06:00:00+00:00,0.08470743894577026,-0.07463965121852922,,,,,,,,,,,,,0.4139695167541504,-5.299331086934536,,,,,,,,,2,2
2015-10-20 12:00:00+00:00,0.07511818408966064,0.4183626888366532,,,,,,,,,,,,,,,0.6530426740646362,-4.7765404472305475,,,,,,,2,2
2015-10-20 18:00:00+00:00,0.1025155782699585,-0.19148498172823603,,,,,,,,,,,,,,,0.6284327208995819,-5.279425240441202,,,,,,,2,2
2015-10-21 00:00:00+00:00,0.0699073076248169,-0.6680486215920444,,,,,,,,,,,,,,,0.5179967284202576,-4.527801775030158,,,,,,,2,2
2015-10-21 06:00:00+00:00,0.2201021909713745,0.15412622809885906,,,,,,,,,,,,,,,0.737892359495163,-2.722980222210579,,,,,,,2,2
2015-10-21 12:00:00+00:00,0.0935591459274292,-0.26825792194619663,,,,,,,,,,,,,,,0.3740670680999756,-0.06614562270299848,,,,,,,2,2
2015-10-21 18:00:00+00:00,,,0.3104228377342224,-0.5814597525523149,,,,,,,,,,,,,0.4913176894187927,-5.436292061524541,,,,,,,2,2
2015-10-22 00:00:00+00:00,,,0.036900222301483154,-0.19763444413757159,,,,,,,,,,,,,0.3336840867996216,-0.4644656386303424,,,,,,,2,2
2015-10-22 06:00:00+00:00,,,0.1338258981704712,-0.24668002483387938,,,,,,,,,,,,,,,,,,,,,1,1
2015-10-22 12:00:00+00:00,,,0.228398859500885,0.18447092749749144,,,,,,,,,,,,,,,,,,,,,1,1
2015-10-22 18:00:00+00:00,,,0.16637206077575684,-0.2278817905036094,,,,,,,,,,,,,,,,,,,,,1,1
2015-10-23 00:00:00+00:00,,,0.11573976278305054,-0.2952753952052884,,,,,,,,,,,,,,,,,,,,,1,1
2015-10-23 06:00:00+00:00,,,0.04762434959411621,-0.2630136714700912,,,,,,,,,,,,,,,,,,,,,1,1
2015-10-23 12:00:00+00:00,,,0.045319318771362305,0.5424364846620845,,,,,,,,,,,,,,,,,,,,,1,1
2015-10-23 18:00:00+00:00,,,0.305036723613739,0.047500967772417794,,,,,,,,,,,,,,,,,,,,,1,1
2015-10-24 00:00:00+00:00,0.4065057635307312,-0.24452701544280556,0.29672348499298096,-0.5810850081539323,,,,,,,,,,,,,,,,,,,,,2,2
2015-10-24 06:00:00+00:00,0.4923620820045471,-0.6550846775468452,0.19688981771469116,-0.3488386019853547,,,,,,,,,,,,,,,,,,,,,2,2
2015-10-24 12:00:00+00:00,0.1538543701171875,-7.446793888724729,0.003012239933013916,-0.23180797671974737,,,,,,,,,,,,,,,,,,,,,2,2
2015-10-24 18:00:00+00:00,0.23146897554397583,-1.234774860571253,0.2375538945198059,0.10810062342233955,,,,,,,,,,,,,,,,,,,,,2,2
2015-10-25 00:00:00+00:00,,,0.20293068885803223,-1.5419944409444108,,,,,,,,,,,,,,,,,,,,,1,1
2015-10-25 06:00:00+00:00,,,0.2219333052635193,-1.5838379292076132,,,,,,,,,,,,,,,0.036870360374450684,-0.10778665699794746,,,,,2,2
2015-10-25 12:00:00+00:00,,,0.19146281480789185,-0.7808571477710466,,,,,,,,,,,,,,,0.041239261627197266,-3.0586786928957994,,,,,2,2
2015-10-25 18:00:00+00:00,,,0.2720717191696167,-3.9587967918606974,,,,,,,,,,,,,,,0.00656282901763916,0.15410036988847525,,,,,2,2
2015-10-26 00:00:00+00:00,,,0.1587480902671814,-1.421254208393555,,,,,,,,,,,,,,,0.11134684085845947,-0.05027677616272254,,,,,2,2
2015-10-26 06:00:00+00:00,,,0.28731048107147217,-6.374425301610204,,,,,,,,,,,,,,,0.12119102478027344,-2.8624993750864047,,,,,2,2
2015-10-26 12:00:00+00:00,,,0.264784038066864,-5.564771750050188,,,,,,,,,0.4524418115615845,-0.6232111390186468,,,,,0.05973398685455322,0.21939759517077667,,,,,3,3
2015-10-26 18:00:00+00:00,,,0.17640835046768188,-1.6558830271947866,,,,,,,,,0.26441490650177,0.4667063831318603,,,,,0.1741323471069336,0.8116889253934324,,,,,3,3
2015-10-27 00:00:00+00:00,,,0.16141259670257568,-0.3013143826973486,,,,,,,,,0.34181690216064453,7.96586491066165,,,,,0.08352029323577881,1.1092621990980722,,,,,3,3
2015-10-27 06:00:00+00:00,,,0.16688519716262817,-1.9076907483813992,,,,,,,,,0.27495718002319336,6.01237686230701,,,,,0.1460663080215454,3.4191089413591143,,,,,3,3
2015-10-27 12:00:00+00:00,,,0.23609983921051025,-2.843149194551271,,,,,,,,,0.19214856624603271,4.02422359308145,,,,,0.21630895137786865,1.3615082171287949,,,,,3,3
2015-10-27 18:00:00+00:00,,,0.2558690309524536,-2.209389407543608,,,,,,,,,0.3060351610183716,5.388415343222138,,,,,0.20560216903686523,6.328791172962146,,,,,3,3
2015-10-28 00:00:00+00:00,,,0.26594626903533936,-1.5483549061066,,,,,,,,,0.2685670852661133,3.415569440382688,,,,,0.1197352409362793,2.5199316862034067,,,,,3,3
2015-10-28 06:00:00+00:00,,,0.21344596147537231,-3.05978477401271,,,,,,,,,0.4126732349395752,10.904123992676407,,,,,0.21265161037445068,9.350576239454922,,,,,3,3
2015-10-28 12:00:00+00:00,,,0.19133222103118896,-2.8675780195741334,,,,,,,,,0.3958851099014282,4.5308893059398,,,,,0.1798262596130371,3.5573665122874476,,,,,3,3
2015-10-29 00:00:00+00:00,,,0.15045374631881714,-1.2749048721079492,,,0.42268383502960205,8.569006264376911,,,,,0.20671188831329346,-0.15182665131739992,,,,,0.11950314044952393,0.8158164371163685,,,,,4,4
2015-10-29 06:00:00+00:00,,,0.18471986055374146,-0.7196362617194136,,,0.4005775451660156,6.831685454739095,,,,,0.0957382321357727,-0.31185256945864337,,,,,,,0.1326737403869629,0.9538681736459713,,,5,5
2015-10-29 12:00:00+00:00,,,0.09367400407791138,-0.3700684642332727,,,0.4287453889846802,8.750922182869813,,,,,0.37888920307159424,0.7080616946291244,,,,,,,0.11965727806091309,0.4667815998677074,,,5,5
2015-10-29 18:00:00+00:00,,,0.28286075592041016,-24.91954379523946,,,0.6697869300842285,3.9057743074378997,0.5000478029251099,6.263384784924392,,,0.14293420314788818,-0.010950442815042776,,,,,,,0.16216278076171875,1.1157479732184532,,,5,5
2015-10-30 00:00:00+00:00,,,0.22340130805969238,-0.8037892523000737,,,,,0.5205048322677612,8.03765498395792,,,0.3975546360015869,8.740354934738985,,,,,0.05634492635726929,-0.05874157518158455,0.1268218755722046,1.9113794368818409,,,5,5
2015-10-30 06:00:00+00:00,,,0.18671876192092896,-1.32326033070337,,,,,0.5403851270675659,6.959495480778454,,,0.10538434982299805,-0.03536805970719878,,,,,,,0.12457573413848877,1.3508115468602202,,,5,5
2015-10-30 12:00:00+00:00,,,0.18235474824905396,-23.968470001000817,,,,,0.5780402421951294,9.65162192984102,,,0.059845924377441406,0.25232815130715686,,,,,,,0.2150571346282959,5.096329226224463,,,5,5
2015-10-30 18:00:00+00:00,,,0.16991448402404785,-0.7594385310204896,,,,,0.5056124925613403,9.320497711380332,,,0.03139472007751465,-1.8925893379814767,,,,,,,0.192543625831604,1.7230289710058937,,,6,6
2015-10-31 00:00:00+00:00,,,0.1817030906677246,-0.413819887324386,,,,,0.4732952117919922,7.432188752873428,,,0.1247396469116211,0.09553481737803368,,,,,,,0.1887984275817871,3.1276452820796865,,,5,5
2015-10-31 06:00:00+00:00,,,0.11316484212875366,-1.184025022210746,,,,,0.4743773937225342,9.28859057351294,,,0.15977197885513306,-0.29176810040769485,,,,,,,0.1312088966369629,1.8486130582299225,,,6,6
2015-10-31 12:00:00+00:00,,,0.12949925661087036,-0.5088261737314933,0.07309830188751221,0.7338086510293657,,,0.5351319313049316,14.973190167270404,,,0.23943102359771729,0.08403724233961826,,,,,,,0.17558622360229492,2.4330464007239736,,,7,7
2015-10-31 18:00:00+00:00,,,0.2826441526412964,-25.08100680458449,,,,,0.47429990768432617,11.80926638363244,,,0.07471680641174316,0.8119917949828537,,,,,,,0.20424795150756836,4.450888412262807,,,6,6
2015-11-01 00:00:00+00:00,,,0.20974069833755493,0.06288616410464752,,,,,0.45492374897003174,6.702926693112612,,,0.5872366428375244,18.630962222008105,,,,,,,0.18546652793884277,1.3079507411317597,,,6,6
2015-11-01 06:00:00+00:00,,,0.2351270318031311,-4.131476410593788,,,,,0.49856698513031006,5.8297060681427055,,,0.22614622116088867,0.4111963749399255,,,,,,,0.21639394760131836,3.3166812321658705,,,6,6
2015-11-01 12:00:00+00:00,,,0.15139168500900269,4.268994718512782,,,,,0.5843480825424194,8.359165375854719,,,0.1554650068283081,-6.742406779543776,,,,,,,0.2473663091659546,3.40835482671011,,,5,5
2015-11-01 18:00:00+00:00,,,0.23259496688842773,24.043421223561708,,,,,0.6188880205154419,7.16993636736157,,,0.04700148105621338,-1.8245364700442968,0.23272812366485596,-0.018350188664651546,0.3550252914428711,4.379627728668362,,,0.2566734552383423,2.846227876779481,,,7,7
2015-11-02 00:00:00+00:00,,,0.04302060604095459,18.50189302249534,,,,,0.5531805753707886,6.778666769940579,,,0.14527535438537598,2.079115042862624,,,0.40545856952667236,5.238057892877649,,,0.19382226467132568,2.6889976032112317,,,6,6
2015-11-02 06:00:00+00:00,,,0.002394258975982666,10.112996006994178,,,,,0.49607324600219727,7.783605083666892,,,0.11383271217346191,0.3892245815269577,,,,,0.3253664970397949,0.24916524737364495,0.17426037788391113,1.4400688590384014,,,6,6
2015-11-02 12:00:00+00:00,,,0.018035054206848145,15.864565736571944,,,,,0.5168405771255493,8.173167074096135,,,0.23366665840148926,2.450876942131275,,,,,0.8064114153385162,0.7404852662038972,0.17999637126922607,2.646223539815616,,,6,6
2015-11-02 18:00:00+00:00,,,0.03507024049758911,11.753768127706909,,,,,0.5054911375045776,8.041725583069205,0.09434926509857178,2.6406807790541404,0.23163318634033203,3.07505710297552,0.09577441215515137,2.6305767912367557,,,,,0.194016695022583,2.689779892822059,,,6,6
2015-11-03 00:00:00+00:00,,,0.2765916585922241,-17.024275485022315,,,,,,,0.47773265838623047,7.391233455747683,0.1963897943496704,6.164241292491586,0.17325174808502197,1.288755405892479,,,0.08407783508300781,0.5294990401511486,0.24471282958984375,2.3724108760906604,0.25553202629089355,0.5729132863518139,8,8
2015-11-03 06:00:00+00:00,,,0.10206687450408936,17.97653087594694,,,,,,,0.5240271091461182,7.4887500373580576,0.26057934761047363,4.290817330463985,,,,,0.16661906242370605,0.25329230007755155,0.17660093307495117,1.2981745485480702,0.9668378829956055,0.5265197374257209,6,6
2015-11-03 12:00:00+00:00,,,0.013142228126525879,15.104516809664958,,,,,,,0.4631335735321045,8.507641744691796,0.28877711296081543,8.309643447225739,,,,,,,0.28141355514526367,1.7683524825831525,,,4,4
2015-11-03 18:00:00+00:00,,,0.06743240356445312,14.94599141328048,,,,,,,,,0.3393162488937378,8.063033417631114,,,0.4907698631286621,9.759431341260262,,,0.20850777626037598,7.950111113037131,,,4,4
2015-11-04 00:00:00+00:00,,,0.021232008934020996,10.991757681749506,,,,,,,,,0.2720060348510742,3.4183744061807277,,,0.4467630386352539,5.348264367117843,,,0.19195079803466797,4.121754062699497,0.01648092269897461,-0.26660383571319063,5,5
2015-11-04 06:00:00+00:00,,,0.020801782608032227,17.656693171022066,,,,,,,,,0.33943116664886475,6.186143467566187,,,0.4563995599746704,3.8237863032570183,,,0.19481921195983887,4.533585846332678,0.359596848487854,-0.11962780686169085,5,5
2015-11-04 12:00:00+00:00,,,0.1378399133682251,14.434423827565643,,,,,,,,,0.34692323207855225,7.12403935189765,,,0.23052239418029785,3.068722709946465,,,0.1346806287765503,1.0268469277157863,0.2565584182739258,-0.5115457113583906,5,5
2015-11-04 18:00:00+00:00,,,0.15239685773849487,-0.7007377535272712,,,,,,,,,,,0.2461531162261963,-39.091100738509546,0.41539859771728516,2.4253233002666583,,,,,,,3,3
2015-11-05 00:00:00+00:00,,,0.004629015922546387,15.103741914767898,,,,,,,,,,,0.2888815402984619,10.17414644671166,0.362271785736084,0.5391641124888981,,,,,,,3,3
2015-11-05 06:00:00+00:00,,,0.048911988735198975,13.338602524376233,,,,,,,,,,,0.26945745944976807,4.525658467423011,0.2335071563720703,0.22100553385848332,,,,,,,3,3
2015-11-05 12:00:00+00:00,,,0.09302037954330444,3.514603926855003,,,,,,,,,0.33228087425231934,5.294857708807005,0.4146469831466675,6.130937411597075,,,,,0.1152350902557373,1.6014604632621243,,,5,4
2015-11-05 18:00:00+00:00,,,0.050688862800598145,23.965324995020985,,,,,,,,,,,0.25999999046325684,6.234232699313758,0.11611360311508179,0.052586784238618615,,,,,,,4,4
2015-11-06 00:00:00+00:00,,,0.14210528135299683,-0.4620344217575148,,,,,,,,,,,0.28216075897216797,4.5964741204441255,0.33083462715148926,-0.14385710955796271,,,,,,,6,4
2015-11-06 06:00:00+00:00,0.6693075299263,-0.4889749352930927,0.0688968300819397,4.254998251113876,,,,,,,,,,,0.25170183181762695,3.800177169959759,,,,,,,,,3,3
2015-11-06 12:00:00+00:00,,,0.2205684781074524,-1.372950964382357,,,,,,,,,,,0.2662630081176758,5.969243242972181,,,,,,,,,3,2
2015-11-06 18:00:00+00:00,0.11962687969207764,0.9774680354030335,0.18731188774108887,-5.389198513689994,,,,,,,,,,,0.27216899394989014,5.532351479637415,,,,,,,,,3,3
2015-11-07 00:00:00+00:00,,,0.1813417673110962,-1.0355791510216423,,,0.031945109367370605,0.333177824892837,,,,,,,0.26618099212646484,6.859042398814272,,,,,,,,,4,3
2015-11-07 06:00:00+00:00,,,0.3312220573425293,-9.858952476516107,,,0.14158475399017334,0.0713293621820819,,,,,,,0.27502453327178955,8.068690202850327,,,,,,,,,3,3
2015-11-07 12:00:00+00:00,,,0.06326591968536377,24.05047288232969,,,0.28325027227401733,0.06343986507574069,,,,,,,0.30892252922058105,6.8320068759932795,,,,,,,,,3,3
2015-11-07 18:00:00+00:00,0.12989556789398193,0.22145210554960804,0.24000102281570435,-6.832380364281231,,,,,,,,,,,0.2793174982070923,11.391427043629951,,,,,,,,,3,3
2015-11-08 00:00:00+00:00,,,0.15998303890228271,13.02066444605813,,,0.005169272422790527,-0.46408077433118444,,,,,,,0.3000839948654175,6.705996682767499,,,,,,,,,3,3
2015-11-08 06:00:00+00:00,0.054513752460479736,-1.6062241037223537,0.174821138381958,-0.3758761882982132,,,,,,,,,,,0.25800061225891113,7.338767617728983,,,,,,,,,3,3
2015-11-08 12:00:00+00:00,0.07538342475891113,0.26175207918569526,0.28735047578811646,-1.6533548443245096,,,,,,,,,,,0.24061143398284912,5.319242966880863,,,,,,,,,3,3
2015-11-08 18:00:00+00:00,0.05434215068817139,-0.04471199407521138,0.17838871479034424,-1.0890862313316663,,,,,,,,,,,0.21679818630218506,4.573331054525296,,,,,,,,,4,4
2015-11-09 00:00:00+00:00,0.20179754495620728,-0.3314716291446402,0.29019343852996826,-0.9331192390322955,,,,,,,,,,,0.23595964908599854,4.941491363894114,,,,,,,,,4,3
2015-11-09 06:00:00+00:00,,,,,0.27298498153686523,-0.19257456909662643,,,,,,,,,0.21598052978515625,6.482427437495689,,,,,,,,,3,2
2015-11-09 12:00:00+00:00,0.18649566173553467,0.15840173242503103,,,0.3368379473686218,-1.21511303314769,,,,,,,,,,,,,,,0.258833646774292,6.134749209848616,,,3,3
2015-11-09 18:00:00+00:00,,,,,0.15774774551391602,-2.2646115262078053,,,0.6870843172073364,2.539411452236313,,,,,,,,,,,0.2620898485183716,6.848105143699022,,,3,3
2015-11-10 00:00:00+00:00,,,,,0.18417304754257202,-2.381454744842002,,,0.5862104892730713,1.635334348831939,,,,,,,,,,,0.21437788009643555,4.944309938919197,,,3,3
2015-11-10 06:00:00+00:00,,,,,0.011947274208068848,-0.20686275574116383,,,0.6907994747161865,9.394727355398446,,,,,,,,,,,0.23823344707489014,6.695796607276487,,,3,3
2015-11-10 12:00:00+00:00,,,,,0.2595829367637634,-0.21780798131794693,,,0.5575578212738037,10.397541033284792,,,,,,,0.25647783279418945,0.9168957629618993,,,0.2579834461212158,5.329941656203842,0.23522168397903442,0.004467416935961054,5,5
2015-11-10 18:00:00+00:00,,,,,0.12776941061019897,-0.6429390816770368,,,0.5964016914367676,9.7872086774196,,,,,,,0.1443420648574829,0.18842002697223972,,,0.22289621829986572,3.9621076481601074,,,5,5
2015-11-11 00:00:00+00:00,,,,,0.13890331983566284,0.3070474753485823,,,0.6893125772476196,7.8533988347092665,,,,,,,0.2733951807022095,6.367690790846558,0.32888662815093994,-0.24197377559917183,0.10762012004852295,3.159922355480254,,,8,6
2015-11-11 06:00:00+00:00,,,,,0.09043800830841064,0.7278329035808957,,,0.6304047107696533,5.668312679029094,,,,,,,,,,,,,0.20454168319702148,3.2886127019755813,3,3
2015-11-11 12:00:00+00:00,,,,,,,,,0.668237566947937,5.274593851421991,,,0.6207538545131683,-2.0496884766366317,,,0.32087552547454834,-0.03476383447594552,,,,,0.20077407360076904,4.609009702320194,4,4
2015-11-11 18:00:00+00:00,,,,,,,,,0.7622164487838745,5.4058716451089275,,,0.6197915375232697,-3.664001895658369,,,,,,,,,0.1885303258895874,2.6116884417474178,3,3
2015-11-12 00:00:00+00:00,,,,,,,,,0.7145699262619019,3.2339059950964733,,,0.6985854506492615,-4.275230180450682,,,,,,,,,0.14073669910430908,1.5712478007497663,4,3
2015-11-12 06:00:00+00:00,,,,,,,,,0.7130167484283447,3.8796225344289152,,,0.7351466119289398,-7.996436049671277,,,,,,,,,0.16397786140441895,1.6879630486922585,3,3
2015-11-12 12:00:00+00:00,,,,,,,,,0.6965934038162231,3.2221725355613855,,,0.7133501172065735,-6.07685170150636,,,,,,,,,0.181465744972229,1.866443395483389,3,3
2015-11-12 18:00:00+00:00,,,,,,,,,0.5727698802947998,2.831078977838808,,,0.7125574946403503,-6.079372325306314,,,,,,,,,0.13122308254241943,2.3730474683972287,3,3
2015-11-13 00:00:00+00:00,,,,,,,,,,,0.7074635028839111,7.025818500480515,0.7192161679267883,-6.124487097817526,,,,,,,,,0.13444650173187256,0.7575315779580529,3,3
2015-11-13 06:00:00+00:00,,,,,,,,,,,0.3319813013076782,1.5190683617773535,0.7124870419502258,-4.573688028146938,,,,,,,,,0.08619725704193115,0.5124987493138352,4,3
2015-11-13 12:00:00+00:00,,,,,,,,,,,,,,,0.7197015285491943,-7.123555842194429,,,,,,,0.1379084587097168,1.0256854068798629,2,2
2015-11-13 18:00:00+00:00,,,,,,,,,,,,,,,0.8122982978820801,-8.659183561781012,,,,,,,0.01818692684173584,1.928290712186563,3,2
2015-11-14 00:00:00+00:00,0.008140325546264648,0.6483116548688623,,,,,,,,,,,,,0.7750573009252548,-9.291693466200435,,,,,,,0.059238553047180176,0.804064174872906,3,3
2015-11-14 06:00:00+00:00,0.7415982484817505,-1.8897929130577844,,,,,,,,,,,,,0.7112327218055725,-5.353758983674007,,,,,,,0.09106767177581787,0.3839316459016308,3,3
2015-11-14 12:00:00+00:00,0.28759264945983887,-0.09818852683734174,,,,,,,,,,,,,0.6433098018169403,-3.7305583859731666,0.09957504272460938,1.3988298108885724,,,,,0.026692628860473633,0.33643612338660017,4,4
2015-11-14 18:00:00+00:00,0.3810868263244629,-0.15256796311250773,,,,,,,,,,,,,0.7313030958175659,-10.117939156120059,0.1158301830291748,0.20401250272407134,,,,,0.01719123125076294,0.20799275286388227,4,4
2015-11-15 00:00:00+00:00,0.10935091972351074,-0.524984145495408,,,,,,,,,,,,,0.7354209423065186,-6.694346096318607,0.06265509128570557,0.5227830548978943,,,,,0.17882704734802246,0.15774194871282538,4,4
2015-11-15 06:00:00+00:00,0.07933807373046875,0.18110566478128248,,,,,,,,,,,,,0.6798968613147736,-7.245171492774397,0.06893014907836914,0.2560104058410767,,,,,0.14414215087890625,-0.3711850091559589,4,4
2015-11-15 12:00:00+00:00,0.14989495277404785,-1.4498902128631006,,,,,,,,,,,,,0.7676064223051071,-11.460317827704282,0.0693826675415039,0.18305006362879014,,,,,0.018665075302124023,-0.11724215571314786,5,5
2015-11-15 18:00:00+00:00,0.038504838943481445,-0.22774071902857296,,,,,,,,,,,,,0.635510265827179,-8.148522684396353,0.27141273021698,0.3504808009453591,,,,,0.11777067184448242,0.16502356741776267,4,4
2015-11-16 00:00:00+00:00,0.19991940259933472,-0.4944445108415729,,,,,,,,,,,,,0.6965096592903137,-5.655718092238478,0.03347140550613403,-0.27733910618336094,,,,,0.37821483612060547,-0.6046608448458555,5,5
2015-11-16 06:00:00+00:00,0.39067596197128296,-0.8303183102883531,,,,,,,,,,,,,0.6500203311443329,-7.95723362823639,0.13961094617843628,-0.4301531674445126,,,,,0.5175062417984009,0.07935539484980703,5,5
2015-11-16 12:00:00+00:00,0.11608630418777466,-7.1027812125769,,,,,,,,,,,,,0.6811203956604004,-5.626726110120933,,,,,,,,,3,3
2015-11-16 18:00:00+00:00,0.15008628368377686,-0.8378430349482462,,,,,,,,,,,,,0.6188735663890839,-6.9536120216892545,,,,,,,,,3,3
2015-11-17 00:00:00+00:00,0.10794603824615479,-0.5289565084344493,,,,,,,,,,,,,0.5798207223415375,-5.096891625007588,,,,,,,,,3,3
2015-11-17 06:00:00+00:00,0.21712499856948853,-0.19066635428515202,,,,,,,,,,,,,0.6731953322887421,-4.91439812003862,,,,,,,,,3,3
2015-11-17 12:00:00+00:00,0.2903713583946228,-0.27233349766865794,,,,,,,,,,,,,0.6554211676120758,-5.568685573346967,,,,,,,,,3,3
2015-11-17 18:00:00+00:00,0.27671921253204346,-0.4442833998558562,,,,,,,,,,,,,0.5705049932003021,-3.5591719522157432,0.6291851699352264,-5.241148697535609,,,,,,,3,3
2015-11-18 00:00:00+00:00,,,0.23758786916732788,-0.9857849588412281,,,,,,,,,,,0.6067044734954834,-3.30574832018254,0.580459326505661,-5.9280265986941165,,,,,,,3,3
2015-11-18 06:00:00+00:00,,,0.11907166242599487,-0.8784198556484809,,,,,,,,,,,0.4163185954093933,-3.926655031149518,0.544580727815628,-5.455897266540931,,,,,,,3,3
2015-11-18 12:00:00+00:00,,,0.061112284660339355,-1.0866246766456902,,,,,,,,,,,,,0.44426101446151733,-7.573682982255698,,,,,,,2,2
2015-11-18 18:00:00+00:00,,,0.07727032899856567,3.166463643875217,,,,,,,,,,,,,0.5620958209037781,-3.952638783882799,,,,,,,2,2
2015-11-19 00:00:00+00:00,,,0.14679408073425293,-0.4977587136027028,,,,,,,,,,,,,0.05129992961883545,-2.415158910742494,,,,,,,2,2
2015-11-19 06:00:00+00:00,,,0.05692291259765625,-0.12143678136564544,,,,,,,,,,,,,,,,,,,,,1,1
2015-11-19 12:00:00+00:00,,,0.05387192964553833,-0.20915517479819076,,,,,,,,,,,,,,,0.020128846168518066,-0.5239297143048016,,,,,2,2
2015-11-19 18:00:00+00:00,,,0.12167298793792725,-0.49403121166797714,,,,,,,,,,,,,,,0.9335140660405159,-0.03995623932745685,,,,,2,2
2015-11-20 00:00:00+00:00,,,0.10285812616348267,-0.47511804481132003,,,,,,,,,,,,,,,,,,,,,1,1
2015-11-20 06:00:00+00:00,0.2723853588104248,-0.4484101757913521,0.12248921394348145,-0.5948272601022545,,,,,,,,,,,,,,,0.06739521026611328,-0.4855800291774137,,,,,3,3
2015-11-20 12:00:00+00:00,,,0.0458102822303772,-1.0827660702646458,,,,,,,,,,,,,,,0.3074273467063904,0.23789066252432822,,,,,2,2
2015-11-20 18:00:00+00:00,,,0.17071866989135742,0.402379093361893,,,,,,,,,,,,,,,0.3121417760848999,-0.00397210168060981,,,,,2,2
2015-11-21 00:00:00+00:00,,,0.19484949111938477,18.08889466596191,,,,,,,,,,,,,,,0.02253735065460205,0.43034133963124294,,,,,2,2
2015-11-21 06:00:00+00:00,,,0.2108696699142456,-0.7563189795459168,,,,,,,,,,,,,,,0.005652368068695068,0.5075563862610786,,,,,2,2
2015-11-21 12:00:00+00:00,,,0.17655670642852783,-0.7253124654481764,,,,,,,,,,,,,,,0.021804392337799072,-0.1924529714194608,,,,,2,2
2015-11-21 18:00:00+00:00,,,0.1929817795753479,-4.181974747299825,,,,,,,,,,,,,,,0.038458824157714844,0.5363854372264902,,,,,2,2
2015-11-22 00:00:00+00:00,,,0.11695456504821777,27.644323043669978,,,,,,,,,,,,,,,0.027572154998779297,1.2160649441817335,,,,,2,2
2015-11-22 06:00:00+00:00,,,0.23217850923538208,-1.047395821860607,,,,,,,,,,,,,,,0.09141230583190918,0.7860602942156089,,,,,2,2
2015-11-22 12:00:00+00:00,,,0.28447842597961426,-1.5486677921116778,,,,,,,,,,,,,,,0.06809103488922119,3.688423244256243,0.03884845972061157,0.7359880509162461,,,3,3
2015-11-22 18:00:00+00:00,,,0.1920204758644104,27.36207455908356,,,,,,,,,,,,,,,0.04932045936584473,0.6166304973518619,0.006278514862060547,0.625648611212245,,,3,3
2015-11-23 00:00:00+00:00,,,0.2088860273361206,24.70555239661376,,,,,,,,,,,,,,,0.13310742378234863,0.5363012022498939,0.22319912910461426,0.7011936607633938,,,3,3
2015-11-23 06:00:00+00:00,,,0.2062537670135498,-3.4964799078556283,,,,,,,,,,,,,,,0.014765620231628418,0.5014468166272709,,,,,2,2
2015-11-23 12:00:00+00:00,,,0.1681320071220398,25.462239629513046,,,0.02332127094268799,-1.2029329937646414,,,,,,,,,,,0.2396535873413086,4.69842815799211,,,,,3,3
2015-11-23 18:00:00+00:00,,,0.17570865154266357,-1.5718015143134236,,,0.07844161987304688,2.619151831315506,,,,,,,,,,,0.1567378044128418,0.5469850399045615,,,,,3,3
2015-11-24 00:00:00+00:00,,,0.13690495491027832,27.084412692746863,,,0.13195180892944336,0.2752102486193932,,,,,,,,,,,0.12079751491546631,0.6647571063819926,,,,,3,3
2015-11-24 06:00:00+00:00,,,0.1866217851638794,-0.2015494899221581,,,0.02247142791748047,0.4000841777993389,,,,,,,,,,,0.09235715866088867,0.1969230969594443,,,,,3,3
2015-11-24 12:00:00+00:00,,,0.12740910053253174,27.936443771216407,,,0.25779974460601807,4.617986174482141,,,,,,,,,,,0.08995723724365234,-0.06318847468655278,,,,,4,4
2015-11-24 18:00:00+00:00,,,0.220361590385437,-1.6208699252373118,,,0.20843780040740967,0.7725279076425887,,,,,,,,,,,0.1794353723526001,-0.13478879982736636,,,,,4,4
2015-11-25 00:00:00+00:00,,,0.18982571363449097,-1.1072336369185587,,,0.4300755262374878,2.1477355923627726,,,,,,,,,,,0.16439306735992432,0.3651837765652859,,,,,4,4
2015-11-25 06:00:00+00:00,,,0.14617961645126343,25.46301716897708,,,0.38584840297698975,4.865151542283373,,,,,,,,,,,0.10230839252471924,-7.602895474893289,,,,,4,4
2015-11-25 12:00:00+00:00,,,0.22151166200637817,25.857370562312138,,,0.3643229007720947,4.304269832345117,,,,,,,,,,,0.17132806777954102,0.40614646298892015,0.41711342334747314,0.638821630252154,,,4,4
2015-11-25 18:00:00+00:00,,,0.2121855616569519,-1.951835366624911,,,0.26757097244262695,3.396646386012662,0.5829170942306519,2.960034110363713,,,,,,,,,0.05218768119812012,0.3053224000434603,0.20482277870178223,0.2039035260166363,,,6,6
2015-11-26 00:00:00+00:00,,,0.24410098791122437,-1.5045546332677446,,,0.5513736009597778,7.421625187773022,0.5357486009597778,4.581993669190412,,,,,,,,,0.015124917030334473,-27.73921374968349,0.05451256036758423,0.49728416592802466,,,5,5
2015-11-26 06:00:00+00:00,,,0.22091084718704224,-4.101657273736618,,,0.45066046714782715,3.4082409660461064,0.6011698246002197,5.15180738226517,,,,,,,,,0.06549179553985596,-24.399105316099543,0.012801110744476318,0.6497630008568676,,,5,5
2015-11-26 12:00:00+00:00,,,0.21779268980026245,-1.80192832839696,,,,,0.5457086563110352,5.745288774296938,,,,,,,,,0.08750927448272705,-32.06652440728944,0.14479398727416992,3.921459358195508,,,5,5
2015-11-26 18:00:00+00:00,,,0.20975780487060547,-1.5121041086628875,,,,,0.47642529010772705,6.298261109892637,,,,,,,,,0.09272873401641846,2.1512009464623008,0.035271525382995605,2.239345458483555,,,5,5
2015-11-27 00:00:00+00:00,,,0.2405949831008911,-3.3203921982014855,,,,,0.4155524969100952,3.1482254483178282,,,,,,,,,0.13916385173797607,0.9834661194561879,0.1552962064743042,0.8970634909240209,,,5,5
2015-11-27 06:00:00+00:00,,,0.17305517196655273,-1.0516308459499113,,,,,0.38022375106811523,6.763397677324019,,,,,,,,,0.1307389736175537,9.060465605463662,0.011263370513916016,0.5048042618117928,,,5,5
2015-11-27 12:00:00+00:00,,,0.09138643741607666,-0.7973699901795105,,,,,0.4764660596847534,13.385941960219087,,,,,,,,,0.1859527826309204,8.700233889608214,0.012173473834991455,-0.2484348080787626,,,6,5
2015-11-27 18:00:00+00:00,,,0.01154547929763794,-0.4251356532469488,,,,,0.4427642822265625,7.333898355978151,,,,,,,,,,,0.20319950580596924,7.946013640456671,,,6,5
2015-11-28 00:00:00+00:00,,,,,0.1385630965232849,-1.0215402360416452,,,0.3068135976791382,7.337172675169449,,,,,,,,,0.334975004196167,1.0906068733973526,0.10921454429626465,4.040863514350528,,,5,4
2015-11-28 06:00:00+00:00,,,,,0.1150628924369812,-0.7132815122121604,,,0.4483219385147095,10.324946767643832,,,,,,,,,0.0440981388092041,0.8205982093355861,0.22301042079925537,1.7527039593815967,,,6,5
2015-11-28 12:00:00+00:00,,,,,0.13518154621124268,0.1112560396162637,,,0.42044174671173096,7.9546887022713735,,,,,,,,,0.2998771071434021,-0.12255444509268804,0.1959623098373413,1.0286882207890515,,,8,7
2015-11-28 18:00:00+00:00,,,,,0.015186965465545654,0.32696179068626513,,,0.47096920013427734,8.191438369939426,,,,,,,,,0.3988000154495239,0.263288996870391,0.15587162971496582,3.184453694549061,,,6,5
2015-11-29 00:00:00+00:00,,,0.012100458145141602,0.2522384871680277,0.09433674812316895,0.13661709834524624,,,0.39230573177337646,5.907583854405106,,,,,,,,,0.017214715480804443,-0.4811966030696143,0.1679086685180664,8.379997325510784,,,7,6
2015-11-29 06:00:00+00:00,0.36609458923339844,-0.08647947545690188,0.48072946071624756,0.4837104474485022,0.16811132431030273,-0.3767975809153997,,,0.38552093505859375,3.744454266498324,,,,,,,,,0.16506367921829224,0.783488972851077,0.19984304904937744,4.787744651938402,,,8,8
2015-11-29 12:00:00+00:00,0.0820392370223999,0.06434060015119243,0.09745728969573975,-0.629588032340329,0.0951235294342041,0.4751520301270981,,,0.30175530910491943,1.925568841160362,,,,,,,,,0.2023557424545288,0.33495322481798845,0.1514279842376709,1.9471878729570293,0.4252190589904785,0.004718126897003748,8,8
2015-11-29 18:00:00+00:00,0.10803800821304321,-0.7614734320992808,0.024965405464172363,-0.03741693237805499,0.4075695276260376,0.28401938265412124,,,0.24259507656097412,6.909520141683624,,,,,,,,,0.0024210214614868164,1.3780241804489546,0.19270753860473633,3.273872728340406,,,7,7
2015-11-30 00:00:00+00:00,0.11686760187149048,-0.1481267641284919,0.6033470332622528,0.10550862556130276,0.4236665368080139,-0.03127728522154993,,,,,0.4298546314239502,1.3869199688173466,,,,,,,0.1894216537475586,0.44232016813129593,0.17608964443206787,1.991672690509311,,,6,6
2015-11-30 06:00:00+00:00,0.23310250043869019,-0.5551753744169355,0.13653624057769775,-0.21628245677229618,0.5535886287689209,0.0057452775878839265,,,,,0.416284441947937,5.075582009646126,,,,,,,0.2933032512664795,-0.0016877237683788912,0.15662050247192383,1.6157204170361485,,,6,6
2015-11-30 12:00:00+00:00,0.09889763593673706,-0.35604196954570894,,,,,0.8302046060562134,0.7099961678078576,,,0.4186432361602783,1.1317838001315976,,,,,0.2991185188293457,4.945509462835674,,,0.15640604496002197,-33.88911140109844,,,6,5
2015-11-30 18:00:00+00:00,0.24534094333648682,-1.1508390301277833,,,,,0.38610196113586426,3.092176202159417,,,0.4509948492050171,0.8112827747233184,0.28027868270874023,6.583088507710755,,,0.2108151912689209,2.233235079695026,,,0.12994098663330078,1.0904193799484168,,,8,7
2015-12-01 00:00:00+00:00,,,0.0753597617149353,-0.15857166125484742,,,0.35724663734436035,3.3718574267751436,,,0.007310807704925537,0.7424812466019718,0.26131129264831543,4.34311956910694,,,,,,,0.20110130310058594,2.014372836783162,0.08060097694396973,0.8344120832108808,8,8
2015-12-01 06:00:00+00:00,,,0.2893722653388977,-0.9121443483107943,,,0.15286493301391602,0.06968161613150461,,,,,0.2555379867553711,-25.016362725955307,,,,,,,0.12859785556793213,1.0662617830630012,0.05297195911407471,0.5616722616296916,7,7
2015-12-01 12:00:00+00:00,,,0.26053082942962646,-0.6089886925605453,,,0.13489222526550293,-0.08226706539699298,,,,,0.3146306276321411,4.990310006259533,,,,,0.21108806133270264,-0.061315271073175935,0.21978259086608887,1.5853383363304465,0.14642548561096191,1.1377997540845668,8,8
2015-12-01 18:00:00+00:00,,,0.1739722490310669,-0.4180996106180912,,,0.3972374200820923,1.6756407357313476,,,,,0.29155540466308594,10.823483993647857,,,0.16732197999954224,-0.42557554300072586,0.1277831792831421,0.6579780269509096,0.1879580020904541,0.7041345237362647,0.13054096698760986,0.3619570892094022,9,9
2015-12-02 00:00:00+00:00,,,0.16279160976409912,-0.9131704036453259,,,0.31141233444213867,2.2479323878880946,,,,,0.10218477249145508,4.4106955482131465,,,,,,,0.23652386665344238,6.073185986287791,0.10823404788970947,2.1992884332918705,5,5
2015-12-02 06:00:00+00:00,,,0.25883644819259644,-0.7118941309891058,,,0.36999738216400146,2.71363991872141,,,,,0.14104735851287842,0.9949867978726743,0.2618987560272217,5.112405486189627,,,0.2154700756072998,0.28693277177370136,0.18626916408538818,2.79737379902864,0.1322917938232422,2.163127089353206,10,9
2015-12-02 12:00:00+00:00,,,0.15198296308517456,-0.06987077874212608,,,0.32909858226776123,3.6923514154281185,,,,,,,0.26367127895355225,6.937519559320315,,,0.19400835037231445,0.13160341462814765,,,,,7,6
2015-12-02 18:00:00+00:00,,,0.28816908597946167,-1.713732261663375,,,0.34993815422058105,3.445864663939098,,,,,,,0.25009727478027344,9.266345221475545,,,,,,,,,5,5
2015-12-03 00:00:00+00:00,,,0.23650145530700684,-0.5617465142548362,,,0.4145479202270508,1.2248464378123198,,,,,,,0.26926112174987793,11.941717804380062,,,,,,,0.31580913066864014,-0.5970705140931697,6,6
2015-12-03 06:00:00+00:00,,,0.20164406299591064,-1.2733957248873822,,,0.37776923179626465,3.23620479539141,,,,,,,0.21755146980285645,10.462404567025835,,,,,0.2493218183517456,6.281248262139726,,,6,6
2015-12-03 12:00:00+00:00,,,0.2876104712486267,-1.90267687072913,,,0.3290560245513916,2.1253117085925473,0.5574723482131958,9.9000709752957,,,,,0.18592798709869385,3.1320212216738796,,,,,0.22576677799224854,7.353477607193564,,,6,6
2015-12-03 18:00:00+00:00,,,0.24456971883773804,-2.7058575454593723,,,0.42946529388427734,3.510521847302461,0.23936545848846436,3.3617671484739886,,,,,0.17347216606140137,10.162975978604678,,,,,0.22956275939941406,8.927093873598418,,,6,6
2015-12-04 00:00:00+00:00,,,0.19260084629058838,-1.8236222333627556,,,0.5172841548919678,4.1616318003902295,0.13358855247497559,6.291054165555909,,,,,0.19060027599334717,1.9963771668121875,,,,,0.24949288368225098,8.816308305801632,,,7,7
2015-12-04 06:00:00+00:00,,,0.17997503280639648,-0.7914825526550391,,,0.5106275081634521,4.38119906676764,0.5000574588775635,6.752751028076113,,,,,0.11416852474212646,6.520869185965386,0.21170037984848022,-0.5066235360359334,,,0.2380387783050537,9.356564375677612,,,7,7
2015-12-04 12:00:00+00:00,,,0.23164016008377075,-0.5205474724362645,,,0.5755863189697266,9.288763359536555,0.25822293758392334,2.5218135539240754,,,,,0.07893705368041992,2.826971508746737,,,,,0.19791877269744873,6.903454907684592,,,6,6
2015-12-04 18:00:00+00:00,,,0.25000351667404175,-23.876098683222637,,,0.5456869602203369,7.684328133223263,,,,,,,0.18010008335113525,10.2510293484604,,,,,0.24239051342010498,14.039466275459013,,,4,4
2015-12-05 00:00:00+00:00,,,0.27541911602020264,-1.6254836003836945,,,0.5416479110717773,5.403387109460042,,,,,,,0.1902223825454712,9.611397821360002,,,,,0.22481751441955566,6.473090656528138,,,4,4
2015-12-05 06:00:00+00:00,,,0.3139824867248535,-1.810645839494617,,,0.4610658884048462,5.066202669692643,0.4578988552093506,9.093541656405561,,,,,0.1449669599533081,1.8885244021288756,,,,,0.20714330673217773,14.393719300194158,,,5,5
2015-12-05 12:00:00+00:00,,,0.1674131155014038,-0.43192162588649724,,,,,0.5522867441177368,8.985259510227747,,,,,0.18247568607330322,4.381075217218989,,,,,0.21084606647491455,11.392155118503629,,,5,5
2015-12-05 18:00:00+00:00,,,0.23817241191864014,-0.7468031653265329,,,,,0.557844877243042,10.824294043365166,,,,,0.24579977989196777,10.139814871921473,0.34685611724853516,-0.05975278656759124,,,0.24274992942810059,8.606581635504565,,,6,6
2015-12-06 00:00:00+00:00,,,0.27771198749542236,-0.49202490133761145,,,,,0.5742113590240479,7.646409266111107,,,,,0.07419729232788086,0.17629236702728587,,,,,0.23778462409973145,10.537622993764687,,,5,5
2015-12-06 06:00:00+00:00,,,0.08452975749969482,0.03840230766792191,,,,,0.5721663236618042,8.088287017504873,,,,,0.10724794864654541,-0.17313529453991067,,,,,0.22094500064849854,9.325555550474043,,,4,4
2015-12-06 12:00:00+00:00,,,,,0.16617298126220703,-0.6457484752550813,,,0.5620055198669434,6.75843003648402,,,,,0.03369498252868652,2.900814324863894,,,,,0.22206413745880127,3.4071538558438847,,,6,5
2015-12-06 18:00:00+00:00,,,,,0.1386944055557251,-0.6136820891546543,,,0.6296168565750122,11.060050366418634,,,,,0.18005847930908203,3.393854071509996,0.17079520225524902,5.119332511614208,,,0.265350341796875,9.05837167939653,,,6,6
2015-12-07 00:00:00+00:00,,,,,0.1275310516357422,-0.16641163157461614,,,0.5515990257263184,9.168293766127572,,,,,,,0.24038434028625488,5.85508978965283,,,0.26640820503234863,4.428281062743093,,,5,5
2015-12-07 06:00:00+00:00,,,0.08582878112792969,-0.2017648192834672,0.3494639992713928,-0.30648484264267845,,,0.6117888689041138,9.849651676906314,,,,,,,0.29476094245910645,3.6704994172584007,,,0.27896130084991455,6.243699335138682,,,6,6
2015-12-07 12:00:00+00:00,,,,,0.2124682068824768,0.19395292099557288,,,0.6017172336578369,13.215391232111593,,,,,,,0.18915069103240967,2.8362075512158835,,,0.2426135540008545,4.953705849870868,,,6,5
2015-12-07 18:00:00+00:00,,,,,0.19467806816101074,-0.1358835277815113,,,0.5934432744979858,9.078626729393857,,,,,,,0.23567044734954834,0.7256026417516912,,,0.21949708461761475,4.541617902165243,,,4,4
2015-12-08 00:00:00+00:00,,,,,0.15432846546173096,-0.22748216508899616,,,0.5930129289627075,11.01577500619805,,,,,0.10040855407714844,0.2667235917967602,0.2150709629058838,3.078857411050371,,,0.2174447774887085,5.766983206777363,,,6,5
2015-12-08 06:00:00+00:00,,,,,0.20883965492248535,0.044212842759346845,,,0.58330237865448,11.624720297906038,,,,,,,0.18920087814331055,0.7165915710222928,,,0.1884077787399292,3.4041277959203944,,,5,5
2015-12-08 12:00:00+00:00,,,,,,,,,0.5731409788131714,8.352798741110892,,,,,,,0.15154385566711426,1.1059331917503616,,,0.2328404188156128,3.0004424330589106,,,4,3
2015-12-08 18:00:00+00:00,,,,,,,,,0.5784283876419067,10.771699726770047,,,,,,,,,,,0.24106049537658691,6.913501988967661,,,3,2
2015-12-09 00:00:00+00:00,,,,,,,,,0.5702394247055054,10.95509898653007,,,,,,,,,,,,,0.20987582206726074,3.557266057080276,2,2
2015-12-09 06:00:00+00:00,,,,,,,,,0.5959303379058838,10.877377347093399,,,,,,,,,,,,,0.24287188053131104,3.985480708518841,2,2
2015-12-09 12:00:00+00:00,,,,,,,,,0.5862067937850952,10.892375656625326,,,,,,,0.2395484447479248,1.6847248516698987,,,,,0.14795911312103271,0.8021039549844349,4,4
2015-12-09 18:00:00+00:00,,,,,,,,,0.5516695976257324,7.664330063088375,,,0.6155601143836975,-6.118186424252455,,,0.2994990348815918,6.879761684236641,,,0.1525801420211792,3.93022807048142,0.1300274133682251,1.3749765747181477,5,5
2015-12-10 00:00:00+00:00,,,,,,,,,0.5398166179656982,8.4314559322901,,,0.641371101140976,-6.581910915612331,,,0.18319177627563477,5.922418186688686,,,,,0.1642376184463501,0.5489412088194013,5,4
2015-12-10 06:00:00+00:00,,,,,,,,,,,0.515042781829834,6.890282706540272,0.5308385491371155,-7.748531119924368,,,0.1945476531982422,3.0733757064719187,,,,,0.12722325325012207,3.3048242114762787,4,4
2015-12-10 12:00:00+00:00,,,,,,,,,,,0.49751830101013184,8.39544242193639,,,0.6161216199398041,-7.365090755692823,0.18893253803253174,1.3159546290620392,,,,,0.05172443389892578,1.0137021065995133,5,5
2015-12-10 18:00:00+00:00,0.7942415177822113,-0.6610871289189787,,,,,,,,,0.5774959325790405,8.104174812179519,,,0.607121080160141,-8.215302858762893,,,,,,,0.11252832412719727,0.37057916134148844,4,4
2015-12-11 00:00:00+00:00,,,,,,,,,,,0.46832144260406494,8.893222805827918,,,0.6111853122711182,-7.718197021118773,0.1773000955581665,1.3370629474781273,,,,,0.060419321060180664,1.0067227982581384,6,4
2015-12-11 06:00:00+00:00,0.5541969537734985,1.406782305152441,,,,,,,,,0.5008069276809692,4.777358824051313,,,0.5628913342952728,-8.574254324147457,0.18167948722839355,1.4205803292184864,,,,,0.09178757667541504,-0.04779635989627837,5,5
2015-12-11 12:00:00+00:00,,,,,,,,,,,0.5297255516052246,9.987914889905449,,,0.5504399240016937,-10.33751887450675,0.17118918895721436,0.494807916257585,,,,,0.3899472951889038,0.4438899731419934,8,5
2015-12-11 18:00:00+00:00,0.39563965797424316,-0.31979288289702834,,,,,,,,,0.4457587003707886,5.785879900581245,,,0.6082442700862885,-10.726874631577534,0.23181521892547607,0.38232462940384354,,,,,0.2286921739578247,-0.41799942372646676,7,7
2015-12-12 00:00:00+00:00,0.2642708420753479,-0.6558890967742841,,,,,,,,,0.41449952125549316,2.934751960285031,,,0.5986930429935455,-11.433577896971672,0.08712947368621826,0.05845391030505429,,,,,0.6067264080047607,0.8708216168733529,7,5
2015-12-12 06:00:00+00:00,0.26007431745529175,-0.5738364193327181,,,,,,,,,0.40089690685272217,1.4379360239970518,,,0.6770922243595123,-14.711830085339674,0.3258364200592041,0.23315497143652578,,,,,0.23209118843078613,-0.15499410092826818,6,5
2015-12-12 12:00:00+00:00,0.12215995788574219,-0.17546110554817013,,,,,,,,,,,,,0.6335656642913818,-7.301073354952852,0.19153964519500732,-0.06125766411780233,,,,,0.37135064601898193,-0.056838945446925804,4,4
2015-12-12 18:00:00+00:00,0.21533209085464478,-0.23366846263126378,,,,,,,,,,,,,0.6531203091144562,-10.443697998577779,0.10277217626571655,-0.13518276569109478,,,,,,,3,3
2015-12-13 00:00:00+00:00,0.12233424186706543,-0.08539317907329971,,,,,,,,,,,,,0.5526814162731171,-7.325454952109059,0.2251650094985962,-0.9317062583006349,,,,,,,4,4
2015-12-13 06:00:00+00:00,0.23736417293548584,-0.6562174569519847,,,,,,,,,,,,,0.6820177435874939,-8.174651912177175,0.44517582654953003,-0.4283299484386223,,,,,,,4,4
2015-12-13 12:00:00+00:00,0.08876478672027588,-0.506183813617847,,,,,,,,,,,,,0.6633788347244263,-10.913860375178862,,,,,,,,,3,3
2015-12-13 18:00:00+00:00,0.21482181549072266,-0.40299724439130646,,,,,,,,,,,,,0.732211172580719,-9.694905638631653,,,,,,,,,3,3
2015-12-14 00:00:00+00:00,0.19180095195770264,-1.0970274153876047,,,,,,,,,,,,,0.6320528090000153,-5.489820529689883,,,,,,,,,3,3
2015-12-14 06:00:00+00:00,,,0.29220980405807495,-0.5656104361014642,,,,,,,,,,,0.6067557632923126,-6.498157721157283,,,,,,,,,2,2
2015-12-14 12:00:00+00:00,,,0.16738206148147583,-0.960793461287132,,,,,,,,,,,0.6645313203334808,-6.431130859655627,,,,,,,,,3,3
2015-12-14 18:00:00+00:00,,,0.1024484634399414,-0.2695167544113281,,,,,,,,,,,0.6439130902290344,-7.500310362148801,,,,,,,,,3,3
2015-12-15 00:00:00+00:00,,,0.20308160781860352,-1.814725417256012,,,,,,,,,,,0.2079707384109497,1.0720704829889562,0.5811793506145477,-8.50120960680946,,,,,,,3,3
2015-12-15 06:00:00+00:00,,,0.21776747703552246,-2.906005534027808,,,,,,,,,,,,,0.4830244183540344,-5.236840255323315,,,,,,,2,2
2015-12-15 12:00:00+00:00,,,0.07710260152816772,-0.7476664277488233,,,,,,,,,,,,,0.5575561821460724,-7.866092742653301,,,,,,,2,2
2015-12-15 18:00:00+00:00,,,0.34766167402267456,-20.185005867324705,,,,,,,,,,,,,0.45195895433425903,-5.066483607112431,,,,,,,3,3
2015-12-16 00:00:00+00:00,,,0.16750526428222656,-1.1051809989663426,,,,,,,,,,,,,0.4245263338088989,-6.926796519247013,,,,,,,2,2
2015-12-16 06:00:00+00:00,,,0.019884943962097168,-0.13208842656599173,,,,,,,,,,,,,0.4524605870246887,-4.674647479382719,,,,,,,2,2
2015-12-16 12:00:00+00:00,0.3255605697631836,1.1256809703641042,0.08970451354980469,-2.1905945077218516,,,,,,,,,,,,,0.382459819316864,-0.026515561925794625,,,,,,,3,3
2015-12-16 18:00:00+00:00,0.07277917861938477,-0.13227969943424828,0.040485918521881104,-3.3552064386627225,,,,,,,,,,,,,,,,,,,,,2,2
2015-12-17 00:00:00+00:00,0.08436864614486694,-0.22915942664443453,,,0.45894795656204224,-16.62252053155986,,,,,,,,,,,,,,,,,,,2,2
2015-12-17 06:00:00+00:00,0.042762815952301025,-3.0051476609357786,,,0.25813162326812744,12.242129412545848,,,,,,,,,,,,,,,,,,,2,2
2015-12-17 12:00:00+00:00,0.13480281829833984,-0.2928695948092497,,,0.2596549391746521,-0.4775314928255561,,,,,,,,,,,,,,,,,,,3,3
2015-12-17 18:00:00+00:00,0.23941338062286377,-18.742312070654695,,,0.2614063620567322,-1.11258220984363,,,,,,,,,,,,,,,,,,,3,3
2015-12-18 00:00:00+00:00,0.24259620904922485,-17.010918901998803,,,0.0017626285552978516,0.0743489891388029,,,,,,,,,,,,,,,,,,,3,2
2015-12-18 06:00:00+00:00,0.20004802942276,-3.169791888289055,,,,,,,,,,,,,,,,,,,,,,,2,1
2015-12-18 12:00:00+00:00,0.0722588300704956,43.837160164741825,,,,,,,,,,,,,,,,,,,,,,,1,1
2015-12-18 18:00:00+00:00,0.13517999649047852,-0.9875860410791335,,,,,,,,,,,,,,,,,,,,,,,1,1
2015-12-19 00:00:00+00:00,0.1515372395515442,-2.245683090602423,,,,,,,,,,,,,,,,,,,,,,,1,1
2015-12-19 06:00:00+00:00,0.23748856782913208,-29.86352037715108,,,,,,,,,,,,,,,,,,,,,,,1,1
2015-12-19 12:00:00+00:00,0.15667420625686646,-3.5478802960032088,,,,,,,,,,,,,,,,,,,,,,,1,1
2015-12-19 18:00:00+00:00,0.29470640420913696,-40.29476352930334,,,,,,,0.24732106924057007,-2.3222494417703676,,,,,,,,,,,,,,,2,2
2015-12-20 00:00:00+00:00,,,0.24668145179748535,-4.960073081649436,,,,,0.37965333461761475,-0.9760841217485554,,,,,,,,,,,,,,,2,2
2015-12-20 06:00:00+00:00,,,0.19764453172683716,-2.13843332207215,,,,,0.26732754707336426,-4.234225745211134,,,,,,,,,,,,,,,2,2
2015-12-20 12:00:00+00:00,,,0.2526700496673584,-9.949240108209539,,,,,,,,,,,,,,,,,,,,,1,1
2015-12-20 18:00:00+00:00,,,0.1854240894317627,-3.8342021209146946,,,,,,,,,,,,,,,,,,,,,1,1
2015-12-21 00:00:00+00:00,,,0.21152299642562866,-5.999877999902204,,,,,,,,,,,,,,,,,,,,,1,1
2015-12-21 06:00:00+00:00,,,0.24303698539733887,-4.844813241348528,,,,,0.3568815588951111,-3.8296959045341104,,,,,,,,,0.0894007682800293,-1.244727257295988,,,,,3,3
2015-12-21 12:00:00+00:00,,,0.23030894994735718,-57.57651536007468,,,,,0.401187539100647,-5.5407686952016855,,,,,,,,,0.0350644588470459,0.6424543935934472,,,,,4,4
2015-12-21 18:00:00+00:00,,,0.20333093404769897,-3.957388929413521,,,,,0.7428498566150665,-5.558788092604524,,,,,,,,,0.17508995532989502,2.2935242540345806,,,,,3,3
2015-12-22 00:00:00+00:00,,,0.24819296598434448,-62.5507884328533,,,,,0.42464232444763184,-3.5668633122830404,,,,,,,,,0.04144752025604248,0.7480855823887309,,,,,3,3
2015-12-22 06:00:00+00:00,,,0.21475309133529663,-9.450689752345369,,,,,0.6391700804233551,-4.634391622315161,,,,,,,,,0.012524127960205078,0.31611371428614743,,,,,3,3
2015-12-22 12:00:00+00:00,,,0.21409505605697632,-5.555604844357569,,,,,0.045875728130340576,-2.838574927455886,,,,,,,,,0.09572291374206543,1.3451412262409594,,,,,3,3
2015-12-22 18:00:00+00:00,,,0.18808448314666748,-5.018507601032031,,,,,0.4862635135650635,-4.654573322652453,,,,,,,,,0.09192514419555664,0.6978060220092007,,,,,3,3
2015-12-23 00:00:00+00:00,,,0.18992888927459717,-6.4937031921364525,,,,,,,0.39809149503707886,-1.2973433278684559,,,,,,,0.06203615665435791,0.5924605073782013,,,,,3,3
2015-12-23 06:00:00+00:00,,,0.2071494460105896,-3.306198154998607,,,,,,,,,,,,,,,0.0677114725112915,0.8421279456390502,,,,,2,2
2015-12-23 12:00:00+00:00,,,0.17385846376419067,-4.121297989600289,,,,,,,,,,,,,,,0.14032387733459473,2.6904837602782896,,,,,2,2
2015-12-23 18:00:00+00:00,,,0.1975347399711609,-3.8620620575432083,,,,,,,,,,,,,,,0.14198088645935059,3.3131896496700386,,,,,2,2
2015-12-24 00:00:00+00:00,,,0.21626079082489014,-5.749969703233781,,,,,,,,,,,,,,,0.12396752834320068,6.2418104325239465,,,,,2,2
2015-12-24 06:00:00+00:00,,,0.18745964765548706,-2.3005904505016765,,,,,,,,,,,,,,,0.058241963386535645,1.0150563790831764,,,,,3,2
2015-12-24 12:00:00+00:00,,,0.19990301132202148,-4.949360087360879,,,,,,,0.06326138973236084,0.23980116977835061,,,,,,,0.13631415367126465,1.0212854066500563,0.15136849880218506,2.109959991785496,,,4,4
2015-12-24 18:00:00+00:00,,,0.21538394689559937,-4.3407178769572665,,,,,,,,,,,,,,,,,0.09968292713165283,1.5030614465939744,,,2,2
2015-12-25 00:00:00+00:00,,,0.15969091653823853,-9.777925564459387,,,,,,,,,,,,,,,,,0.11225748062133789,7.613500071204961,,,3,2
2015-12-25 06:00:00+00:00,,,0.16628819704055786,-7.111137250436036,,,,,,,,,,,0.21306288242340088,2.5906499141637305,,,0.25320708751678467,-0.22143910521740084,0.14265525341033936,2.522678566379839,,,4,4
2015-12-25 12:00:00+00:00,,,0.10405844449996948,-1.7484653915374102,,,,,,,,,,,,,,,0.07663106918334961,0.2401822192212556,0.17034053802490234,6.329591661257648,,,4,4
2015-12-25 18:00:00+00:00,,,,,0.1700516939163208,0.49569074082845405,,,,,,,,,0.22062456607818604,9.483841220083525,,,,,0.12428224086761475,0.023975212866990694,,,4,4
2015-12-26 00:00:00+00:00,,,0.20140546560287476,-4.005319222207192,,,,,,,,,0.14871513843536377,0.29960025913212607,,,,,,,0.1404879093170166,9.009297582582455,,,3,3
2015-12-26 06:00:00+00:00,,,0.21673297882080078,-1.3895630291162258,,,,,,,,,0.03202807903289795,0.32952286395517605,,,,,,,0.22536897659301758,3.6927350777390227,,,3,3
2015-12-26 12:00:00+00:00,,,0.1422855257987976,-1.0528006279420803,,,,,,,,,0.06304097175598145,1.3145960030516854,,,,,,,0.16946446895599365,11.434607446838019,,,3,3
2015-12-26 18:00:00+00:00,,,0.12960600852966309,-0.2097679536158594,,,,,,,,,0.17809593677520752,1.332544682395051,,,,,,,0.14222300052642822,10.927349067314065,,,4,4
2015-12-27 06:00:00+00:00,,,0.06708520650863647,-0.6064301466568538,0.7058254182338715,-13.108671104050647,,,,,,,0.24713361263275146,10.26228622932338,0.16506707668304443,5.923787357047799,,,,,0.0953218936920166,0.1973299153952863,,,6,6
2015-12-27 12:00:00+00:00,,,0.18373066186904907,-1.5585229837936847,0.03892052173614502,-0.4533969600123575,,,,,,,0.28487932682037354,10.324524774866902,0.1119832992553711,1.6390790375581008,,,,,0.04001510143280029,0.33941843159699225,,,5,5
2015-12-28 06:00:00+00:00,,,0.10385572910308838,-2.803681601931562,,,,,,,,,,,0.26006507873535156,6.7937703277847765,,,,,0.13772177696228027,2.500917890811966,,,4,4
2015-12-28 12:00:00+00:00,,,0.09841406345367432,-0.6712897193331627,,,,,,,,,,,0.22146427631378174,12.789221924556855,0.12381470203399658,6.381153701198401,,,,,,,3,3
2015-12-28 18:00:00+00:00,,,0.1879260540008545,-2.78567988328368,,,,,,,,,,,0.24728929996490479,10.635046987343623,0.08571076393127441,3.2788381708389784,,,,,,,3,3
2015-12-29 00:00:00+00:00,,,0.19085681438446045,-1.0076178906518993,,,0.3120304346084595,0.38181487160927,,,,,,,0.2228473424911499,12.417196991421811,0.07321524620056152,1.081854129529506,,,,,,,4,4
2015-12-29 06:00:00+00:00,,,0.08021634817123413,-1.1090706887708737,,,0.2361084222793579,2.08231187695563,,,,,,,0.2304239273071289,10.649456931220804,0.2524040937423706,0.34756279886255553,,,,,,,4,4
2015-12-29 12:00:00+00:00,,,0.13525229692459106,-1.4500152336977412,,,0.38768959045410156,2.296100535499899,,,,,,,0.2455308437347412,12.690905996529926,0.02115696668624878,0.6252049056455382,,,,,,,4,4
2015-12-29 18:00:00+00:00,,,0.18215322494506836,-1.739135292568104,,,0.24113404750823975,3.3056142397171877,,,,,,,0.20975303649902344,10.393992872647733,0.22303295135498047,0.3802884485345622,,,,,,,4,4
2015-12-30 00:00:00+00:00,,,0.21772277355194092,-4.417688486644414,,,0.23372745513916016,4.473405848804297,,,,,,,0.19058668613433838,8.487052248660856,0.030717790126800537,0.30098201965422194,,,,,,,4,4
2015-12-30 06:00:00+00:00,,,0.18251484632492065,-2.342459007543992,,,0.3315328359603882,7.9900315210840605,,,,,,,0.1698150634765625,10.53396540915151,,,,,,,,,3,3
2015-12-30 12:00:00+00:00,,,0.1619281768798828,-1.18456254638709,,,0.3259388208389282,3.846262151066661,,,,,,,0.17838120460510254,7.551815295557807,,,,,,,,,3,3
2015-12-30 18:00:00+00:00,,,0.20367735624313354,-1.899249266366621,,,0.44000065326690674,6.56242906337889,,,,,,,0.18229854106903076,10.920042491465448,,,,,,,,,3,3
2015-12-31 00:00:00+00:00,,,0.2035466432571411,-4.362442945369117,,,0.4136495590209961,8.176467749744631,,,,,,,0.17963874340057373,8.939463452076255,,,,,,,,,3,3
2015-12-31 06:00:00+00:00,,,0.20513272285461426,-4.129508535725664,,,0.4800255298614502,6.444432754710661,,,,,,,0.17140090465545654,10.085826190963509,,,,,,,,,3,3
2015-12-31 12:00:00+00:00,,,0.23781883716583252,-3.1853189535393738,,,0.4534173011779785,8.704341652213236,,,,,,,0.1996999979019165,7.919316188815932,,,,,,,,,3,3
2015-12-31 18:00:00+00:00,,,0.15359562635421753,-1.5374025305532766,,,0.42615067958831787,7.003665723799173,,,,,,,,,,,,,0.12575411796569824,7.312310213930693,,,3,3
