timestamp,global_R2,global_energy,global_entropy,global_variance
2014-01-01 00:00:00+00:00,0.39857780933380127,296.5335388183594,1.8593420324366021,290.5894470214844
2014-01-01 06:00:00+00:00,0.2974860668182373,205.2614288330078,1.688306661827456,202.481201171875
2014-01-01 12:00:00+00:00,0.3428668975830078,302.1733093261719,1.7967863433803468,297.9760437011719
2014-01-01 18:00:00+00:00,0.33308207988739014,256.0458068847656,1.5060810756710663,252.48025512695312
2014-01-02 00:00:00+00:00,0.3357105255126953,148.7724609375,1.9208687494262755,145.35850524902344
2014-01-02 06:00:00+00:00,0.2646479606628418,102.94452667236328,2.716847031360385,100.77316284179688
2014-01-02 12:00:00+00:00,0.32033681869506836,216.666015625,2.2443949057843002,212.4749298095703
2014-01-02 18:00:00+00:00,0.3283430337905884,171.96279907226562,2.340972388506367,168.17294311523438
2014-01-03 00:00:00+00:00,0.2494370937347412,78.32180786132812,3.0850603147369124,76.53691864013672
2014-01-03 06:00:00+00:00,0.21626293659210205,301.4665832519531,1.982942930141985,299.6296691894531
2014-01-03 12:00:00+00:00,0.026110053062438965,97.2561264038086,2.599170653312662,97.23267364501953
2014-01-03 18:00:00+00:00,0.024180710315704346,67.06636810302734,3.567101827784673,67.04440307617188
2014-01-04 00:00:00+00:00,0.06995046138763428,63.3613395690918,3.650063250331396,63.19252014160156
2014-01-04 06:00:00+00:00,0.12896722555160522,62.589744567871094,3.483112457175894,62.05902099609375
2014-01-04 12:00:00+00:00,0.0974740982055664,68.3276596069336,2.9585460800935968,68.03318786621094
2014-01-04 18:00:00+00:00,0.08455079793930054,58.61711120605469,3.632130718063247,58.379024505615234
2014-01-05 00:00:00+00:00,0.09338724613189697,76.05172729492188,3.372817812312878,75.72371673583984
2014-01-05 06:00:00+00:00,0.07161092758178711,49.2017936706543,3.369879535629579,49.066368103027344
2014-01-05 12:00:00+00:00,0.0714191198348999,56.63866424560547,3.008721158255755,56.511253356933594
2014-01-05 18:00:00+00:00,0.06547611951828003,60.722251892089844,3.562784742680114,60.58673858642578
2014-01-06 00:00:00+00:00,0.15802544355392456,74.854248046875,3.06944100184995,73.97920227050781
2014-01-06 06:00:00+00:00,0.12230324745178223,64.45148468017578,3.0114198603995184,64.02359771728516
2014-01-06 12:00:00+00:00,0.11755257844924927,65.29967498779297,2.8443343872374,64.90703582763672
2014-01-06 18:00:00+00:00,0.18016576766967773,74.58499908447266,3.131525375621502,73.44135284423828
2014-01-07 00:00:00+00:00,0.061870574951171875,85.63691711425781,2.9968443444692117,85.4971923828125
2014-01-07 06:00:00+00:00,0.17580139636993408,77.9918212890625,2.6241600258677273,77.05915832519531
2014-01-07 12:00:00+00:00,0.272352397441864,139.14227294921875,2.1183943061407837,136.75140380859375
2014-01-07 18:00:00+00:00,0.269070029258728,164.46849060058594,2.2319650438652827,161.7278594970703
2014-01-08 00:00:00+00:00,0.28179579973220825,132.28485107421875,2.5920565736303676,129.14971923828125
2014-01-08 06:00:00+00:00,0.26217758655548096,164.4851837158203,1.9204884882382123,162.03294372558594
2014-01-08 12:00:00+00:00,0.3293505907058716,205.50949096679688,2.1191948353398984,201.7899169921875
2014-01-08 18:00:00+00:00,0.32841020822525024,223.9057159423828,2.0659592175138894,219.660400390625
2014-01-09 00:00:00+00:00,0.3600373864173889,191.67825317382812,2.070057997576586,186.39454650878906
2014-01-09 06:00:00+00:00,0.32816576957702637,179.01092529296875,1.7022046114746199,175.43109130859375
2014-01-09 12:00:00+00:00,0.32308340072631836,205.56753540039062,1.8052893888818862,201.977294921875
2014-01-09 18:00:00+00:00,0.33229804039001465,223.61688232421875,1.911978676269331,219.6389617919922
2014-01-10 00:00:00+00:00,0.30340874195098877,166.8026885986328,2.0387239580305105,163.5471649169922
2014-01-10 06:00:00+00:00,0.2958972454071045,138.558349609375,2.2429742369112318,135.73634338378906
2014-01-10 12:00:00+00:00,0.2443326711654663,130.35928344726562,1.7391036178677803,128.45919799804688
2014-01-10 18:00:00+00:00,0.2841055989265442,178.5445098876953,2.0084057334030545,175.6757354736328
2014-01-11 00:00:00+00:00,0.30289143323898315,196.5850067138672,1.6559786843801179,193.74453735351562
2014-01-11 06:00:00+00:00,0.28074783086776733,161.92869567871094,2.0362221858659333,159.22442626953125
2014-01-11 12:00:00+00:00,0.24382317066192627,106.41016387939453,2.29318795543502,104.51860046386719
2014-01-11 18:00:00+00:00,0.222802996635437,130.74954223632812,2.2162390497817777,128.97535705566406
2014-01-12 00:00:00+00:00,0.1289815902709961,86.69672393798828,2.4551790845326043,86.20489501953125
2014-01-12 06:00:00+00:00,0.15765380859375,70.559326171875,2.9428729238620654,69.82852935791016
2014-01-12 12:00:00+00:00,0.17175114154815674,107.62764739990234,2.281165787651899,106.67811584472656
2014-01-12 18:00:00+00:00,0.16592943668365479,76.83045196533203,2.711758755435474,75.98828887939453
2014-01-13 00:00:00+00:00,0.11742115020751953,46.91613006591797,3.6024113038767576,46.55469512939453
2014-01-13 06:00:00+00:00,0.08423078060150146,52.439640045166016,3.1153261540073967,52.252418518066406
2014-01-13 12:00:00+00:00,0.14220386743545532,53.628910064697266,3.4491055829934583,53.033294677734375
2014-01-13 18:00:00+00:00,0.04249703884124756,47.214752197265625,3.929830416317744,47.16312026977539
2014-01-14 00:00:00+00:00,0.11565303802490234,39.414337158203125,3.9019218980132404,39.1037483215332
2014-01-14 06:00:00+00:00,0.20211899280548096,40.27631378173828,4.010127147005423,39.26930618286133
2014-01-14 12:00:00+00:00,0.004992127418518066,29.9332275390625,4.022049935495624,29.932762145996094
2014-01-14 18:00:00+00:00,0.0767585039138794,47.2895622253418,3.8522754449790964,47.12379837036133
2014-01-15 00:00:00+00:00,0.13862109184265137,66.949951171875,3.356554741830886,66.37159729003906
2014-01-15 06:00:00+00:00,0.0626058578491211,56.30836486816406,3.2947185467961786,56.2000846862793
2014-01-15 12:00:00+00:00,0.06496047973632812,55.85528564453125,2.8447897551544896,55.748069763183594
2014-01-16 00:00:00+00:00,0.17460179328918457,59.47260284423828,2.8910958161073737,58.5841178894043
2014-01-16 06:00:00+00:00,0.14027798175811768,130.70803833007812,2.1725115370206947,130.12449645996094
2014-01-16 12:00:00+00:00,0.1646714210510254,57.90377426147461,2.701799861574279,57.247432708740234
2014-01-16 18:00:00+00:00,0.12332582473754883,87.34134674072266,2.42760201375142,86.84414672851562
2014-01-17 00:00:00+00:00,0.0902700424194336,95.03866577148438,2.252688190731784,94.76618957519531
2014-01-17 06:00:00+00:00,0.25643181800842285,90.83524322509766,2.4108290212257906,89.02483367919922
2014-01-17 12:00:00+00:00,0.14942312240600586,89.13912200927734,2.48078962069578,88.52312469482422
2014-01-17 18:00:00+00:00,0.13613355159759521,119.97493743896484,2.3300676701888774,119.34253692626953
2014-01-18 00:00:00+00:00,0.2065563201904297,163.2925567626953,1.7626733676116728,161.86624145507812
2014-01-18 06:00:00+00:00,0.2582911252975464,159.54852294921875,2.1238896962046176,157.4023895263672
2014-01-18 12:00:00+00:00,0.20132672786712646,95.94782257080078,2.703518268607842,94.75186920166016
2014-01-18 18:00:00+00:00,0.2898406982421875,157.79852294921875,2.2842562430426154,154.88458251953125
2014-01-19 00:00:00+00:00,0.3057161569595337,125.78346252441406,2.505204995987573,122.72679138183594
2014-01-19 06:00:00+00:00,0.37422263622283936,160.2889404296875,2.217552232732907,155.59950256347656
2014-01-19 12:00:00+00:00,0.4035031795501709,172.42173767089844,2.56975046459893,166.4936981201172
2014-01-19 18:00:00+00:00,0.3164644241333008,125.48941040039062,2.642463375696328,122.14981842041016
2014-01-20 00:00:00+00:00,0.3870435953140259,227.87823486328125,2.368698387887826,222.2345733642578
2014-01-20 06:00:00+00:00,0.3338702917098999,148.02305603027344,2.4442942789468645,144.28256225585938
2014-01-20 12:00:00+00:00,0.2833348512649536,73.99409484863281,2.9396683249084057,71.7370834350586
2014-01-20 18:00:00+00:00,0.3251901865005493,120.57291412353516,2.4536782876024494,116.8747329711914
2014-01-21 00:00:00+00:00,0.23553967475891113,69.97376251220703,2.879843797681939,68.67369079589844
2014-01-21 06:00:00+00:00,0.1878277063369751,71.76305389404297,3.0038952083576733,70.77881622314453
2014-01-21 12:00:00+00:00,0.21384954452514648,98.46700286865234,2.3059799947310755,97.31446838378906
2014-01-21 18:00:00+00:00,0.24538230895996094,74.31187438964844,2.8537811120337224,72.64488220214844
2014-01-22 00:00:00+00:00,0.17387688159942627,43.92385482788086,3.070483022786066,43.377750396728516
2014-01-22 06:00:00+00:00,0.2834204435348511,49.300662994384766,3.5941092698480683,47.305912017822266
2014-01-22 12:00:00+00:00,0.00927746295928955,34.31526565551758,4.091643866731582,34.313446044921875
2014-01-22 18:00:00+00:00,0.5799745917320251,62.17607879638672,3.2746936855773456,52.23141098022461
2014-01-23 00:00:00+00:00,1.0,2805.315673828125,0.4341060927246719,2805.077392578125
2014-01-23 06:00:00+00:00,1.0,2706.945068359375,0.42006230184836724,2706.615966796875
2014-01-23 12:00:00+00:00,1.0,2665.57080078125,0.7855758639297181,2665.44287109375
2014-01-23 18:00:00+00:00,1.0,2795.81591796875,0.924514663416987,2795.55224609375
2014-01-24 00:00:00+00:00,1.0,2818.287353515625,0.5329717582057002,2818.1064453125
2014-01-24 06:00:00+00:00,1.0,2629.357421875,0.6201924853888706,2629.124267578125
2014-01-24 12:00:00+00:00,1.0,2442.366455078125,0.41830502354582055,2442.071533203125
2014-01-24 18:00:00+00:00,1.0,2655.2734375,0.75073346800834,2654.97265625
2014-01-25 00:00:00+00:00,1.0,2626.978515625,0.6845979437820249,2626.769287109375
2014-01-25 06:00:00+00:00,1.0,2480.832763671875,0.9245169935895564,2480.63916015625
2014-01-25 12:00:00+00:00,1.0,2322.816162109375,0.7958080212358488,2322.673095703125
2014-01-25 18:00:00+00:00,1.0,2440.238525390625,0.4173957622077085,2440.10791015625
2014-01-26 00:00:00+00:00,1.0,2213.296142578125,0.822704822415787,2213.11083984375
2014-01-26 06:00:00+00:00,1.0,2031.384033203125,0.45458395885001673,2031.2608642578125
2014-01-26 12:00:00+00:00,1.0,1802.852294921875,0.7439379089823099,1802.67822265625
2014-01-26 18:00:00+00:00,1.0,1749.58935546875,0.5349001662559205,1749.4525146484375
2014-01-27 00:00:00+00:00,1.0,1585.386474609375,0.4434598311881603,1585.302490234375
2014-01-27 06:00:00+00:00,1.0,1439.7149658203125,0.7346987653271732,1439.614501953125
2014-01-27 12:00:00+00:00,0.2567274570465088,24.551828384399414,3.3092532847243064,23.59048843383789
2014-01-27 18:00:00+00:00,0.2243518829345703,23.023317337036133,3.636072313536639,22.16521644592285
2014-01-28 00:00:00+00:00,0.017433106899261475,32.26582336425781,3.820260067543717,32.25983810424805
2014-01-28 06:00:00+00:00,0.10633015632629395,23.96247673034668,4.128836095365006,23.79313087463379
2014-01-28 12:00:00+00:00,0.0012137889862060547,24.633554458618164,4.009605186025272,24.633533477783203
2014-01-28 18:00:00+00:00,0.00406259298324585,28.298751831054688,3.4582082232671634,28.298479080200195
2014-01-29 00:00:00+00:00,0.019881606101989746,27.39523696899414,3.7783495426107847,27.388704299926758
2014-01-29 06:00:00+00:00,0.04795801639556885,29.322433471679688,3.212388731486384,29.283889770507812
2014-01-29 12:00:00+00:00,0.12543165683746338,30.318702697753906,3.155246523588799,30.062894821166992
2014-01-29 18:00:00+00:00,0.040617942810058594,32.05637741088867,3.7128826770711334,32.0257568359375
2014-01-30 00:00:00+00:00,0.008983969688415527,28.038747787475586,3.539159584265882,28.03742218017578
2014-01-30 06:00:00+00:00,0.15428471565246582,27.452241897583008,3.665404010693666,27.072370529174805
2014-01-30 12:00:00+00:00,0.054648756980895996,27.196189880371094,3.2843814496404025,27.15016746520996
2014-01-30 18:00:00+00:00,0.033852577209472656,29.816505432128906,3.3172498150256002,29.798439025878906
2014-01-31 00:00:00+00:00,0.04596865177154541,24.659976959228516,3.731961645321202,24.629133224487305
2014-01-31 06:00:00+00:00,0.04496026039123535,28.194271087646484,3.6607715522281445,28.16228485107422
2014-01-31 12:00:00+00:00,0.08265066146850586,24.622112274169922,3.8920268520083403,24.520360946655273
2014-01-31 18:00:00+00:00,0.0701223611831665,28.229787826538086,3.579890608898932,28.157564163208008
2014-02-01 00:00:00+00:00,0.08089339733123779,21.859853744506836,4.019428680817327,21.768129348754883
2014-02-01 06:00:00+00:00,0.18878227472305298,21.808149337768555,4.03617687501939,21.346221923828125
2014-02-01 12:00:00+00:00,0.10144954919815063,17.321401596069336,3.87549736781938,17.218782424926758
2014-02-01 18:00:00+00:00,0.8113906681537628,4266.6015625,1.0743315333538141,4187.384765625
2014-02-02 00:00:00+00:00,0.4173734188079834,1025.356689453125,1.5682765945500754,1019.023681640625
2014-02-02 06:00:00+00:00,0.16935938596725464,21.75718116760254,3.919226942996413,21.41192054748535
2014-02-02 12:00:00+00:00,0.18293672800064087,25.807823181152344,3.348454926970895,25.405179977416992
2014-02-02 18:00:00+00:00,0.1655997633934021,24.448915481567383,3.712426104879364,24.074384689331055
2014-02-03 00:00:00+00:00,0.30264198780059814,46.164276123046875,3.2380208063727283,44.584716796875
2014-02-03 06:00:00+00:00,0.3977265954017639,52.98976516723633,2.9428126934767787,50.13115692138672
2014-02-03 12:00:00+00:00,0.43847447633743286,64.21063232421875,2.528758713606427,61.345584869384766
2014-02-03 18:00:00+00:00,0.4745304584503174,58.64652633666992,2.7544954558013366,54.389251708984375
2014-02-04 00:00:00+00:00,0.4349063038825989,124.58744049072266,2.3880205554512957,119.76402282714844
2014-02-04 06:00:00+00:00,0.3921816945075989,30.60637855529785,3.2870291363370088,28.554109573364258
2014-02-04 12:00:00+00:00,0.5256684422492981,137.64779663085938,2.085019661769716,130.9442138671875
2014-02-04 18:00:00+00:00,0.3602481484413147,53.218116760253906,3.0992292471709733,50.93852233886719
2014-02-05 00:00:00+00:00,0.43826526403427124,131.12759399414062,2.0497962393834674,126.35576629638672
2014-02-05 06:00:00+00:00,0.49646610021591187,141.81332397460938,2.2866508660959153,134.92015075683594
2014-02-05 12:00:00+00:00,0.5492650866508484,150.6232452392578,2.2352825320742102,142.59898376464844
2014-02-05 18:00:00+00:00,0.43606889247894287,130.4910888671875,2.153044018768377,125.099365234375
2014-02-06 00:00:00+00:00,0.448133647441864,161.2726593017578,2.094850311291058,156.0147247314453
2014-02-06 06:00:00+00:00,0.45502614974975586,134.99014282226562,2.0332277411960087,129.54605102539062
2014-02-06 12:00:00+00:00,0.40447384119033813,77.41067504882812,2.4707429181400276,74.19412994384766
2014-02-06 18:00:00+00:00,0.31055110692977905,90.21615600585938,2.2134755881411694,88.14752197265625
2014-02-07 00:00:00+00:00,0.2408953309059143,48.58332061767578,2.6273418673760798,47.57794952392578
2014-02-07 06:00:00+00:00,0.21979522705078125,49.326377868652344,2.853680875659567,48.40086364746094
2014-02-07 12:00:00+00:00,0.2585011124610901,56.090087890625,2.254033732296021,54.89493179321289
2014-02-07 18:00:00+00:00,0.2719056010246277,39.70833206176758,2.962679108831486,38.460086822509766
2014-02-08 00:00:00+00:00,0.1787075400352478,45.139034271240234,2.5050454490518645,44.63391876220703
2014-02-08 06:00:00+00:00,0.19818168878555298,29.108125686645508,3.138009231857181,28.53394317626953
2014-02-08 12:00:00+00:00,0.17641198635101318,38.07547378540039,2.811346931443863,37.602264404296875
2014-02-08 18:00:00+00:00,0.2086958885192871,39.87323760986328,2.8156742282528016,39.11202621459961
2014-02-09 00:00:00+00:00,0.23080456256866455,40.51634979248047,2.77582558317058,39.718780517578125
2014-02-09 06:00:00+00:00,0.4098411798477173,314.6525573730469,1.5064427064425883,310.5300598144531
2014-02-09 12:00:00+00:00,0.41680461168289185,829.0928344726562,1.210148393357294,824.2547607421875
2014-02-09 18:00:00+00:00,0.04653751850128174,27.344030380249023,3.0917476377744073,27.316232681274414
2014-02-10 00:00:00+00:00,0.039082467555999756,18.557207107543945,3.782145958588887,18.541072845458984
2014-02-10 06:00:00+00:00,0.12633419036865234,54.781219482421875,2.778920650871702,54.49959945678711
2014-02-10 12:00:00+00:00,0.0006765127182006836,28.175859451293945,2.9603899209279754,28.175853729248047
2014-02-10 18:00:00+00:00,0.12176835536956787,24.729328155517578,3.1046641646415374,24.544458389282227
2014-02-11 00:00:00+00:00,0.060781240463256836,24.90452766418457,3.1654084121281474,24.859865188598633
2014-02-11 06:00:00+00:00,0.1194758415222168,34.9935302734375,2.7128932840794873,34.78717041015625
2014-02-11 12:00:00+00:00,0.08221769332885742,26.79265594482422,2.626555611507426,26.716045379638672
2014-02-11 18:00:00+00:00,0.1642986536026001,29.76080322265625,2.9640996553767316,29.3875732421875
2014-02-12 00:00:00+00:00,0.2992502450942993,71.13630676269531,2.4104223462725747,69.49517059326172
2014-02-12 06:00:00+00:00,0.2511405944824219,59.98971939086914,2.501662339357318,58.927467346191406
2014-02-12 12:00:00+00:00,0.12272512912750244,26.599903106689453,3.1749917508426666,26.413116455078125
2014-02-13 00:00:00+00:00,0.1981891393661499,29.35527229309082,2.768965498266038,28.892210006713867
2014-02-13 06:00:00+00:00,0.21338140964508057,40.481956481933594,2.829915717899348,39.78424072265625
2014-02-13 12:00:00+00:00,0.13787102699279785,46.98309326171875,2.0932276826289193,46.69902420043945
2014-02-13 18:00:00+00:00,0.06006622314453125,43.99314880371094,2.388229676558753,43.93855285644531
2014-02-14 00:00:00+00:00,0.10821712017059326,46.41188049316406,2.367292205974496,46.24065399169922
2014-02-14 06:00:00+00:00,0.08227872848510742,53.590858459472656,2.3333083001779418,53.47844696044922
2014-02-14 12:00:00+00:00,0.0726085901260376,37.630733489990234,2.463247067514282,37.55638885498047
2014-02-14 18:00:00+00:00,0.13883793354034424,44.13723373413086,2.6582052717690274,43.821956634521484
2014-02-15 00:00:00+00:00,0.14763343334197998,38.281036376953125,2.3762375811908694,37.97649383544922
2014-02-15 06:00:00+00:00,0.08162093162536621,38.10718536376953,2.9466089469004357,38.00322723388672
2014-02-15 12:00:00+00:00,0.08438289165496826,34.68759536743164,2.874430471741212,34.581398010253906
2014-02-15 18:00:00+00:00,0.1287306547164917,29.765663146972656,3.3185307896323466,29.52623176574707
2014-02-16 00:00:00+00:00,0.01949930191040039,171.82347106933594,1.3872442285834756,171.8175048828125
2014-02-16 06:00:00+00:00,0.21642565727233887,79.40057373046875,2.4125439141620855,78.43321228027344
2014-02-16 12:00:00+00:00,0.11726462841033936,36.187103271484375,2.9571825915007235,35.978878021240234
2014-02-16 18:00:00+00:00,0.008266091346740723,225.2239227294922,1.4492528467092134,225.22262573242188
2014-02-17 00:00:00+00:00,0.24991393089294434,41.452659606933594,3.07069746823372,40.53012466430664
2014-02-17 06:00:00+00:00,0.29410600662231445,160.68939208984375,2.0469314111442056,158.86082458496094
2014-02-17 12:00:00+00:00,0.22968816757202148,35.74304962158203,3.3380149200785283,34.9756965637207
2014-02-17 18:00:00+00:00,0.37928593158721924,46.4854736328125,3.1322872325910476,44.11007308959961
2014-02-18 00:00:00+00:00,0.2643824815750122,44.57750701904297,3.3142662333920034,43.40144729614258
2014-02-18 06:00:00+00:00,0.2627602815628052,49.346160888671875,3.514581756380967,47.820945739746094
2014-02-18 12:00:00+00:00,0.21203911304473877,85.82893371582031,2.402907216049459,84.86812591552734
2014-02-18 18:00:00+00:00,0.3520216941833496,59.705543518066406,3.3100252191994692,56.651100158691406
2014-02-19 00:00:00+00:00,0.2833675146102905,76.45993041992188,2.7222671036438313,74.78214263916016
2014-02-19 06:00:00+00:00,0.30374932289123535,86.80157470703125,3.0726753524304726,84.2894287109375
2014-02-19 12:00:00+00:00,0.4106346368789673,40.322547912597656,3.453002865842403,37.4094123840332
2014-02-19 18:00:00+00:00,0.01908951997756958,51.357177734375,2.7124745436542037,51.350643157958984
2014-02-20 00:00:00+00:00,0.29943156242370605,48.282501220703125,3.009845023362032,47.002967834472656
2014-02-20 06:00:00+00:00,0.09646224975585938,36.21010971069336,3.1278899850585242,36.075897216796875
2014-02-20 12:00:00+00:00,0.130295991897583,21.637104034423828,3.946721644398523,21.418861389160156
2014-02-20 18:00:00+00:00,0.09623491764068604,25.373775482177734,3.5766334167841856,25.243165969848633
2014-02-21 00:00:00+00:00,0.22005462646484375,31.089014053344727,3.6940615989369325,30.374372482299805
2014-02-21 06:00:00+00:00,0.228424072265625,26.812227249145508,3.5311048722731537,26.03019905090332
2014-02-21 12:00:00+00:00,0.28947722911834717,34.487857818603516,3.010062664241908,33.26362991333008
2014-02-21 18:00:00+00:00,0.13662397861480713,32.968990325927734,3.205573978773438,32.678428649902344
2014-02-22 00:00:00+00:00,0.12925028800964355,28.437292098999023,3.9315972206163696,28.146787643432617
2014-02-22 06:00:00+00:00,0.026574671268463135,45.64577865600586,3.4372756264879065,45.63042068481445
2014-02-22 12:00:00+00:00,0.40030282735824585,676.587158203125,1.483770912988521,670.9671630859375
2014-02-22 18:00:00+00:00,0.3164738416671753,108.10621643066406,2.972957913654374,105.17822265625
2014-02-23 00:00:00+00:00,0.4295259118080139,91.67389678955078,2.8945172298304622,87.5788345336914
2014-02-23 06:00:00+00:00,0.648564875125885,317.62469482421875,2.070289389837277,302.8060607910156
2014-02-23 12:00:00+00:00,0.41542160511016846,88.34539794921875,2.212253335089095,85.26813507080078
2014-02-23 18:00:00+00:00,0.4183456301689148,96.99578094482422,2.2184804704427328,93.28921508789062
2014-02-24 00:00:00+00:00,0.4906795620918274,242.89895629882812,2.0098262243640157,234.78494262695312
2014-02-24 06:00:00+00:00,0.6090420186519623,368.16375732421875,2.0599279750979584,352.6752624511719
2014-02-24 12:00:00+00:00,0.6115129888057709,587.9317016601562,1.7085467032953443,570.1608276367188
2014-02-24 18:00:00+00:00,0.5755277872085571,370.8297119140625,2.059328345582223,355.87353515625
2014-02-25 00:00:00+00:00,0.556346982717514,460.6910095214844,1.6460908859102112,447.83941650390625
2014-02-25 06:00:00+00:00,0.5135025382041931,508.9427185058594,1.9070094463563998,497.5909729003906
2014-02-25 12:00:00+00:00,0.35823172330856323,124.11664581298828,2.1822581990741696,121.25350189208984
2014-02-25 18:00:00+00:00,0.27762943506240845,87.40968322753906,2.6609036871154386,85.71595764160156
2014-02-26 00:00:00+00:00,0.34671270847320557,229.786376953125,1.9638132323672775,226.44871520996094
2014-02-26 06:00:00+00:00,0.14414125680923462,75.81348419189453,2.694934085613395,75.39641571044922
2014-02-26 12:00:00+00:00,0.1585090160369873,75.74439239501953,2.27239047216278,75.28858947753906
2014-02-26 18:00:00+00:00,0.11478149890899658,32.55513000488281,3.272043122857893,32.3275146484375
2014-02-27 00:00:00+00:00,0.029172778129577637,23.730093002319336,3.816535210233557,23.71827507019043
2014-02-27 06:00:00+00:00,0.09816241264343262,27.63334846496582,3.7337194889790375,27.4755859375
2014-02-27 12:00:00+00:00,0.10384905338287354,26.5871639251709,3.2817164839751105,26.437156677246094
2014-02-27 18:00:00+00:00,0.17730164527893066,23.847797393798828,3.629960958424892,23.402231216430664
2014-02-28 00:00:00+00:00,0.039492011070251465,22.342086791992188,3.788779642819232,22.320951461791992
2014-02-28 06:00:00+00:00,0.14439606666564941,19.46103858947754,3.813342943763067,19.172409057617188
2014-02-28 12:00:00+00:00,0.6276720464229584,23.60439109802246,3.0448204824645773,17.3907527923584
2014-02-28 18:00:00+00:00,1.0,2656.490966796875,0.9845991994558966,2656.4482421875
2014-03-01 00:00:00+00:00,1.0,2520.622314453125,0.46845341976244975,2520.613525390625
2014-03-01 06:00:00+00:00,1.0,2652.466796875,0.6278515661372669,2652.449951171875
2014-03-01 12:00:00+00:00,1.0,2461.309814453125,0.47103644302241027,2461.287353515625
2014-03-01 18:00:00+00:00,1.0,2508.271484375,0.6181786147254049,2508.270263671875
2014-03-02 00:00:00+00:00,1.0,2562.078369140625,0.5588002592050453,2562.0625
2014-03-02 06:00:00+00:00,1.0,2638.5009765625,0.4759057007094954,2638.4638671875
2014-03-02 12:00:00+00:00,1.0,2563.85400390625,0.4580137137680326,2563.840087890625
2014-03-02 18:00:00+00:00,1.0,2671.610107421875,0.9787473659054695,2671.60986328125
2014-03-03 00:00:00+00:00,1.0,2657.407958984375,0.4478742119868307,2657.40234375
2014-03-03 06:00:00+00:00,1.0,2565.38232421875,0.4877980449980362,2565.38232421875
2014-03-03 12:00:00+00:00,0.39784544706344604,32.7005615234375,3.4432955686166395,30.265615463256836
2014-03-03 18:00:00+00:00,0.1450352668762207,41.38200378417969,2.94980322643879,41.03828430175781
2014-03-04 00:00:00+00:00,0.17439770698547363,29.235862731933594,3.3482000172971684,28.823028564453125
2014-03-04 06:00:00+00:00,0.26417768001556396,25.230844497680664,3.6520365105478794,24.32598304748535
2014-03-04 12:00:00+00:00,0.2559747099876404,26.468524932861328,3.5024496992124057,25.62108612060547
2014-03-04 18:00:00+00:00,0.26745110750198364,50.35995101928711,2.9567349263756126,49.148250579833984
2014-03-05 00:00:00+00:00,0.31217092275619507,36.83644104003906,3.0914731838173966,35.43556213378906
2014-03-05 06:00:00+00:00,0.18804961442947388,26.348894119262695,3.565213149273601,25.843236923217773
2014-03-05 12:00:00+00:00,0.183599054813385,18.570220947265625,3.8070355732756473,18.21448516845703
2014-03-05 18:00:00+00:00,0.24247926473617554,101.64635467529297,2.373914314723356,100.3016128540039
2014-03-06 00:00:00+00:00,0.3345946669578552,94.53672790527344,2.347599797358934,92.34016418457031
2014-03-06 06:00:00+00:00,0.37094712257385254,162.3621826171875,1.968854107888672,158.73495483398438
2014-03-06 12:00:00+00:00,0.348813533782959,112.31957244873047,1.759898780998994,109.98788452148438
2014-03-06 18:00:00+00:00,0.35076701641082764,102.4794692993164,2.1157328031064644,99.85584259033203
2014-03-07 00:00:00+00:00,0.3000708818435669,64.78080749511719,2.638462965015591,63.22014236450195
2014-03-07 06:00:00+00:00,0.21351003646850586,39.98490905761719,2.8331470385664277,39.25641632080078
2014-03-07 12:00:00+00:00,0.22649168968200684,51.387386322021484,2.4554136756657683,50.6457633972168
2014-03-07 18:00:00+00:00,0.18035531044006348,42.220794677734375,2.597146413981861,41.68889236450195
2014-03-08 00:00:00+00:00,0.2030853033065796,32.24506378173828,2.9989959803972686,31.681137084960938
2014-03-08 06:00:00+00:00,0.16718429327011108,33.83445739746094,2.6064246823360446,33.43462371826172
2014-03-08 12:00:00+00:00,0.22169309854507446,34.643898010253906,2.573015758739122,33.94330596923828
2014-03-08 18:00:00+00:00,0.13130056858062744,33.3765754699707,2.844987728080691,33.11404800415039
2014-03-09 00:00:00+00:00,0.1679789423942566,29.55881118774414,3.17624897740558,29.151790618896484
2014-03-09 06:00:00+00:00,0.06241828203201294,30.467937469482422,3.45479694096396,30.40465545654297
2014-03-09 12:00:00+00:00,0.036832332611083984,29.908905029296875,3.385997001437753,29.887914657592773
2014-03-09 18:00:00+00:00,0.21553921699523926,24.721302032470703,3.6444136525417528,24.10272216796875
2014-03-10 00:00:00+00:00,0.12146991491317749,25.830028533935547,3.3617046258564676,25.635465621948242
2014-03-10 06:00:00+00:00,0.07258957624435425,34.886043548583984,2.8565570314015036,34.80344772338867
2014-03-10 12:00:00+00:00,0.002112746238708496,24.06440544128418,3.5952794453986914,24.06434440612793
2014-03-10 18:00:00+00:00,0.07227498292922974,26.90681266784668,3.4120336689388235,26.83218765258789
2014-03-11 00:00:00+00:00,0.16962021589279175,39.945655822753906,2.8523924384945682,39.49593734741211
2014-03-11 06:00:00+00:00,0.10132443904876709,35.87889862060547,2.8226052936320367,35.71278381347656
2014-03-11 12:00:00+00:00,0.10152333974838257,37.72037887573242,2.869089948488895,37.5666618347168
2014-03-11 18:00:00+00:00,0.18563979864120483,48.67689514160156,2.5758346246027513,48.10363006591797
2014-03-12 00:00:00+00:00,0.13459092378616333,52.52558135986328,2.569328022347099,52.220890045166016
2014-03-12 06:00:00+00:00,0.22659915685653687,68.38922882080078,2.0258776847623365,67.4538803100586
2014-03-12 12:00:00+00:00,0.17923837900161743,44.110443115234375,2.7157530343262506,43.60218811035156
2014-03-12 18:00:00+00:00,0.12455016374588013,111.24723815917969,2.0534284167929227,110.89584350585938
2014-03-13 00:00:00+00:00,0.1726704239845276,42.61117172241211,2.7176925321205148,42.1366081237793
2014-03-13 06:00:00+00:00,0.21348267793655396,90.62198638916016,2.057172862570572,89.64728546142578
2014-03-13 12:00:00+00:00,0.18357068300247192,50.82838821411133,2.296890329029428,50.29655075073242
2014-03-13 18:00:00+00:00,0.18890708684921265,80.50897979736328,2.1357448790080946,79.80194854736328
2014-03-14 00:00:00+00:00,0.17889606952667236,48.44221496582031,2.51018708073744,47.93648147583008
2014-03-14 06:00:00+00:00,0.36070185899734497,37.73672103881836,2.922680927904498,35.74736022949219
2014-03-14 12:00:00+00:00,0.17861133813858032,38.4641227722168,2.5507697428101332,37.95960235595703
2014-03-14 18:00:00+00:00,0.20543646812438965,47.27007293701172,2.5940655857761596,46.586456298828125
2014-03-15 00:00:00+00:00,0.16438376903533936,48.190032958984375,2.7181839397423033,47.756378173828125
2014-03-15 06:00:00+00:00,0.20673298835754395,75.05208587646484,1.9842463769595944,74.1527099609375
2014-03-15 12:00:00+00:00,0.16926932334899902,44.45310974121094,2.2995853506412374,43.955421447753906
2014-03-15 18:00:00+00:00,0.07891178131103516,46.91236114501953,2.5802177926156995,46.7969970703125
2014-03-16 00:00:00+00:00,0.11850178241729736,38.90376663208008,2.9489518221118924,38.64892578125
2014-03-16 06:00:00+00:00,0.13756293058395386,54.31318283081055,2.8993722096765167,53.87530517578125
2014-03-16 12:00:00+00:00,0.10988348722457886,46.80052185058594,2.8175034106593344,46.572364807128906
2014-03-16 18:00:00+00:00,0.281830370426178,43.37883758544922,3.0626724317573686,41.8394775390625
2014-03-17 00:00:00+00:00,0.15930908918380737,47.57841491699219,3.0497102576471917,47.034786224365234
2014-03-17 06:00:00+00:00,0.16670644283294678,95.36395263671875,2.783630563513274,94.57644653320312
2014-03-17 12:00:00+00:00,0.1782965064048767,38.9756965637207,3.6530582299322916,38.2823371887207
2014-03-17 18:00:00+00:00,0.19615787267684937,32.30589294433594,3.7829346449111463,31.65328025817871
2014-03-18 00:00:00+00:00,0.25079917907714844,33.56251907348633,3.7330575429986386,32.40480041503906
2014-03-18 06:00:00+00:00,0.31670713424682617,46.795654296875,3.655826172156764,44.27935028076172
2014-03-18 12:00:00+00:00,0.318686842918396,23.147958755493164,4.100338534849589,21.69888687133789
2014-03-18 18:00:00+00:00,0.043319106101989746,19.86060905456543,3.899437227991685,19.838586807250977
2014-03-19 00:00:00+00:00,0.21208536624908447,31.605371475219727,3.773270407920851,30.886438369750977
2014-03-19 06:00:00+00:00,0.43555331230163574,44.05284881591797,2.857102837442002,39.19305419921875
2014-03-19 12:00:00+00:00,1.0,1631.329833984375,0.4710978729604105,1631.322509765625
2014-03-19 18:00:00+00:00,1.0,1771.9654541015625,0.5108735459308633,1771.931640625
2014-03-20 00:00:00+00:00,1.0,1875.9163818359375,0.48919909234073533,1875.8778076171875
2014-03-20 06:00:00+00:00,1.0,1910.462890625,0.3925405173478314,1910.3878173828125
2014-03-20 12:00:00+00:00,1.0,1847.1353759765625,0.6150157467419174,1847.0601806640625
2014-03-20 18:00:00+00:00,1.0,1942.5599365234375,0.41175580542036505,1942.55615234375
2014-03-21 00:00:00+00:00,1.0,1897.64501953125,0.4543098631154754,1897.606201171875
2014-03-21 06:00:00+00:00,0.3235849142074585,40.71925354003906,3.6760698816904966,38.04197692871094
2014-03-21 12:00:00+00:00,0.1836124062538147,64.88162994384766,3.195787981714615,64.04548645019531
2014-03-21 18:00:00+00:00,0.06280887126922607,85.48822021484375,2.8215638078603646,85.26634216308594
2014-03-22 00:00:00+00:00,1.0,1888.8455810546875,0.4999150755631378,1888.8228759765625
2014-03-22 06:00:00+00:00,0.14755958318710327,40.965492248535156,3.830584901355616,40.47281265258789
2014-03-22 12:00:00+00:00,0.027525901794433594,42.07094192504883,3.654550027716006,42.05377960205078
2014-03-22 18:00:00+00:00,0.2126026749610901,44.49530029296875,3.4322607144852304,43.60609436035156
2014-03-23 00:00:00+00:00,0.31769895553588867,62.40019607543945,2.76868029180276,60.697418212890625
2014-03-23 06:00:00+00:00,0.3342970609664917,40.154842376708984,3.3409073760106502,38.141014099121094
2014-03-23 12:00:00+00:00,0.41181492805480957,52.20744705200195,2.7019773081272844,49.87370300292969
2014-03-23 18:00:00+00:00,0.20919781923294067,25.89455795288086,3.444040900096737,25.305980682373047
2014-03-24 00:00:00+00:00,0.1955668330192566,18.02214813232422,3.7649177964062277,17.641618728637695
2014-03-24 06:00:00+00:00,0.12275665998458862,25.13470458984375,3.9187014595791534,24.927200317382812
2014-03-24 12:00:00+00:00,0.37082457542419434,29.284536361694336,3.5322299217829123,27.43299102783203
2014-03-24 18:00:00+00:00,0.13442927598953247,27.096899032592773,3.7282360362435916,26.832990646362305
2014-03-25 00:00:00+00:00,0.41591256856918335,67.03431701660156,2.7935938537590053,63.79326629638672
2014-03-25 06:00:00+00:00,0.3429749011993408,46.43111801147461,3.5080927730748845,44.22285842895508
2014-03-25 12:00:00+00:00,0.2710493803024292,44.27228927612305,3.3626030782514373,43.02292251586914
2014-03-25 18:00:00+00:00,0.32232069969177246,34.88707733154297,3.394740973579191,33.234371185302734
2014-03-26 00:00:00+00:00,0.32884132862091064,35.60776901245117,3.683021000903024,33.85432815551758
2014-03-26 06:00:00+00:00,0.02117377519607544,27.96514320373535,3.9446959116511975,27.957862854003906
2014-03-26 12:00:00+00:00,0.17336422204971313,37.72159194946289,3.5273809620454255,37.100189208984375
2014-03-26 18:00:00+00:00,0.27084845304489136,27.258033752441406,3.5598149956585208,25.978443145751953
2014-03-27 00:00:00+00:00,0.24265992641448975,82.10385131835938,3.0921934819475583,80.33706665039062
2014-03-27 06:00:00+00:00,1.0,1803.1826171875,0.4444171955083078,1803.14013671875
2014-03-27 12:00:00+00:00,1.0,1709.1226806640625,0.4834333703947732,1709.051513671875
2014-03-27 18:00:00+00:00,0.4769679307937622,11.799293518066406,3.6689954601725776,9.966400146484375
2014-03-28 00:00:00+00:00,1.0,1590.0081787109375,0.49669029718565644,1589.926025390625
2014-03-28 06:00:00+00:00,0.01658254861831665,21.007801055908203,3.308777757587496,21.00413703918457
2014-03-28 12:00:00+00:00,1.0,1573.1558837890625,0.9128820305515825,1573.091552734375
2014-03-28 18:00:00+00:00,1.0,1501.6126708984375,0.6898299548164433,1501.55615234375
2014-03-29 00:00:00+00:00,1.0,1371.8277587890625,0.9565938803261611,1371.7159423828125
2014-03-29 06:00:00+00:00,1.0,1298.677734375,0.5058083893097229,1298.659912109375
2014-03-29 12:00:00+00:00,1.0,1217.713134765625,0.8749604839787147,1217.701904296875
2014-03-29 18:00:00+00:00,1.0,1160.2127685546875,0.9904445205163469,1160.212646484375
2014-03-30 00:00:00+00:00,1.0,1047.2205810546875,0.6795751259817949,1047.2156982421875
2014-03-30 06:00:00+00:00,1.0,1118.496337890625,0.7332467093757004,1118.4801025390625
2014-03-30 12:00:00+00:00,1.0,987.5262451171875,0.8249968682619143,987.5208129882812
2014-03-30 18:00:00+00:00,1.0,1123.008544921875,0.6607710594970402,1123.0013427734375
2014-03-31 00:00:00+00:00,1.0,1175.9482421875,0.5315142555173449,1175.9481201171875
2014-03-31 06:00:00+00:00,1.0,1298.400634765625,0.5493293937950617,1298.3878173828125
2014-03-31 12:00:00+00:00,1.0,1183.3311767578125,0.4248659290222934,1183.3231201171875
2014-03-31 18:00:00+00:00,1.0,1283.5872802734375,0.837324902855539,1283.582763671875
2014-04-01 00:00:00+00:00,1.0,1420.9324951171875,0.46611415625072267,1420.9122314453125
2014-04-01 06:00:00+00:00,1.0,1553.3729248046875,0.5069394101938984,1553.372314453125
2014-04-01 12:00:00+00:00,1.0,1606.9111328125,0.4320248436193845,1606.91064453125
2014-04-01 18:00:00+00:00,1.0,1710.0452880859375,0.42148349951391223,1710.0045166015625
2014-04-02 00:00:00+00:00,1.0,1792.9140625,0.3919317393469058,1792.8966064453125
2014-04-02 06:00:00+00:00,1.0,1782.688232421875,0.42133900618035935,1782.64599609375
2014-04-02 12:00:00+00:00,1.0,1754.6358642578125,0.4850712420154754,1754.609375
2014-04-03 00:00:00+00:00,1.0,2060.9580078125,0.9050907739620669,2060.89697265625
2014-04-03 06:00:00+00:00,1.0,2212.54931640625,0.6924969639352232,2212.534912109375
2014-04-03 12:00:00+00:00,1.0,2084.014404296875,0.47849044663716817,2083.882568359375
2014-04-03 18:00:00+00:00,1.0,2384.653076171875,0.4513681979735399,2384.641845703125
2014-04-04 00:00:00+00:00,0.8124021291732788,29.8554744720459,1.6094379124341005,17.89414405822754
2014-04-04 06:00:00+00:00,0.41565144062042236,15.454336166381836,3.3181953392924854,13.98020076751709
2014-04-04 12:00:00+00:00,0.9287799522280693,7200.76513671875,1.353124306284874,6765.1826171875
2014-04-04 18:00:00+00:00,0.7439544200897217,922.481689453125,2.173510724707344,877.0299682617188
2014-04-05 00:00:00+00:00,0.9242808893322945,8776.8896484375,1.4054057232198653,8160.92236328125
2014-04-05 06:00:00+00:00,0.2398684024810791,17.224822998046875,3.282894907874273,16.5572566986084
2014-04-05 12:00:00+00:00,1.0,2224.0068359375,0.8380059418678711,2223.959228515625
2014-04-05 18:00:00+00:00,0.26411116123199463,27.008087158203125,3.9998739363015128,25.87387466430664
2014-04-06 00:00:00+00:00,0.3019993305206299,66.7306137084961,2.84135652427302,64.76288604736328
2014-04-06 06:00:00+00:00,0.22229957580566406,30.904708862304688,3.232571205424011,30.12639808654785
2014-04-06 12:00:00+00:00,0.2136809229850769,37.09598159790039,3.0601511759663627,36.377098083496094
2014-04-06 18:00:00+00:00,0.16357606649398804,64.80999755859375,2.2563078324757244,64.28142547607422
2014-04-07 00:00:00+00:00,0.13768666982650757,82.16207122802734,1.971986348213429,81.7646255493164
2014-04-07 06:00:00+00:00,0.20879828929901123,61.68062210083008,2.2694807324821946,60.769378662109375
2014-04-07 12:00:00+00:00,0.2201157808303833,62.69397735595703,2.112269362451761,61.81377029418945
2014-04-07 18:00:00+00:00,0.19434219598770142,59.768009185791016,2.270521402503689,59.016326904296875
2014-04-08 00:00:00+00:00,0.261749267578125,62.60702133178711,2.299020976263933,61.23849868774414
2014-04-08 06:00:00+00:00,0.2893030047416687,90.03150939941406,2.172148346086638,88.05674743652344
2014-04-08 12:00:00+00:00,0.27183979749679565,106.3194580078125,1.2515251643497511,104.9715805053711
2014-04-08 18:00:00+00:00,0.25325894355773926,71.2824935913086,1.9620781473581417,70.060546875
2014-04-09 00:00:00+00:00,0.24916070699691772,68.88709259033203,2.3258156951391675,67.72611236572266
2014-04-09 12:00:00+00:00,0.268693208694458,81.89733123779297,2.121064276354624,80.41690063476562
2014-04-09 18:00:00+00:00,0.23729705810546875,89.70594024658203,1.972978467528404,88.48564910888672
2014-04-10 00:00:00+00:00,0.24047154188156128,84.71668243408203,1.76638190647196,83.56431579589844
2014-04-10 06:00:00+00:00,0.2467593550682068,120.6185073852539,1.7677431199224893,119.11418151855469
2014-04-10 12:00:00+00:00,0.20910108089447021,69.84606170654297,2.0469428723334895,69.01761627197266
2014-04-10 18:00:00+00:00,0.2664983868598938,71.46670532226562,1.9831907956572048,69.9341049194336
2014-04-11 00:00:00+00:00,0.2547200918197632,63.818336486816406,2.263772201861156,62.54377746582031
2014-04-11 06:00:00+00:00,0.27263766527175903,92.83089447021484,2.2364880914710117,91.07832336425781
2014-04-11 12:00:00+00:00,0.32951104640960693,105.9164047241211,2.067747665175209,103.30801391601562
2014-04-11 18:00:00+00:00,0.31358981132507324,69.94667053222656,2.4768844883898695,67.78964233398438
2014-04-12 00:00:00+00:00,0.23889142274856567,61.18830108642578,2.1249507714674554,60.152496337890625
2014-04-12 06:00:00+00:00,0.25595104694366455,75.16853332519531,2.2428845670338813,73.73941040039062
2014-04-12 12:00:00+00:00,0.2992554306983948,89.28895568847656,2.365461865784746,87.14166259765625
2014-04-12 18:00:00+00:00,0.24126237630844116,83.94672393798828,2.25416179853947,82.6159439086914
2014-04-13 00:00:00+00:00,0.20188015699386597,51.78997802734375,2.639540330906892,50.96807098388672
2014-04-13 06:00:00+00:00,0.2076663374900818,43.595001220703125,3.1325898400998717,42.7286491394043
2014-04-13 12:00:00+00:00,0.2509394884109497,66.18694305419922,2.39992724034373,64.8557357788086
2014-04-13 18:00:00+00:00,0.21395641565322876,71.12682342529297,2.4118752672283725,70.21063232421875
2014-04-14 00:00:00+00:00,0.22072160243988037,38.89667510986328,2.549917566531413,38.03252410888672
2014-04-14 06:00:00+00:00,0.25650084018707275,79.60926055908203,2.1351256796117033,78.17872619628906
2014-04-14 12:00:00+00:00,0.1711432933807373,35.912879943847656,3.1735165549451914,35.38505935668945
2014-04-14 18:00:00+00:00,0.19165021181106567,47.27297592163086,2.8258617291644335,46.52357482910156
2014-04-15 00:00:00+00:00,0.0853339433670044,50.042640686035156,1.9785921110447464,49.92262649536133
2014-04-15 06:00:00+00:00,0.0910412073135376,33.993896484375,3.3055279618996734,33.84097671508789
2014-04-15 12:00:00+00:00,0.018983304500579834,34.77047348022461,3.0626620242313884,34.764225006103516
2014-04-15 18:00:00+00:00,0.24928849935531616,34.08831024169922,3.590899042870957,32.962886810302734
2014-04-16 00:00:00+00:00,0.1302526593208313,29.241092681884766,3.86259278891168,28.957334518432617
2014-04-16 06:00:00+00:00,0.16033244132995605,41.12260818481445,3.4247432521184713,40.58445358276367
2014-04-16 12:00:00+00:00,0.029216110706329346,23.297794342041016,4.013380890586455,23.285152435302734
2014-04-16 18:00:00+00:00,0.10084342956542969,23.86323356628418,4.035197204274705,23.703886032104492
2014-04-17 00:00:00+00:00,0.15906977653503418,26.188156127929688,3.322493706804414,25.74017906188965
2014-04-17 06:00:00+00:00,0.09952086210250854,26.840330123901367,3.8646537184933867,26.677583694458008
2014-04-17 12:00:00+00:00,0.06116592884063721,14.608744621276855,3.8040182471523436,14.57815170288086
2014-04-17 18:00:00+00:00,0.15418773889541626,16.94843101501465,3.8380816797949704,16.702394485473633
2014-04-18 00:00:00+00:00,0.15644878149032593,17.46761703491211,3.8096765403068957,17.213356018066406
2014-04-18 06:00:00+00:00,0.056621551513671875,13.847479820251465,3.8479323818233957,13.820080757141113
2014-04-18 12:00:00+00:00,0.2554372549057007,25.278430938720703,3.670446154019294,24.455310821533203
2014-04-18 18:00:00+00:00,0.2642587423324585,26.055849075317383,3.7027283770912995,25.12214469909668
2014-04-19 00:00:00+00:00,0.1899855136871338,31.520578384399414,3.5373966116120483,30.899263381958008
2014-04-19 06:00:00+00:00,0.07911533117294312,22.10877227783203,3.8378680559901617,22.028776168823242
2014-04-19 12:00:00+00:00,0.16248339414596558,28.58085060119629,3.585106127460544,28.13117027282715
2014-04-19 18:00:00+00:00,1.0,2554.4794921875,0.9944978206219236,2554.47412109375
2014-04-20 00:00:00+00:00,1.0,2372.267822265625,0.5169379464393302,2372.2578125
2014-04-20 06:00:00+00:00,1.0,2252.0322265625,0.5643663842767124,2251.998291015625
2014-04-20 12:00:00+00:00,0.12179422378540039,26.732065200805664,3.837097338204722,26.503692626953125
2014-04-20 18:00:00+00:00,0.4317476749420166,18.62915802001953,3.3861134216518103,16.421812057495117
2014-04-21 00:00:00+00:00,1.0,1842.3095703125,0.5337514865066701,1842.271484375
2014-04-21 06:00:00+00:00,1.0,1761.3626708984375,0.5964982865981646,1761.2415771484375
2014-04-21 12:00:00+00:00,1.0,1544.942138671875,0.8257266406180689,1544.8602294921875
2014-04-21 18:00:00+00:00,1.0,1601.30810546875,0.7347610783949801,1601.2342529296875
2014-04-22 00:00:00+00:00,1.0,1453.421142578125,0.5294224305895847,1453.2984619140625
2014-04-22 06:00:00+00:00,1.0,1553.3428955078125,0.613794112900584,1553.330078125
2014-04-22 12:00:00+00:00,1.0,1523.1085205078125,0.6604189148049859,1523.097412109375
2014-04-22 18:00:00+00:00,1.0,1487.9534912109375,0.46808687266958937,1487.92529296875
2014-04-23 00:00:00+00:00,0.5042857825756073,9.65444278717041,3.396501398561782,8.184569358825684
2014-04-23 06:00:00+00:00,0.08523523807525635,29.70177459716797,3.205249167011395,29.619707107543945
2014-04-23 12:00:00+00:00,0.37831997871398926,54.96625518798828,3.28148609761774,51.40388107299805
2014-04-24 00:00:00+00:00,0.28112781047821045,33.86344909667969,3.156553725282234,32.71221923828125
2014-04-24 06:00:00+00:00,0.3321915864944458,19.582502365112305,4.020311184365043,18.225046157836914
2014-04-24 12:00:00+00:00,0.252689003944397,36.708438873291016,3.653925917257413,35.53257751464844
2014-04-24 18:00:00+00:00,0.18634676933288574,24.333879470825195,3.7352740769508856,23.838642120361328
2014-04-25 00:00:00+00:00,0.11835360527038574,31.698972702026367,3.4480511941588476,31.484081268310547
2014-04-25 06:00:00+00:00,0.08840668201446533,33.854393005371094,3.533923844120065,33.713539123535156
2014-04-25 12:00:00+00:00,0.07417643070220947,31.772052764892578,3.8322443412331806,31.67440414428711
2014-04-25 18:00:00+00:00,0.071769118309021,24.102331161499023,3.9224919955169835,24.02649688720703
2014-04-26 00:00:00+00:00,0.045136094093322754,34.68762969970703,3.3086712737303157,34.6540412902832
2014-04-26 06:00:00+00:00,0.1472846269607544,33.99750900268555,3.5917502904401513,33.58275604248047
2014-04-26 12:00:00+00:00,0.07928335666656494,27.923744201660156,3.7101764216067354,27.824445724487305
2014-04-26 18:00:00+00:00,0.116768479347229,35.60352325439453,3.7165583214813456,35.34699249267578
2014-04-27 00:00:00+00:00,0.17149412631988525,42.485443115234375,3.278389537826172,41.92878341674805
2014-04-27 06:00:00+00:00,0.22491836547851562,42.023223876953125,3.456333583903129,41.047367095947266
2014-04-27 12:00:00+00:00,0.03835093975067139,35.376502990722656,3.7551158247725485,35.34788131713867
2014-04-27 18:00:00+00:00,0.15167248249053955,26.929370880126953,3.8787419830209497,26.52924919128418
2014-04-28 00:00:00+00:00,0.14213216304779053,26.108985900878906,3.607543245869517,25.795717239379883
2014-04-28 06:00:00+00:00,0.664783775806427,21.640230178833008,3.513726417632824,15.883923530578613
2014-04-28 12:00:00+00:00,0.5696362257003784,45.990604400634766,3.4962228057937654,39.3653678894043
2014-04-28 18:00:00+00:00,0.4793722629547119,34.77149200439453,3.7096032346891175,29.98079490661621
2014-04-29 00:00:00+00:00,1.0,960.8985595703125,0.6212800430661211,960.8858642578125
2014-04-29 06:00:00+00:00,1.0,1042.432373046875,0.908632575726761,1042.41259765625
2014-04-29 12:00:00+00:00,1.0,1051.11376953125,0.8891172089642969,1051.10400390625
2014-04-29 18:00:00+00:00,1.0,1162.5853271484375,0.4393336872623754,1162.56103515625
2014-04-30 00:00:00+00:00,1.0,1311.0198974609375,0.39131889305664025,1310.98828125
2014-04-30 06:00:00+00:00,1.0,1407.325439453125,0.9041811716647098,1407.285400390625
2014-04-30 12:00:00+00:00,1.0,1424.4593505859375,0.7548744431174129,1424.4124755859375
2014-04-30 18:00:00+00:00,1.0,1628.2664794921875,0.47053662516422223,1628.232421875
2014-05-01 00:00:00+00:00,1.0,1625.923095703125,0.33422593587915506,1625.92236328125
2014-05-01 06:00:00+00:00,1.0,1681.3109130859375,0.8907863028000189,1681.297119140625
2014-05-01 12:00:00+00:00,0.07881635427474976,8.788504600524902,2.564949357461537,8.759690284729004
2014-05-01 18:00:00+00:00,0.3000340461730957,17.170120239257812,2.7516666169315167,16.340023040771484
2014-05-02 00:00:00+00:00,0.10802257061004639,20.32957649230957,3.7177509792098653,20.178855895996094
2014-05-02 06:00:00+00:00,0.3881690502166748,24.101760864257812,3.907181354022571,22.03209686279297
2014-05-02 12:00:00+00:00,0.12401258945465088,16.527074813842773,3.9050606397834926,16.37886619567871
2014-05-02 18:00:00+00:00,0.19976454973220825,18.570890426635742,3.8810500955952705,18.12747573852539
2014-05-03 00:00:00+00:00,0.07538938522338867,21.928571701049805,3.7597865559538617,21.858551025390625
2014-05-03 06:00:00+00:00,0.21737140417099,32.06886672973633,3.5952106410178204,31.243236541748047
2014-05-03 12:00:00+00:00,0.1009175181388855,33.56804275512695,3.461430808385612,33.39356994628906
2014-05-03 18:00:00+00:00,0.18587923049926758,35.523468017578125,3.546322929963297,34.87726593017578
2014-05-04 00:00:00+00:00,0.16528737545013428,28.433801651000977,3.415960247414935,28.00501251220703
2014-05-04 06:00:00+00:00,0.18992304801940918,35.7670783996582,3.2381297615107876,35.153076171875
2014-05-04 12:00:00+00:00,0.19146311283111572,30.05239486694336,3.1818095365071493,29.484722137451172
2014-05-04 18:00:00+00:00,0.22966647148132324,60.22809982299805,2.2334137403152807,59.172889709472656
2014-05-05 00:00:00+00:00,0.21218597888946533,41.2964973449707,2.8991690326370034,40.4565544128418
2014-05-05 06:00:00+00:00,0.13709038496017456,48.31666564941406,2.6930523523748646,47.956329345703125
2014-05-05 12:00:00+00:00,0.17955517768859863,46.7004508972168,2.579219063330924,46.12187576293945
2014-05-05 18:00:00+00:00,0.19142675399780273,43.82319259643555,2.5593970911392594,43.165321350097656
2014-05-06 00:00:00+00:00,0.19268333911895752,49.98542404174805,2.2620067219797217,49.32514190673828
2014-05-06 06:00:00+00:00,0.26056116819381714,43.8947639465332,2.6937311787525733,42.6722526550293
2014-05-06 12:00:00+00:00,0.28901004791259766,43.112144470214844,2.980475824584664,41.6248664855957
2014-05-06 18:00:00+00:00,0.25545287132263184,49.08550262451172,2.7487845532772406,47.85963821411133
2014-05-07 00:00:00+00:00,0.26151055097579956,51.49625778198242,2.5861451398773068,50.16282272338867
2014-05-07 06:00:00+00:00,0.27014225721359253,70.30364990234375,1.9142034241922659,68.82479858398438
2014-05-07 12:00:00+00:00,0.28791260719299316,69.25450897216797,2.1158423580855876,67.65474700927734
2014-05-07 18:00:00+00:00,0.34620410203933716,92.5383071899414,2.0564815706688613,89.89387512207031
2014-05-08 00:00:00+00:00,0.28946995735168457,71.90605163574219,2.297787425000479,70.25403594970703
2014-05-08 06:00:00+00:00,0.3038185238838196,76.64042663574219,2.2154932791118647,74.64852142333984
2014-05-08 12:00:00+00:00,0.31023067235946655,92.85323333740234,2.5125618522705433,90.6659164428711
2014-05-08 18:00:00+00:00,0.35813653469085693,88.5940170288086,2.2089369806616244,85.72206115722656
2014-05-09 00:00:00+00:00,0.3301752805709839,121.51610565185547,1.7581535014195946,119.17672729492188
2014-05-09 06:00:00+00:00,0.3881911635398865,106.21994018554688,1.9245643718041754,102.71348571777344
2014-05-09 12:00:00+00:00,0.3307117819786072,77.39779663085938,2.576912751353,75.01527404785156
2014-05-09 18:00:00+00:00,0.2835286259651184,73.3922348022461,2.327141250344484,71.67594909667969
2014-05-10 00:00:00+00:00,0.2970898151397705,64.54486846923828,2.6709445141344914,62.64359664916992
2014-05-10 06:00:00+00:00,0.27949053049087524,63.779266357421875,2.7950066807182337,62.07034683227539
2014-05-10 12:00:00+00:00,0.25841861963272095,79.24788665771484,2.527256011772761,77.68896484375
2014-05-10 18:00:00+00:00,0.27420419454574585,88.16785430908203,2.20659736016543,86.36714935302734
2014-05-11 00:00:00+00:00,0.29040420055389404,68.91785430908203,2.2014219914174378,67.29145812988281
2014-05-11 06:00:00+00:00,0.28017187118530273,48.10854721069336,2.874200285786215,46.52308654785156
2014-05-11 12:00:00+00:00,0.25510042905807495,40.49327850341797,3.0062196219513435,39.270423889160156
2014-05-11 18:00:00+00:00,0.25861823558807373,60.986839294433594,2.5482072143554286,59.46845245361328
2014-05-12 00:00:00+00:00,0.24051260948181152,45.34098434448242,2.919278995545939,44.2694091796875
2014-05-12 06:00:00+00:00,0.12909609079360962,44.02742385864258,2.9228911203046817,43.69865036010742
2014-05-12 12:00:00+00:00,0.2742873430252075,35.8573112487793,3.264724916593387,34.491756439208984
2014-05-12 18:00:00+00:00,0.155303955078125,33.74620056152344,3.521556551223349,33.31163787841797
2014-05-13 00:00:00+00:00,0.2053026556968689,235.76101684570312,1.3108572735091422,235.00611877441406
2014-05-13 06:00:00+00:00,0.039974987506866455,29.911121368408203,3.6025588250234284,29.88459014892578
2014-05-13 12:00:00+00:00,0.17150354385375977,259.5382080078125,1.325143813153295,258.96417236328125
2014-05-13 18:00:00+00:00,0.2199757695198059,364.64447021484375,1.3882738452227112,363.5589904785156
2014-05-14 00:00:00+00:00,0.17112737894058228,30.655517578125,3.899454391632702,30.111684799194336
2014-05-14 06:00:00+00:00,0.07746505737304688,23.346851348876953,3.9457821253971073,23.26068115234375
2014-05-14 12:00:00+00:00,0.18750858306884766,21.078447341918945,4.186311642187173,20.582393646240234
2014-05-14 18:00:00+00:00,0.0800219178199768,22.9904727935791,4.150248848897265,22.904869079589844
2014-05-15 00:00:00+00:00,0.12077414989471436,17.415925979614258,3.9718499598520136,17.261537551879883
2014-05-15 06:00:00+00:00,0.1567906141281128,17.192533493041992,3.8037873930539017,16.94412612915039
2014-05-15 12:00:00+00:00,0.19481587409973145,48.05116271972656,3.264786733227858,47.30113220214844
2014-05-15 18:00:00+00:00,0.027162015438079834,28.03355598449707,3.9849360205684663,28.021137237548828
2014-05-16 00:00:00+00:00,0.21263664960861206,27.939922332763672,3.947813703752197,27.18390655517578
2014-05-16 06:00:00+00:00,0.1535968780517578,41.45042419433594,3.5998621921124636,40.95323181152344
2014-05-16 12:00:00+00:00,0.2923348546028137,44.545223236083984,3.2115795805758145,42.823062896728516
2014-05-16 18:00:00+00:00,0.16642552614212036,38.200294494628906,3.3685290537385946,37.69985580444336
2014-05-17 00:00:00+00:00,0.08778935670852661,35.860870361328125,3.2298296378826272,35.72446060180664
2014-05-17 06:00:00+00:00,0.14611083269119263,41.10282897949219,3.617950772769028,40.661746978759766
2014-05-17 12:00:00+00:00,0.16146314144134521,34.08269500732422,3.1192063837561927,33.684329986572266
2014-05-18 00:00:00+00:00,0.2702598571777344,32.71630096435547,3.371099717853163,31.44977378845215
2014-05-18 06:00:00+00:00,0.0444941520690918,28.68651580810547,3.486600436108557,28.654457092285156
2014-05-18 12:00:00+00:00,0.18707507848739624,25.237775802612305,3.8512729839953987,24.767969131469727
2014-05-18 18:00:00+00:00,0.05700916051864624,35.39391326904297,3.6288461513355683,35.33205032348633
2014-05-19 00:00:00+00:00,0.13687705993652344,34.200984954833984,3.7763040332793114,33.84190368652344
2014-05-19 06:00:00+00:00,0.09338974952697754,28.400245666503906,4.041670333482141,28.25641441345215
2014-05-19 12:00:00+00:00,0.19864016771316528,31.618663787841797,3.8054169440565144,30.88406753540039
2014-05-19 18:00:00+00:00,0.06116145849227905,28.77069854736328,3.807842444063216,28.707054138183594
2014-05-20 00:00:00+00:00,0.10947513580322266,38.96150207519531,3.382049594259882,38.710968017578125
2014-05-20 06:00:00+00:00,0.03805696964263916,32.764469146728516,3.758684716649297,32.737571716308594
2014-05-20 12:00:00+00:00,0.10476142168045044,35.69336700439453,3.7112520231108475,35.474151611328125
2014-05-20 18:00:00+00:00,0.09284371137619019,34.10739517211914,3.831243781723931,33.94002151489258
2014-05-21 00:00:00+00:00,0.50596022605896,14.107782363891602,3.3415855151062566,11.936168670654297
2014-05-21 06:00:00+00:00,0.09629613161087036,28.075593948364258,3.6928970870884377,27.91331672668457
2014-05-21 12:00:00+00:00,0.0457768440246582,32.63099670410156,3.7058137366739636,32.59121322631836
2014-05-21 18:00:00+00:00,0.11200642585754395,29.62140655517578,3.697006276481816,29.421680450439453
2014-05-22 00:00:00+00:00,0.01892256736755371,27.567323684692383,3.920365037965379,27.56159782409668
2014-05-22 06:00:00+00:00,0.04650920629501343,32.33733367919922,3.2279235027955666,32.30900192260742
2014-05-22 12:00:00+00:00,0.2408517599105835,30.464061737060547,3.378021303155535,29.71493911743164
2014-05-22 18:00:00+00:00,0.22855663299560547,33.50474548339844,3.695591484060741,32.58873748779297
2014-05-23 00:00:00+00:00,0.22613191604614258,36.9704704284668,3.457868410385812,36.176841735839844
2014-05-23 06:00:00+00:00,0.19577300548553467,35.78285217285156,3.060053868376313,35.26953887939453
2014-05-23 12:00:00+00:00,0.2911149263381958,53.42228317260742,2.9145473214461757,51.793453216552734
2014-05-23 18:00:00+00:00,0.1837085485458374,55.970558166503906,2.6953206611443137,55.42352294921875
2014-05-24 00:00:00+00:00,0.37916016578674316,63.210166931152344,2.892687987272679,60.56690216064453
2014-05-24 06:00:00+00:00,0.2113358974456787,39.14067077636719,3.399873528821837,38.42020034790039
2014-05-24 12:00:00+00:00,0.2025470733642578,28.955053329467773,3.5065783342552406,28.404727935791016
2014-05-24 18:00:00+00:00,0.36296868324279785,23.400569915771484,3.7187968830353992,21.765243530273438
2014-05-25 00:00:00+00:00,0.005412101745605469,44.286014556884766,3.076027146023611,44.28556442260742
2014-05-25 06:00:00+00:00,0.08415520191192627,25.314655303955078,3.750586546251415,25.22170066833496
2014-05-25 12:00:00+00:00,0.03473842144012451,35.37246322631836,3.2166011358545066,35.352745056152344
2014-05-25 18:00:00+00:00,0.17836952209472656,38.690452575683594,3.0524815017701683,38.1699104309082
2014-05-26 00:00:00+00:00,0.09752178192138672,41.77547073364258,2.9413108785323487,41.67195510864258
2014-05-26 06:00:00+00:00,0.26302480697631836,25.511199951171875,3.690585718631856,24.516681671142578
2014-05-26 12:00:00+00:00,0.14520490169525146,26.776151657104492,3.6500873025742644,26.47666358947754
2014-05-26 18:00:00+00:00,0.11653721332550049,18.7492733001709,4.002280254655685,18.59681510925293
2014-05-27 00:00:00+00:00,0.35104799270629883,26.594688415527344,4.111360738785461,24.568819046020508
2014-05-27 06:00:00+00:00,0.040842413902282715,15.648550987243652,3.894049461494042,15.633278846740723
2014-05-27 12:00:00+00:00,0.069008469581604,29.400964736938477,3.473944282114398,29.310476303100586
2014-05-27 18:00:00+00:00,1.0,686.7852172851562,0.6445650257146225,686.7591552734375
2014-05-28 00:00:00+00:00,0.8382225036621094,11.039321899414062,2.6859453246697877,7.209434509277344
2014-05-28 06:00:00+00:00,1.0,716.5108642578125,0.6395475401677392,716.457763671875
2014-05-28 12:00:00+00:00,1.0,691.3629760742188,0.8853765040459679,691.3478393554688
2014-05-28 18:00:00+00:00,0.0525897741317749,23.029626846313477,2.8133554045006157,22.989763259887695
2014-05-29 00:00:00+00:00,0.6187871694564819,86.83423614501953,3.477050107227482,75.47151947021484
2014-05-29 06:00:00+00:00,0.6184578537940979,90.24563598632812,2.865568767964625,82.09954071044922
2014-05-29 12:00:00+00:00,0.4286688566207886,206.93226623535156,2.1458388065775145,202.52685546875
2014-05-29 18:00:00+00:00,0.37487053871154785,80.69084930419922,3.1306227666214306,77.14273834228516
2014-05-30 00:00:00+00:00,0.3834642767906189,98.63780212402344,2.83093432066453,95.04652404785156
2014-05-30 06:00:00+00:00,0.41584455966949463,80.94070434570312,2.3877878327502895,77.52474975585938
2014-05-30 12:00:00+00:00,0.516685277223587,413.3995056152344,1.5474346851486658,405.7466125488281
2014-05-30 18:00:00+00:00,0.34353744983673096,103.23709869384766,2.48762713680141,100.56893920898438
2014-05-31 00:00:00+00:00,0.45511728525161743,222.18910217285156,1.782325779555456,216.83677673339844
2014-05-31 06:00:00+00:00,0.28999632596969604,81.45608520507812,2.2915419426353845,79.9822769165039
2014-05-31 12:00:00+00:00,0.2440205216407776,47.599483489990234,2.5225672048312284,46.57319641113281
2014-05-31 18:00:00+00:00,0.189633309841156,78.26802062988281,1.795718201994098,77.62751007080078
2014-06-01 00:00:00+00:00,0.1992025375366211,41.37679672241211,2.3503900661058377,40.71439743041992
2014-06-01 06:00:00+00:00,0.2404346466064453,73.06025695800781,2.010143485490802,72.05445098876953
2014-06-01 12:00:00+00:00,0.26148533821105957,114.54026794433594,1.5249782143600406,113.2529296875
2014-06-01 18:00:00+00:00,0.20762598514556885,67.30931091308594,2.2236902354660733,66.48351287841797
2014-06-02 00:00:00+00:00,0.1803390383720398,53.14849090576172,2.125739869667002,52.547183990478516
2014-06-02 06:00:00+00:00,0.2006050944328308,37.45206832885742,2.7910865111661276,36.75648880004883
2014-06-02 12:00:00+00:00,0.15374958515167236,40.032257080078125,2.560159518356143,39.6351203918457
2014-06-02 18:00:00+00:00,0.15044748783111572,43.35555648803711,2.318333929910662,42.937965393066406
2014-06-03 00:00:00+00:00,0.13071221113204956,32.185733795166016,2.9710074324785056,31.90484046936035
2014-06-03 06:00:00+00:00,0.17980611324310303,45.46502685546875,2.2951481865513195,44.8863525390625
2014-06-03 12:00:00+00:00,0.13448500633239746,37.90663146972656,2.4628822846600786,37.59422302246094
2014-06-03 18:00:00+00:00,0.2235456109046936,52.813053131103516,2.3340076834958308,51.840389251708984
2014-06-04 00:00:00+00:00,0.1908479928970337,59.780006408691406,1.840061753865066,59.078433990478516
2014-06-04 06:00:00+00:00,0.25352418422698975,65.40088653564453,2.116073884445698,64.06112670898438
2014-06-04 12:00:00+00:00,0.2081853747367859,49.14935302734375,2.3806180015935543,48.280006408691406
2014-06-04 18:00:00+00:00,0.16916418075561523,40.45866775512695,2.9659464518653134,39.92317199707031
2014-06-05 00:00:00+00:00,0.2983618378639221,95.67204284667969,1.9563255335906866,93.7104721069336
2014-06-05 06:00:00+00:00,0.3181765079498291,70.31077575683594,2.648761190189542,68.07218170166016
2014-06-05 12:00:00+00:00,0.30748021602630615,68.24954986572266,2.376260992663756,66.25334167480469
2014-06-05 18:00:00+00:00,0.3157351016998291,92.7000503540039,2.0265445806436593,90.2247314453125
2014-06-06 00:00:00+00:00,0.3859916925430298,132.7906036376953,1.8710349782795344,129.0947723388672
2014-06-06 06:00:00+00:00,0.3672860264778137,127.53679656982422,2.163604127759904,124.08332824707031
2014-06-06 12:00:00+00:00,0.3400346636772156,99.73311614990234,2.281166583984472,96.64213562011719
2014-06-06 18:00:00+00:00,0.29041677713394165,119.53202056884766,2.033212890472341,117.36377716064453
2014-06-07 00:00:00+00:00,0.28128713369369507,52.90455627441406,2.798529769506954,51.36113739013672
2014-06-07 06:00:00+00:00,0.38175368309020996,131.00013732910156,2.0258457765998674,127.0669174194336
2014-06-07 12:00:00+00:00,0.22157961130142212,59.53756332397461,2.9034423181447924,58.473941802978516
2014-06-07 18:00:00+00:00,0.31723111867904663,67.21485137939453,2.857794104618637,64.98109436035156
2014-06-08 00:00:00+00:00,0.2648128271102905,50.102928161621094,2.625250871450381,48.90264892578125
2014-06-08 06:00:00+00:00,0.24300843477249146,45.70444869995117,3.5288007190327053,44.4729118347168
2014-06-08 12:00:00+00:00,0.1815168261528015,45.480499267578125,3.497206504287093,44.805137634277344
2014-06-08 18:00:00+00:00,0.18953931331634521,39.56345748901367,3.298906361020661,38.90266036987305
2014-06-09 00:00:00+00:00,0.2890375852584839,27.17814064025879,3.8313540287894146,25.836273193359375
2014-06-09 06:00:00+00:00,0.45631855726242065,46.21038055419922,3.922722836985215,40.48088455200195
2014-06-09 12:00:00+00:00,0.09117448329925537,31.526493072509766,3.7242974968928912,31.36925506591797
2014-06-09 18:00:00+00:00,0.13692164421081543,29.433826446533203,3.8544175412998474,29.083940505981445
2014-06-10 00:00:00+00:00,0.28683018684387207,34.31010818481445,3.2481892953360325,32.91142654418945
2014-06-10 06:00:00+00:00,0.35908281803131104,15.097707748413086,3.163424050423405,13.975008964538574
2014-06-10 12:00:00+00:00,0.22173261642456055,20.2020263671875,2.2718685126965625,19.530920028686523
2014-06-10 18:00:00+00:00,0.017929494380950928,23.906925201416016,3.7406337131645055,23.90254783630371
2014-06-11 00:00:00+00:00,0.024457812309265137,28.654216766357422,3.6436900188866668,28.645423889160156
2014-06-11 06:00:00+00:00,0.17339932918548584,18.31707000732422,4.179610704677194,17.9782657623291
2014-06-11 12:00:00+00:00,0.17092400789260864,18.091676712036133,3.885323671916406,17.77791404724121
2014-06-11 18:00:00+00:00,0.11071068048477173,23.192489624023438,3.9520643857185878,23.02237319946289
2014-06-12 00:00:00+00:00,0.06021738052368164,31.14997673034668,3.299987381727342,31.092243194580078
2014-06-12 06:00:00+00:00,0.11220479011535645,21.550682067871094,3.6913560775164487,21.396944046020508
2014-06-12 12:00:00+00:00,0.06433802843093872,22.066116333007812,3.83411230372705,22.01413917541504
2014-06-12 18:00:00+00:00,0.22865986824035645,31.11203956604004,3.8644561009490483,30.223386764526367
2014-06-13 00:00:00+00:00,0.07782727479934692,33.27671813964844,3.0789645296568926,33.17754364013672
2014-06-13 06:00:00+00:00,0.23148810863494873,36.61732482910156,3.0216404559495285,35.69013977050781
2014-06-13 12:00:00+00:00,0.21196192502975464,23.798463821411133,3.936951038493774,23.15917205810547
2014-06-13 18:00:00+00:00,0.13670146465301514,28.873226165771484,3.6307949832437485,28.565937042236328
2014-06-14 00:00:00+00:00,0.15400785207748413,29.216022491455078,3.6162400302781488,28.839887619018555
2014-06-14 06:00:00+00:00,0.21731561422348022,34.589927673339844,3.3746425504553828,33.7950325012207
2014-06-14 12:00:00+00:00,0.0590590238571167,27.894922256469727,3.0082182180966717,27.848857879638672
2014-06-14 18:00:00+00:00,0.5190443694591522,3380.364501953125,0.5294001653225988,3368.4814453125
2014-06-15 00:00:00+00:00,0.15870708227157593,41.0427360534668,3.12683407046604,40.600914001464844
2014-06-15 06:00:00+00:00,0.21299773454666138,37.4253044128418,3.149120321346655,36.68323516845703
2014-06-15 12:00:00+00:00,0.036318957805633545,22.817424774169922,3.863995910872003,22.799917221069336
2014-06-15 18:00:00+00:00,0.02197200059890747,27.509782791137695,3.451691404405488,27.50286102294922
2014-06-16 00:00:00+00:00,0.07712709903717041,24.470632553100586,3.6726084615065666,24.391801834106445
2014-06-16 06:00:00+00:00,0.18564492464065552,28.69292449951172,3.2607247015878995,28.166486740112305
2014-06-16 12:00:00+00:00,0.21717798709869385,38.214969635009766,3.154552416869344,37.41897964477539
2014-06-16 18:00:00+00:00,0.15632736682891846,31.311311721801758,3.137821241160914,30.980756759643555
2014-06-17 00:00:00+00:00,0.15380430221557617,29.888450622558594,3.3546444410928946,29.497699737548828
2014-06-17 06:00:00+00:00,0.1186637282371521,37.43659591674805,3.3284008829686527,37.18653869628906
2014-06-17 12:00:00+00:00,0.22365802526474,66.07240295410156,2.602084031226113,65.11226654052734
2014-06-17 18:00:00+00:00,0.027792692184448242,29.036983489990234,3.593439494262546,29.0247802734375
2014-06-18 00:00:00+00:00,0.14487838745117188,35.435054779052734,3.294236522562125,35.05908203125
2014-06-18 06:00:00+00:00,0.04407787322998047,27.130306243896484,3.793862776771928,27.099897384643555
2014-06-18 12:00:00+00:00,0.30206000804901123,40.99824523925781,3.4950758977352896,39.15876770019531
2014-06-18 18:00:00+00:00,0.18968576192855835,33.49654006958008,3.4425609931226413,32.90016174316406
2014-06-19 00:00:00+00:00,0.0889207124710083,27.579362869262695,3.6773834354906767,27.464292526245117
2014-06-19 06:00:00+00:00,0.04561096429824829,25.251953125,3.5541676277990235,25.224552154541016
2014-06-19 12:00:00+00:00,0.02336287498474121,22.715328216552734,3.8896648548820845,22.707958221435547
2014-06-19 18:00:00+00:00,0.132415771484375,18.615192413330078,4.0132788417014735,18.413135528564453
2014-06-20 00:00:00+00:00,0.06034719944000244,33.14161682128906,3.6217709500264847,33.08095932006836
2014-06-20 06:00:00+00:00,0.0014380216598510742,24.48531723022461,3.907451138266731,24.48528480529785
2014-06-20 12:00:00+00:00,0.16424614191055298,33.79209899902344,3.6790151760782583,33.32548904418945
2014-06-20 18:00:00+00:00,0.23222625255584717,23.040267944335938,3.891015016831567,22.321550369262695
2014-06-21 00:00:00+00:00,0.0858602523803711,23.191591262817383,3.688992389235861,23.09306526184082
2014-06-21 06:00:00+00:00,0.09060567617416382,25.215808868408203,3.6418108468406007,25.0996036529541
2014-06-21 12:00:00+00:00,0.004253566265106201,22.08354949951172,3.853260903007356,22.083324432373047
2014-06-21 18:00:00+00:00,0.08729499578475952,22.549116134643555,4.1176544713214644,22.440898895263672
2014-06-22 00:00:00+00:00,0.0774073600769043,46.544334411621094,3.229151647214869,46.43919372558594
2014-06-22 06:00:00+00:00,0.1506742238998413,23.989612579345703,3.775508592034465,23.693735122680664
2014-06-22 12:00:00+00:00,0.16080951690673828,53.65864181518555,3.1541135590513303,53.24613952636719
2014-06-22 18:00:00+00:00,0.007788538932800293,30.297290802001953,3.421132338194461,30.296377182006836
2014-06-23 00:00:00+00:00,0.3773409128189087,188.03341674804688,2.0433547870054887,185.04598999023438
2014-06-23 06:00:00+00:00,0.4279841184616089,254.3726043701172,1.9796008060838857,249.68429565429688
2014-06-23 12:00:00+00:00,0.21691977977752686,45.665462493896484,2.6726509033967116,44.98256301879883
2014-06-23 18:00:00+00:00,0.1043405532836914,47.49180603027344,2.4132829354158503,47.31647491455078
2014-06-24 00:00:00+00:00,0.004272162914276123,53.135074615478516,2.42438125837214,53.13477325439453
2014-06-24 06:00:00+00:00,0.3583937883377075,135.0047607421875,2.4775218060186326,131.93023681640625
2014-06-24 12:00:00+00:00,0.3318476676940918,101.19593048095703,2.288878060718484,98.68624114990234
2014-06-24 18:00:00+00:00,0.3268015384674072,153.7853546142578,1.9616038301787326,150.9836883544922
2014-06-25 00:00:00+00:00,0.36236822605133057,165.26303100585938,2.417260006215445,161.02244567871094
2014-06-25 06:00:00+00:00,0.3372737169265747,146.936767578125,2.4043475435922006,143.6067352294922
2014-06-25 12:00:00+00:00,0.2631138563156128,94.85901641845703,2.647700270160522,93.23118591308594
2014-06-25 18:00:00+00:00,0.25004684925079346,135.37867736816406,2.200189040583942,133.8695526123047
2014-06-26 00:00:00+00:00,0.18134844303131104,80.83467864990234,2.507454526480525,80.08063507080078
2014-06-26 06:00:00+00:00,0.14344251155853271,86.15998077392578,1.984262259038133,85.72184753417969
2014-06-26 12:00:00+00:00,0.03293883800506592,48.017154693603516,2.5104683452819643,47.99776077270508
2014-06-26 18:00:00+00:00,0.012781143188476562,62.605262756347656,2.267010565412622,62.6020393371582
2014-06-27 00:00:00+00:00,0.03498131036758423,48.448387145996094,2.227552922321147,48.425148010253906
2014-06-27 06:00:00+00:00,0.06333059072494507,40.136329650878906,2.6105375418908356,40.06668472290039
2014-06-27 12:00:00+00:00,0.15733575820922852,37.617679595947266,2.7364729807035033,37.200531005859375
2014-06-27 18:00:00+00:00,0.13005352020263672,37.818511962890625,3.014836134499343,37.508087158203125
2014-06-28 00:00:00+00:00,0.12300926446914673,57.8355598449707,2.0973064209303014,57.54457092285156
2014-06-28 06:00:00+00:00,0.17889279127120972,49.1221923828125,2.454448162998979,48.478450775146484
2014-06-28 12:00:00+00:00,0.14372825622558594,46.40641403198242,2.2383761088881924,46.04158020019531
2014-06-28 18:00:00+00:00,0.1077876091003418,40.855430603027344,2.8365769328827874,40.637916564941406
2014-06-29 00:00:00+00:00,0.1849280595779419,51.797874450683594,2.3571506265360194,51.119049072265625
2014-06-29 06:00:00+00:00,0.1864338517189026,42.76676559448242,2.7948931127108074,42.12312698364258
2014-06-29 12:00:00+00:00,0.1632024645805359,32.820613861083984,3.105235229118685,32.398983001708984
2014-06-29 18:00:00+00:00,0.18714183568954468,344.9643859863281,0.9075052183883331,344.27972412109375
2014-06-30 00:00:00+00:00,0.08236277103424072,36.38608932495117,2.7121924218917597,36.26588439941406
2014-06-30 06:00:00+00:00,0.09855461120605469,31.984399795532227,3.1722355470751697,31.814531326293945
2014-06-30 12:00:00+00:00,0.04001796245574951,29.670913696289062,3.3741148531006266,29.644712448120117
2014-06-30 18:00:00+00:00,0.1761167049407959,280.483154296875,0.8851568783070839,279.87603759765625
2014-07-01 00:00:00+00:00,0.10942107439041138,41.19880676269531,2.700320167990868,40.974029541015625
2014-07-01 06:00:00+00:00,0.09559595584869385,31.620309829711914,3.3930522700849064,31.462512969970703
2014-07-01 12:00:00+00:00,0.09470850229263306,33.46546936035156,2.6576057672884676,33.314022064208984
2014-07-01 18:00:00+00:00,0.011838138103485107,35.681339263916016,2.925973229850848,35.67881393432617
2014-07-02 00:00:00+00:00,0.08675956726074219,35.22875213623047,3.1178449755352524,35.09504699707031
2014-07-02 06:00:00+00:00,0.09056353569030762,28.529380798339844,3.8486755416400573,28.39508819580078
2014-07-02 12:00:00+00:00,0.07442617416381836,46.11903762817383,2.715511763108389,46.013057708740234
2014-07-02 18:00:00+00:00,0.05912548303604126,38.22651672363281,3.76972700502413,38.150787353515625
2014-07-03 00:00:00+00:00,0.013774394989013672,38.44794464111328,3.64018047958208,38.44380569458008
2014-07-03 06:00:00+00:00,0.09384667873382568,32.55095291137695,3.715210747210706,32.38136672973633
2014-07-03 12:00:00+00:00,0.02697312831878662,24.141559600830078,3.9408210878206873,24.13051986694336
2014-07-03 18:00:00+00:00,0.09115183353424072,44.18648910522461,3.6852575642247523,43.99403381347656
2014-07-04 00:00:00+00:00,0.11410653591156006,33.640445709228516,3.650678334214449,33.40196228027344
2014-07-04 06:00:00+00:00,0.19268262386322021,28.319616317749023,3.772450360026852,27.653217315673828
2014-07-04 12:00:00+00:00,0.3542900085449219,33.52851867675781,3.6393717837049864,31.20493507385254
2014-07-04 18:00:00+00:00,0.43359577655792236,86.3694839477539,3.4332455465895264,80.41939544677734
2014-07-05 00:00:00+00:00,0.36164212226867676,98.56111145019531,3.038622616217975,94.61251068115234
2014-07-05 06:00:00+00:00,0.22606438398361206,50.035240173339844,3.308214153340867,49.022377014160156
2014-07-05 12:00:00+00:00,0.4044746160507202,26.98952865600586,4.108876044557166,24.241378784179688
2014-07-05 18:00:00+00:00,0.6882419586181641,31.13312530517578,3.979116209691316,22.360570907592773
2014-07-06 00:00:00+00:00,0.31857144832611084,16.92344856262207,3.7444834426172906,15.922944068908691
2014-07-06 06:00:00+00:00,0.11473160982131958,26.726831436157227,2.7255503958317213,26.506877899169922
2014-07-06 12:00:00+00:00,1.0,5721.4052734375,0.5024948665989499,5720.5693359375
2014-07-06 18:00:00+00:00,1.0,5952.77880859375,0.5238136888050137,5951.703125
2014-07-07 00:00:00+00:00,0.09450238943099976,36.66245651245117,2.780466368938682,36.477989196777344
2014-07-07 06:00:00+00:00,0.027333855628967285,22.845413208007812,3.6829671814649254,22.836355209350586
2014-07-07 12:00:00+00:00,0.0287553071975708,24.709238052368164,3.775415566639743,24.698074340820312
2014-07-07 18:00:00+00:00,0.20823758840560913,29.473787307739258,3.7392081358485347,28.79022216796875
2014-07-08 00:00:00+00:00,0.09393972158432007,30.4801025390625,3.8780021819735198,30.317710876464844
2014-07-08 06:00:00+00:00,0.34924423694610596,1190.0712890625,1.1677079796222984,1185.4329833984375
2014-07-08 12:00:00+00:00,0.07525521516799927,29.534584045410156,3.363409887833485,29.444543838500977
2014-07-08 18:00:00+00:00,0.17114228010177612,30.895206451416016,3.5016191318170153,30.38460922241211
2014-07-09 00:00:00+00:00,0.17149990797042847,30.820096969604492,3.6525955781050943,30.305255889892578
2014-07-09 06:00:00+00:00,0.1570689082145691,30.020797729492188,3.47054902774872,29.606693267822266
2014-07-09 12:00:00+00:00,0.15716105699539185,33.867454528808594,3.4309513215896663,33.432090759277344
2014-07-10 00:00:00+00:00,0.20078140497207642,40.315460205078125,3.143658820860085,39.54151916503906
2014-07-10 06:00:00+00:00,0.18697255849838257,32.92736053466797,3.5312151862458836,32.299957275390625
2014-07-10 12:00:00+00:00,0.09142518043518066,31.879423141479492,3.2670997407271574,31.741270065307617
2014-07-10 18:00:00+00:00,0.033995091915130615,34.4113655090332,2.946195436192636,34.39093780517578
2014-07-11 00:00:00+00:00,0.17648369073867798,37.756568908691406,3.4588231828410523,37.155487060546875
2014-07-11 06:00:00+00:00,0.1621531844139099,45.8508186340332,3.0436806723086676,45.309051513671875
2014-07-11 12:00:00+00:00,0.1877005696296692,45.277828216552734,3.081422088500753,44.53240203857422
2014-07-11 18:00:00+00:00,0.15965914726257324,40.013389587402344,3.437550836572233,39.49641418457031
2014-07-12 00:00:00+00:00,0.039842069149017334,39.555057525634766,3.4070757323389897,39.523616790771484
2014-07-12 06:00:00+00:00,0.19096726179122925,48.57511901855469,3.300866081187885,47.749061584472656
2014-07-12 12:00:00+00:00,0.22614425420761108,56.03014373779297,2.5871914096390434,54.993953704833984
2014-07-12 18:00:00+00:00,0.09901076555252075,31.29681968688965,3.663235057258952,31.12681007385254
2014-07-13 00:00:00+00:00,0.11742931604385376,35.83549880981445,3.3284509291477598,35.589420318603516
2014-07-13 06:00:00+00:00,0.15201222896575928,50.46756362915039,3.0081198181993827,49.99834442138672
2014-07-13 12:00:00+00:00,0.2159268856048584,48.063072204589844,2.4500788338422517,47.18148422241211
2014-07-13 18:00:00+00:00,0.25656068325042725,53.72106170654297,2.6732017380550315,52.34434509277344
2014-07-14 00:00:00+00:00,0.26006966829299927,64.04329681396484,2.7583865954926083,62.518348693847656
2014-07-14 06:00:00+00:00,0.24382245540618896,77.16960144042969,2.331441979492666,75.857421875
2014-07-14 12:00:00+00:00,0.2538246512413025,89.21784973144531,2.0119472986520224,87.896484375
2014-07-14 18:00:00+00:00,0.20936429500579834,73.45511627197266,2.6103714496240684,72.40287017822266
2014-07-15 00:00:00+00:00,0.2067280411720276,85.47295379638672,2.2819343841018873,84.52836608886719
2014-07-15 06:00:00+00:00,0.27546924352645874,107.23876190185547,1.796438794952773,105.49011993408203
2014-07-15 12:00:00+00:00,0.140583336353302,69.50430297851562,2.203079323739265,69.08639526367188
2014-07-15 18:00:00+00:00,0.1677316427230835,66.99207305908203,2.18249517819316,66.35752868652344
2014-07-16 00:00:00+00:00,0.18062084913253784,55.830257415771484,2.3879516426977916,55.16690444946289
2014-07-16 06:00:00+00:00,0.15333974361419678,59.2830810546875,2.0960266449011464,58.804290771484375
2014-07-16 12:00:00+00:00,0.13125354051589966,52.15327453613281,2.0194116599332403,51.83790588378906
2014-07-16 18:00:00+00:00,0.15699028968811035,45.68720626831055,2.53570514046472,45.22145462036133
2014-07-17 00:00:00+00:00,0.19071078300476074,44.1125373840332,2.593971671887704,43.43319320678711
2014-07-17 06:00:00+00:00,0.12759089469909668,47.689796447753906,2.4609043332585236,47.3784294128418
2014-07-17 12:00:00+00:00,0.14122605323791504,55.04017639160156,1.9827687968941305,54.665122985839844
2014-07-17 18:00:00+00:00,0.10195654630661011,40.2318000793457,2.9181866598980775,40.042903900146484
2014-07-18 00:00:00+00:00,0.13536840677261353,104.95842742919922,1.3523384779817116,104.60801696777344
2014-07-18 06:00:00+00:00,0.11927247047424316,34.899505615234375,3.0620440984922963,34.64451599121094
2014-07-18 12:00:00+00:00,0.06899833679199219,36.68009948730469,2.948353328115611,36.5968017578125
2014-07-18 18:00:00+00:00,0.07997328042984009,39.176963806152344,2.4381389553108797,39.063880920410156
2014-07-19 00:00:00+00:00,0.08906799554824829,126.0311050415039,1.2752333367304394,125.87494659423828
2014-07-19 06:00:00+00:00,0.046289801597595215,33.165958404541016,3.343206120610501,33.12733459472656
2014-07-19 12:00:00+00:00,0.0762472152709961,30.7034854888916,3.3194698439144505,30.604358673095703
2014-07-19 18:00:00+00:00,0.04639714956283569,31.463356018066406,3.7646681784903366,31.42496681213379
2014-07-20 00:00:00+00:00,0.1635686159133911,188.92706298828125,1.3126132759844926,188.41177368164062
2014-07-20 06:00:00+00:00,0.15130919218063354,32.481143951416016,3.5523424073881964,32.06938171386719
2014-07-20 12:00:00+00:00,0.11819690465927124,26.589872360229492,3.8235016615285113,26.368804931640625
2014-07-20 18:00:00+00:00,0.07129257917404175,63.81459045410156,2.3752109495421534,63.723388671875
2014-07-21 00:00:00+00:00,0.11774063110351562,53.187774658203125,2.386684129232881,52.9613151550293
2014-07-21 06:00:00+00:00,0.002048969268798828,25.37412452697754,3.8255720627338263,25.374061584472656
2014-07-21 12:00:00+00:00,0.10011416673660278,29.83685874938965,3.201911553058595,29.688690185546875
2014-07-21 18:00:00+00:00,0.06733149290084839,45.031097412109375,2.3610923644803625,44.95370864868164
2014-07-22 00:00:00+00:00,0.10689383745193481,46.062469482421875,2.2561261313736236,45.865142822265625
2014-07-22 06:00:00+00:00,0.05844372510910034,29.610057830810547,3.305635068488723,29.556655883789062
2014-07-22 12:00:00+00:00,0.10063636302947998,33.312007904052734,2.7625016550841144,33.16140365600586
2014-07-22 18:00:00+00:00,0.12592393159866333,44.97602081298828,2.33874850201345,44.726070404052734
2014-07-23 00:00:00+00:00,0.18382525444030762,54.477500915527344,2.235834289656449,53.894935607910156
2014-07-23 06:00:00+00:00,0.11482363939285278,41.46601486206055,2.603361253264952,41.24720001220703
2014-07-23 12:00:00+00:00,0.11972421407699585,33.317073822021484,2.5814405042116673,33.11576843261719
2014-07-24 00:00:00+00:00,0.20672088861465454,80.34107208251953,2.0839645727311757,79.53934478759766
2014-07-24 06:00:00+00:00,0.22884124517440796,70.30805206298828,2.086272341175522,69.34092712402344
2014-07-24 12:00:00+00:00,0.2781164050102234,56.194698333740234,2.784718204077503,54.894439697265625
2014-07-24 18:00:00+00:00,0.2820945382118225,71.77686309814453,2.4374162906271084,70.20825958251953
2014-07-25 00:00:00+00:00,0.23308753967285156,63.04508590698242,2.423370743755174,61.93190383911133
2014-07-25 06:00:00+00:00,0.19115787744522095,57.337406158447266,2.3853560655830286,56.61771011352539
2014-07-25 12:00:00+00:00,0.21236801147460938,63.747982025146484,2.3757064919688733,62.943294525146484
2014-07-25 18:00:00+00:00,0.16513466835021973,33.04598617553711,2.925479676159927,32.629798889160156
2014-07-26 00:00:00+00:00,0.15720802545547485,35.25895690917969,2.8682334526717153,34.8781852722168
2014-07-26 06:00:00+00:00,0.21355706453323364,65.96907806396484,2.6726820017865522,65.00383758544922
2014-07-26 12:00:00+00:00,0.18619972467422485,60.894832611083984,2.2400619189879865,60.23345947265625
2014-07-26 18:00:00+00:00,0.12287569046020508,36.382633209228516,3.2985944144525714,36.1144905090332
2014-07-27 00:00:00+00:00,0.03523510694503784,38.14837646484375,3.3261353959192967,38.12546157836914
2014-07-27 06:00:00+00:00,0.08387571573257446,29.74787139892578,3.3208502539298386,29.636587142944336
2014-07-27 12:00:00+00:00,0.2250869870185852,202.98252868652344,1.6490549296422092,201.87063598632812
2014-07-27 18:00:00+00:00,0.06518769264221191,1080.3309326171875,0.8323662467906021,1080.20849609375
2014-07-28 00:00:00+00:00,0.026299357414245605,28.643478393554688,3.7807584608918385,28.631877899169922
2014-07-28 06:00:00+00:00,0.11189961433410645,31.999378204345703,3.535606190244595,31.77756118774414
2014-07-28 12:00:00+00:00,0.16590005159378052,32.61874771118164,3.616723088610375,32.11289596557617
2014-07-28 18:00:00+00:00,0.01987004280090332,28.30718231201172,3.9901054118079164,28.300565719604492
2014-07-29 00:00:00+00:00,0.16100847721099854,31.15581703186035,3.747572633241039,30.692150115966797
2014-07-29 06:00:00+00:00,0.34644436836242676,34.60122299194336,3.7466738452522095,32.205238342285156
2014-07-29 12:00:00+00:00,0.13487565517425537,26.68668556213379,3.3945497155853612,26.411447525024414
2014-07-29 18:00:00+00:00,1.0,1559.5142822265625,0.6330419946608401,1559.1580810546875
2014-07-30 00:00:00+00:00,1.0,1776.5162353515625,0.8541003854025346,1775.894287109375
2014-07-30 06:00:00+00:00,0.5724258422851562,113.50670623779297,2.928134325198209,105.30609130859375
2014-07-30 12:00:00+00:00,0.11381661891937256,13.629952430725098,3.350407978403282,13.546403884887695
2014-07-30 18:00:00+00:00,0.3674255609512329,62.08601760864258,2.9404735070933268,60.368560791015625
2014-07-31 00:00:00+00:00,0.6523878574371338,523.3983764648438,2.203878238354961,503.4009704589844
2014-07-31 06:00:00+00:00,0.55307936668396,95.09635162353516,2.764293659100204,89.38343811035156
2014-07-31 12:00:00+00:00,0.36189353466033936,14.589876174926758,3.3072955569055287,13.682260513305664
2014-07-31 18:00:00+00:00,0.5025756359100342,57.97517776489258,3.1507585270550864,53.23735046386719
2014-08-01 00:00:00+00:00,0.594280481338501,96.51555633544922,2.8711991142248205,88.10044860839844
2014-08-01 06:00:00+00:00,0.3265845775604248,86.34577941894531,2.7703507924687454,84.3477554321289
2014-08-01 12:00:00+00:00,0.4260352849960327,52.71333694458008,2.862384763822955,50.297279357910156
2014-08-01 18:00:00+00:00,1.0,1728.65380859375,0.6717073389310014,1727.158203125
2014-08-02 00:00:00+00:00,0.34532690048217773,29.319387435913086,3.80948671474392,27.548370361328125
2014-08-02 06:00:00+00:00,0.012776613235473633,26.645526885986328,3.2044287284098987,26.64350128173828
2014-08-02 12:00:00+00:00,0.05247187614440918,27.504125595092773,3.2313975739078717,27.472360610961914
2014-08-02 18:00:00+00:00,0.02570176124572754,38.37979507446289,2.685651579334904,38.371437072753906
2014-08-03 00:00:00+00:00,0.06380319595336914,24.17700958251953,3.5486680277844345,24.129413604736328
2014-08-03 06:00:00+00:00,0.12278473377227783,48.26857376098633,2.481467584981875,48.100830078125
2014-08-03 12:00:00+00:00,0.145929217338562,20.49130630493164,3.1585607871905745,20.301006317138672
2014-08-03 18:00:00+00:00,0.05337858200073242,44.86590576171875,2.6892340651311573,44.81922149658203
2014-08-04 00:00:00+00:00,0.06536865234375,44.17591094970703,2.4469757410986634,44.11131286621094
2014-08-04 06:00:00+00:00,0.052197813987731934,28.484798431396484,2.6768237332783924,28.453857421875
2014-08-04 12:00:00+00:00,0.036495327949523926,41.681758880615234,2.2840676011849856,41.6649169921875
2014-08-04 18:00:00+00:00,0.08160018920898438,28.691837310791016,3.098670154730391,28.610698699951172
2014-08-05 00:00:00+00:00,0.032082200050354004,36.313541412353516,2.6731335174003674,36.29830551147461
2014-08-05 06:00:00+00:00,0.04645133018493652,29.730499267578125,3.1565820510308202,29.69976806640625
2014-08-05 12:00:00+00:00,0.14480865001678467,36.184444427490234,2.582557239907332,35.88868713378906
2014-08-05 18:00:00+00:00,0.08129918575286865,30.535755157470703,3.1626591139998297,30.438697814941406
2014-08-06 00:00:00+00:00,0.15524470806121826,43.683650970458984,2.5989152670686053,43.28292465209961
2014-08-06 06:00:00+00:00,0.0870976448059082,40.34642791748047,2.760090867615998,40.22017288208008
2014-08-06 12:00:00+00:00,0.07072031497955322,31.516372680664062,2.8475501777865264,31.440004348754883
2014-08-06 18:00:00+00:00,0.006746947765350342,33.277313232421875,2.7329193366639433,33.2765998840332
2014-08-07 00:00:00+00:00,0.0350569486618042,31.367897033691406,2.691333949444328,31.348583221435547
2014-08-07 06:00:00+00:00,0.007695555686950684,31.206018447875977,3.2801777707022506,31.204998016357422
2014-08-07 12:00:00+00:00,0.03391861915588379,31.582195281982422,2.5936488244609612,31.565086364746094
2014-08-07 18:00:00+00:00,0.028367161750793457,35.930870056152344,3.0609773555561057,35.91615295410156
2014-08-08 00:00:00+00:00,0.004766702651977539,39.13037872314453,2.3553712881259763,39.1299934387207
2014-08-08 06:00:00+00:00,0.03867816925048828,62.3458137512207,1.802256370587761,62.31886672973633
2014-08-08 12:00:00+00:00,0.034799039363861084,67.61506652832031,1.6359598992253492,67.59464263916016
2014-08-08 18:00:00+00:00,0.08683288097381592,35.42576599121094,2.8004414422614867,35.300296783447266
2014-08-09 00:00:00+00:00,0.007996439933776855,40.55331039428711,2.498529990194109,40.552188873291016
2014-08-09 06:00:00+00:00,0.01357191801071167,95.48512268066406,1.4490707315019518,95.48157501220703
2014-08-09 12:00:00+00:00,0.05498147010803223,85.55946350097656,1.8797173295603387,85.50550842285156
2014-08-09 18:00:00+00:00,0.000643610954284668,91.82269287109375,1.6514196823825225,91.82267761230469
2014-08-10 00:00:00+00:00,0.11412930488586426,48.789031982421875,2.3845503462297253,48.53220748901367
2014-08-10 06:00:00+00:00,0.01110917329788208,69.1373291015625,2.3018713800550574,69.13472747802734
2014-08-10 12:00:00+00:00,0.056355953216552734,48.760894775390625,2.548381211052771,48.70109939575195
2014-08-10 18:00:00+00:00,0.0040357112884521484,73.86924743652344,1.8165864913436742,73.86894226074219
2014-08-11 00:00:00+00:00,0.10098898410797119,93.52033233642578,1.7558734473612552,93.30300903320312
2014-08-11 06:00:00+00:00,0.1729719042778015,43.81640625,2.4782158744577107,43.28983688354492
2014-08-11 12:00:00+00:00,0.02929377555847168,691.1640014648438,0.637580991032355,691.1448364257812
2014-08-11 18:00:00+00:00,0.1745826005935669,57.74065399169922,2.4813046631426827,57.14868927001953
2014-08-12 00:00:00+00:00,0.1701921820640564,49.51925277709961,2.806574796677675,48.96099853515625
2014-08-12 06:00:00+00:00,0.29109251499176025,330.03179931640625,1.0079458142217927,328.10369873046875
2014-08-12 12:00:00+00:00,0.17515462636947632,58.77824783325195,2.097500995104296,58.23646926879883
2014-08-12 18:00:00+00:00,0.324360191822052,417.1568603515625,1.0306251883008748,414.561767578125
2014-08-13 00:00:00+00:00,0.33701837062835693,431.12353515625,1.0652267730772431,428.14404296875
2014-08-13 06:00:00+00:00,0.2456178069114685,319.8515625,1.0763960906196244,318.3272399902344
2014-08-13 12:00:00+00:00,0.181779682636261,52.7151985168457,2.1998270317874606,52.12435531616211
2014-08-13 18:00:00+00:00,0.1836400032043457,42.44358825683594,2.7162334809412854,41.82118225097656
2014-08-14 00:00:00+00:00,0.17485934495925903,61.59236145019531,2.141588367467549,61.00362777709961
2014-08-14 06:00:00+00:00,0.18561387062072754,44.35287094116211,2.606662205210485,43.68860626220703
2014-08-14 12:00:00+00:00,0.17700982093811035,42.758724212646484,3.0203471532745896,42.173439025878906
2014-08-14 18:00:00+00:00,0.24451929330825806,55.72811508178711,2.7978703861420806,54.492591857910156
2014-08-15 00:00:00+00:00,0.19979310035705566,37.61000061035156,3.33176913858239,36.8491325378418
2014-08-15 06:00:00+00:00,0.3081982731819153,52.559814453125,2.8225945336530383,50.527339935302734
2014-08-15 12:00:00+00:00,0.27859586477279663,52.74812316894531,3.151026385166814,51.06260681152344
2014-08-15 18:00:00+00:00,0.3316435217857361,48.796234130859375,3.335820951054258,46.33940505981445
2014-08-16 00:00:00+00:00,0.3043774962425232,45.97900390625,2.981711927713078,44.15004348754883
2014-08-16 06:00:00+00:00,0.1893404722213745,46.45296859741211,3.32564489789598,45.63588333129883
2014-08-16 12:00:00+00:00,0.3132771849632263,48.37551498413086,3.114141562151328,46.31487274169922
2014-08-16 18:00:00+00:00,0.040679752826690674,29.58258056640625,3.725075519762609,29.556358337402344
2014-08-17 00:00:00+00:00,0.07387930154800415,28.90761375427246,3.577412606011191,28.8190975189209
2014-08-17 06:00:00+00:00,0.15918642282485962,855.2598876953125,1.2360174803420514,854.512451171875
2014-08-17 12:00:00+00:00,0.04114079475402832,23.850656509399414,3.8469461309741733,23.827220916748047
2014-08-17 18:00:00+00:00,0.1536794900894165,25.63564109802246,3.9484504966252834,25.28349494934082
2014-08-18 00:00:00+00:00,0.3924899101257324,13.075604438781738,3.6738181841923336,11.919188499450684
2014-08-18 06:00:00+00:00,0.13064897060394287,36.742191314697266,1.3862943611198906,36.335174560546875
2014-08-18 12:00:00+00:00,1.0,1094.9232177734375,0.3843300046662947,1094.892333984375
2014-08-18 18:00:00+00:00,1.0,1102.86669921875,0.4896869094433972,1102.8516845703125
2014-08-19 00:00:00+00:00,1.0,1149.7735595703125,0.7594501651116486,1149.7572021484375
2014-08-19 06:00:00+00:00,1.0,1190.44140625,0.8427033915178053,1190.4390869140625
2014-08-19 12:00:00+00:00,1.0,945.8424682617188,0.8499198136297836,945.8397827148438
2014-08-19 18:00:00+00:00,1.0,1068.5506591796875,0.864890926568729,1068.5301513671875
2014-08-20 00:00:00+00:00,1.0,1121.8304443359375,0.37297694982661883,1121.7889404296875
2014-08-20 06:00:00+00:00,0.1009778380393982,23.52813720703125,3.721583935873556,23.38548469543457
2014-08-20 12:00:00+00:00,0.08190441131591797,13.40649127960205,3.8202227279800485,13.352604866027832
2014-08-20 18:00:00+00:00,0.11184221506118774,34.58370590209961,3.6495211873573057,34.34742736816406
2014-08-21 00:00:00+00:00,0.025397419929504395,35.08049774169922,3.9478837764732644,35.06583786010742
2014-08-21 06:00:00+00:00,0.20185637474060059,17.544034957885742,3.338926653785257,17.189592361450195
2014-08-21 12:00:00+00:00,0.11609601974487305,24.941377639770508,3.7220251973628757,24.747356414794922
2014-08-21 18:00:00+00:00,0.07321780920028687,20.535459518432617,3.976719109398867,20.468259811401367
2014-08-22 00:00:00+00:00,0.05816471576690674,20.685274124145508,3.79398656252999,20.644502639770508
2014-08-22 06:00:00+00:00,0.05770754814147949,24.693586349487305,3.734365724166265,24.647138595581055
2014-08-22 12:00:00+00:00,0.15572696924209595,106.03396606445312,2.2766870409391426,105.59868621826172
2014-08-22 18:00:00+00:00,0.09953582286834717,25.260419845581055,3.649812895644094,25.116382598876953
2014-08-23 00:00:00+00:00,0.10817694664001465,45.67640686035156,2.607447968130897,45.476139068603516
2014-08-23 06:00:00+00:00,0.27328193187713623,25.58930778503418,3.481566553537723,24.54842758178711
2014-08-23 12:00:00+00:00,0.12897717952728271,41.559635162353516,2.937757099925131,41.30613327026367
2014-08-23 18:00:00+00:00,0.059119582176208496,27.420679092407227,3.005927239679882,27.380943298339844
2014-08-24 00:00:00+00:00,0.10482513904571533,27.88311195373535,3.574830983694654,27.728200912475586
2014-08-24 06:00:00+00:00,0.026729941368103027,30.345651626586914,3.5728751431117933,30.334054946899414
2014-08-24 12:00:00+00:00,0.08355724811553955,26.492368698120117,3.5931487932599686,26.3923397064209
2014-08-24 18:00:00+00:00,0.2302837371826172,49.50911331176758,2.894977694328683,48.53343200683594
2014-08-25 00:00:00+00:00,0.34242069721221924,40.770381927490234,3.4318949427557173,38.68740463256836
2014-08-25 06:00:00+00:00,0.5010921955108643,84.53873443603516,2.985537319325506,78.49302673339844
2014-08-25 12:00:00+00:00,0.3619070053100586,74.0615463256836,3.144317496884244,70.84642791748047
2014-08-25 18:00:00+00:00,0.479320764541626,181.7134246826172,2.8051029663781506,172.8402099609375
2014-08-26 00:00:00+00:00,0.7037806510925293,533.2662353515625,2.255199933395723,499.88092041015625
2014-08-26 06:00:00+00:00,0.693668007850647,254.7876434326172,2.4978065063728083,234.6705780029297
2014-08-26 12:00:00+00:00,0.7899284362792969,549.919189453125,2.1727714628753514,505.8390808105469
2014-08-26 18:00:00+00:00,0.7046637535095215,338.7848815917969,1.9643866228704445,320.6864013671875
2014-08-27 00:00:00+00:00,0.5876604318618774,251.89334106445312,2.170918009140699,239.82162475585938
2014-08-27 06:00:00+00:00,0.5789780616760254,345.7829284667969,1.6161382414682717,333.7396240234375
2014-08-27 12:00:00+00:00,0.5371060371398926,234.4012908935547,1.5903807449714575,226.8307647705078
2014-08-27 18:00:00+00:00,0.5057480335235596,171.40574645996094,1.90136976313765,164.6297149658203
2014-08-28 00:00:00+00:00,0.5291570425033569,316.13360595703125,2.037600937489787,306.2454528808594
2014-08-28 06:00:00+00:00,0.48851466178894043,168.6537628173828,1.8267185208031531,163.00445556640625
2014-08-28 12:00:00+00:00,0.38367724418640137,168.06900024414062,1.9376358575900807,164.67633056640625
2014-08-28 18:00:00+00:00,0.2908216714859009,54.77022171020508,2.691507348093933,53.24516296386719
2014-08-29 00:00:00+00:00,0.28288865089416504,129.2515411376953,1.7029209229888862,127.43028259277344
2014-08-29 06:00:00+00:00,0.2478477954864502,276.4983825683594,1.1347048256764614,274.89031982421875
2014-08-29 12:00:00+00:00,0.2298191785812378,42.799930572509766,2.5456349025332607,42.00681686401367
2014-08-29 18:00:00+00:00,0.2019667625427246,64.00518798828125,2.443448596768192,63.28620910644531
2014-08-30 00:00:00+00:00,0.21950030326843262,63.429283142089844,2.6101251835478596,62.54783248901367
2014-08-30 06:00:00+00:00,0.3443014621734619,93.94847106933594,2.0956234807993375,91.74994659423828
2014-08-30 12:00:00+00:00,0.36562466621398926,164.70127868652344,1.6580767795449805,162.18678283691406
2014-08-30 18:00:00+00:00,0.26956629753112793,80.91445922851562,2.0767158633452327,79.57774353027344
2014-08-31 00:00:00+00:00,0.22128081321716309,56.461124420166016,2.4823288530271026,55.676456451416016
2014-08-31 06:00:00+00:00,0.22680950164794922,49.77369689941406,2.76148121664978,48.922760009765625
2014-08-31 12:00:00+00:00,0.21926391124725342,38.11963653564453,2.722766218875504,37.48849868774414
2014-08-31 18:00:00+00:00,0.09676563739776611,48.12130355834961,2.478701569246496,47.975406646728516
2014-09-01 00:00:00+00:00,0.12282252311706543,58.00196075439453,2.591819409662843,57.7177734375
2014-09-01 06:00:00+00:00,0.05266869068145752,85.94725799560547,2.0257860974541035,85.88846588134766
2014-09-01 12:00:00+00:00,0.032843708992004395,40.67409133911133,2.714695158593383,40.65835189819336
2014-09-01 18:00:00+00:00,0.06612503528594971,62.701942443847656,2.2798018028275044,62.620113372802734
2014-09-02 00:00:00+00:00,0.010310888290405273,70.65865325927734,1.8803631064083732,70.65667724609375
2014-09-02 06:00:00+00:00,0.10888367891311646,39.38715362548828,3.088367198636016,39.160255432128906
2014-09-02 12:00:00+00:00,0.0909239649772644,33.10003662109375,2.9388007219754275,32.966915130615234
2014-09-02 18:00:00+00:00,0.012026071548461914,52.43986511230469,2.672348797388487,52.43699264526367
2014-09-03 00:00:00+00:00,0.04746091365814209,81.8304672241211,2.1168807832377863,81.78023529052734
2014-09-03 06:00:00+00:00,0.0039133429527282715,121.1963119506836,1.8007176259185713,121.1959228515625
2014-09-03 12:00:00+00:00,0.003964662551879883,65.2774887084961,2.343724073166223,65.27716064453125
2014-09-03 18:00:00+00:00,0.008023738861083984,62.481990814208984,2.2845312152583586,62.48059844970703
2014-09-04 00:00:00+00:00,0.0635647177696228,41.674102783203125,2.848989289644278,41.59817123413086
2014-09-04 06:00:00+00:00,0.15434926748275757,62.41383743286133,2.4145221861451134,61.89078140258789
2014-09-04 12:00:00+00:00,0.16247260570526123,34.4160041809082,2.8816329103245093,33.986122131347656
2014-09-04 18:00:00+00:00,0.1471659541130066,59.527095794677734,2.7895516549144777,59.0681037902832
2014-09-05 00:00:00+00:00,0.13203972578048706,36.55552673339844,2.826569445728025,36.24119186401367
2014-09-05 06:00:00+00:00,0.11549180746078491,49.98611068725586,2.652215084804823,49.72039794921875
2014-09-05 12:00:00+00:00,0.20389902591705322,45.44190216064453,2.7261730010303045,44.66510009765625
2014-09-05 18:00:00+00:00,0.13223516941070557,64.56794738769531,1.8924029595212055,64.242431640625
2014-09-06 00:00:00+00:00,0.3058972954750061,622.0750732421875,0.7843604800512385,619.8893432617188
2014-09-06 06:00:00+00:00,0.1894100308418274,67.82443237304688,1.9032876812664297,67.1196060180664
2014-09-06 12:00:00+00:00,0.11329072713851929,766.0120239257812,0.4447330767475919,765.6958618164062
2014-09-06 18:00:00+00:00,0.1235508918762207,41.197410583496094,2.335465828344926,40.94405746459961
2014-09-07 00:00:00+00:00,0.17021238803863525,102.64453887939453,1.5086531663082794,102.10186767578125
2014-09-07 06:00:00+00:00,0.0850035548210144,28.568330764770508,3.4323492559015443,28.453922271728516
2014-09-07 12:00:00+00:00,0.13248902559280396,27.472431182861328,3.661289279336709,27.188426971435547
2014-09-07 18:00:00+00:00,0.12553995847702026,31.041072845458984,2.893215678502532,30.802345275878906
2014-09-08 00:00:00+00:00,0.0819016695022583,30.218923568725586,3.1976986740119275,30.110517501831055
2014-09-08 06:00:00+00:00,0.10649162530899048,28.446157455444336,3.330939957278241,28.267498016357422
2014-09-08 12:00:00+00:00,0.13724374771118164,28.899028778076172,3.514742734280497,28.59504508972168
2014-09-08 18:00:00+00:00,0.11330205202102661,41.47116470336914,2.647825897185845,41.25039291381836
2014-09-09 00:00:00+00:00,0.16425001621246338,1162.9677734375,0.9116464131939445,1162.2022705078125
2014-09-09 06:00:00+00:00,0.06974929571151733,27.333776473999023,3.4341443972931027,27.26046371459961
2014-09-09 12:00:00+00:00,0.06000113487243652,31.732845306396484,2.911191571827649,31.67835235595703
2014-09-09 18:00:00+00:00,0.19362956285476685,34.6361083984375,3.142320601363185,33.96659469604492
2014-09-10 00:00:00+00:00,0.23781168460845947,27.524188995361328,3.386431782246149,26.674407958984375
2014-09-10 06:00:00+00:00,0.1456415057182312,24.628395080566406,3.5398501649213245,24.344932556152344
2014-09-10 12:00:00+00:00,0.16715961694717407,37.01274108886719,3.0263855834295113,36.52973937988281
2014-09-10 18:00:00+00:00,0.19963574409484863,29.37812042236328,3.4004269823940545,28.775922775268555
2014-09-11 00:00:00+00:00,0.2319577932357788,48.36655807495117,2.6601376039174136,47.3204345703125
2014-09-11 06:00:00+00:00,0.14566946029663086,35.10209655761719,2.6340471142857624,34.769439697265625
2014-09-11 12:00:00+00:00,0.16885614395141602,26.19344711303711,3.5706315727240274,25.77385902404785
2014-09-11 18:00:00+00:00,0.17757821083068848,34.388694763183594,3.4304614992323206,33.8234977722168
2014-09-12 00:00:00+00:00,0.1440199613571167,28.426280975341797,3.476488912833906,28.094741821289062
2014-09-12 06:00:00+00:00,0.13228607177734375,28.016733169555664,3.6619716988091335,27.731996536254883
2014-09-12 12:00:00+00:00,0.07783335447311401,34.23918914794922,3.1175501503574825,34.137428283691406
2014-09-12 18:00:00+00:00,0.1656474471092224,30.815513610839844,3.449014590093316,30.347991943359375
2014-09-13 00:00:00+00:00,0.13814759254455566,34.48911666870117,2.882246479242325,34.17172622680664
2014-09-13 06:00:00+00:00,0.07385110855102539,30.313243865966797,3.056777945127278,30.224720001220703
2014-09-13 12:00:00+00:00,0.08758383989334106,68.17642974853516,1.7010173104937332,68.03809356689453
2014-09-13 18:00:00+00:00,0.14513486623764038,38.46614456176758,2.814134027998365,38.07436752319336
2014-09-14 00:00:00+00:00,0.14582455158233643,43.06377029418945,2.7495020266172374,42.66276931762695
2014-09-14 06:00:00+00:00,0.17308300733566284,41.143150329589844,2.975298896410115,40.56411361694336
2014-09-14 12:00:00+00:00,0.17031317949295044,37.9694709777832,3.126252166249941,37.43998718261719
2014-09-14 18:00:00+00:00,0.15584468841552734,40.141563415527344,2.95880479329022,39.682594299316406
2014-09-15 00:00:00+00:00,0.1524330973625183,45.749088287353516,2.3727917764554327,45.32414245605469
2014-09-15 06:00:00+00:00,0.08727419376373291,44.34889602661133,2.345716968372491,44.20501708984375
2014-09-15 12:00:00+00:00,0.18113380670547485,35.822349548339844,2.9105797301351526,35.26600646972656
2014-09-15 18:00:00+00:00,0.13599759340286255,42.03312683105469,2.7444502379486595,41.677616119384766
2014-09-16 00:00:00+00:00,0.15261125564575195,48.7952880859375,2.6857847645709665,48.329551696777344
2014-09-16 06:00:00+00:00,0.15452206134796143,41.986366271972656,2.88273997917081,41.540340423583984
2014-09-16 12:00:00+00:00,0.18455129861831665,36.585689544677734,2.637220634427473,36.042415618896484
2014-09-16 18:00:00+00:00,0.1673395037651062,210.7752227783203,1.2152006637346986,210.2093505859375
2014-09-17 00:00:00+00:00,0.2343117594718933,177.9515380859375,1.192952724234289,176.79759216308594
2014-09-17 06:00:00+00:00,0.17303115129470825,138.8160400390625,1.4217204271596136,138.2089080810547
2014-09-17 12:00:00+00:00,0.20763558149337769,306.6196594238281,1.1376096038469015,305.6978454589844
2014-09-17 18:00:00+00:00,0.14910376071929932,52.89836120605469,2.5864127644851447,52.439605712890625
2014-09-18 00:00:00+00:00,0.07685506343841553,69.17527770996094,1.832660172781677,69.0674057006836
2014-09-18 06:00:00+00:00,0.12926381826400757,49.90271759033203,2.4515839676945164,49.58027648925781
2014-09-18 12:00:00+00:00,0.008868932723999023,58.35816955566406,2.299714528855827,58.35664749145508
2014-09-18 18:00:00+00:00,0.040956854820251465,185.27001953125,1.3976329039225486,185.2321319580078
2014-09-19 00:00:00+00:00,0.036412715911865234,52.84172439575195,2.2362580211893053,52.82030487060547
2014-09-19 06:00:00+00:00,0.08339887857437134,387.2174987792969,1.1994319950122938,387.0279846191406
2014-09-19 12:00:00+00:00,0.060552358627319336,111.7821044921875,1.8746724791002913,111.70413208007812
2014-09-19 18:00:00+00:00,0.021274805068969727,474.9847717285156,1.3806175965947387,474.9698791503906
2014-09-20 00:00:00+00:00,0.042737483978271484,336.2037658691406,1.3184235734549774,336.1583557128906
2014-09-20 06:00:00+00:00,0.3286479711532593,115.52196502685547,2.423959811068862,113.16461944580078
2014-09-20 12:00:00+00:00,0.06444871425628662,416.08953857421875,1.6260333446424606,415.9305114746094
2014-09-20 18:00:00+00:00,0.4027585983276367,599.3757934570312,1.5960127880997774,589.4074096679688
2014-09-21 00:00:00+00:00,0.23003077507019043,1578.363525390625,1.1010096389831374,1574.1539306640625
2014-09-21 06:00:00+00:00,0.5957682132720947,586.396240234375,1.9030560299073374,565.920654296875
2014-09-21 12:00:00+00:00,0.48957061767578125,158.26502990722656,2.4269396436535344,151.42169189453125
2014-09-21 18:00:00+00:00,0.6290076971054077,266.6853942871094,2.146159567031385,252.74671936035156
2014-09-22 00:00:00+00:00,0.7068030834197998,517.7000732421875,2.2895354594149566,484.2262268066406
2014-09-22 06:00:00+00:00,0.6950346231460571,432.5916442871094,2.3182010727251696,398.89630126953125
2014-09-22 12:00:00+00:00,0.728361964225769,539.1377563476562,2.079968962979124,505.1569519042969
2014-09-22 18:00:00+00:00,0.6337713003158569,183.5303497314453,2.5628690632265423,169.32855224609375
2014-09-23 00:00:00+00:00,0.5876104831695557,238.7582550048828,2.405091621610067,226.92898559570312
2014-09-23 06:00:00+00:00,0.41285526752471924,173.45396423339844,1.9596727235626121,169.48951721191406
2014-09-23 12:00:00+00:00,0.417932391166687,307.85418701171875,1.390890390636468,303.7016296386719
2014-09-23 18:00:00+00:00,0.4951876401901245,359.300048828125,1.5847890317779434,351.54034423828125
2014-09-24 00:00:00+00:00,0.21322917938232422,45.035919189453125,2.662715184863027,44.3515739440918
2014-09-24 06:00:00+00:00,0.30664217472076416,128.50730895996094,2.0551568513166685,126.61726379394531
2014-09-24 12:00:00+00:00,0.22236549854278564,76.33534240722656,1.9781825241367295,75.5555191040039
2014-09-24 18:00:00+00:00,0.1107029914855957,25.814821243286133,3.2475902181574288,25.654638290405273
2014-09-25 00:00:00+00:00,0.16942691802978516,27.459796905517578,3.1392772853825615,27.084877014160156
2014-09-25 06:00:00+00:00,0.12435376644134521,31.290555953979492,3.2685332941662493,31.054262161254883
2014-09-25 12:00:00+00:00,0.11121273040771484,87.40682983398438,1.947408711035978,87.20782470703125
2014-09-25 18:00:00+00:00,0.13736438751220703,60.04507827758789,2.3191944684128574,59.7415657043457
2014-09-26 00:00:00+00:00,0.047618091106414795,51.74690628051758,2.207446388950588,51.71291732788086
2014-09-26 06:00:00+00:00,0.06105661392211914,25.219812393188477,3.275037378493803,25.173097610473633
2014-09-26 12:00:00+00:00,0.10118299722671509,25.059133529663086,3.3737621505511335,24.913005828857422
2014-09-26 18:00:00+00:00,0.13234692811965942,36.00142288208008,2.580788953719495,35.718631744384766
2014-09-27 00:00:00+00:00,0.10644721984863281,24.670015335083008,3.226410826467649,24.511545181274414
2014-09-27 06:00:00+00:00,0.10010010004043579,23.63584327697754,3.631081416038326,23.498384475708008
2014-09-27 12:00:00+00:00,0.19581282138824463,33.454864501953125,3.101697615190649,32.869754791259766
2014-09-27 18:00:00+00:00,0.14676427841186523,35.65361785888672,3.2494676400246005,35.25392150878906
2014-09-28 00:00:00+00:00,0.2025536298751831,44.93768310546875,2.6354609530362065,44.24040222167969
2014-09-28 06:00:00+00:00,0.13337671756744385,51.000404357910156,2.060704165383694,50.702938079833984
2014-09-28 12:00:00+00:00,0.1074826717376709,31.558116912841797,2.7239272697934314,31.390499114990234
2014-09-28 18:00:00+00:00,0.2303757667541504,46.411582946777344,2.6475871989015447,45.45359420776367
2014-09-29 00:00:00+00:00,0.1441146731376648,36.05827331542969,2.7464034458114153,35.706939697265625
2014-09-29 06:00:00+00:00,0.1335323452949524,42.65419387817383,2.514973914187285,42.36030960083008
2014-09-29 12:00:00+00:00,0.12411057949066162,57.75951385498047,1.6663648439427783,57.51115798950195
2014-09-29 18:00:00+00:00,0.1392728090286255,45.94732666015625,2.464041750800958,45.60506820678711
2014-09-30 00:00:00+00:00,0.11433696746826172,39.9630012512207,2.5269959906097137,39.748077392578125
2014-09-30 06:00:00+00:00,0.09022480249404907,48.75216293334961,1.8833197852561496,48.612728118896484
2014-09-30 12:00:00+00:00,0.12356042861938477,33.323890686035156,2.433800839552662,33.0966682434082
2014-09-30 18:00:00+00:00,0.11296570301055908,57.39646530151367,1.852640562530081,57.16062545776367
2014-10-01 00:00:00+00:00,0.10044646263122559,45.39119338989258,2.4135098887758017,45.211830139160156
2014-10-01 06:00:00+00:00,0.07860821485519409,60.78193664550781,1.7127173765942465,60.67000198364258
2014-10-01 12:00:00+00:00,0.027601897716522217,52.341373443603516,1.9002205873731994,52.32826614379883
2014-10-01 18:00:00+00:00,0.07466906309127808,103.51766204833984,1.5033311804278964,103.40396118164062
2014-10-02 00:00:00+00:00,0.07124406099319458,42.23005294799805,2.851194796520301,42.134071350097656
2014-10-02 06:00:00+00:00,0.007752776145935059,39.53078842163086,2.404804745224003,39.529762268066406
2014-10-02 12:00:00+00:00,0.007949411869049072,43.3802375793457,2.414201309129872,43.37921142578125
2014-10-02 18:00:00+00:00,0.1410050392150879,59.3352165222168,2.5471048437028547,58.93129348754883
2014-10-03 00:00:00+00:00,0.1293126344680786,64.69926452636719,2.0735267128513852,64.40669250488281
2014-10-03 06:00:00+00:00,0.10962486267089844,64.30939483642578,2.2230951961721015,64.08685302734375
2014-10-03 12:00:00+00:00,0.04595482349395752,51.256343841552734,2.029496634411565,51.222686767578125
2014-10-03 18:00:00+00:00,0.0056383609771728516,44.357810974121094,2.605525904964754,44.35722351074219
2014-10-04 00:00:00+00:00,0.07866895198822021,50.50456619262695,2.5866450401405814,50.4016227722168
2014-10-04 06:00:00+00:00,0.08587610721588135,43.37389373779297,2.56194912306952,43.24885940551758
2014-10-04 12:00:00+00:00,0.14277946949005127,76.55072784423828,1.665646014934008,76.21253967285156
2014-10-04 18:00:00+00:00,0.07236266136169434,50.786678314208984,2.1104973792633404,50.69786834716797
2014-10-05 00:00:00+00:00,0.09020805358886719,53.803245544433594,2.309056220854842,53.66938400268555
2014-10-05 06:00:00+00:00,0.06357443332672119,361.8388366699219,0.8183486974071246,361.74932861328125
2014-10-05 12:00:00+00:00,0.08317375183105469,35.281490325927734,2.7367652203708364,35.17295455932617
2014-10-05 18:00:00+00:00,0.17296242713928223,40.81104278564453,3.0963544992394203,40.253013610839844
2014-10-06 00:00:00+00:00,0.01587843894958496,29.4785099029541,3.316059628081541,29.474525451660156
2014-10-06 06:00:00+00:00,0.09563708305358887,58.34545135498047,2.5388012727579765,58.15449142456055
2014-10-06 12:00:00+00:00,0.03015732765197754,39.550498962402344,3.049453137271335,39.53304672241211
2014-10-06 18:00:00+00:00,0.015283286571502686,40.6785774230957,3.368332255305688,40.673797607421875
2014-10-07 00:00:00+00:00,0.05171513557434082,54.156097412109375,3.1233978565164433,54.08992004394531
2014-10-07 06:00:00+00:00,0.035277366638183594,46.745750427246094,3.0229127920189303,46.715938568115234
2014-10-07 12:00:00+00:00,0.14113390445709229,94.2664794921875,1.9592666393745881,93.80500030517578
2014-10-07 18:00:00+00:00,0.25632572174072266,150.24803161621094,1.5806247045400412,148.7550811767578
2014-10-08 00:00:00+00:00,0.1731359362602234,34.154510498046875,3.2944380635011528,33.618072509765625
2014-10-08 06:00:00+00:00,0.2505844831466675,88.96981048583984,1.9033603376006205,87.76298522949219
2014-10-08 12:00:00+00:00,0.12272500991821289,28.561901092529297,3.4985416583479934,28.328611373901367
2014-10-09 00:00:00+00:00,0.2296125292778015,36.83934783935547,3.4285454948381444,35.8533935546875
2014-10-09 06:00:00+00:00,0.25219470262527466,42.64250564575195,3.101513469172459,41.3931770324707
2014-10-09 12:00:00+00:00,0.22699320316314697,47.290340423583984,2.5874807225633263,46.32145690917969
2014-10-09 18:00:00+00:00,0.21136915683746338,39.274566650390625,3.042569340692302,38.42399215698242
2014-10-10 00:00:00+00:00,0.2396499514579773,85.00819396972656,1.799628764732012,83.814453125
2014-10-10 06:00:00+00:00,0.23474520444869995,50.44308090209961,2.821439575762688,49.29584503173828
2014-10-10 12:00:00+00:00,0.2473543882369995,76.80323028564453,1.7240894930036021,75.65033721923828
2014-10-10 18:00:00+00:00,0.2894018888473511,58.19681167602539,2.6700423184272486,56.391212463378906
2014-10-11 00:00:00+00:00,0.2830459475517273,59.12956237792969,2.525340623606117,57.42034149169922
2014-10-11 06:00:00+00:00,0.2435842752456665,78.82059478759766,1.7926150146215454,77.53983306884766
2014-10-11 12:00:00+00:00,0.20428931713104248,36.0970573425293,2.98477902104536,35.384857177734375
2014-10-11 18:00:00+00:00,0.17750000953674316,55.79379653930664,2.0811089941073426,55.184913635253906
2014-10-12 00:00:00+00:00,0.23180043697357178,37.65957260131836,3.101598038889029,36.7117919921875
2014-10-12 06:00:00+00:00,0.20059728622436523,49.034297943115234,2.6918841149797847,48.21697235107422
2014-10-12 12:00:00+00:00,0.21425122022628784,42.9228630065918,2.334824851578969,42.13228988647461
2014-10-12 18:00:00+00:00,0.2451038956642151,43.59416580200195,2.970005342380668,42.46488952636719
2014-10-13 00:00:00+00:00,0.24224203824996948,40.34082794189453,2.825187921133079,39.31019973754883
2014-10-13 06:00:00+00:00,0.1951688528060913,45.255611419677734,2.6719242993510814,44.53388977050781
2014-10-13 12:00:00+00:00,0.1888333559036255,35.130489349365234,3.0913214787849683,34.53289031982422
2014-10-13 18:00:00+00:00,0.12792694568634033,44.93387985229492,1.9417109597169795,44.66061019897461
2014-10-14 00:00:00+00:00,0.15269237756729126,31.670833587646484,3.180274861388604,31.287776947021484
2014-10-14 06:00:00+00:00,0.21230387687683105,34.90425491333008,3.0606425762292293,34.09714126586914
2014-10-14 12:00:00+00:00,0.17554402351379395,37.42704391479492,2.620856666027387,36.911376953125
2014-10-14 18:00:00+00:00,0.1724022626876831,34.78749465942383,3.222127910588464,34.25435256958008
2014-10-15 00:00:00+00:00,0.20550060272216797,40.233375549316406,2.696284361310187,39.54165267944336
2014-10-15 06:00:00+00:00,0.08671742677688599,30.038970947265625,3.0045629134198357,29.92778205871582
2014-10-15 12:00:00+00:00,0.024841904640197754,27.230562210083008,3.1639176973208407,27.22177505493164
2014-10-15 18:00:00+00:00,0.020212292671203613,30.924474716186523,2.7068754774816197,30.918498992919922
2014-10-16 00:00:00+00:00,0.07973277568817139,35.16122055053711,2.6834406226341714,35.06708908081055
2014-10-16 06:00:00+00:00,0.1401602029800415,37.12575912475586,2.8940286805585,36.819374084472656
2014-10-16 12:00:00+00:00,0.16934263706207275,58.017269134521484,2.5695829471852014,57.59230422973633
2014-10-16 18:00:00+00:00,0.15983343124389648,55.657344818115234,2.338462337101029,55.217044830322266
2014-10-17 00:00:00+00:00,0.30804550647735596,115.45111846923828,1.760515877556836,113.58684539794922
2014-10-17 06:00:00+00:00,0.34356439113616943,95.41571807861328,2.030416153926516,93.35161590576172
2014-10-17 12:00:00+00:00,0.3622860908508301,54.40755844116211,2.4204292826368548,52.6370964050293
2014-10-17 18:00:00+00:00,0.4019455909729004,71.69094848632812,2.259551303382943,68.84632873535156
2014-10-18 00:00:00+00:00,0.4140803813934326,123.41667175292969,2.1371603912403025,119.71160125732422
2014-10-18 06:00:00+00:00,0.40519416332244873,102.87857055664062,2.3087623699170803,99.59336853027344
2014-10-18 12:00:00+00:00,0.44582223892211914,97.40691375732422,1.9642238123483675,94.45104217529297
2014-10-18 18:00:00+00:00,0.4263877868652344,83.94678497314453,2.5184166269195445,80.19766235351562
2014-10-19 00:00:00+00:00,0.5163278579711914,144.9280242919922,2.0001876085814487,138.63720703125
2014-10-19 06:00:00+00:00,0.40687060356140137,75.12127685546875,2.7235412140393205,71.87621307373047
2014-10-19 12:00:00+00:00,0.5387473106384277,130.5443878173828,2.3086818124691852,123.10328674316406
2014-10-19 18:00:00+00:00,0.5059926509857178,116.37349700927734,2.2894509697097534,110.26092529296875
2014-10-20 00:00:00+00:00,0.5169121026992798,115.97118377685547,2.800704588240385,108.0551528930664
2014-10-20 06:00:00+00:00,0.5151393413543701,151.6764678955078,2.3856300730366473,144.61911010742188
2014-10-20 12:00:00+00:00,0.29364705085754395,41.09117126464844,3.5859467809071197,39.496883392333984
2014-10-20 18:00:00+00:00,0.13465821743011475,33.18947219848633,3.8383589883947145,32.8504753112793
2014-10-21 00:00:00+00:00,0.05557924509048462,47.09942626953125,3.18645499437984,47.02804946899414
2014-10-21 06:00:00+00:00,0.4180053472518921,12.278061866760254,3.1580397752194354,10.73403549194336
2014-10-21 12:00:00+00:00,0.3191624879837036,18.986181259155273,3.735366890502309,17.7841739654541
2014-10-21 18:00:00+00:00,0.4100954532623291,18.950063705444336,3.6575602704456087,17.25094985961914
2014-10-22 00:00:00+00:00,0.022414088249206543,40.41092300415039,3.5389879652946274,40.400047302246094
2014-10-22 06:00:00+00:00,0.07817065715789795,53.32167053222656,3.469585279043685,53.177825927734375
2014-10-22 12:00:00+00:00,0.06802314519882202,36.87059020996094,3.724424517006537,36.766483306884766
2014-10-22 18:00:00+00:00,0.5041807889938354,5149.560546875,1.044572431793546,5118.81787109375
2014-10-23 00:00:00+00:00,0.07409286499023438,50.3574104309082,3.448723679038713,50.22039031982422
2014-10-23 06:00:00+00:00,0.1804943084716797,44.6339225769043,2.9126259979478686,44.08476257324219
2014-10-23 12:00:00+00:00,0.04383665323257446,22.812414169311523,3.960615043494259,22.78644371032715
2014-10-23 18:00:00+00:00,0.5388450920581818,2868.230224609375,0.9831537021621277,2847.854248046875
2014-10-24 00:00:00+00:00,0.3597652316093445,1959.3236083984375,1.0885851230799137,1952.3338623046875
2014-10-24 06:00:00+00:00,0.18056148290634155,52.2957763671875,3.035725506649637,51.54678726196289
2014-10-24 12:00:00+00:00,0.35318225622177124,1552.28759765625,1.0545308396010462,1546.7628173828125
2014-10-24 18:00:00+00:00,0.013964176177978516,47.365379333496094,3.0804992447353348,47.360992431640625
2014-10-25 00:00:00+00:00,0.23477572202682495,94.08049011230469,2.361739605345071,92.80087280273438
2014-10-25 06:00:00+00:00,0.3741666078567505,892.3945922851562,1.0601554168309983,887.3048095703125
2014-10-25 12:00:00+00:00,0.1256474256515503,36.61105728149414,2.881918526985787,36.339046478271484
2014-10-25 18:00:00+00:00,0.14188581705093384,39.263526916503906,3.069445913615923,38.87395477294922
2014-10-26 00:00:00+00:00,0.01724177598953247,568.5946655273438,0.8718041485825196,568.587158203125
2014-10-26 06:00:00+00:00,0.29395103454589844,668.5516357421875,0.8249890362286392,666.1056518554688
2014-10-26 12:00:00+00:00,0.08671581745147705,32.84081268310547,3.1370109562465607,32.715057373046875
2014-10-26 18:00:00+00:00,0.13106536865234375,42.89988327026367,2.812100895154771,42.56541442871094
2014-10-27 00:00:00+00:00,0.12431162595748901,46.10187911987305,2.5482950881795836,45.79070281982422
2014-10-27 06:00:00+00:00,0.07717537879943848,37.55727005004883,3.103039135749332,37.44685745239258
2014-10-27 12:00:00+00:00,0.14396530389785767,41.56940841674805,2.457437587199933,41.19535827636719
2014-10-27 18:00:00+00:00,0.07958114147186279,37.0602912902832,3.3687314064606184,36.930049896240234
2014-10-28 00:00:00+00:00,0.0840919017791748,43.889835357666016,2.6468000293036025,43.74638748168945
2014-10-28 06:00:00+00:00,0.08044838905334473,39.759090423583984,3.0219280884116104,39.629459381103516
2014-10-28 12:00:00+00:00,0.012445390224456787,35.1082763671875,2.907546997757275,35.10557174682617
2014-10-28 18:00:00+00:00,0.10723769664764404,59.74312210083008,1.8003027148929025,59.51358413696289
2014-10-29 00:00:00+00:00,0.007585763931274414,73.9939193725586,1.659762158844528,73.99269104003906
2014-10-29 06:00:00+00:00,0.02527904510498047,49.16086196899414,2.4399916221167346,49.14846420288086
2014-10-29 12:00:00+00:00,0.03865206241607666,70.41250610351562,1.5944291220767224,70.38545989990234
2014-10-29 18:00:00+00:00,0.037450313568115234,52.660194396972656,2.2260122146284953,52.63397979736328
2014-10-30 00:00:00+00:00,0.02478337287902832,271.1302795410156,0.8287716491266641,271.1170654296875
2014-10-30 06:00:00+00:00,0.05392807722091675,64.53514862060547,1.7264710309442297,64.4776840209961
2014-10-30 12:00:00+00:00,0.0033974647521972656,247.7202911376953,0.8115041511531614,247.72006225585938
2014-10-30 18:00:00+00:00,0.09269613027572632,47.74663543701172,2.237658440394953,47.590972900390625
2014-10-31 00:00:00+00:00,0.05561631917953491,64.00475311279297,2.012585036119635,63.939537048339844
2014-10-31 06:00:00+00:00,0.007310152053833008,218.7359619140625,0.9425985041507691,218.7348175048828
2014-10-31 12:00:00+00:00,0.07768255472183228,47.09950256347656,2.3608478386565324,46.99238586425781
2014-10-31 18:00:00+00:00,0.09366464614868164,58.708580017089844,2.0345445391229235,58.530845642089844
2014-11-01 00:00:00+00:00,0.08155500888824463,97.68901062011719,1.0291758503491213,97.57261657714844
2014-11-01 06:00:00+00:00,0.12065422534942627,61.9847412109375,1.839874328795697,61.71223068237305
2014-11-01 12:00:00+00:00,0.11683326959609985,41.5693473815918,2.0668559545958676,41.35765075683594
2014-11-01 18:00:00+00:00,0.08175081014633179,41.51692199707031,2.233589618304639,41.40629196166992
2014-11-02 00:00:00+00:00,0.13347607851028442,41.09939193725586,2.0962994686195837,40.80302810668945
2014-11-02 06:00:00+00:00,0.18502777814865112,244.2954559326172,0.7732549646443794,243.63577270507812
2014-11-02 12:00:00+00:00,0.2302200198173523,295.4533386230469,0.8150138269351711,294.5218811035156
2014-11-02 18:00:00+00:00,0.14188486337661743,47.19095993041992,1.7691423062150422,46.881629943847656
2014-11-03 00:00:00+00:00,0.046790242195129395,55.92906188964844,1.821222503614761,55.893775939941406
2014-11-03 06:00:00+00:00,0.15681159496307373,26.621124267578125,2.8622539800918383,26.267332077026367
2014-11-03 12:00:00+00:00,0.21825313568115234,119.05290222167969,1.3958898559153927,118.32479858398438
2014-11-03 18:00:00+00:00,0.21814197301864624,26.9528865814209,3.0570810775410013,26.28379249572754
2014-11-04 00:00:00+00:00,0.1675558090209961,23.44646453857422,3.4377826824911777,23.070505142211914
2014-11-04 06:00:00+00:00,0.1399361491203308,61.86033248901367,1.752835528115705,61.57167053222656
2014-11-04 12:00:00+00:00,0.16874349117279053,23.544832229614258,3.1918086960202396,23.18398094177246
2014-11-04 18:00:00+00:00,0.19810950756072998,30.091785430908203,2.9239456308517653,29.535655975341797
2014-11-05 00:00:00+00:00,0.1647242307662964,28.434362411499023,3.2477464552638198,28.04130744934082
2014-11-05 06:00:00+00:00,0.1816372275352478,36.07427978515625,2.6696752031589717,35.54497146606445
2014-11-05 12:00:00+00:00,0.25942063331604004,37.265647888183594,2.6866954218376846,36.22153854370117
2014-11-05 18:00:00+00:00,0.25871115922927856,52.02777862548828,2.2494634074998734,50.877506256103516
2014-11-06 00:00:00+00:00,0.2672514319419861,43.78860855102539,2.704053052587344,42.5427131652832
2014-11-06 06:00:00+00:00,0.2731861472129822,33.534881591796875,3.0774777317586404,32.35249328613281
2014-11-06 12:00:00+00:00,0.2697291374206543,47.63690948486328,2.419584862248905,46.464439392089844
2014-11-06 18:00:00+00:00,0.2774544954299927,44.988826751708984,2.8388024265772147,43.54753494262695
2014-11-07 00:00:00+00:00,0.28678184747695923,59.605167388916016,2.424345866179157,57.933998107910156
2014-11-07 06:00:00+00:00,0.2747949957847595,57.05751419067383,2.295945270555489,55.595123291015625
2014-11-07 12:00:00+00:00,0.27735036611557007,78.99304962158203,1.8943857579674759,77.541259765625
2014-11-07 18:00:00+00:00,0.3443076014518738,113.28469848632812,1.9684578569632318,110.5106201171875
2014-11-08 00:00:00+00:00,0.3352891802787781,130.35902404785156,2.0111294394497947,127.49588012695312
2014-11-08 06:00:00+00:00,0.32965779304504395,88.2291488647461,2.108616187838603,85.72244262695312
2014-11-08 12:00:00+00:00,0.3084865212440491,101.9949951171875,2.116639513607734,99.90934753417969
2014-11-08 18:00:00+00:00,0.34518468379974365,139.05735778808594,1.9454521527373196,135.76669311523438
2014-11-09 00:00:00+00:00,0.3040619492530823,99.03518676757812,2.3079387498626773,96.66291046142578
2014-11-09 06:00:00+00:00,0.36993902921676636,111.42932891845703,1.8399797796539996,108.09947204589844
2014-11-09 12:00:00+00:00,0.3104134798049927,90.40989685058594,2.1282332503524932,88.14441680908203
2014-11-09 18:00:00+00:00,0.2943073511123657,68.1903305053711,2.230228938410088,66.21244049072266
2014-11-10 00:00:00+00:00,0.3231722116470337,80.55186462402344,2.4177624473752557,77.98406219482422
2014-11-10 06:00:00+00:00,0.34240102767944336,90.25978088378906,2.148795695203541,87.44544219970703
2014-11-10 12:00:00+00:00,0.31588059663772583,76.33226776123047,2.298503210147527,74.01119995117188
2014-11-10 18:00:00+00:00,0.2474105954170227,78.30076599121094,2.363572074801678,76.82461547851562
2014-11-11 00:00:00+00:00,0.16437822580337524,56.957759857177734,2.388639046797607,56.35812759399414
2014-11-11 06:00:00+00:00,0.12930363416671753,67.27991485595703,2.1476701679169223,66.8975830078125
2014-11-11 12:00:00+00:00,0.08785498142242432,64.45423126220703,2.4611911109197733,64.28285217285156
2014-11-11 18:00:00+00:00,0.06639885902404785,63.34371566772461,2.232195756154305,63.2453727722168
2014-11-12 00:00:00+00:00,0.052703022956848145,85.30231475830078,1.8267325891617845,85.24097442626953
2014-11-12 06:00:00+00:00,0.13304901123046875,48.82584762573242,2.5686606628169564,48.503570556640625
2014-11-12 12:00:00+00:00,0.20318210124969482,48.97718048095703,1.8752020964868001,48.36982345581055
2014-11-13 00:00:00+00:00,0.17267179489135742,511.9884338378906,0.6601017107919916,511.3052978515625
2014-11-13 06:00:00+00:00,0.258978009223938,86.92036437988281,2.2130340022870607,85.64505767822266
2014-11-13 12:00:00+00:00,0.2451310157775879,73.49867248535156,1.8645751345762263,72.56623840332031
2014-11-13 18:00:00+00:00,0.1771615743637085,53.84971618652344,2.307120345591818,53.29685974121094
2014-11-14 00:00:00+00:00,0.22787952423095703,71.64327239990234,2.155109367845137,70.68372344970703
2014-11-14 06:00:00+00:00,0.17757141590118408,56.815181732177734,2.462304112101787,56.241416931152344
2014-11-14 12:00:00+00:00,0.10692346096038818,70.56373596191406,1.4702736538264822,70.37837982177734
2014-11-14 18:00:00+00:00,0.2287083864212036,58.40730667114258,2.5109134624429186,57.43840789794922
2014-11-15 00:00:00+00:00,0.18981218338012695,91.83617401123047,1.4771872491494829,91.13191223144531
2014-11-15 06:00:00+00:00,0.20386779308319092,84.23413848876953,1.5542383257187675,83.46239471435547
2014-11-15 12:00:00+00:00,0.15529084205627441,382.29443359375,1.7657340898934608,381.54364013671875
2014-11-15 18:00:00+00:00,0.3189338445663452,75.05304718017578,2.213707024853028,73.08550262451172
2014-11-16 00:00:00+00:00,0.26725172996520996,49.9974365234375,2.7206317062238887,48.714691162109375
2014-11-16 06:00:00+00:00,0.2167571783065796,47.71895217895508,2.797612370530855,46.87443161010742
2014-11-16 12:00:00+00:00,0.24972426891326904,36.94868850708008,2.9143536455139816,36.05906295776367
2014-11-16 18:00:00+00:00,0.07144021987915039,5.9337544441223145,1.945910149055313,5.912510395050049
2014-11-17 00:00:00+00:00,0.3167921304702759,47.278465270996094,3.0774140798958105,45.71142578125
2014-11-17 06:00:00+00:00,0.3612234592437744,63.3385124206543,3.160415121495461,60.740623474121094
2014-11-17 12:00:00+00:00,0.34456002712249756,93.81784057617188,2.46523487222914,91.50416564941406
2014-11-17 18:00:00+00:00,0.30435919761657715,49.70766067504883,3.2580048228700056,47.966835021972656
2014-11-18 00:00:00+00:00,0.05337190628051758,15.924962997436523,3.942736272994262,15.897479057312012
2014-11-18 06:00:00+00:00,0.01742953062057495,22.02301597595215,4.113525668090017,22.018592834472656
2014-11-18 12:00:00+00:00,0.2101426124572754,25.2081298828125,3.900933008068162,24.51723861694336
2014-11-18 18:00:00+00:00,0.6045058965682983,24.281219482421875,3.861779891786907,18.794597625732422
2014-11-19 00:00:00+00:00,0.8202820122241974,3.9516398906707764,1.3862943611198906,2.4426708221435547
2014-11-19 06:00:00+00:00,0.21394109725952148,26.033905029296875,2.5933727954454655,25.464876174926758
2014-11-19 12:00:00+00:00,0.26995205879211426,14.179947853088379,3.5128951264193273,13.68564510345459
2014-11-19 18:00:00+00:00,0.19994372129440308,24.31659698486328,3.8612243319830855,23.702823638916016
2014-11-20 00:00:00+00:00,0.18122899532318115,16.48128318786621,3.973275143054486,16.152835845947266
2014-11-20 06:00:00+00:00,0.031049907207489014,20.30681610107422,3.9187078461099714,20.29564094543457
2014-11-20 12:00:00+00:00,0.15517902374267578,18.78733253479004,3.915475062437847,18.51657485961914
2014-11-20 18:00:00+00:00,0.19166713953018188,26.962268829345703,3.403861324521803,26.420385360717773
2014-11-21 00:00:00+00:00,0.11458951234817505,35.741756439208984,2.9052061699932823,35.54081344604492
2014-11-21 06:00:00+00:00,0.07873570919036865,25.37248420715332,3.4694299783386993,25.28426742553711
2014-11-21 12:00:00+00:00,0.20023494958877563,27.767362594604492,3.257161499474285,27.189895629882812
2014-11-21 18:00:00+00:00,0.123943030834198,26.066396713256836,3.2052134499091443,25.85635757446289
2014-11-22 00:00:00+00:00,0.17651313543319702,29.250869750976562,3.4656218404549115,28.771717071533203
2014-11-22 06:00:00+00:00,0.11048883199691772,36.17779541015625,2.9452984812626815,35.954532623291016
2014-11-22 12:00:00+00:00,0.09980249404907227,30.68421745300293,3.1254026289203356,30.524080276489258
2014-11-22 18:00:00+00:00,0.09146058559417725,37.6640739440918,2.9273896966066784,37.51771545410156
2014-11-23 00:00:00+00:00,0.06432080268859863,35.796932220458984,2.8697648042951953,35.72453308105469
2014-11-23 06:00:00+00:00,0.07435578107833862,38.54172897338867,2.7240725585017502,38.443485260009766
2014-11-23 12:00:00+00:00,0.06337445974349976,33.6754264831543,2.579572388953757,33.61375427246094
2014-11-23 18:00:00+00:00,0.04487264156341553,33.66775894165039,2.869846019357642,33.63471984863281
2014-11-24 00:00:00+00:00,0.07648450136184692,35.48651123046875,2.526907576705312,35.39037322998047
2014-11-24 06:00:00+00:00,0.027851343154907227,126.17652130126953,1.299114053789424,126.16177368164062
2014-11-24 12:00:00+00:00,0.02206188440322876,35.96785354614258,2.3837626122831006,35.96009063720703
2014-11-24 18:00:00+00:00,0.04858666658401489,37.80625534057617,2.2695976713277246,37.769073486328125
2014-11-25 00:00:00+00:00,0.10616183280944824,36.34588623046875,2.4877155219552223,36.16209411621094
2014-11-25 06:00:00+00:00,0.009174704551696777,46.11841583251953,2.231742294256827,46.11693572998047
2014-11-25 12:00:00+00:00,0.058989763259887695,36.32789611816406,2.1474615603388,36.27384567260742
2014-11-26 00:00:00+00:00,0.045549750328063965,36.558448791503906,2.3955859505265167,36.524681091308594
2014-11-26 06:00:00+00:00,0.021472811698913574,51.305110931396484,1.9410692998787007,51.29707336425781
2014-11-26 12:00:00+00:00,0.029087305068969727,40.81283187866211,2.134936826960097,40.799652099609375
2014-11-26 18:00:00+00:00,0.0776214599609375,39.165985107421875,2.6192810392197927,39.06437683105469
2014-11-27 00:00:00+00:00,0.07397329807281494,34.110694885253906,2.4886115121542787,34.02600860595703
2014-11-27 06:00:00+00:00,0.09840446710586548,54.18004608154297,2.0442296989891893,54.005897521972656
2014-11-27 12:00:00+00:00,0.06528580188751221,38.76769256591797,2.382658448269448,38.699092864990234
2014-11-27 18:00:00+00:00,0.055410146713256836,65.34916687011719,1.8896455511158174,65.29034423828125
2014-11-28 00:00:00+00:00,0.11196619272232056,43.021366119384766,2.606643407754915,42.782955169677734
2014-11-28 06:00:00+00:00,0.08040982484817505,39.57472229003906,2.4826286845001353,39.461151123046875
2014-11-28 12:00:00+00:00,0.1639084815979004,40.315799713134766,2.8335249996235565,39.850093841552734
2014-11-28 18:00:00+00:00,0.13816922903060913,50.45254135131836,2.630446750185288,50.081993103027344
2014-11-29 00:00:00+00:00,0.013355076313018799,56.97663497924805,2.4654710735284855,56.97311782836914
2014-11-29 06:00:00+00:00,0.022890329360961914,100.83845520019531,1.5562448143851078,100.82806396484375
2014-11-29 12:00:00+00:00,0.12488418817520142,52.530818939208984,2.747649081295557,52.22163009643555
2014-11-29 18:00:00+00:00,0.02310621738433838,37.177825927734375,2.506164532848057,37.1685791015625
2014-11-30 00:00:00+00:00,0.1720772385597229,52.37419891357422,2.508439057389517,51.78451919555664
2014-11-30 06:00:00+00:00,0.2295471429824829,95.07334899902344,2.0643222674469293,94.0613784790039
2014-11-30 12:00:00+00:00,0.1868821382522583,42.32260513305664,2.73231433730198,41.73591613769531
2014-11-30 18:00:00+00:00,0.26957136392593384,51.638946533203125,2.8516117002949906,50.23979949951172
2014-12-01 00:00:00+00:00,0.30230575799942017,42.34273147583008,2.844798018386056,40.67362976074219
2014-12-01 06:00:00+00:00,0.19434905052185059,37.280487060546875,2.842210653284156,36.63203430175781
2014-12-01 12:00:00+00:00,0.253833532333374,33.783714294433594,2.6680730576458878,32.830257415771484
2014-12-01 18:00:00+00:00,0.3202195167541504,61.05205154418945,2.815724277273482,58.86754608154297
2014-12-02 00:00:00+00:00,0.37059885263442993,79.87390899658203,2.4031463435253015,76.89373779296875
2014-12-02 06:00:00+00:00,0.3301044702529907,188.78370666503906,0.9429938919392499,186.33351135253906
2014-12-02 12:00:00+00:00,0.317776620388031,146.20689392089844,1.0335170458074598,143.99949645996094
2014-12-02 18:00:00+00:00,0.3469923734664917,71.47095489501953,2.5775674495211085,68.67314147949219
2014-12-03 00:00:00+00:00,0.38872313499450684,96.55982208251953,2.4399783490129034,92.673828125
2014-12-03 06:00:00+00:00,0.38884788751602173,105.02667236328125,1.767344315807593,101.28517150878906
2014-12-03 12:00:00+00:00,0.38967275619506836,92.6990966796875,2.014859804412314,89.10294342041016
2014-12-03 18:00:00+00:00,0.40663427114486694,127.18695831298828,2.2403907388245274,122.407470703125
2014-12-04 00:00:00+00:00,0.3950251340866089,142.35731506347656,2.0558421737043813,137.5235137939453
2014-12-04 06:00:00+00:00,0.41429466009140015,125.60244750976562,1.8409343345113829,120.90638732910156
2014-12-04 12:00:00+00:00,0.3926470875740051,124.98880004882812,1.9400729522289428,120.92233276367188
2014-12-04 18:00:00+00:00,0.39537686109542847,157.55624389648438,1.927849173649706,152.5663299560547
2014-12-05 00:00:00+00:00,0.4050893187522888,170.80734252929688,1.7658255109280754,165.7227325439453
2014-12-05 06:00:00+00:00,0.3936569094657898,124.8946762084961,1.8252395786216105,120.56209564208984
2014-12-05 12:00:00+00:00,0.38645702600479126,126.91558074951172,1.8273506241037953,122.80384063720703
2014-12-05 18:00:00+00:00,0.3651716709136963,113.35446166992188,2.1641851288093568,109.4797134399414
2014-12-06 00:00:00+00:00,0.3938124179840088,134.0631866455078,2.068770646964689,129.4522705078125
2014-12-06 06:00:00+00:00,0.3640066385269165,195.45956420898438,1.040513792274821,191.4126434326172
2014-12-06 12:00:00+00:00,0.3706871271133423,181.41586303710938,1.052207779492566,177.4847869873047
2014-12-06 18:00:00+00:00,0.35524338483810425,130.28196716308594,2.2161937716636033,126.44668579101562
2014-12-07 00:00:00+00:00,0.35915809869766235,154.13272094726562,1.2270925728284028,150.39727783203125
2014-12-07 06:00:00+00:00,0.346716046333313,98.5224380493164,2.104410045712895,95.31576538085938
2014-12-07 12:00:00+00:00,0.3849838972091675,92.51288604736328,2.3512422324681874,88.47955322265625
2014-12-07 18:00:00+00:00,0.3216167092323303,113.97169494628906,1.8595938983177474,110.987548828125
2014-12-08 00:00:00+00:00,0.2783021926879883,71.94917297363281,2.596574632017114,70.02931213378906
2014-12-08 06:00:00+00:00,0.23558008670806885,86.29266357421875,2.270733196396142,84.82837677001953
2014-12-08 12:00:00+00:00,0.20561367273330688,81.70104217529297,2.1396153521246144,80.65572357177734
2014-12-08 18:00:00+00:00,0.14993667602539062,107.79557800292969,1.8293719891283142,107.15558624267578
2014-12-09 00:00:00+00:00,0.08770120143890381,73.62394714355469,2.2278735077512075,73.44061279296875
2014-12-09 06:00:00+00:00,0.005956768989562988,97.1913070678711,1.940964790082354,97.19041442871094
2014-12-09 12:00:00+00:00,0.08709073066711426,93.15361022949219,1.7611491307550782,92.98735809326172
2014-12-09 18:00:00+00:00,0.1272517442703247,171.9605255126953,1.1585443544042575,171.52642822265625
2014-12-10 00:00:00+00:00,0.15330612659454346,76.28343963623047,2.172961271993349,75.72705841064453
2014-12-10 06:00:00+00:00,0.09504938125610352,72.15267944335938,2.241756308648884,71.96092224121094
2014-12-10 12:00:00+00:00,0.11250960826873779,61.552974700927734,2.482869267449157,61.29775619506836
2014-12-10 18:00:00+00:00,0.10813355445861816,165.66893005371094,1.2854394531920732,165.35740661621094
2014-12-11 00:00:00+00:00,0.22841691970825195,209.7737579345703,1.1340622791852417,208.3083953857422
2014-12-11 06:00:00+00:00,0.3756154775619507,188.0035400390625,2.024931671470476,183.81594848632812
2014-12-11 12:00:00+00:00,0.4291253089904785,193.59861755371094,2.0538915510158358,188.24803161621094
2014-12-11 18:00:00+00:00,0.40436995029449463,219.51869201660156,1.8432274685367305,214.3027801513672
2014-12-12 00:00:00+00:00,0.4426382780075073,188.36402893066406,2.390469473566888,181.43069458007812
2014-12-12 06:00:00+00:00,0.5133607387542725,167.68675231933594,2.3592105614165155,158.82147216796875
2014-12-12 12:00:00+00:00,0.4735962152481079,150.61827087402344,2.363805647984818,143.8418426513672
2014-12-12 18:00:00+00:00,0.4716224670410156,173.67506408691406,2.429049572808055,166.18699645996094
2014-12-13 00:00:00+00:00,0.4854031801223755,287.7219543457031,1.9842446965341742,278.6960754394531
2014-12-13 06:00:00+00:00,0.3662445545196533,86.76156616210938,2.841804895339259,83.02032470703125
2014-12-13 12:00:00+00:00,0.35084712505340576,166.04844665527344,2.119475649148253,162.53636169433594
2014-12-13 18:00:00+00:00,0.3539729118347168,202.70326232910156,2.369323135045763,198.23915100097656
2014-12-14 00:00:00+00:00,0.40463268756866455,169.38172912597656,2.476248815602357,163.87594604492188
2014-12-14 06:00:00+00:00,0.34973251819610596,69.21701049804688,3.0716499978795984,65.96765899658203
2014-12-14 12:00:00+00:00,0.4020427465438843,171.11947631835938,2.7242921443851196,165.20863342285156
2014-12-14 18:00:00+00:00,0.40667665004730225,68.24453735351562,3.4461392211175337,62.996028900146484
2014-12-15 00:00:00+00:00,0.5275444984436035,63.11800003051758,3.5828994663560025,55.12240982055664
2014-12-15 06:00:00+00:00,0.5013388395309448,77.26942443847656,3.471531054477211,68.49286651611328
2014-12-15 12:00:00+00:00,0.42232203483581543,223.25552368164062,2.974080052319654,213.6313934326172
2014-12-15 18:00:00+00:00,1.0,3889.4677734375,0.5109021951636128,3888.553955078125
2014-12-16 00:00:00+00:00,1.0,4255.49267578125,0.5854121271072512,4255.12255859375
2014-12-16 06:00:00+00:00,1.0,4459.71435546875,0.5862844881947558,4459.4482421875
2014-12-16 12:00:00+00:00,1.0,4453.369140625,0.48847575678422156,4453.20458984375
2014-12-16 18:00:00+00:00,1.0,4967.54296875,0.5055019975865238,4967.5224609375
2014-12-17 00:00:00+00:00,1.0,5293.404296875,0.5454867480481145,5293.39697265625
2014-12-17 06:00:00+00:00,1.0,5764.00390625,0.4996516760153947,5763.99365234375
2014-12-17 12:00:00+00:00,0.2365638017654419,31.226207733154297,4.008479754069215,30.182252883911133
2014-12-17 18:00:00+00:00,0.11513549089431763,68.92660522460938,3.541589104070214,68.47696685791016
2014-12-18 00:00:00+00:00,0.26928651332855225,46.315269470214844,3.7807363101540945,44.38069534301758
2014-12-18 06:00:00+00:00,0.04065239429473877,44.16310501098633,3.5109129213886723,44.12583923339844
2014-12-18 12:00:00+00:00,0.11559098958969116,40.34956359863281,3.5767851913354756,40.064979553222656
2014-12-18 18:00:00+00:00,0.14964473247528076,73.90116119384766,2.5784893937793574,73.22752380371094
2014-12-19 00:00:00+00:00,0.1742037534713745,59.2798957824707,3.31099221750501,58.432769775390625
2014-12-19 06:00:00+00:00,0.07765799760818481,46.5063362121582,3.628618710350312,46.35877990722656
2014-12-19 12:00:00+00:00,0.17160624265670776,54.68537521362305,2.977983600964811,53.933876037597656
2014-12-19 18:00:00+00:00,0.11396908760070801,87.26032257080078,2.302084437237849,86.86321258544922
2014-12-20 00:00:00+00:00,0.13915270566940308,111.8844223022461,2.607293325872172,111.23210906982422
2014-12-20 06:00:00+00:00,0.13502144813537598,83.3865737915039,2.571151550960308,82.86717987060547
2014-12-20 12:00:00+00:00,0.14862775802612305,66.42847442626953,3.1431137402365406,65.80856323242188
2014-12-20 18:00:00+00:00,0.06639999151229858,78.17424774169922,2.475141755786071,78.02941131591797
2014-12-21 00:00:00+00:00,0.014379322528839111,62.981719970703125,2.745724645806756,62.975589752197266
2014-12-21 06:00:00+00:00,0.046045124530792236,70.82569885253906,2.1726017020198047,70.76742553710938
2014-12-21 12:00:00+00:00,0.06148207187652588,45.65650939941406,3.4346106270251004,45.56379699707031
2014-12-21 18:00:00+00:00,0.0136948823928833,69.50320434570312,2.391386402907495,69.49746704101562
2014-12-22 00:00:00+00:00,0.014622330665588379,73.49959564208984,2.114501308299025,73.49291229248047
2014-12-22 06:00:00+00:00,0.0653039813041687,71.93512725830078,2.008832558054646,71.82093811035156
2014-12-22 12:00:00+00:00,0.07734322547912598,82.92652893066406,1.872149263352959,82.75684356689453
2014-12-22 18:00:00+00:00,0.0385894775390625,70.16948699951172,2.399424325282281,70.12382507324219
2014-12-23 00:00:00+00:00,0.014787673950195312,78.27461242675781,2.2372773657259857,78.26774597167969
2014-12-23 06:00:00+00:00,0.05759739875793457,67.75399017333984,2.2157318520963267,67.66223907470703
2014-12-23 12:00:00+00:00,0.09522682428359985,63.59419631958008,2.3321917657547595,63.344581604003906
2014-12-23 18:00:00+00:00,0.0818777084350586,58.727813720703125,2.8123891323508783,58.53007888793945
2014-12-24 00:00:00+00:00,0.08297830820083618,75.1185073852539,2.051725442786613,74.89405059814453
2014-12-24 06:00:00+00:00,0.07847839593887329,60.0539436340332,2.5087607140935493,59.88145446777344
2014-12-24 12:00:00+00:00,0.07080763578414917,58.734130859375,2.642718252544004,58.59532165527344
2014-12-24 18:00:00+00:00,0.14466840028762817,563.4755249023438,0.7238416147570677,562.7002563476562
2014-12-25 00:00:00+00:00,0.07459819316864014,68.51139068603516,2.850402887611259,68.3287353515625
2014-12-25 06:00:00+00:00,0.11348176002502441,78.1460189819336,2.3617577208449116,77.73606872558594
2014-12-25 12:00:00+00:00,0.10817325115203857,66.50336456298828,2.3342325926298106,66.15213775634766
2014-12-25 18:00:00+00:00,0.13176220655441284,99.02193450927734,2.2297774807088486,98.37930297851562
2014-12-26 00:00:00+00:00,0.15493333339691162,724.7151489257812,0.8110757908236694,723.7736206054688
2014-12-26 06:00:00+00:00,0.13233637809753418,75.76261138916016,2.5595467249094908,75.19015502929688
2014-12-26 18:00:00+00:00,0.1505141258239746,104.35709381103516,2.196276603718382,103.47714233398438
2014-12-27 00:00:00+00:00,0.18134230375289917,94.63359069824219,2.5150398822070166,93.39391326904297
2014-12-27 06:00:00+00:00,0.17134445905685425,104.56778717041016,2.191496289899923,103.5433578491211
2014-12-27 12:00:00+00:00,0.11728847026824951,74.68187713623047,2.4510551843377604,74.24222564697266
2014-12-27 18:00:00+00:00,0.14765822887420654,111.51670837402344,2.4537671386008983,110.63121795654297
2014-12-28 00:00:00+00:00,0.1282048225402832,93.03730773925781,2.518187969467612,92.3972396850586
2014-12-28 06:00:00+00:00,0.17720109224319458,95.62214660644531,2.3443989502333915,94.55052947998047
2014-12-28 12:00:00+00:00,0.1199689507484436,81.2598876953125,2.7098176584764864,80.764892578125
2014-12-28 18:00:00+00:00,0.1676226258277893,497.0343017578125,0.7871365013173752,495.85321044921875
2014-12-29 00:00:00+00:00,0.1673395037651062,456.272705078125,0.9019598171015216,455.044189453125
2014-12-29 06:00:00+00:00,0.1602853536605835,97.17890167236328,2.4716965858968165,96.26748657226562
2014-12-29 12:00:00+00:00,0.12448960542678833,78.97498321533203,2.578283174646465,78.43990325927734
2014-12-29 18:00:00+00:00,0.17454200983047485,114.55635833740234,2.306050571136819,113.32857513427734
2014-12-30 00:00:00+00:00,0.17011809349060059,147.57960510253906,1.822252972607199,146.3685302734375
2014-12-30 06:00:00+00:00,0.24160367250442505,154.74838256835938,1.9731421625995982,152.42347717285156
2014-12-30 12:00:00+00:00,0.21762049198150635,140.9223175048828,2.1064121655422925,139.04653930664062
2014-12-30 18:00:00+00:00,0.21040260791778564,146.167236328125,2.166593624103025,144.22698974609375
2014-12-31 00:00:00+00:00,0.212671160697937,186.34385681152344,1.7192892203515222,184.20957946777344
2014-12-31 06:00:00+00:00,0.2216813564300537,138.1147003173828,2.233872480716884,136.11756896972656
2014-12-31 12:00:00+00:00,0.23138898611068726,119.4183349609375,2.233976870344292,117.3097915649414
2014-12-31 18:00:00+00:00,0.22393769025802612,138.50753784179688,1.9976839518329046,136.4136505126953
