timestamp,R2_1_1,skew_1_1,R2_1_2,skew_1_2,R2_1_3,skew_1_3,R2_2_1,skew_2_1,R2_2_2,skew_2_2,R2_2_3,skew_2_3,R2_3_1,skew_3_1,R2_3_2,skew_3_2,R2_3_3,skew_3_3,R2_4_1,skew_4_1,R2_4_2,skew_4_2,R2_4_3,skew_4_3,n_ch_total,n_ch_kept
2012-01-01 00:00:00+00:00,,,0.07634711265563965,1.431869451929283,,,,,,,0.1329507827758789,5.136671017480442,,,,,,,,,,,,,2,2
2012-01-01 06:00:00+00:00,,,,,0.09281349182128906,-25.029891369604414,,,,,0.22058916091918945,1.7095384297301253,,,,,,,,,,,,,2,2
2012-01-01 12:00:00+00:00,,,,,0.295721173286438,42.923237566307236,,,,,0.2338467836380005,0.7929322550621083,,,,,,,,,,,,,3,3
2012-01-01 18:00:00+00:00,,,,,0.18838918209075928,2.229098087894809,,,,,0.21814501285552979,4.856664500003968,,,,,,,,,,,,,2,2
2012-01-02 00:00:00+00:00,,,,,0.10150456428527832,0.3682044191306582,,,,,,,,,,,,,,,,,,,1,1
2012-01-02 06:00:00+00:00,,,,,0.015473663806915283,-20.786435997185166,,,,,,,,,,,,,,,,,,,2,2
2012-01-02 12:00:00+00:00,,,,,0.16987967491149902,1.951114943851678,,,,,,,,,,,,,,,,,,,2,2
2012-01-02 18:00:00+00:00,,,,,0.1346755027770996,2.9904954598608287,,,,,,,,,,,,,,,,,,,2,2
2012-01-03 00:00:00+00:00,,,,,0.22235405445098877,7.52338793158918,,,,,,,,,,,,,,,,,,,2,2
2012-01-03 06:00:00+00:00,,,,,0.13155245780944824,0.1238156365641383,,,,,,,,,,,,,,,,,,,2,2
2012-01-03 12:00:00+00:00,,,,,0.11503732204437256,0.8569679452736028,,,,,,,,,,,,,,,,,,,2,2
2012-01-03 18:00:00+00:00,,,,,0.04563188552856445,-0.15131393523498582,,,,,,,,,,,,,,,,,,,2,2
2012-01-04 00:00:00+00:00,,,,,0.10843431949615479,0.2923964999137309,,,,,,,,,,,,,,,,,,,2,2
2012-01-04 06:00:00+00:00,,,,,0.05226624011993408,-0.12000338521495524,,,,,,,,,,,,,,,,,,,2,2
2012-01-04 12:00:00+00:00,,,,,0.15923666954040527,-0.05503631768008587,,,,,,,,,,,,,,,,,,,2,1
2012-01-04 18:00:00+00:00,,,,,0.1407456398010254,-0.2173615834850133,,,,,,,,,,,,,,,,,,,1,1
2012-01-05 00:00:00+00:00,,,,,0.11540448665618896,0.2160113483410241,0.4664958715438843,1.0171032919354184,,,,,,,,,,,,,,,,,2,2
2012-01-05 06:00:00+00:00,,,,,0.04988718032836914,-0.05301111441601095,0.37086308002471924,3.1666588348892173,,,,,,,,,,,,,,,,,2,2
2012-01-05 12:00:00+00:00,,,,,0.439054012298584,24.01751739368958,0.4226036071777344,7.248362049708416,,,,,,,,,,,,,,,,,2,2
2012-01-05 18:00:00+00:00,,,0.02127695083618164,-0.30434552203795534,,,0.1665738821029663,1.7923406283943468,,,,,,,0.011704444885253906,0.3090744151517967,,,,,,,,,3,3
2012-01-06 00:00:00+00:00,,,0.016346454620361328,-1.875682992507545,0.6311991810798645,-0.9092944921864454,0.04138600826263428,0.6675309213768184,0.3800976872444153,-0.7891702222387106,,,,,,,,,,,,,,,4,4
2012-01-06 06:00:00+00:00,,,0.0888979434967041,-18.083205854092046,,,0.3453611135482788,9.242365012128891,0.43985503911972046,-0.6699174517431783,,,,,,,,,,,,,,,4,3
2012-01-06 12:00:00+00:00,,,0.11306309700012207,0.2001188955010744,,,0.17934894561767578,2.0513384084072332,0.18395578861236572,-0.053765466007106105,,,,,,,,,,,,,,,3,3
2012-01-06 18:00:00+00:00,,,0.052410006523132324,-0.14446395689804076,,,0.2614201307296753,2.3540133121250597,0.5038872361183167,-6.041986915076937,,,,,,,,,0.03246474266052246,0.3070695483222229,,,,,4,4
2012-01-07 00:00:00+00:00,0.6577469110488892,0.5877851890189467,0.0009090304374694824,0.19831167807655467,,,0.26137757301330566,1.4093485921147915,0.47007453441619873,-9.110309374464586,,,,,,,,,0.0450739860534668,-0.16268584494906596,,,,,5,5
2012-01-07 06:00:00+00:00,0.11804360151290894,0.12676529103122344,0.19391709566116333,-18.228422779608962,,,0.2810230255126953,5.6653526428924295,0.3078181743621826,-4.025304382345514,,,,,,,,,,,0.21198511123657227,0.13922005533846038,,,5,5
2012-01-07 12:00:00+00:00,0.0038270950317382812,-0.1506741174017725,0.12326180934906006,0.13318650960815615,,,,,0.4302631616592407,6.341251998852401,0.48499494791030884,-8.156244469786825,,,,,,,,,0.06709742546081543,0.057239732720686984,,,5,5
2012-01-07 18:00:00+00:00,0.19407612085342407,-0.6030139221096671,0.031181812286376953,0.2667158274694102,,,,,0.5436919927597046,10.027381935111059,0.4968522787094116,-8.519008879600939,,,,,,,,,0.05163431167602539,-0.25710860309481265,,,5,5
2012-01-08 00:00:00+00:00,0.12706983089447021,0.7010218973878253,0.11127781867980957,0.07496643334137883,,,,,0.426855206489563,8.251557187653054,0.23534929752349854,-2.7567630843564137,,,,,,,,,0.08458095788955688,-0.05645906617593377,,,5,5
2012-01-08 06:00:00+00:00,0.012823343276977539,1.277895688420623,0.009758949279785156,0.0037266387001051904,,,,,0.41923844814300537,8.188625574876731,0.427661657333374,-5.707070088355021,,,,,,,,,0.15877759456634521,-0.4013047839378109,,,5,5
2012-01-08 12:00:00+00:00,0.25793522596359253,-0.44644073274858326,0.014869451522827148,0.44389383791725423,0.14414674043655396,-0.13889329674562484,,,0.42320775985717773,14.786156392212657,0.231578528881073,-2.2488074518032177,,,,,,,,,0.08477497100830078,-0.4941591304293954,,,6,6
2012-01-08 18:00:00+00:00,0.1029708981513977,0.2979521218552663,0.04317665100097656,-0.596894537372078,0.24152207374572754,0.3749204908293453,,,0.4489704370498657,15.076136650625605,0.14241063594818115,-1.669213179186327,,,,,,,,,0.0918266773223877,-0.14644955930742296,,,6,6
2012-01-09 00:00:00+00:00,0.10115212202072144,0.16287300963056014,0.1326274871826172,0.3705395560458409,0.5288832187652588,-0.3039280376102249,,,0.459827184677124,8.676847105140471,0.17361223697662354,-0.42953836029197695,,,,,,,,,0.2209344506263733,0.29515342198320055,,,6,6
2012-01-09 06:00:00+00:00,0.012319087982177734,-0.3036323136640173,0.03545022010803223,0.7538891261324794,,,,,0.5263354778289795,5.590823650227337,0.031537652015686035,0.2236672554217541,,,,,,,,,0.2608773112297058,0.009066504522493935,,,6,5
2012-01-09 12:00:00+00:00,0.043278276920318604,-0.17345826690473753,0.016918540000915527,1.2240866459173259,,,,,0.5571029186248779,7.600170571491057,,,,,,,,,,,0.07956361770629883,0.28793101664418574,,,4,4
2012-01-09 18:00:00+00:00,0.02459406852722168,-0.1727167595366209,0.11653900146484375,0.150937976773482,,,,,0.5280463695526123,10.207641460146043,0.040791451930999756,-4.974970376190159,0.8625718057155609,-5.814434207020099,,,,,,,0.22178280353546143,-0.7492553288168077,,,6,6
2012-01-10 00:00:00+00:00,0.14185398817062378,-0.0391642132727408,0.13617300987243652,0.29381786188983333,,,,,0.56858229637146,10.859944819745731,0.31583458185195923,-5.504851807149349,0.6754710674285889,-7.225484210101037,,,,,,,0.03256046772003174,-0.12885177640246037,,,6,6
2012-01-10 06:00:00+00:00,0.028302550315856934,-0.08895613771105443,0.023245692253112793,0.03934055132972666,,,,,0.49042749404907227,5.533884555126587,,,0.47319579124450684,-8.21421363829239,,,,,,,0.2001802921295166,-0.1150090401281042,,,5,5
2012-01-10 12:00:00+00:00,0.2386540174484253,0.9756070999995178,0.11280941963195801,0.02330144442865787,,,,,0.5509828329086304,6.977354290674677,,,,,0.42265456914901733,-2.203634609495709,,,,,0.1432245969772339,-0.43615797875958257,,,6,5
2012-01-10 18:00:00+00:00,0.12240409851074219,0.4405209197115288,0.17018401622772217,-0.06506506924575009,,,,,0.5479990243911743,6.8176924768128355,,,,,0.46264100074768066,-7.103918398225964,,,,,0.09482908248901367,0.5768105401921046,,,6,5
2012-01-11 00:00:00+00:00,0.051133155822753906,0.014533973154578574,0.11988294124603271,0.3941785330569733,,,,,0.5365486145019531,5.628350359086039,,,,,0.6393617689609528,-9.166473026985198,,,,,0.06655120849609375,-0.055404000284528035,,,5,5
2012-01-11 06:00:00+00:00,0.41373002529144287,-0.3029113108911412,0.1573500633239746,1.3295870293048828,,,,,0.5320634841918945,2.5644415118662645,,,,,0.5502992272377014,-6.686689782987636,,,,,0.2650076150894165,0.09589581207273863,,,5,5
2012-01-11 12:00:00+00:00,,,0.09675586223602295,-0.08739981037046705,,,,,,,0.37557780742645264,7.480937152565403,,,0.4354470372200012,-7.02296884975331,,,,,0.14521348476409912,-0.39618061356364,,,4,4
2012-01-12 00:00:00+00:00,,,0.09492003917694092,-0.43743318759571687,,,,,0.5930392146110535,-4.55422295344976,,,,,0.4945685863494873,-8.364588529267277,,,,,0.09875613451004028,0.08979235099977015,,,4,4
2012-01-12 06:00:00+00:00,,,0.046077728271484375,-0.23427647855792602,,,,,0.5529982149600983,-3.440585830511515,,,,,0.5640787184238434,-7.336618361394252,,,,,0.17904484272003174,-0.3540110511516752,,,4,4
2012-01-12 12:00:00+00:00,,,,,0.11695563793182373,0.042975344184817625,,,0.10995233058929443,0.016909014145645867,,,,,0.6019222736358643,-10.204946637614713,,,,,,,,,4,3
2012-01-12 18:00:00+00:00,,,,,0.13707995414733887,-0.5359773837537082,,,0.37066590785980225,-6.139002010972309,,,,,0.6005037724971771,-5.286880696945001,,,,,,,,,3,3
2012-01-13 00:00:00+00:00,,,,,0.1508944034576416,-0.042924761188724736,,,0.4648825526237488,-2.7984709569437287,,,,,0.5831294357776642,-8.997059643198762,,,,,,,,,3,3
2012-01-13 06:00:00+00:00,0.2373235821723938,-0.1846301781037488,,,0.04239541292190552,0.13711754636933066,,,0.3830054998397827,-1.8701302072691663,,,,,0.6824674010276794,-8.776844793256576,,,,,,,,,4,4
2012-01-13 12:00:00+00:00,0.5262742936611176,-5.939478279747571,,,0.03961312770843506,-0.4497713497751104,,,,,,,,,0.6599761843681335,-9.192474371453395,,,,,,,,,3,3
2012-01-13 18:00:00+00:00,0.0067397356033325195,1.131867580659132,,,0.2475360631942749,2.089944695998009,,,,,,,,,0.6206060349941254,-6.209952094639272,,,,,,,,,3,3
2012-01-14 00:00:00+00:00,0.4310731887817383,-0.2667360940133841,0.041972458362579346,-0.03361324630418898,0.004691123962402344,-0.014788162205500058,,,0.5145557224750519,-5.917702990034677,,,,,0.6144182980060577,-8.767459942777707,,,,,,,,,5,5
2012-01-14 06:00:00+00:00,,,,,0.26889151334762573,0.8598760367565501,,,,,,,,,0.741113007068634,-10.335802863797612,,,,,,,,,3,3
2012-01-14 12:00:00+00:00,,,,,0.06963908672332764,-0.281935975839348,,,,,,,,,,,,,,,,,,,2,2
2012-01-14 18:00:00+00:00,,,,,0.5046699047088623,0.48832133409085104,,,0.4834200143814087,-1.914089233453275,,,,,,,,,,,,,,,3,3
2012-01-15 00:00:00+00:00,,,0.441440224647522,-2.8590394800659427,0.0036901235580444336,0.4879330145830753,,,0.22194844484329224,0.5663045518468951,,,,,,,,,,,,,,,3,3
2012-01-15 06:00:00+00:00,,,0.2123238444328308,-2.21442237625205,0.27919167280197144,-1.6160121276314958,,,,,,,,,,,,,,,,,,,2,2
2012-01-15 12:00:00+00:00,,,0.30683010816574097,-0.7782473535674035,,,,,,,,,,,,,,,,,,,,,2,1
2012-01-15 18:00:00+00:00,,,0.07244247198104858,-5.718408908526682,,,,,,,,,,,,,,,,,,,,,1,1
2012-01-16 00:00:00+00:00,,,0.5443268120288849,-3.947009521247614,,,,,,,,,,,,,,,,,,,,,1,1
2012-01-16 06:00:00+00:00,,,0.3168836236000061,-5.256377169389061,,,,,,,,,,,,,,,,,,,,,1,1
2012-01-16 12:00:00+00:00,,,,,,,,,,,,,,,,,,,,,,,,,0,0
2012-01-16 18:00:00+00:00,,,,,,,,,,,,,,,,,,,,,,,,,0,0
2012-01-17 00:00:00+00:00,,,,,,,,,,,,,,,,,,,,,,,,,0,0
2012-01-17 06:00:00+00:00,,,0.07545661926269531,1.6975770139796755,,,,,,,,,,,,,,,,,,,,,1,1
2012-01-17 12:00:00+00:00,,,0.1352381706237793,0.4690678412832165,,,,,,,,,,,,,,,,,,,,,1,1
2012-01-17 18:00:00+00:00,,,0.0473785400390625,0.9799261991675108,,,,,,,,,,,,,,,,,,,,,1,1
2012-01-18 00:00:00+00:00,,,,,,,,,,,,,,,,,,,,,,,,,0,0
2012-01-18 06:00:00+00:00,,,0.2597230076789856,-0.7327109875058678,,,,,,,,,,,,,,,,,,,,,1,1
2012-01-18 12:00:00+00:00,,,0.5694581866264343,-4.332684998885908,,,,,,,,,,,,,,,,,,,,,1,1
2012-01-19 00:00:00+00:00,,,,,,,,,,,,,,,,,,,,,,,,,0,0
2012-01-19 06:00:00+00:00,,,,,,,,,,,,,,,,,,,,,,,,,1,0
2012-01-19 12:00:00+00:00,,,,,,,0.026679813861846924,-0.33827519909534814,,,,,,,,,,,,,,,,,1,1
2012-01-19 18:00:00+00:00,,,,,,,0.33594632148742676,8.616256686924922,,,,,,,,,,,,,,,,,1,1
2012-01-20 00:00:00+00:00,,,,,,,0.19609594345092773,1.2212287617317492,,,,,,,,,,,,,,,,,1,1
2012-01-20 06:00:00+00:00,,,,,,,0.19131004810333252,1.8958689373254887,,,,,,,,,,,,,,,,,1,1
2012-01-20 12:00:00+00:00,,,,,,,0.14552271366119385,5.047030824867765,,,,,0.06954890489578247,0.9079637030347749,,,,,,,,,,,2,2
2012-01-20 18:00:00+00:00,,,,,,,0.20949769020080566,3.991819163837534,,,,,0.03457140922546387,0.06266204685339748,,,,,,,,,,,2,2
2012-01-21 00:00:00+00:00,,,,,,,0.12202203273773193,2.9478954773876698,,,,,0.20640242099761963,-0.6155135862787735,,,,,,,,,,,2,2
2012-01-21 06:00:00+00:00,,,,,,,0.14256489276885986,2.8254282816439478,,,,,0.014092803001403809,0.6192634204584208,,,,,,,,,,,2,2
2012-01-21 12:00:00+00:00,0.13355684280395508,1.9944216178189165,,,,,,,,,,,0.318606972694397,1.0126594483694227,,,,,,,,,,,2,2
2012-01-21 18:00:00+00:00,,,,,,,0.18997597694396973,10.588304265330258,,,,,0.20306313037872314,0.9194241593625625,,,,,,,,,,,2,2
2012-01-22 00:00:00+00:00,,,,,,,0.24376463890075684,3.8302400372152174,,,,,0.08534204959869385,0.22903635179835455,,,,,,,,,,,2,2
2012-01-22 06:00:00+00:00,0.125740647315979,-2.0128819598164376,,,,,,,,,,,0.1833420991897583,0.46019649104425747,,,,,,,,,,,2,2
2012-01-22 12:00:00+00:00,0.19234585762023926,7.727028492223125,,,,,,,,,,,0.22899293899536133,0.499839787310154,,,,,,,,,,,2,2
2012-01-22 18:00:00+00:00,0.16098713874816895,8.900911830956593,,,,,,,,,,,0.20228755474090576,5.8087241238522624,,,,,,,,,,,2,2
2012-01-23 00:00:00+00:00,0.17374253273010254,2.27990472821965,,,,,,,,,,,0.25891995429992676,2.5459693110474197,,,,,,,,,,,2,2
2012-01-23 06:00:00+00:00,0.25040555000305176,8.708395051323624,,,,,0.009678483009338379,0.5801476365425892,,,,,,,0.30991601943969727,5.567199228518965,,,,,,,,,3,3
2012-01-23 12:00:00+00:00,0.18307185173034668,6.020172494720963,,,,,,,,,,,,,0.23199856281280518,5.6324228668529495,,,,,,,,,2,2
2012-01-23 18:00:00+00:00,,,0.20925939083099365,7.499516795787564,,,,,,,,,,,0.33356285095214844,8.127020700409057,,,0.3433542251586914,1.1799923168168867,,,,,3,3
2012-01-24 00:00:00+00:00,,,0.20759820938110352,14.845873689119248,,,,,,,,,,,0.24206292629241943,6.93544039881474,,,,,,,,,2,2
2012-01-24 06:00:00+00:00,,,0.24028921127319336,11.278376392552254,,,,,,,,,,,0.225896954536438,8.979040316056505,,,,,,,,,2,2
2012-01-24 12:00:00+00:00,,,0.22510063648223877,13.425145717099591,,,,,,,,,,,0.2511998414993286,3.861884122817345,,,,,,,,,2,2
2012-01-24 18:00:00+00:00,,,0.19280612468719482,9.876623159169107,,,,,,,,,,,0.307722806930542,14.628057683212496,,,0.12409579753875732,0.5597770009269103,,,,,3,3
2012-01-25 00:00:00+00:00,,,0.1941981315612793,11.185273825145678,,,,,,,,,,,0.25014162063598633,7.871471650119577,,,0.2658804655075073,5.34962731845192,,,,,3,3
2012-01-25 06:00:00+00:00,,,0.22497737407684326,7.1761069250344685,,,,,,,,,,,0.3049401044845581,7.902444697541433,,,0.27222776412963867,3.5170956804808933,,,,,3,3
2012-01-25 12:00:00+00:00,,,0.2667328119277954,7.7990331398126616,,,,,0.06180739402770996,-0.35638859410644014,,,,,0.24109923839569092,4.706811524041027,,,0.34855151176452637,3.7362972518827067,0.06804966926574707,1.4572115347256513,,,5,5
2012-01-25 18:00:00+00:00,,,0.16041362285614014,1.631842933844313,,,,,0.26157402992248535,12.130903858723348,,,,,0.2856799364089966,2.2456669479458946,,,0.2534836530685425,2.3895943602263716,,,,,5,5
2012-01-26 00:00:00+00:00,,,0.1426306962966919,0.9775449619077523,,,,,0.2898329496383667,14.602521356349143,,,,,0.2643301486968994,5.4534394967096835,,,,,0.2952193021774292,5.726167210753609,,,6,6
2012-01-26 06:00:00+00:00,,,0.16291046142578125,2.3620805487688146,,,,,0.2731689214706421,9.168523800172714,,,,,0.4200495481491089,3.9051399895847516,,,,,0.3581494092941284,4.335009736849865,,,6,6
2012-01-26 12:00:00+00:00,,,0.16911864280700684,1.8449655110784944,,,,,0.2555246353149414,14.639820820943278,,,,,0.2661241292953491,1.4269669848477,,,,,0.10268634557723999,0.6765000990171895,,,6,6
2012-01-26 18:00:00+00:00,,,0.14999377727508545,0.9496490160528006,,,,,0.19265711307525635,29.436360217235556,,,,,0.3172342777252197,11.662309677326153,,,,,,,,,4,4
2012-01-27 00:00:00+00:00,,,0.1610867977142334,2.730777055262691,,,,,0.1096656322479248,1.821278077706481,0.19028139114379883,7.001337660019894,,,0.2685704231262207,5.652749664799014,,,,,,,,,6,6
2012-01-27 06:00:00+00:00,,,0.20595252513885498,1.481078456033527,,,,,,,0.2947331666946411,6.499747869634796,,,0.2862370014190674,4.66962287448756,0.26816630363464355,0.42573706838643294,,,,,,,5,5
2012-01-27 12:00:00+00:00,,,0.1932908296585083,3.0243200018338623,,,,,0.16185331344604492,1.6894469379830988,0.16532719135284424,2.101467431576285,,,0.302318811416626,5.087737748769695,0.26457035541534424,2.219185539980065,,,,,,,6,6
2012-01-27 18:00:00+00:00,,,0.21539735794067383,2.385090071979236,,,,,0.23473119735717773,0.47490189314515474,0.16920578479766846,0.5462695010214131,,,0.33069586753845215,6.8883543141662225,0.22573363780975342,1.5634548468314655,,,,,,,6,6
2012-01-28 00:00:00+00:00,,,0.24907803535461426,3.1018337299529253,,,,,0.07911765575408936,2.6462795880413696,0.010988593101501465,0.3448816024420588,,,0.3444103002548218,6.957825738148379,0.24783217906951904,7.730549351757171,,,,,,,6,6
2012-01-28 06:00:00+00:00,,,0.21977317333221436,1.1667957194768777,,,,,0.26463866233825684,2.4190572983113383,0.21188175678253174,0.4642907137983977,,,0.30883872509002686,4.547902336525551,0.2075129747390747,3.8361142390779834,,,,,,,7,7
2012-01-28 12:00:00+00:00,,,0.22234463691711426,0.31826375283025593,,,,,,,0.3065211772918701,8.581846953683744,,,0.3395196199417114,7.247403155704808,0.5047540664672852,1.4123624282193636,,,,,,,6,6
2012-01-28 18:00:00+00:00,,,0.1632983684539795,0.8058647837548123,0.3196859359741211,0.9820226470916243,,,,,,,,,0.3194173574447632,6.177725333834729,,,,,,,,,3,3
2012-01-29 00:00:00+00:00,,,0.16062510013580322,0.4436888554024648,0.08962559700012207,-0.0998358775807574,,,,,0.13511478900909424,0.6399118293474241,,,0.371840238571167,14.287827542451431,,,,,,,,,4,4
2012-01-29 06:00:00+00:00,,,0.186365008354187,0.7921820263769085,,,,,,,0.14784950017929077,0.17634320341315002,,,0.3821333646774292,4.857761882187828,,,,,,,,,5,5
2012-01-29 12:00:00+00:00,,,0.16068613529205322,1.0053277509367764,0.2707102298736572,0.32625567134017097,,,,,,,,,0.27713143825531006,4.846377742784342,,,,,,,,,3,3
2012-01-29 18:00:00+00:00,,,0.12042391300201416,-0.03542045456606243,0.24308311939239502,0.8747836466759633,,,,,,,,,0.1648625135421753,3.475797948236888,,,,,,,,,4,4
2012-01-30 00:00:00+00:00,,,0.07208812236785889,0.8891327603499022,0.032179951667785645,-0.0692536832671622,,,,,0.3755744695663452,-0.9742631784779052,,,0.01973748207092285,-0.06445181224351046,,,,,,,,,4,4
2012-01-30 06:00:00+00:00,,,0.1227102279663086,0.6389142431132774,0.038908541202545166,0.25556190169161574,0.3512660264968872,-2.2984498637118507,,,0.7455257177352905,1.4577904404653543,,,,,0.29251301288604736,2.360238420869909,,,,,,,5,5
2012-01-30 12:00:00+00:00,,,0.23464453220367432,6.614731084075902,0.1438734531402588,1.084057932582051,0.422874391078949,-4.59516965131124,,,0.2873420715332031,-1.4406863903603524,,,,,0.0804373025894165,-0.2048565960458113,,,,,,,5,5
2012-01-30 18:00:00+00:00,,,0.22905325889587402,3.544290465762413,0.13407647609710693,0.28484154968685826,,,0.3127346634864807,-5.821764635517428,,,,,,,0.33904600143432617,2.030908245878101,,,,,,,4,4
2012-01-31 00:00:00+00:00,,,0.11751770973205566,1.5369565030340466,0.03160357475280762,-0.09126119092682634,,,0.3951932191848755,-5.892576559530636,,,,,,,,,,,,,,,3,3
2012-01-31 06:00:00+00:00,,,0.2091139554977417,0.47473304352408835,0.013131320476531982,0.1996387453725575,,,0.44373685121536255,-10.339851229819006,,,,,,,,,,,,,0.11631971597671509,-0.012860777713987434,4,4
2012-01-31 12:00:00+00:00,,,0.21284067630767822,1.9643414830946242,0.12302708625793457,-0.0515063509246729,,,0.45349329710006714,-8.307059062151636,,,,,,,,,,,,,0.0728827714920044,0.6034027836438077,4,4
2012-01-31 18:00:00+00:00,,,0.12016129493713379,0.7652926812134278,0.09448981285095215,0.7742089522140897,,,0.46787261962890625,-8.734801608502783,,,,,,,,,,,,,,,4,3
2012-02-01 00:00:00+00:00,,,,,0.21343529224395752,6.103736009191734,,,0.4483076333999634,-5.905348218300867,,,,,,,,,,,,,,,3,3
2012-02-01 06:00:00+00:00,,,,,0.2833977937698364,2.6880538345596636,,,0.47816967964172363,-6.983216073488914,,,,,,,,,,,,,,,3,2
2012-02-01 12:00:00+00:00,,,,,0.1777791976928711,2.3050969356390443,,,0.4326322674751282,-14.187468318141516,,,,,,,,,,,,,,,3,2
2012-02-01 18:00:00+00:00,,,,,0.13757777214050293,1.404147038867105,,,0.4516758322715759,-6.30858014042302,,,,,,,,,,,,,,,2,2
2012-02-02 00:00:00+00:00,,,,,0.10373592376708984,0.4484808834440349,,,0.3750596046447754,-7.165120041733426,,,,,,,,,,,,,,,2,2
2012-02-02 06:00:00+00:00,,,,,0.1777111291885376,1.2398701310676743,,,0.40149879455566406,-2.663903467312068,,,,,,,,,,,,,,,2,2
2012-02-02 12:00:00+00:00,,,,,0.0050733089447021484,-0.012478007473179478,0.6421223878860474,1.8657679657808537,0.3978329300880432,-5.506280048197345,,,,,,,,,,,,,,,3,3
2012-02-02 18:00:00+00:00,,,,,0.05336141586303711,0.6489787356111443,0.23859155178070068,-0.031231102233646457,0.4964996576309204,-6.498415355296683,,,,,,,,,,,,,,,3,3
2012-02-03 00:00:00+00:00,,,,,0.005739569664001465,0.9033419177123924,0.5779517889022827,6.167134538888855,0.6152290105819702,-11.729024233959759,,,,,,,,,,,,,,,4,4
2012-02-03 06:00:00+00:00,,,,,0.16798508167266846,0.23339147154017065,0.6048057079315186,1.4097990831716858,0.6288407742977142,-6.632650648135674,,,,,,,,,,,,,,,3,3
2012-02-03 12:00:00+00:00,,,,,0.18181538581848145,-0.08230531798549198,0.7840958833694458,2.9210778970367355,0.5870351195335388,-5.039663323773469,,,,,,,,,,,,,,,3,3
2012-02-03 18:00:00+00:00,,,,,0.13260138034820557,0.14388817835715953,0.6571232080459595,3.676853513292367,0.6840966045856476,-8.787875917559022,,,,,,,,,,,,,,,3,3
2012-02-04 00:00:00+00:00,,,,,0.14374804496765137,0.3322630848878849,0.7219277620315552,4.270337349330519,0.5321291387081146,-3.912814161571131,,,,,,,,,,,,,,,3,3
2012-02-04 06:00:00+00:00,,,0.09833395481109619,-0.010138320884853712,,,0.7068122625350952,6.880152624291455,,,0.4385730028152466,-2.309891596203333,,,,,,,,,,,,,3,3
2012-02-04 12:00:00+00:00,,,0.27579665184020996,0.17266864359423492,,,0.6972689628601074,5.019675378556302,,,0.5198472440242767,-1.1645649841792856,,,,,,,,,,,,,3,3
2012-02-04 18:00:00+00:00,,,0.22882616519927979,0.25621191708279983,0.4130837321281433,-0.6599272668827197,,,0.7262430191040039,11.281977670247448,0.6743564307689667,-9.67152161032542,,,,,,,,,,,,,4,4
2012-02-05 00:00:00+00:00,,,0.15614664554595947,0.4179044966590739,0.017139136791229248,-0.1367661412402422,,,0.7356631755828857,7.9069809680117515,0.3480300307273865,-3.0874551253906994,,,,,,,,,,,,,4,4
2012-02-05 06:00:00+00:00,,,0.18174338340759277,0.29038037013484175,,,,,0.7355208396911621,6.483038688844806,0.6095718741416931,-5.921333955964734,,,,,,,,,,,,,4,3
2012-02-05 12:00:00+00:00,,,0.21902525424957275,0.2901456014219525,,,,,0.742499828338623,6.428602360562372,0.6342507600784302,-5.664936358853694,,,,,,,,,,,,,4,3
2012-02-05 18:00:00+00:00,0.008592486381530762,-0.23908292796977407,0.2108391523361206,0.9824673807427743,,,,,0.6518948078155518,5.1328688936866715,0.6533900201320648,-2.2385904736730975,,,0.4147326946258545,0.36697325850945145,,,,,,,,,5,5
2012-02-06 00:00:00+00:00,0.3008936643600464,0.07792829615644334,0.1236572265625,0.5361111347152764,,,,,0.7490345239639282,8.999339021438114,0.2408212423324585,-3.1172224322396818,,,0.32343244552612305,2.3484023539822174,,,,,,,,,6,5
2012-02-06 06:00:00+00:00,0.04517662525177002,-0.020596080845317093,0.29700469970703125,0.661806427436076,,,,,0.7606034278869629,5.495228843382842,0.431967556476593,-0.04909839256687596,,,0.2195676565170288,0.6067962370288779,,,,,,,,,5,5
2012-02-06 12:00:00+00:00,0.05219268798828125,-0.07490847204819605,0.20022141933441162,2.3901513609749863,,,,,0.7245571613311768,6.587175730494869,0.5038267374038696,-0.46472252458968377,,,0.02508103847503662,2.4454682838330997,,,,,,,,,6,5
2012-02-06 18:00:00+00:00,0.1955851912498474,0.8083672346468906,0.18911826610565186,-16.530229982735726,,,,,0.6972393989562988,5.569375741424948,0.3068453073501587,-1.0281057091045906,,,0.31922852993011475,5.834283436089286,,,,,,,,,5,5
2012-02-07 00:00:00+00:00,0.03441739082336426,-0.04448306372357037,0.12247979640960693,0.3666604410533168,,,,,0.7877969741821289,7.8956409588954095,0.10395234823226929,0.438968691395414,,,0.0406116247177124,3.4113505884603295,,,,,,,,,5,5
2012-02-07 06:00:00+00:00,0.016466975212097168,-0.19532077094497385,0.11505651473999023,1.5278571720662633,,,,,0.7424423694610596,6.360133512577094,,,,,0.04274165630340576,0.23369774314671293,,,,,,,,,4,4
2012-02-07 12:00:00+00:00,0.15147149562835693,0.146926330590684,0.2649679183959961,1.1805032824233983,0.13508754968643188,0.17439321086172946,,,0.7015314102172852,6.103426295634157,,,,,0.351413369178772,-0.2432797528363017,,,,,,,,,6,5
2012-02-07 18:00:00+00:00,0.05194967985153198,2.526204006425601,0.19765222072601318,0.26292645688064015,0.6475262641906738,0.7934569499707242,,,0.7616727352142334,10.101118015926598,,,,,0.2200903296470642,0.4431617558286,,,,,,,,,5,5
2012-02-08 00:00:00+00:00,0.04760575294494629,0.09349293801225968,0.10488295555114746,0.27012069705347075,0.42948901653289795,0.42633178930317206,,,0.7793899774551392,8.522926801286056,,,,,0.46554046869277954,-1.0511595220970886,,,,,,,,,5,5
2012-02-08 06:00:00+00:00,0.28567397594451904,0.12677098123641756,0.17909562587738037,1.769675766860649,,,,,0.7905337810516357,8.698766415037898,,,,,0.13573318719863892,0.6580007039101251,,,,,0.7390285730361938,-0.5816687671821698,,,6,6
2012-02-08 12:00:00+00:00,0.14233624935150146,-0.1871740557364708,0.26982665061950684,0.8305551521454841,0.17414045333862305,-0.9262721299346984,,,0.7981011867523193,5.561598859349295,,,,,0.6527557373046875,-3.569863929646558,,,,,0.6769471764564514,-0.10691879676961365,,,7,7
2012-02-08 18:00:00+00:00,0.15136051177978516,0.0323984234933182,0.23357844352722168,7.536946607398345,0.4187520742416382,0.521396891116864,,,0.7596584558486938,5.918156599285331,,,,,0.059872984886169434,0.9607903812670519,,,,,,,,,7,6
2012-02-09 00:00:00+00:00,0.5217961072921753,0.29008425613995503,0.17630445957183838,4.0805476449326985,,,,,0.7835589647293091,7.416496083814266,,,,,0.5384306907653809,1.1539961310458178,,,,,,,,,6,6
2012-02-09 06:00:00+00:00,0.29378223419189453,0.49305598271472034,0.18515944480895996,3.5843855751151628,0.4706639051437378,0.6880511304219067,,,0.8167742490768433,8.156137536369801,,,,,,,,,,,0.7490202188491821,1.458812784536493,,,6,6
2012-02-09 12:00:00+00:00,0.23244857788085938,0.36370072293212075,0.3038475513458252,5.569040671513475,,,,,0.6879098415374756,4.832941701367903,,,,,,,,,,,0.2698845863342285,-0.5831967145338799,,,5,5
2012-02-09 18:00:00+00:00,0.28735339641571045,0.6954589009033442,0.1675710678100586,1.6535504083948176,,,,,0.8166545182466507,-5.541325286430392,0.7576738595962524,3.3382800621504156,,,,,,,,,0.013617634773254395,-0.3045291733808425,,,6,6
2012-02-10 00:00:00+00:00,0.15628379583358765,0.0900124645646677,0.201682448387146,7.387867112958696,,,,,0.6530581712722778,-5.991534569776348,0.7331373691558838,3.6536022735574876,,,,,,,,,0.1517183780670166,0.21121957217145712,,,6,5
2012-02-10 06:00:00+00:00,0.1347981095314026,0.10016209071779124,0.1987621784210205,1.6273735267961837,0.09748297929763794,-0.11186989695666716,,,0.511806845664978,-2.7436849687951352,0.8061296939849854,4.2542944073169675,,,,,,,,,0.07715463638305664,-0.16318354842387248,,,6,6
2012-02-10 12:00:00+00:00,0.8803450539708138,-8.05841418335179,0.17370009422302246,0.18625870786113227,0.5286238193511963,0.01783332344904241,,,0.5199740827083588,-8.678506660104668,0.7255167961120605,3.1713634740780314,,,,,,,,,0.034979820251464844,0.37438982898032613,,,6,6
2012-02-10 18:00:00+00:00,0.45427846908569336,-0.6801839013324447,,,0.08204728364944458,-26.748438833931395,,,0.4864897131919861,-2.2114793367580368,0.7219911813735962,3.1538970740208954,,,,,,,,,0.11282289028167725,0.020323382141681123,,,5,5
2012-02-11 00:00:00+00:00,0.7531453967094421,-8.91342536189493,,,0.07038921117782593,-23.85018024143383,,,0.5183647871017456,-1.8863886637210205,0.9312536716461182,2.823264947097545,,,,,,,,,0.06314718723297119,0.24190556501227206,,,5,5
2012-02-11 06:00:00+00:00,0.003933370113372803,-0.15670786709709963,,,0.07110154628753662,0.30887782436632805,,,0.652974009513855,-0.6574666010582507,,,,,,,,,,,0.36437666416168213,0.05108174806720772,,,4,4
2012-02-11 12:00:00+00:00,0.37519288063049316,0.29915310501452436,,,0.18481606245040894,-18.494180349506728,,,,,0.6777570247650146,1.7289042421618284,,,,,,,,,,,,,5,3
2012-02-11 18:00:00+00:00,0.43356359004974365,0.13410758727414634,,,0.144456684589386,-17.398638475381865,,,,,,,,,,,,,,,,,,,2,2
2012-02-12 00:00:00+00:00,,,,,0.1586536169052124,0.1346672622617113,0.28235262632369995,-0.5226355298207643,,,,,,,,,,,,,,,,,2,2
2012-02-12 06:00:00+00:00,,,,,0.20513916015625,0.34435566664785583,0.474944531917572,-2.009226879510727,,,,,0.5405935049057007,0.6556742197277815,,,,,,,,,,,3,3
2012-02-12 12:00:00+00:00,,,,,0.30174148082733154,0.828539008858488,0.5694362819194794,-8.382203847058825,,,,,0.7136320471763611,-0.687604422467485,,,,,,,,,,,3,3
2012-02-12 18:00:00+00:00,,,,,0.08682918548583984,0.6381021024837726,0.27065348625183105,-1.2639408569511208,0.45881521701812744,-4.462048637722862,,,,,,,,,,,,,,,3,3
2012-02-13 00:00:00+00:00,,,,,0.022807598114013672,-0.18115102778140788,0.15532410144805908,0.04323460948234266,0.5140886306762695,-5.837865826156873,,,,,,,,,,,,,,,3,3
2012-02-13 06:00:00+00:00,,,,,0.2670607566833496,0.5843592053576616,0.19603902101516724,0.4780569417167148,0.494884192943573,-5.414595795450042,,,0.043424248695373535,-0.2457816410112729,,,,,,,,,,,4,4
2012-02-13 12:00:00+00:00,0.06698638200759888,-0.3092419936021391,,,0.21435630321502686,1.4703533487590865,0.23251813650131226,-4.141611078077931,0.45773470401763916,-11.471853090699083,,,,,,,,,,,,,,,5,5
2012-02-13 18:00:00+00:00,0.42836475372314453,0.03404886234844805,,,0.3079150915145874,-0.06851771600577687,0.3691672086715698,-5.528787351145287,0.4339897632598877,-3.216187961580596,,,,,0.2968350052833557,-5.350217955109655,,,,,,,,,6,6
2012-02-14 00:00:00+00:00,0.006769299507141113,-0.1331273982149903,,,0.11530709266662598,-0.7978699450209941,0.25196248292922974,-8.006661260878454,0.5039961040019989,-5.7651157567065345,,,,,0.216846764087677,3.5272218128911224,,,,,,,,,6,6
2012-02-14 06:00:00+00:00,,,0.16926240921020508,-0.00010960761555486786,,,,,0.41175615787506104,-2.7147256560192914,,,,,0.26373279094696045,-0.9084181394204012,,,,,,,,,4,4
2012-02-14 12:00:00+00:00,0.5498789548873901,0.3541286804800584,,,0.4393841028213501,-0.3873690035713971,,,0.4403301477432251,-6.108652006545591,,,,,0.2787070870399475,-6.052597549772997,,,,,,,,,6,5
2012-02-14 18:00:00+00:00,0.29573583602905273,0.3667761691971366,,,,,,,0.3365646004676819,-3.0297810723354286,,,,,0.32368719577789307,-6.441591195743004,,,,,,,,,5,5
2012-02-15 00:00:00+00:00,0.40572500228881836,-1.519480248301372,,,,,,,0.5204306244850159,-10.61089452645842,,,,,0.18260347843170166,-1.3228749352233007,,,,,,,,,4,4
2012-02-15 06:00:00+00:00,0.27491986751556396,-0.25524904066463205,,,0.17160522937774658,0.42713759159857867,,,0.474142849445343,-5.991877497835447,,,,,0.25280141830444336,-2.8804382669777984,,,,,,,,,5,5
2012-02-15 12:00:00+00:00,0.08744096755981445,-0.013968389723922683,,,0.025168538093566895,-0.11015131283255859,,,0.36556553840637207,-7.612176840656505,,,,,0.1737409234046936,-0.40991540758296335,,,,,,,,,5,5
2012-02-15 18:00:00+00:00,0.014568924903869629,0.23224827351863214,,,0.037011563777923584,0.6829376615715261,,,0.32985031604766846,-5.127676159118914,,,,,0.15135884284973145,-1.6606679210352218,,,,,,,,,5,5
2012-02-16 00:00:00+00:00,0.16353678703308105,-0.4091499269289258,,,0.07154983282089233,-0.3010272153585104,0.7937246561050415,0.5021445047294794,0.3242589831352234,-3.7786640508827363,,,,,0.12153542041778564,-0.2983433330516711,,,,,,,,,7,7
2012-02-16 06:00:00+00:00,0.22485148906707764,0.03232940564634892,0.40763723850250244,-0.36758122037753677,0.057411909103393555,-0.2793219409632864,0.30581939220428467,0.9193664112943071,0.4167003035545349,-5.181480616449396,,,,,0.26727294921875,-3.502062881853788,,,,,,,,,7,7
2012-02-16 12:00:00+00:00,0.10995829105377197,0.4514051883276391,0.5454218089580536,-0.4854318670032806,0.2695115804672241,0.9777269308219605,0.3468749523162842,1.6786027499650913,0.3607603907585144,-2.3416957152478868,,,,,0.35046976804733276,-4.6520240114905445,,,,,,,,,8,8
2012-02-16 18:00:00+00:00,0.14230096340179443,0.29456549348365735,0.38218170404434204,-0.22995277582490242,0.21765583753585815,-0.00623403840744462,0.35061633586883545,2.2970494490318107,0.3233535885810852,-8.573116088954468,,,,,0.3841243386268616,-4.243428956358149,,,,,,,,,8,8
2012-02-17 00:00:00+00:00,0.07890695333480835,-0.0324276189717993,0.2104983925819397,-0.24015253163913192,0.6121197938919067,1.3933746034593089,0.28919243812561035,2.5838304203353304,0.4848756790161133,-5.97986010461278,,,0.15737032890319824,-1.2701587988407572,0.2790088653564453,-6.58248274821682,,,,,,,,,8,8
2012-02-17 06:00:00+00:00,0.0038061141967773438,0.821615149660828,0.17773431539535522,-0.6786792875585715,0.17525625228881836,0.2704932072896278,0.4695471525192261,5.266064764521394,0.6522552073001862,-10.05528804597616,0.659560889005661,-3.870444152416636,0.38723891973495483,-2.6352325654426383,0.34152454137802124,0.5615364695333388,,,,,,,,,8,8
2012-02-17 12:00:00+00:00,0.023201584815979004,0.3910030541767673,0.10082852840423584,-0.5729477350137754,0.11916059255599976,-1.4329494576931667,0.47854340076446533,4.911000851426588,0.4117862582206726,-2.1014536241022435,0.13387596607208252,-1.4477025120647737,0.12215006351470947,-2.5432998504110613,0.45273804664611816,-6.269126083124486,,,,,,,,,8,8
2012-02-17 18:00:00+00:00,,,0.18309271335601807,-0.6436117656670788,0.6826764047145844,-5.887452861007766,0.43777966499328613,3.5714287509456453,,,0.6030102968215942,-2.0601420833326634,0.23682856559753418,0.4977969232424135,,,,,,,,,,,6,6
2012-02-18 00:00:00+00:00,,,0.06270241737365723,-0.009296010761192249,0.2829148769378662,0.4589902771278131,0.4140622615814209,4.710607236632978,,,0.23120886087417603,-1.1116425788202415,0.2677997350692749,1.7006323320738441,,,0.6058589220046997,-3.004706223436539,,,,,,,7,7
2012-02-18 06:00:00+00:00,,,0.028544187545776367,-0.02831222818685011,0.10988062620162964,0.23025421674140747,0.3995485305786133,6.2988498123463,,,0.07920694351196289,-0.00426697055057115,0.22939085960388184,-11.099276269095498,,,,,,,,,,,6,6
2012-02-18 12:00:00+00:00,,,0.14605849981307983,-0.16695799636612751,0.18730127811431885,0.9189381964553597,0.3358715772628784,6.0938351483967965,,,0.0861387848854065,-0.35331690729155124,0.2609139680862427,-12.851674217978838,,,,,,,,,,,6,6
2012-02-18 18:00:00+00:00,,,0.12426221370697021,-0.1031069090617,0.04465299844741821,0.7406814960775242,0.3651362657546997,5.45196563152685,,,0.22668319940567017,-0.7282357355586685,0.30629003047943115,0.7753774682385611,,,,,,,,,,,5,5
2012-02-19 00:00:00+00:00,,,0.15731263160705566,-0.07983698938012812,0.005994141101837158,-1.1309207542949191,0.2354872226715088,3.0683226322728334,,,0.1991332769393921,0.1811367288865636,0.17969059944152832,-0.20917292578941218,,,,,,,,,,,5,5
2012-02-19 06:00:00+00:00,0.15890908241271973,0.1730365145092083,0.3117377758026123,0.576354564278892,0.1483767032623291,0.10677002464858189,0.41942787170410156,8.606614376128485,,,0.2883809804916382,-0.9910938390827112,0.0995023250579834,-5.910077498108519,,,,,,,,,,,6,6
2012-02-19 12:00:00+00:00,0.21892786026000977,-0.2004651205079668,0.21041393280029297,-0.17699541294028848,0.02374100685119629,1.709656188713136,0.4216592311859131,12.481704225641263,,,0.022712111473083496,0.395893229881718,0.20977067947387695,-4.860552147056737,,,,,,,,,,,6,6
2012-02-19 18:00:00+00:00,0.10368937253952026,-24.327950642211302,,,0.01636815071105957,-0.16022910137626795,,,0.5028076171875,6.478215705130532,0.10258066654205322,-0.2838746601156727,0.22461295127868652,-16.9567236483443,,,,,,,,,,,5,5
2012-02-20 00:00:00+00:00,0.14306700229644775,0.30675557959633576,,,0.1259690523147583,-0.03726104553593968,,,0.5218373537063599,4.353779585623629,0.18324488401412964,-0.5068429477071922,0.2533278465270996,1.511948256322898,,,,,,,,,,,6,6
2012-02-20 06:00:00+00:00,0.053093791007995605,0.2335477821507097,,,0.18870627880096436,0.4511057944051772,,,0.572632908821106,7.001767823485735,0.3239428997039795,0.1681553105796054,0.20843970775604248,1.0439548487096078,,,,,,,,,,,6,6
2012-02-20 12:00:00+00:00,0.04119682312011719,0.33343609699990845,,,0.2117854356765747,0.4743304191029596,,,0.5000497102737427,11.038990166017971,,,0.3403273820877075,3.743456490549997,,,,,,,,,,,4,4
2012-02-20 18:00:00+00:00,0.16989970207214355,0.23864262284102772,,,0.08785486221313477,-0.04401919062444877,,,0.48737192153930664,6.560969809226501,,,0.27857518196105957,4.596624222493134,,,,,,,,,,,6,5
2012-02-21 00:00:00+00:00,0.019437432289123535,0.35773244853078434,,,0.14952796697616577,-0.24264127657570844,,,0.5976541042327881,11.247651623715253,,,0.2629925012588501,2.325324187878406,0.19765067100524902,1.8808615254813879,,,,,,,,,7,7
2012-02-21 06:00:00+00:00,0.02579474449157715,0.9225833943819584,,,0.013723969459533691,0.2028973267005858,,,0.53481125831604,7.501135565848108,,,0.26201295852661133,4.28176900522492,,,,,,,,,,,6,6
2012-02-21 12:00:00+00:00,0.024966001510620117,0.16283473091205253,0.1203622817993164,0.7250010106556288,0.04767310619354248,-0.31922472265629986,,,0.5071814060211182,5.272783121473382,,,0.27357912063598633,3.578631260020022,,,,,,,,,,,7,7
2012-02-21 18:00:00+00:00,0.0844733715057373,0.8291293213878339,,,0.0101090669631958,0.01508213926120238,,,0.496282696723938,9.367078986253604,,,0.2868180274963379,4.43799522629619,,,,,,,,,,,6,5
2012-02-22 00:00:00+00:00,0.14687538146972656,0.9449861179814156,,,0.04032862186431885,0.26800775725559817,,,0.5894920825958252,6.882077092127431,,,,,0.2936500310897827,4.422204847512088,,,,,,,,,5,5
2012-02-22 06:00:00+00:00,0.1318894624710083,1.2622610151473208,,,0.4312558174133301,-0.5384566089357822,,,0.5938378572463989,4.991541263595802,,,,,0.27401649951934814,7.480797709704587,,,,,,,,,6,6
2012-02-22 12:00:00+00:00,0.16427958011627197,1.444399706654673,,,0.3382326364517212,-0.5269102547778252,,,0.6578816175460815,6.530865853678285,,,,,0.23774492740631104,5.349453510818776,,,,,,,,,5,5
2012-02-22 18:00:00+00:00,0.12709498405456543,0.8681053777899004,0.06901907920837402,0.05144218882107379,0.11810576915740967,-0.7049361050541082,,,0.5912011861801147,5.639868100172289,,,,,0.25712382793426514,3.895680755318311,,,,,,,,,7,7
2012-02-23 00:00:00+00:00,0.09171390533447266,0.4204042308036748,0.12724661827087402,0.3789826213945934,0.029956340789794922,-0.2558053991369423,,,0.676874041557312,8.63949989352246,,,,,0.24334633350372314,5.142386364976279,,,,,,,,,7,7
2012-02-23 06:00:00+00:00,0.14469385147094727,-15.259954012149882,0.19991350173950195,2.069914334286026,0.11783671379089355,-0.014727339777325479,,,0.5665203332901001,5.662307498349176,,,,,0.20776212215423584,3.820661275177401,,,,,,,,,8,8
2012-02-23 12:00:00+00:00,0.15788185596466064,-17.696957189518745,0.11530208587646484,-0.7177915517535731,0.18297386169433594,0.39909812225285307,,,0.6903098821640015,7.459874576366922,,,,,0.24093139171600342,3.2642776213051925,,,,,,,,,7,7
2012-02-23 18:00:00+00:00,0.08869004249572754,1.5611042543997093,0.15911436080932617,-0.3790506311389081,0.13348525762557983,0.12549442002680342,,,0.6522097587585449,5.028430339494534,,,,,0.20737791061401367,3.3299047227655567,0.7612502574920654,0.45424895370193147,,,,,,,7,7
2012-02-24 00:00:00+00:00,0.14606916904449463,6.352247176826513,0.45971429347991943,0.8283035890510626,0.3841129541397095,0.3619646742575583,,,,,0.6263426542282104,5.110071001156215,0.011690020561218262,0.5023890893897675,0.29043006896972656,4.3026210586917895,0.5265763998031616,3.555380685829133,,,,,,,8,8
2012-02-24 06:00:00+00:00,0.17313134670257568,1.8057033923101373,0.03414046764373779,0.25337649313537514,0.019454538822174072,0.845088045525259,,,,,0.48123133182525635,5.7807043913849325,0.8190734386444092,-5.320768042650378,0.22489094734191895,3.8773439712340476,0.34986209869384766,1.8684706961525466,,,,,,,7,7
2012-02-24 12:00:00+00:00,0.20930492877960205,7.608362920745437,,,,,,,,,0.2744065523147583,3.004202198129671,,,,,0.3091980218887329,1.2842780676355043,,,0.23031854629516602,7.665390458509679,,,4,4
2012-02-24 18:00:00+00:00,0.07177579402923584,-13.114411779517534,0.4529350996017456,2.168400589338646,0.2142430543899536,-0.19319038777695033,,,,,0.508141040802002,3.021395028874791,0.6455751955509186,-3.500707050999752,0.3260427713394165,4.044501394950549,0.46676576137542725,2.9633673042419777,,,,,,,7,7
2012-02-25 00:00:00+00:00,,,0.18011438846588135,2.6695505369836505,0.1302850842475891,-0.4170363477561971,,,,,0.4386451244354248,4.686618246446519,0.6854628920555115,-3.3058562191938807,0.30036962032318115,5.22725213260204,0.07387548685073853,-0.14836018002617218,,,,,,,8,8
2012-02-25 06:00:00+00:00,,,0.055361032485961914,-31.023266695850857,0.3695642948150635,-0.14752070595925776,,,,,0.560173511505127,4.851113484655752,0.6508044898509979,-2.709597002969401,0.30848002433776855,2.094058030446304,0.23580431938171387,0.7708204560765367,,,,,,,7,7
2012-02-25 12:00:00+00:00,,,0.22723770141601562,3.8028881369912093,0.3973628282546997,-0.1602330952779833,,,,,0.5581862926483154,5.572299454761401,,,0.7552044093608856,-3.3962132134261522,0.16744351387023926,1.719555841578463,,,0.24105775356292725,1.3580415260172074,,,7,7
2012-02-25 18:00:00+00:00,,,0.22695016860961914,1.9563184715418112,0.06073862314224243,-0.12449071382185455,,,,,0.5671768188476562,7.412108706093608,,,0.883551262319088,-7.54217381204433,,,,,,,0.25633251667022705,0.7942267323802048,5,5
2012-02-26 00:00:00+00:00,,,0.11551403999328613,-31.618325641813414,0.08575069904327393,0.02539368391446012,,,,,0.3903048038482666,1.5467907758397885,,,0.7967410087585449,-5.6196806346366674,0.15422141551971436,1.022791572433121,,,,,0.3278980255126953,4.584840751293784,6,6
2012-02-26 06:00:00+00:00,,,0.24247384071350098,3.8664903554955474,0.06006121635437012,1.365891761232079,,,,,0.460860013961792,4.0151508141384324,,,0.7983906269073486,-3.6064357225278845,0.29565107822418213,1.595841472190778,,,,,,,6,6
2012-02-26 12:00:00+00:00,,,0.22378766536712646,0.8964356310846059,,,,,,,0.442355751991272,0.8498448765969154,,,0.7099619507789612,-2.1238821063087134,0.21894681453704834,0.6450414109351974,,,,,,,6,5
2012-02-26 18:00:00+00:00,,,0.18442833423614502,0.8845320043925597,,,,,,,0.21110308170318604,1.5621129665988769,,,0.542723685503006,-2.8652191824354305,0.3322112560272217,1.4455882304590615,,,,,,,5,5
2012-02-27 00:00:00+00:00,,,0.16106224060058594,1.9906226664187028,,,,,,,0.2506333589553833,0.6273086958533525,,,,,0.25005030632019043,0.21089351950647514,,,,,,,3,3
2012-02-27 06:00:00+00:00,,,0.15649664402008057,1.3416586189451811,,,,,,,0.05054152011871338,3.6652195706726696,,,,,0.5217608213424683,1.569064661781086,,,,,,,3,3
2012-02-27 12:00:00+00:00,,,0.19246697425842285,-0.7857578355797756,,,0.6388242840766907,-0.3651837846144317,,,0.16046202182769775,1.1618645383004178,,,,,0.3400399684906006,0.5553255968298382,,,,,,,4,4
2012-02-27 18:00:00+00:00,,,0.2247922420501709,0.4933244899536951,,,,,0.3947591781616211,-2.3222033740317802,0.27514827251434326,0.618438323584191,,,,,,,,,,,,,3,3
2012-02-28 00:00:00+00:00,,,0.22274112701416016,1.8996512786564002,,,,,0.6340842843055725,-1.9438949509295467,0.31621038913726807,5.693538886636623,,,,,,,,,,,,,3,3
2012-02-28 06:00:00+00:00,,,0.2657104730606079,1.4433752744003079,,,,,0.6543218195438385,-6.59213743965755,0.35618430376052856,0.5027452873257172,,,,,,,,,,,,,3,3
2012-02-28 12:00:00+00:00,,,0.23153531551361084,1.2996556148738785,,,,,0.6534405946731567,-6.705341486403313,0.2675095796585083,0.4941135091936114,,,,,,,,,,,,,3,3
2012-02-28 18:00:00+00:00,,,0.17018771171569824,1.4164621788048577,,,,,0.46866798400878906,-4.898646315883458,0.4937478303909302,0.0005880159528241205,,,,,,,,,,,,,3,3
2012-02-29 00:00:00+00:00,,,,,0.17921900749206543,1.1298862515573656,,,0.3264896273612976,-3.9613270870842987,,,,,,,,,,,,,,,2,2
2012-02-29 06:00:00+00:00,,,,,0.17460179328918457,-31.068900797151187,,,0.5248927772045135,-5.389846558287144,,,,,,,,,,,,,,,2,2
2012-02-29 12:00:00+00:00,,,,,0.17494094371795654,1.2607986476192026,,,0.566925972700119,-9.869531114862637,,,,,,,,,,,,,,,2,2
2012-02-29 18:00:00+00:00,,,,,0.3073084354400635,1.4415224307010193,,,0.39190006256103516,-3.27533205958043,,,,,,,,,,,,,,,2,2
2012-03-01 00:00:00+00:00,,,,,0.2344602346420288,1.4270623397546118,0.39371585845947266,2.124608142143213,0.647084504365921,-5.521789238272061,,,,,,,,,,,,,,,3,3
2012-03-01 06:00:00+00:00,,,,,0.19955122470855713,0.4138118607518241,0.35675907135009766,0.8912300635061219,0.4957178235054016,-4.0927973160964655,,,,,,,,,,,,,,,3,3
2012-03-01 12:00:00+00:00,,,,,0.24826884269714355,0.02533676755815259,0.5361940860748291,1.7844743108149774,0.5594264566898346,-7.380106371840543,,,,,,,,,,,,,,,3,3
2012-03-01 18:00:00+00:00,,,,,0.2373652458190918,0.5335743074523572,0.45657169818878174,2.4230394100105155,0.4618902802467346,-1.8938407589899346,,,,,,,,,,,,,,,3,3
2012-03-02 00:00:00+00:00,,,,,0.12988853454589844,1.2978621072033985,0.31766068935394287,1.2789111872382055,0.688933402299881,-6.389949941856199,,,,,,,,,,,,,,,3,3
2012-03-02 06:00:00+00:00,,,,,0.04393172264099121,-0.10549305608270916,0.4072272777557373,4.06740236677387,0.3949865698814392,-1.3784234744559827,,,,,,,,,,,,,,,3,3
2012-03-02 12:00:00+00:00,,,,,0.03518366813659668,-7.514093246361408,0.28111934661865234,5.815086738295415,0.3805384635925293,-2.0778214330194866,,,,,,,,,,,,,,,3,3
2012-03-02 18:00:00+00:00,,,,,0.06489038467407227,0.35594518594340624,0.30979955196380615,6.1382749345701155,,,0.48223817348480225,-1.6154517673864282,,,,,,,,,,,,,3,3
2012-03-03 00:00:00+00:00,,,,,0.027787446975708008,-8.542529480488362,0.4638350009918213,9.071653994009788,,,0.46678853034973145,-6.816173373752726,,,,,,,,,,,,,3,3
2012-03-03 06:00:00+00:00,0.053562045097351074,-0.5755305423281524,,,0.23108172416687012,8.296695741862708,0.4964524507522583,6.213359090750359,0.2996419668197632,-0.6463174836198904,0.28306466341018677,-6.188793843603871,,,,,,,,,,,,,5,5
2012-03-03 12:00:00+00:00,0.20222318172454834,0.4783311860863062,,,0.34261763095855713,4.430201247381108,0.4709751605987549,6.359414591706691,0.49735110998153687,-5.234968345926476,0.4692501425743103,-1.982832930090065,,,,,,,,,,,,,6,5
2012-03-03 18:00:00+00:00,0.190382719039917,-0.005820639777092724,,,0.5093205571174622,-6.39529304309284,0.43003952503204346,6.577009511944785,0.4862740635871887,-1.840746628090858,0.2687445878982544,-1.1615666014669723,,,,,,,,,,,,,5,5
2012-03-04 00:00:00+00:00,0.16943109035491943,0.47744888802733915,,,0.1728401780128479,0.3475680632221681,,,0.5411096811294556,6.723944722697919,0.1974278688430786,0.4336633119537576,,,,,,,,,,,,,5,5
2012-03-04 06:00:00+00:00,,,,,0.8378026485443115,-7.734553163994165,,,0.5172275304794312,7.3952802291709885,0.49547433853149414,-10.937003141489107,,,,,,,,,,,,,4,4
2012-03-04 12:00:00+00:00,0.2217726707458496,1.211203309171625,,,0.3030041456222534,0.7044764844353942,,,0.627092719078064,8.697180838163305,0.4423477053642273,-2.5366574095166166,,,,,,,,,,,,,6,6
2012-03-04 18:00:00+00:00,0.23647522926330566,2.687596201966529,,,0.15167289972305298,0.4804346870099857,,,0.6143373250961304,8.11104285245805,0.7174548804759979,-3.6628887439829874,,,,,,,,,,,,,5,5
2012-03-05 00:00:00+00:00,,,0.41067826747894287,9.86469185181522,,,,,0.6594506502151489,4.959218413172923,0.48142242431640625,-1.486774161467841,,,,,,,,,,,,,6,4
2012-03-05 06:00:00+00:00,0.19727981090545654,-0.054412170732619225,,,,,,,0.5436681509017944,5.516237445551296,0.6580181419849396,-1.0161683631745073,,,,,,,,,,,,,3,3
2012-03-05 12:00:00+00:00,,,0.4092820882797241,11.117363025432997,,,,,0.4841119050979614,2.937224271971664,0.6029905080795288,-1.1249416319860006,,,,,,,,,,,,,3,3
2012-03-05 18:00:00+00:00,,,0.1591792106628418,0.5411782824823423,,,,,0.5764000415802002,9.773097566863083,0.5548664331436157,-2.118229979370022,,,,,,,,,,,,,4,4
2012-03-06 00:00:00+00:00,,,0.21481537818908691,0.6681252461838257,,,,,0.6240832805633545,9.302791986690048,0.38131386041641235,-0.9224819076873804,,,,,,,,,,,,,4,4
2012-03-06 06:00:00+00:00,,,0.28717923164367676,6.200871597245193,,,,,0.5227339267730713,7.006016848880011,0.5862204730510712,-1.9246638847960384,,,,,,,,,,,,,3,3
2012-03-06 12:00:00+00:00,,,0.44021809101104736,13.031263894018672,,,,,,,,,,,,,,,,,,,,,1,1
2012-03-06 18:00:00+00:00,,,0.2218090295791626,5.2764873684758316,,,,,0.5770914554595947,9.610686986812208,,,,,,,,,,,,,,,3,3
2012-03-07 00:00:00+00:00,,,0.1804429292678833,0.2382631418276893,,,,,0.5757914781570435,9.51979884609664,,,,,,,,,,,,,,,2,2
2012-03-07 06:00:00+00:00,,,0.10988616943359375,1.0685088323573637,,,,,0.596987247467041,13.476050934462837,,,,,,,,,,,,,,,2,2
2012-03-07 12:00:00+00:00,,,0.19164001941680908,2.6316854065724344,,,,,0.605862021446228,7.250663317010697,,,,,,,,,,,,,,,2,2
2012-03-07 18:00:00+00:00,,,0.14708292484283447,1.49376365977498,,,,,0.5611512660980225,5.181945429733367,,,,,,,,,,,,,,,2,2
2012-03-08 00:00:00+00:00,,,0.15701186656951904,-2.0175839655457346,,,,,0.5056135654449463,5.5308201655832505,,,,,,,,,,,,,,,2,2
2012-03-08 06:00:00+00:00,,,0.2691802978515625,1.7664906457188185,,,,,0.5508538484573364,7.826490874148855,,,,,,,,,,,,,,,2,2
2012-03-08 12:00:00+00:00,,,0.26507341861724854,3.8908268129132138,,,,,0.41733288764953613,5.492546319135987,0.6790506839752197,5.732933965286133,,,,,,,,,,,,,3,3
2012-03-08 18:00:00+00:00,,,0.15375876426696777,1.5485244204651334,,,,,0.4772540330886841,9.869653686179804,0.6506842374801636,5.3197026957036275,,,,,,,,,,,,,3,3
2012-03-09 00:00:00+00:00,,,0.16665899753570557,2.0613333076570677,,,,,,,0.38831663131713867,7.887416527904268,,,,,,,0.31880009174346924,0.08643494606114568,,,,,4,4
2012-03-09 06:00:00+00:00,,,0.2844369411468506,14.26127181519626,,,,,,,0.5935111045837402,4.668860523222733,,,,,,,,,0.04844510555267334,0.5967023061976833,,,4,4
2012-03-09 12:00:00+00:00,,,0.0017175674438476562,-25.165438800292975,,,,,,,0.3444477319717407,2.7845605909816173,,,,,,,,,0.271480917930603,0.07250800035725792,,,3,3
2012-03-09 18:00:00+00:00,,,0.17325842380523682,1.6389663571082898,0.5734140872955322,0.5400603329398894,,,,,0.36222827434539795,4.785151563609183,0.5309283137321472,0.03667471506874412,,,,,,,,,,,5,4
2012-03-10 00:00:00+00:00,,,0.14556348323822021,-1.8723152830314116,,,0.10802954435348511,-0.659177205194011,,,,,0.1532023549079895,-3.4449370216980975,,,,,,,,,,,4,3
2012-03-10 06:00:00+00:00,,,0.1181102991104126,0.7280045525355285,,,0.11508208513259888,0.31591176686579586,,,,,0.25623834133148193,-8.026749873293126,,,,,,,0.4887341260910034,-0.35205474413223825,,,4,4
2012-03-10 12:00:00+00:00,,,0.17052316665649414,1.6515539952381444,,,0.13301318883895874,-0.4349883104074843,,,,,0.22966456413269043,-1.4834157585027903,,,,,,,0.5363712906837463,-0.21026094902173664,,,4,4
2012-03-10 18:00:00+00:00,,,0.23912131786346436,-22.104431292823996,,,,,,,,,,,,,,,,,,,,,2,1
2012-03-11 00:00:00+00:00,,,0.17220735549926758,0.5813429949653474,,,0.39369434118270874,-2.294779367885155,,,,,,,,,,,,,0.15633702278137207,-0.4063844196442928,,,4,4
2012-03-11 06:00:00+00:00,,,0.20478403568267822,0.8542328200540719,,,0.4067208170890808,-0.9933888181828784,0.2175350785255432,-0.9314831801433592,,,,,,,,,,,,,,,4,3
2012-03-11 12:00:00+00:00,,,0.10756659507751465,0.2905286619666825,,,0.2605043649673462,-5.978902444655219,,,,,,,,,,,,,0.07620453834533691,-0.30417459409976977,,,4,4
2012-03-11 18:00:00+00:00,,,0.1258920431137085,0.14835826189575685,,,0.36488109827041626,-8.098156365503417,,,,,,,,,,,,,0.02336174249649048,-0.5543399953337698,,,4,4
2012-03-12 00:00:00+00:00,,,0.1380901336669922,0.010245448438426384,,,0.4213641285896301,-6.103679869866126,0.38041841983795166,-13.52528114802402,,,,,,,,,,,0.2388768196105957,0.31760229343762986,,,4,4
2012-03-12 06:00:00+00:00,,,0.14927279949188232,1.2795040159997157,,,,,0.3059283494949341,-7.703255708991334,,,,,,,,,,,0.12892460823059082,0.012305497477658005,,,4,4
2012-03-12 12:00:00+00:00,,,0.1463249921798706,0.7648151353129274,,,,,0.3437756299972534,-3.8830803233591595,,,,,,,,,,,0.031141042709350586,0.4152343286590308,,,4,4
2012-03-12 18:00:00+00:00,,,0.2597777843475342,3.1941614575704955,,,,,0.4287658929824829,-6.234902635022744,,,,,,,,,,,0.15861445665359497,-0.5303551914532345,,,4,4
2012-03-13 00:00:00+00:00,,,0.06625103950500488,1.703432522082362,,,,,0.3267141580581665,-4.274184467190242,,,,,,,,,,,0.2309889793395996,0.2776691697363621,,,5,5
2012-03-13 06:00:00+00:00,,,0.2091461420059204,0.5947792649748125,,,,,0.32180511951446533,-5.821384060313594,,,,,,,,,,,0.2661561369895935,-0.12697296707651523,,,5,5
2012-03-13 12:00:00+00:00,,,0.21488261222839355,0.557163459386256,,,,,0.40107911825180054,-25.306573864451824,,,,,,,,,,,0.4176293611526489,0.35963647954910516,,,4,4
2012-03-13 18:00:00+00:00,,,0.0964423418045044,2.9519288276053652,,,,,0.3739162087440491,-5.988449374045229,,,,,,,,,,,0.03958791494369507,0.23247178091467388,,,4,4
2012-03-14 00:00:00+00:00,,,0.09331393241882324,0.4446804485092419,,,,,0.30265235900878906,-8.552347595153398,,,,,,,,,,,,,0.4632834196090698,-0.14460608568918837,4,4
2012-03-14 06:00:00+00:00,,,0.14805877208709717,0.3838911630166059,,,,,0.34828633069992065,-3.931017653068917,,,,,,,,,,,,,0.19629818201065063,0.1145196412393454,4,4
2012-03-14 12:00:00+00:00,,,0.22945737838745117,1.7834627088239048,,,,,0.40611666440963745,-6.053435813678905,,,,,,,,,,,,,0.0813060998916626,0.03317338496659315,5,4
2012-03-14 18:00:00+00:00,,,0.05708611011505127,0.7498478969132976,,,0.6087285280227661,2.030844577842321,0.23435825109481812,-1.3584714188750848,,,,,,,,,,,,,0.09260320663452148,0.03162535119420688,6,5
2012-03-15 00:00:00+00:00,,,0.10379362106323242,0.12074670677175565,,,0.5781118869781494,4.484547263225578,0.28944897651672363,-10.716426963901062,,,,,,,,,,,,,0.23355114459991455,0.4537847566911138,6,5
2012-03-15 06:00:00+00:00,,,0.15048575401306152,0.6676966083972278,,,0.54015052318573,2.822151710098902,0.24856972694396973,-5.109812368147295,,,,,,,,,,,,,0.3178234100341797,-0.005760030401437167,5,5
2012-03-15 12:00:00+00:00,,,,,0.05304360389709473,0.1637556384403964,0.0398215651512146,-0.9981647968438881,0.5078538358211517,-10.083040898921444,,,,,0.3109683394432068,-14.713956739790222,,,,,,,0.3068835735321045,0.8041771735046216,6,6
2012-03-15 18:00:00+00:00,0.7784919738769531,0.21239993043380354,,,0.036473870277404785,0.037612704187148224,0.6100066900253296,2.709690461627696,0.43609118461608887,-6.181710303086887,,,,,0.26133447885513306,-4.25218300323596,,,,,,,,,5,5
2012-03-16 00:00:00+00:00,,,,,0.20316660404205322,-0.07285323952669048,0.38970792293548584,4.610537484374524,0.4117000699043274,-4.277391605104979,0.04107898473739624,-0.6235015729225992,,,0.2131306529045105,-4.996693473892681,,,,,,,,,5,5
2012-03-16 06:00:00+00:00,,,,,0.24037563800811768,-0.006396383913781536,0.5766794681549072,3.1770558949616223,0.38432371616363525,-7.991773326913686,0.28826308250427246,-6.283932553493299,,,,,,,,,,,,,4,4
2012-03-16 12:00:00+00:00,,,,,0.3016892671585083,0.08434029506065885,0.5762962102890015,2.3405849115671065,0.17627382278442383,-4.147009081647946,0.31231462955474854,-4.488609597056671,,,,,,,,,,,,,4,4
2012-03-16 18:00:00+00:00,,,,,0.025742650032043457,0.045701737251374386,0.44924819469451904,0.6131849314909904,0.3555663228034973,-7.840358931617084,,,,,,,0.21940898895263672,-1.6264275721110333,,,,,,,4,4
2012-03-17 00:00:00+00:00,,,,,0.4239802360534668,1.0889753371308108,0.6143995523452759,6.6555382347087795,,,0.23930323123931885,-0.0979034520917635,,,,,,,,,,,,,5,5
2012-03-17 06:00:00+00:00,,,,,0.15807867050170898,0.12006056096339736,0.6450083255767822,5.421658233426131,,,0.2598411440849304,-4.1772385433315025,,,,,0.3878536820411682,-2.8830002834899213,,,,,,,4,4
2012-03-17 12:00:00+00:00,,,,,,,0.4588742256164551,4.510172127774072,,,0.2248460054397583,0.2957718001694052,,,,,0.22804725170135498,-0.6374166162168793,,,,,,,4,3
2012-03-17 18:00:00+00:00,,,,,,,0.5683097839355469,6.10609577426726,,,0.4602164030075073,-2.9806875776910027,,,,,0.02956634759902954,-0.44821429256979295,,,,,,,4,3
2012-03-18 00:00:00+00:00,,,,,,,0.5987167358398438,3.917009224078846,,,0.4943689703941345,-0.9452960824667177,,,,,0.29892855882644653,-3.9996304786525676,,,,,,,5,4
2012-03-18 06:00:00+00:00,,,,,,,,,0.5727536678314209,7.248646190920163,,,,,,,0.21863120794296265,-0.6716944804124598,,,,,,,2,2
2012-03-18 12:00:00+00:00,,,,,,,,,0.447719931602478,5.21860706264352,,,,,,,0.12668979167938232,1.2329079856827385,,,,,,,2,2
2012-03-18 18:00:00+00:00,0.1309419870376587,-0.42568153704651246,,,,,,,0.518689751625061,3.870020382775334,,,0.01876157522201538,1.137528317597849,,,0.059220850467681885,-0.049896250469422386,,,,,,,5,5
2012-03-19 00:00:00+00:00,0.03761148452758789,-0.1353923135673153,,,,,,,0.48311007022857666,6.052596652836004,,,0.37877190113067627,0.18720733141043636,,,,,,,,,,,3,3
2012-03-19 06:00:00+00:00,0.04677152633666992,0.27862883622507817,,,,,,,0.5046793222427368,4.232576299580631,,,0.39506590366363525,1.2060638795306076,,,,,,,,,,,3,3
2012-03-19 12:00:00+00:00,0.18422484397888184,0.06875856979189866,,,,,,,0.6793080568313599,3.7818895142080113,,,0.30959105491638184,2.118431838448058,,,,,,,,,,,3,3
2012-03-19 18:00:00+00:00,0.1273190975189209,0.4062625147872618,,,,,,,0.6032092571258545,3.740895484813433,,,0.29864025115966797,1.4149092915581791,,,,,,,,,,,3,3
2012-03-20 00:00:00+00:00,0.2255028486251831,0.11849666414140436,,,,,,,0.7172164916992188,7.972616167357696,,,0.2860279083251953,3.0715602709749197,,,,,,,,,,,3,3
2012-03-20 06:00:00+00:00,0.16820991039276123,1.516852821196079,,,,,,,0.6285018920898438,7.046537091043576,,,0.40348315238952637,2.625317505764694,,,,,,,,,,,3,3
2012-03-20 12:00:00+00:00,0.2612389326095581,1.2172720335252158,,,,,,,0.6069413423538208,6.255212034131232,,,,,0.43534815311431885,3.39376942367586,,,,,,,,,3,3
2012-03-20 18:00:00+00:00,0.22282814979553223,0.05134031548008774,,,,,,,0.612943172454834,5.294354278978283,,,,,,,,,,,0.40574729442596436,3.488075434293492,,,3,3
2012-03-21 00:00:00+00:00,0.19594824314117432,0.540054964930568,,,,,,,0.673815131187439,6.571264928723407,,,,,,,,,,,0.39417266845703125,1.0268124231936686,,,3,3
2012-03-21 06:00:00+00:00,0.23343491554260254,0.3131843371492585,,,,,,,0.6986194849014282,4.633930854895936,,,,,,,,,,,0.39059436321258545,4.204686763604561,,,3,3
2012-03-21 12:00:00+00:00,0.10337638854980469,0.10343024640096317,,,,,,,0.7757174968719482,3.872055720658236,,,,,,,,,,,0.3166717290878296,3.443775669863713,,,3,3
2012-03-21 18:00:00+00:00,0.20673668384552002,0.2914201646726577,,,,,,,0.39918720722198486,3.28961630068747,,,,,0.4457460641860962,3.8115797007461025,,,,,,,,,3,3
2012-03-22 00:00:00+00:00,0.05295395851135254,0.35983314917232895,,,,,,,,,,,,,,,,,,,0.4734015464782715,4.677701205933231,,,2,2
2012-03-22 06:00:00+00:00,0.089813232421875,0.7226753129873057,,,,,,,,,,,,,0.5054594278335571,2.2037899729987465,,,,,,,,,2,2
2012-03-22 12:00:00+00:00,0.21305882930755615,1.7634533319334253,,,,,,,,,,,,,0.448270320892334,3.366338876586825,,,,,,,,,2,2
2012-03-22 18:00:00+00:00,0.21353161334991455,-24.706604242845298,,,,,,,,,,,,,0.46992266178131104,3.9355312723797624,,,,,,,,,3,3
2012-03-23 00:00:00+00:00,0.060994505882263184,-0.012469740094736392,,,,,,,,,,,,,0.3492547273635864,2.823870646171553,,,,,,,,,3,3
2012-03-23 06:00:00+00:00,0.2338927984237671,1.4600193036399325,,,,,,,,,,,,,0.300731897354126,-4.560815846714017,,,,,,,,,3,3
2012-03-23 12:00:00+00:00,0.2771521806716919,4.713006785094049,,,,,,,,,,,,,0.36381423473358154,-4.156349978993965,,,,,,,,,3,3
2012-03-23 18:00:00+00:00,,,0.22099101543426514,0.8069645963320986,,,0.42907094955444336,4.370146100616382,,,,,,,0.5406398773193359,-7.651622754389848,,,,,,,,,4,4
2012-03-24 00:00:00+00:00,0.1769341230392456,0.07194302196799861,0.1698845624923706,0.6213253491770303,,,,,,,,,,,0.6100070178508759,-7.351558760353322,,,,,,,,,4,4
2012-03-24 06:00:00+00:00,0.20595049858093262,0.9128725615653733,,,0.003560662269592285,0.7429623984174872,0.2196030616760254,-1.40789841228155,,,,,,,0.6783314347267151,-5.405425936927989,,,,,,,,,5,5
2012-03-24 12:00:00+00:00,,,0.11576724052429199,0.28785704552910185,0.2700362205505371,-0.7340118214447404,,,0.11849570274353027,4.118346838831677,,,,,0.6893602013587952,-8.07042049873037,,,,,,,,,5,5
2012-03-24 18:00:00+00:00,,,0.21364319324493408,0.21878989167232968,0.07846707105636597,-0.17515318011139003,,,0.41033101081848145,3.22673026346781,,,,,0.6549623012542725,-9.785206145478966,0.36752068996429443,3.930992838148306,,,,,,,5,5
2012-03-25 00:00:00+00:00,,,0.17685770988464355,0.6864328017544252,,,,,0.41558516025543213,1.0084228829948778,,,,,0.5703567564487457,-5.835231634841525,0.36241674423217773,4.214971440335403,,,,,,,4,4
2012-03-25 06:00:00+00:00,,,0.24028849601745605,0.8634270795893441,,,,,0.4304788112640381,4.027591297397851,,,,,0.5840546190738678,-9.531299232597668,0.4108797311782837,2.5182597894063825,,,,,,,4,4
2012-03-25 12:00:00+00:00,,,0.16658461093902588,0.4930001244968541,,,,,0.17519259452819824,1.0071535908563127,,,,,0.5545242130756378,-3.5089203593097693,0.38775312900543213,2.782222763647134,,,,,,,4,4
2012-03-25 18:00:00+00:00,,,0.12681066989898682,-25.717319469726668,,,,,,,,,,,0.585206538438797,-3.6599806449101657,0.3299717903137207,2.2155176349288483,,,,,,,4,4
2012-03-26 00:00:00+00:00,,,0.14264023303985596,1.373866988388612,,,,,,,,,,,0.6206145286560059,-13.021599734288179,0.48465192317962646,4.189083000817415,,,,,,,4,4
2012-03-26 06:00:00+00:00,,,0.061695218086242676,-19.18494953687039,,,,,,,,,,,0.7471711337566376,-4.597483649285425,0.20131278038024902,3.884620041863762,,,,,,,4,4
2012-03-26 12:00:00+00:00,,,0.23495972156524658,0.12397802626937142,,,,,0.17147016525268555,1.4436001455291825,,,,,0.7120872437953949,-6.873608490573615,0.317441463470459,1.3119231121110075,,,,,,,5,5
2012-03-26 18:00:00+00:00,,,0.2434920072555542,0.812318030221142,,,,,0.46412909030914307,6.218395694747449,,,,,0.6546200215816498,-2.849824672060966,0.3024170398712158,-0.4628627185650999,,,,,,,5,5
2012-03-27 00:00:00+00:00,,,0.19691050052642822,1.2159506003773515,,,,,0.38468289375305176,8.973274874090327,,,,,0.5964473783969879,-5.509899031622764,0.7265228629112244,-0.5049927640899105,,,,,,,5,5
2012-03-27 06:00:00+00:00,,,0.18940985202789307,1.8130606690984554,,,,,0.33015334606170654,1.456611317600488,,,,,,,0.5678549408912659,-4.679704732389806,,,,,,,4,4
2012-03-27 12:00:00+00:00,,,0.2945493459701538,1.140655319927854,,,,,,,,,,,,,0.43967723846435547,-1.4186943326805082,,,,,,,3,3
2012-03-27 18:00:00+00:00,,,0.2117220163345337,1.7397716572952526,,,,,,,,,,,,,0.015058338642120361,1.30080044871816,,,,,,,3,3
2012-03-28 00:00:00+00:00,,,0.1384902000427246,0.5684476105354054,,,,,0.013659775257110596,-0.3067437599845314,,,0.31569063663482666,1.653383165741181,,,0.01818549633026123,-0.854206192242012,,,,,,,5,5
2012-03-28 06:00:00+00:00,,,0.17306005954742432,0.6177004365693237,,,,,,,,,0.1920785903930664,0.6289161076386726,,,,,,,,,,,3,3
2012-03-28 12:00:00+00:00,,,0.19675815105438232,0.6803839048713568,,,,,,,,,0.13945412635803223,0.09565551145787793,,,,,,,,,,,2,2
2012-03-28 18:00:00+00:00,,,0.17408454418182373,0.23840135776084967,,,,,,,,,0.12191808223724365,0.24678204013230162,,,,,,,,,,,2,2
2012-03-29 00:00:00+00:00,,,0.0030101537704467773,1.4549207131451354,,,,,,,,,0.03637850284576416,0.2551987516465935,,,,,,,,,,,2,2
2012-03-29 06:00:00+00:00,,,0.19635403156280518,0.20140940665069226,,,,,,,,,0.11400610208511353,-0.794782928335626,,,,,,,,,,,2,2
2012-03-29 12:00:00+00:00,,,0.13769590854644775,0.9742873487995084,,,,,,,,,0.3783484697341919,0.917407896188146,,,,,,,,,,,2,2
2012-03-29 18:00:00+00:00,,,,,0.1233135461807251,0.32183497924738497,,,,,,,0.465661883354187,9.926209248909958,,,,,,,,,,,2,2
2012-03-30 00:00:00+00:00,,,,,0.10346400737762451,0.35208018604635855,,,,,,,0.4517483711242676,3.3318267012380134,,,,,,,,,,,2,2
2012-03-30 06:00:00+00:00,,,,,0.01849675178527832,0.030463205895957732,,,,,,,,,0.24729418754577637,2.104827617097708,,,,,,,,,2,2
2012-03-30 12:00:00+00:00,,,,,0.03649872541427612,-0.13327775723651597,,,,,,,,,0.4241650104522705,2.436532018633844,,,,,,,,,2,2
2012-03-30 18:00:00+00:00,,,,,0.04078185558319092,0.6728609787541997,,,,,,,,,0.5817413330078125,3.434081195078616,,,,,,,,,2,2
2012-03-31 00:00:00+00:00,,,,,0.035730719566345215,1.353470497751576,,,,,,,,,0.5284401178359985,3.9929899948784837,,,,,,,,,2,2
2012-03-31 06:00:00+00:00,,,0.12178909778594971,0.2285874501394563,,,,,,,,,,,0.6524016857147217,15.723325346988734,,,,,,,,,2,2
2012-03-31 12:00:00+00:00,,,0.1102977991104126,0.0515258682964896,,,,,,,,,,,0.5527714490890503,13.253132986398134,,,,,,,,,2,2
2012-03-31 18:00:00+00:00,,,0.18090248107910156,0.86645826114477,0.016101717948913574,-0.5152686403959706,,,,,,,,,0.5376541614532471,4.748073209102825,,,,,,,,,3,3
2012-04-01 00:00:00+00:00,,,0.1716839075088501,1.1224782941483766,0.4092135429382324,-0.2649692761516266,,,,,,,,,0.5200521945953369,7.827022712801632,,,,,,,,,3,3
2012-04-01 06:00:00+00:00,,,0.17790162563323975,0.43320015196476086,,,,,,,,,,,0.4926098585128784,5.670795618934933,,,,,,,,,3,2
2012-04-01 12:00:00+00:00,,,0.13997435569763184,2.76129330234528,,,,,,,,,,,0.412742018699646,5.087198879061093,,,,,,,,,2,2
2012-04-01 18:00:00+00:00,0.13544821739196777,0.6277973858822009,,,,,,,,,,,,,0.43176472187042236,5.615929574653268,,,,,,,,,2,2
2012-04-02 00:00:00+00:00,0.09959077835083008,0.7014883598144748,,,,,,,,,,,,,0.45524561405181885,4.167259498409056,,,,,,,,,2,2
2012-04-02 06:00:00+00:00,0.12444233894348145,1.0298774535276232,,,,,,,,,,,,,0.2849125862121582,4.961318086069897,,,,,0.22340375185012817,-0.42080342496049056,,,4,3
2012-04-02 12:00:00+00:00,0.16127502918243408,0.5689648210622572,,,0.2791132926940918,-0.09122128489260592,,,,,,,,,0.46773791313171387,4.967755247044521,,,,,,,,,3,3
2012-04-02 18:00:00+00:00,0.26094532012939453,0.47605653131745257,,,,,,,,,,,,,0.5579684972763062,5.732223686683456,,,,,,,,,3,2
2012-04-03 00:00:00+00:00,0.1779038906097412,2.332664132336365,,,,,,,,,,,,,0.5573563575744629,6.006844745228227,,,,,,,,,2,2
2012-04-03 06:00:00+00:00,,,0.1845109462738037,1.0122717445321299,,,,,,,,,,,,,0.3482874631881714,4.701896412776214,,,,,,,2,2
2012-04-03 12:00:00+00:00,,,0.2696511745452881,3.0061639867705034,,,,,,,,,,,,,0.4651581048965454,3.2852403663068133,,,,,,,2,2
2012-04-03 18:00:00+00:00,,,0.09774422645568848,-36.06194179830952,,,,,,,,,,,,,0.36046528816223145,4.985137742454213,,,,,,,2,2
2012-04-04 00:00:00+00:00,,,0.23508954048156738,2.26549873131176,,,,,,,,,,,,,,,,,,,,,1,1
2012-04-04 12:00:00+00:00,,,0.18842339515686035,0.5341417499493878,,,,,,,,,,,,,,,,,,,,,1,1
2012-04-04 18:00:00+00:00,,,0.10599493980407715,0.6194118021282943,,,,,,,,,,,,,,,,,,,,,1,1
2012-04-05 00:00:00+00:00,,,0.21944379806518555,-0.637991476962766,,,,,,,,,,,,,,,,,,,,,1,1
2012-04-05 06:00:00+00:00,,,0.2668875455856323,0.7186345340748964,,,,,,,,,,,,,,,,,,,,,1,1
2012-04-05 12:00:00+00:00,,,0.2777740955352783,2.7568312210131096,,,,,,,,,,,,,,,0.5301682949066162,0.6027916940694292,,,,,3,3
2012-04-05 18:00:00+00:00,,,0.2423114776611328,0.6034576602410482,,,,,,,,,0.3576408624649048,-0.4569071528834335,,,,,0.13370132446289062,-0.1918624633104209,,,,,3,3
2012-04-06 00:00:00+00:00,,,0.15521275997161865,0.14556302323065196,,,0.4209904670715332,-0.6274365159006966,,,,,0.33375000953674316,-5.341751715923881,,,,,0.29019421339035034,-0.25856083391283513,,,,,4,4
2012-04-06 06:00:00+00:00,,,0.2777237892150879,2.2005331111228874,,,0.2885510325431824,-0.39888436065264105,,,,,0.20723527669906616,-1.698709988466563,,,,,0.015433311462402344,-0.14782527486826583,,,,,4,4
2012-04-06 12:00:00+00:00,,,0.2040541172027588,0.37201152765008555,,,0.3001694679260254,-0.7340898724551166,,,,,0.3747587203979492,-1.6725355367014114,,,,,0.22251486778259277,-0.4514044801428495,,,,,4,4
2012-04-06 18:00:00+00:00,,,0.16984272003173828,0.14231088319150392,,,0.41279518604278564,-1.3903215124475954,,,,,0.43884724378585815,-5.7081001737014825,,,,,0.19665300846099854,0.010251702068791987,,,,,4,4
2012-04-07 00:00:00+00:00,,,0.09422314167022705,2.0453144945964237,,,0.44751274585723877,-1.8116302624545906,,,,,0.4385642409324646,-4.305621588027491,,,,,0.10336184501647949,-0.25185361188919436,,,,,4,4
2012-04-07 06:00:00+00:00,,,0.09026122093200684,0.3206110702446575,,,0.32003867626190186,-5.23731487064082,,,,,0.4336543679237366,-6.547236305689918,,,,,0.12113380432128906,-4.201621268003512,,,,,4,4
2012-04-07 12:00:00+00:00,,,0.24697303771972656,1.1478308432556827,,,,,0.14479905366897583,-3.3531039863981453,,,0.4711173176765442,-7.880157758566612,,,,,0.21942764520645142,-1.385975718603942,,,,,4,4
2012-04-07 18:00:00+00:00,,,0.13023066520690918,1.3142033209058792,,,,,0.324698269367218,-4.240811995149015,,,,,0.46530789136886597,-5.9261898203939305,,,,,0.2489842176437378,-2.4549230222662985,,,4,4
2012-04-08 00:00:00+00:00,,,0.19047296047210693,1.3645684618961265,,,,,0.20377576351165771,-5.098684816556589,,,,,0.5325814485549927,-5.123785607336385,,,,,0.11713093519210815,-0.6058354026918944,,,4,4
2012-04-08 06:00:00+00:00,,,0.236183762550354,1.3983460759511177,,,,,0.24922668933868408,-4.274150403408018,,,,,0.601603090763092,-7.927850246843846,,,,,0.21318989992141724,-1.0865552345702176,,,4,4
2012-04-08 12:00:00+00:00,,,0.26835179328918457,0.5141303346471146,,,,,0.330047607421875,-3.386037368602858,,,,,0.5123846530914307,-7.07816727640784,,,,,0.1830730438232422,-0.6005787561601428,,,4,4
2012-04-08 18:00:00+00:00,,,0.2926853895187378,21.480392356085368,,,,,0.313784122467041,-1.8277601312274354,,,,,0.47943639755249023,-8.074864765965685,,,,,0.20388686656951904,-1.5578488785448652,,,4,4
2012-04-09 00:00:00+00:00,,,0.07369053363800049,0.5310310075751997,,,,,0.28455042839050293,-6.4873986240445936,,,,,0.4807109832763672,-8.084515150990105,,,,,0.24901026487350464,-2.9855728613836696,,,4,4
2012-04-09 06:00:00+00:00,,,0.23870909214019775,0.7713007448467862,,,,,0.39652377367019653,-5.794411171817904,,,,,0.4955202341079712,-7.909342445706987,,,,,0.15678882598876953,-2.4010856787292023,,,4,4
2012-04-09 12:00:00+00:00,,,0.16839206218719482,0.582902183128515,,,,,0.2608148455619812,-3.2099720889746792,,,,,0.46746110916137695,-6.648332883508623,,,,,0.1101040244102478,-4.105264912341956,,,4,4
2012-04-09 18:00:00+00:00,,,0.11005330085754395,0.6425586640117464,,,,,0.2509589195251465,-2.6923967296005937,,,,,0.4748704433441162,-8.157596444727188,,,,,0.11518537998199463,-0.34922514964874457,,,4,4
2012-04-10 00:00:00+00:00,,,0.0996631383895874,-23.936854591699955,,,,,0.26747143268585205,-9.43081152864432,,,,,0.4755666255950928,-11.03303566113869,,,,,0.039143919944763184,-0.16752333626942506,,,6,6
2012-04-10 06:00:00+00:00,,,0.22750842571258545,1.0049485726623708,,,,,0.1683659553527832,-0.29360738683227133,,,,,0.5308485925197601,-8.292903579226861,,,,,0.07349514961242676,-0.05827486495317626,,,5,5
2012-04-10 12:00:00+00:00,,,0.12305760383605957,0.30431951396302453,,,,,0.2821539640426636,-1.7780019043179958,,,,,0.5029273331165314,-6.5054431277285465,,,,,0.031968116760253906,-0.7629470697436537,,,5,5
2012-04-10 18:00:00+00:00,,,0.17357218265533447,1.7865707088384324,,,,,0.19742029905319214,-2.049906123699977,,,,,0.45672929286956787,-11.620634551816517,,,,,0.002621173858642578,-0.029864818246575556,,,5,5
2012-04-11 00:00:00+00:00,,,0.12588286399841309,1.0389933372789928,0.005283832550048828,0.4607412713893829,,,0.18695545196533203,-1.3538967159637643,,,,,0.4631039500236511,-8.433936726232986,,,,,0.022788166999816895,-0.0022473571390798893,,,6,6
2012-04-11 06:00:00+00:00,,,0.1707460880279541,1.5195950751340335,,,,,0.27478331327438354,-4.043579874780304,,,,,0.4332313537597656,-7.7158123281870745,,,,,0.1428949236869812,0.23583837685354603,0.02393174171447754,-0.5533145254868395,5,5
2012-04-11 12:00:00+00:00,,,0.19834673404693604,0.04212256268919842,,,,,0.20108962059020996,-0.928963233143938,,,,,0.5020668506622314,-7.059024139474933,,,,,0.09795480966567993,0.4974330811907918,0.26326847076416016,-0.1512900299554295,8,7
2012-04-12 00:00:00+00:00,,,0.11104083061218262,0.9003143617853273,,,,,,,0.3220311403274536,-5.176576428014263,,,0.43922334909439087,-11.791801921355148,,,,,,,,,3,3
2012-04-12 06:00:00+00:00,,,0.1922076940536499,22.451740806657526,,,,,,,0.12509870529174805,-0.5347810290793504,,,,,0.4450751543045044,-10.031446568027464,,,,,,,3,3
2012-04-12 12:00:00+00:00,,,0.12066102027893066,-3.7058794681499134,,,,,,,0.4837613105773926,-1.5421736281991008,,,,,0.38272416591644287,-5.226088179521096,,,,,,,3,3
2012-04-12 18:00:00+00:00,0.24650681018829346,-0.5048292195107917,,,0.36866629123687744,-0.04832287306479028,,,,,0.27499616146087646,1.1947966134123515,,,,,0.3876531720161438,-4.446723048642986,,,,,,,4,4
2012-04-13 00:00:00+00:00,,,0.18649089336395264,0.5994444186530312,,,,,,,0.6200467646121979,-0.054501204719683255,,,,,0.3024817705154419,-9.088466591553832,,,,,,,3,3
2012-04-13 06:00:00+00:00,0.23693227767944336,-0.5215921565851039,0.09495890140533447,-0.1354826964712455,,,,,,,,,,,,,0.2783430218696594,-10.522069841337306,,,,,,,4,4
2012-04-13 12:00:00+00:00,0.25338971614837646,-0.27088020933249307,0.14973628520965576,-0.16810277375184252,,,,,,,,,,,,,0.2429911494255066,-0.3763129788955369,,,,,,,4,3
2012-04-13 18:00:00+00:00,,,0.011427640914916992,0.09403593806276667,,,,,,,,,,,,,0.2601214647293091,-5.920028022092167,,,,,,,2,2
2012-04-14 00:00:00+00:00,,,0.09538888931274414,0.4124190525748932,,,,,,,,,,,,,0.19506531953811646,1.2560295723178567,,,,,,,2,2
2012-04-14 06:00:00+00:00,0.2918589115142822,0.5976798806611773,,,0.3186643719673157,0.28093001619727165,,,,,,,,,,,,,,,,,,,2,2
2012-04-14 12:00:00+00:00,0.11600589752197266,0.15469000601782282,,,0.5309929847717285,0.10241208337550006,,,,,,,,,,,,,,,,,,,2,2
2012-04-14 18:00:00+00:00,,,0.08721381425857544,-0.06029401734524877,,,,,,,,,,,,,,,,,,,,,1,1
2012-04-15 00:00:00+00:00,,,0.05088376998901367,0.3202888991272565,,,,,,,,,,,,,,,,,,,,,1,1
2012-04-15 06:00:00+00:00,,,0.06819009780883789,0.520504338373508,,,,,,,,,,,,,,,,,,,,,1,1
2012-04-15 12:00:00+00:00,0.14187651872634888,-0.3921396656940129,0.011767148971557617,1.1830980546476018,,,,,,,,,,,,,,,,,,,,,2,2
2012-04-15 18:00:00+00:00,,,0.029698848724365234,0.7572647768904577,,,,,,,,,,,,,,,,,,,,,1,1
2012-04-16 00:00:00+00:00,,,0.07713603973388672,0.42949950574147083,,,,,,,,,,,,,,,,,,,,,1,1
2012-04-16 06:00:00+00:00,,,0.08627909421920776,-12.814858042643905,,,,,,,,,,,,,,,,,,,,,1,1
2012-04-16 12:00:00+00:00,,,0.20932519435882568,0.2614390894368121,,,,,,,,,,,,,,,,,,,,,1,1
2012-04-16 18:00:00+00:00,,,0.06815922260284424,0.142369342461851,,,,,,,,,,,,,,,,,,,,,1,1
2012-04-17 00:00:00+00:00,,,0.0008641481399536133,-12.77516062997176,,,,,,,,,,,,,,,,,,,,,1,1
2012-04-17 06:00:00+00:00,,,0.03200387954711914,0.1607904687491511,,,,,,,,,,,,,,,,,,,,,1,1
2012-04-17 12:00:00+00:00,,,0.12026774883270264,0.31209217525369254,,,,,,,,,,,,,,,,,,,,,1,1
2012-04-17 18:00:00+00:00,,,0.175237774848938,0.4269150435077447,,,,,,,,,,,,,,,,,,,,,1,1
2012-04-18 00:00:00+00:00,,,0.07494747638702393,0.17467673681521403,,,,,,,,,,,,,,,,,,,,,1,1
2012-04-18 06:00:00+00:00,,,0.09871542453765869,0.22446633574593908,,,,,,,,,,,,,,,,,,,,,1,1
2012-04-18 12:00:00+00:00,,,0.2195528745651245,0.2865532363357237,,,,,,,,,,,,,,,,,,,,,1,1
2012-04-19 00:00:00+00:00,,,0.1493779420852661,0.48770601454600054,,,,,,,,,,,,,,,,,,,,,1,1
2012-04-19 06:00:00+00:00,,,0.12110942602157593,-12.516558928846946,,,,,,,,,,,,,,,,,,,,,1,1
2012-04-19 12:00:00+00:00,,,0.08149278163909912,0.10435715822859634,,,,,,,,,,,,,,,,,,,,,1,1
2012-04-19 18:00:00+00:00,0.5062981843948364,0.6100021483926235,,,0.21900296211242676,0.11600509899400814,,,,,,,,,,,,,,,,,,,3,3
2012-04-20 00:00:00+00:00,0.37444669008255005,-0.16130237611519604,,,0.5467958450317383,0.06103136025413227,,,,,,,,,,,,,,,,,,,4,3
2012-04-20 06:00:00+00:00,0.5525974929332733,-0.09012440882130789,,,0.10092806816101074,0.29302025741546617,,,,,,,,,,,,,,,,,,,3,2
2012-04-20 12:00:00+00:00,0.18666601181030273,-0.15839457527956732,,,,,,,,,,,,,,,,,,,,,,,2,1
2012-04-20 18:00:00+00:00,0.707832932472229,-8.866584256128768,,,,,,,,,,,,,,,,,,,,,,,2,1
2012-04-21 00:00:00+00:00,0.06574136018753052,0.7222948745870642,,,,,,,,,,,,,,,,,,,,,,,1,1
2012-04-21 06:00:00+00:00,0.15758895874023438,-0.011694097611115093,,,,,,,,,,,,,,,,,,,,,,,1,1
2012-04-21 12:00:00+00:00,0.4452158212661743,-18.09343391018496,,,,,,,,,,,,,,,,,,,,,,,1,1
2012-04-21 18:00:00+00:00,0.09240138530731201,0.16904613721615444,,,,,,,,,,,,,,,,,,,,,,,1,1
2012-04-22 00:00:00+00:00,0.1584453582763672,0.6697563004050073,,,,,,,,,,,,,,,,,,,,,,,1,1
2012-04-22 06:00:00+00:00,0.008659720420837402,1.0738598067290224,,,,,,,,,,,,,,,,,,,,,,,1,1
2012-04-22 12:00:00+00:00,0.17643225193023682,-0.009072473283380908,,,,,,,,,,,,,,,,,,,,,,,1,1
2012-04-22 18:00:00+00:00,0.0742483139038086,0.09232963230375464,,,,,,,,,,,,,,,,,,,,,,,1,1
2012-04-23 00:00:00+00:00,0.12126898765563965,0.03211631544067508,,,,,,,,,,,,,,,,,,,,,,,1,1
2012-04-23 06:00:00+00:00,0.06518006324768066,0.7366527928714287,,,,,,,,,,,,,,,,,,,,,,,1,1
2012-04-23 12:00:00+00:00,0.19468379020690918,0.5280908843244074,,,,,,,,,,,,,,,,,,,,,,,1,1
2012-04-23 18:00:00+00:00,0.18475759029388428,-4.744795203024261,,,,,,,,,,,,,,,,,,,,,,,1,1
2012-04-24 00:00:00+00:00,0.10078656673431396,0.39024229821425804,,,,,,,,,,,0.44490349292755127,1.868908178233173,,,,,,,,,,,2,2
2012-04-24 06:00:00+00:00,0.2767179012298584,0.6194187000231626,,,,,,,,,,,0.2611926794052124,4.556892608815007,,,,,,,,,,,2,2
2012-04-24 12:00:00+00:00,0.21248793601989746,2.1456699988591383,,,,,,,,,,,0.4354252815246582,2.7173210508675822,,,,,,,,,,,2,2
2012-04-24 18:00:00+00:00,0.1506791114807129,0.23414794033573552,,,,,,,,,,,0.38893163204193115,4.7814868461199955,,,,,,,,,,,2,2
2012-04-25 00:00:00+00:00,,,0.17607569694519043,0.5685202274817293,,,,,,,,,0.3472195863723755,4.914180887385133,,,,,,,,,,,2,2
2012-04-25 06:00:00+00:00,,,0.1630932092666626,1.106525641047931,,,,,,,,,0.3551539182662964,5.346994081663161,,,,,,,,,,,2,2
2012-04-25 12:00:00+00:00,,,0.18314385414123535,0.4050169694467374,,,,,,,,,,,0.37849104404449463,3.8486425271623683,,,,,,,,,2,2
2012-04-25 18:00:00+00:00,,,0.24013280868530273,0.36326146842789697,,,,,,,,,,,0.26355791091918945,0.9024739951388814,,,,,,,,,2,2
2012-04-26 00:00:00+00:00,,,0.13868391513824463,0.8815749587771742,,,,,,,,,,,0.35922253131866455,3.487204581120483,,,,,,,,,2,2
2012-04-26 06:00:00+00:00,,,0.14763939380645752,0.3748824802321668,,,,,,,,,,,0.317440390586853,3.046424065331619,,,,,,,,,2,2
2012-04-26 12:00:00+00:00,0.1506584882736206,1.9240806980340344,,,,,,,,,,,,,0.2865525484085083,5.4571510154782885,,,,,,,,,2,2
2012-04-26 18:00:00+00:00,0.12107479572296143,0.6904014960335937,,,,,,,,,,,,,0.48551952838897705,3.722385211328517,,,,,,,,,2,2
2012-04-27 00:00:00+00:00,0.055280208587646484,0.4879308385529577,,,,,,,,,,,,,0.4984520673751831,2.5167218648660015,,,,,,,,,2,2
2012-04-27 06:00:00+00:00,0.11261725425720215,3.530090216386804,,,,,,,,,,,,,0.5214353799819946,8.319349673914234,,,,,,,,,3,3
2012-04-27 12:00:00+00:00,,,0.09948253631591797,0.25438142638293115,,,,,,,,,,,0.4825090169906616,5.699734797416235,,,,,,,,,2,2
2012-04-27 18:00:00+00:00,,,0.15411853790283203,0.5854455423882865,,,,,,,,,,,0.6764769554138184,5.0081613216799505,,,,,,,,,2,2
2012-04-28 00:00:00+00:00,,,0.059966206550598145,0.47059099689775413,,,,,,,,,,,0.4769556522369385,5.2409488339669545,,,,,,,,,2,2
2012-04-28 06:00:00+00:00,,,0.1423865556716919,3.78458108592558,,,,,,,,,,,0.699958086013794,5.746162508293405,,,,,,,,,2,2
2012-04-28 12:00:00+00:00,,,0.129805326461792,0.46142205497965827,,,,,,,,,,,0.6406480073928833,2.731353420936512,,,,,,,,,3,3
2012-04-28 18:00:00+00:00,,,0.17371201515197754,2.175025564549624,,,,,,,,,,,0.5522356033325195,7.075438126158836,,,,,,,,,2,2
2012-04-29 00:00:00+00:00,,,0.07052302360534668,0.07355549939819243,,,,,,,,,,,0.49965882301330566,4.9589760357947,,,,,,,,,3,3
2012-04-29 06:00:00+00:00,,,0.18091106414794922,3.6892254334207664,,,,,,,,,,,0.3517110347747803,1.7816381511011918,,,,,,,,,2,2
2012-04-29 12:00:00+00:00,,,0.2793152332305908,1.92520419350814,,,,,,,,,,,0.4010956287384033,1.191604396597164,,,,,,,,,2,2
2012-04-29 18:00:00+00:00,,,0.3031381368637085,4.280421776112033,,,,,,,,,,,,,,,,,,,,,1,1
2012-04-30 00:00:00+00:00,,,0.14655399322509766,0.09753112356666878,0.24778670072555542,-0.1004227975950457,,,,,,,,,,,,,,,,,,,2,2
2012-04-30 06:00:00+00:00,,,0.1506810188293457,0.35374957392508416,0.21697688102722168,-1.6173506890318667,,,,,,,,,,,,,,,,,,,2,2
2012-04-30 12:00:00+00:00,,,0.1145937442779541,-8.405130119185685,,,,,,,,,,,,,,,,,,,,,1,1
2012-04-30 18:00:00+00:00,,,0.21331322193145752,0.8426250188887418,,,,,,,,,,,,,,,,,,,,,1,1
2012-05-01 00:00:00+00:00,,,0.17480838298797607,0.5336852379011551,,,,,,,,,,,,,,,,,,,,,1,1
2012-05-01 06:00:00+00:00,0.08928310871124268,0.21752161106970078,,,0.8674756288528442,-0.36809798714231196,,,,,,,,,,,,,,,,,,,2,2
2012-05-01 12:00:00+00:00,0.020755648612976074,0.15717704373199182,0.7281129360198975,3.0235477138514764,,,,,,,,,,,,,,,,,,,,,2,2
2012-05-01 18:00:00+00:00,,,0.1901484727859497,1.7738286525025242,,,,,,,,,,,,,,,,,,,,,1,1
2012-05-02 00:00:00+00:00,,,0.006260275840759277,-0.03766972506794184,,,,,,,,,,,,,,,,,,,,,2,2
2012-05-02 06:00:00+00:00,,,0.021020889282226562,-0.03819893025380819,,,,,,,,,,,,,,,,,,,,,1,1
2012-05-02 12:00:00+00:00,,,0.3034931421279907,0.728244811275094,,,,,,,,,,,,,,,,,,,,,2,2
2012-05-02 18:00:00+00:00,,,0.10470283031463623,2.607887327730045,,,,,,,,,,,,,,,,,,,,,1,1
2012-05-03 00:00:00+00:00,,,0.08766436576843262,0.0896792403033652,,,0.19008761644363403,-5.2546060690337155,,,,,,,,,,,,,,,,,2,2
2012-05-03 06:00:00+00:00,,,0.20835113525390625,1.8858586048378454,,,0.22774440050125122,-1.751822086306214,,,,,,,,,,,,,,,,,2,2
2012-05-03 12:00:00+00:00,,,0.08533692359924316,2.8357714340513187,,,,,,,,,0.1707330346107483,-1.7086264167104992,,,,,,,,,,,2,2
2012-05-03 18:00:00+00:00,,,0.27740609645843506,0.6222291907184051,0.4222702383995056,-0.15427147306587713,,,,,,,0.35734671354293823,-2.1823964301243124,,,,,,,,,,,3,3
2012-05-04 00:00:00+00:00,,,0.13360202312469482,0.5171706766293931,,,0.36199140548706055,-9.151422243966588,,,,,,,,,,,,,,,,,2,2
2012-05-04 06:00:00+00:00,,,0.055212974548339844,1.5048099122274978,,,,,,,,,0.5667768716812134,-5.971532787910173,,,,,,,,,,,2,2
2012-05-04 12:00:00+00:00,,,0.13814949989318848,0.6469597687684429,,,,,,,,,0.38918566703796387,-7.051043797277125,,,,,,,,,,,2,2
2012-05-04 18:00:00+00:00,,,0.0881185531616211,0.600824077625718,,,,,,,,,0.39336466789245605,-8.746574458965377,,,,,,,,,,,3,3
2012-05-05 00:00:00+00:00,,,,,0.07354485988616943,-0.1276467796432286,,,0.3768160939216614,-6.2623455069022,,,0.15516650676727295,-0.014389698827147539,,,,,,,,,,,3,3
2012-05-05 06:00:00+00:00,0.24141687154769897,-0.17794480968466755,,,0.13261914253234863,1.328389245203254,,,0.3789367079734802,-13.371764787519595,,,0.06412935256958008,0.13760550263920052,,,,,,,,,,,4,4
2012-05-05 12:00:00+00:00,0.08173829317092896,0.15538775642298408,,,0.13397467136383057,0.9297410734314137,,,0.35534799098968506,-9.580240729297335,,,,,0.2397143840789795,-2.084477820790601,,,0.009183049201965332,0.6058916430905292,,,,,5,5
2012-05-05 18:00:00+00:00,0.06090742349624634,0.19286143778078627,0.10703480243682861,0.12932382572647855,,,,,0.39664822816848755,-6.595428192470806,,,,,0.5057169198989868,-6.323200425896273,,,0.0834471583366394,-0.6232002089864497,0.5198301076889038,-0.20608162567653132,,,7,7
2012-05-06 00:00:00+00:00,0.16316699981689453,0.2145143661264603,0.12466001510620117,0.05331480003424482,,,,,0.3738299012184143,-6.931723278440678,,,,,0.42436546087265015,-10.117130550368426,,,0.0036377906799316406,-0.28503714495393073,0.6567800641059875,-0.5646030409760517,,,7,7
2012-05-06 06:00:00+00:00,0.32549095153808594,0.37391876994829204,,,0.15383076667785645,0.7441847434739334,,,0.41059207916259766,-6.632380872378177,,,,,0.41261255741119385,-8.930758010640393,,,0.5067423582077026,0.33935017412105994,,,,,6,6
2012-05-06 12:00:00+00:00,0.12634217739105225,0.021147214934305967,,,0.1733618974685669,0.43914872132472504,,,0.45321547985076904,-12.448226929674139,,,,,0.3391342759132385,-5.853763433845488,,,,,,,,,6,5
2012-05-06 18:00:00+00:00,0.2244575023651123,0.7277128834738515,,,0.03994607925415039,-9.269705220706228,,,0.3278036117553711,-3.935074096444293,,,,,0.3863634467124939,-3.226682700886969,,,,,,,,,6,5
2012-05-07 00:00:00+00:00,0.11560523509979248,-0.7726465892197553,,,0.038512229919433594,-0.01984319007234601,,,0.38460052013397217,2.202110760362641,,,,,0.46780508756637573,-11.79556786221555,,,0.15909230709075928,-0.2023371691887653,0.38437986373901367,-0.13729421071640643,,,7,7
2012-05-07 06:00:00+00:00,0.269547700881958,1.2677391476485471,0.04482710361480713,0.8133418822933924,0.11095583438873291,-0.13220871436661438,,,0.45121484994888306,-7.693401045953166,,,,,0.5435366630554199,-5.383928420757981,,,0.3447195291519165,0.08367415908182572,0.19038259983062744,0.6113424194633019,,,8,8
2012-05-07 12:00:00+00:00,0.06408590078353882,-0.015115997709122597,,,0.361206591129303,-11.744975511351429,,,0.4671182632446289,-9.694172855387913,,,,,0.5879420340061188,-4.40138242992747,,,0.06010490655899048,0.3907617405806883,0.19711995124816895,-0.15551721192004986,,,8,8
2012-05-07 18:00:00+00:00,0.12398266792297363,0.6170797408550968,0.03305625915527344,0.19366491004172054,0.10136568546295166,0.6070180210449777,,,0.4155265688896179,-5.739052962915421,,,,,0.47149717807769775,-7.459787279052964,,,0.25164514780044556,0.4247435218840786,0.0030393600463867188,0.08729878699844387,,,9,8
2012-05-08 00:00:00+00:00,0.21299850940704346,0.4865390965812286,0.15907061100006104,0.6312161402473686,0.0016837120056152344,0.02505199778674117,,,0.3381090760231018,-2.3632233957884328,,,,,0.5127134621143341,-10.559760486937273,,,0.06563055515289307,-0.4509706973826342,0.11636769771575928,0.34445141056425627,,,9,9
2012-05-08 06:00:00+00:00,0.0035578012466430664,0.3093856964681029,0.3875075578689575,0.8948191508087975,,,,,0.3616560101509094,-3.1821354508206827,,,,,0.44888991117477417,-8.153644328487244,,,0.15064096450805664,-0.8258482944048274,0.07006943225860596,1.3118471100906748,,,11,10
2012-05-08 12:00:00+00:00,0.19187867641448975,-0.01602845613543472,0.03245210647583008,0.24113452273187744,,,,,0.44953399896621704,-3.8052238777943588,0.12842398881912231,0.43166728933322324,,,0.42830145359039307,-4.873789635447234,,,0.24877440929412842,-0.34880922847445417,,,,,10,9
2012-05-08 18:00:00+00:00,0.11216878890991211,-0.10413609223723204,0.1804811954498291,0.2285502492485161,,,,,0.29596370458602905,-2.459174147695894,0.10669255256652832,-0.03232796464345291,,,0.4006587862968445,-12.388163704307255,,,0.5007745325565338,-0.11704911681886239,,,,,10,9
2012-05-09 00:00:00+00:00,0.0836026668548584,0.23453310238005626,0.3839118480682373,0.4367062280110435,,,,,0.3384774327278137,-2.266339062874307,0.6055415868759155,-8.312453177717432,,,0.47464150190353394,-6.928978845097853,,,,,,,,,10,8
2012-05-09 06:00:00+00:00,0.00046503543853759766,0.6240344187881951,0.47719913721084595,-16.36663594483859,,,,,0.15929633378982544,4.284268139073422,0.24267077445983887,0.5445628320082265,,,0.3636709451675415,-5.021606787686367,0.3957345485687256,-5.742876148177888,,,,,,,8,7
2012-05-09 12:00:00+00:00,0.15286290645599365,-0.0773155657274086,0.26227474212646484,0.7679997796669603,,,,,0.33878058195114136,-6.0652084712127685,,,,,0.3152931332588196,-2.6964052325915997,0.4062110185623169,-3.5951911004804304,,,,,,,6,6
2012-05-09 18:00:00+00:00,0.01312631368637085,0.42151693646401867,0.36523473262786865,0.7536898409142792,,,,,0.4568202495574951,-3.9055947232897545,0.11388349533081055,-2.8452621116995966,,,0.3890500068664551,-3.56490282846219,0.49639999866485596,-6.985679010832506,,,,,,,7,7
2012-05-10 00:00:00+00:00,,,0.04662954807281494,0.6640428297524368,,,,,0.3094179630279541,-8.183612494100686,0.3831733465194702,-2.868719815592748,,,,,0.5336560606956482,-3.7891007708556788,,,,,,,6,6
2012-05-10 06:00:00+00:00,,,0.05906558036804199,0.26706701623884227,,,,,0.2148621678352356,-0.6116420273687665,0.4807046055793762,-1.5075586317600915,,,,,0.4916486144065857,-2.701278791543364,,,,,,,4,4
2012-05-10 12:00:00+00:00,,,0.19947683811187744,-0.1743443187245433,,,,,0.6257753074169159,-2.5457825514719983,,,,,,,0.2072262167930603,-0.6678531655209811,,,,,,,3,3
2012-05-10 18:00:00+00:00,,,0.2871358394622803,0.1659462123934357,,,,,0.2326032519340515,-0.9732692073318777,,,,,,,0.3886440396308899,-4.544324479203525,,,,,,,3,3
2012-05-11 00:00:00+00:00,,,0.038552939891815186,-0.13758075345513482,,,,,0.4964514970779419,-2.9044788255888903,,,,,0.6902509927749634,3.9815968818956047,0.305202841758728,-0.5216928895364437,,,,,,,4,4
2012-05-11 06:00:00+00:00,,,0.08664119243621826,-0.047152016908452894,,,,,0.42223644256591797,-7.7795305155939625,,,,,0.4084625244140625,3.2452425023627955,0.2634647488594055,-0.3844042637829996,,,,,,,4,4
2012-05-11 12:00:00+00:00,,,0.48883676528930664,1.331223062737035,,,,,0.3924126625061035,-7.955305402385019,,,,,0.5346388816833496,5.3438887544423,,,,,,,,,3,3
2012-05-11 18:00:00+00:00,,,0.017140567302703857,-1.5130040108061327,,,,,0.0714714527130127,-0.6357295082385845,,,,,0.556937575340271,2.5901717942507703,,,,,,,,,3,3
2012-05-12 00:00:00+00:00,,,0.16216588020324707,0.05009046950576613,,,,,0.10604959726333618,-1.005487267974494,,,,,0.3248668909072876,0.6833446709906399,0.09237253665924072,-0.034752197863327255,,,,,,,4,4
2012-05-12 06:00:00+00:00,,,0.3596630096435547,-0.19132580452847558,,,,,,,,,,,0.4850548505783081,5.124124997770226,,,,,,,,,2,2
2012-05-12 12:00:00+00:00,,,0.04298621416091919,-0.2013310562266729,,,,,,,,,,,0.48937737941741943,4.320535800256783,,,,,,,,,2,2
2012-05-12 18:00:00+00:00,,,0.05241191387176514,0.6377584763085202,,,,,,,,,,,0.35074281692504883,4.752105959733612,,,,,,,,,2,2
2012-05-13 00:00:00+00:00,,,0.2683708667755127,0.5955253249776499,,,,,,,,,,,0.4672805070877075,5.559456905075207,,,,,,,,,2,2
2012-05-13 06:00:00+00:00,,,0.24369001388549805,-0.22546135924214886,,,,,,,,,,,0.4840966463088989,3.052968196657425,,,,,,,,,2,2
2012-05-13 12:00:00+00:00,,,0.05210566520690918,-0.3472345748666162,,,,,,,,,,,0.6427251100540161,4.6453252664516524,,,,,,,,,2,2
2012-05-13 18:00:00+00:00,0.6676715612411499,0.42083598081077067,0.3718070387840271,-3.368514574639938,,,,,,,,,,,0.6198099851608276,7.386729727751782,,,,,,,,,3,3
2012-05-14 00:00:00+00:00,,,0.49310535192489624,-12.109993105959118,,,,,,,,,,,0.47253453731536865,5.430123959267511,,,,,,,,,2,2
2012-05-14 06:00:00+00:00,,,0.5192962884902954,0.7497515171235394,0.8213040381669998,-0.2487426121189805,,,,,,,,,0.5427696704864502,5.204716708689374,,,,,,,,,3,3
2012-05-14 12:00:00+00:00,,,0.18499219417572021,0.16342560871318668,,,,,,,,,,,0.5549215078353882,5.505165076051703,,,,,,,,,3,2
2012-05-14 18:00:00+00:00,,,0.17904287576675415,-0.25745700197682075,,,,,,,,,,,0.45504987239837646,4.577415903397543,,,,,,,,,3,2
2012-05-15 00:00:00+00:00,0.13088548183441162,0.5793626577985963,,,,,,,,,,,,,,,0.5826159715652466,3.9937629728543778,,,,,,,2,2
2012-05-15 06:00:00+00:00,,,0.08964109420776367,0.7832662919625737,,,,,,,,,,,,,0.5926212072372437,3.615676157421249,,,,,,,2,2
2012-05-15 12:00:00+00:00,,,0.1613248586654663,0.15591178014507465,,,,,,,,,,,,,0.4753166437149048,7.377720139730758,,,,,,,2,2
2012-05-15 18:00:00+00:00,,,0.06190931797027588,0.38011174891272503,,,,,,,,,,,,,0.47190940380096436,2.950728460874719,,,,,,,2,2
2012-05-16 00:00:00+00:00,,,0.3218553066253662,0.08394517876212297,,,,,,,,,,,,,0.4166504144668579,4.504528115908392,,,,,,,2,2
2012-05-16 06:00:00+00:00,,,0.10179150104522705,1.0150654685951332,,,,,,,,,,,,,0.41963887214660645,0.8293092157166858,,,,,,,2,2
2012-05-16 12:00:00+00:00,,,0.10098791122436523,-0.43884251645719397,,,,,,,,,,,,,0.21162080764770508,2.158179449456407,,,,,,,2,2
2012-05-16 18:00:00+00:00,,,,,0.6707732677459717,-0.24590354881976445,,,,,,,,,,,0.5851256847381592,1.7974678155242565,,,,,,,2,2
2012-05-17 00:00:00+00:00,,,,,0.029475390911102295,0.1832821928252772,,,,,,,,,,,,,,,,,,,1,1
2012-05-17 06:00:00+00:00,,,0.47575587034225464,1.4298355579360935,0.08545893430709839,0.24358040291716768,,,,,,,,,,,,,,,,,,,2,2
2012-05-17 12:00:00+00:00,,,,,0.383647620677948,0.19711689804028149,,,,,,,,,,,,,,,,,,,2,1
2012-05-17 18:00:00+00:00,,,,,,,,,,,,,,,,,,,,,,,,,1,0
2012-05-18 00:00:00+00:00,,,,,,,,,0.44991934299468994,-0.736496421757244,,,,,,,,,,,,,,,1,1
2012-05-18 06:00:00+00:00,,,,,,,,,0.4416632056236267,-2.5114026513723853,,,,,,,,,,,,,,,1,1
2012-05-18 12:00:00+00:00,,,,,,,,,0.3663436770439148,-2.7002913948114564,,,,,,,,,,,,,,,1,1
2012-05-18 18:00:00+00:00,,,,,,,,,0.6669777631759644,-3.491079716828707,,,,,,,,,,,,,,,1,1
2012-05-19 00:00:00+00:00,,,,,,,,,0.708491712808609,-3.4145724084538385,,,,,,,,,,,,,,,1,1
2012-05-19 06:00:00+00:00,,,,,,,,,0.5914063155651093,-4.871732020791899,,,,,,,,,,,,,,,1,1
2012-05-19 12:00:00+00:00,,,,,,,,,0.4995001554489136,-5.84575747731952,,,,,,,,,,,,,,,1,1
2012-05-19 18:00:00+00:00,,,,,,,,,0.3263258934020996,-3.4616500319654704,,,,,,,,,,,,,,,1,1
2012-05-20 00:00:00+00:00,,,,,,,,,0.5023300647735596,-9.735265755250042,,,,,,,,,,,,,,,1,1
2012-05-20 06:00:00+00:00,,,,,0.3419220447540283,0.2913639008288315,,,0.47221434116363525,-6.919497907515767,,,,,,,,,,,,,,,2,2
2012-05-20 12:00:00+00:00,,,,,0.08846175670623779,-1.9506631091037419,,,0.44487446546554565,-5.117455380084861,,,,,,,,,,,,,,,2,2
2012-05-20 18:00:00+00:00,,,,,0.23512721061706543,0.16412629568232878,,,0.27434277534484863,3.832179264755305,,,,,,,,,,,,,,,2,2
2012-05-21 00:00:00+00:00,0.10737574100494385,0.19120226862366052,,,0.11987102031707764,0.06280735887381789,,,0.4286915063858032,-6.899821835168805,,,,,,,,,,,,,,,3,3
2012-05-21 06:00:00+00:00,0.14300912618637085,-0.22137103597366434,,,0.12308216094970703,-0.06556063533132828,,,0.1959412693977356,-1.9203201672984331,,,,,,,,,,,,,,,3,3
2012-05-21 12:00:00+00:00,0.09719669818878174,0.7563419478851302,,,0.13827013969421387,-0.8518728727917879,,,0.17039328813552856,-0.89398697155754,,,,,,,,,,,,,,,3,3
2012-05-21 18:00:00+00:00,0.02823460102081299,0.01853555462880101,,,0.11023622751235962,-1.153176223962755,,,,,0.3392130732536316,-5.306723713765399,,,,,,,,,,,,,3,3
2012-05-22 00:00:00+00:00,0.23434782028198242,0.30149008626188634,,,0.18238157033920288,-0.0882137002833855,,,,,0.11148369312286377,-0.2714922418496516,,,,,,,,,,,,,3,3
2012-05-22 06:00:00+00:00,0.15845978260040283,0.16167861196417932,,,0.33865439891815186,0.3156667118804672,,,,,,,,,,,,,,,,,,,2,2
2012-05-22 12:00:00+00:00,0.08965003490447998,-1.3776541540998113,,,0.02621316909790039,0.17302161665247956,,,,,,,,,,,,,,,,,,,2,2
2012-05-22 18:00:00+00:00,0.03449118137359619,0.07390458452246867,,,0.4408424496650696,-0.18694424159425405,,,,,,,,,,,,,0.10646331310272217,-0.19574932966188732,,,,,3,3
2012-05-23 00:00:00+00:00,0.0029352903366088867,1.914025426055081,,,0.321972131729126,0.10748317884747582,,,,,,,,,,,,,0.06248581409454346,0.3122710924239449,,,,,3,3
2012-05-23 06:00:00+00:00,0.14798080921173096,-4.635327313099758,,,0.03389739990234375,-0.16729540246019856,,,,,,,,,,,,,0.11817061901092529,-7.074060878104128,,,,,3,3
2012-05-23 12:00:00+00:00,0.1084909439086914,0.19802673980931673,,,0.49972331523895264,0.25430458184193505,,,,,,,,,,,,,0.03125631809234619,-9.574004732883624,,,,,3,3
2012-05-23 18:00:00+00:00,0.017793893814086914,-0.0013134290606576927,,,0.054466843605041504,0.28984959939711163,,,,,,,,,,,,,0.20153915882110596,1.320774419515058,,,,,3,3
2012-05-24 00:00:00+00:00,0.14374792575836182,-4.121651196444564,,,0.18652629852294922,0.3014839476945591,,,,,,,,,,,,,0.037924766540527344,-6.095721084070435,,,,,3,3
2012-05-24 06:00:00+00:00,0.16957199573516846,1.3057880288199712,,,0.3639034032821655,0.28234245962551585,,,,,,,,,,,,,0.20552003383636475,0.3587447901358583,,,,,3,3
2012-05-24 12:00:00+00:00,0.5198339223861694,18.43804429363014,,,,,,,,,,,,,,,,,0.06550288200378418,-2.6343648262242896,,,,,2,2
2012-05-25 06:00:00+00:00,,,0.18006742000579834,0.7236660183701888,,,,,,,,,,,,,,,0.17600011825561523,0.12476865152048437,0.3403313159942627,1.3496794434932324,,,3,3
2012-05-25 12:00:00+00:00,,,0.06403088569641113,0.7350245559712871,,,,,,,,,,,,,,,0.12085044384002686,1.3806328512074544,0.4147719144821167,0.8139827843009579,,,3,3
2012-05-25 18:00:00+00:00,,,0.20127367973327637,0.36160718863812535,,,,,,,,,,,,,,,0.2739729881286621,1.5509097172518806,0.1322302222251892,0.031844410572611004,,,3,3
2012-05-26 00:00:00+00:00,,,0.17892634868621826,0.455547788829766,,,,,,,,,,,,,,,0.18860197067260742,1.0367609079523779,,,,,2,2
2012-05-26 06:00:00+00:00,,,0.13495242595672607,1.4687406779769867,,,,,,,,,,,,,,,0.17022693157196045,1.0204745675064566,,,,,2,2
2012-05-26 12:00:00+00:00,,,0.19958007335662842,0.8145703724979853,,,,,,,,,,,,,,,,,0.3965030908584595,9.878419696154706,,,2,2
2012-05-26 18:00:00+00:00,,,0.13952279090881348,0.4041161271705658,,,,,,,,,,,,,,,,,0.2361149787902832,3.4012962640786792,,,2,2
2012-05-27 00:00:00+00:00,,,0.17023253440856934,0.3033635388623588,,,,,,,,,,,,,,,,,0.21244168281555176,3.431126942869186,,,2,2
2012-05-27 06:00:00+00:00,,,0.12739276885986328,0.6678470931220173,,,,,,,,,,,,,,,,,0.2308129072189331,1.7869069272135378,,,3,3
2012-05-27 12:00:00+00:00,,,0.13678419589996338,-0.0374697959607549,0.24597156047821045,0.8288999920216777,,,,,,,,,,,,,,,0.28180742263793945,5.676675294993968,,,3,3
2012-05-27 18:00:00+00:00,,,0.1750953197479248,1.8552898686211188,0.1053307056427002,0.7688886412009729,,,,,,,,,,,,,,,0.17612624168395996,3.059343333465209,,,4,4
2012-05-28 00:00:00+00:00,,,0.05717670917510986,0.5006925348870976,,,,,,,,,,,0.26712000370025635,2.3809427682119284,,,,,0.16936588287353516,4.599410254305225,,,4,3
2012-05-28 06:00:00+00:00,,,0.24532294273376465,0.4243767578416789,,,,,,,,,,,0.5026971101760864,12.97421756194224,,,,,0.2648584842681885,7.597651312764148,,,3,3
2012-05-28 12:00:00+00:00,,,0.11046874523162842,0.8006470717338166,,,,,,,,,,,,,,,,,0.33195722103118896,4.0457922719504165,,,3,3
2012-05-28 18:00:00+00:00,,,0.28623414039611816,0.5569783115592684,,,,,,,,,,,0.28446900844573975,5.941831166396502,,,,,,,0.1670159101486206,0.4709050292655432,3,3
2012-05-29 00:00:00+00:00,,,0.27584969997406006,4.170726157106353,,,,,,,,,,,0.26247739791870117,6.587474061387279,,,,,,,0.30413293838500977,4.728580911230892,3,3
2012-05-29 06:00:00+00:00,,,0.23212361335754395,0.9034991150160772,,,,,,,,,,,0.2797975540161133,5.794977843167233,,,,,,,0.3900951147079468,0.5129386682806142,3,3
2012-05-29 12:00:00+00:00,,,0.31215715408325195,0.1693478365388813,,,,,,,,,,,,,0.10063028335571289,1.066804536920158,,,0.20302128791809082,4.180429277742063,0.32211005687713623,1.3184153870674102,4,4
2012-05-29 18:00:00+00:00,,,0.039168357849121094,0.004257820193114501,,,,,,,,,0.4985048770904541,-5.941544391108137,,,,,,,0.2740069627761841,2.4667042949935105,,,3,3
2012-05-30 00:00:00+00:00,,,0.003901243209838867,0.29961748692916595,,,,,,,,,0.5558183789253235,-2.615902517492664,,,,,,,0.34342479705810547,7.495493844657824,,,3,3
2012-05-30 06:00:00+00:00,,,0.09060704708099365,-0.3139180655331669,,,,,,,,,0.4017133116722107,-4.828350869296299,,,,,,,0.23389112949371338,2.8045816998865116,,,3,3
2012-05-30 12:00:00+00:00,,,0.06528747081756592,-21.695809510343036,,,,,,,,,0.5543659329414368,-7.3841521307273705,,,,,,,0.20626556873321533,3.076874534446289,,,3,3
2012-05-30 18:00:00+00:00,,,0.09795486927032471,0.2547178150235965,,,,,,,,,0.37900739908218384,-4.899273217290042,,,,,,,0.2483971118927002,1.3822973551136704,,,3,3
2012-05-31 00:00:00+00:00,,,0.14847278594970703,-22.770523289859657,,,,,,,,,0.504336029291153,-10.664826117589891,,,,,,,,,0.21717286109924316,2.472305869588944,3,3
2012-05-31 06:00:00+00:00,,,0.08430361747741699,0.1224613986202624,,,,,,,,,,,0.5036869645118713,-5.722156335470842,,,,,,,0.22664403915405273,0.5216068000097613,3,3
2012-05-31 12:00:00+00:00,,,0.22133004665374756,0.05244630656067563,,,,,,,,,,,0.6025942265987396,-8.845789602585597,,,,,0.07191133499145508,0.6108856100238867,0.26038455963134766,3.854481557027389,5,5
2012-05-31 18:00:00+00:00,,,0.032683491706848145,-22.983609469876146,,,,,,,,,,,0.39636003971099854,-1.9103445471588414,,,,,,,0.15712201595306396,2.0167309871352543,3,3
2012-06-01 00:00:00+00:00,,,0.18781614303588867,1.212245797033934,,,,,,,,,0.5349186956882477,-9.6413211669022,,,,,,,,,0.23662376403808594,0.838129602274997,3,3
2012-06-01 06:00:00+00:00,0.09943389892578125,-0.339388612029918,0.12654387950897217,0.1765597651828982,,,,,,,,,,,0.4406355023384094,-10.379071940123984,,,,,,,0.20998013019561768,2.348127255082405,4,4
2012-06-01 12:00:00+00:00,0.1428542137145996,-0.38663254965409977,0.21751415729522705,1.672387376345367,,,,,0.9215112924575806,-4.4305338952688045,,,,,0.5194323360919952,-6.875531210225687,0.17616677284240723,-0.10177193130137153,,,,,0.1441946029663086,2.3525110435521484,6,6
2012-06-01 18:00:00+00:00,0.055864930152893066,-0.08013213820934002,0.24477684497833252,2.8099370991464494,,,,,0.5226240158081055,-2.7183532868188864,,,0.4195036292076111,-2.6440786787365202,0.5463058054447174,-13.269928233791523,,,,,,,0.05193209648132324,0.5474624246292341,6,6
2012-06-02 00:00:00+00:00,0.047221481800079346,0.20556855823280412,0.021997928619384766,0.30615793633694643,,,,,0.6308946013450623,-2.854089844885611,,,0.6044760346412659,-5.223138941940705,0.5369178652763367,-8.25365159360294,,,,,,,0.0532529354095459,-5.3778028162688525,7,7
2012-06-02 06:00:00+00:00,0.08192175626754761,-1.1423106054633791,0.18728291988372803,0.39113187270577304,,,,,0.49438565969467163,-6.124517784984343,,,0.46652328968048096,-5.323015599339345,0.4933096170425415,-7.199717051503656,,,,,,,0.07106935977935791,-11.295411569011952,7,7
2012-06-02 12:00:00+00:00,0.09200131893157959,1.1980814672403608,0.22232234477996826,0.7352025080282949,,,,,0.42314374446868896,-5.428550240267308,,,,,0.5538914501667023,-9.055444531433169,,,,,0.0461115837097168,0.12562444334369482,0.03755342960357666,-0.0881584106394204,6,6
2012-06-02 18:00:00+00:00,0.04371964931488037,0.051281873530151394,,,0.07957029342651367,0.3568764524563831,,,0.6504980325698853,-5.3640339986802665,,,,,0.583533376455307,-12.013843150323613,,,,,0.2231646180152893,0.14639825761892947,0.1381361484527588,1.4389121122413242,6,6
2012-06-03 00:00:00+00:00,0.0673721432685852,-0.14599705977493035,,,0.1319066286087036,-0.02368279974883766,,,0.5206559896469116,-4.162923173390478,,,,,0.5788277089595795,-8.21705301329832,,,,,0.14428579807281494,-0.293276945685577,0.11678719520568848,0.8596942495338675,6,6
2012-06-03 06:00:00+00:00,0.028512239456176758,0.4100062285654868,,,0.051079630851745605,0.31648467797202723,,,0.5880533456802368,-8.211539900987079,,,,,0.5455780029296875,-6.4176097017587574,,,,,0.03325676918029785,0.2227289900017854,0.054327309131622314,0.018831741514847632,6,6
2012-06-03 12:00:00+00:00,0.08323335647583008,0.2946226974285937,,,0.12916648387908936,0.18382629719162713,,,0.6559939980506897,-11.281695092669956,,,,,0.559038519859314,-7.127944491379514,0.25582003593444824,0.035182531030723836,,,0.09306681156158447,-0.1996330449512508,0.07859337329864502,0.0743645510136286,7,7
2012-06-03 18:00:00+00:00,,,,,0.1194542646408081,0.09735756245890798,,,,,,,,,0.26868385076522827,-1.88211108097457,0.06303632259368896,-0.37542242493436967,0.42915040254592896,-0.11940321418552861,0.04695558547973633,-0.5734915358182892,,,7,7
2012-06-04 00:00:00+00:00,0.17717421054840088,0.34697749455778193,,,0.16718780994415283,0.3785167228405256,,,0.658362478017807,-9.44191038990322,,,,,0.611444741487503,-10.545246002441855,0.5028738975524902,-0.11346294201837989,,,0.07799315452575684,-0.25040055288517266,,,6,6
2012-06-04 06:00:00+00:00,0.3457791805267334,0.882569547509415,,,0.16235613822937012,0.6433476822042351,,,0.4145052433013916,-10.312165378335495,,,,,0.5914826989173889,-7.699712007664685,,,,,0.253589391708374,-0.48976485279565657,,,5,5
2012-06-04 12:00:00+00:00,,,,,0.10078918933868408,0.883652163520727,,,0.41983848810195923,-1.9121373231712548,,,,,0.635239839553833,-8.015691210227523,,,,,,,,,4,3
2012-06-04 18:00:00+00:00,,,,,0.029258787631988525,0.24993081888087967,,,0.284887433052063,-0.7762892848743068,,,,,0.648076057434082,-8.53550092818711,0.35542047023773193,-0.5813723528919285,,,,,,,4,4
2012-06-05 00:00:00+00:00,,,,,0.0713455080986023,0.019050361204594742,,,,,,,,,0.6216827034950256,-11.180763121954222,0.5873499810695648,-0.7267825680195491,,,,,,,3,3
2012-06-05 06:00:00+00:00,,,,,0.31802570819854736,0.686908192063269,,,,,,,,,0.6281701922416687,-6.898241790460433,0.19587969779968262,-1.3150243829722401,,,,,,,3,3
2012-06-05 12:00:00+00:00,,,,,0.15825551748275757,0.6250139118875008,,,,,,,,,0.6271791458129883,-8.00062165084043,,,,,,,,,2,2
2012-06-05 18:00:00+00:00,,,,,0.14449840784072876,0.07414626308603073,,,,,,,,,0.6620227694511414,-8.883899968331276,,,,,,,,,3,3
2012-06-06 06:00:00+00:00,,,,,0.8121016025543213,0.36285853221677217,,,,,,,,,0.7802260220050812,-5.091257075902972,0.5772042274475098,-5.336665418846776,,,,,,,3,3
2012-06-06 12:00:00+00:00,,,,,,,,,,,,,,,0.6665106415748596,-7.455540478529095,0.4605463147163391,-2.5652454714765573,,,,,,,4,3
2012-06-06 18:00:00+00:00,,,,,,,,,,,,,,,,,0.6313695311546326,-5.316931365903655,,,,,,,2,2
2012-06-07 00:00:00+00:00,,,,,,,,,,,,,,,,,0.6486854553222656,-7.743994344317283,,,,,,,2,2
2012-06-07 06:00:00+00:00,,,,,,,,,,,,,,,,,0.5446289479732513,-4.4203388035861675,,,,,,,2,2
2012-06-07 12:00:00+00:00,,,,,,,,,,,,,,,,,0.6072696149349213,-4.603799016784053,,,,,,,1,1
2012-06-07 18:00:00+00:00,,,,,,,,,,,,,,,,,0.6014286577701569,-4.548773004243712,,,,,,,1,1
2012-06-08 00:00:00+00:00,,,,,,,,,,,,,,,,,,,,,,,,,0,0
2012-06-08 06:00:00+00:00,,,,,,,,,,,,,,,,,,,,,,,,,0,0
2012-06-08 12:00:00+00:00,,,,,,,,,,,,,,,,,,,,,,,,,0,0
2012-06-08 18:00:00+00:00,,,,,,,,,,,,,,,,,,,,,,,,,0,0
2012-06-09 00:00:00+00:00,,,,,,,,,,,,,,,0.7633489370346069,3.484081971995947,,,,,,,,,1,1
2012-06-09 06:00:00+00:00,,,,,,,,,,,,,,,0.6180208921432495,3.2213230491639897,,,,,,,,,1,1
2012-06-09 12:00:00+00:00,,,,,,,,,,,,,,,0.6465306282043457,5.068709986256366,,,,,,,,,1,1
2012-06-09 18:00:00+00:00,,,,,,,,,,,,,,,0.7417298555374146,8.607099137847731,,,,,,,,,1,1
2012-06-10 00:00:00+00:00,,,,,,,,,,,,,,,0.6955580711364746,10.256862639385114,,,,,,,,,1,1
2012-06-10 06:00:00+00:00,,,,,,,,,,,,,,,0.7142962217330933,5.412828828388498,,,,,,,,,1,1
2012-06-10 12:00:00+00:00,,,,,,,,,,,,,,,0.5434756278991699,6.089012446961644,,,,,,,,,1,1
2012-06-10 18:00:00+00:00,,,,,,,,,,,,,,,0.5764338970184326,4.619195126096683,,,,,,,,,1,1
2012-06-11 00:00:00+00:00,,,,,,,,,,,,,,,0.4456758499145508,3.5636768951081095,,,,,,,,,1,1
2012-06-11 06:00:00+00:00,,,,,,,,,,,,,,,0.47534608840942383,7.518470652555832,,,,,,,,,1,1
2012-06-11 12:00:00+00:00,,,,,,,,,,,,,,,0.3480355739593506,1.6541052189498306,,,,,,,,,1,1
2012-06-11 18:00:00+00:00,,,,,,,,,,,,,,,0.375186562538147,2.026332159816332,,,,,,,,,1,1
2012-06-12 00:00:00+00:00,,,,,,,,,,,,,,,0.547783613204956,2.5596310463541,,,,,,,,,1,1
2012-06-12 06:00:00+00:00,,,,,,,,,,,,,,,0.3289313316345215,3.338533087479258,,,,,,,,,1,1
2012-06-12 12:00:00+00:00,,,,,,,,,,,,,,,,,0.49419426918029785,2.5916551975768214,,,,,,,1,1
2012-06-12 18:00:00+00:00,,,,,,,,,,,,,,,,,,,,,,,,,0,0
2012-06-13 00:00:00+00:00,,,,,,,,,,,,,,,,,,,,,,,,,0,0
2012-06-13 06:00:00+00:00,,,,,,,,,,,,,,,,,,,,,,,,,0,0
2012-06-13 12:00:00+00:00,,,,,,,,,,,,,,,,,,,,,,,,,0,0
2012-06-13 18:00:00+00:00,,,,,,,,,,,,,,,,,,,,,,,,,0,0
2012-06-14 00:00:00+00:00,,,,,,,,,,,,,,,,,,,,,,,,,0,0
2012-06-14 06:00:00+00:00,,,,,,,,,,,,,,,,,,,,,,,,,0,0
2012-06-14 12:00:00+00:00,,,,,,,,,,,,,,,,,,,,,,,,,0,0
2012-06-14 18:00:00+00:00,,,,,,,,,,,,,,,,,,,,,,,,,0,0
2012-06-15 00:00:00+00:00,,,,,,,,,,,,,,,,,,,,,,,,,0,0
2012-06-15 06:00:00+00:00,,,,,,,,,,,,,,,,,,,,,,,,,0,0
2012-06-15 12:00:00+00:00,,,,,,,,,,,,,,,,,,,,,,,,,0,0
2012-06-15 18:00:00+00:00,,,,,,,,,,,,,,,,,,,,,,,,,0,0
2012-06-16 00:00:00+00:00,,,,,,,,,,,,,,,,,,,,,,,,,0,0
2012-06-16 06:00:00+00:00,,,,,,,,,,,,,,,,,,,,,,,,,0,0
2012-06-16 12:00:00+00:00,,,,,,,,,,,,,,,,,,,,,,,,,0,0
2012-06-16 18:00:00+00:00,,,,,,,,,,,,,,,,,,,,,,,,,0,0
2012-06-17 00:00:00+00:00,,,,,,,,,,,,,,,,,,,,,,,,,0,0
2012-06-17 06:00:00+00:00,,,,,,,,,,,,,,,,,,,,,,,,,0,0
2012-06-17 12:00:00+00:00,,,,,,,,,,,,,,,,,,,,,,,,,0,0
2012-06-17 18:00:00+00:00,,,,,,,,,,,,,,,0.5694577395915985,-1.8464472401061482,,,,,,,,,1,1
2012-06-18 00:00:00+00:00,,,,,,,,,,,,,,,0.6741544604301453,-2.9685798295719388,,,,,,,,,1,1
2012-06-18 06:00:00+00:00,,,0.4603779911994934,-0.17858666405344154,,,,,,,,,,,0.48244255781173706,-6.894762859300461,,,0.04553341865539551,-0.5374781119490183,,,,,3,3
2012-06-18 12:00:00+00:00,,,,,,,,,,,,,,,0.47093087434768677,-5.187552047847747,,,0.12343728542327881,-0.1624097220213173,,,,,3,2
2012-06-18 18:00:00+00:00,0.5542788505554199,0.1848152699333313,,,0.16917181015014648,0.077771009008094,,,,,,,,,0.47882670164108276,-3.056031980679833,,,0.05929809808731079,-0.16809934338194718,,,,,5,5
2012-06-19 00:00:00+00:00,0.4483644962310791,1.0736379158684628,,,0.22411465644836426,0.29731207351245786,,,,,,,,,0.6027567088603973,-3.5398822463465716,,,0.22302961349487305,-0.4969598421800121,,,,,5,5
2012-06-19 06:00:00+00:00,0.1665560007095337,0.24531628855697774,,,0.21934020519256592,0.0674397942227696,,,,,,,0.2069011926651001,-1.8656649732761836,0.553456723690033,-8.305245776523549,,,0.31687796115875244,-2.4655931265418105,,,,,5,5
2012-06-19 12:00:00+00:00,0.011654198169708252,-0.7799753449780257,,,0.06069540977478027,0.22258257204022164,,,,,,,0.07328689098358154,-3.192538042297091,0.4331144690513611,-4.062242236720767,,,0.2024143934249878,-2.006215350684267,,,,,5,5
2012-06-19 18:00:00+00:00,0.0009962916374206543,-0.2956928412823885,,,0.0045569539070129395,-18.260383681251362,,,,,,,0.15322768688201904,0.9067645024954315,0.5260252952575684,-6.21945087847371,,,0.406455934047699,-1.4873789121043086,,,,,5,5
2012-06-20 00:00:00+00:00,0.45484715700149536,-0.2573150170629773,,,0.12496638298034668,-15.145289632745444,,,,,,,0.12236928939819336,0.3105567038226509,0.4473133683204651,-0.6038205569683134,,,0.14243781566619873,0.1647308289981191,,,,,5,5
2012-06-20 06:00:00+00:00,0.07781213521957397,0.07147034887690068,,,0.38280850648880005,-18.51476327675716,,,,,,,0.11368954181671143,0.006649238149449762,,,0.27738189697265625,-0.12173809588557473,0.26435041427612305,0.2364801089249819,,,,,5,5
2012-06-20 12:00:00+00:00,0.09605157375335693,-0.196409655798539,,,0.05593240261077881,0.38555585540037585,,,,,,,0.18870103359222412,0.16021195279356076,,,0.5665602684020996,-1.6856318822792165,0.32955408096313477,0.045826117762520185,,,,,5,5
2012-06-20 18:00:00+00:00,0.24341511726379395,0.5725648948524243,,,0.13075506687164307,-0.08481085474358509,,,,,,,0.17850565910339355,0.5602952457826584,,,0.5485749244689941,-1.776221620083373,0.12218618392944336,0.47052451856583555,,,,,5,5
2012-06-21 00:00:00+00:00,0.016644597053527832,-0.2774782913862687,,,0.13861501216888428,0.04118622954179803,,,,,,,0.1449824571609497,0.15697443613027015,,,,,0.39197540283203125,-0.2124032641214914,,,,,4,4
2012-06-21 06:00:00+00:00,0.11534130573272705,0.2708904900422394,,,0.1482616662979126,-0.28871073183377466,,,,,,,,,,,,,0.2293987274169922,0.8143664761102601,,,,,4,4
2012-06-21 12:00:00+00:00,0.08975744247436523,0.4605901515181887,,,0.18835663795471191,0.12478824241724487,,,,,,,,,,,,,0.21800148487091064,1.714396262496527,,,,,4,3
2012-06-21 18:00:00+00:00,,,0.14581501483917236,0.24121482617046017,0.6602003574371338,-8.712169863650221,,,,,,,,,,,,,0.1961144208908081,2.233221918524319,,,,,4,3
2012-06-22 00:00:00+00:00,,,0.1268749237060547,-0.5818640490278485,0.03190195560455322,-0.2279365291379666,,,,,,,,,,,,,0.1321125030517578,1.009075261938457,0.3355119228363037,3.594661872711123,,,4,4
2012-06-22 06:00:00+00:00,,,0.13391578197479248,1.4651674118406404,0.06640958786010742,-0.11524102963055011,,,,,,,,,,,,,0.1941612958908081,4.143868831017571,0.19514280557632446,0.691840824224105,,,4,4
2012-06-22 12:00:00+00:00,,,0.08201730251312256,2.2303385502912074,0.552841067314148,0.6205840547779317,,,,,,,,,,,,,0.27118122577667236,3.3910164158452996,,,,,3,3
2012-06-22 18:00:00+00:00,,,0.12173843383789062,0.7754036422241788,0.3509715795516968,0.7159177587915662,,,,,,,,,,,,,0.28631818294525146,3.811456528065412,,,,,3,3
2012-06-23 00:00:00+00:00,,,0.13942694664001465,0.7156578029421579,0.16292214393615723,-0.051531918266705105,,,,,,,,,,,,,0.25743532180786133,2.6167535014991286,,,,,3,3
2012-06-23 06:00:00+00:00,,,0.23782336711883545,1.1582829714145073,,,,,,,,,,,,,,,,,0.22439563274383545,4.306399278267353,,,2,2
2012-06-23 12:00:00+00:00,,,0.0345151424407959,0.1741340630519852,,,,,,,,,,,,,,,,,0.3184998035430908,2.114133989949856,,,2,2
2012-06-23 18:00:00+00:00,,,0.1816086769104004,0.8892749749682941,,,,,,,,,,,,,,,,,0.26340794563293457,4.000122750993811,,,2,2
2012-06-24 00:00:00+00:00,,,0.11676633358001709,0.33068994568012455,,,,,,,,,,,,,,,,,0.200850248336792,7.26800601281756,,,2,2
2012-06-24 06:00:00+00:00,,,0.15673303604125977,-4.064979501621972,,,0.1401522159576416,-0.3749993027304197,,,,,,,,,,,,,0.30207788944244385,3.9779838408882067,,,3,3
2012-06-24 12:00:00+00:00,,,0.1739591360092163,0.5171066975784826,,,0.0796118974685669,0.8603649029830598,,,,,,,,,,,,,0.3070181608200073,5.7536380113826535,,,3,3
2012-06-24 18:00:00+00:00,,,0.22690224647521973,-0.20888302957154994,,,0.0447239875793457,-0.014810111621355182,,,,,,,,,,,,,0.3435678482055664,8.112249704256488,,,3,3
2012-06-25 00:00:00+00:00,,,0.23875367641448975,0.35398376514538454,,,,,,,,,0.03406482934951782,-0.8319988024106606,,,,,,,0.26432549953460693,14.667021291420877,,,3,3
2012-06-25 06:00:00+00:00,,,0.30497729778289795,1.4576704362278021,,,,,,,,,0.20781511068344116,-1.7265345430562404,,,,,,,0.2553553581237793,5.932877236356618,,,3,3
2012-06-25 12:00:00+00:00,,,0.29434776306152344,0.33942213702642515,,,,,,,,,0.2254500389099121,-1.4903221991646947,,,,,,,0.26310503482818604,3.6422988760593724,,,3,3
2012-06-25 18:00:00+00:00,,,0.17030000686645508,-0.6770102399510727,,,,,,,,,0.23159271478652954,-3.989391821702933,,,,,,,0.25112390518188477,3.053075987720504,,,3,3
2012-06-26 00:00:00+00:00,,,0.0824127197265625,0.4873405717727092,,,,,,,,,0.38750916719436646,-4.59742810822641,,,,,,,0.24597406387329102,2.936282466282017,,,3,3
2012-06-26 06:00:00+00:00,,,,,0.08095121383666992,0.0131353923158245,,,,,,,0.3652536869049072,-3.5765773257924875,,,,,,,0.22388792037963867,4.4538459050885795,,,3,3
2012-06-26 12:00:00+00:00,,,,,0.156602144241333,0.19110752347977356,,,,,,,0.40638303756713867,-9.23736402623966,,,,,,,0.18649911880493164,2.6446733605710406,,,4,3
2012-06-26 18:00:00+00:00,,,,,0.33315742015838623,0.3255483134527687,,,,,,,0.4394901394844055,-4.636892934968638,,,,,,,0.33517420291900635,2.4552938310967027,,,4,3
2012-06-27 00:00:00+00:00,,,,,0.18247509002685547,-0.25444633509930914,,,,,,,0.5126570463180542,-4.346837272140209,,,,,0.28047364950180054,-0.6133622114830898,0.14101922512054443,1.4647329081730358,,,6,6
2012-06-27 06:00:00+00:00,,,,,0.35416877269744873,0.1563374722984056,,,,,,,0.5215274095535278,-6.26024914593386,,,,,0.30245327949523926,0.1473295740148012,,,0.2064138650894165,6.763337082755544,6,6
2012-06-27 12:00:00+00:00,0.2116234302520752,-1.0175531813138476,,,0.1737457513809204,0.25793943244543166,,,,,,,0.5321972966194153,-5.575723986423114,,,,,0.3926745653152466,0.32168651971051454,,,0.08345973491668701,0.029165306220649313,6,6
2012-06-27 18:00:00+00:00,0.4331473112106323,-0.30277221992244047,,,0.0324593186378479,-0.1820452830082963,,,0.20385336875915527,-2.948529595991559,,,0.5420558452606201,-7.897203091328784,,,,,0.3104836940765381,-0.027140598401745947,,,0.05631744861602783,0.18600707657814214,8,8
2012-06-28 00:00:00+00:00,0.13051819801330566,-0.09949127688239713,,,0.08143281936645508,0.02294441969627566,,,,,,,0.5388022363185883,-6.365581098900849,,,,,0.2005029320716858,0.2609495622639101,,,0.1998656988143921,0.4668572347647451,6,6
2012-06-28 06:00:00+00:00,,,0.3064289093017578,-0.18458156708953416,0.07284033298492432,0.3910685168711529,,,,,,,0.41780269145965576,-16.670791991953223,0.5392391681671143,-7.188618274405176,,,0.07558965682983398,1.264035315746481,,,0.20586884021759033,2.0707440759185003,7,7
2012-06-28 12:00:00+00:00,,,0.03786778450012207,0.01784807684749126,0.6557009220123291,0.3841634967224659,,,,,,,0.5586997270584106,-17.355911736801115,0.532219409942627,-6.771707942565829,,,0.36000943183898926,1.0730016976827093,,,0.0779184103012085,1.3247509694486381,7,6
2012-06-28 18:00:00+00:00,,,0.36530447006225586,0.6037561851422031,0.5254206657409668,0.6187882876452393,,,,,,,0.25342410802841187,-2.646011361784497,0.5801667869091034,-7.507532078954642,,,0.42563140392303467,0.7836951805609418,,,0.19390523433685303,1.8946671223009912,6,6
2012-06-29 00:00:00+00:00,,,0.12323153018951416,0.05611270775803335,0.20731234550476074,-0.03867600598047687,,,,,,,0.39932364225387573,-4.4720487338792205,0.5775704681873322,-7.536192684371866,,,0.42517364025115967,0.2342158894922878,,,0.13290882110595703,3.915745745176171,6,6
2012-06-29 06:00:00+00:00,,,0.2066364288330078,0.37869824053224393,,,,,,,,,0.3521884083747864,-1.7141507836580248,0.585974782705307,-6.616370604669388,,,,,,,0.1883007287979126,0.6321051026319825,4,4
2012-06-29 12:00:00+00:00,,,0.048697710037231445,-0.21047781791151757,,,,,,,,,0.4118267297744751,-3.586717877426309,0.5977303683757782,-8.45336127253077,,,0.11389052867889404,-2.1975910267644228,,,0.07359683513641357,1.0297111382578912,5,5
2012-06-29 18:00:00+00:00,,,0.25232893228530884,0.05015585108184677,,,,,,,,,0.3339976668357849,-1.5973020369579747,0.5573799014091492,-8.796730361216957,0.14376729726791382,0.42195698943380633,0.5557969808578491,0.32255989220462494,,,0.045983314514160156,-0.49055445301987094,6,6
2012-06-30 00:00:00+00:00,,,0.20949536561965942,-0.10179931395514596,,,,,,,,,0.3431447148323059,-2.4870278723442234,0.5726397931575775,-12.306580317496834,0.183946430683136,0.3927662187463451,0.22893965244293213,0.9808692724651525,,,0.044440269470214844,-0.03751687595791918,6,6
2012-06-30 06:00:00+00:00,,,0.46892738342285156,-0.21656690722552932,,,,,,,,,0.26877206563949585,-1.8578400644828479,0.5061462223529816,-8.088755944978251,0.0939568281173706,1.1664517992096435,0.034652113914489746,-0.334198824855344,,,0.043852806091308594,-0.05814851911290049,7,7
2012-06-30 12:00:00+00:00,,,0.7165648639202118,-0.008956596969870164,,,,,,,,,0.18136173486709595,-0.17834521525190997,0.6015817224979401,-8.492254231216302,,,,,,,0.01559150218963623,0.15093093889186895,5,5
2012-06-30 18:00:00+00:00,,,,,,,,,,,,,0.016770482063293457,-1.2916405337674197,0.5895507633686066,-7.125899575410992,,,,,,,0.24574661254882812,0.5049381659308868,4,4
2012-07-01 00:00:00+00:00,,,,,,,,,,,,,0.14984029531478882,-0.6135444129450569,0.5693402290344238,-9.408171791444543,,,,,,,0.7532414346933365,0.3315112096172915,5,4
2012-07-01 06:00:00+00:00,,,0.011004328727722168,-0.350711641452826,,,,,,,,,0.2266872525215149,-2.884392754130396,0.5462749302387238,-10.675119194066825,,,,,,,,,3,3
2012-07-01 12:00:00+00:00,,,0.2738891839981079,-0.206518964348037,,,,,,,,,,,0.5391846001148224,-7.691337906821838,,,0.1132088303565979,-2.769912376995433,,,,,3,3
2012-07-01 18:00:00+00:00,,,0.3679555654525757,0.6800831552725131,,,,,,,,,,,0.5345267057418823,-10.386268417810022,,,0.17049890756607056,-0.6823409254229519,,,,,3,3
2012-07-02 00:00:00+00:00,,,,,,,,,,,,,,,0.5675576031208038,-11.785628480451827,,,0.08665519952774048,-0.2921794644744292,,,,,3,2
2012-07-02 06:00:00+00:00,,,,,,,,,,,,,,,0.6080009341239929,-7.621450846394137,,,0.22207510471343994,-0.24960782055901673,,,,,3,2
2012-07-02 12:00:00+00:00,,,,,,,,,,,,,,,0.5761825740337372,-5.345840428562754,,,0.41302716732025146,-3.7326579331295027,,,,,3,2
2012-07-02 18:00:00+00:00,,,,,,,,,,,0.5949206352233887,-1.3551070301303711,,,,,0.5028350353240967,-7.150966774180181,0.19423121213912964,-0.7180746594093403,,,,,3,3
2012-07-03 00:00:00+00:00,,,,,,,,,,,,,,,,,0.7655314654111862,-2.67302505178905,,,,,,,1,1
2012-07-03 06:00:00+00:00,,,,,,,,,,,,,,,0.5355230867862701,-4.666862913529529,0.4027433395385742,-4.498129011742986,0.5196448564529419,-0.12967698467380992,,,,,3,3
2012-07-03 12:00:00+00:00,,,,,,,,,,,,,,,0.488633394241333,-2.3810618030474804,0.4832150340080261,-4.105340495881763,0.23720431327819824,0.029189335935291508,,,,,3,3
2012-07-03 18:00:00+00:00,,,,,,,,,,,,,,,0.06986337900161743,-2.265782321294459,0.6296952664852142,-7.81816438568489,0.38168036937713623,0.13757433218771956,,,,,3,3
2012-07-04 00:00:00+00:00,,,,,,,0.7438422441482544,2.100543515974415,,,,,,,0.48816627264022827,-7.626900091716304,0.10585993528366089,-0.19986979397342025,0.007497906684875488,-0.08810248685172395,,,,,5,5
2012-07-04 06:00:00+00:00,,,,,,,0.6273453235626221,1.3789996078540445,,,,,,,0.4016221761703491,-2.2396342829439964,,,0.2319481372833252,-0.9722912426456252,,,,,3,3
2012-07-04 12:00:00+00:00,,,,,,,,,,,,,,,,,,,0.0035675764083862305,0.30873792864037075,,,,,1,1
2012-07-05 00:00:00+00:00,,,,,,,0.4425901174545288,1.0448477801172462,,,,,,,,,,,0.11534357070922852,-0.3080347808194115,,,,,2,2
2012-07-05 06:00:00+00:00,,,,,,,0.5051904916763306,1.507670082640511,,,,,,,0.4619622230529785,3.4983654836558165,,,0.06315463781356812,0.0008917195561446513,,,,,3,3
2012-07-05 12:00:00+00:00,,,,,,,0.6601909399032593,7.14806279220591,,,,,,,0.6262754201889038,4.934766455428644,,,0.1588650941848755,-0.14536342750628334,,,,,3,3
2012-07-05 18:00:00+00:00,,,0.4518399238586426,1.1115690014326152,,,,,0.7021461725234985,2.8137474274859002,,,,,0.7282422780990601,4.732834923975555,,,0.31832921504974365,0.33077173735432713,,,,,4,4
2012-07-06 00:00:00+00:00,,,0.053738415241241455,-0.052233252137135616,,,,,0.5593760013580322,2.5010387720853324,,,,,0.760079026222229,6.560559326090278,,,0.09103167057037354,0.0775859891978977,,,,,4,4
2012-07-06 06:00:00+00:00,,,0.18720954656600952,0.39469593948223597,,,,,0.288188099861145,1.1082778910756976,,,,,0.38013482093811035,1.9479758269498266,,,0.217972993850708,-0.47274190865302573,0.0046730637550354,-0.013906258665552212,,,5,5
2012-07-06 12:00:00+00:00,,,0.06141972541809082,0.03703284451625342,,,,,0.35659921169281006,4.18573472405537,,,,,0.395099401473999,0.2534934317431228,,,0.2569982409477234,0.29609073900155447,0.233831524848938,0.043665921173350344,,,5,5
2012-07-06 18:00:00+00:00,,,0.14752554893493652,0.942808870414959,,,,,0.6303853988647461,8.076488440095478,,,,,0.4293081760406494,3.0434489019590676,,,0.17802774906158447,0.7716330454788266,0.08174198865890503,-0.19293803024537762,,,5,5
2012-07-07 00:00:00+00:00,,,0.031877875328063965,0.5750351557428017,,,,,0.635480523109436,3.608057928330053,,,,,0.5570358037948608,2.6629171022982594,,,,,0.052341341972351074,0.058307615860471715,,,4,4
2012-07-07 06:00:00+00:00,,,0.12200927734375,0.3750435318630956,,,,,0.602257251739502,4.7820307849588595,,,,,0.6294502019882202,10.54696336460632,,,,,0.09375107288360596,-0.3753879986909674,,,4,4
2012-07-07 12:00:00+00:00,,,0.026572585105895996,0.004207544730535808,,,,,0.6830508708953857,9.339517047495915,,,,,0.4338759183883667,5.6791335312853715,,,,,,,0.09002476930618286,0.033184084004984835,4,4
2012-07-07 18:00:00+00:00,,,0.14166152477264404,0.20349916820386243,,,,,0.7009991407394409,4.989249701938652,,,,,0.6455065011978149,7.328986852155618,,,,,0.08026540279388428,-0.3964420315864096,,,4,4
2012-07-08 00:00:00+00:00,,,,,0.033817291259765625,1.2460026664937143,,,0.569644570350647,6.33681104605428,,,,,0.5180337429046631,2.3098762429649016,,,,,0.032502591609954834,0.22551463358381413,,,4,4
2012-07-08 06:00:00+00:00,,,,,0.2993652820587158,6.359161422120775,,,,,,,,,,,0.027540862560272217,-0.6538135435618564,,,,,,,2,2
2012-07-08 12:00:00+00:00,,,,,0.0973738431930542,0.12511372595483916,,,0.651980996131897,3.846752153490278,,,,,0.4738961458206177,4.123360834591922,0.18075662851333618,-1.6738860618209326,,,,,,,4,4
2012-07-08 18:00:00+00:00,,,,,0.05044150352478027,0.2695407685054519,,,,,,,,,0.4615349769592285,2.734581538464345,0.3880932927131653,-3.6130171182968387,,,,,,,3,3
2012-07-09 00:00:00+00:00,,,,,0.04486203193664551,0.49498564182427257,,,,,,,,,0.644519567489624,6.926648638851305,0.38360917568206787,-5.078936290466592,,,,,,,3,3
2012-07-09 06:00:00+00:00,,,,,0.3437312841415405,0.8934734965879646,,,,,,,,,,,0.578542947769165,8.403570008158923,,,,,,,5,5
2012-07-09 12:00:00+00:00,,,,,0.45469343662261963,0.5925259061503613,,,,,,,,,,,0.3420959711074829,7.0535007665346345,,,,,,,6,4
2012-07-09 18:00:00+00:00,,,,,,,,,,,,,,,,,0.07506203651428223,0.2799915916848813,,,,,,,2,2
2012-07-10 00:00:00+00:00,,,,,,,,,,,,,,,,,0.021172642707824707,0.06951650020316637,,,,,,,2,2
2012-07-10 06:00:00+00:00,,,,,,,,,,,,,,,,,0.346203088760376,0.4609327576296926,,,,,,,1,1
2012-07-10 12:00:00+00:00,,,,,,,,,,,,,,,,,0.45140206813812256,0.47111573210227703,,,,,,,1,1
2012-07-11 00:00:00+00:00,,,,,,,,,,,,,,,,,,,,,,,,,0,0
2012-07-11 06:00:00+00:00,,,,,,,,,,,,,,,,,,,,,,,,,0,0
2012-07-11 12:00:00+00:00,,,,,,,,,,,,,,,,,,,,,,,,,0,0
2012-07-11 18:00:00+00:00,,,,,,,,,,,,,,,,,,,,,,,,,0,0
2012-07-12 00:00:00+00:00,,,,,,,,,,,,,,,,,,,,,,,,,0,0
2012-07-12 06:00:00+00:00,,,,,,,,,,,,,,,,,,,,,,,,,0,0
2012-07-12 12:00:00+00:00,,,,,,,,,,,,,,,,,,,,,,,,,0,0
2012-07-12 18:00:00+00:00,,,,,,,,,,,,,,,,,,,,,,,,,0,0
2012-07-13 00:00:00+00:00,,,,,,,,,,,,,,,,,,,,,,,,,0,0
2012-07-13 06:00:00+00:00,,,,,,,,,,,,,,,,,,,,,,,,,0,0
2012-07-13 12:00:00+00:00,,,,,,,,,,,,,,,,,,,,,,,,,0,0
2012-07-13 18:00:00+00:00,,,,,,,,,,,,,,,,,,,,,,,,,0,0
2012-07-14 00:00:00+00:00,,,,,,,0.753768801689148,0.09414460613744997,,,,,,,,,,,,,,,,,1,1
2012-07-14 06:00:00+00:00,,,,,,,0.6289352178573608,1.9155281174852385,,,,,,,,,,,,,,,,,1,1
2012-07-14 12:00:00+00:00,,,,,,,0.5341329574584961,2.793903575449208,,,,,,,,,,,,,,,,,1,1
2012-07-14 18:00:00+00:00,,,,,,,0.18645775318145752,0.9136712344038201,,,,,,,,,,,,,,,,,1,1
2012-07-15 00:00:00+00:00,,,,,,,0.44711756706237793,2.809813709833272,,,,,,,,,,,,,,,,,1,1
2012-07-15 06:00:00+00:00,,,,,,,0.5250533819198608,5.791396254927871,,,,,,,,,,,,,,,,,1,1
2012-07-15 12:00:00+00:00,,,,,,,0.5139672756195068,3.1491768421762827,,,,,,,,,,,,,,,,,2,2
2012-07-15 18:00:00+00:00,,,,,,,0.4565744400024414,3.490437638197393,,,,,,,,,,,,,,,,,3,2
2012-07-16 00:00:00+00:00,,,,,,,0.22528576850891113,6.404163400691834,,,,,,,,,,,0.018523693084716797,0.1253385938979808,,,,,3,3
2012-07-16 06:00:00+00:00,,,,,,,0.3603992462158203,5.535418042402477,,,,,,,,,,,0.13540339469909668,-0.06065423390390744,,,,,3,3
2012-07-16 12:00:00+00:00,,,,,,,0.39364850521087646,3.971298194149998,0.4918781518936157,3.3733737749070594,,,,,,,,,0.12153303623199463,1.2080137519949403,,,,,3,3
2012-07-16 18:00:00+00:00,,,,,,,0.3005777597427368,4.949067185422656,0.07638072967529297,0.5680707354171982,,,,,,,,,0.05035245418548584,-0.14913889926401191,,,,,4,4
2012-07-17 00:00:00+00:00,,,,,,,0.29943931102752686,7.159973791233264,0.16445523500442505,3.7521924116680254,,,,,,,,,0.17982828617095947,0.1607726605637221,,,,,5,5
2012-07-17 06:00:00+00:00,,,,,,,0.19930040836334229,2.2181179636163457,0.042400240898132324,-0.45987469702469386,,,,,,,,,0.22124087810516357,0.0731739540951954,,,,,5,5
2012-07-17 12:00:00+00:00,,,,,,,0.1816420555114746,-26.960753315356705,0.7688654661178589,3.569776609184143,,,,,,,,,0.08495473861694336,0.11810097314929958,,,,,3,3
2012-07-17 18:00:00+00:00,,,,,,,0.4041813611984253,30.792501425430544,,,,,,,,,,,0.04337882995605469,0.6063104635319492,,,,,2,2
2012-07-18 00:00:00+00:00,0.04650545120239258,0.19918272367785989,,,,,0.5596669912338257,4.62763479024022,0.776181697845459,2.9861979933303022,,,,,,,,,0.11331427097320557,0.10690204949089419,,,,,4,4
2012-07-18 06:00:00+00:00,0.707013338804245,-11.520673914375964,,,,,0.44075560569763184,16.252507704972388,,,,,,,,,,,0.1164318323135376,2.851053627287534,,,,,3,3
2012-07-18 12:00:00+00:00,0.7164134979248047,-12.242557447126204,,,,,0.3945600986480713,6.868803440427531,0.8284851312637329,5.330187605102907,,,,,,,,,0.07785749435424805,-19.302740164432198,,,,,4,4
2012-07-18 18:00:00+00:00,0.02225428819656372,-0.09423584661626128,,,,,,,0.573311448097229,6.204782189609976,,,,,,,,,0.13364219665527344,0.6620414318293892,,,,,4,4
2012-07-19 00:00:00+00:00,0.2236919403076172,0.29550127765301065,,,,,,,0.5407431125640869,6.983897783601504,,,,,,,,,0.23190224170684814,1.0929434776854552,,,,,4,3
2012-07-19 06:00:00+00:00,0.3854767084121704,0.41028760917265183,,,,,,,0.47702550888061523,3.59420563331398,,,,,,,,,0.21936190128326416,2.3143673573001684,,,,,7,5
2012-07-19 12:00:00+00:00,0.10290825366973877,0.16268241900970862,,,,,,,0.530699610710144,7.999093118195674,,,,,,,,,0.056131839752197266,0.19794913657305427,,,,,3,3
2012-07-19 18:00:00+00:00,0.06624621152877808,-0.5123855808404751,,,,,,,0.5130429267883301,7.324760049382137,,,,,,,,,0.2224348783493042,2.1592115541524004,,,,,3,3
2012-07-20 00:00:00+00:00,0.19367468357086182,0.3954699833435859,,,,,,,0.5463995933532715,7.0334726860027095,,,,,,,,,0.2015002965927124,0.15835563509305392,,,,,3,3
2012-07-20 06:00:00+00:00,0.11517477035522461,0.11884191322851038,,,,,,,0.5940321683883667,12.680745634401784,,,,,,,,,0.17214572429656982,3.0794667994083516,,,,,4,3
2012-07-20 12:00:00+00:00,0.2163681983947754,0.14263909489456061,,,,,,,0.611404538154602,6.796360174460909,,,0.41043174266815186,-0.012413810750036652,,,,,0.13102293014526367,0.7178980551174132,,,,,4,4
2012-07-20 18:00:00+00:00,0.05170714855194092,-0.04030293799387289,,,,,,,0.7016316652297974,9.509344028083396,,,0.13655471801757812,-0.06989762775761464,,,,,0.1650615930557251,1.4625813844628701,,,,,4,4
2012-07-21 00:00:00+00:00,0.04533541202545166,0.22511286925082563,,,,,,,0.7108472585678101,9.13526095496475,,,0.07673907279968262,-0.22444561403867905,,,,,0.19309532642364502,2.4299298795595052,,,,,4,4
2012-07-21 06:00:00+00:00,0.11619687080383301,0.04558634597747294,,,,,,,0.7093462944030762,7.185670567601627,,,0.18183785676956177,-12.299954724835054,,,,,0.2549394369125366,4.380485456704597,,,,,4,4
2012-07-21 12:00:00+00:00,0.1442946195602417,-0.07328072817992215,,,,,,,0.6874244213104248,4.802628623470003,,,0.16341114044189453,-0.8793301453521182,,,,,,,0.26980090141296387,2.6717964346933,,,5,5
2012-07-21 18:00:00+00:00,0.12151533365249634,0.41838759701853095,,,,,,,0.737308144569397,6.165675217485783,,,0.09428125619888306,-2.7648316119518817,,,,,,,0.2210395336151123,2.2946129259115295,,,4,4
2012-07-22 00:00:00+00:00,,,0.23285317420959473,-0.002832023392617317,,,,,0.6623940467834473,4.4839400288179325,,,0.1732618808746338,-1.605852768653123,,,,,,,0.272741436958313,5.85828481069755,,,5,5
2012-07-22 06:00:00+00:00,,,0.36618173122406006,0.36998039478205313,,,,,0.6603697538375854,8.003125255951002,,,0.17238831520080566,-2.592322670630245,,,,,,,0.31607019901275635,3.760978967643709,,,4,4
2012-07-22 12:00:00+00:00,,,0.2611668109893799,0.05193706887751021,,,,,,,0.66258704662323,5.724694608235419,0.3981091380119324,-3.1635873563598826,,,,,,,0.2838001251220703,5.769076528341514,0.09978318214416504,-1.2466970698619626,6,6
2012-07-22 18:00:00+00:00,,,0.15948116779327393,1.0381875330472494,,,,,,,0.548316478729248,8.328055895543164,0.31915295124053955,-4.567762357380607,,,,,,,0.3893601894378662,2.8716127166752687,0.22324883937835693,0.09314842547562623,6,6
2012-07-23 00:00:00+00:00,,,0.08617961406707764,0.1737290746723373,,,,,,,0.6493767499923706,6.130848087617371,0.3955303430557251,-4.631457099164792,,,,,,,0.36298394203186035,2.185323851273779,0.0724712610244751,-0.20830468985345713,6,6
2012-07-23 06:00:00+00:00,,,0.3203834295272827,0.5815791640166188,,,,,,,0.755763053894043,3.1980292558559213,0.2231578826904297,-2.4638661353617297,,,,,,,0.3240208625793457,3.7689325579676827,0.12627506256103516,0.35500754473353785,6,6
2012-07-23 12:00:00+00:00,,,0.1317145824432373,0.06840992295878023,,,,,,,0.6413840055465698,1.80972783771253,0.2850806713104248,-3.65474877252356,,,,,,,0.2817249298095703,2.8489738843528323,0.14580631256103516,0.23572925720444068,5,5
2012-07-23 18:00:00+00:00,,,0.0032134056091308594,0.31626668312601075,,,,,,,0.5441710948944092,2.2064962553189416,0.3291164040565491,-8.274021062041824,,,,,,,0.23392760753631592,4.392502497442939,0.005274534225463867,-0.5510187773599241,5,5
2012-07-24 00:00:00+00:00,,,0.11955666542053223,-0.2771447411456479,,,,,,,,,0.37477970123291016,-7.275624493633279,,,,,,,0.3497660160064697,8.384949557977288,0.34115803241729736,1.523413743588083,4,4
2012-07-24 06:00:00+00:00,,,0.13798856735229492,0.5425218917353816,,,,,,,,,0.4117337465286255,-8.512620061888954,,,,,,,0.33928871154785156,2.037469973816825,0.12859952449798584,0.27930804409382726,4,4
2012-07-24 12:00:00+00:00,,,0.14728903770446777,0.47401269792807244,,,,,,,,,,,0.34459561109542847,-5.190765762033031,,,,,0.33269739151000977,2.544272886746439,0.19871914386749268,1.0696472925369216,4,4
2012-07-24 18:00:00+00:00,,,0.09551787376403809,-0.020868962038819123,,,,,,,,,,,0.32121193408966064,-3.526307702130619,,,,,0.4311333894729614,3.9170467784206178,0.10403895378112793,-0.030257399315718782,4,4
2012-07-25 00:00:00+00:00,,,0.09587430953979492,0.1397906855209406,,,,,,,,,,,0.33696579933166504,-6.4421498808333695,,,,,0.3685591220855713,4.821816118727514,0.14737117290496826,1.6400334142075694,4,4
2012-07-25 06:00:00+00:00,,,0.08353996276855469,0.025726901915867285,,,,,,,,,,,0.35277408361434937,-7.549803283796552,,,,,0.17789435386657715,0.4038068725452999,0.18835949897766113,0.1265191897576064,4,4
2012-07-25 12:00:00+00:00,,,,,0.35093367099761963,0.16704966284666145,,,,,,,,,0.34319007396698,-8.607675134491537,,,,,0.2540229558944702,0.34993880588952786,0.08254969120025635,-0.467372541556555,4,4
2012-07-25 18:00:00+00:00,,,0.8866889476776123,1.062601531256153,,,,,,,,,,,0.4067037105560303,-12.688700927173128,,,,,,,0.2753840684890747,0.8597896775087832,4,4
2012-07-26 00:00:00+00:00,,,,,,,,,,,,,,,0.4147442579269409,-8.850845106717784,,,,,,,0.020454108715057373,0.02439627108462482,3,3
2012-07-26 06:00:00+00:00,,,,,,,,,,,,,,,0.39636605978012085,-8.361247832058153,,,,,,,0.1608825922012329,5.76242148022486,2,2
2012-07-26 12:00:00+00:00,,,,,,,,,,,,,,,0.37427955865859985,-7.345290741963362,,,,,,,0.1143571138381958,-0.0038979324867978987,2,2
2012-07-27 00:00:00+00:00,,,,,,,,,,,,,,,0.29236894845962524,-3.7142092749311373,,,,,,,0.012477636337280273,0.7950718169411286,3,3
2012-07-27 06:00:00+00:00,,,,,,,,,,,,,,,0.47545772790908813,-5.825881745961591,,,,,,,0.062296152114868164,1.242964887361991,2,2
2012-07-27 12:00:00+00:00,,,,,,,,,,,,,,,0.33707916736602783,-6.582964132286256,,,,,,,0.10426831245422363,-0.08422917733399385,2,2
2012-07-27 18:00:00+00:00,,,,,,,,,,,,,,,0.3341243863105774,-10.328539803432689,,,,,,,0.28982675075531006,-0.06684802966167748,2,2
2012-07-28 00:00:00+00:00,,,,,,,,,,,,,,,0.20507335662841797,-4.521504501463248,,,,,,,0.05772757530212402,0.16780122792335167,2,2
2012-07-28 06:00:00+00:00,,,,,,,,,,,,,,,0.3074716329574585,-3.784799055667567,,,,,,,0.29118311405181885,-0.4483725609480561,2,2
2012-07-28 12:00:00+00:00,,,,,,,,,,,,,,,0.27201634645462036,-2.6105371740275656,,,,,,,0.42014241218566895,-0.4605117117409606,2,2
2012-07-28 18:00:00+00:00,,,,,,,,,,,,,,,,,0.26891160011291504,-2.2473133750052416,,,,,,,1,1
2012-07-29 00:00:00+00:00,,,,,,,,,,,,,,,,,0.2792006731033325,-3.70690216414975,,,,,,,1,1
2012-07-29 06:00:00+00:00,,,,,,,,,,,,,,,,,0.41869181394577026,-5.811325099466443,,,,,,,2,2
2012-07-29 12:00:00+00:00,,,,,,,,,,,,,,,,,,,,,,,,,0,0
2012-07-29 18:00:00+00:00,,,,,,,,,,,,,,,,,0.26553666591644287,-1.5649352155319785,,,,,,,1,1
2012-07-30 00:00:00+00:00,,,,,,,,,,,,,,,,,0.5429682731628418,0.3212014336705664,,,,,,,2,2
2012-07-30 06:00:00+00:00,,,,,,,,,,,,,,,,,,,,,,,,,0,0
2012-07-30 12:00:00+00:00,,,,,,,,,,,,,,,,,,,,,,,,,0,0
2012-07-30 18:00:00+00:00,,,,,,,,,,,,,,,,,,,,,,,,,0,0
2012-07-31 00:00:00+00:00,,,,,,,,,,,,,,,,,,,,,,,,,0,0
2012-07-31 06:00:00+00:00,,,,,,,,,,,,,,,,,,,,,,,,,0,0
2012-07-31 12:00:00+00:00,,,,,,,,,,,,,,,,,,,,,,,,,0,0
2012-07-31 18:00:00+00:00,,,,,,,,,,,,,,,,,,,,,,,,,0,0
2012-08-01 00:00:00+00:00,,,,,,,,,,,,,,,,,,,,,,,,,0,0
2012-08-01 06:00:00+00:00,,,,,,,,,,,,,,,,,,,,,,,,,0,0
2012-08-01 12:00:00+00:00,,,,,,,,,,,,,,,,,,,,,,,,,0,0
2012-08-01 18:00:00+00:00,,,,,,,,,,,,,,,,,,,,,,,,,0,0
2012-08-02 00:00:00+00:00,,,,,,,,,,,,,,,,,,,,,,,,,0,0
2012-08-02 06:00:00+00:00,,,,,,,,,,,,,,,,,,,,,,,,,0,0
2012-08-02 12:00:00+00:00,,,,,,,,,,,,,,,,,,,,,,,,,0,0
2012-08-02 18:00:00+00:00,,,,,,,,,,,,,,,,,,,,,,,,,0,0
2012-08-03 00:00:00+00:00,,,,,,,,,,,,,,,,,,,,,,,,,0,0
2012-08-03 06:00:00+00:00,,,,,,,,,,,,,,,,,,,,,,,,,0,0
2012-08-03 12:00:00+00:00,,,,,,,,,,,,,,,,,,,,,,,,,0,0
2012-08-03 18:00:00+00:00,,,0.0880594253540039,-0.31416013961013567,,,,,,,,,,,,,,,,,,,,,1,1
2012-08-04 00:00:00+00:00,,,0.053554654121398926,1.8266378547374202,,,,,,,,,,,,,,,,,,,,,1,1
2012-08-04 06:00:00+00:00,,,0.09258973598480225,-0.3626985492998294,,,,,,,,,,,,,,,,,,,,,1,1
2012-08-04 12:00:00+00:00,,,0.048625946044921875,-0.17759632352783997,,,,,,,,,,,,,,,,,,,,,1,1
2012-08-04 18:00:00+00:00,,,0.2592501640319824,1.4318163495882539,,,,,,,,,,,,,,,,,,,,,2,1
2012-08-05 00:00:00+00:00,0.10889512300491333,-0.13886430701109506,0.05559808015823364,0.1849347151002137,,,,,,,,,,,,,,,,,,,,,2,2
2012-08-05 06:00:00+00:00,0.2254641056060791,-0.10642840748884536,0.1807166337966919,0.18646539390254482,,,,,,,,,,,,,,,,,,,,,2,2
2012-08-05 12:00:00+00:00,0.13732445240020752,0.5946798107991943,,,0.09021985530853271,-0.826265164852229,,,,,,,,,,,,,,,,,,,2,2
2012-08-05 18:00:00+00:00,0.15151500701904297,-0.3836001198154131,,,0.21608930826187134,-0.8104411038362976,,,,,,,,,,,,,,,,,,,2,2
2012-08-06 00:00:00+00:00,0.12726062536239624,-0.09491087081226093,,,0.396478533744812,-0.2902853021207786,,,,,,,,,,,,,,,,,,,2,2
2012-08-06 06:00:00+00:00,0.1544322371482849,-1.0049464465718478,,,0.02815425395965576,0.33894182532173894,,,,,,,,,,,,,,,,,,,2,2
2012-08-06 12:00:00+00:00,0.1460951566696167,1.3488337560614079,,,,,,,,,,,,,,,,,,,,,,,1,1
2012-08-06 18:00:00+00:00,,,0.3033883571624756,0.2131142292492799,0.40325796604156494,0.00802209084644959,,,,,,,,,,,,,,,,,,,2,2
2012-08-07 00:00:00+00:00,,,0.031365275382995605,0.23256559634997032,0.15282464027404785,-0.5031163447171855,,,,,,,,,,,,,,,,,,,2,2
2012-08-07 06:00:00+00:00,,,0.4278522729873657,1.678359555062325,0.23707878589630127,-0.3192370279952319,,,,,,,,,,,,,,,,,,,2,2
2012-08-07 12:00:00+00:00,,,0.2642860412597656,0.9017273298323161,0.06046187877655029,0.35808331523526876,,,,,,,,,,,,,,,,,,,2,2
2012-08-07 18:00:00+00:00,,,0.3874775171279907,1.34839122701426,0.05186718702316284,-0.32175744150463226,,,,,,,,,,,,,,,,,,,3,3
2012-08-08 00:00:00+00:00,,,0.25170624256134033,0.316682859217729,0.10702931880950928,1.1859448838854805,,,,,,,,,,,,,,,,,,,2,2
2012-08-08 06:00:00+00:00,,,0.2993241548538208,1.1034337634698124,,,,,,,,,,,,,,,,,,,,,1,1
2012-08-08 12:00:00+00:00,,,0.8717120438814163,-4.916488922511703,,,,,,,,,,,,,,,,,,,,,1,1
2012-08-08 18:00:00+00:00,,,0.23561489582061768,0.43259287230329374,,,,,,,,,,,,,,,,,,,,,1,1
2012-08-09 00:00:00+00:00,,,,,,,,,,,,,,,,,,,,,,,,,1,0
2012-08-09 06:00:00+00:00,,,0.5729360580444336,0.4061430164599284,,,,,,,,,,,,,,,,,,,,,1,1
2012-08-09 12:00:00+00:00,,,0.43249690532684326,1.4302524248454835,,,,,,,,,,,,,,,,,,,,,1,1
2012-08-09 18:00:00+00:00,,,,,0.0011527538299560547,1.1703454299329177,,,,,,,,,,,,,,,,,,,1,1
2012-08-10 00:00:00+00:00,,,,,0.1760401725769043,-0.5298911614426159,,,,,,,,,,,,,,,,,,,1,1
2012-08-10 06:00:00+00:00,,,,,,,,,,,,,,,,,,,,,,,,,1,0
2012-08-10 12:00:00+00:00,,,,,,,,,,,,,,,,,,,,,,,,,0,0
2012-08-10 18:00:00+00:00,,,,,,,,,,,,,,,,,,,,,,,,,0,0
2012-08-11 00:00:00+00:00,,,,,,,,,,,,,,,,,,,,,,,,,0,0
2012-08-11 06:00:00+00:00,,,,,,,,,,,,,,,,,,,0.3962951898574829,0.8967196044954024,,,,,1,1
2012-08-11 12:00:00+00:00,,,,,,,0.4481937885284424,0.12744354822176832,,,,,,,,,,,,,,,,,2,1
2012-08-11 18:00:00+00:00,,,,,,,0.20659005641937256,1.8005444818909673,,,,,,,,,,,0.02556741237640381,-0.47816084463573993,,,,,2,2
2012-08-12 00:00:00+00:00,,,,,,,0.39856553077697754,3.4083695838276884,,,,,,,,,,,0.4166611433029175,-0.13248175769434903,,,,,2,2
2012-08-12 06:00:00+00:00,,,,,,,0.49650442600250244,2.7341975143710564,,,,,,,,,,,0.5369049906730652,-0.028761421037328126,,,,,2,2
2012-08-12 12:00:00+00:00,,,,,,,0.3731961250305176,2.3295783473194653,,,,,,,,,,,,,0.5425781309604645,-0.4181848875325184,,,2,2
2012-08-12 18:00:00+00:00,,,,,,,0.4519556760787964,6.4780246631827,,,,,,,,,,,,,0.256836473941803,-0.5594148415421331,,,2,2
2012-08-13 00:00:00+00:00,,,,,,,0.4493746757507324,3.351357365379012,,,,,,,,,,,,,0.018026113510131836,0.06785625486505521,,,2,2
2012-08-13 06:00:00+00:00,,,,,,,0.4698030948638916,4.585447714684174,,,,,,,,,,,,,0.061228930950164795,-0.15485305364347607,,,2,2
2012-08-13 12:00:00+00:00,,,,,,,0.5507581233978271,5.829672369906752,,,,,,,,,,,,,,,0.19786882400512695,0.27623386840608316,3,3
2012-08-13 18:00:00+00:00,,,,,,,0.5077828168869019,5.752003219920206,,,,,,,,,,,,,,,0.03161489963531494,0.2694902534084537,3,3
2012-08-14 00:00:00+00:00,,,,,,,0.22005784511566162,2.3073620262988204,0.5622150897979736,5.7299166430664235,,,,,,,,,,,,,0.025265634059906006,-0.1242359941490624,3,3
2012-08-14 06:00:00+00:00,,,,,,,0.12227845191955566,0.28122286514169725,0.5503761768341064,7.779581357601923,,,,,,,,,,,,,0.10867369174957275,0.32490959757308246,4,4
2012-08-14 12:00:00+00:00,,,,,,,0.08953803777694702,0.540175843613325,0.5204302072525024,4.440064518911169,,,,,,,,,,,,,0.09341949224472046,0.08800807026108068,4,4
2012-08-14 18:00:00+00:00,,,,,,,0.04184746742248535,0.29364302867072084,0.6505948305130005,6.787776177658367,,,,,,,,,,,,,0.02865368127822876,-0.5735790008114422,4,4
2012-08-15 00:00:00+00:00,,,,,,,0.10188913345336914,1.5708511201237432,0.5151052474975586,7.908642084281411,,,,,,,,,,,,,0.36224693059921265,-0.759448234383305,4,4
2012-08-15 06:00:00+00:00,,,,,,,0.11798989772796631,0.7935984347024113,0.6110683679580688,9.9280752099651,,,,,,,,,,,,,0.1550920009613037,-0.17518177209647726,4,4
2012-08-15 12:00:00+00:00,,,,,,,0.011223673820495605,-9.175428660464792,0.552679181098938,6.171702693909627,,,,,,,,,,,,,0.313445508480072,-0.016316846442019226,4,4
2012-08-15 18:00:00+00:00,,,,,,,0.03472435474395752,1.6942010799112273,0.5650075674057007,5.355322882250565,,,,,,,,,,,,,0.18389534950256348,0.6476759988893792,5,4
2012-08-16 00:00:00+00:00,,,,,,,0.18671894073486328,1.4362314952036714,0.4653801918029785,7.925405172151264,,,,,,,,,,,,,,,3,3
2012-08-16 06:00:00+00:00,,,,,,,0.22797679901123047,0.9444872144721116,0.44984912872314453,6.2710709002695335,,,,,,,,,,,,,,,2,2
2012-08-16 12:00:00+00:00,,,,,,,0.1744239330291748,3.068147648884584,0.4740560054779053,6.6176561287873055,,,,,,,,,,,,,,,2,2
2012-08-16 18:00:00+00:00,,,,,,,0.1748952865600586,0.7790648797641418,0.4810401201248169,3.4287337033256287,,,,,,,,,,,,,,,2,2
2012-08-17 00:00:00+00:00,,,,,,,0.17304253578186035,1.5855065528214194,0.33510076999664307,4.494150251349756,,,,,,,,,,,,,,,2,2
2012-08-17 06:00:00+00:00,0.301837682723999,0.21523241086429792,,,,,,,0.44340360164642334,5.143990541712326,,,,,,,,,,,,,,,3,3
2012-08-17 12:00:00+00:00,0.11699199676513672,-0.14847765984487926,,,,,,,0.5421671867370605,7.870152654105765,,,,,,,,,,,,,,,3,3
2012-08-17 18:00:00+00:00,0.2274550199508667,-0.24888095050058978,0.19741952419281006,0.8983153354812663,,,,,0.5233296155929565,5.30404486070912,,,,,,,,,,,,,,,3,3
2012-08-18 00:00:00+00:00,0.17056751251220703,-0.8587034107711582,,,,,,,0.5353742837905884,6.736669967393056,,,,,,,,,,,,,,,3,3
2012-08-18 06:00:00+00:00,0.4901014566421509,0.9931267667463747,,,,,,,0.49256980419158936,6.524433064285782,,,,,,,,,,,,,,,3,3
2012-08-18 12:00:00+00:00,,,0.26744985580444336,0.15966015124855315,,,,,0.33528876304626465,2.8697966319802717,0.5095571279525757,7.892883427825185,,,,,,,,,,,,,3,3
2012-08-18 18:00:00+00:00,,,0.04665696620941162,-0.4329771477866024,,,,,0.3539118766784668,2.60163299354717,0.44946324825286865,5.253344317400636,,,,,,,,,,,,,3,3
2012-08-19 00:00:00+00:00,,,0.0029439926147460938,0.04687397210113886,,,,,0.3872711658477783,6.148919362010375,0.3967559337615967,1.7350057671248929,,,,,,,,,,,,,3,3
2012-08-19 06:00:00+00:00,,,0.026713073253631592,-0.18736268556771038,,,0.2732727527618408,-0.7656592924860202,0.4284040927886963,3.317701957653905,0.27706992626190186,1.3039408585727512,,,,,,,,,,,,,5,5
2012-08-19 12:00:00+00:00,,,0.1573672890663147,-0.03683073708112347,,,0.1612718105316162,-2.455038537252873,0.28289365768432617,4.008047401133536,0.4905388355255127,4.580896974972078,,,,,,,,,,,,,4,4
2012-08-19 18:00:00+00:00,,,0.018347740173339844,0.1274715956960076,,,,,0.44412970542907715,4.153548845312345,0.4386657476425171,3.6263100140854645,0.32367753982543945,-1.058214806118161,,,,,,,,,,,4,4
2012-08-20 00:00:00+00:00,,,0.06682568788528442,-0.14569128235895779,,,,,0.47364091873168945,3.9577342747258175,0.24553561210632324,2.812970964353276,0.36915355920791626,-3.5288655071922848,,,,,,,,,,,4,4
2012-08-20 06:00:00+00:00,,,0.018152236938476562,0.6160413409389136,,,,,0.14718902111053467,-0.8537399297046173,0.3996157646179199,1.0994536663033299,0.41182953119277954,-5.90721994026628,,,,,,,,,,,5,5
2012-08-20 12:00:00+00:00,,,0.010263681411743164,-0.31460664270881655,,,,,0.37321269512176514,5.778457650622038,0.4932871460914612,0.07650593919930787,0.29647427797317505,-2.410723097768716,,,,,,,,,,,4,4
2012-08-20 18:00:00+00:00,,,0.39582133293151855,0.8236500777815089,,,,,0.4332461357116699,5.612530924200954,,,,,0.3574545979499817,-1.8006858262714722,,,,,,,,,3,3
2012-08-21 00:00:00+00:00,,,0.11840593814849854,-0.3623774196557533,,,,,0.38823020458221436,9.774353734000249,,,,,0.2908022999763489,-3.104349576322021,,,,,,,,,4,4
2012-08-21 06:00:00+00:00,,,0.0037813186645507812,0.8962831101331482,,,,,0.4376901388168335,5.481082273302263,,,,,0.34076762199401855,-5.725384218875355,,,,,,,,,4,4
2012-08-21 12:00:00+00:00,,,0.2862039804458618,-0.31127666063244275,,,,,0.4639526605606079,3.1228075871325927,,,,,0.3474135994911194,-9.867257283649504,,,,,,,,,3,3
2012-08-21 18:00:00+00:00,,,0.09742605686187744,0.11487727126215132,,,,,,,0.45784544944763184,4.112241127706999,,,0.3624700903892517,-8.922021315988069,,,,,,,,,3,3
2012-08-22 00:00:00+00:00,,,0.015255570411682129,-0.07713485424964779,,,,,,,0.4210186004638672,4.779585351596256,,,0.36854588985443115,-12.725787950162589,,,,,,,,,3,3
2012-08-22 06:00:00+00:00,,,,,0.27331846952438354,0.7232153335123351,,,,,0.19572150707244873,0.2184973539140197,,,0.3168238401412964,-12.483851798873497,,,,,,,,,3,3
2012-08-22 12:00:00+00:00,,,,,0.5076012313365936,-0.0635207164418844,,,,,0.3605468273162842,1.3296162999479715,,,0.27345001697540283,-6.135738626399775,,,,,,,,,3,3
2012-08-22 18:00:00+00:00,,,0.7650808095932007,1.2929144095713385,0.1343444585800171,0.27154707421993896,,,,,0.44008684158325195,1.107187262140081,,,0.37953323125839233,-8.80391459304656,,,,,,,,,4,4
2012-08-23 00:00:00+00:00,,,,,,,,,,,0.23760652542114258,2.0652342120944374,,,0.35419923067092896,-15.657126307747397,,,,,,,,,4,2
2012-08-23 06:00:00+00:00,,,,,,,,,,,0.09697270393371582,0.03713028532957299,,,0.286648690700531,-11.230351025088382,,,,,,,,,3,2
2012-08-23 12:00:00+00:00,,,0.3556705713272095,-0.38164540421077964,,,,,,,0.2414093017578125,0.15029426182613795,,,0.27411776781082153,-5.3475317260659185,,,,,,,,,3,3
2012-08-23 18:00:00+00:00,,,0.3753741979598999,1.0012542895314915,,,,,,,0.20656704902648926,0.8558250429539932,0.6087480783462524,-1.9255108047114828,0.30806124210357666,-14.339447163324015,,,,,,,,,4,4
2012-08-24 00:00:00+00:00,,,0.2558478116989136,-0.9151172998982086,,,,,,,0.41432857513427734,1.9268235569051333,,,0.38541078567504883,-8.737867215103119,,,,,,,,,5,5
2012-08-24 06:00:00+00:00,,,0.13311707973480225,-0.11853123114035795,,,,,,,0.47855663299560547,0.6933288732562544,,,0.38548654317855835,-4.419210249403457,,,,,,,,,5,5
2012-08-24 12:00:00+00:00,,,0.07223021984100342,-0.3261299007439136,,,,,,,0.7355828881263733,-0.4400044122184865,,,0.4101693034172058,-13.237705519083752,,,,,,,,,5,5
2012-08-24 18:00:00+00:00,,,0.2743074893951416,0.10306976645115623,,,,,,,,,,,0.4328771233558655,-10.871794255425057,,,,,,,,,3,3
2012-08-25 00:00:00+00:00,,,0.46404439210891724,-0.31732765075811364,,,,,,,,,,,0.8147759139537811,-2.0795136889259047,0.3513941168785095,-3.51498569948961,,,,,,,3,3
2012-08-25 06:00:00+00:00,,,0.2816585898399353,-0.2391498588597978,,,,,,,0.352100670337677,-1.4174640340839588,,,0.8241570293903351,-6.09145854013865,0.34742772579193115,-1.1321133443344253,,,,,,,5,5
2012-08-25 12:00:00+00:00,,,0.029525160789489746,0.6928010578531012,,,,,,,0.2208179235458374,-1.383655964082475,,,,,0.13289600610733032,0.3190792129015734,,,,,,,3,3
2012-08-25 18:00:00+00:00,,,,,,,,,,,0.18356114625930786,-2.7449968750515175,,,0.8534050583839417,-1.9845036989419125,0.11773717403411865,-1.6425836828936804,,,,,,,4,3
2012-08-26 00:00:00+00:00,,,,,,,,,,,0.5925969183444977,-3.654068958285073,,,0.7743105590343475,-5.40916025316537,0.31382983922958374,-0.6674830239042547,,,,,,,4,3
2012-08-26 06:00:00+00:00,,,,,,,,,,,0.11301195621490479,-1.4226096000182804,,,0.8190990537405014,-2.248008854054549,,,,,,,,,2,2
2012-08-26 12:00:00+00:00,,,,,,,,,,,0.5520332753658295,-0.4119015222011633,,,0.5064609050750732,-1.3663064254448,,,,,,,,,2,2
2012-08-26 18:00:00+00:00,,,,,,,,,,,0.21443772315979004,-0.1602265484258747,,,,,,,,,,,,,1,1
2012-08-27 00:00:00+00:00,,,,,,,,,,,,,,,,,,,,,,,,,0,0
2012-08-27 06:00:00+00:00,,,,,,,,,,,,,,,0.8023566901683807,-5.586189031876539,,,,,,,,,1,1
2012-08-27 12:00:00+00:00,,,,,,,,,,,,,,,,,,,,,,,,,0,0
2012-08-27 18:00:00+00:00,,,,,,,,,,,,,,,0.7878347933292389,-6.099140933449891,,,,,,,,,1,1
2012-08-28 00:00:00+00:00,,,,,,,,,,,,,,,,,,,,,,,,,0,0
2012-08-28 06:00:00+00:00,,,,,,,,,,,,,,,,,,,,,,,,,0,0
2012-08-28 12:00:00+00:00,,,,,,,,,,,,,,,,,,,,,,,,,0,0
2012-08-28 18:00:00+00:00,,,,,,,,,,,,,,,,,,,,,,,,,0,0
2012-08-29 00:00:00+00:00,,,,,,,,,,,,,,,,,,,,,,,,,0,0
2012-08-29 06:00:00+00:00,,,,,,,,,,,,,,,,,,,,,,,,,0,0
2012-08-29 12:00:00+00:00,,,,,,,,,,,,,,,,,,,,,,,,,0,0
2012-08-29 18:00:00+00:00,,,,,,,,,,,,,,,,,,,,,,,,,0,0
2012-08-30 00:00:00+00:00,,,,,,,,,,,,,,,,,,,,,,,,,0,0
2012-08-30 06:00:00+00:00,,,,,,,,,,,,,,,,,,,,,,,,,0,0
2012-08-30 12:00:00+00:00,,,,,,,,,,,,,,,,,,,,,,,,,0,0
2012-08-30 18:00:00+00:00,,,,,,,,,,,,,,,,,,,,,,,,,0,0
2012-08-31 00:00:00+00:00,,,,,,,,,,,,,,,,,,,,,,,,,0,0
2012-08-31 06:00:00+00:00,,,,,,,,,,,,,,,,,,,,,,,,,0,0
2012-08-31 12:00:00+00:00,,,,,,,,,,,,,,,,,,,,,,,,,0,0
2012-08-31 18:00:00+00:00,,,,,,,,,,,,,,,,,,,,,,,,,0,0
2012-09-01 00:00:00+00:00,,,,,,,,,,,,,,,,,,,,,,,,,0,0
2012-09-01 06:00:00+00:00,,,,,,,,,,,,,,,,,,,,,,,,,0,0
2012-09-01 12:00:00+00:00,,,,,,,,,,,,,,,,,,,,,,,,,0,0
2012-09-01 18:00:00+00:00,,,,,,,,,,,,,,,,,,,,,,,,,0,0
2012-09-02 00:00:00+00:00,,,,,,,,,,,,,,,,,,,,,,,,,0,0
2012-09-02 06:00:00+00:00,,,,,,,,,,,,,,,,,,,,,,,,,0,0
2012-09-02 12:00:00+00:00,,,,,,,,,,,,,,,,,,,,,,,,,0,0
2012-09-02 18:00:00+00:00,,,,,,,,,,,,,,,,,,,,,,,,,0,0
2012-09-03 00:00:00+00:00,,,,,,,,,,,,,,,,,,,,,,,,,0,0
2012-09-03 06:00:00+00:00,,,,,,,,,,,,,,,,,,,,,,,,,0,0
2012-09-03 12:00:00+00:00,,,,,,,,,,,,,,,,,,,,,,,,,0,0
2012-09-03 18:00:00+00:00,,,,,,,,,,,,,,,,,,,,,,,,,0,0
2012-09-04 00:00:00+00:00,,,,,,,,,,,,,,,,,,,,,,,,,0,0
2012-09-04 06:00:00+00:00,,,,,,,,,,,,,,,,,,,,,,,,,1,0
2012-09-04 12:00:00+00:00,0.06789112091064453,1.5825016146416102,,,,,,,,,,,,,,,,,,,,,,,1,1
2012-09-04 18:00:00+00:00,0.029172778129577637,-0.22102536891512028,,,,,,,,,,,,,,,,,,,,,,,1,1
2012-09-05 00:00:00+00:00,0.06859195232391357,0.649523296973812,,,,,,,,,,,,,,,,,,,,,,,1,1
2012-09-05 06:00:00+00:00,,,,,,,,,,,,,,,,,,,,,,,,,1,0
2012-09-05 12:00:00+00:00,0.46294236183166504,0.3528628247599598,,,,,,,,,,,,,,,,,,,,,,,1,1
2012-09-05 18:00:00+00:00,,,0.46080052852630615,0.3229173260989562,,,,,,,,,,,,,,,,,,,,,1,1
2012-09-06 00:00:00+00:00,,,0.09025466442108154,0.20711470106908283,,,,,,,,,0.05066704750061035,-1.573060937739116,,,,,,,,,,,2,2
2012-09-06 06:00:00+00:00,,,0.20301949977874756,-0.6113760665812467,,,,,,,,,0.36134421825408936,-3.198154543531076,,,,,,,,,,,3,3
2012-09-06 12:00:00+00:00,,,0.011492252349853516,2.184676173911622,,,,,,,,,0.5980622470378876,-11.652690029934279,,,,,,,,,,,3,3
2012-09-06 18:00:00+00:00,,,0.239493727684021,0.08704999398444158,,,,,,,,,,,0.25612491369247437,-10.300146485018136,,,,,,,,,3,3
2012-09-07 00:00:00+00:00,,,0.21149969100952148,-0.03236249367662238,,,,,,,,,,,0.19890564680099487,-0.5806940474528537,,,,,,,,,3,3
2012-09-07 06:00:00+00:00,,,0.23578959703445435,-0.05989653531265041,,,,,,,,,,,0.27541792392730713,-1.9147806763108892,,,,,,,,,3,3
2012-09-07 12:00:00+00:00,,,0.007027983665466309,0.09318092221987131,,,,,,,,,,,0.4148791432380676,-6.867049348573464,,,,,,,,,2,2
2012-09-07 18:00:00+00:00,,,0.29172420501708984,-1.024654207883595,,,,,,,,,,,0.25413966178894043,-0.9153260328771331,,,,,,,,,3,3
2012-09-08 00:00:00+00:00,,,0.3691336512565613,-1.5641924362658564,,,,,,,,,,,0.39292144775390625,-1.4698344439247724,,,,,,,,,3,3
2012-09-08 06:00:00+00:00,,,0.19970643520355225,-0.1735705555812788,,,,,,,,,,,0.42531245946884155,-2.944777006506723,,,,,,,,,3,3
2012-09-08 12:00:00+00:00,,,0.17339491844177246,-0.3004893758156068,,,,,,,,,,,0.419153094291687,-12.421365548544118,,,,,,,,,3,3
2012-09-08 18:00:00+00:00,,,0.09435498714447021,-0.33347564360430826,,,,,,,,,,,0.3885883092880249,-5.066410797424171,,,,,,,,,3,3
2012-09-09 00:00:00+00:00,,,0.6951673030853271,-0.5234717524725875,0.15605872869491577,-0.14623098686981112,,,,,,,,,0.6336638927459717,-8.401388241389238,,,,,,,,,3,3
2012-09-09 06:00:00+00:00,,,,,0.5562695264816284,-0.16581976226841358,,,,,,,,,0.5816827118396759,-5.564811065528646,,,,,,,,,3,2
2012-09-09 12:00:00+00:00,,,,,,,,,,,,,,,0.4515153765678406,-3.9397800437988097,,,,,,,,,2,1
2012-09-09 18:00:00+00:00,,,,,,,,,,,,,,,0.6413745880126953,-8.113727828158057,,,,,,,,,1,1
2012-09-10 00:00:00+00:00,,,,,,,,,,,,,,,0.06836569309234619,0.2955547341137016,,,,,,,,,1,1
2012-09-10 06:00:00+00:00,,,,,,,,,,,,,,,0.41122251749038696,-5.4087258289022415,,,,,,,,,1,1
2012-09-10 12:00:00+00:00,,,,,,,,,,,,,,,0.21097815036773682,-4.876847678185134,,,,,,,,,1,1
2012-09-10 18:00:00+00:00,,,,,,,0.7342064380645752,0.28686113119952417,,,,,,,0.3362365961074829,-2.3631477257833033,,,,,,,,,3,2
2012-09-11 00:00:00+00:00,,,,,,,0.3363063335418701,2.05455986105521,,,,,,,,,0.4044644236564636,-2.107893170283335,,,,,,,3,3
2012-09-11 06:00:00+00:00,,,,,,,0.08444845676422119,2.069325408959901,0.44293665885925293,6.1167145688905205,,,,,,,,,,,,,,,2,2
2012-09-11 12:00:00+00:00,,,,,,,0.11694538593292236,1.3367927764455414,0.32049763202667236,9.080431692876408,,,,,,,,,,,,,,,2,2
2012-09-11 18:00:00+00:00,,,,,,,0.10304713249206543,2.8830884226635614,0.2766759395599365,2.0892461794620942,,,,,,,,,,,,,,,2,2
2012-09-12 00:00:00+00:00,,,,,,,0.11680424213409424,0.5083616971109117,0.3897113800048828,2.672394771324292,,,,,,,,,,,,,,,2,2
2012-09-12 06:00:00+00:00,,,,,,,0.19669651985168457,1.8942404737287497,0.3974355459213257,8.707196838189278,,,,,,,,,,,,,,,2,2
2012-09-12 12:00:00+00:00,,,,,,,0.297593355178833,4.988855258290316,0.25409162044525146,0.9511334192320395,,,,,,,,,,,,,,,3,3
2012-09-12 18:00:00+00:00,,,,,,,0.30812525749206543,1.3100731264669807,0.33022522926330566,2.7698679691350514,,,,,,,,,,,,,,,4,3
2012-09-13 00:00:00+00:00,,,,,,,0.3439978361129761,2.4711418504420704,0.2904297113418579,1.6744840968148111,,,0.010846972465515137,0.1727477509737904,,,,,,,,,,,3,3
2012-09-13 06:00:00+00:00,,,,,,,0.3913165330886841,7.261518335313144,0.5050978660583496,2.214869967046288,,,0.5653010606765747,-0.06890859059796486,,,,,,,,,,,3,3
2012-09-13 12:00:00+00:00,,,,,,,0.39826488494873047,3.1360106424840257,0.43040382862091064,1.1941625355588215,,,,,,,,,,,,,,,3,3
2012-09-13 18:00:00+00:00,,,,,,,0.4526625871658325,5.810901944086325,0.2531386613845825,1.668810428737009,,,0.1361534595489502,-2.7017439482208356,,,,,,,,,,,4,4
2012-09-14 00:00:00+00:00,,,,,,,0.33222126960754395,3.819048436261258,0.375613808631897,3.680696437045967,,,0.09366005659103394,-1.7089041823491513,,,,,,,,,,,3,3
2012-09-14 06:00:00+00:00,,,,,,,,,0.45090270042419434,3.447593835320598,,,0.0820075273513794,-1.885646661937153,,,,,0.3228726387023926,0.4959907266879437,,,,,4,4
2012-09-14 12:00:00+00:00,,,,,,,,,0.39359521865844727,3.183928886224384,,,0.016078472137451172,0.834361913800931,,,,,0.52001953125,0.9802518823400667,,,,,4,4
2012-09-14 18:00:00+00:00,,,,,,,,,0.4475367069244385,4.064748994619578,,,0.07288730144500732,-0.12557343306195184,,,,,0.017774462699890137,-0.40389793122051426,,,,,4,4
2012-09-15 00:00:00+00:00,,,,,,,,,0.5030057430267334,3.433317765875347,,,0.3588792085647583,-1.150245454560778,,,,,0.886416420340538,-0.16206739058085817,,,,,4,4
2012-09-15 06:00:00+00:00,,,,,,,,,0.543077826499939,7.341731289321421,,,0.19647210836410522,-1.1534458702594788,,,,,0.015269815921783447,0.31768280033854346,,,,,5,4
2012-09-15 12:00:00+00:00,,,0.014210224151611328,-0.14906718448445735,,,,,0.5151456594467163,9.386580967615751,0.6487056016921997,3.2568551758670203,0.24076807498931885,-1.99232902462214,,,,,0.4025160074234009,-0.6913002449067959,,,,,5,5
2012-09-15 18:00:00+00:00,,,0.1392972469329834,0.263615743527511,,,,,0.45082032680511475,3.0753369620643003,0.3540189266204834,2.187725031297411,0.406036376953125,-3.6881991061601647,,,,,0.13505613803863525,-0.6366052144884229,,,,,5,5
2012-09-16 00:00:00+00:00,,,0.0239105224609375,-0.029098592869758026,,,,,0.4830714464187622,6.19555956592642,0.49819958209991455,2.0233702937774973,0.25892919301986694,-1.0716785722100595,,,,,0.13219678401947021,0.5586555364678257,,,,,5,5
2012-09-16 06:00:00+00:00,,,0.12361586093902588,0.2669135431852364,,,,,0.5819532871246338,5.149674502215144,0.3504624366760254,3.8665590169596538,,,0.30485600233078003,-8.165913553622621,,,0.27207475900650024,-0.39408468004465363,,,,,5,5
2012-09-16 12:00:00+00:00,,,0.5976201295852661,1.0893082021456275,,,,,0.38585495948791504,1.640476322511455,0.26825690269470215,1.148582586187497,,,0.19768989086151123,-1.433558666229193,,,0.1386377215385437,-0.9233236016622004,,,,,5,5
2012-09-16 18:00:00+00:00,,,0.20668566226959229,0.33234580422638466,,,,,0.49614977836608887,4.303287805094499,0.2537630796432495,0.4835541364140547,,,0.36595165729522705,-2.8014822440329095,,,0.2596452832221985,0.011216860054075142,,,,,5,5
2012-09-17 00:00:00+00:00,,,0.09399306774139404,0.4133958100426871,,,,,0.5306048393249512,5.915842332653257,0.3274118900299072,0.15644093775301962,,,0.33977723121643066,-1.7462276887567274,,,0.03907179832458496,-0.17556697450301118,,,,,5,5
2012-09-17 06:00:00+00:00,,,0.2132323980331421,0.8547684637800782,,,,,0.4963877201080322,3.6908106681268307,0.7428333759307861,3.752563517035206,,,0.3600728511810303,-6.159464579273607,,,0.10352611541748047,0.372384192891943,,,,,5,5
2012-09-17 12:00:00+00:00,,,0.22484004497528076,-0.19810581277995915,,,,,0.4784036874771118,9.783296692628937,0.003504633903503418,0.684314290387906,,,0.4734257459640503,-8.745715995089128,,,0.14257031679153442,0.051296319219960494,,,,,5,5
2012-09-17 18:00:00+00:00,,,0.6922547817230225,0.6763832147140283,,,,,0.3666948080062866,3.8159688319880005,0.22548210620880127,0.5160717222505651,,,0.3734344244003296,-13.645951005536418,,,,,0.15694010257720947,-0.1111339404569104,,,5,5
2012-09-18 00:00:00+00:00,,,,,,,,,0.31450557708740234,2.4391907331429534,0.1424020528793335,0.2159805485446845,,,0.35605019330978394,-7.316657898526313,,,,,0.03582042455673218,-0.06045488108870941,,,6,5
2012-09-18 12:00:00+00:00,,,0.14408361911773682,0.44199167636449704,,,,,0.036321401596069336,2.561465902021361,0.5504701137542725,5.218864920995176,,,0.14506804943084717,3.4261464462699878,,,,,0.167158305644989,-0.1418048313432843,,,5,5
2012-09-18 18:00:00+00:00,,,0.2023751139640808,0.2236242536964112,,,,,,,0.5435770750045776,6.7268815821696535,,,0.21722370386123657,-3.3383950066468917,,,,,0.17751657962799072,-0.07257448774432898,,,5,4
2012-09-19 00:00:00+00:00,,,0.11376059055328369,0.08660004261317929,,,,,,,0.5154879093170166,4.1295057480883655,,,0.19313359260559082,-6.756259790346846,,,,,0.14221322536468506,0.06666930684578433,,,4,4
2012-09-19 12:00:00+00:00,,,0.03517568111419678,0.3266826867233581,,,,,,,0.5067757368087769,7.612094886315743,,,0.19807809591293335,-6.099321819440764,,,,,,,0.18601089715957642,-0.15778920378859398,5,5
2012-09-19 18:00:00+00:00,,,0.4901472330093384,0.28719843502986453,,,,,,,0.5433546304702759,3.8051469296808564,,,0.2420281171798706,-14.423374516241555,,,,,,,0.20196318626403809,0.23209838848563305,4,4
2012-09-20 00:00:00+00:00,,,,,0.3705737590789795,0.40612753541355434,,,,,0.19141435623168945,1.0582723982938558,,,0.0795290470123291,-2.3999601696761528,,,,,,,0.15202993154525757,-0.12687573086991882,4,4
2012-09-20 12:00:00+00:00,,,,,,,,,,,0.2753283977508545,1.3949343811033421,,,,,0.3076782822608948,-0.5171441175863847,,,,,0.42425137758255005,-0.02746174464683791,3,3
2012-09-20 18:00:00+00:00,,,,,,,,,,,0.24898886680603027,0.7909769260392173,,,,,0.3770827054977417,-5.676718246643041,,,,,0.15836524963378906,-0.25007955315341845,4,4
2012-09-21 00:00:00+00:00,,,,,,,,,,,0.35706067085266113,0.5922873637945328,,,,,0.49192744493484497,-6.262693056533149,,,,,0.3066614866256714,-0.44858320996378376,4,4
2012-09-21 12:00:00+00:00,,,,,,,,,,,0.2391798496246338,0.05116114292798012,,,,,0.3715451955795288,-0.6560050062721364,,,,,0.12871700525283813,0.43344016781962774,4,4
2012-09-21 18:00:00+00:00,,,,,,,,,,,0.4745732545852661,0.26513488021641723,,,,,0.2655487060546875,-1.4755535641198534,,,,,0.17069315910339355,-0.5154978708030983,3,3
2012-09-22 00:00:00+00:00,,,,,,,,,,,0.517121434211731,0.016264844636546157,,,,,0.07421207427978516,0.10748473896628015,,,,,0.6495394706726074,0.2180141605181607,3,3
2012-09-22 12:00:00+00:00,,,,,,,,,,,,,,,,,0.1261926293373108,-0.3910025182870891,,,,,,,1,1
2012-09-22 18:00:00+00:00,,,,,,,,,,,,,,,,,0.35641270875930786,-0.5841865053534474,,,,,,,1,1
2012-09-23 00:00:00+00:00,,,,,,,,,,,,,,,,,,,,,,,,,0,0
2012-09-23 12:00:00+00:00,,,,,,,,,,,,,,,,,,,,,,,,,0,0
2012-09-23 18:00:00+00:00,,,,,,,,,,,,,,,,,,,,,,,,,0,0
2012-09-24 00:00:00+00:00,,,,,,,,,,,,,,,,,,,,,,,,,0,0
2012-09-24 12:00:00+00:00,,,,,,,,,,,,,,,,,,,,,,,,,0,0
2012-09-24 18:00:00+00:00,,,,,,,,,,,,,,,,,,,,,,,,,0,0
2012-09-25 00:00:00+00:00,,,,,,,,,,,,,,,,,,,,,,,,,0,0
2012-09-25 12:00:00+00:00,,,,,,,,,,,,,,,,,,,,,,,,,0,0
2012-09-25 18:00:00+00:00,,,,,,,,,,,,,,,,,,,,,,,,,0,0
2012-09-26 00:00:00+00:00,,,,,,,,,,,,,,,,,,,,,,,,,0,0
2012-09-26 12:00:00+00:00,,,,,,,,,,,,,,,,,,,,,,,,,0,0
2012-09-26 18:00:00+00:00,,,,,,,,,,,,,,,,,,,,,,,,,0,0
2012-09-27 00:00:00+00:00,,,,,,,,,,,,,,,,,,,,,,,,,0,0
2012-09-27 06:00:00+00:00,,,,,,,,,,,,,,,,,,,,,,,,,0,0
2012-09-27 12:00:00+00:00,,,,,,,,,,,,,,,,,,,,,,,,,0,0
2012-09-27 18:00:00+00:00,,,,,,,,,,,,,,,,,,,,,,,,,0,0
2012-09-28 00:00:00+00:00,,,,,,,,,,,,,,,,,,,,,,,,,0,0
2012-09-28 06:00:00+00:00,,,,,,,,,,,,,,,,,,,,,,,,,0,0
2012-09-28 12:00:00+00:00,,,,,,,,,,,,,,,,,,,,,,,,,0,0
2012-09-28 18:00:00+00:00,,,,,,,,,,,,,,,,,,,,,,,,,0,0
2012-09-29 00:00:00+00:00,,,,,,,,,,,,,,,,,,,,,,,,,0,0
2012-09-29 06:00:00+00:00,,,,,,,,,,,,,,,,,,,,,,,,,0,0
2012-09-29 12:00:00+00:00,,,,,,,,,,,,,,,,,,,,,,,,,0,0
2012-09-29 18:00:00+00:00,,,,,,,,,,,,,,,,,,,,,,,,,0,0
2012-09-30 00:00:00+00:00,,,,,,,,,,,,,,,,,,,,,,,,,0,0
2012-09-30 06:00:00+00:00,,,,,,,,,,,,,,,,,,,,,,,,,0,0
2012-09-30 12:00:00+00:00,,,,,,,,,,,,,,,,,,,,,,,,,0,0
2012-09-30 18:00:00+00:00,,,,,,,,,,,,,,,,,,,,,,,,,0,0
2012-10-01 00:00:00+00:00,,,,,,,,,,,,,,,,,,,,,,,,,0,0
2012-10-01 06:00:00+00:00,,,,,,,,,,,,,,,,,,,,,,,,,0,0
2012-10-01 12:00:00+00:00,,,,,,,,,,,,,,,,,,,,,,,,,0,0
2012-10-01 18:00:00+00:00,,,,,,,,,,,,,,,,,,,,,,,,,0,0
2012-10-02 00:00:00+00:00,,,,,,,,,,,,,,,,,,,,,,,,,1,0
2012-10-02 06:00:00+00:00,,,,,,,,,,,,,,,,,,,,,,,,,0,0
2012-10-02 12:00:00+00:00,,,,,,,,,,,,,,,,,,,,,,,,,1,0
2012-10-02 18:00:00+00:00,0.7676090449094772,-0.6108263878454051,,,,,,,,,,,,,,,,,,,,,,,1,1
2012-10-03 00:00:00+00:00,0.03535205125808716,0.005924142535330883,,,,,0.08307313919067383,-0.6562354647505406,,,,,,,,,,,,,,,,,2,2
2012-10-03 06:00:00+00:00,0.05109071731567383,0.11047522729806897,,,,,0.3875371813774109,-3.3751618835445063,,,,,,,,,,,,,,,,,2,2
2012-10-03 12:00:00+00:00,0.2879220247268677,-0.10724409381021435,,,,,,,0.4610159993171692,-2.534215379135277,,,,,,,,,,,,,,,2,2
2012-10-03 18:00:00+00:00,0.0276106595993042,0.9055964477166848,,,,,,,0.3768153786659241,-0.38162001062421663,,,,,,,,,,,,,,,2,2
2012-10-04 06:00:00+00:00,0.013872921466827393,-0.7877141816390728,,,,,,,0.3165851831436157,-2.3115185221888055,,,,,,,,,,,,,,,2,2
2012-10-04 12:00:00+00:00,0.42405855655670166,-0.2759992696130765,0.8090728521347046,0.5543077613278615,,,,,0.3867737054824829,-6.594234108134491,,,,,,,,,,,,,,,3,3
2012-10-04 18:00:00+00:00,0.31221961975097656,0.5653861285704582,0.08659565448760986,0.41015928615087055,,,,,0.39716625213623047,-5.325366432424527,,,,,,,,,,,,,,,3,3
2012-10-05 00:00:00+00:00,0.23942476511001587,0.09776876218981174,0.44572341442108154,0.004507399912798865,,,,,0.4572017192840576,-6.130376779171284,,,,,,,,,,,,,,,3,3
2012-10-05 06:00:00+00:00,0.33271461725234985,-0.40739132845517284,0.25561201572418213,0.027480786327620417,,,0.14391160011291504,0.09939071956274413,0.30460089445114136,-6.205240127268556,,,,,0.10656881332397461,0.1461992746930866,,,,,,,,,5,5
2012-10-05 12:00:00+00:00,0.21686416864395142,-0.24044061214977386,0.04903101921081543,0.01888393370258181,,,0.11053526401519775,1.8452091542256532,0.44858741760253906,-9.474908019857256,,,,,0.10754919052124023,0.5699207303218242,,,,,,,,,5,5
2012-10-05 18:00:00+00:00,0.09899091720581055,-0.28747985793723557,0.16103702783584595,-0.14761446435204123,,,0.13344800472259521,0.17158243216010902,0.37200474739074707,-3.931903271407929,,,,,0.05943131446838379,0.7391601648678339,,,,,,,,,6,6
2012-10-06 00:00:00+00:00,0.21621990203857422,0.10563237153927985,0.18616163730621338,1.7104222615461802,,,0.048590898513793945,0.047602345623219945,0.3491792678833008,-7.29726944443318,,,,,,,,,,,,,,,4,4
2012-10-06 06:00:00+00:00,,,0.08451151847839355,1.7353490270839047,,,0.3336831331253052,4.832649861634079,0.3745538592338562,-8.276310379200886,,,,,,,,,,,,,,,3,3
2012-10-06 12:00:00+00:00,,,0.26431965827941895,-0.16612708624821998,,,0.04248887300491333,1.7348103961193286,0.30674105882644653,-7.422356045531904,,,,,,,,,,,,,,,3,3
2012-10-06 18:00:00+00:00,,,0.08948445320129395,-0.5164560613360437,,,0.04723811149597168,1.0889239123526362,0.32734215259552,-6.414894890404202,,,,,,,,,,,,,,,3,3
2012-10-07 00:00:00+00:00,,,0.08353620767593384,0.05025236412110824,,,0.08556652069091797,0.185277249200749,0.33731627464294434,-6.381682921816042,,,,,,,,,,,,,,,3,3
2012-10-07 06:00:00+00:00,,,0.28488075733184814,-0.07023544486129737,,,0.2133702039718628,0.4154521203679563,0.36898118257522583,-9.496762634882913,,,,,,,,,,,,,,,3,3
2012-10-07 12:00:00+00:00,,,0.027953147888183594,0.681973934718209,,,0.17325544357299805,0.2799652451514929,0.3868722915649414,-3.6418412862416965,,,,,,,,,,,,,,,3,3
2012-10-07 18:00:00+00:00,0.9658083580434322,-2.260667844955669,,,,,0.23829305171966553,4.388546026156422,,,0.23445367813110352,-3.2065905727815416,,,,,,,,,,,,,4,3
2012-10-08 00:00:00+00:00,0.8851687014102936,-2.916089429532662,,,,,0.2406250238418579,5.633241716893707,,,0.3045538067817688,-3.152327535795389,,,,,,,,,,,,,3,3
2012-10-08 06:00:00+00:00,0.39973944425582886,-0.1348717834380638,,,,,0.1187443733215332,0.4721076032597273,,,0.22598975896835327,-0.955551421455938,,,,,,,,,,,,,3,3
2012-10-08 12:00:00+00:00,0.02477949857711792,-0.2847801238556848,,,,,0.32422709465026855,10.940768944776284,,,0.4658709168434143,-7.7864846651785875,,,,,,,,,,,,,3,3
2012-10-08 18:00:00+00:00,0.018903255462646484,0.11331536145279328,,,,,0.15073132514953613,4.78886494565554,,,0.2056308388710022,-4.685063171727641,0.4407782554626465,-0.37902646056102995,,,,,,,,,,,4,4
2012-10-09 00:00:00+00:00,0.148967444896698,0.020262809614590857,,,,,0.2982170581817627,4.971719323272978,,,0.2656400799751282,-3.1387410382878445,0.11253964900970459,0.2717917362515064,,,,,,,,,,,6,4
2012-10-09 06:00:00+00:00,0.2294594645500183,0.30436956036705753,,,,,0.6046889126300812,-0.04074003940119421,0.18671655654907227,1.989168549187513,0.11975419521331787,-0.5651729330069856,0.24874573945999146,-0.7951075100478951,,,,,0.4016111493110657,0.15826668537899827,,,,,6,6
2012-10-09 12:00:00+00:00,0.39371204376220703,0.6452193893225184,,,,,0.00664210319519043,-0.1282000317400355,0.34365832805633545,14.152661518769234,0.2877066731452942,-1.0774297287173145,0.015051722526550293,0.20228528609354304,,,,,0.23936676979064941,-1.5591879207333856,,,,,7,7
2012-10-09 18:00:00+00:00,0.23016101121902466,-0.135086686683783,,,,,0.3248952031135559,-0.4079829424184153,0.2649648189544678,9.257838927438778,0.35114043951034546,-1.8660247627599895,0.5078185796737671,-1.8219927318899691,,,,,0.10405218601226807,-0.411258623702191,,,,,6,6
2012-10-10 00:00:00+00:00,0.057972609996795654,-0.32780360723144475,,,,,0.15185976028442383,1.3835708290962778,0.2903745174407959,10.206630792337483,0.324343740940094,-3.3275869859353926,0.14295458793640137,-0.8673603886877571,,,,,,,,,,,6,6
2012-10-10 06:00:00+00:00,0.337157666683197,-0.25730985729498984,,,,,0.11376333236694336,0.7724644382325914,0.24391305446624756,9.478119214435399,0.25985854864120483,-1.281892369202018,0.21950381994247437,-0.5373288911906766,,,,,0.10791558027267456,-1.273022591906745,,,,,7,7
2012-10-10 12:00:00+00:00,0.3031045198440552,0.27656903972509894,,,,,0.24068284034729004,3.6718994505757268,0.24042010307312012,7.670132607156691,0.08575987815856934,0.19010756422112915,0.48542577028274536,-4.431071251163935,,,,,,,,,,,6,6
2012-10-11 00:00:00+00:00,0.4428586959838867,-7.133066098140778,,,,,0.240911602973938,3.7027598905436867,0.324856162071228,7.458372669263817,,,0.4297565817832947,-7.760258748668013,,,,,0.2083619236946106,0.35827898104298156,,,,,6,6
2012-10-11 06:00:00+00:00,0.2918854355812073,0.17542469709988184,,,,,0.20730257034301758,4.66793286824953,0.3328655958175659,8.325861964807311,,,0.4650765061378479,-3.4493326213404814,,,,,0.17874574661254883,-0.2339876568740059,,,,,7,6
2012-10-11 12:00:00+00:00,0.4443032145500183,0.17866723571818552,0.0681004524230957,-0.13794639038082565,,,0.2218608856201172,9.46717462195881,0.4134550094604492,20.98036290741954,,,0.32611775398254395,-5.462294438807839,,,,,0.03294050693511963,-0.33184168958553145,,,,,6,6
2012-10-11 18:00:00+00:00,0.2542405128479004,-0.2808952602975887,0.2917807102203369,-1.215562337762353,,,0.2789742946624756,5.007893148547072,0.4483754634857178,13.142122161617385,,,0.5945532321929932,-3.0056885774727755,,,,,0.166337788105011,-1.7888167001607793,,,,,6,6
2012-10-12 00:00:00+00:00,0.46398723125457764,-0.9270623284329308,,,,,0.2657536268234253,6.078607535372464,0.3965799808502197,9.00226729296305,,,0.6229483783245087,-6.375455466695941,,,,,0.06764602661132812,-0.24444339726831724,,,,,9,7
2012-10-12 06:00:00+00:00,0.34118425846099854,-0.16248990284911727,,,,,0.039868712425231934,-0.04959624877130739,0.3628298044204712,9.482962463315332,,,,,0.6590438485145569,-4.586327241494968,,,0.10069841146469116,-0.45451971616121445,,,,,6,6
2012-10-12 12:00:00+00:00,0.07080364227294922,1.107688099683744,,,,,0.11717796325683594,2.2434555011751187,0.3521590232849121,4.138377339678968,,,,,0.5552654266357422,-6.286246614213201,,,0.18632453680038452,-0.6235189195602377,0.16673725843429565,-0.5643446716273273,,,9,9
2012-10-12 18:00:00+00:00,0.1393946409225464,1.3729668915009419,,,,,,,0.30701112747192383,4.818339537642283,,,,,0.19341504573822021,-1.7424628778931155,,,0.06342965364456177,0.028513834137422995,,,,,7,6
2012-10-13 00:00:00+00:00,0.017078876495361328,-0.24054636342079214,,,,,,,0.19219720363616943,0.5335963848990682,0.2874528169631958,2.696424361391666,,,0.36920154094696045,-6.403847503278534,,,0.38916027545928955,0.04023440427780832,,,,,7,7
2012-10-13 06:00:00+00:00,0.7444932460784912,-0.10509111734444683,,,,,0.44129717350006104,0.21400019118191832,0.33168113231658936,1.6026509819628938,0.34623420238494873,8.760470192955715,,,0.34106749296188354,-5.794661663566567,,,0.02198636531829834,-0.2513053904243077,,,,,7,7
2012-10-13 12:00:00+00:00,0.14151620864868164,-0.21944354237254904,,,,,,,0.5044693946838379,1.9623596432322996,0.23174285888671875,1.9341661384205613,,,0.4230844974517822,-13.24476566820273,,,0.19745218753814697,-0.7259416565592954,,,,,6,6
2012-10-13 18:00:00+00:00,0.3106510639190674,0.9745773947701215,,,,,,,,,0.2417912483215332,3.2841852832567695,,,0.44346481561660767,0.3489046892309981,,,0.11512601375579834,-0.6319231726840797,,,,,4,4
2012-10-14 00:00:00+00:00,0.2891080379486084,0.4595179593868045,,,,,,,,,0.3220794200897217,5.028501746961108,,,0.4823249578475952,-9.354584473301419,,,0.12657880783081055,-0.11577221268481626,,,,,4,4
2012-10-14 06:00:00+00:00,0.3865876793861389,0.31429648679424105,,,,,,,,,0.34469008445739746,3.607597676075353,,,0.511488139629364,-11.0519099331895,,,,,,,,,3,3
2012-10-14 12:00:00+00:00,0.11585026979446411,0.26933004663993815,,,,,,,,,0.2082446813583374,1.4377137795496284,,,0.31153446435928345,-2.4163799261100594,,,0.8588203191757202,0.22695235366854052,,,,,4,4
2012-10-14 18:00:00+00:00,0.17655658721923828,0.14290263150220617,,,,,,,,,0.2568575143814087,2.807362233966895,,,0.32008957862854004,-1.7906072634906909,,,,,,,,,4,3
2012-10-15 00:00:00+00:00,0.4362095594406128,0.7092702685817402,,,,,,,,,0.491610050201416,2.7171472509122268,,,0.3703237771987915,-10.168484333461354,,,,,,,,,4,3
2012-10-15 06:00:00+00:00,0.7154998779296875,1.324872876191251,,,,,,,,,0.27989375591278076,1.2626268862916228,,,0.14143294095993042,-0.6047766212126722,,,0.40543198585510254,-0.025911731126553494,,,,,4,4
2012-10-15 12:00:00+00:00,0.9067513942718506,5.973126149181896,,,,,,,,,0.6024866104125977,0.4638073663776032,,,0.10435688495635986,-0.806481216254368,,,0.819609522819519,1.0087544185335184,,,,,4,4
2012-10-15 18:00:00+00:00,,,0.14580965042114258,1.3783361803477938,,,,,,,0.32238447666168213,0.8850261428123491,,,0.13658899068832397,-2.497521911904189,,,0.7729635089635849,-1.0123802158306987,,,,,4,4
2012-10-16 00:00:00+00:00,,,0.1517345905303955,0.18345835493743365,,,,,,,0.42721331119537354,0.12414043726160387,,,,,,,,,,,,,2,2
2012-10-16 06:00:00+00:00,,,0.13959884643554688,-0.1649438097207386,,,,,,,0.08511066436767578,-0.22999374160018016,,,,,,,,,,,,,3,3
2012-10-16 12:00:00+00:00,,,0.2342689037322998,0.1357207424883841,,,,,,,,,,,,,,,,,,,,,1,1
2012-10-16 18:00:00+00:00,,,0.3924468755722046,-0.706076205425204,0.4263457655906677,-0.034307727045808874,,,,,,,,,,,,,,,,,,,3,3
2012-10-17 00:00:00+00:00,,,0.21089959144592285,0.08713289908826974,0.5547912120819092,0.3926841297619012,,,,,,,,,,,,,,,,,,,3,3
2012-10-17 06:00:00+00:00,,,,,,,,,,,,,,,,,,,,,,,,,1,0
2012-10-17 12:00:00+00:00,,,,,,,,,,,,,,,,,,,,,,,,,1,0
2012-10-18 00:00:00+00:00,,,,,,,,,,,,,,,,,,,,,,,,,0,0
2012-10-18 06:00:00+00:00,,,,,,,,,,,,,,,,,,,,,,,,,0,0
2012-10-18 12:00:00+00:00,,,,,,,,,,,,,,,,,,,,,,,,,0,0
2012-10-18 18:00:00+00:00,,,,,,,,,,,,,,,,,,,,,,,,,0,0
2012-10-19 00:00:00+00:00,,,,,,,,,,,,,,,,,,,,,,,,,0,0
2012-10-19 06:00:00+00:00,,,,,,,,,,,,,,,,,,,,,,,,,0,0
2012-10-19 12:00:00+00:00,,,,,,,,,,,,,,,,,,,,,,,,,0,0
2012-10-19 18:00:00+00:00,,,,,,,,,,,,,,,,,,,,,,,,,0,0
2012-10-20 00:00:00+00:00,,,,,,,,,,,,,,,,,,,,,,,,,0,0
2012-10-20 06:00:00+00:00,,,,,,,,,,,,,,,,,,,,,,,,,0,0
2012-10-20 12:00:00+00:00,,,,,,,,,,,,,,,,,,,,,,,,,0,0
2012-10-20 18:00:00+00:00,,,,,,,,,,,,,,,,,,,,,,,,,0,0
2012-10-21 00:00:00+00:00,,,,,,,,,,,,,,,,,,,,,,,,,0,0
2012-10-21 06:00:00+00:00,,,,,,,,,,,,,,,,,,,,,,,,,0,0
2012-10-21 12:00:00+00:00,,,,,,,,,,,,,,,,,,,,,,,,,0,0
2012-10-21 18:00:00+00:00,,,,,,,,,,,,,,,,,,,,,,,,,0,0
2012-10-22 00:00:00+00:00,,,,,,,,,,,,,,,,,,,,,,,,,0,0
2012-10-22 06:00:00+00:00,,,,,,,,,,,,,,,,,,,,,,,,,0,0
2012-10-22 12:00:00+00:00,,,,,,,,,,,,,,,0.807603120803833,3.7812512958706908,,,,,,,,,1,1
2012-10-22 18:00:00+00:00,,,,,,,,,,,,,,,0.4560290575027466,2.8461937151357537,,,,,,,,,1,1
2012-10-23 00:00:00+00:00,,,,,,,,,,,,,,,0.28198957443237305,2.16442384178925,,,,,,,,,1,1
2012-10-23 06:00:00+00:00,,,,,,,,,,,,,,,0.6038864850997925,4.137824776132402,,,,,,,,,1,1
2012-10-23 12:00:00+00:00,,,,,,,,,,,,,,,0.6724165678024292,4.080127249131699,,,,,,,,,1,1
2012-10-23 18:00:00+00:00,,,,,,,,,,,,,,,0.5666767358779907,8.963964513293032,,,,,,,,,1,1
2012-10-24 00:00:00+00:00,,,,,,,,,,,,,,,0.5235531330108643,5.196176448683058,,,,,,,,,1,1
2012-10-24 06:00:00+00:00,,,,,,,,,,,,,,,0.49874114990234375,7.81547601452978,,,,,,,,,1,1
2012-10-24 12:00:00+00:00,,,,,,,,,,,,,,,0.5154118537902832,6.752123579968021,,,,,,,,,1,1
2012-10-24 18:00:00+00:00,,,,,,,,,,,,,,,0.5309468507766724,10.296535087769648,,,,,,,,,1,1
2012-10-25 00:00:00+00:00,,,0.19853222370147705,-0.306204091298526,,,,,,,,,,,0.4451441764831543,3.8553529339070547,,,,,,,,,2,2
2012-10-25 06:00:00+00:00,,,0.5130305290222168,0.4973371688294029,,,,,,,,,,,0.587324857711792,4.69750834213426,,,,,,,,,2,2
2012-10-25 12:00:00+00:00,,,0.00726473331451416,-0.08375256738406538,,,,,,,,,,,0.43552136421203613,4.568102444372419,,,,,,,,,2,2
2012-10-25 18:00:00+00:00,,,0.08063673973083496,0.9149168883821006,,,,,,,,,,,0.554908037185669,5.232768790373675,,,,,,,,,2,2
2012-10-26 00:00:00+00:00,,,0.016623854637145996,0.40182571689064905,,,,,,,,,,,0.6034524440765381,2.3656045671412054,,,0.016086995601654053,0.16759334616279256,,,,,3,3
2012-10-26 06:00:00+00:00,,,0.2506221532821655,0.3511470022284724,,,,,,,,,,,0.5149492025375366,3.301346349340225,,,0.3266029357910156,-0.6863822901179459,,,,,3,3
2012-10-26 12:00:00+00:00,,,0.25765037536621094,0.08346393532834127,,,,,,,,,,,0.6043573617935181,8.354057976052857,,,0.026131868362426758,0.33045050083789795,,,,,3,3
2012-10-26 18:00:00+00:00,,,,,0.22153925895690918,-0.36622873478874085,,,,,,,,,0.6430040597915649,9.287032890684578,,,0.22418904304504395,0.03026311467398449,,,,,3,3
2012-10-27 00:00:00+00:00,,,,,0.7934582233428955,6.592734651786776,,,,,,,,,,,0.5821652412414551,4.182538050548791,0.03181469440460205,-0.27201611969640416,,,,,3,3
2012-10-27 06:00:00+00:00,,,,,0.18184340000152588,0.5412798474076065,,,,,,,,,,,0.539948582649231,2.8215047632784587,0.1474677324295044,-0.05678401349839418,,,,,3,3
2012-10-27 12:00:00+00:00,,,,,0.21670854091644287,-0.10655084178439352,,,,,,,,,,,0.1282828450202942,-2.3967369464444848,0.2100575566291809,-0.11304595983316988,,,,,3,3
2012-10-27 18:00:00+00:00,,,,,0.09127247333526611,-0.466970514098886,,,,,,,,,,,0.37947118282318115,1.0623358325846355,0.048394620418548584,-0.38515550797166,,,,,3,3
2012-10-28 00:00:00+00:00,,,,,0.8331336081027985,-5.4892046863235375,,,,,,,,,,,,,0.11623048782348633,0.6449740415290953,,,,,2,2
2012-10-28 06:00:00+00:00,,,,,0.11208349466323853,0.4471371529344327,,,,,,,,,,,,,0.21240520477294922,0.29045082065948274,,,,,2,2
2012-10-28 12:00:00+00:00,,,,,0.12382394075393677,-0.16010858511501533,,,,,,,,,,,,,0.241773784160614,-0.4834740692334811,,,,,2,2
2012-10-28 18:00:00+00:00,,,,,0.19208431243896484,-0.32257178938620035,,,,,,,,,,,,,0.42240267992019653,-0.10099683830724578,,,,,2,2
2012-10-29 00:00:00+00:00,,,,,0.3037400245666504,-0.6159718054517539,,,,,,,,,,,,,0.07726728916168213,-0.022446660160376636,,,,,3,2
2012-10-29 06:00:00+00:00,,,,,0.17195117473602295,0.24262721387605723,0.8599706292152405,-2.3136352661838235,,,,,,,,,,,0.21298837661743164,0.2181522462262535,,,,,4,4
2012-10-29 12:00:00+00:00,,,,,0.1337829828262329,0.5780948002849082,0.6796850264072418,-2.7127579847869776,,,,,,,,,,,0.51457679271698,-0.23375383972222533,,,,,4,4
2012-10-29 18:00:00+00:00,,,,,0.07999646663665771,0.3820899025137684,0.5741896331310272,-0.15991729683603806,,,,,,,,,,,0.10345637798309326,0.32201299480648354,,,,,4,4
2012-10-30 00:00:00+00:00,,,,,0.5815999507904053,0.15350421645119064,0.376737117767334,-2.606776243278715,,,,,,,,,,,0.15554773807525635,-0.10563707612954393,,,,,4,4
2012-10-30 06:00:00+00:00,,,,,0.4469350576400757,1.5899461450846057,0.06377702951431274,0.1347072815170192,0.34491246938705444,-1.5067911903014535,,,,,,,,,0.25198543071746826,0.2172327133860827,,,,,4,4
2012-10-30 12:00:00+00:00,,,,,,,0.42482149600982666,-0.4804637411844312,0.305064857006073,-1.634813234044093,,,,,,,,,0.14616727828979492,-0.1288534670318225,,,,,5,3
2012-10-30 18:00:00+00:00,0.24564754962921143,-0.10486174787746706,,,,,0.019181370735168457,-0.8466691474532753,0.3897581100463867,-3.36318960687665,,,,,,,,,0.3150007724761963,0.733732229623109,,,,,4,4
2012-10-31 00:00:00+00:00,0.1875472068786621,0.058747217738133,,,,,0.46734654903411865,0.23971800149475234,0.5943531692028046,-3.955812466003187,,,,,,,,,,,0.15215623378753662,0.45331782071255494,,,4,4
2012-10-31 06:00:00+00:00,0.26249760389328003,-0.33759685720489807,,,,,0.006690621376037598,-0.8405795140455066,0.47076618671417236,-8.291825529423942,,,,,,,,,,,0.263486385345459,1.7786940048276396,,,4,4
2012-10-31 12:00:00+00:00,0.20008862018585205,0.43996514341918874,,,,,,,0.39231395721435547,-5.563221846097543,,,,,,,,,,,0.14601624011993408,1.0116908653885672,,,4,4
2012-10-31 18:00:00+00:00,0.10456705093383789,-0.09231505495877386,,,,,,,0.3602182865142822,-3.2170314125868544,,,,,,,,,,,0.14386487007141113,0.12507307917157492,,,4,4
2012-11-01 00:00:00+00:00,0.20228469371795654,10.915562233810572,,,,,,,0.48919111490249634,-9.414662239450516,,,,,,,,,,,0.2744605541229248,1.0987633856366745,,,4,4
2012-11-01 06:00:00+00:00,0.8074131011962891,9.35528877433098,,,,,,,0.4082525372505188,-6.127177938013747,,,,,,,,,,,0.06827938556671143,0.4685068246067949,,,5,5
2012-11-01 12:00:00+00:00,0.10891354084014893,0.038261562401631165,,,,,,,0.4102020859718323,-6.187320122577489,,,,,,,,,,,0.28817832469940186,4.419828824361028,,,7,7
2012-11-01 18:00:00+00:00,0.3276249170303345,0.20606259891407833,,,,,,,0.3188256025314331,-2.0879707808095334,,,,,,,,,,,0.16614782810211182,0.3101033841286757,,,5,5
2012-11-02 00:00:00+00:00,0.03464150428771973,0.07119921396720409,,,,,,,0.26059848070144653,0.03575738607873353,,,,,,,,,0.24328601360321045,0.2394972576551323,0.03896307945251465,1.0954603945771826,,,6,6
2012-11-02 06:00:00+00:00,0.09449052810668945,-0.33410703750881504,,,,,,,0.2580873966217041,-4.269550884440392,,,,,,,,,,,0.13800495862960815,0.04542732595580298,0.3493201732635498,0.03393425791070113,8,8
2012-11-02 12:00:00+00:00,0.29341769218444824,-0.29187533502071183,0.1039583683013916,1.46697393813051,,,,,0.42318445444107056,-6.995264238561504,,,,,0.7745229601860046,-1.4930041485628769,,,,,0.024715185165405273,0.4449808889302437,0.22370290756225586,0.006190886819943705,7,7
2012-11-02 18:00:00+00:00,0.39649659395217896,-3.1525030669630234,0.04768204689025879,-0.14560344673810957,,,,,0.48913341760635376,-4.8845205287418825,,,,,0.39541375637054443,-1.379406708369967,,,,,0.06797909736633301,1.628528094973076,,,6,6
2012-11-03 00:00:00+00:00,,,0.13044190406799316,0.308431604185355,,,,,0.29955077171325684,-3.5000130889421452,,,,,0.8307147324085236,-3.243476318293388,,,,,0.1552180051803589,4.244701577556463,0.015288591384887695,-0.36834437403205356,6,6
2012-11-03 06:00:00+00:00,0.11602437496185303,-0.6595761263219475,0.20189476013183594,0.3852708432410611,,,,,0.31677311658859253,-4.0765719410483205,,,,,0.22688668966293335,-2.087484870119179,,,,,0.1127845048904419,0.9187075807194256,0.28278648853302,-0.12489943401225276,7,7
2012-11-03 12:00:00+00:00,0.180334210395813,0.36286790550508174,0.042867064476013184,-0.21995367571350882,,,,,0.24037569761276245,-4.281679360072715,,,,,0.4219738841056824,-0.5821618368182813,,,,,0.15077495574951172,2.923940200201995,0.23739272356033325,0.2289205552493873,6,6
2012-11-03 18:00:00+00:00,,,0.09350752830505371,-0.395384816272059,,,,,,,0.25104981660842896,-1.6942323904586913,,,0.4347788691520691,-0.8834134065329359,,,,,0.15852725505828857,-0.8792526919474873,,,4,4
2012-11-04 00:00:00+00:00,,,0.09194564819335938,-0.21325812193228244,,,,,,,0.19889873266220093,-1.8908324679327828,,,0.2161371111869812,1.6442768347297951,,,,,0.6928493976593018,0.15994544118463197,,,4,4
2012-11-04 06:00:00+00:00,,,0.11937737464904785,0.17114927779505312,,,,,,,0.24822938442230225,-1.9560130363088115,,,0.6767899692058563,-4.150541362303991,,,,,,,,,3,3
2012-11-04 12:00:00+00:00,,,0.40339601039886475,-0.07563116476008246,,,,,,,0.4201674461364746,-3.125366204420231,,,0.5591122806072235,-5.6776600301326345,,,,,0.19904261827468872,0.006665096395974354,,,4,4
2012-11-04 18:00:00+00:00,,,0.3594909906387329,0.6781166626667782,,,,,,,0.30083101987838745,-0.672451454622384,,,0.6796419024467468,-5.157821110122016,,,,,0.02363109588623047,0.7313230713308083,,,4,4
2012-11-05 00:00:00+00:00,,,0.3761650323867798,0.039343183525148595,,,,,,,0.36780381202697754,-2.2844009207230394,,,0.7777785509824753,-5.104451472138299,,,,,0.3912980556488037,0.03899375041758162,,,4,4
2012-11-05 06:00:00+00:00,,,0.0022841691970825195,0.2414868343173866,,,,,,,0.6784800887107849,-3.4613676203578145,,,0.6441721618175507,-2.5079613943968866,,,,,0.4730480909347534,0.15732498950291154,,,4,4
2012-11-05 12:00:00+00:00,,,0.23860549926757812,0.6660125996269097,,,,,,,0.5892041027545929,-4.096487758432131,,,0.43428951501846313,-0.8911254621858468,,,,,,,,,3,3
2012-11-05 18:00:00+00:00,,,0.09505307674407959,0.9490132836330221,,,,,,,0.34019964933395386,-2.9807338657524296,,,0.8027369678020477,-1.4575103852525957,,,,,,,0.07258379459381104,0.7564975001942886,4,4
2012-11-06 00:00:00+00:00,,,0.08750748634338379,0.25809395702297855,,,,,,,0.533003568649292,-1.6397850893799082,,,0.6203877031803131,-2.200679979574905,,,,,,,0.29791098833084106,-0.4116631293424217,4,4
2012-11-06 06:00:00+00:00,,,0.39866936206817627,-0.23800842664323993,,,,,,,0.3199459910392761,-0.7337054392097723,,,0.6376998424530029,-2.0863321741601046,,,,,,,0.19080865383148193,-0.5274058132715138,4,4
2012-11-06 12:00:00+00:00,,,0.5344052314758301,-0.24800994121698794,,,,,,,0.846461296081543,-1.3096095935412746,,,0.544104129076004,-1.7784079225150071,,,,,,,0.22067904472351074,0.21072148714386604,4,4
2012-11-06 18:00:00+00:00,,,0.2061060667037964,-0.2481824240411843,0.23831796646118164,0.7470155541044958,,,,,0.5318118333816528,0.2702261127786189,,,,,0.6554856896400452,-1.116112823850742,,,,,0.00256425142288208,-0.01273892419516848,5,5
2012-11-07 00:00:00+00:00,,,0.38629889488220215,0.3513898273277311,0.28247368335723877,0.1399766826106109,,,,,,,,,,,,,,,,,0.08436715602874756,-0.35938585067745077,3,3
2012-11-07 06:00:00+00:00,,,,,0.4905346632003784,0.23054062396603428,,,,,,,,,,,,,,,,,0.3458585739135742,0.18836280977548162,2,2
2012-11-07 12:00:00+00:00,,,,,,,,,,,,,,,,,,,,,,,0.19167113304138184,0.30636295850330114,1,1
2012-11-07 18:00:00+00:00,,,,,,,,,,,,,0.3139669895172119,2.775654640496833,,,,,,,,,0.2891263961791992,0.6596106953532697,3,2
2012-11-08 00:00:00+00:00,,,,,0.18195509910583496,-0.35047903211782977,,,,,,,0.2850773334503174,-4.009678619201449,,,,,,,,,0.22502422332763672,0.18266027708673216,3,3
2012-11-08 06:00:00+00:00,,,,,0.056557297706604004,0.19764453049035233,,,,,,,0.05289113521575928,0.6697372756563787,,,,,,,,,0.189217209815979,0.2117064687473984,3,3
2012-11-08 12:00:00+00:00,,,,,0.7213963270187378,-0.003417671879623926,,,,,,,,,0.1750108003616333,-3.858237518158728,,,,,,,0.04257500171661377,0.40979575284718023,3,3
2012-11-08 18:00:00+00:00,,,,,0.26518142223358154,-1.300482603197646,,,,,,,,,0.08823162317276001,1.3615321454736329,,,,,,,0.23339450359344482,1.0524166367068768,3,3
2012-11-09 00:00:00+00:00,,,0.16031098365783691,-0.34160305449428946,0.03716480731964111,0.9761233860255929,,,,,,,,,0.2867121696472168,0.3110000669846105,,,,,,,0.013976097106933594,0.2585103850246367,4,4
2012-11-09 06:00:00+00:00,,,,,0.30759382247924805,-0.14149676365551636,,,,,,,,,0.0987621545791626,-0.4143628014306379,,,,,,,0.13385748863220215,0.05576591239166141,3,3
2012-11-09 12:00:00+00:00,,,,,,,,,,,,,,,0.12335807085037231,-2.3843965848810433,,,,,,,0.217964768409729,-0.23636001427343872,3,2
2012-11-09 18:00:00+00:00,,,,,0.3280946612358093,-0.5307739665052482,,,,,,,,,0.26876747608184814,-1.2393498270393684,,,,,,,0.36344802379608154,0.026198389826163907,3,3
2012-11-10 00:00:00+00:00,,,,,0.0035772323608398438,-0.03907563934129402,0.05243182182312012,0.4120406286107967,,,,,,,0.4762023687362671,-5.873920181727263,,,,,,,0.25392889976501465,0.2413703466105389,4,4
2012-11-10 06:00:00+00:00,,,,,,,0.4662454128265381,1.0174313991790411,,,,,,,0.2775612473487854,-2.200997971697412,,,,,,,,,3,2
2012-11-10 12:00:00+00:00,,,,,,,,,,,,,,,0.1542784571647644,-5.014035006179226,,,,,,,,,1,1
2012-11-10 18:00:00+00:00,0.6797205209732056,-0.803089709806074,,,,,,,,,,,,,0.1183285117149353,-0.7248610244740037,,,,,,,,,2,2
2012-11-11 00:00:00+00:00,,,,,,,,,,,,,,,0.11050659418106079,0.6570488765685827,,,,,,,,,1,1
2012-11-11 06:00:00+00:00,,,,,,,0.31309974193573,0.6969143756907246,,,,,,,0.3406471014022827,-0.8473991001786081,,,,,,,,,2,2
2012-11-11 12:00:00+00:00,,,,,,,0.1657177209854126,0.2612623421135418,,,,,,,,,,,,,,,,,1,1
2012-11-11 18:00:00+00:00,,,,,,,0.07057583332061768,1.4812242971977068,,,,,,,,,,,,,,,,,1,1
2012-11-12 00:00:00+00:00,,,,,,,0.0910271406173706,0.19935117504069,,,,,,,,,,,,,,,,,1,1
2012-11-12 06:00:00+00:00,,,,,,,0.06177353858947754,1.4248330603813728,,,,,,,,,,,,,,,,,1,1
2012-11-12 12:00:00+00:00,,,,,,,0.02620410919189453,0.07252345165722357,,,,,,,,,,,,,,,,,1,1
2012-11-12 18:00:00+00:00,,,,,,,0.1692500114440918,0.006457100637260894,,,,,,,,,,,,,,,,,1,1
2012-11-13 00:00:00+00:00,,,,,,,0.19776082038879395,6.427108666000652,,,,,,,,,,,,,,,,,1,1
2012-11-13 06:00:00+00:00,,,,,,,,,,,,,,,,,,,,,,,,,0,0
2012-11-13 12:00:00+00:00,,,,,,,,,0.1830528974533081,5.151654523135505,,,,,,,,,,,,,,,1,1
2012-11-13 18:00:00+00:00,,,,,,,,,0.11829721927642822,0.7179089713821115,,,,,,,,,,,,,,,1,1
2012-11-15 00:00:00+00:00,,,,,,,,,,,,,,,,,,,,,,,,,0,0
2012-11-15 06:00:00+00:00,,,,,,,,,,,,,,,,,,,,,,,,,0,0
2012-11-15 12:00:00+00:00,,,,,,,,,,,,,,,,,,,,,,,,,0,0
2012-11-15 18:00:00+00:00,,,,,,,,,,,,,,,,,,,,,,,,,0,0
2012-11-16 00:00:00+00:00,,,,,,,,,,,,,,,,,,,,,,,,,0,0
2012-11-16 06:00:00+00:00,,,,,,,,,,,,,,,,,,,,,,,,,0,0
2012-11-16 12:00:00+00:00,,,,,,,,,,,,,,,,,,,,,,,,,0,0
2012-11-16 18:00:00+00:00,,,,,,,,,,,,,,,,,,,,,,,,,0,0
2012-11-17 00:00:00+00:00,,,,,,,,,,,,,,,,,,,,,,,,,0,0
2012-11-17 06:00:00+00:00,,,,,,,,,,,,,,,,,,,,,,,,,0,0
2012-11-17 12:00:00+00:00,,,,,,,,,,,,,,,,,,,,,,,,,0,0
2012-11-17 18:00:00+00:00,,,,,,,,,,,,,,,,,,,,,,,,,0,0
2012-11-18 00:00:00+00:00,,,,,,,,,,,,,,,,,,,,,,,,,0,0
2012-11-18 06:00:00+00:00,,,,,,,,,,,,,,,,,,,,,,,,,0,0
2012-11-18 12:00:00+00:00,,,,,,,,,,,,,,,,,,,,,,,,,0,0
2012-11-18 18:00:00+00:00,,,,,,,,,,,,,,,,,,,,,,,,,0,0
2012-11-19 00:00:00+00:00,,,,,,,,,,,,,,,,,,,,,,,,,0,0
2012-11-19 06:00:00+00:00,,,,,,,,,,,,,,,,,,,,,,,,,0,0
2012-11-19 12:00:00+00:00,,,,,,,,,,,,,,,,,,,,,,,,,0,0
2012-11-19 18:00:00+00:00,,,,,,,,,,,,,,,,,,,,,,,,,0,0
2012-11-20 00:00:00+00:00,,,,,,,,,,,,,,,,,,,,,,,,,0,0
2012-11-20 06:00:00+00:00,,,,,,,,,,,,,,,,,,,,,,,,,0,0
2012-11-20 12:00:00+00:00,,,,,,,,,,,,,,,,,,,,,,,,,0,0
2012-11-20 18:00:00+00:00,,,,,,,,,,,,,,,,,,,,,,,,,0,0
2012-11-21 00:00:00+00:00,,,,,,,,,,,,,,,,,,,,,,,,,0,0
2012-11-21 06:00:00+00:00,,,,,,,,,,,,,,,,,,,,,,,,,0,0
2012-11-21 12:00:00+00:00,,,,,,,,,,,,,,,,,,,,,,,,,0,0
2012-11-21 18:00:00+00:00,,,,,,,,,,,,,,,,,,,,,,,,,0,0
2012-11-22 00:00:00+00:00,,,,,,,,,,,,,,,,,,,,,,,,,0,0
2012-11-22 06:00:00+00:00,,,,,,,,,,,,,,,,,,,,,0.7123254537582397,0.20020872120420538,,,1,1
2012-11-22 12:00:00+00:00,,,,,,,,,,,,,,,,,,,,,0.26071441173553467,-0.04403707620462457,,,1,1
2012-11-22 18:00:00+00:00,,,,,,,,,,,,,,,,,,,,,0.030196428298950195,-0.5764460368757589,,,1,1
2012-11-23 00:00:00+00:00,,,,,,,,,0.8182951211929321,-5.352358315409741,,,,,,,,,,,0.23518836498260498,0.626240176796695,,,2,2
2012-11-23 06:00:00+00:00,,,,,,,,,,,0.7881553918123245,-4.2106493251745105,,,,,,,,,0.2073749303817749,1.7422808745574725,,,2,2
2012-11-23 12:00:00+00:00,,,,,,,,,,,0.7131836414337158,-2.1334468626230794,,,,,,,,,0.021101415157318115,3.2968739642685825,,,2,2
2012-11-23 18:00:00+00:00,,,,,,,,,,,0.8013758510351181,-3.2542713731817594,,,,,,,,,0.22477245330810547,-0.2253052994785178,,,2,2
2012-11-24 00:00:00+00:00,,,,,,,,,,,0.5931224226951599,-2.2205403886987387,,,,,,,,,0.2509901523590088,0.08319057153569416,,,2,2
2012-11-24 06:00:00+00:00,,,,,,,,,,,0.5380569696426392,-2.223953778952884,,,,,,,,,0.43647074699401855,7.280132615896347,,,2,2
2012-11-24 12:00:00+00:00,,,,,,,0.01085507869720459,2.040366879067711,,,0.574926882982254,-2.951078196099646,,,,,,,,,0.1514524221420288,3.6296038593561684,,,3,3
2012-11-24 18:00:00+00:00,,,,,,,0.21902590990066528,-1.9307556995220507,,,0.6784655749797821,-0.9705537197787256,,,,,,,,,0.13273441791534424,0.3769101384346296,,,3,3
2012-11-25 00:00:00+00:00,,,,,,,0.19048553705215454,-0.47548102894132616,,,0.5773490965366364,-0.33862250078625183,,,,,,,,,0.41541194915771484,4.190812166656767,,,3,3
2012-11-25 06:00:00+00:00,,,,,,,0.23436623811721802,-0.8314268955084949,,,,,,,,,,,,,0.22049486637115479,1.2951742489716307,,,2,2
2012-11-25 12:00:00+00:00,,,,,,,,,0.3661230206489563,-5.393192154873713,0.8053727000951767,-1.4655963946833397,,,,,,,,,0.15504121780395508,3.5136990184414882,,,3,3
2012-11-25 18:00:00+00:00,,,,,,,,,0.4284185767173767,-5.079193266569304,,,,,,,,,,,0.1551586389541626,1.1712701430827288,,,3,2
2012-11-26 00:00:00+00:00,,,,,,,,,,,0.022417664527893066,0.28201284061870086,,,0.4165785312652588,-4.24024782701306,,,,,,,0.27586817741394043,2.0672687873849336,3,3
2012-11-26 06:00:00+00:00,,,,,,,,,,,,,,,0.3227793574333191,-1.3669892430386144,,,,,,,0.13513922691345215,2.15134874776429,3,2
2012-11-26 12:00:00+00:00,,,,,,,,,,,,,,,0.45994967222213745,-9.51734368072669,,,,,,,0.2380295991897583,1.055549802029189,2,2
2012-11-26 18:00:00+00:00,,,,,,,,,,,,,,,0.40852075815200806,-9.64112928125786,,,,,,,0.06822311878204346,1.2526608317668744,2,2
2012-11-27 00:00:00+00:00,,,,,,,,,,,,,,,0.5404370129108429,-19.279655353516944,,,,,,,0.2329174280166626,-0.18334293258138756,2,2
2012-11-27 06:00:00+00:00,,,,,,,,,,,,,,,0.4919590353965759,-11.901497915661617,,,,,,,0.14174509048461914,0.13743255863753556,2,2
2012-11-27 12:00:00+00:00,,,,,,,,,,,,,,,0.5270447134971619,-8.029800496015845,,,,,,,0.14131677150726318,-0.04197959108123179,2,2
2012-11-27 18:00:00+00:00,,,,,,,,,0.404410183429718,-5.696118524047636,,,,,,,,,,,,,0.05153930187225342,0.541743192539748,2,2
2012-11-28 00:00:00+00:00,,,,,,,,,0.4241836667060852,-9.477863650378179,,,,,0.3308473825454712,-6.725253309485634,,,,,,,0.3720012903213501,-0.008935644454784938,4,4
2012-11-28 06:00:00+00:00,,,,,,,,,0.5084101557731628,-15.35147032452734,,,,,,,,,,,,,0.05607736110687256,0.049378926600706294,3,2
2012-11-28 12:00:00+00:00,,,,,,,,,0.42123711109161377,-9.56691753529449,,,,,,,,,,,,,0.024624347686767578,0.3429331932733581,2,2
2012-11-28 18:00:00+00:00,,,,,,,,,0.3589501976966858,-7.147416270337334,,,,,,,,,,,,,0.045398831367492676,-0.16712352497763178,2,2
2012-11-29 00:00:00+00:00,,,,,,,,,0.5234927535057068,-11.148426722890175,,,,,,,,,,,,,0.0840180516242981,0.0418347604832059,2,2
2012-11-29 06:00:00+00:00,,,,,,,,,0.4727264642715454,-8.728458460414823,,,,,,,,,,,,,0.11639583110809326,-0.132179476065451,2,2
2012-11-29 12:00:00+00:00,,,,,,,,,0.3013518452644348,-3.844531249208038,,,,,,,,,,,,,0.009763002395629883,0.5121870847850607,2,2
2012-11-29 18:00:00+00:00,,,,,,,,,0.4696238040924072,-7.386917667115414,,,,,,,,,,,,,0.4212764501571655,-0.056769266629948224,2,2
2012-11-30 00:00:00+00:00,,,,,,,,,,,0.5349138975143433,-1.1707545796316325,,,,,,,,,,,,,1,1
2012-11-30 06:00:00+00:00,,,,,,,,,,,0.5694587528705597,-2.99684638684807,,,,,,,,,,,,,2,1
2012-11-30 12:00:00+00:00,,,,,,,,,,,0.48619943857192993,-7.7692653098163476,,,,,,,,,,,,,1,1
2012-11-30 18:00:00+00:00,,,,,,,,,,,0.5223494470119476,-2.078404014268487,,,,,,,,,,,,,1,1
2012-12-01 00:00:00+00:00,,,,,,,,,,,0.4454796314239502,-2.2699231076251967,,,,,,,,,,,,,1,1
2012-12-01 06:00:00+00:00,,,,,,,,,,,,,,,,,,,,,,,,,0,0
2012-12-01 12:00:00+00:00,,,,,,,,,,,,,,,,,,,,,,,,,0,0
2012-12-01 18:00:00+00:00,,,,,,,,,,,,,,,,,,,,,,,,,0,0
2012-12-02 00:00:00+00:00,,,,,,,,,,,,,,,,,,,,,,,,,0,0
2012-12-02 06:00:00+00:00,,,,,,,,,,,,,,,,,,,,,,,,,0,0
2012-12-02 12:00:00+00:00,,,,,,,,,,,,,,,,,,,,,,,,,0,0
2012-12-02 18:00:00+00:00,,,,,,,,,,,,,,,,,,,,,,,,,1,0
2012-12-03 00:00:00+00:00,0.18188607692718506,-0.3168938413690781,,,,,,,,,,,,,,,,,,,,,,,1,1
2012-12-03 06:00:00+00:00,0.11362195014953613,-0.3023868714318008,,,,,,,,,,,,,,,,,,,,,,,1,1
2012-12-03 12:00:00+00:00,0.21310299634933472,0.8305361612933643,,,,,,,,,,,,,,,,,,,,,,,1,1
2012-12-03 18:00:00+00:00,0.27905797958374023,0.7245058983518134,,,,,,,,,,,,,,,,,,,,,,,1,1
2012-12-04 00:00:00+00:00,,,0.0846247673034668,1.516330113454394,,,,,,,,,,,,,,,,,,,,,1,1
2012-12-04 06:00:00+00:00,,,0.09899330139160156,0.3896710371333932,,,,,,,,,0.3238183259963989,1.4114876208490506,,,,,,,,,,,2,2
2012-12-04 12:00:00+00:00,,,0.2092348337173462,0.11714261424329017,,,,,,,,,0.036785900592803955,0.213640592872305,,,,,,,,,,,2,2
2012-12-04 18:00:00+00:00,,,0.18113458156585693,0.6470879935763816,,,,,,,,,0.5591277778148651,0.19745670530515708,,,,,,,,,,,2,2
2012-12-05 00:00:00+00:00,,,0.2834888696670532,1.767307079768198,,,,,,,,,0.7160594463348389,-1.7823847245878903,,,,,,,,,,,2,2
2012-12-05 06:00:00+00:00,,,0.22574889659881592,0.3096020701195984,,,,,,,,,0.23660272359848022,0.08483722998279267,,,,,,,,,,,2,2
2012-12-05 12:00:00+00:00,,,0.08127987384796143,0.0052340917258993066,,,,,,,,,0.3101624846458435,-0.30440749965615915,,,,,,,,,,,2,2
2012-12-05 18:00:00+00:00,,,0.14184868335723877,0.08488183198568075,,,,,,,,,0.2554585933685303,-2.867385422067809,,,,,,,,,,,2,2
2012-12-06 00:00:00+00:00,,,0.04241710901260376,0.43777494138577966,,,,,,,,,0.4077891707420349,-1.9706684678245872,,,,,,,,,,,2,2
2012-12-06 06:00:00+00:00,,,0.1947287917137146,-16.45264861754835,,,,,,,,,0.3212231397628784,-0.25230182978529625,,,,,,,,,,,2,2
2012-12-06 12:00:00+00:00,,,0.1904538869857788,0.32119840127965915,,,,,,,,,,,,,,,,,,,,,1,1
2012-12-06 18:00:00+00:00,,,0.389251708984375,0.13373712881247307,,,,,,,,,0.03397214412689209,0.692272319469588,,,,,,,,,,,2,2
2012-12-07 00:00:00+00:00,,,0.15645229816436768,-0.1040654387748631,,,,,,,,,0.1501314640045166,-1.0412647555862307,,,,,,,,,,,2,2
2012-12-07 06:00:00+00:00,,,0.12293756008148193,0.5633339958710347,,,,,,,,,0.3146761655807495,0.3991227931856803,,,,,,,,,,,2,2
2012-12-07 12:00:00+00:00,,,0.1011965274810791,0.07189272674108435,,,,,,,,,0.6250301897525787,-1.1034453814406266,,,,,,,,,,,3,2
2012-12-07 18:00:00+00:00,,,0.024839282035827637,-0.14114534917066274,,,0.2399834394454956,0.025179024367200684,,,,,,,0.33975911140441895,0.04046941203411445,,,,,,,,,3,3
2012-12-08 00:00:00+00:00,,,0.1955345869064331,1.3502279588905,,,0.07712268829345703,0.11809807808568978,,,,,,,0.4148685336112976,-5.48281854181332,,,,,,,,,3,3
2012-12-08 06:00:00+00:00,,,0.07073193788528442,-0.19878943039828034,,,0.03198486566543579,-0.29258458028524753,,,,,,,0.5545676350593567,-5.609451600619646,,,,,,,,,3,3
2012-12-08 12:00:00+00:00,,,0.09587299823760986,0.9590476058655735,,,0.044802725315093994,2.357557588544486,,,,,,,0.6656537652015686,-6.3526863164790495,,,,,,,,,4,3
2012-12-08 18:00:00+00:00,,,0.09672629833221436,-0.21689925658066997,,,0.25620949268341064,1.6876367278418138,,,,,,,0.5481638610363007,-5.555215024884786,,,,,,,,,4,3
2012-12-09 00:00:00+00:00,,,0.0374678373336792,-0.2548194314596267,,,0.12107086181640625,0.4018455769809172,,,,,,,0.37890625,-8.378778411566275,,,,,,,,,4,4
2012-12-09 06:00:00+00:00,,,0.1947568655014038,2.295196022533165,,,0.10529899597167969,0.38218591985471706,,,,,,,0.4027057886123657,-3.293116490101527,,,,,,,,,4,4
2012-12-09 12:00:00+00:00,,,0.26346421241760254,9.067137091128867,,,0.02775263786315918,-0.09133804758878698,,,,,,,0.39172714948654175,-6.4568495392815715,,,,,,,,,5,4
2012-12-09 18:00:00+00:00,,,0.22523772716522217,-0.6324168722373313,0.6750226020812988,5.225722477917148,0.04174458980560303,0.9118184807350755,,,,,,,0.25171369314193726,-2.9939386065300484,,,,,,,,,6,5
2012-12-10 00:00:00+00:00,,,0.6792709827423096,-0.7843908785981544,0.9001609086990356,3.8052655249208254,0.22333920001983643,0.7434527432664425,,,,,,,0.3161836266517639,-2.7711103669298423,,,,,,,,,6,5
2012-12-10 06:00:00+00:00,,,,,,,0.1608278751373291,-0.012621273378490814,,,,,,,,,,,,,,,,,3,2
2012-12-10 12:00:00+00:00,0.2619708776473999,0.15099263608006644,,,,,0.2894545793533325,2.1076015268431023,,,,,,,0.3547247648239136,-2.116355012413065,,,,,,,,,5,5
2012-12-10 18:00:00+00:00,0.28385990858078003,0.8198746189914841,,,,,0.17150568962097168,3.827488235439619,,,,,,,0.5849554538726807,-6.164839070095188,,,,,,,,,4,4
2012-12-11 00:00:00+00:00,0.1898871660232544,1.401703466343172,,,,,0.20387375354766846,1.4307941155798305,,,,,,,0.49316656589508057,-8.000608387387114,,,,,,,,,5,5
2012-12-11 06:00:00+00:00,,,,,,,0.2797510623931885,5.0287933086929115,,,,,,,0.48387449979782104,-6.342129604689823,,,,,,,,,4,3
2012-12-11 12:00:00+00:00,,,,,,,,,0.38188445568084717,5.654404917070781,,,,,0.5183315873146057,-5.195235587588893,,,,,,,,,3,3
2012-12-11 18:00:00+00:00,0.15821754932403564,0.8583803665629475,,,,,,,0.25454115867614746,3.2658062573109743,,,,,0.4877026081085205,-9.011508312675124,,,,,,,,,4,4
2012-12-12 00:00:00+00:00,0.41614365577697754,0.48494425503097444,,,,,,,0.23840951919555664,3.561822694196934,,,,,0.49450695514678955,-9.175166529638624,0.4330087900161743,-5.367032987950151,,,,,,,4,4
2012-12-12 06:00:00+00:00,0.48542916774749756,0.2972303254466005,,,,,,,0.3673558235168457,9.144880430702507,,,,,0.40116822719573975,-2.8082704084625316,,,,,,,,,3,3
2012-12-12 12:00:00+00:00,0.6692928671836853,-1.5169665104911243,,,,,,,0.32080864906311035,9.941372597867632,,,,,0.54579296708107,-10.209758825946956,,,,,,,,,4,4
2012-12-12 18:00:00+00:00,0.47024136781692505,0.8820874068151465,,,,,,,0.2856677770614624,8.65727416315611,,,,,0.3077635169029236,-1.474836200420866,,,,,,,,,4,4
2012-12-13 00:00:00+00:00,0.27971363067626953,-0.760048103504728,,,,,,,0.24560856819152832,4.1000632524302105,,,,,0.10696828365325928,0.04087977709103412,,,,,,,,,4,4
2012-12-13 06:00:00+00:00,0.050214409828186035,0.5447469624410147,,,,,,,0.3620939254760742,11.359972853117164,,,,,0.1745782494544983,-0.6770284881069132,,,,,,,,,3,3
2012-12-13 12:00:00+00:00,,,,,,,,,0.32177698612213135,9.99269886419919,,,,,,,0.16175591945648193,0.2432149491536505,,,,,,,2,2
2012-12-13 18:00:00+00:00,,,,,,,,,0.3310563564300537,12.949040170895548,,,,,,,0.7059298753738403,-2.0759210278674693,,,,,,,2,2
2012-12-14 00:00:00+00:00,,,,,,,,,0.3178987503051758,6.772467055262184,,,,,,,0.10978275537490845,-0.10086413340989112,,,,,,,4,2
2012-12-14 06:00:00+00:00,,,,,,,,,0.29158079624176025,7.009346826855595,,,,,,,0.39579230546951294,-1.3607253158979689,,,,,,,3,2
2012-12-14 12:00:00+00:00,,,,,,,,,0.28492307662963867,10.112974021284598,,,,,,,0.5472883880138397,-0.9718310524396973,,,,,,,4,3
2012-12-14 18:00:00+00:00,,,0.18446558713912964,-0.32326930622702105,,,,,0.22430741786956787,9.137896864140131,0.14732766151428223,5.421169544210931,,,,,,,,,,,,,3,3
2012-12-15 00:00:00+00:00,,,0.19003844261169434,0.05261674006118947,,,,,0.34171783924102783,15.169511730313987,0.04573023319244385,-0.5098064086895349,,,,,,,,,,,,,3,3
2012-12-15 06:00:00+00:00,,,0.1977493166923523,0.10248015010893738,,,,,0.2932322025299072,9.353480916347618,0.2507812976837158,0.5635781291826322,,,,,,,,,,,,,3,3
2012-12-15 12:00:00+00:00,,,,,0.5949910879135132,9.888383965570178,,,0.27019381523132324,6.770298277515413,0.1432112455368042,0.5452532708382286,,,,,,,,,,,,,3,3
2012-12-15 18:00:00+00:00,,,,,0.6854337453842163,8.877170221503384,,,0.251323938369751,7.098013411801135,0.039058566093444824,-0.0033967979518479668,,,,,,,,,,,,,3,3
2012-12-16 00:00:00+00:00,,,,,0.8528562784194946,6.594884894763619,,,0.2809866666793823,8.639968636869531,,,,,,,,,,,,,,,2,2
2012-12-16 06:00:00+00:00,,,,,0.2680489420890808,-0.7881510191453845,,,,,0.2628962993621826,8.682781663101231,,,,,,,,,,,,,2,2
2012-12-16 12:00:00+00:00,,,,,0.20620983839035034,-1.40048289497381,,,,,0.2719557285308838,6.0324971975713355,,,,,,,,,,,,,2,2
2012-12-16 18:00:00+00:00,,,,,,,,,,,0.29795634746551514,5.4473900330094525,,,,,,,,,,,,,2,1
2012-12-17 00:00:00+00:00,,,,,,,,,,,0.3207683563232422,1.754929612751319,,,,,,,,,,,,,1,1
2012-12-17 06:00:00+00:00,,,,,,,,,,,0.18629038333892822,5.723964772150086,,,,,,,,,,,,,1,1
2012-12-17 12:00:00+00:00,,,,,,,,,,,0.33425915241241455,8.7700310457389,,,,,,,,,,,,,1,1
2012-12-17 18:00:00+00:00,,,,,,,,,,,0.23948192596435547,3.225965172919467,,,,,,,,,,,,,1,1
2012-12-18 00:00:00+00:00,,,,,,,,,,,0.23646211624145508,1.4728963483629611,,,,,,,,,,,,,2,2
2012-12-18 06:00:00+00:00,,,,,,,,,,,0.27994203567504883,0.8054167808039517,,,,,,,,,,,,,3,3
2012-12-18 12:00:00+00:00,,,,,,,,,,,0.26884305477142334,0.5942803829746136,,,,,,,,,,,,,2,2
2012-12-18 18:00:00+00:00,,,,,,,,,,,0.34668540954589844,-0.05456460919640527,,,,,,,,,,,,,2,1
2012-12-19 00:00:00+00:00,,,,,,,,,,,0.002666473388671875,-0.9194954923933655,,,,,,,,,,,,,1,1
2012-12-19 06:00:00+00:00,,,,,,,,,,,0.01489865779876709,0.0150064122658428,,,,,,,,,,,,,1,1
2012-12-19 12:00:00+00:00,,,,,,,,,,,,,,,,,,,,,,,,,0,0
2012-12-19 18:00:00+00:00,,,,,,,,,,,,,,,,,,,,,,,,,0,0
2012-12-20 00:00:00+00:00,,,,,,,,,,,,,,,,,,,,,,,,,0,0
2012-12-20 06:00:00+00:00,,,,,,,0.17751163244247437,-0.33089173060946553,,,,,,,,,,,,,,,,,1,1
2012-12-20 12:00:00+00:00,,,,,,,0.14934712648391724,-0.856341992478616,,,,,,,,,,,,,,,,,1,1
2012-12-20 18:00:00+00:00,0.3026984930038452,-0.27119099851476386,,,,,0.08191525936126709,-1.0430577538714745,,,,,,,,,,,,,,,,,2,2
2012-12-21 00:00:00+00:00,0.1161508560180664,-0.46678317756909865,,,,,0.27370208501815796,-1.5218532203404016,,,,,,,,,,,,,,,,,2,2
2012-12-21 06:00:00+00:00,0.12850052118301392,0.39671211499624703,,,,,0.33747583627700806,-3.411135086146718,,,,,,,,,,,,,,,,,2,2
2012-12-21 12:00:00+00:00,0.4412453770637512,-0.33847841253546757,,,,,,,,,,,,,,,,,,,,,,,1,1
2012-12-21 18:00:00+00:00,0.3963678479194641,-1.812201556791629,,,,,,,,,,,,,,,,,,,,,,,1,1
2012-12-22 00:00:00+00:00,0.12721508741378784,-4.414870727917087,,,,,,,,,,,,,,,,,,,,,,,1,1
2012-12-22 06:00:00+00:00,0.21725642681121826,-9.592205771995921,,,,,,,,,,,,,0.6733740568161011,-3.841134998208942,,,,,,,,,2,2
2012-12-22 12:00:00+00:00,0.4217185378074646,-3.1652418216586846,,,,,,,,,,,,,0.41795700788497925,-6.333789866891701,,,,,,,,,2,2
2012-12-22 18:00:00+00:00,0.22847980260849,-2.917816013723081,,,,,,,,,,,,,0.25285762548446655,-1.4107844110981473,,,,,,,,,2,2
2012-12-23 00:00:00+00:00,0.49587780237197876,-4.3224859060434015,,,,,,,,,,,,,0.25497835874557495,-7.0575126304854825,,,,,,,,,2,2
2012-12-23 06:00:00+00:00,,,0.4365289807319641,-4.770906679002555,,,,,,,,,,,0.385623574256897,-9.996485388033488,,,,,,,,,2,2
2012-12-23 12:00:00+00:00,,,0.23287779092788696,3.149400403582159,,,,,,,,,,,0.29054713249206543,-12.525287151696546,,,,,,,,,2,2
2012-12-23 18:00:00+00:00,,,0.3842519521713257,-8.896179186743796,,,,,,,,,,,0.16715753078460693,-4.261685985588529,,,,,,,,,2,2
2012-12-24 00:00:00+00:00,,,0.3693753480911255,-2.673776051204487,,,,,,,,,,,0.18921589851379395,-12.563331702199681,,,,,,,,,2,2
2012-12-24 06:00:00+00:00,,,0.4230126738548279,-4.739548102175888,,,,,,,,,,,0.16051948070526123,-8.519151427098334,,,,,,,,,2,2
2012-12-24 12:00:00+00:00,,,0.23948407173156738,-5.7886615255050025,,,,,,,,,,,0.2765064239501953,-15.883764196741557,,,,,,,,,2,2
2012-12-24 18:00:00+00:00,,,0.2580341100692749,-3.6802830091395675,,,,,0.23460805416107178,-15.026496679548256,,,,,,,,,,,,,,,2,2
2012-12-25 00:00:00+00:00,,,0.3315170407295227,-7.367555581488572,,,,,0.1732681393623352,-1.6124341967608018,,,,,,,,,,,,,,,2,2
2012-12-25 06:00:00+00:00,,,0.36662179231643677,-11.098163550356054,,,,,0.11582493782043457,-12.30094570588338,,,,,,,,,,,,,,,2,2
2012-12-25 12:00:00+00:00,,,0.2815871238708496,-4.265815170419429,,,,,0.04093372821807861,-3.8685883908718757,,,,,,,,,,,,,,,2,2
2012-12-25 18:00:00+00:00,,,0.34069228172302246,-5.5419846866240885,,,,,,,0.21573787927627563,-12.337529099775207,,,,,,,,,,,,,2,2
2012-12-26 00:00:00+00:00,0.23723387718200684,0.339914113644247,0.3796927332878113,-5.868059465429521,,,,,,,0.09519994258880615,0.5246441108897482,,,,,,,,,,,,,3,3
2012-12-26 06:00:00+00:00,0.12449824810028076,-0.5140408095585884,0.3676576614379883,-6.2787068900910725,,,,,,,,,,,,,,,,,,,,,2,2
2012-12-26 12:00:00+00:00,0.3948630094528198,0.8341454988992238,0.34434032440185547,-18.313871760238328,,,,,,,,,,,,,,,,,,,,,2,2
2012-12-26 18:00:00+00:00,0.00472646951675415,-0.0419065155636761,0.4555984139442444,-11.973560501703961,,,,,,,,,,,,,,,,,,,,,2,2
2012-12-27 00:00:00+00:00,0.1943821907043457,-0.0009757293281022647,0.4276503324508667,-4.348454745228981,,,,,,,,,,,,,,,,,,,,,2,2
2012-12-27 06:00:00+00:00,0.348734974861145,0.12291174208885582,0.46861088275909424,-5.472186902793597,,,,,,,,,,,,,,,,,,,,,2,2
2012-12-27 12:00:00+00:00,0.053606390953063965,0.20474111950554275,0.4884546995162964,-13.38624246605894,,,,,,,,,,,,,,,,,,,,,2,2
2012-12-27 18:00:00+00:00,0.2861560583114624,-0.07321405634744997,,,0.45440220832824707,-2.9748330098923024,,,,,,,,,,,,,,,,,,,2,2
2012-12-28 00:00:00+00:00,0.16013872623443604,0.42882781033291734,,,0.3938525319099426,-7.029898637957392,,,,,,,,,,,,,,,,,,,2,2
2012-12-28 06:00:00+00:00,0.28382229804992676,0.2566515286781847,,,0.46379947662353516,-6.152803884070716,,,,,,,,,,,,,,,,,,,2,2
2012-12-28 12:00:00+00:00,0.031403541564941406,0.5795282231017166,,,0.3226485848426819,-4.766525418222227,,,,,,,,,,,,,,,,,,,2,2
2012-12-28 18:00:00+00:00,0.23366844654083252,0.8865808139710704,,,0.30970191955566406,-4.302352146967506,,,,,,,,,,,,,,,,,,,2,2
2012-12-29 00:00:00+00:00,0.06840991973876953,0.08943399726887719,,,0.3645486831665039,-6.507817874333039,,,,,,,,,,,,,,,,,,,2,2
2012-12-29 06:00:00+00:00,0.014732718467712402,2.825394094508405,,,0.36049818992614746,-4.764213211631056,,,,,,,,,,,,,,,,,,,2,2
2012-12-29 12:00:00+00:00,0.2041575312614441,-0.23826683959198955,,,0.40243279933929443,-1.7367374755601206,,,,,,,,,,,,,,,,,,,2,2
2012-12-29 18:00:00+00:00,0.2480398416519165,0.6195872528956244,,,0.32776153087615967,-2.7105611177229583,,,,,,,,,,,,,,,,,,,2,2
2012-12-30 00:00:00+00:00,0.04436570405960083,-0.06815674929725589,,,0.26342248916625977,-2.024743463400937,,,,,,,,,,,,,,,,,,,2,2
2012-12-30 06:00:00+00:00,0.059185028076171875,-0.4257920983670204,,,0.41431689262390137,-7.18107092246975,,,,,,,,,,,,,,,,,,,2,2
2012-12-30 12:00:00+00:00,0.06556999683380127,0.042961267951760945,,,0.09248501062393188,-4.061421957699174,,,,,,,,,,,,,,,,,,,2,2
2012-12-30 18:00:00+00:00,0.19509363174438477,-0.008301912815659986,,,0.3345062732696533,-0.9811738643035633,,,,,,,,,,,,,,,,,,,2,2
2012-12-31 00:00:00+00:00,0.1433427929878235,0.035646761091775,,,0.01392984390258789,-0.5568990187948235,,,,,,,,,,,,,,,,,,,2,2
2012-12-31 06:00:00+00:00,0.07776176929473877,0.25038140608732284,,,0.32181984186172485,-0.6250823071237304,,,,,,,,,,,,,,,,,,,2,2
2012-12-31 12:00:00+00:00,0.15614497661590576,-0.015447150849881611,,,0.33539366722106934,-0.42630637991681186,,,,,,,,,,,,,,,,,,,2,2
2012-12-31 18:00:00+00:00,0.03521585464477539,-0.9782979351999741,,,0.18390214443206787,0.27789732174593623,,,,,,,,,,,,,,,,,,,2,2
