timestamp,global_R2,global_energy,global_entropy,global_variance
2020-01-01 00:00:00+00:00,0.12061852216720581,86.021484375,2.0319612153577036,85.59677124023438
2020-01-01 06:00:00+00:00,0.16117876768112183,62.936920166015625,2.6971762423673713,62.21322250366211
2020-01-01 12:00:00+00:00,0.07854580879211426,60.14590835571289,2.7128159593567687,59.97819900512695
2020-01-01 18:00:00+00:00,0.10928726196289062,73.78636169433594,2.5819745367836955,73.42157745361328
2020-01-02 00:00:00+00:00,0.13228923082351685,87.39476013183594,2.117135833717481,86.87071228027344
2020-01-02 06:00:00+00:00,0.14155596494674683,73.46949005126953,2.306878360964292,72.89070892333984
2020-01-02 12:00:00+00:00,0.10694730281829834,66.9372787475586,2.4923043770734186,66.6180191040039
2020-01-02 18:00:00+00:00,0.08929455280303955,68.37033081054688,2.7651201071967897,68.13390350341797
2020-01-03 00:00:00+00:00,0.1229289174079895,80.63592529296875,2.034277867364889,80.18455505371094
2020-01-03 06:00:00+00:00,0.13608521223068237,96.54458618164062,1.763673689933296,95.99314880371094
2020-01-03 12:00:00+00:00,0.09434908628463745,73.43612670898438,2.395950869356973,73.18006896972656
2020-01-03 18:00:00+00:00,0.11961174011230469,76.88680267333984,2.270106196557335,76.4704818725586
2020-01-04 00:00:00+00:00,0.11315703392028809,68.77061462402344,2.706848862001907,68.39803314208984
2020-01-04 06:00:00+00:00,0.14815622568130493,87.18761444091797,2.550052956302417,86.52609252929688
2020-01-04 12:00:00+00:00,0.10153388977050781,77.91002655029297,2.089514229539036,77.61827087402344
2020-01-04 18:00:00+00:00,0.130884051322937,76.1563949584961,2.5285940850287885,75.63505554199219
2020-01-05 00:00:00+00:00,0.16323864459991455,95.4640121459961,1.829385854164803,94.69349670410156
2020-01-05 06:00:00+00:00,0.11809253692626953,70.95304107666016,2.268196681190375,70.54855346679688
2020-01-05 12:00:00+00:00,0.10628277063369751,66.34158325195312,2.7328183060030593,66.02822875976562
2020-01-05 18:00:00+00:00,0.08375674486160278,73.4562759399414,2.0312059847629182,73.26168060302734
2020-01-06 00:00:00+00:00,0.13500535488128662,75.12117004394531,2.1218280157639824,74.6455307006836
2020-01-06 06:00:00+00:00,0.08981353044509888,67.17657470703125,2.122207008533177,66.96613311767578
2020-01-06 12:00:00+00:00,0.12038177251815796,76.82676696777344,2.161896765864463,76.42597961425781
2020-01-06 18:00:00+00:00,0.11721575260162354,66.39229583740234,2.5817036922121877,66.01946258544922
2020-01-07 00:00:00+00:00,0.10428822040557861,63.09907913208008,2.6650583517065973,62.81829071044922
2020-01-07 06:00:00+00:00,0.1270061731338501,66.34451293945312,2.270361419419861,65.91676330566406
2020-01-07 12:00:00+00:00,0.05222797393798828,65.73726654052734,2.3681431007113662,65.66363525390625
2020-01-08 06:00:00+00:00,0.09796386957168579,65.78924560546875,2.579607165866819,65.53245544433594
2020-01-08 12:00:00+00:00,0.08128732442855835,57.74278259277344,2.408941645430017,57.574745178222656
2020-01-09 00:00:00+00:00,0.10576510429382324,81.18477630615234,1.9807146525767054,80.86945343017578
2020-01-09 06:00:00+00:00,0.0982438325881958,73.30514526367188,2.1691828518431335,73.03880310058594
2020-01-09 12:00:00+00:00,0.096402108669281,67.7203140258789,2.690934652609557,67.46971130371094
2020-01-09 18:00:00+00:00,0.04633617401123047,75.77911376953125,2.0398986866410174,75.71698760986328
2020-01-10 00:00:00+00:00,0.045937180519104004,68.55326080322266,2.5473592834198246,68.49273681640625
2020-01-10 06:00:00+00:00,0.04562324285507202,73.02155303955078,2.0954216861576085,72.96499633789062
2020-01-10 12:00:00+00:00,0.09013980627059937,197.0983428955078,1.0612482912673544,196.86093139648438
2020-01-10 18:00:00+00:00,0.014115452766418457,144.14047241210938,1.2216694066647624,144.13421630859375
2020-01-11 00:00:00+00:00,0.0475960373878479,65.58865356445312,2.4274939911471223,65.52758026123047
2020-01-11 06:00:00+00:00,0.04621481895446777,82.18331909179688,1.9542356769814346,82.12202453613281
2020-01-11 12:00:00+00:00,0.020657062530517578,70.22844696044922,1.8260872955895682,70.21762084960938
2020-01-11 18:00:00+00:00,0.06340628862380981,125.7398681640625,1.3621491624179614,125.62307739257812
2020-01-12 00:00:00+00:00,0.0478060245513916,78.96052551269531,1.659673216274052,78.89974212646484
2020-01-12 06:00:00+00:00,0.051326632499694824,76.33207702636719,1.8166652114950157,76.26261901855469
2020-01-12 12:00:00+00:00,0.0314900279045105,66.37476348876953,2.132990759836481,66.3487319946289
2020-01-12 18:00:00+00:00,0.0016409754753112793,69.58598327636719,2.4108990611350682,69.58589935302734
2020-01-13 00:00:00+00:00,0.017788171768188477,72.5699691772461,2.1314036340165337,72.56163024902344
2020-01-13 06:00:00+00:00,0.018402516841888428,69.98332977294922,1.9387543011579058,69.9745101928711
2020-01-13 12:00:00+00:00,0.03390789031982422,112.94449615478516,1.3684349954503445,112.91397857666016
2020-01-13 18:00:00+00:00,0.07428991794586182,89.12934112548828,1.8672661836485613,88.95909881591797
2020-01-14 00:00:00+00:00,0.07507520914077759,60.2135124206543,2.68949662528953,60.06782150268555
2020-01-14 06:00:00+00:00,0.12089985609054565,54.07535171508789,2.9160878603835636,53.7205696105957
2020-01-14 12:00:00+00:00,0.043974220752716064,48.89278030395508,3.1804206727326,48.846378326416016
2020-01-14 18:00:00+00:00,0.060693979263305664,70.06190490722656,2.7697087417410695,69.94499969482422
2020-01-15 00:00:00+00:00,0.0798102617263794,64.58826446533203,2.4096528962976054,64.4217300415039
2020-01-15 06:00:00+00:00,0.09867608547210693,63.198814392089844,2.284591268919148,62.97072219848633
2020-01-15 12:00:00+00:00,0.0830654501914978,73.62737274169922,1.8781620441584266,73.46072387695312
2020-01-16 00:00:00+00:00,0.0793532133102417,96.5407485961914,1.5776250272554821,96.37781524658203
2020-01-16 06:00:00+00:00,0.09683585166931152,45.16569137573242,2.7979326305576606,44.95899963378906
2020-01-16 12:00:00+00:00,0.06259673833847046,50.64512252807617,2.403878091968371,50.55902099609375
2020-01-16 18:00:00+00:00,0.07090753316879272,63.48886489868164,2.6143446072596666,63.3477668762207
2020-01-17 00:00:00+00:00,0.10265624523162842,51.93303680419922,2.6861467955006413,51.67959213256836
2020-01-17 06:00:00+00:00,0.054049551486968994,47.81781768798828,2.6068804904646807,47.75421905517578
2020-01-17 12:00:00+00:00,0.05676490068435669,54.216495513916016,2.1531420146148736,54.14704895019531
2020-01-17 18:00:00+00:00,0.026985764503479004,58.480106353759766,2.7593402771807787,58.460723876953125
2020-01-18 00:00:00+00:00,0.06242334842681885,48.651859283447266,2.6422511814493728,48.565765380859375
2020-01-18 06:00:00+00:00,0.10026007890701294,71.6136245727539,1.7445688764623195,71.39588165283203
2020-01-18 12:00:00+00:00,0.08383500576019287,48.92422103881836,2.2805774520050117,48.77978515625
2020-01-18 18:00:00+00:00,0.04519832134246826,51.79820251464844,2.837816557380582,51.748146057128906
2020-01-19 00:00:00+00:00,0.08309072256088257,57.6235466003418,2.513299849565863,57.46598434448242
2020-01-19 06:00:00+00:00,0.14943164587020874,85.74417877197266,1.7539808194975957,85.27136993408203
2020-01-19 12:00:00+00:00,0.04887115955352783,41.55778884887695,2.6862413582349833,41.51084899902344
2020-01-19 18:00:00+00:00,0.11010849475860596,65.31169891357422,2.2958521023949063,64.9982681274414
2020-01-20 00:00:00+00:00,0.11944490671157837,58.386348724365234,2.3622425997745484,58.08185577392578
2020-01-20 06:00:00+00:00,0.09700685739517212,54.00947570800781,2.3885306986212473,53.810890197753906
2020-01-20 12:00:00+00:00,0.07493013143539429,42.71856689453125,2.637104449419339,42.6085205078125
2020-01-20 18:00:00+00:00,0.07214045524597168,88.59777069091797,1.6006881543247804,88.47246551513672
2020-01-21 00:00:00+00:00,0.05220329761505127,41.481510162353516,2.6806683811896326,41.430381774902344
2020-01-21 06:00:00+00:00,0.0885041356086731,36.66297912597656,2.994075870080615,36.52162551879883
2020-01-21 12:00:00+00:00,0.07040780782699585,39.06953048706055,2.5089435013085857,38.98047637939453
2020-01-21 18:00:00+00:00,0.04027855396270752,49.40403366088867,2.525736167272179,49.36714172363281
2020-01-22 00:00:00+00:00,0.09278887510299683,197.8782501220703,0.9853831542350172,197.70591735839844
2020-01-22 06:00:00+00:00,0.004582881927490234,38.18582534790039,2.827824917994605,38.1854248046875
2020-01-22 12:00:00+00:00,0.048713743686676025,36.22954177856445,2.7543135278787894,36.1874885559082
2020-01-23 00:00:00+00:00,0.09525728225708008,41.2076301574707,2.715305818033655,41.0349006652832
2020-01-23 06:00:00+00:00,0.12680578231811523,57.20374298095703,1.9061415576493839,56.89750289916992
2020-01-23 12:00:00+00:00,0.005576014518737793,37.691009521484375,2.4630524551388597,37.690460205078125
2020-01-23 18:00:00+00:00,0.05525016784667969,45.10154342651367,2.7186922405650713,45.036067962646484
2020-01-24 00:00:00+00:00,0.03695863485336304,45.881202697753906,2.078075137007537,45.856021881103516
2020-01-24 06:00:00+00:00,0.04857903718948364,36.894256591796875,2.824796247085028,36.85222625732422
2020-01-24 12:00:00+00:00,0.057190656661987305,36.707969665527344,2.5504784696930933,36.65326690673828
2020-01-24 18:00:00+00:00,0.09176921844482422,40.811946868896484,3.2432531261360205,40.636592864990234
2020-01-25 00:00:00+00:00,0.09581619501113892,49.44597244262695,1.9280019141587665,49.279273986816406
2020-01-25 06:00:00+00:00,0.0640527606010437,37.64121627807617,2.4082025703017536,37.572113037109375
2020-01-25 12:00:00+00:00,0.10645139217376709,40.24923324584961,2.602341656651845,40.05216979980469
2020-01-25 18:00:00+00:00,0.1274738311767578,46.237491607666016,2.7651777720404134,45.904296875
2020-01-26 00:00:00+00:00,0.15187126398086548,46.41554260253906,2.3878431069463733,45.97460174560547
2020-01-26 06:00:00+00:00,0.17038214206695557,44.65498352050781,2.074068732041529,44.140602111816406
2020-01-26 12:00:00+00:00,0.17185574769973755,361.5614013671875,0.8005830520682901,360.9870910644531
2020-01-26 18:00:00+00:00,0.16348057985305786,45.55729293823242,2.813321733383829,45.00798416137695
2020-01-27 00:00:00+00:00,0.12471765279769897,39.86201477050781,2.4738101127345624,39.596736907958984
2020-01-27 06:00:00+00:00,0.1435023546218872,37.90987777709961,2.503554192512071,37.58172607421875
2020-01-27 12:00:00+00:00,0.17232996225357056,38.196998596191406,2.5186881031551085,37.721351623535156
2020-01-27 18:00:00+00:00,0.1331627368927002,189.59913635253906,0.8772320272743868,189.24331665039062
2020-01-28 00:00:00+00:00,0.12577563524246216,35.26498031616211,2.9148434499262845,35.00517654418945
2020-01-28 06:00:00+00:00,0.18348932266235352,43.88658142089844,2.3812520226267004,43.32975769042969
2020-01-28 12:00:00+00:00,0.14784419536590576,33.25505828857422,2.8057142320294393,32.91673278808594
2020-01-28 18:00:00+00:00,0.13856232166290283,47.874027252197266,2.2298294009399067,47.51247024536133
2020-01-29 00:00:00+00:00,0.17187714576721191,31.75604248046875,2.9227463533135114,31.309537887573242
2020-01-29 06:00:00+00:00,0.13763797283172607,35.6272087097168,2.1780664791380238,35.34511947631836
2020-01-29 12:00:00+00:00,0.17250889539718628,108.2730712890625,1.1079513080030985,107.78038787841797
2020-01-29 18:00:00+00:00,0.12806802988052368,37.028316497802734,2.6513051641104823,36.74116516113281
2020-01-30 00:00:00+00:00,0.16343194246292114,34.819175720214844,2.6668924675508086,34.41133499145508
2020-01-30 06:00:00+00:00,0.1214941143989563,49.55663299560547,1.8107577519720115,49.319339752197266
2020-01-30 12:00:00+00:00,0.128676176071167,33.566139221191406,2.6518608008031332,33.31150817871094
2020-01-30 18:00:00+00:00,0.12497031688690186,38.07883071899414,2.9163009496082015,37.80628967285156
2020-01-31 00:00:00+00:00,0.17159569263458252,38.08095169067383,2.510719812141147,37.62190628051758
2020-01-31 06:00:00+00:00,0.15955466032028198,43.52491760253906,2.3662859672719865,43.108036041259766
2020-01-31 12:00:00+00:00,0.19220614433288574,56.550193786621094,1.4948352335194384,55.98260498046875
2020-01-31 18:00:00+00:00,0.1586897373199463,41.020347595214844,2.6694817415493937,40.57529067993164
2020-02-01 00:00:00+00:00,0.18985861539840698,41.28892135620117,2.2475980752479523,40.710205078125
2020-02-01 06:00:00+00:00,0.20799052715301514,43.293861389160156,2.5607905687859045,42.588558197021484
2020-02-01 12:00:00+00:00,0.15548324584960938,35.775516510009766,2.318998413835273,35.424171447753906
2020-02-01 18:00:00+00:00,0.21437472105026245,39.57769012451172,2.9272893357350678,38.771419525146484
2020-02-02 00:00:00+00:00,0.19578498601913452,31.33871841430664,2.8041185789066954,30.7947998046875
2020-02-02 06:00:00+00:00,0.19483941793441772,35.112030029296875,2.5764666755113454,34.54293441772461
2020-02-02 12:00:00+00:00,0.1766979694366455,29.990320205688477,2.8109560272683014,29.57520866394043
2020-02-02 18:00:00+00:00,0.20348191261291504,62.1126708984375,1.6377499897517456,61.39509582519531
2020-02-03 00:00:00+00:00,0.17022323608398438,39.303524017333984,2.015358918958885,38.868743896484375
2020-02-03 06:00:00+00:00,0.18516898155212402,49.82441329956055,2.063808970427862,49.26873779296875
2020-02-03 12:00:00+00:00,0.17476201057434082,40.430545806884766,1.753380343791708,39.989017486572266
2020-02-03 18:00:00+00:00,0.1821576952934265,35.38101577758789,2.685734657723685,34.83641815185547
2020-02-04 00:00:00+00:00,0.2502223253250122,45.8255500793457,2.1219128819969426,44.86882019042969
2020-02-04 06:00:00+00:00,0.218736469745636,37.80583190917969,2.3030243087206896,37.055484771728516
2020-02-04 12:00:00+00:00,0.23562997579574585,43.216190338134766,2.250976342037158,42.35914611816406
2020-02-04 18:00:00+00:00,0.17679250240325928,44.84695816040039,1.958157927880148,44.332801818847656
2020-02-05 00:00:00+00:00,0.20084303617477417,50.30577087402344,1.9670813930031998,49.710391998291016
2020-02-05 06:00:00+00:00,0.1959705352783203,47.672706604003906,2.0804824999250684,47.04827880859375
2020-02-05 12:00:00+00:00,0.13050997257232666,55.2954216003418,1.371945511401825,55.04637908935547
2020-02-05 18:00:00+00:00,0.12175583839416504,40.42495346069336,1.9766492621088836,40.19035339355469
2020-02-06 00:00:00+00:00,0.15403395891189575,31.252023696899414,2.3939869591748666,30.936782836914062
2020-02-06 06:00:00+00:00,0.18263524770736694,38.187313079833984,2.439625312713256,37.675148010253906
2020-02-06 12:00:00+00:00,0.13244527578353882,31.02544593811035,2.6875319830445523,30.786745071411133
2020-02-06 18:00:00+00:00,0.13317692279815674,41.525142669677734,2.133366704298608,41.24671936035156
2020-02-07 00:00:00+00:00,0.09489041566848755,41.779850006103516,1.908079975846656,41.653717041015625
2020-02-07 06:00:00+00:00,0.10383802652359009,39.651512145996094,2.0556161658985643,39.48404312133789
2020-02-07 12:00:00+00:00,0.14482563734054565,34.122196197509766,2.4364481928180135,33.83319854736328
2020-02-07 18:00:00+00:00,0.09259724617004395,45.50057601928711,2.016228948123476,45.365570068359375
2020-02-08 00:00:00+00:00,0.09000235795974731,33.50435256958008,2.357524161393484,33.39303970336914
2020-02-08 06:00:00+00:00,0.12267118692398071,38.944305419921875,2.58636326401213,38.7015266418457
2020-02-08 12:00:00+00:00,0.1240389347076416,37.187320709228516,2.4075574340303216,36.965415954589844
2020-02-08 18:00:00+00:00,0.1048884391784668,32.481929779052734,2.702423448271462,32.32118225097656
2020-02-09 00:00:00+00:00,0.16802215576171875,31.733423233032227,2.5078373053280867,31.354467391967773
2020-02-09 06:00:00+00:00,0.15490585565567017,40.21578598022461,2.254803041091579,39.83592224121094
2020-02-09 12:00:00+00:00,0.20380187034606934,37.285682678222656,2.606480315617394,36.63056182861328
2020-02-09 18:00:00+00:00,0.14666545391082764,36.663578033447266,3.092452084520081,36.30796432495117
2020-02-10 00:00:00+00:00,0.13939422369003296,33.006805419921875,2.8941526976445977,32.724666595458984
2020-02-10 06:00:00+00:00,0.20777738094329834,44.195762634277344,2.780453381708527,43.42057418823242
2020-02-10 12:00:00+00:00,0.17617392539978027,31.84502601623535,2.7122113692405705,31.38736915588379
2020-02-10 18:00:00+00:00,0.21284335851669312,40.15224075317383,2.2757174327505547,39.42914962768555
2020-02-11 00:00:00+00:00,0.24108046293258667,47.50209426879883,2.142287734095685,46.62358856201172
2020-02-11 06:00:00+00:00,0.23582923412322998,61.28717041015625,1.7585249090921509,60.27388381958008
2020-02-11 12:00:00+00:00,0.20352214574813843,35.17499542236328,2.7808688333125775,34.56820297241211
2020-02-11 18:00:00+00:00,0.17645657062530518,38.857662200927734,2.454475523844443,38.3319206237793
2020-02-12 00:00:00+00:00,0.24689650535583496,33.363006591796875,2.770795288404409,32.51716995239258
2020-02-12 06:00:00+00:00,0.23616015911102295,48.47195816040039,2.5444719192004954,47.47001647949219
2020-02-12 12:00:00+00:00,0.2201317548751831,36.4256477355957,2.57822750494193,35.6853141784668
2020-02-12 18:00:00+00:00,0.2707889676094055,41.64911651611328,2.7582373501604533,40.40831756591797
2020-02-13 00:00:00+00:00,0.20738065242767334,31.765329360961914,2.613321126515136,31.156991958618164
2020-02-13 06:00:00+00:00,0.24126625061035156,41.71785354614258,2.741148118662519,40.66779708862305
2020-02-13 12:00:00+00:00,0.19568324089050293,44.96001052856445,2.0567029708083004,44.36539840698242
2020-02-13 18:00:00+00:00,0.15075898170471191,34.0704460144043,2.967201567694647,33.71615219116211
2020-02-14 00:00:00+00:00,0.2013213038444519,38.07422637939453,2.709251321377668,37.449256896972656
2020-02-14 06:00:00+00:00,0.175947904586792,49.33332824707031,2.5773235042853395,48.749393463134766
2020-02-14 12:00:00+00:00,0.20834660530090332,34.75253677368164,2.6470133074144853,34.090965270996094
2020-02-14 18:00:00+00:00,0.17288905382156372,38.44460678100586,2.669330299597236,37.93077087402344
2020-02-15 00:00:00+00:00,0.20637065172195435,59.109012603759766,1.8890523221428017,58.419368743896484
2020-02-15 06:00:00+00:00,0.1844654083251953,54.83467102050781,2.3475186543346114,54.156455993652344
2020-02-15 12:00:00+00:00,0.22209501266479492,45.35976791381836,2.6679706480453325,44.498497009277344
2020-02-15 18:00:00+00:00,0.20545578002929688,49.82282638549805,2.378816311902578,49.059322357177734
2020-02-16 00:00:00+00:00,0.20108705759048462,53.120365142822266,2.2476346134288456,52.425174713134766
2020-02-16 06:00:00+00:00,0.19230026006698608,60.413753509521484,2.314864831907314,59.62893295288086
2020-02-16 12:00:00+00:00,0.23714035749435425,46.4774055480957,2.837145403756648,45.4044189453125
2020-02-16 18:00:00+00:00,0.11918532848358154,44.86714172363281,2.769563560700852,44.58950424194336
2020-02-17 00:00:00+00:00,0.20749449729919434,43.68214416503906,2.5741596339417434,42.91364669799805
2020-02-17 06:00:00+00:00,0.18867617845535278,59.3261604309082,2.499050974987327,58.52402114868164
2020-02-17 12:00:00+00:00,0.2067478895187378,52.845603942871094,2.433491642398239,51.99019241333008
2020-02-17 18:00:00+00:00,0.20562297105789185,45.53883361816406,2.3106706105075996,44.75397491455078
2020-02-18 00:00:00+00:00,0.15443801879882812,44.146244049072266,2.3336068001728187,43.745243072509766
2020-02-18 06:00:00+00:00,0.160223126411438,54.05437469482422,2.07337373732395,53.53612518310547
2020-02-18 12:00:00+00:00,0.17838799953460693,50.111515045166016,2.428535776843365,49.48520278930664
2020-02-18 18:00:00+00:00,0.18141818046569824,56.67180252075195,2.1147853623252377,56.00243377685547
2020-02-19 00:00:00+00:00,0.16561806201934814,44.39189529418945,2.4635196107441306,43.89480972290039
2020-02-19 06:00:00+00:00,0.18751561641693115,52.40332794189453,2.456696374489944,51.657310485839844
2020-02-19 12:00:00+00:00,0.1377764344215393,41.69657897949219,2.485455850756137,41.33860778808594
2020-02-19 18:00:00+00:00,0.13298135995864868,41.7529182434082,2.824154035113245,41.403099060058594
2020-02-20 00:00:00+00:00,0.19073444604873657,37.979583740234375,2.800533123853482,37.33210372924805
2020-02-20 06:00:00+00:00,0.14880073070526123,40.96612548828125,2.460889518157943,40.546173095703125
2020-02-20 12:00:00+00:00,0.15723097324371338,43.71668243408203,2.7417848353013268,43.243743896484375
2020-02-20 18:00:00+00:00,0.14101630449295044,67.7535629272461,1.8675445958934742,67.32892608642578
2020-02-21 00:00:00+00:00,0.1420295238494873,38.90129089355469,2.8945274652234048,38.5445442199707
2020-02-21 06:00:00+00:00,0.11471158266067505,44.219932556152344,2.4679476767107595,43.97043991088867
2020-02-21 12:00:00+00:00,0.13370174169540405,47.35200119018555,2.081300172958974,47.038307189941406
2020-02-21 18:00:00+00:00,0.11684191226959229,71.1114501953125,1.5473059810595928,70.82780456542969
2020-02-22 00:00:00+00:00,0.12919139862060547,42.539581298828125,2.4346599900614603,42.246826171875
2020-02-22 06:00:00+00:00,0.15165024995803833,41.53083038330078,2.170893422449202,41.14379119873047
2020-02-22 12:00:00+00:00,0.07829922437667847,41.817604064941406,2.0771938130640497,41.716819763183594
2020-02-22 18:00:00+00:00,0.12698876857757568,46.454280853271484,2.383118576508463,46.137535095214844
2020-02-23 00:00:00+00:00,0.12399256229400635,33.071571350097656,3.015885304262821,32.82847595214844
2020-02-23 06:00:00+00:00,0.14729636907577515,41.14887237548828,2.319527906846365,40.794063568115234
2020-02-23 12:00:00+00:00,0.17073577642440796,39.9481086730957,2.4047071861945355,39.510501861572266
2020-02-23 18:00:00+00:00,0.12438768148422241,40.93942642211914,2.7580946929000176,40.67121124267578
2020-02-24 06:00:00+00:00,0.16927003860473633,34.67076110839844,2.807141796002128,34.233367919921875
2020-02-24 12:00:00+00:00,0.1429923176765442,39.68427276611328,2.4177814363917793,39.370338439941406
2020-02-24 18:00:00+00:00,0.1736149787902832,57.97257614135742,1.9410290124890182,57.43429946899414
2020-02-25 00:00:00+00:00,0.15766233205795288,32.89496612548828,2.8008939280716905,32.53752899169922
2020-02-25 06:00:00+00:00,0.1564633846282959,39.078311920166016,2.3784090630238985,38.69845199584961
2020-02-25 12:00:00+00:00,0.1437854766845703,31.513816833496094,2.395326648717294,31.22728157043457
2020-02-25 18:00:00+00:00,0.16697150468826294,38.38206100463867,2.643212018529063,37.90266799926758
2020-02-26 00:00:00+00:00,0.18573349714279175,34.2274284362793,2.7328885138824637,33.71320343017578
2020-02-26 06:00:00+00:00,0.1899101734161377,34.192962646484375,2.596954736932575,33.65625762939453
2020-02-26 12:00:00+00:00,0.13549894094467163,33.52861404418945,2.5763781832902457,33.269718170166016
2020-02-26 18:00:00+00:00,0.2418069839477539,79.2374267578125,1.5510755894166226,78.160888671875
2020-02-27 00:00:00+00:00,0.1573859453201294,28.472524642944336,2.749352945336954,28.161849975585938
2020-02-27 06:00:00+00:00,0.17238622903823853,34.72347640991211,2.3016724576627823,34.315147399902344
2020-02-27 12:00:00+00:00,0.1477476954460144,28.712764739990234,2.7705390744174445,28.42552375793457
2020-02-27 18:00:00+00:00,0.1937001347541809,33.277408599853516,2.941167271048677,32.727386474609375
2020-02-28 00:00:00+00:00,0.18126451969146729,28.905635833740234,2.6255935084787376,28.51414680480957
2020-02-28 06:00:00+00:00,0.1809368133544922,32.77088165283203,2.195145590088086,32.337158203125
2020-02-28 12:00:00+00:00,0.18679773807525635,28.65171241760254,2.5385462835726513,28.209794998168945
2020-02-28 18:00:00+00:00,0.19060152769088745,43.96043395996094,2.4005700964102332,43.3948974609375
2020-02-29 00:00:00+00:00,0.1469525694847107,33.85525131225586,1.9502722629439841,33.59920883178711
2020-02-29 06:00:00+00:00,0.20185703039169312,28.517467498779297,2.936024295943621,27.987958908081055
2020-02-29 12:00:00+00:00,0.2228870987892151,26.36737632751465,2.775666091154668,25.770784378051758
2020-02-29 18:00:00+00:00,0.16885972023010254,29.314355850219727,2.5210408281905607,28.94135093688965
2020-03-01 00:00:00+00:00,0.22762948274612427,29.373807907104492,2.577514443158248,28.748218536376953
2020-03-01 06:00:00+00:00,0.13367128372192383,30.28561782836914,2.5510022439821975,30.05954360961914
2020-03-01 12:00:00+00:00,0.220070481300354,30.138071060180664,2.315516808669581,29.554180145263672
2020-03-01 18:00:00+00:00,0.18508708477020264,30.1656551361084,2.3612943889103577,29.731718063354492
2020-03-02 00:00:00+00:00,0.17465072870254517,26.043743133544922,2.477685386882531,25.67886734008789
2020-03-02 06:00:00+00:00,0.22295361757278442,51.38685607910156,1.9577220055854214,50.6922721862793
2020-03-02 12:00:00+00:00,0.19897788763046265,27.867101669311523,2.7055812692190515,27.402585983276367
2020-03-02 18:00:00+00:00,0.1515311598777771,35.26966857910156,2.3731389398178555,34.95962905883789
2020-03-03 00:00:00+00:00,0.20785057544708252,33.7896728515625,2.2297265609418493,33.265445709228516
2020-03-03 06:00:00+00:00,0.16647768020629883,30.30078125,2.1319827001436713,29.954511642456055
2020-03-03 12:00:00+00:00,0.1778588891029358,27.290884017944336,2.888717672889201,26.910079956054688
2020-03-03 18:00:00+00:00,0.1803455948829651,25.036508560180664,2.998353761649388,24.619050979614258
2020-03-04 00:00:00+00:00,0.1433660387992859,25.180334091186523,2.802775666626696,24.951087951660156
2020-03-04 06:00:00+00:00,0.17640256881713867,27.751598358154297,2.4696204512458344,27.350143432617188
2020-03-04 12:00:00+00:00,0.1518523097038269,28.9431209564209,2.75828884634398,28.655054092407227
2020-03-04 18:00:00+00:00,0.1640278697013855,30.65856170654297,2.6941648609182485,30.307682037353516
2020-03-05 00:00:00+00:00,0.152856707572937,28.26487922668457,2.516678245207638,27.996501922607422
2020-03-05 06:00:00+00:00,0.16974472999572754,32.2941780090332,2.294230658800912,31.917495727539062
2020-03-05 12:00:00+00:00,0.17254728078842163,27.520231246948242,2.5296853957046066,27.158729553222656
2020-03-05 18:00:00+00:00,0.16565972566604614,37.65178680419922,1.9295020697287542,37.284542083740234
2020-03-06 00:00:00+00:00,0.20181173086166382,29.743553161621094,2.5049336793242,29.254634857177734
2020-03-06 06:00:00+00:00,0.20295202732086182,33.114463806152344,2.414575758146251,32.56036376953125
2020-03-06 12:00:00+00:00,0.16244113445281982,23.51202392578125,3.044679445701341,23.204811096191406
2020-03-06 18:00:00+00:00,0.16757416725158691,33.1842155456543,2.1319671306660464,32.79530715942383
2020-03-07 00:00:00+00:00,0.1794535517692566,25.77212905883789,2.61926179571528,25.396635055541992
2020-03-07 06:00:00+00:00,0.1621788740158081,31.86255645751953,2.7484218093495345,31.4853458404541
2020-03-07 12:00:00+00:00,0.1582898497581482,28.377674102783203,2.8431569479762864,28.05291175842285
2020-03-07 18:00:00+00:00,0.19624847173690796,95.75816345214844,1.2632902902067287,95.16104888916016
2020-03-08 00:00:00+00:00,0.19558781385421753,54.30429458618164,1.616603706138191,53.786285400390625
2020-03-08 06:00:00+00:00,0.20691555738449097,38.38142776489258,2.5886273557374704,37.68822479248047
2020-03-08 12:00:00+00:00,0.20815515518188477,48.33980178833008,1.676178903425885,47.69114303588867
2020-03-08 18:00:00+00:00,0.14876562356948853,29.040454864501953,2.946534684730437,28.728790283203125
2020-03-09 00:00:00+00:00,0.19813114404678345,36.79249954223633,1.9744675524862965,36.25924301147461
2020-03-09 06:00:00+00:00,0.15854066610336304,34.71833801269531,2.8972080831020413,34.315521240234375
2020-03-09 12:00:00+00:00,0.08361023664474487,51.39820861816406,1.4607356137208614,51.28873825073242
2020-03-09 18:00:00+00:00,0.19420796632766724,107.69630432128906,1.0503487917411534,107.12075805664062
2020-03-10 00:00:00+00:00,0.2000941038131714,45.525142669677734,2.0561245512710173,44.90888977050781
2020-03-10 06:00:00+00:00,0.1691802740097046,39.89295959472656,2.641353420920691,39.3918571472168
2020-03-10 12:00:00+00:00,0.1696576476097107,40.16645050048828,2.6357729453967647,39.69077682495117
2020-03-10 18:00:00+00:00,0.17069768905639648,48.36384582519531,1.918320801935417,47.872867584228516
2020-03-11 00:00:00+00:00,0.142473042011261,33.839744567871094,2.479461008074904,33.53779983520508
2020-03-11 06:00:00+00:00,0.12214237451553345,42.07719421386719,2.1878589241067257,41.8055534362793
2020-03-11 12:00:00+00:00,0.1538373827934265,34.52842330932617,2.6948702265983906,34.14102554321289
2020-03-11 18:00:00+00:00,0.1592189073562622,37.459190368652344,2.482214442900311,37.04660415649414
2020-03-12 00:00:00+00:00,0.12988585233688354,33.01931381225586,2.777923617116688,32.76008224487305
2020-03-12 06:00:00+00:00,0.1480056643486023,36.14193344116211,3.0237736625669083,35.77503967285156
2020-03-12 12:00:00+00:00,0.1711488962173462,43.75254821777344,2.4652795933218767,43.23482131958008
2020-03-12 18:00:00+00:00,0.15138918161392212,36.61320495605469,2.929884856038465,36.23078536987305
2020-03-13 00:00:00+00:00,0.1797918677330017,40.352745056152344,2.2124889633571962,39.84144592285156
2020-03-13 06:00:00+00:00,0.1462244987487793,40.934722900390625,2.7677920699768386,40.550296783447266
2020-03-13 12:00:00+00:00,0.1173143982887268,46.63340759277344,1.6961791437990283,46.394344329833984
2020-03-13 18:00:00+00:00,0.19034117460250854,55.06706237792969,2.0934373585513417,54.38230514526367
2020-03-14 00:00:00+00:00,0.1409904956817627,35.90968704223633,2.443385896772825,35.58251190185547
2020-03-14 06:00:00+00:00,0.16286206245422363,47.44983673095703,2.448137736164194,46.95871353149414
2020-03-14 12:00:00+00:00,0.14267498254776,41.73345184326172,2.518664949228085,41.38204574584961
2020-03-14 18:00:00+00:00,0.15670746564865112,41.2872200012207,2.9638476711250363,40.835941314697266
2020-03-15 00:00:00+00:00,0.15262413024902344,36.47834777832031,2.7681802322215203,36.09285354614258
2020-03-15 06:00:00+00:00,0.20469588041305542,51.42753601074219,2.3009797265826104,50.63750457763672
2020-03-15 12:00:00+00:00,0.1674748659133911,46.8196907043457,2.4595606334462663,46.33927917480469
2020-03-15 18:00:00+00:00,0.21247851848602295,50.04107666015625,2.6972306352636224,49.158973693847656
2020-03-16 00:00:00+00:00,0.1401081681251526,39.257328033447266,2.5265125202182435,38.94179916381836
2020-03-16 06:00:00+00:00,0.21116364002227783,44.192745208740234,2.5987596229660053,43.41899490356445
2020-03-16 12:00:00+00:00,0.23115873336791992,46.910709381103516,2.2332386821910557,46.03371810913086
2020-03-16 18:00:00+00:00,0.20115482807159424,47.912384033203125,2.668471850480195,47.149208068847656
2020-03-17 00:00:00+00:00,0.20876270532608032,35.091434478759766,2.6223783241635785,34.45072555541992
2020-03-17 06:00:00+00:00,0.2471158504486084,45.223934173583984,2.6099314632671566,44.15769577026367
2020-03-17 12:00:00+00:00,0.2617455720901489,38.838314056396484,2.592995442693657,37.79357147216797
2020-03-17 18:00:00+00:00,0.22996890544891357,53.78681945800781,2.4656196482212147,52.81829833984375
2020-03-18 00:00:00+00:00,0.22056305408477783,41.25050354003906,2.186202389603471,40.514495849609375
2020-03-18 06:00:00+00:00,0.2359054684638977,93.10118865966797,1.2663566753311528,92.144287109375
2020-03-18 12:00:00+00:00,0.2286807894706726,46.158782958984375,2.0380848735466714,45.323787689208984
2020-03-18 18:00:00+00:00,0.1921713948249817,52.48252868652344,2.0592170319078726,51.824928283691406
2020-03-19 00:00:00+00:00,0.18131202459335327,35.22575378417969,2.771529471940852,34.75276565551758
2020-03-19 06:00:00+00:00,0.23638540506362915,42.65666961669922,2.5384503842410213,41.741661071777344
2020-03-19 12:00:00+00:00,0.2515428066253662,52.69669723510742,1.9645058939893105,51.631805419921875
2020-03-19 18:00:00+00:00,0.2685079574584961,41.43514633178711,2.490715222622539,40.2322998046875
2020-03-20 00:00:00+00:00,0.2784464955329895,51.357879638671875,1.8370357533424027,50.16900634765625
2020-03-20 06:00:00+00:00,0.2263001799583435,35.58517837524414,2.8366039011743225,34.80540084838867
2020-03-20 12:00:00+00:00,0.2056085467338562,43.29433059692383,2.0952256330580616,42.63779830932617
2020-03-20 18:00:00+00:00,0.25211381912231445,50.29021453857422,2.576839072762055,49.18296432495117
2020-03-21 00:00:00+00:00,0.1937558650970459,39.939964294433594,2.7485043686937782,39.395198822021484
2020-03-21 06:00:00+00:00,0.19941872358322144,41.55512619018555,2.362331717211339,40.937984466552734
2020-03-21 12:00:00+00:00,0.1537114977836609,34.52059555053711,2.6688865926015874,34.17452621459961
2020-03-21 18:00:00+00:00,0.24954569339752197,51.7466926574707,2.5365969516949636,50.680397033691406
2020-03-22 00:00:00+00:00,0.22155392169952393,38.284584045410156,2.582458581168717,37.55007553100586
2020-03-22 06:00:00+00:00,0.275362491607666,59.336181640625,1.986960000055642,57.949188232421875
2020-03-22 12:00:00+00:00,0.29004544019699097,37.16432571411133,2.7446819078244826,35.89963912963867
2020-03-22 18:00:00+00:00,0.18360453844070435,32.948482513427734,2.9151371873148015,32.44884490966797
2020-03-23 00:00:00+00:00,0.2070026993751526,41.34040451049805,1.8628268592585813,40.75017166137695
2020-03-23 06:00:00+00:00,0.2002091407775879,34.178672790527344,2.7734301444205007,33.58956527709961
2020-03-23 12:00:00+00:00,0.23576784133911133,36.51628494262695,2.92380854418751,35.666629791259766
2020-03-23 18:00:00+00:00,0.2266128659248352,39.80167007446289,2.2866668389805844,38.960628509521484
2020-03-24 00:00:00+00:00,0.248562753200531,27.799829483032227,2.9566663412370935,26.988075256347656
2020-03-24 06:00:00+00:00,0.26740580797195435,33.770870208740234,3.150766533593502,32.680809020996094
2020-03-24 12:00:00+00:00,0.2224348783493042,66.42378234863281,1.5416458274242493,65.69448852539062
2020-03-24 18:00:00+00:00,0.21808171272277832,34.557861328125,2.7717681589342966,33.85988998413086
2020-03-25 00:00:00+00:00,0.21556389331817627,29.91323471069336,2.4289653261315265,29.34299659729004
2020-03-25 06:00:00+00:00,0.21458077430725098,38.47805404663086,2.520488922621845,37.794979095458984
2020-03-25 12:00:00+00:00,0.20055806636810303,35.2124137878418,2.2185473842644248,34.66594696044922
2020-03-25 18:00:00+00:00,0.17636698484420776,32.25064468383789,2.781436869889501,31.806503295898438
2020-03-26 00:00:00+00:00,0.22998636960983276,51.9492301940918,1.8021802022770854,51.26225280761719
2020-03-26 06:00:00+00:00,0.22661960124969482,35.90349578857422,2.2764923627922116,35.172088623046875
2020-03-26 12:00:00+00:00,0.26081228256225586,34.78628921508789,2.714616907772653,33.832763671875
2020-03-26 18:00:00+00:00,0.1844804286956787,28.956140518188477,3.106172413138848,28.50445556640625
2020-03-27 00:00:00+00:00,0.23360764980316162,40.99818420410156,2.0823540951362647,40.28619384765625
2020-03-27 06:00:00+00:00,0.20403790473937988,38.50434494018555,2.4531773437694495,37.83705520629883
2020-03-27 12:00:00+00:00,0.20661795139312744,30.255207061767578,2.8950701071908713,29.668750762939453
2020-03-27 18:00:00+00:00,0.17754656076431274,35.989418029785156,2.3564815125945264,35.53976821899414
2020-03-28 00:00:00+00:00,0.17468595504760742,71.66252136230469,1.2359279707744832,71.20149230957031
2020-03-28 06:00:00+00:00,0.18302452564239502,43.08424377441406,2.262125095388592,42.535770416259766
2020-03-28 12:00:00+00:00,0.20057010650634766,37.1191291809082,2.5621388049220664,36.49656677246094
2020-03-28 18:00:00+00:00,0.23391729593276978,39.86704635620117,2.4364999112914707,39.03310775756836
2020-03-29 00:00:00+00:00,0.20908892154693604,52.245243072509766,1.8525237508483796,51.59274673461914
2020-03-29 06:00:00+00:00,0.162103533744812,33.945335388183594,3.067187933639018,33.52141571044922
2020-03-29 12:00:00+00:00,0.16842752695083618,32.57235336303711,2.937423781830756,32.13587951660156
2020-03-29 18:00:00+00:00,0.22337591648101807,31.550472259521484,3.041516274434792,30.787755966186523
2020-03-30 00:00:00+00:00,0.1865648627281189,34.7735481262207,2.7107089835686864,34.276512145996094
2020-03-30 06:00:00+00:00,0.14892351627349854,36.06480026245117,2.850581326721154,35.7182731628418
2020-03-30 12:00:00+00:00,0.18242377042770386,33.24982833862305,3.0544093728625814,32.74734115600586
2020-03-30 18:00:00+00:00,0.14181745052337646,34.381473541259766,2.766451558542904,34.06285858154297
2020-03-31 00:00:00+00:00,0.1745646595954895,29.794523239135742,2.7502054601782504,29.375045776367188
2020-03-31 06:00:00+00:00,0.14623576402664185,40.956512451171875,2.3188010239812313,40.60137176513672
2020-03-31 12:00:00+00:00,0.18015021085739136,70.13943481445312,1.4044103600993931,69.61285400390625
2020-03-31 18:00:00+00:00,0.1407875418663025,35.64546203613281,2.7435128738505816,35.33383560180664
2020-04-01 00:00:00+00:00,0.16904217004776,30.26643943786621,2.7996007491354074,29.869152069091797
2020-04-01 06:00:00+00:00,0.18322408199310303,52.96077346801758,1.8704559827194722,52.41482162475586
2020-04-01 12:00:00+00:00,0.11815547943115234,36.63467788696289,2.5462950328022473,36.41303253173828
2020-04-01 18:00:00+00:00,0.19022035598754883,57.57689666748047,1.6008057481316023,56.971004486083984
2020-04-02 00:00:00+00:00,0.18781816959381104,33.134918212890625,2.682891408763827,32.60920715332031
2020-04-02 06:00:00+00:00,0.14633893966674805,35.341758728027344,2.7378326280098326,35.00143051147461
2020-04-02 12:00:00+00:00,0.20471549034118652,38.549190521240234,2.616849376326466,37.882686614990234
2020-04-02 18:00:00+00:00,0.13815540075302124,68.24376678466797,1.4056805276094102,67.92304229736328
2020-04-04 00:00:00+00:00,0.1425800323486328,42.59141159057617,1.7284135985262297,42.30973434448242
2020-04-04 06:00:00+00:00,0.16894078254699707,36.96672058105469,2.542375095244028,36.51545715332031
2020-04-04 12:00:00+00:00,0.15875601768493652,68.85271453857422,1.8327494789984171,68.43721008300781
2020-04-04 18:00:00+00:00,0.2138018012046814,45.322410583496094,2.555382398741133,44.55169677734375
2020-04-05 00:00:00+00:00,0.16535252332687378,36.620704650878906,2.2966694736323805,36.24971008300781
2020-04-05 06:00:00+00:00,0.19983738660812378,40.83637237548828,2.5928649927652514,40.20842742919922
2020-04-05 12:00:00+00:00,0.17064005136489868,34.73668670654297,2.6715435044889713,34.30055618286133
2020-04-05 18:00:00+00:00,0.1972835659980774,39.03971862792969,2.6697056635432137,38.38208770751953
2020-04-06 00:00:00+00:00,0.1948508620262146,33.27815628051758,2.5489044489993775,32.73218536376953
2020-04-06 06:00:00+00:00,0.166357159614563,31.367996215820312,2.9791788590494814,30.967592239379883
2020-04-06 12:00:00+00:00,0.19404083490371704,36.064029693603516,2.5832484104250693,35.48276138305664
2020-04-06 18:00:00+00:00,0.17505067586898804,51.188533782958984,2.0999743041646157,50.69654846191406
2020-04-07 00:00:00+00:00,0.15153467655181885,32.233497619628906,2.4070882809310823,31.921682357788086
2020-04-07 06:00:00+00:00,0.12496358156204224,39.06438446044922,2.510283482481864,38.81480407714844
2020-04-07 12:00:00+00:00,0.09170740842819214,36.56298065185547,2.411411867836149,36.43855285644531
2020-04-07 18:00:00+00:00,0.09705477952957153,31.358943939208984,2.7774488091479155,31.22141456604004
2020-04-08 00:00:00+00:00,0.1464928388595581,29.19472312927246,2.5024396394114468,28.911121368408203
2020-04-08 06:00:00+00:00,0.12084543704986572,32.77229309082031,2.4740558091173677,32.56945037841797
2020-04-08 12:00:00+00:00,0.16265761852264404,38.940555572509766,2.0993534651761756,38.556396484375
2020-04-08 18:00:00+00:00,0.1261885166168213,37.53956985473633,2.717557886672113,37.29969787597656
2020-04-09 00:00:00+00:00,0.12393951416015625,29.514123916625977,2.6213442351757936,29.317794799804688
2020-04-09 06:00:00+00:00,0.12480688095092773,32.09096908569336,2.507271758367673,31.87799644470215
2020-04-09 12:00:00+00:00,0.038546621799468994,28.407299041748047,2.429560904102005,28.387418746948242
2020-04-09 18:00:00+00:00,0.04743969440460205,25.86907196044922,2.788463566629587,25.83989715576172
2020-04-10 00:00:00+00:00,0.10664081573486328,28.818037033081055,2.3115862422208,28.678190231323242
2020-04-10 06:00:00+00:00,0.04476821422576904,25.644182205200195,3.059597897889267,25.617475509643555
2020-04-10 12:00:00+00:00,0.11450505256652832,27.63434600830078,3.0688404408017784,27.456478118896484
2020-04-10 18:00:00+00:00,0.11299580335617065,30.27025604248047,2.521516890928919,30.104961395263672
2020-04-11 00:00:00+00:00,0.11030417680740356,25.37596893310547,2.8074483078880164,25.23426055908203
2020-04-11 06:00:00+00:00,0.09807819128036499,26.74677848815918,2.844315051798255,26.622940063476562
2020-04-11 12:00:00+00:00,0.13565844297409058,37.88217544555664,2.44870710100356,37.6080207824707
2020-04-11 18:00:00+00:00,0.13252800703048706,29.463623046875,2.9319435139866226,29.221210479736328
2020-04-12 00:00:00+00:00,0.09394919872283936,41.05860900878906,2.125222268970451,40.941566467285156
2020-04-12 06:00:00+00:00,0.1275867223739624,25.225446701049805,3.2250382578502137,25.017087936401367
2020-04-12 12:00:00+00:00,0.12975507974624634,29.020790100097656,2.8468781018144016,28.785417556762695
2020-04-12 18:00:00+00:00,0.1477634310722351,36.343143463134766,2.441302890154253,36.04581069946289
2020-04-13 00:00:00+00:00,0.16050344705581665,26.25691032409668,2.7429004954914276,25.942203521728516
2020-04-13 06:00:00+00:00,0.13531243801116943,31.462106704711914,2.7424421066883604,31.20452308654785
2020-04-13 12:00:00+00:00,0.10572731494903564,27.40748405456543,3.1929486596973535,27.25492286682129
2020-04-13 18:00:00+00:00,0.15595418214797974,26.161399841308594,2.624979160833557,25.843547821044922
2020-04-14 00:00:00+00:00,0.16937458515167236,23.433107376098633,3.0112201105778493,23.081281661987305
2020-04-14 06:00:00+00:00,0.15047764778137207,28.74910545349121,3.09820876312911,28.42911148071289
2020-04-14 12:00:00+00:00,0.16266953945159912,26.834096908569336,3.2097958862306024,26.47952651977539
2020-04-14 18:00:00+00:00,0.18672585487365723,32.13410568237305,2.9116338787771605,31.639978408813477
2020-04-15 00:00:00+00:00,0.13939452171325684,29.545015335083008,3.0116427826913883,29.272022247314453
2020-04-15 06:00:00+00:00,0.13484716415405273,30.40395164489746,2.949252600129359,30.139799118041992
2020-04-15 12:00:00+00:00,0.16297894716262817,32.403778076171875,3.013274935257949,32.01665496826172
2020-04-15 18:00:00+00:00,0.1105908751487732,30.11502456665039,2.7539758221304336,29.93667984008789
2020-04-16 00:00:00+00:00,0.2214367389678955,33.06614303588867,3.026058873375818,32.32903289794922
2020-04-16 06:00:00+00:00,0.1690414547920227,47.022396087646484,2.6148763411877494,46.49607849121094
2020-04-16 12:00:00+00:00,0.14599686861038208,36.10728454589844,2.440574792518652,35.76154708862305
2020-04-16 18:00:00+00:00,0.18299847841262817,38.62550354003906,2.6236030170017113,38.0452766418457
2020-04-17 00:00:00+00:00,0.16803783178329468,36.1965217590332,2.4241322993136376,35.768890380859375
2020-04-17 06:00:00+00:00,0.14940989017486572,42.54396438598633,2.15371999159249,42.16023635864258
2020-04-17 12:00:00+00:00,0.15620791912078857,38.58592224121094,2.2847033969438155,38.19975662231445
2020-04-17 18:00:00+00:00,0.19092321395874023,38.85660934448242,2.7181595872443336,38.26218795776367
2020-04-18 00:00:00+00:00,0.1988372802734375,44.58681869506836,2.2771424156086737,43.9497184753418
2020-04-18 06:00:00+00:00,0.20084726810455322,43.07970428466797,2.57398940607433,42.370269775390625
2020-04-18 12:00:00+00:00,0.15724921226501465,42.28791046142578,2.4541211225666597,41.85773468017578
2020-04-18 18:00:00+00:00,0.15165555477142334,38.04203414916992,2.8257644937999236,37.65403747558594
2020-04-19 00:00:00+00:00,0.1853947639465332,49.07280349731445,2.0273593273811796,48.501243591308594
2020-04-19 06:00:00+00:00,0.14791470766067505,55.82481002807617,1.7394479656092912,55.43671798706055
2020-04-19 12:00:00+00:00,0.1384006142616272,44.9187126159668,2.047326396025731,44.60585021972656
2020-04-19 18:00:00+00:00,0.185449481010437,39.642295837402344,2.38517347734777,39.06867980957031
2020-04-20 00:00:00+00:00,0.18870782852172852,39.359493255615234,2.3530889702158615,38.82350158691406
2020-04-20 06:00:00+00:00,0.17201954126358032,38.826419830322266,2.914154526675904,38.334625244140625
2020-04-20 12:00:00+00:00,0.13830816745758057,41.095733642578125,2.4573174926728636,40.77486038208008
2020-04-20 18:00:00+00:00,0.18184924125671387,38.118350982666016,2.8322618219231535,37.58180618286133
2020-04-21 00:00:00+00:00,0.2507892847061157,38.72406768798828,2.5990856839887773,37.7271728515625
2020-04-21 06:00:00+00:00,0.27838218212127686,47.1745719909668,2.7125720138892655,45.79722595214844
2020-04-21 12:00:00+00:00,0.18266713619232178,41.65613555908203,2.3751779197322778,41.11903762817383
2020-04-21 18:00:00+00:00,0.22643131017684937,43.00169372558594,2.6919139247508075,42.15174865722656
2020-04-22 00:00:00+00:00,0.22013407945632935,41.005619049072266,2.537264339792994,40.263309478759766
2020-04-22 06:00:00+00:00,0.19610106945037842,45.1723518371582,2.4104410897643365,44.550357818603516
2020-04-22 12:00:00+00:00,0.19433379173278809,45.0697021484375,2.1094546079023457,44.454017639160156
2020-04-22 18:00:00+00:00,0.2124529480934143,43.4251708984375,2.2729098453226104,42.652992248535156
2020-04-23 00:00:00+00:00,0.22571289539337158,39.57742691040039,2.496233171815878,38.8152961730957
2020-04-23 06:00:00+00:00,0.21591264009475708,38.44968032836914,2.5367579622188434,37.68418502807617
2020-04-23 12:00:00+00:00,0.19923007488250732,39.34669876098633,2.309538560510287,38.71703338623047
2020-04-23 18:00:00+00:00,0.1787613034248352,38.52522277832031,2.555654837345399,37.99955749511719
2020-04-24 00:00:00+00:00,0.19255107641220093,33.03714370727539,2.8641612148595685,32.49956512451172
2020-04-24 06:00:00+00:00,0.1768275499343872,36.9248161315918,2.743272938395409,36.41998291015625
2020-04-24 12:00:00+00:00,0.17911118268966675,38.686248779296875,2.9284103676833286,38.14524841308594
2020-04-24 18:00:00+00:00,0.17603296041488647,32.55375289916992,2.8179140230322552,32.08323287963867
2020-04-25 00:00:00+00:00,0.21654558181762695,44.965030670166016,1.8208777753284742,44.30244445800781
2020-04-25 06:00:00+00:00,0.15685921907424927,32.48381042480469,3.121096830015099,32.098175048828125
2020-04-25 12:00:00+00:00,0.17825961112976074,34.97866439819336,2.824288162952331,34.49039077758789
2020-04-25 18:00:00+00:00,0.18123209476470947,35.263648986816406,2.6820233182932722,34.754554748535156
2020-04-26 00:00:00+00:00,0.168779194355011,31.1743221282959,2.9534201633727752,30.77970314025879
2020-04-26 06:00:00+00:00,0.16440480947494507,33.330928802490234,2.8876326660624048,32.944705963134766
2020-04-26 12:00:00+00:00,0.23776251077651978,39.340919494628906,2.286383137438998,38.486778259277344
2020-04-26 18:00:00+00:00,0.1846441626548767,31.3815860748291,2.932385147305047,30.886390686035156
2020-04-27 00:00:00+00:00,0.17408502101898193,25.34124183654785,3.027938357316024,24.973421096801758
2020-04-27 06:00:00+00:00,0.22768354415893555,33.28382110595703,2.3897312682668654,32.550987243652344
2020-04-27 12:00:00+00:00,0.16805624961853027,91.0313720703125,1.4250540225969648,90.57852172851562
2020-04-27 18:00:00+00:00,0.21485012769699097,95.98638916015625,1.560143339504935,95.20281982421875
2020-04-28 00:00:00+00:00,0.20445328950881958,33.22178268432617,2.9422317663830246,32.6136360168457
2020-04-28 06:00:00+00:00,0.17187917232513428,36.45626449584961,2.5948668347551873,36.00477981567383
2020-04-28 12:00:00+00:00,0.07094031572341919,157.3286895751953,1.1551909239310667,157.2389678955078
2020-04-28 18:00:00+00:00,0.17687296867370605,116.06446075439453,1.0401439695960588,115.54554748535156
2020-04-29 00:00:00+00:00,0.1553025245666504,97.85811614990234,1.2704277972626516,97.51084899902344
2020-04-29 06:00:00+00:00,0.15056806802749634,28.663646697998047,3.364745996257126,28.339828491210938
2020-04-29 12:00:00+00:00,0.07792496681213379,165.52154541015625,0.9978370528484183,165.41920471191406
2020-04-29 18:00:00+00:00,0.10412919521331787,89.0037612915039,1.25594515506111,88.8302993774414
2020-04-30 00:00:00+00:00,0.18385529518127441,34.447052001953125,2.4210332166928508,33.95914840698242
2020-04-30 06:00:00+00:00,0.15304875373840332,33.621971130371094,3.0917532756472466,33.25126266479492
2020-04-30 12:00:00+00:00,0.15835970640182495,159.318603515625,1.2217970007216374,158.88180541992188
2020-04-30 18:00:00+00:00,0.10851782560348511,33.57004165649414,2.7043674238609032,33.391929626464844
2020-05-01 00:00:00+00:00,0.0589444637298584,27.914175033569336,2.3856533210311492,27.869810104370117
2020-05-01 06:00:00+00:00,0.16748684644699097,55.31145477294922,1.6781339990967785,54.890777587890625
2020-05-01 12:00:00+00:00,0.0644339919090271,32.51338195800781,2.895740506422726,32.451026916503906
2020-05-01 18:00:00+00:00,0.08396661281585693,31.065753936767578,2.519708521469612,30.967771530151367
2020-05-02 00:00:00+00:00,0.08374786376953125,28.304689407348633,2.798773953991021,28.21144676208496
2020-05-02 06:00:00+00:00,0.09543347358703613,35.53889465332031,2.4665985432376565,35.40605926513672
2020-05-02 12:00:00+00:00,0.0788227915763855,34.52850341796875,2.7116462374573356,34.437564849853516
2020-05-02 18:00:00+00:00,0.07796752452850342,26.394996643066406,2.9123608307434496,26.31350326538086
2020-05-03 00:00:00+00:00,0.05841398239135742,25.048301696777344,2.8288402181726298,25.00611686706543
2020-05-03 06:00:00+00:00,0.11194819211959839,38.10718536376953,2.206979511333855,37.919471740722656
2020-05-03 12:00:00+00:00,0.049540936946868896,29.34682846069336,2.7258956531466163,29.311662673950195
2020-05-03 18:00:00+00:00,0.09197324514389038,28.68329429626465,2.7688834806382276,28.565061569213867
2020-05-04 00:00:00+00:00,0.10593181848526001,25.660018920898438,2.8687304508943368,25.517057418823242
2020-05-04 06:00:00+00:00,0.0723387598991394,31.284954071044922,2.795264049884799,31.20781135559082
2020-05-04 12:00:00+00:00,0.12711572647094727,33.59395217895508,2.735725254398526,33.34629821777344
2020-05-04 18:00:00+00:00,0.04930144548416138,53.73899841308594,1.5926115512129042,53.70185089111328
2020-05-05 00:00:00+00:00,0.11605024337768555,35.85670852661133,2.6074802913679336,35.65892791748047
2020-05-05 06:00:00+00:00,0.09309005737304688,40.160003662109375,2.7139261522414624,40.009674072265625
2020-05-05 12:00:00+00:00,0.04008084535598755,36.186038970947266,2.548298481242392,36.161399841308594
2020-05-05 18:00:00+00:00,0.07076972723007202,41.58933639526367,2.1854376876590274,41.513916015625
2020-05-06 00:00:00+00:00,0.11814427375793457,35.733070373535156,2.625847179001835,35.52545928955078
2020-05-06 06:00:00+00:00,0.08839613199234009,41.151878356933594,2.488949930232377,41.025665283203125
2020-05-06 12:00:00+00:00,0.07208043336868286,38.425148010253906,2.624412750286529,38.3414421081543
2020-05-06 18:00:00+00:00,0.13537746667861938,35.534568786621094,2.4230615590525497,35.251922607421875
2020-05-07 00:00:00+00:00,0.10464608669281006,29.327341079711914,2.674407491338773,29.17877769470215
2020-05-07 06:00:00+00:00,0.07388728857040405,33.89444351196289,2.787304952213344,33.81098937988281
2020-05-07 12:00:00+00:00,0.057144999504089355,39.69546890258789,2.063586700633525,39.64548110961914
2020-05-07 18:00:00+00:00,0.0676996111869812,34.76799774169922,2.782705411500527,34.69587707519531
2020-05-08 00:00:00+00:00,0.010293543338775635,29.980884552001953,2.694325109814433,29.979389190673828
2020-05-08 06:00:00+00:00,0.012342572212219238,33.68962860107422,2.935020209417518,33.68711853027344
2020-05-08 12:00:00+00:00,0.03275066614151001,30.17519760131836,2.6080703005210895,30.1593074798584
2020-05-08 18:00:00+00:00,0.054431378841400146,27.39838409423828,3.166057062077867,27.356216430664062
2020-05-09 00:00:00+00:00,0.010857820510864258,28.758407592773438,2.6949908253984245,28.75676155090332
2020-05-09 06:00:00+00:00,0.04258161783218384,35.11884689331055,2.6631446567999926,35.09021759033203
2020-05-09 12:00:00+00:00,0.03802478313446045,32.187713623046875,3.026384705331758,32.16432571411133
2020-05-09 18:00:00+00:00,0.07402533292770386,29.50760269165039,3.0266737557774017,29.42625617980957
2020-05-10 00:00:00+00:00,0.03148108720779419,30.441268920898438,2.565189232022191,30.4271240234375
2020-05-10 06:00:00+00:00,0.01573115587234497,34.91550064086914,2.7618242923902687,34.91145324707031
2020-05-10 12:00:00+00:00,0.0028928518295288086,34.38038635253906,2.798246674325111,34.3802490234375
2020-05-10 18:00:00+00:00,0.04957383871078491,38.65989303588867,2.7732095233788607,38.61882781982422
2020-05-11 00:00:00+00:00,0.03545147180557251,31.29424285888672,3.043292830707655,31.275028228759766
2020-05-11 06:00:00+00:00,0.037252843379974365,35.14773178100586,2.8228985905196233,35.12480545043945
2020-05-11 12:00:00+00:00,0.04691624641418457,33.3067626953125,2.6467680662106186,33.27217483520508
2020-05-11 18:00:00+00:00,0.10475277900695801,39.436466217041016,2.534347766107333,39.26280212402344
2020-05-12 00:00:00+00:00,0.08237069845199585,30.010822296142578,2.818706895151331,29.914247512817383
2020-05-12 06:00:00+00:00,0.07051211595535278,33.845394134521484,2.294693647242155,33.77178955078125
2020-05-12 12:00:00+00:00,0.11047166585922241,35.73882293701172,2.761577385000226,35.54587936401367
2020-05-12 18:00:00+00:00,0.14570963382720947,30.498268127441406,3.143485711828515,30.175500869750977
2020-05-13 00:00:00+00:00,0.12559008598327637,27.990596771240234,2.806142361583344,27.771665573120117
2020-05-13 06:00:00+00:00,0.11216914653778076,36.44819641113281,2.7271330818717474,36.23802185058594
2020-05-13 12:00:00+00:00,0.14891457557678223,36.798431396484375,2.6049736465100977,36.44492721557617
2020-05-13 18:00:00+00:00,0.10110372304916382,31.078922271728516,2.8361119818440343,30.92314910888672
2020-05-14 00:00:00+00:00,0.13678264617919922,35.00472640991211,2.876685677444969,34.72026062011719
2020-05-14 06:00:00+00:00,0.07721555233001709,38.19036865234375,2.382885384182642,38.09618377685547
2020-05-14 12:00:00+00:00,0.14016085863113403,34.188602447509766,2.6889508843924257,33.89926528930664
2020-05-14 18:00:00+00:00,0.10337477922439575,64.93869018554688,1.715612995080652,64.76761627197266
2020-05-15 00:00:00+00:00,0.08553045988082886,31.124746322631836,2.8321451473011723,31.021623611450195
2020-05-15 06:00:00+00:00,0.07129168510437012,29.51759147644043,2.724538994616976,29.445615768432617
2020-05-15 12:00:00+00:00,0.09915363788604736,30.852649688720703,2.7371755164596503,30.713239669799805
2020-05-15 18:00:00+00:00,0.05917149782180786,28.408096313476562,3.099598876171895,28.357980728149414
2020-05-16 00:00:00+00:00,0.08360856771469116,28.330108642578125,2.970280976634481,28.233530044555664
2020-05-16 06:00:00+00:00,0.11819863319396973,28.470800399780273,2.7683398859269257,28.283475875854492
2020-05-16 12:00:00+00:00,0.11319804191589355,31.33111000061035,2.282237846498073,31.153358459472656
2020-05-16 18:00:00+00:00,0.1135759949684143,27.669178009033203,3.0478182197410977,27.490999221801758
2020-05-17 00:00:00+00:00,0.14662760496139526,34.78005599975586,2.46915249694407,34.46392822265625
2020-05-17 06:00:00+00:00,0.15014326572418213,33.446353912353516,2.64096056825136,33.12300109863281
2020-05-17 12:00:00+00:00,0.06397241353988647,32.27333068847656,2.741900676145985,32.21492004394531
2020-05-17 18:00:00+00:00,0.09130263328552246,32.45603942871094,2.5470984650388173,32.33131408691406
2020-05-18 00:00:00+00:00,0.09121507406234741,28.910715103149414,2.7031236696047753,28.797569274902344
2020-05-18 06:00:00+00:00,0.08123499155044556,27.038557052612305,3.0905562372499658,26.946388244628906
2020-05-18 12:00:00+00:00,0.08285671472549438,33.15353775024414,2.5504191485553123,33.051849365234375
2020-05-18 18:00:00+00:00,0.10447525978088379,56.04529571533203,1.6922981453796582,55.8709831237793
2020-05-19 00:00:00+00:00,0.08606064319610596,28.75306510925293,2.680653229120886,28.652956008911133
2020-05-19 06:00:00+00:00,0.08831954002380371,42.74052047729492,1.9358384468479206,42.62174987792969
2020-05-19 12:00:00+00:00,0.09329599142074585,31.873687744140625,2.7794850696067135,31.748197555541992
2020-05-19 18:00:00+00:00,0.07066458463668823,32.96666717529297,2.6922318174428184,32.89215087890625
2020-05-20 00:00:00+00:00,0.09445559978485107,31.730953216552734,2.6115467287103615,31.605403900146484
2020-05-20 06:00:00+00:00,0.07347595691680908,30.741147994995117,2.539344217092739,30.666154861450195
2020-05-20 12:00:00+00:00,0.13296747207641602,38.434600830078125,2.2112268215113406,38.16883850097656
2020-05-20 18:00:00+00:00,0.12414216995239258,36.165531158447266,2.6096750784607545,35.9229736328125
2020-05-21 00:00:00+00:00,0.14505940675735474,28.97356605529785,2.612469751557472,28.700336456298828
2020-05-21 06:00:00+00:00,0.1634494662284851,39.41013717651367,2.3456314802161744,38.99063491821289
2020-05-21 12:00:00+00:00,0.14645260572433472,66.29761505126953,1.5653612264272962,65.96097564697266
2020-05-21 18:00:00+00:00,0.07916337251663208,36.99941635131836,2.5637078036807486,36.90475082397461
2020-05-22 00:00:00+00:00,0.09851032495498657,32.66771697998047,2.655735562281395,32.527618408203125
2020-05-22 06:00:00+00:00,0.10853719711303711,31.725683212280273,2.7317495923003596,31.561420440673828
2020-05-22 12:00:00+00:00,0.09925109148025513,40.64194107055664,2.2964016821821063,40.48649597167969
2020-05-22 18:00:00+00:00,0.12123388051986694,35.66435623168945,2.6545387354818724,35.44651412963867
2020-05-23 00:00:00+00:00,0.14627540111541748,33.063358306884766,2.5115487994034424,32.762550354003906
2020-05-23 06:00:00+00:00,0.18051862716674805,34.92906188964844,2.806318729875642,34.44061279296875
2020-05-23 12:00:00+00:00,0.15488511323928833,32.585697174072266,2.762506770644025,32.23560333251953
2020-05-23 18:00:00+00:00,0.17147070169448853,29.478975296020508,2.637908191569203,29.08716583251953
2020-05-24 00:00:00+00:00,0.15995019674301147,27.599857330322266,3.2110647588730084,27.25653076171875
2020-05-24 06:00:00+00:00,0.177384614944458,34.12483596801758,2.7704604152699113,33.65251159667969
2020-05-24 12:00:00+00:00,0.08333152532577515,32.49464797973633,2.986378847457647,32.39700698852539
2020-05-24 18:00:00+00:00,0.17179572582244873,31.341264724731445,2.6546491048470324,30.912935256958008
2020-05-25 00:00:00+00:00,0.10995584726333618,32.15370559692383,2.719370006541945,31.97629737854004
2020-05-25 06:00:00+00:00,0.1978101134300232,30.85173225402832,2.7625152057711806,30.294267654418945
2020-05-25 12:00:00+00:00,0.09012937545776367,27.613651275634766,3.16539775843767,27.49881362915039
2020-05-25 18:00:00+00:00,0.26517361402511597,76.52220153808594,1.6935067464567548,75.36756134033203
2020-05-26 00:00:00+00:00,0.2040235996246338,30.25447654724121,2.905755558611835,29.672597885131836
2020-05-26 06:00:00+00:00,0.18524974584579468,30.46827507019043,3.092332905560602,29.96141815185547
2020-05-26 12:00:00+00:00,0.13204050064086914,31.488855361938477,2.791000193311944,31.225894927978516
2020-05-26 18:00:00+00:00,0.13682621717453003,26.836153030395508,3.2142879565444864,26.57955551147461
2020-05-27 00:00:00+00:00,0.10659420490264893,30.002687454223633,2.5009092008769467,29.839012145996094
2020-05-27 06:00:00+00:00,0.16314053535461426,28.849262237548828,2.908118791680641,28.467790603637695
2020-05-27 12:00:00+00:00,0.10928642749786377,32.206729888916016,2.5991645839547974,32.037288665771484
2020-05-27 18:00:00+00:00,0.0859484076499939,27.65610694885254,2.9150464754790826,27.554527282714844
2020-05-28 00:00:00+00:00,0.1016659140586853,25.186887741088867,3.2907215068925506,25.050073623657227
2020-05-28 06:00:00+00:00,0.10904103517532349,73.04411315917969,1.4078706264304006,72.85655975341797
2020-05-28 12:00:00+00:00,0.06837809085845947,33.95745849609375,2.821507462649313,33.88551330566406
2020-05-28 18:00:00+00:00,0.10843414068222046,31.096147537231445,3.1614146923923734,30.9137020111084
2020-05-29 00:00:00+00:00,0.0889284610748291,28.68565559387207,2.8171515126246494,28.577333450317383
2020-05-29 06:00:00+00:00,0.10489910840988159,37.8660888671875,2.1164671824848713,37.69917678833008
2020-05-29 12:00:00+00:00,0.04708892107009888,47.227699279785156,1.7824801417401566,47.19256591796875
2020-05-29 18:00:00+00:00,0.008332490921020508,31.494510650634766,2.6832693410658424,31.49349021911621
2020-05-30 00:00:00+00:00,0.06029105186462402,31.119159698486328,2.6740022503216716,31.066619873046875
2020-05-30 06:00:00+00:00,0.021538853645324707,29.962078094482422,2.7379163330748244,29.95537567138672
2020-05-30 12:00:00+00:00,0.012129247188568115,36.682411193847656,2.1803984630228936,36.68017578125
2020-05-30 18:00:00+00:00,0.008382916450500488,27.995765686035156,2.915212347106045,27.994766235351562
2020-05-31 00:00:00+00:00,0.034187912940979004,27.78845977783203,2.5302878854969717,27.772785186767578
2020-05-31 06:00:00+00:00,0.046515822410583496,56.8438720703125,1.704996391925743,56.8099250793457
2020-05-31 12:00:00+00:00,0.021303892135620117,29.317317962646484,2.787253105484398,29.310651779174805
2020-05-31 18:00:00+00:00,0.024248838424682617,29.788162231445312,2.740665316235351,29.77986717224121
2020-06-01 00:00:00+00:00,0.05292165279388428,32.98348617553711,2.7377931491942853,32.94172286987305
2020-06-01 06:00:00+00:00,0.008258938789367676,28.416507720947266,2.7520553468773423,28.415544509887695
2020-06-01 12:00:00+00:00,0.06531131267547607,59.70046615600586,1.5075445629361652,59.63399887084961
2020-06-01 18:00:00+00:00,0.0012103915214538574,29.979900360107422,2.87773040800884,29.979877471923828
2020-06-02 00:00:00+00:00,0.03897583484649658,59.49186706542969,1.5176694833101645,59.4697380065918
2020-06-02 06:00:00+00:00,0.02958625555038452,31.109294891357422,2.8001237239833836,31.09632110595703
2020-06-02 12:00:00+00:00,0.0034608840942382812,38.710269927978516,2.4862555112353752,38.7100715637207
2020-06-02 18:00:00+00:00,0.05433255434036255,30.33994483947754,3.155693690288915,30.296531677246094
2020-06-03 00:00:00+00:00,0.03098207712173462,34.03867721557617,2.5836410386429374,34.02435302734375
2020-06-03 06:00:00+00:00,0.022704243659973145,71.39277648925781,1.4894817698389193,71.38388061523438
2020-06-03 12:00:00+00:00,0.01674795150756836,30.767744064331055,3.302037626299459,30.76335906982422
2020-06-03 18:00:00+00:00,0.004496335983276367,33.967586517333984,2.7626593117698675,33.96727752685547
2020-06-04 00:00:00+00:00,0.016663670539855957,30.45909881591797,2.5490885071931215,30.455059051513672
2020-06-04 06:00:00+00:00,0.017924070358276367,35.76027297973633,2.4711491020346115,35.75507354736328
2020-06-04 12:00:00+00:00,0.018102049827575684,30.725812911987305,3.2409977237754912,30.7208309173584
2020-06-04 18:00:00+00:00,0.02031034231185913,118.43708038330078,1.1414128228247375,118.42919158935547
2020-06-05 00:00:00+00:00,0.054743170738220215,34.490875244140625,2.5220460142503494,34.448368072509766
2020-06-05 06:00:00+00:00,0.04007613658905029,63.06429672241211,1.5408928047761328,63.038211822509766
2020-06-05 12:00:00+00:00,0.001677393913269043,28.174287796020508,2.815826643552342,28.17424774169922
2020-06-05 18:00:00+00:00,0.06096768379211426,33.56228256225586,2.703610575532627,33.505279541015625
2020-06-06 00:00:00+00:00,0.08660829067230225,40.72765350341797,2.242928309104271,40.61939239501953
2020-06-06 06:00:00+00:00,0.008063077926635742,27.859081268310547,3.4200337967127323,27.858112335205078
2020-06-06 12:00:00+00:00,0.11606210470199585,33.923702239990234,2.8451799746043758,33.72848892211914
2020-06-06 18:00:00+00:00,0.21366488933563232,188.2300567626953,1.150582403435835,187.4731903076172
2020-06-07 00:00:00+00:00,0.07342022657394409,25.001564025878906,3.4394425289325334,24.92845916748047
2020-06-07 06:00:00+00:00,0.06439071893692017,26.30016326904297,3.4248278996368975,26.24293327331543
2020-06-07 12:00:00+00:00,0.1693381667137146,445.8742980957031,0.8359095960632384,445.3445129394531
2020-06-07 18:00:00+00:00,0.07302850484848022,37.82344436645508,2.5165762667768052,37.74348068237305
2020-06-08 00:00:00+00:00,0.022042691707611084,25.215084075927734,3.254231570272164,25.208600997924805
2020-06-08 06:00:00+00:00,0.04313933849334717,30.547719955444336,2.72427336480178,30.52144432067871
2020-06-08 12:00:00+00:00,0.010049581527709961,28.218753814697266,3.0960998946334612,28.21731948852539
2020-06-08 18:00:00+00:00,0.008860886096954346,39.56462860107422,2.1942919718348644,39.563377380371094
2020-06-09 00:00:00+00:00,0.0027318596839904785,28.112367630004883,3.099422701583695,28.112262725830078
2020-06-09 06:00:00+00:00,0.016193032264709473,31.54499053955078,2.9042545201549315,31.541040420532227
2020-06-09 12:00:00+00:00,0.05638861656188965,30.848175048828125,3.071152874343852,30.79998207092285
2020-06-09 18:00:00+00:00,0.017473340034484863,29.411540985107422,3.0229965381095703,29.407161712646484
2020-06-10 00:00:00+00:00,0.01129603385925293,131.85198974609375,1.1246114001399825,131.85006713867188
2020-06-10 06:00:00+00:00,0.05780792236328125,32.72024917602539,2.554767528996913,32.67039108276367
2020-06-10 12:00:00+00:00,0.0998086929321289,27.964061737060547,3.2838352083641,27.819557189941406
2020-06-10 18:00:00+00:00,0.029955267906188965,30.274188995361328,2.730153606328382,30.260766983032227
2020-06-11 00:00:00+00:00,0.021115541458129883,29.60498046875,3.144953947915153,29.5985107421875
2020-06-11 06:00:00+00:00,0.05681121349334717,38.8980712890625,2.1473795650718612,38.84952163696289
2020-06-11 12:00:00+00:00,0.05210530757904053,89.54364013671875,1.3981411658394147,89.50106811523438
2020-06-11 18:00:00+00:00,0.06455039978027344,35.51397705078125,2.499230425548085,35.445377349853516
2020-06-12 00:00:00+00:00,0.026516199111938477,90.35453033447266,1.3106201437395835,90.34424591064453
2020-06-12 06:00:00+00:00,0.14610028266906738,30.990816116333008,2.5216631503866056,30.68989372253418
2020-06-12 12:00:00+00:00,0.02558666467666626,205.35000610351562,1.2757911115887874,205.33877563476562
2020-06-12 18:00:00+00:00,0.038794755935668945,27.255800247192383,3.0269321092468093,27.234312057495117
2020-06-13 00:00:00+00:00,0.0447077751159668,57.15220260620117,1.6619761749897404,57.123390197753906
2020-06-13 06:00:00+00:00,0.03926074504852295,34.372161865234375,2.635883936309522,34.348880767822266
2020-06-13 12:00:00+00:00,0.08674275875091553,33.04253387451172,2.5430780572082736,32.93296813964844
2020-06-13 18:00:00+00:00,0.04997730255126953,34.575653076171875,2.5466044146795204,34.5382080078125
2020-06-14 00:00:00+00:00,0.04802656173706055,29.737730026245117,2.5078715417398474,29.704809188842773
2020-06-14 06:00:00+00:00,0.01713252067565918,31.11087417602539,3.232757482448174,31.106353759765625
2020-06-14 12:00:00+00:00,0.029152870178222656,32.92009353637695,2.595050822613448,32.90730667114258
2020-06-14 18:00:00+00:00,0.003470182418823242,38.43975067138672,2.27292529587931,38.43955612182617
2020-06-15 00:00:00+00:00,0.020719170570373535,31.882869720458984,2.6771982471954883,31.876829147338867
2020-06-15 06:00:00+00:00,0.018997490406036377,29.104204177856445,3.0105889843939666,29.098983764648438
2020-06-15 12:00:00+00:00,0.03520077466964722,33.60316848754883,2.669987913833326,33.5850715637207
2020-06-15 18:00:00+00:00,0.008518695831298828,90.06524658203125,1.1666734852951777,90.06401062011719
2020-06-16 00:00:00+00:00,0.013450443744659424,30.9252986907959,2.445442271944771,30.922773361206055
2020-06-16 06:00:00+00:00,0.04793095588684082,28.983142852783203,2.9031410099572774,28.951047897338867
2020-06-16 12:00:00+00:00,0.05326014757156372,35.54429626464844,2.0038557350807196,35.50299835205078
2020-06-16 18:00:00+00:00,0.05123776197433472,30.24259376525879,3.070880085514549,30.20221519470215
2020-06-17 00:00:00+00:00,0.00851905345916748,28.55584716796875,3.0782619737239205,28.554800033569336
2020-06-17 06:00:00+00:00,0.05601698160171509,33.2916259765625,2.850694786526063,33.24211120605469
2020-06-17 12:00:00+00:00,0.05244088172912598,28.706403732299805,3.2569209274165503,28.664838790893555
2020-06-17 18:00:00+00:00,0.004407823085784912,29.632869720458984,3.0038858012608967,29.632577896118164
2020-06-18 00:00:00+00:00,0.03936421871185303,28.837059020996094,2.776442790475071,28.81551742553711
2020-06-18 06:00:00+00:00,0.0001857280731201172,30.693355560302734,2.996005255762327,30.693355560302734
2020-06-18 12:00:00+00:00,0.05187785625457764,29.771127700805664,3.0238090367337485,29.731422424316406
2020-06-18 18:00:00+00:00,0.05194222927093506,32.89618682861328,2.4100077291767006,32.85491943359375
2020-06-19 00:00:00+00:00,0.0039899349212646484,25.469587326049805,2.61914137834689,25.469383239746094
2020-06-19 06:00:00+00:00,0.007710456848144531,29.876501083374023,2.779288243607024,29.875646591186523
2020-06-19 12:00:00+00:00,0.0326920747756958,27.30946159362793,3.0280166874596572,27.294876098632812
2020-06-19 18:00:00+00:00,0.0777442455291748,37.0988883972168,2.2482872765181687,37.00819778442383
2020-06-20 00:00:00+00:00,0.010829329490661621,31.90068244934082,2.2702799306261348,31.899032592773438
2020-06-20 06:00:00+00:00,0.045405030250549316,31.248004913330078,2.337540747166539,31.2188663482666
2020-06-20 12:00:00+00:00,0.018004536628723145,30.181135177612305,2.959157098615175,30.17636489868164
2020-06-20 18:00:00+00:00,0.011685013771057129,33.953163146972656,2.439988684884256,33.951114654541016
2020-06-21 00:00:00+00:00,0.04445427656173706,31.541078567504883,2.6918668599229463,31.51333999633789
2020-06-21 06:00:00+00:00,0.00041484832763671875,34.49336624145508,2.152237767365823,34.49336624145508
2020-06-21 12:00:00+00:00,0.03564637899398804,33.917579650878906,2.918378148598821,33.89774703979492
2020-06-21 18:00:00+00:00,0.008317649364471436,30.457914352416992,2.7751909746769936,30.456893920898438
2020-06-22 00:00:00+00:00,0.008643507957458496,32.25272750854492,2.69749958814458,32.25162124633789
2020-06-22 06:00:00+00:00,0.01474308967590332,33.38583755493164,2.3979071594788395,33.38272476196289
2020-06-22 12:00:00+00:00,0.016470670700073242,30.03325080871582,2.6404769755873474,30.029579162597656
2020-06-22 18:00:00+00:00,0.009266316890716553,29.675132751464844,3.0098555770815785,29.673845291137695
2020-06-23 00:00:00+00:00,0.05274480581283569,34.03314208984375,2.29352726996385,33.99421310424805
2020-06-23 06:00:00+00:00,0.09309834241867065,43.782981872558594,2.1606289217744186,43.64461898803711
2020-06-23 12:00:00+00:00,0.04973125457763672,28.97089385986328,3.0971690777519134,28.935556411743164
2020-06-23 18:00:00+00:00,0.0007044672966003418,33.83467483520508,2.8902149199945164,33.83466339111328
2020-06-24 00:00:00+00:00,0.0527874231338501,26.216073989868164,3.4052595704023108,26.17669105529785
2020-06-24 06:00:00+00:00,0.03748750686645508,76.51016998291016,1.5451603558745783,76.48684692382812
2020-06-24 12:00:00+00:00,0.102169930934906,37.64902114868164,2.310984476991955,37.489376068115234
2020-06-24 18:00:00+00:00,0.0013379454612731934,35.558143615722656,2.484237392599682,35.55811309814453
2020-06-25 00:00:00+00:00,0.08224940299987793,31.111356735229492,2.349228441002677,31.01849365234375
2020-06-25 06:00:00+00:00,0.07175987958908081,31.69471549987793,2.334286161319258,31.621166229248047
2020-06-25 12:00:00+00:00,0.09654968976974487,58.41793441772461,1.721628803666261,58.28002166748047
2020-06-25 18:00:00+00:00,0.0640057921409607,34.00829315185547,2.5702989914001697,33.944618225097656
2020-06-26 00:00:00+00:00,0.0575752854347229,29.072460174560547,2.904317165248385,29.02507209777832
2020-06-26 06:00:00+00:00,0.05792337656021118,36.988121032714844,2.32428655999881,36.93739318847656
2020-06-26 12:00:00+00:00,0.06117469072341919,34.02119827270508,2.695393717472569,33.96677780151367
2020-06-26 18:00:00+00:00,0.03198075294494629,37.208282470703125,2.2532387363668382,37.1929817199707
2020-06-27 00:00:00+00:00,0.06192654371261597,25.6448974609375,2.702975362206847,25.595239639282227
2020-06-27 06:00:00+00:00,0.013667404651641846,26.43073272705078,2.8575859712843608,26.428251266479492
2020-06-27 12:00:00+00:00,0.017261624336242676,27.155071258544922,3.107801198809864,27.151065826416016
2020-06-27 18:00:00+00:00,0.006642699241638184,30.08426856994629,2.597989743060032,30.08362579345703
2020-06-28 00:00:00+00:00,0.036666810512542725,25.407917022705078,3.1622922657431345,25.390336990356445
2020-06-28 06:00:00+00:00,0.0014960169792175293,30.175392150878906,2.3873514524701136,30.175363540649414
2020-06-28 12:00:00+00:00,0.0365903377532959,38.2788200378418,2.179993740250429,38.26105499267578
2020-06-28 18:00:00+00:00,0.008194565773010254,30.227561950683594,2.930855330245579,30.226577758789062
2020-06-29 00:00:00+00:00,0.021782636642456055,27.477079391479492,2.6176970288887835,27.470930099487305
2020-06-29 06:00:00+00:00,0.005794644355773926,34.379085540771484,2.377814308661429,34.378604888916016
2020-06-29 12:00:00+00:00,0.11298596858978271,30.16291046142578,2.384508183799441,29.99871253967285
2020-06-29 18:00:00+00:00,0.07643210887908936,27.579063415527344,2.9631163296722516,27.49642562866211
2020-06-30 00:00:00+00:00,0.06789624691009521,26.14321517944336,3.2590269129342686,26.08193016052246
2020-06-30 06:00:00+00:00,0.06874394416809082,34.49937057495117,2.1273422454172226,34.433475494384766
2020-06-30 12:00:00+00:00,0.16022372245788574,36.76778030395508,2.2307551638125673,36.41670227050781
2020-07-01 12:00:00+00:00,0.043123841285705566,49.94744110107422,1.8647124647691111,49.919677734375
2020-07-02 00:00:00+00:00,0.08232593536376953,30.11100959777832,2.347253732268469,30.01877212524414
2020-07-02 06:00:00+00:00,0.13621604442596436,76.63825988769531,1.4047862276938952,76.33731842041016
2020-07-02 12:00:00+00:00,0.11717557907104492,36.03179931640625,2.1490433957257955,35.83483123779297
2020-07-02 18:00:00+00:00,0.10230839252471924,41.5498046875,2.4075263173174597,41.38698196411133
2020-07-03 00:00:00+00:00,0.11459767818450928,33.41851043701172,2.3386174741989056,33.24052429199219
2020-07-03 06:00:00+00:00,0.10840678215026855,36.86626052856445,2.3605771757188823,36.69635009765625
2020-07-03 12:00:00+00:00,0.1450585126876831,32.36024475097656,2.7311221562748007,32.074073791503906
2020-07-03 18:00:00+00:00,0.09919202327728271,33.910667419433594,2.734944745068976,33.758846282958984
2020-07-04 00:00:00+00:00,0.08428478240966797,27.36420249938965,3.0180139996194786,27.269880294799805
2020-07-04 06:00:00+00:00,0.05171525478363037,69.75904846191406,1.5754596364823303,69.71961212158203
2020-07-04 12:00:00+00:00,0.12435567378997803,58.84882354736328,1.5256167217478567,58.634925842285156
2020-07-04 18:00:00+00:00,0.048699259757995605,31.17976188659668,2.7118191127345215,31.14434051513672
2020-07-05 00:00:00+00:00,0.08240842819213867,25.3917293548584,3.0080547613659148,25.308427810668945
2020-07-05 06:00:00+00:00,0.07262587547302246,29.84217071533203,2.7623040765323252,29.76731300354004
2020-07-05 12:00:00+00:00,0.08135128021240234,26.5112361907959,2.921024098425704,26.422752380371094
2020-07-05 18:00:00+00:00,0.048270344734191895,78.2683334350586,1.43961498418748,78.23336029052734
2020-07-06 00:00:00+00:00,0.048082947731018066,22.317079544067383,3.1911356123065358,22.289682388305664
2020-07-06 06:00:00+00:00,0.10885155200958252,27.681257247924805,3.0576790053365768,27.52031707763672
2020-07-06 12:00:00+00:00,0.09659707546234131,28.973764419555664,2.491520009393245,28.851823806762695
2020-07-06 18:00:00+00:00,0.06833064556121826,29.480846405029297,2.9513314278419207,29.41208839416504
2020-07-07 00:00:00+00:00,0.027110695838928223,26.526737213134766,3.0390103837174283,26.517162322998047
2020-07-07 06:00:00+00:00,0.04401504993438721,28.232681274414062,2.932267228369953,28.206783294677734
2020-07-07 12:00:00+00:00,0.09225916862487793,25.856468200683594,3.1171700537517,25.743465423583984
2020-07-07 18:00:00+00:00,0.09874963760375977,32.140995025634766,2.65905509597627,31.993778228759766
2020-07-08 00:00:00+00:00,0.10392701625823975,25.877817153930664,3.1953561114534006,25.73456573486328
2020-07-08 06:00:00+00:00,0.0880730152130127,29.62885284423828,2.6735044708890245,29.5211181640625
2020-07-08 12:00:00+00:00,0.13484430313110352,27.898828506469727,2.7697219924456036,27.64902687072754
2020-07-09 00:00:00+00:00,0.12524914741516113,30.870607376098633,2.7500866893299447,30.650976181030273
2020-07-09 06:00:00+00:00,0.1672499179840088,44.272178649902344,2.681280950562553,43.81026840209961
2020-07-09 12:00:00+00:00,0.17058873176574707,67.95855712890625,1.7902183930722229,67.5245361328125
2020-07-09 18:00:00+00:00,0.12708938121795654,35.94208526611328,2.764794973581069,35.691131591796875
2020-07-10 00:00:00+00:00,0.12171542644500732,31.262922286987305,2.649048238070147,31.069578170776367
2020-07-10 06:00:00+00:00,0.15106284618377686,32.22402572631836,2.858219911252768,31.89149284362793
2020-07-10 12:00:00+00:00,0.14285731315612793,33.38319778442383,2.385018523164986,33.103607177734375
2020-07-10 18:00:00+00:00,0.2019578218460083,36.98139953613281,2.7442428999219057,36.34064865112305
2020-07-11 00:00:00+00:00,0.1660013198852539,51.26433181762695,2.1678944937712448,50.842384338378906
2020-07-11 06:00:00+00:00,0.18320703506469727,33.059547424316406,2.7818713619708957,32.584617614746094
2020-07-11 12:00:00+00:00,0.17657804489135742,41.59220886230469,2.153572899397666,41.14034652709961
2020-07-11 18:00:00+00:00,0.18709170818328857,38.46538162231445,2.792823538581307,37.89705276489258
2020-07-12 00:00:00+00:00,0.13599801063537598,29.671031951904297,2.999481265513391,29.410743713378906
2020-07-12 06:00:00+00:00,0.173545241355896,42.37546157836914,2.4041511600495182,41.90426254272461
2020-07-12 12:00:00+00:00,0.1951584815979004,31.59650993347168,2.661045104101864,31.05419158935547
2020-07-12 18:00:00+00:00,0.17381060123443604,38.77992248535156,2.3997014935187746,38.297279357910156
2020-07-13 00:00:00+00:00,0.12677061557769775,29.823654174804688,2.5249497366408935,29.599193572998047
2020-07-13 06:00:00+00:00,0.15288448333740234,31.766613006591797,2.794186975304927,31.42127227783203
2020-07-13 12:00:00+00:00,0.21062898635864258,29.802526473999023,2.825352566659694,29.16020393371582
2020-07-13 18:00:00+00:00,0.1476043462753296,33.65085983276367,2.4513856243945416,33.318687438964844
2020-07-14 00:00:00+00:00,0.12318229675292969,30.610088348388672,2.3228943208646786,30.39859962463379
2020-07-14 06:00:00+00:00,0.12672746181488037,30.313135147094727,2.6974010586212294,30.08167839050293
2020-07-14 12:00:00+00:00,0.16222608089447021,30.031757354736328,2.6004139520699194,29.668357849121094
2020-07-14 18:00:00+00:00,0.14942491054534912,33.97932052612305,2.9341026549530973,33.62868881225586
2020-07-15 00:00:00+00:00,0.11684668064117432,32.6018180847168,2.507576726586323,32.40571975708008
2020-07-15 06:00:00+00:00,0.1928318738937378,41.716224670410156,2.0627053194487104,41.15279006958008
2020-07-15 12:00:00+00:00,0.16625261306762695,30.036645889282227,2.858155057242543,29.64134407043457
2020-07-15 18:00:00+00:00,0.11776769161224365,32.61085891723633,2.3437247736608477,32.40536117553711
2020-07-16 00:00:00+00:00,0.15399348735809326,112.94010162353516,0.7884141970820547,112.610595703125
2020-07-16 06:00:00+00:00,0.10461878776550293,43.898834228515625,1.7948333117134692,43.73832321166992
2020-07-16 12:00:00+00:00,0.0782843828201294,74.88384246826172,0.9873127815942678,74.8016128540039
2020-07-16 18:00:00+00:00,0.08039689064025879,28.315452575683594,3.160203280568183,28.223087310791016
2020-07-17 00:00:00+00:00,0.11701369285583496,28.259197235107422,2.5976504883222358,28.077064514160156
2020-07-17 06:00:00+00:00,0.112265944480896,30.96582794189453,2.658817136128549,30.77661895751953
2020-07-17 12:00:00+00:00,0.14014315605163574,33.58464431762695,2.440913488707253,33.30327224731445
2020-07-17 18:00:00+00:00,0.10116112232208252,33.57112121582031,2.549140985720573,33.4152717590332
2020-07-18 00:00:00+00:00,0.07669484615325928,30.232255935668945,2.607372006415486,30.152559280395508
2020-07-18 06:00:00+00:00,0.13944733142852783,43.82121658325195,1.9707692256600793,43.52511215209961
2020-07-18 12:00:00+00:00,0.08866488933563232,32.203155517578125,2.509141356045729,32.091312408447266
2020-07-18 18:00:00+00:00,0.09404325485229492,33.09749984741211,2.583600265819881,32.96355056762695
2020-07-19 00:00:00+00:00,0.1340733766555786,28.133983612060547,3.0816875062372215,27.88779640197754
2020-07-19 06:00:00+00:00,0.13892364501953125,45.015968322753906,1.9853765612086463,44.7176513671875
2020-07-19 12:00:00+00:00,0.06443548202514648,25.988847732543945,3.243137153006537,25.932533264160156
2020-07-19 18:00:00+00:00,0.14767050743103027,32.78938674926758,3.1315956323108605,32.43052673339844
2020-07-21 00:00:00+00:00,0.21570074558258057,39.42872619628906,2.3154508445877164,38.778907775878906
2020-07-21 06:00:00+00:00,0.2016662359237671,74.01768493652344,1.6811512754590463,73.3399887084961
2020-07-21 12:00:00+00:00,0.20241189002990723,29.310970306396484,2.907640977724286,28.754131317138672
2020-07-21 18:00:00+00:00,0.22765374183654785,28.027814865112305,3.237955398463278,27.303367614746094
2020-07-22 00:00:00+00:00,0.1684030294418335,101.61005401611328,1.202982434074286,101.23103332519531
2020-07-22 06:00:00+00:00,0.11412918567657471,32.945518493652344,2.836931650225044,32.743900299072266
2020-07-22 12:00:00+00:00,0.12565457820892334,31.869070053100586,2.0734498602252973,31.66094398498535
2020-07-22 18:00:00+00:00,0.1304011344909668,31.012706756591797,2.8427580752745305,30.759571075439453
2020-07-23 00:00:00+00:00,0.062107205390930176,35.49335861206055,2.1289492504652463,35.43829345703125
2020-07-23 06:00:00+00:00,0.04873239994049072,32.06407165527344,2.6441625044531434,32.03080749511719
2020-07-23 12:00:00+00:00,0.04002392292022705,29.613740921020508,2.9024121606129323,29.592411041259766
2020-07-23 18:00:00+00:00,0.053923964500427246,63.57466125488281,1.6349257752890671,63.53013610839844
2020-07-24 00:00:00+00:00,0.0632861852645874,32.69188690185547,2.2290808129163953,32.63521957397461
2020-07-24 06:00:00+00:00,0.018825292587280273,64.78325653076172,1.362824394976003,64.77796936035156
2020-07-24 12:00:00+00:00,0.027162909507751465,36.286659240722656,2.259270129275601,36.27629852294922
2020-07-24 18:00:00+00:00,0.01530468463897705,133.39703369140625,1.0873028617914096,133.3928985595703
2020-07-25 00:00:00+00:00,0.04241323471069336,35.187347412109375,2.321139374024631,35.1598014831543
2020-07-25 06:00:00+00:00,0.08797740936279297,36.67235565185547,2.1880649369329,36.553260803222656
2020-07-25 12:00:00+00:00,0.07768094539642334,28.369272232055664,2.7770324514535245,28.286317825317383
2020-07-25 18:00:00+00:00,0.06346797943115234,38.05889892578125,2.2492390515346585,37.99552917480469
2020-07-26 00:00:00+00:00,0.06487035751342773,28.004941940307617,2.6621696678763525,27.94876480102539
2020-07-26 06:00:00+00:00,0.07818806171417236,34.0576286315918,2.604663909398785,33.96712112426758
2020-07-26 12:00:00+00:00,0.11611759662628174,30.279483795166016,2.6853205803358344,30.099483489990234
2020-07-26 18:00:00+00:00,0.11441278457641602,34.236629486083984,2.952601170701751,34.02916717529297
2020-07-27 00:00:00+00:00,0.059615254402160645,30.479835510253906,2.691086173338675,30.431514739990234
2020-07-27 06:00:00+00:00,0.09360396862030029,44.87358474731445,1.7404909169077647,44.74074935913086
2020-07-27 12:00:00+00:00,0.06138193607330322,345.0954284667969,0.8762327908130081,345.0296630859375
2020-07-27 18:00:00+00:00,0.1345895528793335,37.975196838378906,2.6327604561678,37.69657516479492
2020-07-28 00:00:00+00:00,0.1574946641921997,33.47258758544922,2.3459112067273913,33.132389068603516
2020-07-28 06:00:00+00:00,0.06063425540924072,124.57453918457031,1.0215782400166253,124.51322174072266
2020-07-28 12:00:00+00:00,0.15024757385253906,36.234466552734375,2.2995073555851624,35.915283203125
2020-07-28 18:00:00+00:00,0.16062307357788086,37.74057388305664,2.5100699098060133,37.33391571044922
2020-07-29 00:00:00+00:00,0.17575836181640625,57.5161018371582,1.567266072790392,57.07057189941406
2020-07-29 06:00:00+00:00,0.16453945636749268,36.805233001708984,2.3362023960962905,36.40717697143555
2020-07-29 18:00:00+00:00,0.16581809520721436,32.78548049926758,2.429429179957664,32.3797492980957
2020-07-30 00:00:00+00:00,0.21114659309387207,34.01789855957031,2.6563015618898227,33.41169357299805
2020-07-30 06:00:00+00:00,0.1795365810394287,31.290536880493164,2.9733075886507985,30.825775146484375
2020-07-30 12:00:00+00:00,0.19424426555633545,35.88273620605469,2.2749553641513023,35.37198257446289
2020-07-30 18:00:00+00:00,0.20338046550750732,40.68993377685547,2.5756557098588635,40.04759979248047
2020-07-31 00:00:00+00:00,0.24640965461730957,34.0313720703125,2.7554446814665594,33.17469787597656
2020-07-31 06:00:00+00:00,0.22557389736175537,37.135047912597656,2.3898531969751353,36.34619140625
2020-07-31 12:00:00+00:00,0.27999722957611084,42.334110260009766,2.3078748157165343,41.230804443359375
2020-07-31 18:00:00+00:00,0.29676008224487305,43.29941940307617,2.4575566418234507,41.882225036621094
2020-08-01 00:00:00+00:00,0.20070862770080566,129.9431610107422,0.9560152390179325,129.34278869628906
2020-08-01 06:00:00+00:00,0.24684810638427734,41.648597717285156,2.425522085601581,40.710330963134766
2020-08-01 12:00:00+00:00,0.32850444316864014,72.5763931274414,2.152953782766687,70.8776626586914
2020-08-01 18:00:00+00:00,0.2298344373703003,32.30017852783203,2.764107767365723,31.513900756835938
2020-08-02 00:00:00+00:00,0.2031564712524414,24.399885177612305,3.3232311700648247,23.877662658691406
2020-08-02 06:00:00+00:00,0.25477099418640137,36.97343063354492,2.9179847914455204,35.96493148803711
2020-08-02 12:00:00+00:00,0.2544546127319336,26.741939544677734,2.968284802271178,25.941688537597656
2020-08-02 18:00:00+00:00,0.28351330757141113,44.525020599365234,2.411642581103286,43.24496841430664
2020-08-03 00:00:00+00:00,0.042549967765808105,677.0794677734375,0.5976370078699165,677.0482788085938
2020-08-03 06:00:00+00:00,0.24951064586639404,79.52376556396484,1.8265501559010762,78.40950012207031
2020-08-03 12:00:00+00:00,0.20533275604248047,31.927793502807617,2.692629127505092,31.335933685302734
2020-08-03 18:00:00+00:00,0.2546135187149048,187.5130157470703,1.239092637928556,186.46524047851562
2020-08-04 00:00:00+00:00,0.15108156204223633,23.818561553955078,3.620827330456163,23.52398109436035
2020-08-04 06:00:00+00:00,0.08173644542694092,27.327966690063477,3.078460395059365,27.235252380371094
2020-08-04 12:00:00+00:00,0.16377007961273193,33.420509338378906,2.699953599329328,33.033966064453125
2020-08-04 18:00:00+00:00,0.1243746280670166,26.378604888916016,3.5938310789021446,26.15248680114746
2020-08-05 00:00:00+00:00,0.1191021203994751,24.25069808959961,3.309180689227027,24.06926918029785
2020-08-05 06:00:00+00:00,0.050421714782714844,26.20063018798828,3.4289980352086866,26.16641616821289
2020-08-05 12:00:00+00:00,0.06630992889404297,26.031723022460938,3.4384206043085124,25.970041275024414
2020-08-05 18:00:00+00:00,0.09717273712158203,30.08515167236328,2.9789247926472218,29.940561294555664
2020-08-06 00:00:00+00:00,0.08143258094787598,30.22958755493164,2.992798309249126,30.133548736572266
2020-08-06 06:00:00+00:00,0.1175689697265625,31.620521545410156,3.0807898547016146,31.412128448486328
2020-08-06 12:00:00+00:00,0.09282004833221436,23.20752716064453,3.501984667143562,23.10114288330078
2020-08-06 18:00:00+00:00,0.015860021114349365,270.21063232421875,1.240505562480017,270.20611572265625
2020-08-07 00:00:00+00:00,0.05874300003051758,24.015174865722656,3.203234871235556,23.972434997558594
2020-08-07 06:00:00+00:00,0.08185064792633057,37.93504333496094,2.688567501288161,37.8304443359375
2020-08-07 12:00:00+00:00,0.06429827213287354,99.28173828125,1.686846571448629,99.21859741210938
2020-08-07 18:00:00+00:00,0.10495436191558838,29.412944793701172,3.1579781733559535,29.247568130493164
2020-08-08 00:00:00+00:00,0.12743091583251953,109.2109146118164,1.1471866712151668,108.95494079589844
2020-08-08 06:00:00+00:00,0.20983433723449707,36.714962005615234,2.761315413410151,36.07207489013672
2020-08-08 12:00:00+00:00,0.13898956775665283,29.58125877380371,2.8767886098647084,29.318178176879883
2020-08-08 18:00:00+00:00,0.18342602252960205,34.47900390625,3.0804060384371557,33.951393127441406
2020-08-09 00:00:00+00:00,0.18507516384124756,83.61947631835938,1.468922099449434,83.08487701416016
2020-08-09 06:00:00+00:00,0.1508392095565796,33.763519287109375,3.165007122960247,33.396488189697266
2020-08-09 12:00:00+00:00,0.22677457332611084,32.926780700683594,2.601245909987389,32.23975372314453
2020-08-09 18:00:00+00:00,0.17145776748657227,40.7999153137207,2.224502389887122,40.35606002807617
2020-08-10 00:00:00+00:00,0.16862142086029053,37.80718994140625,2.1646652932867743,37.40059280395508
2020-08-10 06:00:00+00:00,0.20363032817840576,40.07686996459961,2.7699871865285246,39.41828536987305
2020-08-10 12:00:00+00:00,0.17206549644470215,113.85523986816406,1.1953754594090327,113.38685607910156
2020-08-10 18:00:00+00:00,0.18880176544189453,54.48114776611328,2.0841450915303907,53.86859130859375
2020-08-11 00:00:00+00:00,0.15461015701293945,35.51795196533203,2.61524548242279,35.184478759765625
2020-08-11 06:00:00+00:00,0.155379056930542,45.8939094543457,2.3119939936838607,45.5009880065918
2020-08-11 12:00:00+00:00,0.22236013412475586,34.34312057495117,2.585460314065797,33.59642028808594
2020-08-11 18:00:00+00:00,0.17266082763671875,39.448760986328125,2.1516025616531063,38.98621368408203
2020-08-12 00:00:00+00:00,0.16020047664642334,36.601951599121094,2.6486618304952496,36.23994445800781
2020-08-12 06:00:00+00:00,0.16323506832122803,36.59685134887695,2.639780672594541,36.19169235229492
2020-08-12 12:00:00+00:00,0.23095953464508057,39.54368209838867,2.395603623573965,38.76681137084961
2020-08-12 18:00:00+00:00,0.21156656742095947,38.74710464477539,2.247402761833381,38.03473663330078
2020-08-13 00:00:00+00:00,0.20282220840454102,35.581451416015625,2.196559776539507,35.010013580322266
2020-08-13 06:00:00+00:00,0.174735426902771,39.472389221191406,2.7840224740119397,38.991268157958984
2020-08-13 12:00:00+00:00,0.17612195014953613,32.113224029541016,2.629808235626019,31.694623947143555
2020-08-13 18:00:00+00:00,0.16582512855529785,34.84056091308594,2.937592741521733,34.401981353759766
2020-08-14 00:00:00+00:00,0.13879680633544922,57.7528190612793,1.642112130204421,57.48090744018555
2020-08-14 06:00:00+00:00,0.17126035690307617,31.770029067993164,2.5054225711965987,31.3460750579834
2020-08-14 12:00:00+00:00,0.17010283470153809,31.71332359313965,2.789888634886978,31.30469512939453
2020-08-14 18:00:00+00:00,0.09818160533905029,36.26557922363281,2.4771806012432296,36.11503601074219
2020-08-15 00:00:00+00:00,0.1559218168258667,27.337448120117188,2.936903013498597,27.022790908813477
2020-08-15 06:00:00+00:00,0.13982033729553223,52.60663986206055,1.8272112411242099,52.2947883605957
2020-08-15 12:00:00+00:00,0.13647353649139404,231.29275512695312,0.8235243315878501,230.9691162109375
2020-08-15 18:00:00+00:00,0.1886909008026123,44.940181732177734,2.2556794182664404,44.36286926269531
2020-08-16 00:00:00+00:00,0.11489212512969971,29.035490036010742,2.375228776090523,28.87283706665039
2020-08-16 06:00:00+00:00,0.1542445421218872,70.79016876220703,1.5713403328762021,70.40658569335938
2020-08-16 12:00:00+00:00,0.16311097145080566,33.61827850341797,2.344495282794292,33.26954650878906
2020-08-16 18:00:00+00:00,0.15158212184906006,45.32918930053711,2.026714517685892,44.955902099609375
2020-08-17 00:00:00+00:00,0.12230050563812256,25.88905143737793,3.003955671309112,25.700700759887695
2020-08-17 06:00:00+00:00,0.1431889533996582,31.892887115478516,2.6477060914901878,31.598651885986328
2020-08-17 12:00:00+00:00,0.20335960388183594,44.01387405395508,2.037033149157469,43.41371536254883
2020-08-17 18:00:00+00:00,0.18709206581115723,42.73313903808594,2.5011925642303394,42.15690994262695
2020-08-18 00:00:00+00:00,0.12826800346374512,28.060089111328125,2.523023353686856,27.849056243896484
2020-08-18 06:00:00+00:00,0.16225409507751465,28.955360412597656,3.3456839418824416,28.572721481323242
2020-08-18 12:00:00+00:00,0.21459829807281494,33.17974853515625,2.0461183246717605,32.57926940917969
2020-08-18 18:00:00+00:00,0.18435657024383545,34.21369934082031,2.818374793515469,33.70597457885742
2020-08-19 00:00:00+00:00,0.11054730415344238,77.61433410644531,1.2874771910874874,77.46282958984375
2020-08-19 06:00:00+00:00,0.14412426948547363,27.174819946289062,2.683783853184872,26.905258178710938
2020-08-19 12:00:00+00:00,0.2122892141342163,27.088151931762695,3.076523996502964,26.478580474853516
2020-08-19 18:00:00+00:00,0.21764302253723145,31.360979080200195,2.9620477522564266,30.64982032775879
2020-08-20 00:00:00+00:00,0.127449631690979,29.8167724609375,2.460153776353264,29.605554580688477
2020-08-20 06:00:00+00:00,0.19996178150177002,40.7131233215332,1.7920945397140167,40.16020584106445
2020-08-20 12:00:00+00:00,0.18900930881500244,35.39394760131836,1.8584133459555874,34.93803787231445
2020-08-20 18:00:00+00:00,0.18524086475372314,32.45287322998047,2.849347392164656,31.938201904296875
2020-08-21 00:00:00+00:00,0.1879667043685913,30.748748779296875,2.198615859975494,30.28986930847168
2020-08-21 06:00:00+00:00,0.20283007621765137,30.836360931396484,3.053119201512653,30.243494033813477
2020-08-21 18:00:00+00:00,0.17874717712402344,31.40966796875,2.5360047954036387,30.94816780090332
2020-08-22 00:00:00+00:00,0.13090181350708008,31.130895614624023,2.5553548533689625,30.914709091186523
2020-08-22 06:00:00+00:00,0.19346535205841064,34.698917388916016,2.8103375275064137,34.162723541259766
2020-08-22 12:00:00+00:00,0.17742490768432617,29.959903717041016,2.772606841269166,29.548246383666992
2020-08-22 18:00:00+00:00,0.1317296028137207,37.714298248291016,2.711947116681494,37.45265197753906
2020-08-23 00:00:00+00:00,0.15050232410430908,28.53734588623047,2.718108415901392,28.25733757019043
2020-08-23 06:00:00+00:00,0.20572173595428467,41.72186279296875,2.3194944799373713,41.08213806152344
2020-08-23 12:00:00+00:00,0.19587385654449463,26.28207015991211,3.005757089086967,25.80986976623535
2020-08-23 18:00:00+00:00,0.14647126197814941,32.79800033569336,2.5005259063904934,32.47355270385742
2020-08-24 00:00:00+00:00,0.15468907356262207,29.788005828857422,2.571002914176004,29.462800979614258
2020-08-24 06:00:00+00:00,0.1587667465209961,33.681968688964844,2.5612978269304585,33.3165283203125
2020-08-24 12:00:00+00:00,0.19018793106079102,29.632661819458008,2.6929565047657955,29.160646438598633
2020-08-24 18:00:00+00:00,0.15538442134857178,33.35661697387695,2.754212307744047,33.00105667114258
2020-08-25 00:00:00+00:00,0.18427562713623047,32.81241989135742,2.7277597662491138,32.33134460449219
2020-08-25 06:00:00+00:00,0.16134440898895264,33.33209228515625,2.860873115157334,32.94658279418945
2020-08-25 12:00:00+00:00,0.15095901489257812,33.21302032470703,2.0283594847167397,32.90986251831055
2020-08-25 18:00:00+00:00,0.17291259765625,37.21597671508789,2.5464353109196143,36.74848175048828
2020-08-26 00:00:00+00:00,0.10499489307403564,34.16691970825195,2.2615999958480866,34.01441192626953
2020-08-26 06:00:00+00:00,0.1402420997619629,33.19993209838867,2.6614391693600488,32.91575241088867
2020-08-26 12:00:00+00:00,0.15119218826293945,28.828264236450195,2.629708138958659,28.52789306640625
2020-08-26 18:00:00+00:00,0.19222545623779297,40.78294372558594,2.387492944578414,40.19584655761719
2020-08-27 00:00:00+00:00,0.1390014886856079,31.33308982849121,2.8698409037910215,31.055112838745117
2020-08-27 06:00:00+00:00,0.1579751968383789,30.176637649536133,2.7678278711821562,29.820987701416016
2020-08-27 12:00:00+00:00,0.1939758062362671,38.60053253173828,2.0172082374042044,38.08002853393555
2020-08-27 18:00:00+00:00,0.21304857730865479,40.64151382446289,1.9667376699302659,39.936405181884766
2020-08-28 00:00:00+00:00,0.2151491641998291,43.3142204284668,1.9326256061012241,42.641666412353516
2020-08-28 06:00:00+00:00,0.19782042503356934,32.47169876098633,2.8291167514647624,31.90382957458496
2020-08-28 12:00:00+00:00,0.19662928581237793,50.92424392700195,1.6909947334418702,50.38109588623047
2020-08-28 18:00:00+00:00,0.17209160327911377,34.56528854370117,2.7045504451313094,34.12273025512695
2020-08-29 00:00:00+00:00,0.18813908100128174,34.42536544799805,1.9456488776130332,33.94297409057617
2020-08-29 06:00:00+00:00,0.22549974918365479,34.03134536743164,3.011892568001638,33.249237060546875
2020-08-29 12:00:00+00:00,0.22735381126403809,33.916683197021484,2.4571011838973957,33.20318603515625
2020-08-29 18:00:00+00:00,0.23771989345550537,70.70096588134766,1.4765927983736302,69.78282165527344
2020-08-30 00:00:00+00:00,0.23252511024475098,37.77997589111328,2.4806327637842323,37.009681701660156
2020-08-30 06:00:00+00:00,0.2656606435775757,33.934139251708984,3.0780887556976166,32.834716796875
2020-08-30 12:00:00+00:00,0.3386491537094116,40.705020904541016,2.468987671945385,39.078250885009766
2020-08-30 18:00:00+00:00,0.2852816581726074,38.30707550048828,2.786589000516849,37.022300720214844
2020-08-31 00:00:00+00:00,0.250751256942749,32.78561782836914,2.747777735563561,31.927915573120117
2020-08-31 06:00:00+00:00,0.24480175971984863,31.17224884033203,2.706347433023294,30.319852828979492
2020-08-31 12:00:00+00:00,0.28530752658843994,28.964763641357422,3.0516782899899244,27.864931106567383
2020-08-31 18:00:00+00:00,0.27190399169921875,34.56489944458008,3.161434953345253,33.36442947387695
2020-09-01 00:00:00+00:00,0.2166438102722168,31.310270309448242,3.0772082182757567,30.623743057250977
2020-09-01 06:00:00+00:00,0.2697101831436157,36.87834548950195,2.5850830674253418,35.73884582519531
2020-09-01 12:00:00+00:00,0.16737139225006104,32.2208366394043,2.4636498342305915,31.829984664916992
2020-09-01 18:00:00+00:00,0.21537518501281738,30.495851516723633,3.2846289480557593,29.802061080932617
2020-09-02 00:00:00+00:00,0.12146270275115967,28.4816837310791,3.0369812325638863,28.279666900634766
2020-09-02 06:00:00+00:00,0.13980960845947266,30.428852081298828,2.6637012034660703,30.151309967041016
2020-09-02 12:00:00+00:00,0.11135578155517578,24.361038208007812,3.1499188267497735,24.199630737304688
2020-09-02 18:00:00+00:00,0.13500547409057617,25.146377563476562,3.3438594165857554,24.901931762695312
2020-09-03 00:00:00+00:00,0.12638187408447266,26.457670211791992,3.0867681517185246,26.240644454956055
2020-09-03 06:00:00+00:00,0.038645386695861816,31.770227432250977,2.8052711918928837,31.74811363220215
2020-09-03 12:00:00+00:00,0.1263941526412964,22.994951248168945,3.1634846377870876,22.796817779541016
2020-09-03 18:00:00+00:00,0.0642392635345459,27.12587547302246,2.9126305894877036,27.06847381591797
2020-09-04 00:00:00+00:00,0.02069079875946045,31.69684600830078,2.4754778845618755,31.69094467163086
2020-09-04 06:00:00+00:00,0.08609664440155029,28.357114791870117,3.167234620744511,28.249061584472656
2020-09-04 12:00:00+00:00,0.10250163078308105,25.088172912597656,3.116020442062319,24.953601837158203
2020-09-04 18:00:00+00:00,0.1120673418045044,26.621789932250977,3.1858215520501076,26.45374870300293
2020-09-05 00:00:00+00:00,0.12941372394561768,24.25041389465332,3.3839544403926523,24.03156280517578
2020-09-05 06:00:00+00:00,0.03841555118560791,27.108264923095703,2.8917819342408713,27.08779525756836
2020-09-05 12:00:00+00:00,0.12399923801422119,26.299222946166992,2.96800891650825,26.10741424560547
2020-09-05 18:00:00+00:00,0.1316375732421875,23.63030433654785,3.426673522928998,23.40411949157715
2020-09-06 00:00:00+00:00,0.1344970464706421,36.34224319458008,1.9704105466432598,36.1080207824707
2020-09-06 06:00:00+00:00,0.11529719829559326,28.442119598388672,2.9068838265221597,28.262861251831055
2020-09-06 12:00:00+00:00,0.08543097972869873,24.43497085571289,3.3409555775549724,24.343666076660156
2020-09-06 18:00:00+00:00,0.14833009243011475,27.9035587310791,3.0569596864338324,27.609886169433594
2020-09-07 00:00:00+00:00,0.18212449550628662,51.805816650390625,1.735703392109112,51.32173538208008
2020-09-07 06:00:00+00:00,0.17050409317016602,29.82526397705078,2.86797890503395,29.409372329711914
2020-09-07 12:00:00+00:00,0.1488642692565918,26.077062606811523,2.9062024302447647,25.80344581604004
2020-09-07 18:00:00+00:00,0.11652481555938721,29.787446975708008,2.7775986054911144,29.60057830810547
2020-09-08 00:00:00+00:00,0.10776698589324951,22.960432052612305,3.1267302784658493,22.81714630126953
2020-09-08 06:00:00+00:00,0.12464368343353271,26.16460418701172,2.8993349164824926,25.961633682250977
2020-09-08 12:00:00+00:00,0.15744447708129883,24.448463439941406,3.1833494639699023,24.144023895263672
2020-09-08 18:00:00+00:00,0.13698077201843262,28.00770378112793,3.0183327179876636,27.7498779296875
2020-09-09 00:00:00+00:00,0.15295708179473877,28.666706085205078,2.735745996844369,28.359495162963867
2020-09-09 06:00:00+00:00,0.12828540802001953,31.504919052124023,2.778901223320677,31.27172088623047
2020-09-09 12:00:00+00:00,0.13946807384490967,28.03129768371582,2.7398378639315175,27.78122329711914
2020-09-09 18:00:00+00:00,0.1664113998413086,35.66498565673828,2.64540740031197,35.24082565307617
2020-09-10 00:00:00+00:00,0.1672724485397339,31.14736557006836,2.370173825199248,30.799673080444336
2020-09-10 06:00:00+00:00,0.16949379444122314,33.373931884765625,2.7893809995934986,32.940162658691406
2020-09-10 12:00:00+00:00,0.1912156343460083,36.41517639160156,2.3606178326826543,35.92300796508789
2020-09-10 18:00:00+00:00,0.1604710817337036,34.39573669433594,2.5732973428342856,34.02434539794922
2020-09-11 00:00:00+00:00,0.14418041706085205,30.310874938964844,2.552463410025106,30.040760040283203
2020-09-11 06:00:00+00:00,0.19145405292510986,42.855960845947266,2.4107422156913465,42.26657485961914
2020-09-11 12:00:00+00:00,0.21938848495483398,31.977962493896484,2.5335080004478185,31.361446380615234
2020-09-11 18:00:00+00:00,0.20141851902008057,43.12974166870117,2.1599415620557796,42.49542236328125
2020-09-12 00:00:00+00:00,0.16865801811218262,34.18478012084961,2.2848410634490524,33.77778625488281
2020-09-12 06:00:00+00:00,0.16787362098693848,36.02030563354492,2.371452477742555,35.58460998535156
2020-09-12 12:00:00+00:00,0.11051499843597412,37.15694046020508,2.3736091581362944,36.97520446777344
2020-09-12 18:00:00+00:00,0.13207924365997314,44.57406997680664,2.0503687429696575,44.2967643737793
2020-09-13 00:00:00+00:00,0.2364826202392578,37.99312973022461,2.3169830313668,37.13970184326172
2020-09-13 06:00:00+00:00,0.1483389139175415,84.82653045654297,1.4598479645251272,84.45744323730469
2020-09-13 12:00:00+00:00,0.13806521892547607,37.33619689941406,2.5214056777588745,37.04053497314453
2020-09-13 18:00:00+00:00,0.17276644706726074,41.54891586303711,2.5692374463641396,41.04063034057617
2020-09-14 00:00:00+00:00,0.20053577423095703,43.72526550292969,2.3290613576936616,43.0874137878418
2020-09-14 06:00:00+00:00,0.1928403377532959,42.905704498291016,2.632964291235216,42.31828308105469
2020-09-14 12:00:00+00:00,0.1502770185470581,40.866756439208984,2.060807854910986,40.539466857910156
2020-09-14 18:00:00+00:00,0.16614246368408203,41.47303009033203,2.241016900010292,41.00673294067383
2020-09-15 00:00:00+00:00,0.13677632808685303,33.72505187988281,2.5258540599548,33.45314025878906
2020-09-15 06:00:00+00:00,0.22925889492034912,41.210784912109375,2.493697307265847,40.381019592285156
2020-09-15 12:00:00+00:00,0.19988417625427246,34.32620620727539,2.662469779600145,33.72901916503906
2020-09-15 18:00:00+00:00,0.17430341243743896,40.11331558227539,2.647549924133013,39.611351013183594
2020-09-16 00:00:00+00:00,0.1765153408050537,35.62056350708008,2.974459705150555,35.139312744140625
2020-09-16 06:00:00+00:00,0.19015824794769287,38.976646423339844,2.599000443672013,38.405818939208984
2020-09-16 12:00:00+00:00,0.17776882648468018,33.694541931152344,2.798501245059165,33.2291374206543
2020-09-16 18:00:00+00:00,0.15943074226379395,38.281009674072266,2.670232553491717,37.8585090637207
2020-09-17 00:00:00+00:00,0.18413281440734863,30.069480895996094,2.9453179625036707,29.578418731689453
2020-09-17 06:00:00+00:00,0.2609734535217285,40.01972579956055,2.7005929901587558,38.90184020996094
2020-09-17 12:00:00+00:00,0.2006974220275879,37.044639587402344,2.6022342710384008,36.431495666503906
2020-09-17 18:00:00+00:00,0.22309362888336182,42.615638732910156,2.5251649372231504,41.73418045043945
2020-09-18 00:00:00+00:00,0.1320887804031372,55.36846160888672,1.8571799173354275,55.07834243774414
2020-09-18 06:00:00+00:00,0.18491852283477783,48.18478775024414,2.264202404610695,47.562232971191406
2020-09-18 12:00:00+00:00,0.1825580596923828,42.625972747802734,2.2629951555180647,42.10162353515625
2020-09-18 18:00:00+00:00,0.16916322708129883,40.1839485168457,2.655706944888884,39.69015121459961
2020-09-19 00:00:00+00:00,0.10631585121154785,29.186941146850586,2.626234617373308,29.030778884887695
2020-09-19 06:00:00+00:00,0.14530682563781738,42.022735595703125,2.5062789680173503,41.68207931518555
2020-09-19 12:00:00+00:00,0.15870797634124756,37.10642623901367,2.494248731756018,36.74475860595703
2020-09-19 18:00:00+00:00,0.12469601631164551,38.25688934326172,2.280387191916101,38.00142288208008
2020-09-20 00:00:00+00:00,0.13666784763336182,35.71487045288086,2.5433672146315454,35.42106628417969
2020-09-20 06:00:00+00:00,0.20651257038116455,42.286643981933594,1.8722823283310825,41.62647247314453
2020-09-20 12:00:00+00:00,0.24307799339294434,33.159664154052734,2.675844865672198,32.284000396728516
2020-09-20 18:00:00+00:00,0.20671701431274414,32.280696868896484,2.912844221045263,31.61771583557129
2020-09-21 00:00:00+00:00,0.18609941005706787,28.920307159423828,2.6942124583144587,28.445110321044922
2020-09-21 06:00:00+00:00,0.21320974826812744,36.9899787902832,2.507825164962558,36.31583786010742
2020-09-21 12:00:00+00:00,0.20804297924041748,32.19849395751953,2.6355787787865177,31.602542877197266
2020-09-21 18:00:00+00:00,0.2188647985458374,33.92894744873047,2.945100714289442,33.2150764465332
2020-09-22 00:00:00+00:00,0.22072350978851318,31.72771453857422,3.0172608768532587,31.03628158569336
2020-09-22 06:00:00+00:00,0.1930612325668335,36.54694747924805,2.689772642569524,35.99808883666992
2020-09-22 12:00:00+00:00,0.1956418752670288,85.49362182617188,0.9982621550481442,84.94400787353516
2020-09-22 18:00:00+00:00,0.19767343997955322,38.4958381652832,2.594459280807537,37.89491271972656
2020-09-23 00:00:00+00:00,0.2541682720184326,35.63968276977539,2.478517622931973,34.72909164428711
2020-09-23 06:00:00+00:00,0.21711421012878418,47.62687683105469,2.3635213202940744,46.84363555908203
2020-09-23 12:00:00+00:00,0.2068486213684082,32.673194885253906,2.223515721658924,32.088436126708984
2020-09-23 18:00:00+00:00,0.18301713466644287,37.760189056396484,1.9794985675706434,37.264732360839844
2020-09-24 00:00:00+00:00,0.151711106300354,111.17866516113281,0.9370304754131094,110.8349380493164
2020-09-24 06:00:00+00:00,0.2062450647354126,36.43106460571289,2.4680817520196348,35.803733825683594
2020-09-24 12:00:00+00:00,0.2218015193939209,43.4268798828125,2.3082151884288136,42.69136047363281
2020-09-24 18:00:00+00:00,0.20570743083953857,41.64195251464844,2.5311086297786876,40.981292724609375
2020-09-25 00:00:00+00:00,0.25976598262786865,37.83198165893555,2.567174389051889,36.8234748840332
2020-09-25 06:00:00+00:00,0.23600637912750244,47.51028060913086,2.2943939663501984,46.59699249267578
2020-09-25 12:00:00+00:00,0.23036575317382812,37.90789031982422,2.5000497870152274,37.187068939208984
2020-09-25 18:00:00+00:00,0.24510252475738525,72.12376403808594,1.776451667284119,71.1432876586914
2020-09-26 00:00:00+00:00,0.1915055513381958,42.06371307373047,2.017731073825059,41.5322151184082
2020-09-26 06:00:00+00:00,0.27233266830444336,53.627376556396484,1.9459262669934505,52.47682189941406
2020-09-26 12:00:00+00:00,0.2694584131240845,49.014190673828125,2.2397463674054103,48.024574279785156
2020-09-26 18:00:00+00:00,0.32000768184661865,76.96810150146484,1.9625501380444426,75.29154968261719
2020-09-27 00:00:00+00:00,0.26428699493408203,60.6541748046875,1.7075375867144733,59.569801330566406
2020-09-27 06:00:00+00:00,0.30480146408081055,58.7566032409668,2.1076601050345074,57.320030212402344
2020-09-27 12:00:00+00:00,0.32804715633392334,77.40185546875,1.6699458936963323,75.8353500366211
2020-09-27 18:00:00+00:00,0.28649258613586426,54.58590316772461,2.304148153015491,53.260250091552734
2020-09-28 00:00:00+00:00,0.21927928924560547,49.890262603759766,1.6964819358925203,49.197853088378906
2020-09-28 06:00:00+00:00,0.27915847301483154,37.657737731933594,2.594047140960411,36.52360916137695
2020-09-28 12:00:00+00:00,0.2587066888809204,41.56881332397461,2.4619537707819306,40.658939361572266
2020-09-28 18:00:00+00:00,0.19671261310577393,47.117027282714844,2.035509273254299,46.51051330566406
2020-09-29 00:00:00+00:00,0.23039186000823975,35.8965950012207,2.184543828932863,35.18874740600586
2020-09-29 06:00:00+00:00,0.32309019565582275,43.56238555908203,2.246075578833765,42.012821197509766
2020-09-29 12:00:00+00:00,0.22568070888519287,25.3188419342041,3.132427471072309,24.691875457763672
2020-09-29 18:00:00+00:00,0.20523524284362793,27.82147216796875,2.9828625580451904,27.257253646850586
2020-09-30 00:00:00+00:00,0.25695574283599854,35.987125396728516,2.711331772311131,35.101165771484375
2020-09-30 06:00:00+00:00,0.2027817964553833,57.82565689086914,1.7355345512057716,57.286808013916016
2020-09-30 12:00:00+00:00,0.21612727642059326,24.823030471801758,2.834522186904229,24.295413970947266
2020-09-30 18:00:00+00:00,0.22163629531860352,25.927417755126953,3.1391728766455382,25.284786224365234
2020-10-01 00:00:00+00:00,0.08231842517852783,22.47211456298828,3.245923782244602,22.394161224365234
2020-10-01 06:00:00+00:00,0.1399780511856079,19.92160415649414,3.2894786772368594,19.7149715423584
2020-10-01 12:00:00+00:00,0.08697998523712158,22.62077522277832,2.787088406112315,22.53765106201172
2020-10-01 18:00:00+00:00,0.010229825973510742,27.120861053466797,3.2289659912275246,27.119409561157227
2020-10-02 00:00:00+00:00,0.04278075695037842,22.79454231262207,3.047229793338443,22.773401260375977
2020-10-02 06:00:00+00:00,0.06270492076873779,25.491939544677734,3.124614437642296,25.442974090576172
2020-10-02 12:00:00+00:00,0.09651827812194824,25.098876953125,2.898621659468242,24.984817504882812
2020-10-02 18:00:00+00:00,0.06395912170410156,33.73027420043945,2.596086405600796,33.67096710205078
2020-10-03 00:00:00+00:00,0.08052802085876465,31.960723876953125,2.2757425929025312,31.87445831298828
2020-10-03 06:00:00+00:00,0.07603979110717773,31.150110244750977,2.6389561297739905,31.071502685546875
2020-10-03 12:00:00+00:00,0.031642913818359375,24.426610946655273,3.2495698227780148,24.414207458496094
2020-10-03 18:00:00+00:00,0.06259143352508545,34.81835174560547,2.5703987243593818,34.75682067871094
2020-10-04 00:00:00+00:00,0.020650506019592285,30.053146362304688,2.7241877882191083,30.047088623046875
2020-10-04 06:00:00+00:00,0.013471662998199463,72.7279052734375,1.5546274728171732,72.72506713867188
2020-10-04 12:00:00+00:00,0.02786087989807129,24.35742950439453,2.89372975439787,24.347698211669922
2020-10-04 18:00:00+00:00,0.03187966346740723,31.915027618408203,3.0195893623005223,31.90026092529297
2020-10-05 00:00:00+00:00,0.13708257675170898,42.88890838623047,2.1874508068889704,42.61857223510742
2020-10-05 06:00:00+00:00,0.05641937255859375,31.60639190673828,2.741516021828038,31.561193466186523
2020-10-05 12:00:00+00:00,0.06305575370788574,27.95111656188965,2.4676793335332414,27.899782180786133
2020-10-05 18:00:00+00:00,0.008387207984924316,31.880197525024414,2.6595779610445796,31.879106521606445
2020-10-06 00:00:00+00:00,0.060646653175354004,38.92223358154297,2.3611041635309764,38.86497497558594
2020-10-06 06:00:00+00:00,0.08777809143066406,36.88855743408203,2.532268918006345,36.76838302612305
2020-10-06 12:00:00+00:00,0.10161757469177246,29.617650985717773,3.0597255779884525,29.466230392456055
2020-10-06 18:00:00+00:00,0.10913312435150146,35.19610595703125,2.8252722379837762,34.996639251708984
2020-10-07 00:00:00+00:00,0.02553093433380127,31.209033966064453,2.9849650040847586,31.199098587036133
2020-10-07 06:00:00+00:00,0.08906328678131104,94.04622650146484,1.3267646239238435,93.91911315917969
2020-10-07 12:00:00+00:00,0.059924960136413574,29.75850486755371,3.202808579914372,29.70538902282715
2020-10-08 00:00:00+00:00,0.016521453857421875,37.46057891845703,2.8917000394819365,37.455814361572266
2020-10-08 06:00:00+00:00,0.05822300910949707,35.84745407104492,2.4808193481883456,35.78921890258789
2020-10-08 12:00:00+00:00,0.08023560047149658,39.12638854980469,2.3421905110256014,39.01896286010742
2020-10-08 18:00:00+00:00,0.06783199310302734,35.69379806518555,2.7358506904185735,35.61325454711914
2020-10-09 00:00:00+00:00,0.03647744655609131,103.091064453125,1.254457455574035,103.066650390625
2020-10-09 06:00:00+00:00,0.04843032360076904,35.87448501586914,2.990442522844512,35.83330535888672
2020-10-09 12:00:00+00:00,0.07034468650817871,32.364532470703125,2.85592241672593,32.28458786010742
2020-10-09 18:00:00+00:00,0.09928524494171143,35.517154693603516,2.630637969283986,35.346614837646484
2020-10-10 00:00:00+00:00,0.07308602333068848,34.83838653564453,2.833830157869593,34.74835968017578
2020-10-10 06:00:00+00:00,0.1348356008529663,33.52389907836914,3.0035245881991344,33.22462463378906
2020-10-10 12:00:00+00:00,0.11309432983398438,30.91883087158203,3.0348371174997464,30.724651336669922
2020-10-10 18:00:00+00:00,0.09182178974151611,31.42486572265625,3.020447208866976,31.292970657348633
2020-10-11 00:00:00+00:00,0.026598095893859863,31.483251571655273,3.076365470613486,31.47195816040039
2020-10-11 06:00:00+00:00,0.08612692356109619,99.54560089111328,1.2557208961454107,99.41541290283203
2020-10-11 12:00:00+00:00,0.058500051498413086,31.997600555419922,2.488910072271834,31.94641876220703
2020-10-11 18:00:00+00:00,0.11302435398101807,31.550338745117188,2.6895667337412372,31.353694915771484
2020-10-12 00:00:00+00:00,0.11873555183410645,28.916555404663086,3.058745125351688,28.711193084716797
2020-10-12 06:00:00+00:00,0.15403449535369873,34.348121643066406,2.5877736186553673,33.98478698730469
2020-10-12 12:00:00+00:00,0.18284976482391357,28.53682518005371,2.8640655345368207,28.103269577026367
2020-10-12 18:00:00+00:00,0.12991344928741455,27.45188331604004,3.166253994075801,27.221288681030273
2020-10-13 00:00:00+00:00,0.018674492835998535,224.9756317138672,0.9282928168834924,224.96969604492188
2020-10-13 06:00:00+00:00,0.17188143730163574,31.354890823364258,3.0384542518823965,30.896804809570312
2020-10-13 12:00:00+00:00,0.17656922340393066,28.727277755737305,2.813910623285033,28.306116104125977
2020-10-13 18:00:00+00:00,0.15043962001800537,28.701663970947266,3.0753271406006366,28.382797241210938
2020-10-14 00:00:00+00:00,0.1667102575302124,27.429744720458984,2.854399971517207,27.061851501464844
2020-10-14 06:00:00+00:00,0.0898580551147461,97.18614196777344,1.1330202624956343,97.06881713867188
2020-10-14 12:00:00+00:00,0.20916128158569336,25.6250057220459,2.9973375537156723,25.08404541015625
2020-10-14 18:00:00+00:00,0.13308465480804443,30.130840301513672,2.4754467421831094,29.899560928344727
2020-10-15 00:00:00+00:00,0.1487436294555664,32.91058349609375,2.189486647938739,32.62297058105469
2020-10-15 06:00:00+00:00,0.09430885314941406,65.3306655883789,1.3352904978775062,65.20993041992188
2020-10-15 12:00:00+00:00,0.14829862117767334,24.46512222290039,2.8973703796925525,24.19805908203125
2020-10-15 18:00:00+00:00,0.1011737585067749,30.677583694458008,2.5058704998866896,30.53568458557129
2020-10-16 00:00:00+00:00,0.0879737138748169,37.33625030517578,2.2806762701890895,37.22804641723633
2020-10-16 06:00:00+00:00,0.1325160264968872,30.319984436035156,2.522229302300222,30.093164443969727
2020-10-16 12:00:00+00:00,0.11935257911682129,29.459447860717773,2.171686515050063,29.287551879882812
2020-10-16 18:00:00+00:00,0.09926962852478027,31.958141326904297,2.606900345966817,31.817909240722656
2020-10-17 00:00:00+00:00,0.09459853172302246,31.232629776000977,2.4265966250772744,31.11298942565918
2020-10-17 06:00:00+00:00,0.14144110679626465,41.601654052734375,1.6396475739716474,41.336368560791016
2020-10-17 12:00:00+00:00,0.14264273643493652,29.4649715423584,2.3536551646472263,29.212663650512695
2020-10-17 18:00:00+00:00,0.08766543865203857,77.4725570678711,1.472311931110427,77.3554916381836
2020-10-18 00:00:00+00:00,0.09490680694580078,39.277225494384766,1.7852404204450685,39.15132522583008
2020-10-18 06:00:00+00:00,0.1544274091720581,28.878293991088867,2.821891901683728,28.572099685668945
2020-10-18 12:00:00+00:00,0.16935551166534424,52.43230056762695,1.5511131760608674,52.04625701904297
2020-10-18 18:00:00+00:00,0.19304072856903076,38.943138122558594,2.392914486062582,38.38338851928711
2020-10-19 00:00:00+00:00,0.2157062292098999,56.85261917114258,1.9030381450434677,56.15671920776367
2020-10-19 06:00:00+00:00,0.23136258125305176,75.87317657470703,1.2978678109066415,75.07027435302734
2020-10-19 12:00:00+00:00,0.2817814350128174,36.97964096069336,2.176501493267918,35.85914611816406
2020-10-19 18:00:00+00:00,0.22026467323303223,28.81121253967285,2.726501180048595,28.167253494262695
2020-10-20 00:00:00+00:00,0.19198691844940186,34.65011978149414,2.477962251364022,34.12932205200195
2020-10-20 06:00:00+00:00,0.19702351093292236,31.31670379638672,2.8000538446716514,30.785781860351562
2020-10-20 12:00:00+00:00,0.22989416122436523,31.576187133789062,2.8997168436497924,30.85446548461914
2020-10-20 18:00:00+00:00,0.19421374797821045,56.7308349609375,1.5409034890429176,56.1136360168457
2020-10-21 00:00:00+00:00,0.18722128868103027,49.93926239013672,1.980114733708929,49.36704635620117
2020-10-21 06:00:00+00:00,0.2638554573059082,60.447471618652344,1.8490357589476765,59.290245056152344
2020-10-21 12:00:00+00:00,0.22827577590942383,49.722347259521484,1.7232488893360633,48.9184684753418
2020-10-22 00:00:00+00:00,0.2298809289932251,47.77475357055664,2.2681378308316646,46.965354919433594
2020-10-22 06:00:00+00:00,0.23966240882873535,43.63026428222656,2.167575566087474,42.80864334106445
2020-10-22 12:00:00+00:00,0.2642054557800293,35.30405807495117,2.3354705997113188,34.33686447143555
2020-10-22 18:00:00+00:00,0.2413109540939331,44.110252380371094,1.926640325650859,43.202301025390625
2020-10-23 00:00:00+00:00,0.23193621635437012,43.913997650146484,2.29764693252596,43.106937408447266
2020-10-23 06:00:00+00:00,0.2604750394821167,53.3887939453125,1.8184040264344903,52.352291107177734
2020-10-23 12:00:00+00:00,0.21170246601104736,37.07670593261719,2.366581901002505,36.411800384521484
2020-10-23 18:00:00+00:00,0.23671603202819824,46.71574783325195,2.1399247422061562,45.75259017944336
2020-10-24 00:00:00+00:00,0.24613535404205322,61.218318939208984,1.6644107779229054,60.17268753051758
2020-10-24 06:00:00+00:00,0.2387223243713379,44.3447380065918,2.5444527323428026,43.34313201904297
2020-10-24 12:00:00+00:00,0.24240243434906006,38.46044158935547,2.2279292819425414,37.53564453125
2020-10-24 18:00:00+00:00,0.18667173385620117,38.39032745361328,2.6058006015948316,37.814605712890625
2020-10-25 00:00:00+00:00,0.16228938102722168,36.86910629272461,2.6026560238918326,36.42811584472656
2020-10-25 06:00:00+00:00,0.20726609230041504,73.65719604492188,1.5908924424198048,72.87457275390625
2020-10-25 12:00:00+00:00,0.20606184005737305,42.2387580871582,2.2724391467692446,41.527652740478516
2020-10-25 18:00:00+00:00,0.19495487213134766,37.121482849121094,2.8647204546775087,36.46821212768555
2020-10-26 00:00:00+00:00,0.18217134475708008,34.40309524536133,2.741091958675168,33.87638473510742
2020-10-26 06:00:00+00:00,0.15039169788360596,44.643157958984375,1.9877165112403357,44.257076263427734
2020-10-26 12:00:00+00:00,0.2143867015838623,36.22226333618164,2.828076130529497,35.45222091674805
2020-10-26 18:00:00+00:00,0.19728875160217285,41.07257080078125,2.6931379074434165,40.36985778808594
2020-10-27 00:00:00+00:00,0.16739320755004883,41.712493896484375,2.67458536177942,41.20166778564453
2020-10-27 06:00:00+00:00,0.1529759168624878,39.26001739501953,3.0083192721958474,38.83920669555664
2020-10-27 12:00:00+00:00,0.18081426620483398,34.92874526977539,3.134675326177631,34.36124801635742
2020-10-27 18:00:00+00:00,0.13859355449676514,38.60530471801758,3.060709263965005,38.25760269165039
2020-10-28 00:00:00+00:00,0.11585605144500732,37.45243835449219,2.3862312319042704,37.223426818847656
2020-10-28 06:00:00+00:00,0.19393789768218994,35.48637390136719,2.5600681671544807,34.862186431884766
2020-10-28 12:00:00+00:00,0.09445524215698242,135.46913146972656,1.1031209017365915,135.3162078857422
2020-10-29 00:00:00+00:00,0.11673140525817871,40.22562789916992,2.110346514843604,40.011474609375
2020-10-29 06:00:00+00:00,0.1564697027206421,31.997905731201172,3.1461926987828464,31.61263656616211
2020-10-29 12:00:00+00:00,0.08633613586425781,29.75930404663086,3.168413199506853,29.647781372070312
2020-10-29 18:00:00+00:00,0.060536742210388184,28.40360450744629,3.0630095104989272,28.34980010986328
2020-10-30 00:00:00+00:00,0.027730941772460938,29.30025863647461,2.819413029356508,29.288902282714844
2020-10-30 06:00:00+00:00,0.008049607276916504,82.94227600097656,1.3728833167563992,82.94120788574219
2020-10-30 12:00:00+00:00,0.016787171363830566,27.228862762451172,3.271056230301581,27.224853515625
2020-10-30 18:00:00+00:00,0.03402179479598999,31.083770751953125,2.6743414617473844,31.06700897216797
2020-10-31 00:00:00+00:00,0.0240786075592041,29.54684829711914,3.0660176510629285,29.53823471069336
2020-10-31 06:00:00+00:00,0.03324401378631592,40.857696533203125,1.992879477687,40.84044647216797
2020-10-31 12:00:00+00:00,0.05075901746749878,57.979515075683594,1.423782302997462,57.944061279296875
2020-10-31 18:00:00+00:00,0.0008785724639892578,30.904020309448242,2.517059469253349,30.904006958007812
2020-11-01 00:00:00+00:00,0.08153194189071655,65.916015625,1.6341048592901513,65.81791687011719
2020-11-01 06:00:00+00:00,0.022237658500671387,31.269575119018555,2.9349081195602915,31.262300491333008
2020-11-01 12:00:00+00:00,0.09595870971679688,35.758209228515625,2.1326616203370503,35.63303756713867
2020-11-02 00:00:00+00:00,0.08012360334396362,32.783138275146484,2.31897820206891,32.69071960449219
2020-11-02 06:00:00+00:00,0.10667181015014648,30.412368774414062,2.8722524403926077,30.2454833984375
2020-11-02 12:00:00+00:00,0.04185575246810913,25.534421920776367,2.679293444666759,25.51295280456543
2020-11-02 18:00:00+00:00,0.0872454047203064,54.33222198486328,1.6167569620044613,54.23136901855469
2020-11-03 00:00:00+00:00,0.16145658493041992,25.938800811767578,2.771818331935547,25.616031646728516
2020-11-03 06:00:00+00:00,0.11091023683547974,41.52991485595703,1.76808130695193,41.36357498168945
2020-11-03 12:00:00+00:00,0.17821812629699707,72.14020538330078,1.5090476879175596,71.67610931396484
2020-11-03 18:00:00+00:00,0.07620728015899658,28.840694427490234,2.4932197712505806,28.76825523376465
2020-11-04 00:00:00+00:00,0.0368880033493042,29.123321533203125,2.490301618483634,29.106006622314453
2020-11-04 06:00:00+00:00,0.0953940749168396,114.00048065185547,1.2235753303460886,113.86271667480469
2020-11-04 12:00:00+00:00,0.05597805976867676,23.082658767700195,3.1390753449700415,23.047191619873047
2020-11-04 18:00:00+00:00,0.029515326023101807,58.7001953125,1.5029808738994683,58.688804626464844
2020-11-05 00:00:00+00:00,0.08996987342834473,24.79241943359375,2.8794378137230723,24.696210861206055
2020-11-05 06:00:00+00:00,0.15972298383712769,46.91913986206055,2.205581572083874,46.57854080200195
2020-11-05 12:00:00+00:00,0.1283664107322693,26.620399475097656,2.7011266869840167,26.41626739501953
2020-11-05 18:00:00+00:00,0.07868868112564087,22.381389617919922,3.033322010494724,22.308853149414062
2020-11-06 00:00:00+00:00,0.11828231811523438,21.853899002075195,3.288305374261335,21.686477661132812
2020-11-06 06:00:00+00:00,0.07470083236694336,22.99286651611328,3.2008710273794327,22.929288864135742
2020-11-06 12:00:00+00:00,0.013203322887420654,21.622079849243164,2.844625134011148,21.620277404785156
2020-11-06 18:00:00+00:00,0.08274334669113159,22.560741424560547,3.2501574079550033,22.47883415222168
2020-11-07 00:00:00+00:00,0.07751530408859253,24.83586311340332,3.2062371267002043,24.759075164794922
2020-11-07 06:00:00+00:00,0.09474170207977295,19.076221466064453,3.2838020370244245,18.98082160949707
2020-11-07 12:00:00+00:00,0.01652681827545166,23.09735107421875,2.787238400883402,23.0943546295166
2020-11-07 18:00:00+00:00,0.05848252773284912,26.522342681884766,3.1251714457412376,26.47675895690918
2020-11-08 00:00:00+00:00,0.09745097160339355,32.06886672973633,2.585542018185766,31.9431209564209
2020-11-08 06:00:00+00:00,0.07070183753967285,22.059926986694336,3.485655693339167,22.000404357910156
2020-11-08 12:00:00+00:00,0.04553842544555664,71.20114135742188,1.7653076364604168,71.1731185913086
2020-11-08 18:00:00+00:00,0.01731884479522705,36.025047302246094,2.226474845111862,36.02109909057617
2020-11-09 00:00:00+00:00,0.022844791412353516,21.405731201171875,3.6553755933028222,21.3996639251709
2020-11-09 06:00:00+00:00,0.1028439998626709,18.792236328125,3.560604247615983,18.6791934967041
2020-11-09 12:00:00+00:00,0.09436476230621338,22.037839889526367,3.015467756217202,21.938016891479492
2020-11-09 18:00:00+00:00,0.07731211185455322,22.28368377685547,2.937765635887701,22.2166805267334
2020-11-10 00:00:00+00:00,0.027778983116149902,382.0677795410156,1.0215385750358026,382.055908203125
2020-11-10 06:00:00+00:00,0.20609092712402344,18.385963439941406,3.5336276862934426,17.943357467651367
2020-11-10 12:00:00+00:00,0.24823570251464844,21.978946685791016,3.426305136319838,21.279050827026367
2020-11-10 18:00:00+00:00,0.07470273971557617,76.19153594970703,1.6661604327633923,76.11833190917969
2020-11-11 00:00:00+00:00,0.02411520481109619,62.145748138427734,1.7276826845487678,62.13840103149414
2020-11-11 06:00:00+00:00,0.1341087818145752,25.72226333618164,2.4142554303594563,25.516117095947266
2020-11-11 12:00:00+00:00,0.015728294849395752,413.8250732421875,0.8281731792446986,413.8209228515625
2020-11-11 18:00:00+00:00,0.06855982542037964,476.69305419921875,0.980632230409653,476.6069641113281
2020-11-12 00:00:00+00:00,0.10441040992736816,33.06475067138672,2.6119240189784945,32.91118240356445
2020-11-12 06:00:00+00:00,0.1345045566558838,25.284591674804688,3.1783359788164933,25.058835983276367
2020-11-12 12:00:00+00:00,0.12220072746276855,31.59630012512207,2.5367874523185567,31.400548934936523
2020-11-12 18:00:00+00:00,0.093170166015625,30.84865951538086,3.0421061693822513,30.717510223388672
2020-11-13 00:00:00+00:00,0.1059800386428833,37.660579681396484,2.0573196674960688,37.492794036865234
2020-11-13 06:00:00+00:00,0.05540108680725098,29.675260543823242,2.899309380501461,29.630931854248047
2020-11-13 12:00:00+00:00,0.1204080581665039,36.25148010253906,2.6100011912618313,36.02814865112305
2020-11-13 18:00:00+00:00,0.056162357330322266,44.33989334106445,2.3762253332921617,44.28266525268555
2020-11-14 00:00:00+00:00,0.11723792552947998,38.23933792114258,2.468925539733842,38.009132385253906
2020-11-14 06:00:00+00:00,0.10256314277648926,32.91432189941406,2.570336451885515,32.7562255859375
2020-11-14 12:00:00+00:00,0.14392948150634766,36.04765701293945,2.0968458885542156,35.73093795776367
2020-11-14 18:00:00+00:00,0.14577066898345947,44.65602493286133,2.2743980224663987,44.248966217041016
2020-11-15 00:00:00+00:00,0.12346255779266357,43.600650787353516,2.365298198429584,43.31595230102539
2020-11-15 06:00:00+00:00,0.13471007347106934,73.4119873046875,1.523416658477205,73.08859252929688
2020-11-15 12:00:00+00:00,0.1280137300491333,40.25074005126953,2.716894921706533,39.97233581542969
2020-11-15 18:00:00+00:00,0.11516761779785156,41.452308654785156,2.8388340576570084,41.19534683227539
2020-11-16 00:00:00+00:00,0.14584624767303467,52.78840255737305,2.3566854482003876,52.37250900268555
2020-11-16 06:00:00+00:00,0.13419818878173828,37.71046447753906,2.819281534443086,37.3926887512207
2020-11-16 12:00:00+00:00,0.13337397575378418,49.98610305786133,2.2365522170010546,49.65365219116211
2020-11-16 18:00:00+00:00,0.08377492427825928,47.9700927734375,2.1492215292718035,47.8295783996582
2020-11-17 00:00:00+00:00,0.12428724765777588,46.72534942626953,2.3646007948211922,46.4183349609375
2020-11-17 06:00:00+00:00,0.13510394096374512,77.15733337402344,1.6013754970451783,76.79845428466797
2020-11-17 12:00:00+00:00,0.10478746891021729,43.4322395324707,2.516115914918018,43.2313232421875
2020-11-17 18:00:00+00:00,0.14428222179412842,44.742393493652344,2.4349460755174883,44.34380340576172
2020-11-18 00:00:00+00:00,0.08585751056671143,78.46159362792969,1.4449429723661613,78.31178283691406
2020-11-18 06:00:00+00:00,0.10997879505157471,45.61691665649414,2.4304195397648574,45.382450103759766
2020-11-18 12:00:00+00:00,0.15794885158538818,39.195743560791016,2.67357127989366,38.764183044433594
2020-11-18 18:00:00+00:00,0.17211568355560303,42.25628662109375,2.545533291277555,41.719154357910156
2020-11-19 00:00:00+00:00,0.15010344982147217,50.72574234008789,2.0316989321438266,50.30875778198242
2020-11-19 06:00:00+00:00,0.16276884078979492,47.44924545288086,2.0580838821612617,46.96261978149414
2020-11-19 12:00:00+00:00,0.17136836051940918,57.939544677734375,1.5585900472734409,57.40678787231445
2020-11-19 18:00:00+00:00,0.18818533420562744,40.768898010253906,2.8215299061434664,40.13799285888672
2020-11-20 00:00:00+00:00,0.17538154125213623,46.603965759277344,2.494792374763101,46.04410934448242
2020-11-20 06:00:00+00:00,0.12267673015594482,62.16288375854492,1.4559750537588854,61.886680603027344
2020-11-20 12:00:00+00:00,0.16896820068359375,37.35067367553711,2.7393217091795883,36.883663177490234
2020-11-20 18:00:00+00:00,0.21039462089538574,40.02309799194336,2.5310026709239763,39.266685485839844
2020-11-21 00:00:00+00:00,0.17506206035614014,44.49155807495117,2.544246591901949,43.939979553222656
2020-11-21 06:00:00+00:00,0.12293338775634766,63.01734161376953,1.6182224640063088,62.73330307006836
2020-11-21 12:00:00+00:00,0.18181395530700684,38.0900993347168,2.6731515645342827,37.54225540161133
2020-11-21 18:00:00+00:00,0.17269647121429443,39.27252960205078,2.230283876962214,38.77724838256836
2020-11-22 00:00:00+00:00,0.15995311737060547,38.944236755371094,2.8472840620161746,38.504730224609375
2020-11-22 06:00:00+00:00,0.16179203987121582,41.660255432128906,2.5861159432971026,41.19305419921875
2020-11-22 12:00:00+00:00,0.17234480381011963,36.44350814819336,2.481052742765772,35.95498275756836
2020-11-22 18:00:00+00:00,0.20069921016693115,40.99415588378906,2.065088194641267,40.356361389160156
2020-11-23 00:00:00+00:00,0.33479440212249756,1645.9326171875,0.5351456881927494,1643.1474609375
2020-11-23 06:00:00+00:00,0.19872331619262695,44.297359466552734,2.418604886275923,43.58566665649414
2020-11-23 12:00:00+00:00,0.12330853939056396,71.20051574707031,1.4397813822361623,70.94220733642578
2020-11-23 18:00:00+00:00,0.23310303688049316,36.86458206176758,2.9475645194899047,35.96851348876953
2020-11-24 00:00:00+00:00,0.21052861213684082,36.19680404663086,2.8034883195236975,35.467742919921875
2020-11-24 06:00:00+00:00,0.14527416229248047,554.7733154296875,0.3347161187136828,554.3502807617188
2020-11-24 12:00:00+00:00,0.24218404293060303,37.895713806152344,2.725365733991042,36.97231674194336
2020-11-24 18:00:00+00:00,0.225083589553833,35.582725524902344,2.707271862391995,34.80088806152344
2020-11-25 00:00:00+00:00,0.1938995122909546,31.549755096435547,3.0164691494025364,30.959012985229492
2020-11-25 06:00:00+00:00,0.1872929334640503,29.179677963256836,2.9397614597696995,28.678266525268555
2020-11-25 12:00:00+00:00,0.23848044872283936,26.69207191467285,3.3089410666462906,25.908597946166992
2020-11-25 18:00:00+00:00,0.22186005115509033,29.839550018310547,2.8965672512082787,29.166522979736328
2020-11-26 00:00:00+00:00,0.2522984743118286,26.06003189086914,3.2387637714595003,25.205888748168945
2020-11-26 06:00:00+00:00,0.23390531539916992,83.35845184326172,1.4626994125424135,82.53376770019531
2020-11-26 12:00:00+00:00,0.22521770000457764,35.36196517944336,2.317931778704517,34.618247985839844
2020-11-26 18:00:00+00:00,0.11393594741821289,25.833206176757812,3.1929336603416694,25.6610164642334
2020-11-27 00:00:00+00:00,0.16129612922668457,25.294797897338867,3.286250998360441,24.943544387817383
2020-11-27 06:00:00+00:00,0.14201343059539795,83.49655151367188,1.4374590202552002,83.18333435058594
2020-11-27 12:00:00+00:00,0.15662384033203125,88.47122192382812,1.5440737674939633,88.0914077758789
2020-11-27 18:00:00+00:00,0.11740434169769287,1050.8223876953125,0.43012799471584773,1050.5555419921875
2020-11-28 00:00:00+00:00,0.13694393634796143,24.68950080871582,3.2973485096982973,24.44028663635254
2020-11-28 06:00:00+00:00,0.17406439781188965,27.269630432128906,2.754980349922157,26.85307502746582
2020-11-28 12:00:00+00:00,0.23116493225097656,24.26515769958496,3.128811440366804,23.556407928466797
2020-11-28 18:00:00+00:00,0.1331237554550171,26.49985122680664,3.218532675889558,26.255699157714844
2020-11-29 00:00:00+00:00,0.1158074140548706,40.06383514404297,2.0106917332123855,39.87256622314453
2020-11-29 06:00:00+00:00,0.18658268451690674,28.092529296875,3.1231626919862125,27.610239028930664
2020-11-29 12:00:00+00:00,0.028960585594177246,1222.407958984375,0.4467695985635902,1222.3892822265625
2020-11-29 18:00:00+00:00,0.007421135902404785,1316.332275390625,0.6220974251275344,1316.331298828125
2020-11-30 00:00:00+00:00,0.2224595546722412,100.61605834960938,1.6849080746361267,99.86206817626953
2020-11-30 06:00:00+00:00,0.08411669731140137,1927.6033935546875,0.4101280919173591,1927.427490234375
2020-11-30 12:00:00+00:00,0.27442502975463867,24.384538650512695,3.5021379484410766,23.381290435791016
2020-11-30 18:00:00+00:00,0.34386515617370605,428.99517822265625,1.064706269159756,426.9075927734375
2020-12-01 00:00:00+00:00,0.2401489019393921,23.875635147094727,3.638298954499408,23.128679275512695
2020-12-01 06:00:00+00:00,0.14480066299438477,22.040834426879883,3.789323685092294,21.77517318725586
2020-12-01 12:00:00+00:00,0.2364135980606079,21.106292724609375,4.042492579036749,20.40909194946289
2020-12-01 18:00:00+00:00,0.2214881181716919,34.5363883972168,2.681730730952015,33.838340759277344
2020-12-02 00:00:00+00:00,0.2180628776550293,19.05132293701172,3.935545684909122,18.512659072875977
2020-12-02 06:00:00+00:00,0.30710721015930176,27.700641632080078,3.588075795681782,26.33599853515625
2020-12-02 12:00:00+00:00,0.2136385440826416,23.028596878051758,3.853709052609694,22.44981575012207
2020-12-02 18:00:00+00:00,0.30714356899261475,32.455108642578125,3.5929901382404292,30.86887550354004
2020-12-03 00:00:00+00:00,0.08695292472839355,283.0279846191406,1.514590956375944,282.8902587890625
2020-12-03 06:00:00+00:00,0.25456738471984863,21.983489990234375,3.63526835004734,21.189956665039062
2020-12-03 12:00:00+00:00,0.12453651428222656,203.99200439453125,1.568660767698567,203.73934936523438
2020-12-03 18:00:00+00:00,0.22483479976654053,23.845481872558594,3.764773931417304,23.16823959350586
2020-12-04 00:00:00+00:00,0.06108653545379639,20.954730987548828,3.5461719231219635,20.91411018371582
2020-12-04 06:00:00+00:00,0.17349398136138916,23.83977699279785,3.3809889453801887,23.477771759033203
2020-12-04 12:00:00+00:00,0.21706438064575195,22.508827209472656,3.2571627195935107,21.98292350769043
2020-12-04 18:00:00+00:00,0.033475399017333984,19.588481903076172,3.6482473099332595,19.576488494873047
2020-12-05 00:00:00+00:00,0.1375596523284912,56.67694854736328,2.4049168233863965,56.42647171020508
2020-12-05 06:00:00+00:00,0.12894076108932495,18.77103042602539,4.023518820560108,18.584808349609375
2020-12-05 12:00:00+00:00,0.03400123119354248,18.684770584106445,3.954317641151766,18.672191619873047
2020-12-05 18:00:00+00:00,0.0947837233543396,21.634883880615234,3.869939548779975,21.52082061767578
2020-12-06 00:00:00+00:00,0.12325835227966309,22.609580993652344,3.917619370894638,22.408069610595703
2020-12-06 06:00:00+00:00,0.17949843406677246,21.467233657836914,3.834249007787092,21.090059280395508
2020-12-06 12:00:00+00:00,0.21227359771728516,18.31468391418457,4.0561014956733095,17.805004119873047
2020-12-06 18:00:00+00:00,0.21334487199783325,26.22205924987793,3.9396209844136996,25.57247543334961
2020-12-07 00:00:00+00:00,0.28270477056503296,28.319143295288086,3.659080845163542,27.08254623413086
2020-12-07 06:00:00+00:00,0.1927574872970581,28.76932716369629,3.579028045224744,28.186508178710938
2020-12-07 12:00:00+00:00,0.23675435781478882,31.721542358398438,3.1856033029103146,30.9631290435791
2020-12-07 18:00:00+00:00,0.021942317485809326,29.18548583984375,3.514128697751456,29.1782283782959
2020-12-08 00:00:00+00:00,0.07834404706954956,26.44481658935547,3.52926032687639,26.359420776367188
2020-12-08 06:00:00+00:00,0.07178276777267456,18.673860549926758,3.73574894301107,18.620466232299805
2020-12-08 12:00:00+00:00,0.07889342308044434,29.679048538208008,3.1103033948755483,29.598026275634766
2020-12-08 18:00:00+00:00,0.0074236392974853516,23.725799560546875,3.5300558105205875,23.725095748901367
2020-12-09 00:00:00+00:00,0.10075235366821289,41.30039978027344,2.2390280586952813,41.168827056884766
2020-12-09 06:00:00+00:00,0.036624372005462646,23.296112060546875,3.4903306322663865,23.28070640563965
2020-12-09 12:00:00+00:00,0.1649705171585083,368.19281005859375,1.3151570322514132,367.6852722167969
2020-12-09 18:00:00+00:00,0.2296062707901001,172.56396484375,1.622241571365148,171.7029266357422
2020-12-10 00:00:00+00:00,0.1424303650856018,487.2677917480469,0.9897859920360288,486.9197082519531
2020-12-10 06:00:00+00:00,0.0145721435546875,21.05735206604004,3.7008091337457367,21.054771423339844
2020-12-10 12:00:00+00:00,0.15275949239730835,68.33454895019531,1.799797412183033,68.00496673583984
2020-12-10 18:00:00+00:00,0.002917170524597168,31.78837013244629,3.2346105021032234,31.788236618041992
2020-12-11 00:00:00+00:00,0.03827011585235596,31.872995376586914,2.7987176868103822,31.850975036621094
2020-12-11 06:00:00+00:00,0.019604206085205078,29.273406982421875,3.032398934289879,29.267715454101562
2020-12-11 12:00:00+00:00,0.07135558128356934,28.204015731811523,3.377845024049939,28.12920379638672
2020-12-11 18:00:00+00:00,0.019610285758972168,34.70094299316406,3.127880128262809,34.69408416748047
2020-12-12 00:00:00+00:00,0.05262160301208496,33.14875030517578,3.107619063569073,33.10285949707031
2020-12-12 06:00:00+00:00,0.0562596321105957,32.99489974975586,3.0831506148444965,32.9448356628418
2020-12-12 12:00:00+00:00,0.09656530618667603,32.11198806762695,2.875349039370751,31.96072769165039
2020-12-12 18:00:00+00:00,0.046343207359313965,54.882667541503906,1.9559103443947454,54.840694427490234
2020-12-13 00:00:00+00:00,0.03607165813446045,36.270729064941406,3.245680884295637,36.24734115600586
2020-12-13 06:00:00+00:00,0.08741575479507446,32.3094482421875,3.109951927371815,32.183067321777344
2020-12-13 12:00:00+00:00,0.05447155237197876,33.673770904541016,2.7143173452406106,33.62577438354492
2020-12-13 18:00:00+00:00,0.07272589206695557,47.89965057373047,2.6931932161043997,47.78904342651367
2020-12-14 00:00:00+00:00,0.04320847988128662,41.59420394897461,2.474509594119679,41.559043884277344
2020-12-14 06:00:00+00:00,0.037405550479888916,42.43783187866211,2.2321277430528923,42.4134635925293
2020-12-14 12:00:00+00:00,0.00949949026107788,38.63081359863281,2.1113848627139977,38.62932205200195
2020-12-14 18:00:00+00:00,0.07561814785003662,40.31367874145508,3.0688019518755274,40.20164108276367
2020-12-15 00:00:00+00:00,0.06762951612472534,63.046791076660156,1.6760593435385618,62.95182418823242
2020-12-15 06:00:00+00:00,0.059928715229034424,67.035888671875,1.5889488281192072,66.96781158447266
2020-12-15 12:00:00+00:00,0.023843228816986084,42.29006576538086,2.3705591080407697,42.27964401245117
2020-12-15 18:00:00+00:00,0.00023221969604492188,57.603965759277344,2.1680290362308328,57.60395431518555
2020-12-16 00:00:00+00:00,0.014108479022979736,82.65840911865234,1.5769764250515672,82.65377807617188
2020-12-16 06:00:00+00:00,0.025761842727661133,45.10721969604492,2.4572406019449518,45.094120025634766
2020-12-16 12:00:00+00:00,0.031475067138671875,40.803897857666016,2.5936378085974403,40.78558349609375
2020-12-16 18:00:00+00:00,0.016350865364074707,58.77517318725586,2.302907265561981,58.7689323425293
2020-12-17 00:00:00+00:00,0.031129956245422363,60.763309478759766,2.2950897991068597,60.74082565307617
2020-12-17 06:00:00+00:00,0.07558548450469971,82.51004791259766,1.747183512435634,82.3849868774414
2020-12-17 12:00:00+00:00,0.11274397373199463,49.89507293701172,2.033244828336413,49.65088653564453
2020-12-17 18:00:00+00:00,0.10704302787780762,62.36775207519531,2.496508649780148,62.08079147338867
2020-12-18 00:00:00+00:00,0.069252610206604,67.93449401855469,2.3129531223428472,67.81635284423828
2020-12-18 06:00:00+00:00,0.08219742774963379,148.7688751220703,1.1911324451797156,148.61154174804688
2020-12-18 12:00:00+00:00,0.08293437957763672,55.51993942260742,2.176922314482315,55.38237380981445
2020-12-18 18:00:00+00:00,0.09389650821685791,80.2855224609375,2.0569904661945486,80.05179595947266
2020-12-19 00:00:00+00:00,0.13646996021270752,106.9208755493164,1.8846789037555993,106.42693328857422
2020-12-19 06:00:00+00:00,0.1375102996826172,136.2188262939453,1.1055022921085484,135.78662109375
2020-12-19 12:00:00+00:00,0.16660785675048828,80.98759460449219,2.17171544147894,80.32595825195312
2020-12-19 18:00:00+00:00,0.16989481449127197,77.9652099609375,1.837253903912738,77.24011993408203
2020-12-20 00:00:00+00:00,0.12793147563934326,62.02482223510742,2.3681900844708097,61.63108825683594
2020-12-20 06:00:00+00:00,0.14841711521148682,64.70296478271484,2.218104156145816,64.20576477050781
2020-12-20 12:00:00+00:00,0.15878283977508545,63.09794235229492,2.245795743728488,62.54729461669922
2020-12-20 18:00:00+00:00,0.11170315742492676,54.58403396606445,2.7855522915435746,54.276119232177734
2020-12-21 00:00:00+00:00,0.1254667043685913,68.12864685058594,2.133673740090087,67.74615478515625
2020-12-21 06:00:00+00:00,0.14944350719451904,69.06602478027344,2.327124791846657,68.55297088623047
2020-12-21 12:00:00+00:00,0.1511293649673462,76.61280059814453,2.1575122185293876,76.0833511352539
2020-12-21 18:00:00+00:00,0.1248711347579956,69.18830871582031,2.5764632692420033,68.77384948730469
2020-12-22 00:00:00+00:00,0.15136897563934326,84.19383239746094,1.808346928649481,83.63848114013672
2020-12-22 06:00:00+00:00,0.11349701881408691,54.0400390625,2.2728225149661703,53.75132751464844
2020-12-22 12:00:00+00:00,0.15004539489746094,73.06114196777344,2.024908186545334,72.5191650390625
2020-12-22 18:00:00+00:00,0.08580291271209717,60.61615753173828,2.2895190393833404,60.4139518737793
2020-12-23 00:00:00+00:00,0.1309753656387329,84.85367584228516,1.9910551039034754,84.40324401855469
2020-12-23 06:00:00+00:00,0.09641945362091064,55.80961990356445,2.6800383488215807,55.59660720825195
2020-12-23 12:00:00+00:00,0.16132688522338867,60.51300811767578,2.5278896613534654,59.885684967041016
2020-12-23 18:00:00+00:00,0.13883554935455322,71.73602294921875,2.2014161146669475,71.18712615966797
2020-12-24 00:00:00+00:00,0.10452902317047119,55.3337287902832,2.5202277737564467,55.06171798706055
2020-12-24 06:00:00+00:00,0.05305182933807373,615.8409423828125,0.39221321062903297,615.760986328125
2020-12-24 12:00:00+00:00,0.09127962589263916,72.86068725585938,1.8824776109052672,72.65644836425781
2020-12-24 18:00:00+00:00,0.03132057189941406,72.15086364746094,2.380855342951904,72.121337890625
2020-12-25 00:00:00+00:00,0.026580452919006348,62.10710144042969,2.2525098823219594,62.089481353759766
2020-12-25 06:00:00+00:00,0.020604848861694336,51.736671447753906,2.7318898671451315,51.72671127319336
2020-12-25 12:00:00+00:00,0.02247154712677002,69.25267791748047,1.9585681518866624,69.2405776977539
2020-12-25 18:00:00+00:00,0.02448093891143799,73.56576538085938,2.081415229273405,73.54924011230469
2020-12-26 00:00:00+00:00,0.025267958641052246,56.074825286865234,2.3891227844085963,56.05952835083008
2020-12-26 06:00:00+00:00,0.026289165019989014,65.53023529052734,2.424309713516208,65.51423645019531
2020-12-26 12:00:00+00:00,0.013895869255065918,65.83779907226562,2.160575882499189,65.83324432373047
2020-12-26 18:00:00+00:00,0.03511101007461548,67.38347625732422,2.687301485050863,67.34977722167969
2020-12-27 00:00:00+00:00,0.02074909210205078,59.88370895385742,2.3876353585203636,59.87328338623047
2020-12-27 06:00:00+00:00,0.1460552215576172,904.3341674804688,0.8939348100947773,903.64697265625
2020-12-27 12:00:00+00:00,0.04621708393096924,1066.7662353515625,0.7659368276483046,1066.698974609375
2020-12-27 18:00:00+00:00,0.031894683837890625,53.61351013183594,2.5277920729799317,53.58915328979492
2020-12-28 00:00:00+00:00,0.034879207611083984,53.931427001953125,3.061191151409136,53.8993034362793
2020-12-28 06:00:00+00:00,0.03458523750305176,44.662620544433594,3.5109473871073886,44.6341438293457
2020-12-28 12:00:00+00:00,0.06707358360290527,395.1529846191406,1.1643855397674094,395.0220031738281
2020-12-28 18:00:00+00:00,0.020025253295898438,56.36824035644531,2.912644919340696,56.35751724243164
2020-12-29 00:00:00+00:00,0.1600102186203003,1033.792724609375,0.8305749112496925,1032.941650390625
2020-12-29 06:00:00+00:00,0.06757891178131104,49.73358154296875,2.9170882791457537,49.62466049194336
2020-12-29 12:00:00+00:00,0.169458270072937,265.2489013671875,1.455499873022413,264.4783020019531
2020-12-29 18:00:00+00:00,0.22431445121765137,596.6735229492188,1.114137164183433,595.0242919921875
2020-12-30 00:00:00+00:00,0.042996764183044434,45.18171691894531,3.4390263989997285,45.1390380859375
2020-12-30 06:00:00+00:00,0.06925046443939209,72.1756820678711,2.5265290991051437,72.05277252197266
2020-12-31 00:00:00+00:00,0.03158921003341675,54.190086364746094,2.9917214357274924,54.16710662841797
2020-12-31 06:00:00+00:00,0.1059371829032898,101.96910858154297,2.1113364671084103,101.67414855957031
2020-12-31 12:00:00+00:00,0.03304558992385864,93.06398010253906,2.295641468690246,93.03495788574219
2020-12-31 18:00:00+00:00,0.0695645809173584,76.10758209228516,2.741482810972935,75.97163391113281
