timestamp,R2_1_1,skew_1_1,R2_1_2,skew_1_2,R2_1_3,skew_1_3,R2_2_1,skew_2_1,R2_2_2,skew_2_2,R2_2_3,skew_2_3,R2_3_1,skew_3_1,R2_3_2,skew_3_2,R2_3_3,skew_3_3,R2_4_1,skew_4_1,R2_4_2,skew_4_2,R2_4_3,skew_4_3,n_ch_total,n_ch_kept
2019-01-01 00:00:00+00:00,,,0.15137535333633423,-2.2741795370372184,,,0.18091148138046265,-3.8888236055115715,0.2833009958267212,-16.32537741837038,,,,,0.15470349788665771,-2.44564796824202,,,,,,,0.13480401039123535,0.5249051347218925,6,6
2019-01-01 06:00:00+00:00,,,0.07425016164779663,-0.2796781591123844,,,,,0.230476975440979,-7.211542420196441,,,0.5452867150306702,-1.0343211763847135,0.25544273853302,-6.569451776795853,,,,,0.16149437427520752,0.4888915600086321,0.10939067602157593,-1.9250102181302629,7,7
2019-01-01 12:00:00+00:00,,,0.10526251792907715,-0.679706976982874,,,,,0.22655540704727173,-7.4789168532853285,,,0.05496037006378174,-0.6382387676180822,,,,,,,,,0.15348374843597412,2.533402439322845,7,7
2019-01-01 18:00:00+00:00,,,0.3188628554344177,-35.593323495320234,,,,,0.2130100131034851,-2.6523044174359924,,,0.35756945610046387,-4.978932813143144,,,,,,,0.150323748588562,0.3721891470113535,,,7,7
2019-01-02 00:00:00+00:00,,,0.14078092575073242,-1.7417002214197685,,,,,0.22585004568099976,-11.595317275809911,,,0.25210535526275635,-5.474520060168945,,,,,,,0.06768357753753662,0.9765897490824947,,,5,5
2019-01-02 06:00:00+00:00,,,0.19082266092300415,-2.8023428572847107,,,,,0.21204841136932373,-4.983364144308667,,,0.3341657519340515,-0.43992655642441264,0.21623408794403076,-6.814360395607966,,,,,0.20214426517486572,0.8679384350680875,,,7,7
2019-01-02 12:00:00+00:00,,,0.16668808460235596,-1.2933295666005928,,,,,0.1559077501296997,-3.3325038955650723,,,0.38389158248901367,-10.915527649522275,,,,,,,0.1509416103363037,0.8132075667440446,,,5,5
2019-01-03 00:00:00+00:00,,,0.16037291288375854,-3.6824086875623614,,,,,0.17764228582382202,-4.138224610516795,,,,,0.2693769335746765,-4.469819306548325,,,,,0.012502431869506836,0.03195897890826904,,,7,7
2019-01-03 06:00:00+00:00,,,0.12803137302398682,-2.5329738715248995,,,,,0.27304816246032715,-11.653487825905811,0.35535430908203125,-3.806673667536759,,,0.15388339757919312,-2.2650615887514003,,,,,0.018654823303222656,-0.3214778872439104,0.22257554531097412,-1.0121450349909202,8,8
2019-01-03 12:00:00+00:00,,,0.09068560600280762,-1.9042903336649826,,,,,0.22776615619659424,-3.317190729939455,0.04166769981384277,0.08013203716746224,,,0.40963804721832275,-10.979451162335403,,,,,0.09755730628967285,1.2254919676164586,0.08986300230026245,-0.33020642207090733,9,9
2019-01-03 18:00:00+00:00,,,0.14847314357757568,-1.4935265507962798,,,,,0.2004716992378235,-4.008919395074247,0.010766446590423584,-0.26233801733070783,,,0.4339258670806885,-6.86817573736643,,,,,0.22525393962860107,2.583124924201193,,,9,8
2019-01-04 00:00:00+00:00,,,0.10828959941864014,-0.5068750328469536,,,,,0.13673889636993408,-14.518274684973415,0.15670013427734375,-0.8799013025721372,,,0.012867093086242676,-0.4718388466083209,,,,,0.02788376808166504,1.5331747611028612,,,9,9
2019-01-04 06:00:00+00:00,,,0.18230396509170532,-4.697422675654211,,,,,0.23189246654510498,-4.767925704546051,0.2642369866371155,-3.122460659786645,,,0.4723920226097107,-5.925238446494427,,,,,0.1806640625,0.47181693313604356,,,8,8
2019-01-04 18:00:00+00:00,,,0.1268482208251953,-1.4251506347169953,,,,,0.2480437159538269,-5.7988166682251885,0.13043218851089478,-1.6727807703031539,,,0.22499072551727295,-4.824335860009219,,,,,0.11239039897918701,1.1681968023215863,,,7,7
2019-01-05 00:00:00+00:00,,,0.13854461908340454,-3.5053026551512803,,,,,0.24947088956832886,-2.962554247529896,0.06561851501464844,-2.968710216363929,,,0.4055151343345642,-7.970676647570154,,,,,0.15146231651306152,0.7077428328476618,,,8,8
2019-01-05 06:00:00+00:00,,,0.14928138256072998,-3.5070278982432486,,,,,0.29065239429473877,-12.038496787830585,0.09648197889328003,-0.14140813983562153,,,0.24430471658706665,-9.305598100268233,,,,,0.15238451957702637,0.4772404337896882,,,8,8
2019-01-05 12:00:00+00:00,,,0.18666493892669678,-3.844688747444422,,,,,0.32361453771591187,-7.591256781951169,0.06364637613296509,-0.6669030708194849,,,0.33061927556991577,-5.814603711289243,,,,,0.11823129653930664,0.46068238766657305,,,8,8
2019-01-05 18:00:00+00:00,,,0.15554147958755493,-6.029800001496335,,,,,0.2727934718132019,-5.352320047976898,0.0449831485748291,-0.20251466888111658,,,0.3179287910461426,-6.965220959416446,,,,,0.18837273120880127,0.8080472312941533,,,8,8
2019-01-06 00:00:00+00:00,,,0.11949419975280762,-1.931489184613106,,,,,0.24504834413528442,-8.228327827829201,0.00942903757095337,-4.130084029034345,,,0.37608712911605835,-4.491007001444959,,,,,0.13269078731536865,2.307705697605476,,,7,6
2019-01-06 06:00:00+00:00,0.1095731258392334,-0.49706761243983105,0.1529063582420349,-2.074701708628572,,,,,,,0.0017925500869750977,-0.04784582387782469,,,0.11717057228088379,-0.5970373635690036,,,,,0.16366326808929443,2.1914423550032383,,,6,6
2019-01-06 12:00:00+00:00,0.19029712677001953,0.09475658738294396,0.15119916200637817,-2.4304710566486603,,,,,,,0.19631654024124146,-0.472564635849889,,,,,,,,,0.1881498098373413,0.9717336430322467,,,6,6
2019-01-06 18:00:00+00:00,0.22468042373657227,1.1340255986945764,0.1356537938117981,0.2905303543440521,,,,,,,0.028275132179260254,-0.2055836495190532,,,,,,,,,0.1616898775100708,1.536647754184432,,,7,7
2019-01-07 00:00:00+00:00,,,0.16851067543029785,-3.9003955909244783,,,0.2157447338104248,-1.3354626408977812,,,0.16051483154296875,-2.17867785876649,,,,,,,,,0.12737584114074707,2.8377159625672514,,,8,8
2019-01-07 06:00:00+00:00,0.4201982021331787,0.2804748437365563,0.2030118703842163,-7.666887883577194,,,,,,,0.06847631931304932,-0.12744028468187996,,,,,,,,,0.11750125885009766,0.5965398485436912,,,4,4
2019-01-07 12:00:00+00:00,0.1949852705001831,2.5829213393227946,0.1573140025138855,-2.0706668303514433,,,,,0.17594408988952637,-5.387689852232295,,,,,,,,,,,0.2398533821105957,2.1653450129501337,,,4,4
2019-01-07 18:00:00+00:00,0.4094276428222656,0.1624488162734109,0.17428100109100342,-1.2639652936417962,,,,,0.2762484550476074,-2.7539470783288316,,,,,,,,,,,0.2328784465789795,5.630664110089545,,,4,4
2019-01-08 00:00:00+00:00,0.32394349575042725,-1.4376321467911155,0.1562144160270691,-3.228775761114691,,,,,0.11033874750137329,-3.85593986475524,,,,,,,,,,,0.14002299308776855,3.186020499654196,,,4,4
2019-01-08 06:00:00+00:00,0.18050670623779297,1.479261721463452,0.14478462934494019,-3.5127356213857874,,,,,0.11430376768112183,-4.527021375686903,,,,,,,,,,,0.1219714879989624,2.1723263368633363,,,4,4
2019-01-08 12:00:00+00:00,0.5027656257152557,-2.5615996904526774,0.12844562530517578,-1.9036329322751848,,,,,0.15863996744155884,-9.373559637326379,,,,,,,,,,,0.20113015174865723,1.6677450514668335,,,4,4
2019-01-08 18:00:00+00:00,0.11993998289108276,0.8668748818263731,0.15465915203094482,-8.115009630693155,,,,,0.1910073161125183,-3.2792641837354948,,,,,,,,,,,0.19430816173553467,8.537533709153058,,,4,4
2019-01-09 00:00:00+00:00,0.2033923864364624,-0.020350148399696816,0.15126150846481323,-5.299205424806014,,,0.248981773853302,-0.4353726282817866,0.25521260499954224,-1.5579147554579833,,,,,,,,,,,0.17474782466888428,4.123855430356552,,,5,5
2019-01-09 06:00:00+00:00,,,0.18584394454956055,-3.5038159154046347,,,0.06470876932144165,-1.0874429396130945,0.10070604085922241,-1.180710955363694,,,,,,,,,,,0.18427670001983643,1.312857014095416,,,5,5
2019-01-09 12:00:00+00:00,,,0.139545738697052,-1.3998173945996917,,,0.14338630437850952,-1.1117404138670257,0.1646784543991089,-1.9629665961101295,,,,,,,,,,,0.22057366371154785,7.8305103640552955,,,5,5
2019-01-09 18:00:00+00:00,,,0.15862363576889038,-1.8633791368948454,,,0.26125961542129517,-0.5332621177544755,0.22193145751953125,-15.896512729062641,,,,,,,,,,,0.1886512041091919,1.748941729345265,,,5,5
2019-01-10 00:00:00+00:00,,,0.1706574559211731,-3.8999124749498564,0.1046491265296936,0.04443705457700387,0.3679733872413635,-5.613388383995565,0.2076413631439209,-3.3815561079984775,,,,,,,,,,,0.1536240577697754,1.8817581814269293,,,6,6
2019-01-10 06:00:00+00:00,,,0.17959433794021606,-12.479048451417752,,,0.14110523462295532,-0.907998236919959,0.17313259840011597,-2.6611994334343394,,,,,,,,,,,0.20483183860778809,2.1635711278723475,,,6,5
2019-01-10 12:00:00+00:00,,,0.1700425148010254,-4.607477578227748,,,0.3857405185699463,-5.986143968653102,0.19671273231506348,-11.06155779468891,,,,,,,,,,,0.20527803897857666,3.1186293546474526,,,6,5
2019-01-10 18:00:00+00:00,,,0.14417344331741333,2.7656882215019913,,,0.21889889240264893,-3.5931447793183073,0.3013432025909424,-1.3827485489163502,,,,,,,,,,,0.15424644947052002,1.6061431167419198,,,7,6
2019-01-11 00:00:00+00:00,0.24347209930419922,-0.8090026956414612,0.1352483630180359,20.980281111819185,,,0.3036951422691345,-5.5366686253201545,0.37735503911972046,-1.7871853174225576,,,,,,,,,,,0.14701950550079346,1.172107710947573,,,6,6
2019-01-11 06:00:00+00:00,,,0.1683443784713745,-2.3769692378951484,,,0.2968915104866028,-6.527178666629829,0.2359243631362915,-3.8658131805679554,,,,,,,,,,,0.195145845413208,2.4415471463598073,,,4,4
2019-01-11 12:00:00+00:00,,,0.172224223613739,-4.536745859016128,,,0.27638107538223267,-5.1650279208281615,0.26621466875076294,-3.8458882545210376,,,,,,,,,,,0.21315431594848633,2.507514858774528,,,5,5
2019-01-11 18:00:00+00:00,,,0.1366136074066162,27.713213473025053,,,0.29998695850372314,-1.211852240484404,0.02251303195953369,1.669736280123601,0.3081701993942261,1.7467548822310939,,,,,,,,,0.18824505805969238,2.154016781683826,,,5,5
2019-01-12 00:00:00+00:00,,,0.14438766241073608,-3.845512069446675,,,,,0.16003036499023438,-10.259193204599773,0.1663503646850586,-1.460905546459641,,,,,,,,,0.13347339630126953,3.938248032661291,,,5,5
2019-01-12 06:00:00+00:00,,,0.15669375658035278,-6.205631895262045,,,,,0.25697314739227295,-8.502303737647543,,,,,,,,,,,0.20219874382019043,1.9334935575396892,0.13432741165161133,-0.10784126775591742,4,4
2019-01-12 12:00:00+00:00,,,0.16332334280014038,-3.938437575132279,,,,,0.17531061172485352,-5.633506405202696,,,,,,,,,,,0.16166174411773682,1.314005604814279,0.37017345428466797,2.027351374360998,4,4
2019-01-12 18:00:00+00:00,,,0.13965678215026855,-1.8001768514126353,,,,,0.2623937726020813,-8.616558888248678,0.4418036937713623,1.5372638054437082,,,,,,,,,0.18822097778320312,0.9364956125729604,,,4,4
2019-01-13 00:00:00+00:00,,,0.14616549015045166,-3.030457870211042,,,,,0.2861737608909607,-5.555036335846585,,,,,,,,,,,0.14507198333740234,1.4590511029571214,,,4,4
2019-01-13 06:00:00+00:00,,,0.16189146041870117,-4.879066352006521,0.3331550359725952,-0.05302433405244222,,,0.06116896867752075,-3.4273163236985846,,,,,,,,,,,0.17094290256500244,2.2416186282433066,,,5,5
2019-01-13 12:00:00+00:00,,,0.17203831672668457,-2.415356555065017,,,,,0.0832248330116272,-2.2482721238203895,,,,,,,,,,,0.17477238178253174,1.3701064175545465,,,4,4
2019-01-13 18:00:00+00:00,,,0.15843820571899414,-1.2289472155127,,,,,0.21756666898727417,-8.785573959248127,,,,,,,,,,,0.16181838512420654,2.8541789661142873,,,5,5
2019-01-14 00:00:00+00:00,,,0.1640838384628296,-2.23531773145988,,,,,0.2047460675239563,-3.1113206976850543,,,,,,,,,,,0.13898277282714844,1.8323150159825747,,,6,6
2019-01-14 06:00:00+00:00,,,0.17898976802825928,-4.555606147992076,,,,,0.17466402053833008,-0.35929962146970906,0.2466442584991455,0.5586263325134598,,,,,,,,,0.1443016529083252,0.7229936432351741,,,5,5
2019-01-14 12:00:00+00:00,,,0.16104984283447266,-2.478411966564057,,,,,0.31482160091400146,-8.308424155044888,0.375144362449646,-1.174192461960974,,,,,,,,,0.21042382717132568,2.1503781351041376,,,7,7
2019-01-14 18:00:00+00:00,,,0.15461605787277222,-3.9029266121850212,,,,,0.18639099597930908,-0.7053720862277173,,,,,,,,,,,0.10354924201965332,0.6067421328166358,,,6,6
2019-01-15 00:00:00+00:00,,,0.16476744413375854,-0.8221665748311255,,,,,0.1623063087463379,-3.458296118804251,,,,,,,,,,,0.12539923191070557,0.9815727409413018,,,5,5
2019-01-15 06:00:00+00:00,,,0.2012404203414917,-4.98265574797763,,,,,0.05563187599182129,0.8091326458434346,,,,,,,,,,,0.10597991943359375,1.9500932712454293,,,5,5
2019-01-15 12:00:00+00:00,,,0.19710320234298706,-4.108145801938845,,,,,0.23727595806121826,-3.4308237885874764,,,,,,,,,,,0.15645313262939453,0.757325427655907,,,4,4
2019-01-15 18:00:00+00:00,,,0.17133158445358276,-3.7525958370569894,,,,,0.21082550287246704,-3.399805742921669,,,,,,,,,,,0.15823733806610107,2.2315448070530586,0.296522855758667,-0.7846644660782227,5,5
2019-01-16 00:00:00+00:00,,,0.13514107465744019,2.507107114965236,,,,,0.08868753910064697,0.9112649437418169,0.18296653032302856,-5.083026966347184,,,,,,,,,0.13728809356689453,0.6908886670756871,,,5,4
2019-01-16 06:00:00+00:00,,,0.2076970934867859,-4.772777590977044,0.20196759700775146,0.6651312271809311,,,0.06307125091552734,-0.5127936394177155,,,,,,,,,,,0.023959875106811523,0.7118549297840508,,,5,5
2019-01-16 12:00:00+00:00,,,0.24305343627929688,-5.057698142765954,0.33872538805007935,-1.1983763772178329,,,,,0.5621346831321716,-0.3737134033093824,,,,,,,,,0.2175290584564209,1.9653168638057295,,,4,4
2019-01-16 18:00:00+00:00,,,0.19003725051879883,-3.8859600175935403,0.056276679039001465,0.5795676006393565,,,,,0.20057213306427002,-2.8530622342779477,,,,,,,,,0.1772782802581787,0.5989708131371085,,,4,4
2019-01-17 00:00:00+00:00,,,0.17821788787841797,-2.0242329200960505,,,0.19773423671722412,-0.23349619864274143,,,0.1411285400390625,-4.006700165560459,,,,,,,,,0.0962134599685669,0.31476579086429396,,,5,4
2019-01-17 06:00:00+00:00,,,0.2156585454940796,-2.667791051599666,,,0.18505573272705078,-0.6730011292848758,,,0.07466953992843628,-0.7119924472682712,,,,,,,,,0.11836934089660645,2.942142853337733,,,4,4
2019-01-17 12:00:00+00:00,,,0.1750355362892151,-2.8934226769862157,,,0.05635476112365723,-0.6927342115533914,,,0.047548532485961914,-0.6851492960806767,,,,,,,0.049300193786621094,1.319459806153473,0.21652567386627197,1.238378733201145,,,5,5
2019-01-17 18:00:00+00:00,,,0.16451680660247803,-2.6739047545095467,,,,,,,0.06059420108795166,-0.34883405462421496,0.22780048847198486,6.164679547735324,,,,,0.08165788650512695,0.170456568683545,0.09803354740142822,0.2696946919574888,,,5,5
2019-01-18 00:00:00+00:00,,,0.13552188873291016,17.53708986409998,,,,,,,0.05471515655517578,0.6271059675661419,0.28676462173461914,12.290743452955592,,,,,,,0.055373430252075195,0.3804893702734733,,,4,4
2019-01-18 06:00:00+00:00,,,0.18772923946380615,-3.098143106531971,,,,,,,,,0.25353384017944336,11.40439161846432,,,,,,,0.17306745052337646,0.4615228236935349,,,3,3
2019-01-18 12:00:00+00:00,,,0.17118406295776367,-3.426231551164955,,,,,,,,,,,0.33137786388397217,8.290094061261492,,,,,0.19831836223602295,0.8347771813752795,,,3,3
2019-01-18 18:00:00+00:00,,,0.18638521432876587,-4.462735098465758,,,,,,,,,,,0.3033299446105957,11.348285583159502,,,,,0.09074771404266357,0.12706849308697943,,,3,3
2019-01-19 00:00:00+00:00,,,0.1676884889602661,-1.7334469468815148,,,,,,,,,,,0.3271610736846924,4.9643682142919525,,,,,0.08382081985473633,0.18511207743085226,,,3,3
2019-01-19 06:00:00+00:00,,,0.1612621545791626,-1.8289042868713525,,,,,,,,,,,0.30368924140930176,7.149671640339031,,,,,0.16852450370788574,0.8889502898330679,,,3,3
2019-01-19 12:00:00+00:00,,,0.24399548768997192,-2.592945180041589,,,,,,,,,,,0.34163618087768555,6.115340800179856,,,,,0.1790015697479248,2.8485387887453464,,,3,3
2019-01-19 18:00:00+00:00,,,0.182597815990448,-1.78876339719451,,,,,,,,,,,0.26016199588775635,7.4520365773872275,,,,,0.15558195114135742,0.4538581779015908,,,3,3
2019-01-20 00:00:00+00:00,,,0.22729742527008057,-35.288051708264796,,,,,,,,,,,0.22937262058258057,8.910577949960505,,,,,0.0940779447555542,1.1138149892697562,,,3,3
2019-01-20 06:00:00+00:00,,,0.2396414875984192,-8.756192834330934,,,,,,,,,,,0.24622035026550293,11.326175761841153,,,,,0.14775705337524414,0.379929478994811,,,4,4
2019-01-20 12:00:00+00:00,,,0.2266838550567627,-12.035665804437754,,,,,,,,,,,0.30915629863739014,13.485078318298878,,,,,0.170418381690979,0.8661796002819007,,,4,4
2019-01-20 18:00:00+00:00,,,0.182639479637146,-3.8732408487909016,,,,,,,,,,,0.24714529514312744,6.942173789593402,,,,,0.12923264503479004,2.5440514409599637,0.031288981437683105,0.3828078607385843,6,6
2019-01-21 00:00:00+00:00,,,0.23173588514328003,-17.486281959178363,,,,,0.21987700462341309,6.433525775235442,,,,,0.2826942205429077,7.544168419672798,,,,,0.12436974048614502,0.7016530513423666,0.09823966026306152,0.3331799986064297,7,7
2019-01-21 06:00:00+00:00,,,0.24944639205932617,-29.11746016696245,,,,,0.3383665084838867,4.327555518567795,,,,,0.281821608543396,13.514353297532969,,,,,0.13756310939788818,0.398897937801551,0.21956145763397217,0.03680746862084042,8,7
2019-01-21 12:00:00+00:00,,,0.24287670850753784,-3.309123339741243,,,,,0.12091255187988281,5.499012203224793,,,,,0.32438433170318604,9.13156445201215,,,,,0.21380078792572021,0.731053340858367,0.16990816593170166,0.04683427886936271,8,8
2019-01-21 18:00:00+00:00,,,0.20661920309066772,-4.180535478197094,,,,,0.2281966209411621,-0.1621402464231473,,,,,0.32996463775634766,14.592460687661402,,,,,0.16684174537658691,1.2960465585263181,,,9,7
2019-01-22 00:00:00+00:00,,,0.1612790822982788,0.1262586249873476,,,,,,,0.1945662498474121,3.3155211508235403,,,0.30841076374053955,8.052767343858166,,,,,0.15130209922790527,0.5240761127176377,,,4,4
2019-01-22 06:00:00+00:00,,,0.2375285029411316,-2.704358706082109,,,,,0.20090651512145996,1.2400051802749894,0.058478474617004395,0.4081192698141976,,,0.2246772050857544,6.030123629804873,,,,,0.1835252046585083,1.2500650301901022,,,6,5
2019-01-22 12:00:00+00:00,,,0.2611587643623352,-25.65382728666507,,,,,0.07481586933135986,0.8882165602165513,0.035730838775634766,0.2838021745894383,,,0.2934471368789673,22.28895671365639,,,,,0.16088473796844482,-24.126331236891446,,,5,5
2019-01-22 18:00:00+00:00,,,0.26508915424346924,-47.24213111182381,,,0.02443873882293701,0.003990979864336795,0.040041983127593994,-0.25269748661829683,,,,,0.22226524353027344,6.201197540792788,,,,,0.15607035160064697,0.397665203496557,,,5,5
2019-01-23 00:00:00+00:00,,,0.23110181093215942,-29.784292618550612,,,0.32867705821990967,-1.8156833091300388,0.3622230291366577,6.231256157000423,0.03308701515197754,-0.5879814385213327,,,0.3090583086013794,7.836315332146545,,,,,0.16571033000946045,2.3410737476929646,,,6,6
2019-01-23 06:00:00+00:00,,,0.21293485164642334,-4.827879885251617,,,0.11013507843017578,-1.9029179839804926,0.16474652290344238,-0.07749413860795988,,,,,,,0.3108062744140625,9.012418001580215,,,0.17689037322998047,1.8181138202155234,,,5,5
2019-01-23 12:00:00+00:00,,,0.2141374945640564,-4.4953412551440595,,,0.1718888282775879,-1.733029593290715,0.20105504989624023,1.355479833071801,,,,,,,0.23370802402496338,5.550641080032868,,,0.17851722240447998,2.485295466552846,,,5,5
2019-01-23 18:00:00+00:00,,,0.14017295837402344,35.259944455053635,,,0.08947992324829102,-0.20651443739847158,0.202531099319458,-0.9257653135600432,,,,,,,0.2831360101699829,5.978477875596306,,,0.10902571678161621,0.819085119578677,,,5,5
2019-01-24 00:00:00+00:00,,,0.22183334827423096,-6.72719740713523,,,0.2676527500152588,0.07144438134950061,,,0.18201673030853271,0.3673658314613698,,,,,0.18068504333496094,1.4160869716711593,,,0.1342393159866333,7.428906769461536,,,7,7
2019-01-24 06:00:00+00:00,,,0.23470741510391235,-2.507858447093303,,,0.19415682554244995,3.481859582511821,,,0.14848804473876953,1.831477997109034,,,,,0.20640528202056885,2.988530122167851,,,0.1293644905090332,4.693380167149774,0.5107834041118622,0.5378400047160904,8,8
2019-01-24 12:00:00+00:00,,,0.2384468913078308,-1.437707210741344,,,0.15282541513442993,-1.8020976651261407,,,0.17331218719482422,0.9245220476299552,,,,,0.3090813159942627,1.5369052218075492,,,0.18817520141601562,2.526961708666214,0.48419713973999023,-0.2207134202989521,8,7
2019-01-24 18:00:00+00:00,,,0.2593865394592285,-2.919957198987384,,,0.28197818994522095,-11.976960880967114,,,,,,,,,0.16558325290679932,1.2025494118287254,,,0.15697455406188965,1.633432351601112,,,5,4
2019-01-25 00:00:00+00:00,,,0.20032328367233276,-1.7402483631847838,,,0.10490167140960693,-1.2431209879164402,,,,,,,,,0.05211251974105835,0.11336549927678773,,,0.14503729343414307,0.5211618936774745,,,5,5
2019-01-25 06:00:00+00:00,,,0.29142045974731445,-5.070133678946968,,,0.281352162361145,-1.8798997613945228,,,,,,,,,0.067310631275177,-0.22197351836541865,,,0.15430033206939697,1.2804182696477573,,,5,5
2019-01-25 12:00:00+00:00,,,0.2683767080307007,-3.353987031132708,,,0.22611528635025024,-5.364344081760336,,,,,,,,,,,,,0.19253814220428467,0.9188207484739696,,,3,3
2019-01-25 18:00:00+00:00,,,0.08485269546508789,41.19810061169991,,,,,0.2797197103500366,-12.115914695225266,,,,,,,,,,,0.15325546264648438,1.3384736798885422,,,3,3
2019-01-26 00:00:00+00:00,,,0.27818065881729126,-1.9515198668089602,,,,,0.17720943689346313,3.3865412758569478,,,,,,,,,,,0.24375617504119873,1.0260715294693317,,,3,3
2019-01-26 06:00:00+00:00,,,0.32153868675231934,-37.04338988164636,,,,,0.22344374656677246,-6.229688440616483,,,,,,,,,,,0.15206313133239746,0.7805061320441412,,,4,4
2019-01-26 12:00:00+00:00,,,0.15629953145980835,-3.388086646844633,,,,,0.20931261777877808,-14.763353023044882,,,,,,,,,,,0.1574411392211914,1.1299553745644282,,,3,3
2019-01-26 18:00:00+00:00,,,0.21882468461990356,-1.603952794936073,,,,,0.12555456161499023,-9.088821011105438,,,0.09765607118606567,-1.0566934625643103,,,,,,,0.15550386905670166,0.711875944764932,,,5,4
2019-01-27 00:00:00+00:00,,,0.2256380319595337,-1.1923400091650818,,,,,0.14145171642303467,-11.957076410252785,,,0.1109844446182251,-0.23430034993678123,,,,,,,0.21204423904418945,1.0801662926544209,,,5,5
2019-01-27 06:00:00+00:00,,,0.22946244478225708,-2.507831400440962,,,,,0.16143923997879028,-7.415776276572246,,,0.1949002742767334,0.9319832483701261,,,,,,,0.18928182125091553,1.975784978650972,,,5,5
2019-01-27 12:00:00+00:00,,,0.2424413561820984,-9.21744112648268,,,,,0.20400214195251465,-6.14713604495674,,,0.3668018579483032,0.7499168426135855,,,,,,,0.3103182315826416,2.2430785165542546,,,5,5
2019-01-27 18:00:00+00:00,,,0.3007749319076538,-2.873046104334823,,,,,0.20494210720062256,-12.25640871387567,,,0.01505732536315918,0.09550568081671094,,,,,,,0.21020913124084473,2.1479791573390083,,,5,5
2019-01-28 00:00:00+00:00,,,0.25775784254074097,-4.365529660921727,,,,,0.19133615493774414,-11.276549563178365,,,0.26172709465026855,-3.507115303633357,,,,,,,0.1714479923248291,0.754353387732005,,,6,6
2019-01-28 06:00:00+00:00,,,0.27148663997650146,-2.9001109370113616,,,,,0.18474209308624268,-16.26239154697183,,,0.03436845541000366,0.2775733924260283,,,,,,,0.18574607372283936,1.105549527098535,,,7,7
2019-01-28 12:00:00+00:00,,,0.30223560333251953,-2.9960881828552974,,,,,0.225746750831604,-16.453827783924474,,,0.10399407148361206,-6.793832954338924,,,,,,,0.25437307357788086,2.077915758585416,,,6,6
2019-01-28 18:00:00+00:00,,,0.291617751121521,-6.141958083928549,,,,,0.2795814871788025,-7.23181101360556,,,0.12368983030319214,-3.705428575651802,,,,,,,0.1965789794921875,1.3965723485045758,,,7,7
2019-01-29 00:00:00+00:00,,,0.2580310106277466,-38.155048506585345,,,,,0.24144375324249268,-11.270881735305704,,,0.2113932967185974,-1.85531953427298,,,,,,,0.12642574310302734,1.9556139914633512,,,7,7
2019-01-29 06:00:00+00:00,,,0.2752663493156433,-2.5333875168800946,,,,,0.2013126015663147,-5.876742691676308,,,0.21796530485153198,-8.299728696847685,,,,,,,0.16648268699645996,1.1098240408988511,,,6,6
2019-01-29 12:00:00+00:00,,,0.3142104148864746,-4.032408416769506,,,,,0.2892785668373108,-28.334769793661735,,,0.11431586742401123,-3.2148444256698943,,,,,,,0.24113714694976807,1.2902321929370641,,,7,7
2019-01-29 18:00:00+00:00,,,0.23135221004486084,-7.724926679068695,,,,,0.14238381385803223,-2.612215100586871,0.33525168895721436,-0.2553340748221374,0.12950491905212402,-2.473900663992285,0.5230457484722137,-5.607948915204545,,,,,0.22412919998168945,1.3935941073401446,,,9,9
2019-01-30 00:00:00+00:00,,,0.2232709527015686,-1.7514548485382284,,,0.8104243278503418,-0.6610106672430824,0.23299163579940796,-21.323349817189165,,,0.10926491022109985,-0.20979276032270244,0.14562863111495972,-3.1915446943988997,,,,,0.19165408611297607,1.4475780768843074,,,9,9
2019-01-30 06:00:00+00:00,,,0.25863009691238403,-2.6678354697498325,,,0.34843307733535767,0.05706750040676027,0.18696820735931396,-4.21928460676731,0.5962463021278381,-2.414898163334007,0.0955725908279419,0.79342157536297,0.3255871534347534,-3.6718556232883373,,,,,0.11847376823425293,0.15306329347900086,,,10,10
2019-01-30 12:00:00+00:00,,,0.272338330745697,-3.196724899860759,,,0.4841405153274536,-8.30338867412127,0.14367425441741943,-2.8114058050164314,0.07366925477981567,-0.27730754099744265,0.44085586071014404,-3.74474268095704,0.1992740035057068,-11.607564431732108,,,,,0.27159202098846436,0.31677965826095267,,,10,10
2019-01-30 18:00:00+00:00,,,0.26284462213516235,-25.23404452972787,,,0.1346006989479065,0.14186503702835002,0.23982679843902588,-34.05081555003845,0.24064385890960693,-3.4361904948584185,0.04233264923095703,4.513350029790647,0.31823474168777466,-6.588290803858895,,,,,,,0.1297135353088379,0.4303119730138505,8,8
2019-01-31 00:00:00+00:00,,,0.21906644105911255,-4.8737918478122175,,,0.06028485298156738,-0.14539449223110343,0.3433247208595276,-15.308015666337077,0.1434604525566101,0.8638036334035545,0.09725987911224365,1.2779750419754796,0.37220948934555054,-11.814156770187465,,,,,,,0.07061910629272461,-22.501671794093063,11,11
2019-01-31 06:00:00+00:00,,,0.27363264560699463,-2.0308691070726232,,,0.0062860846519470215,0.03036876396285024,0.25474250316619873,-11.45561868176118,0.535937637090683,-0.5709951118627805,0.011188089847564697,-1.001822107693809,0.20070809125900269,-15.144701396703761,,,,,,,0.26790714263916016,3.0756256400691897,10,10
2019-01-31 12:00:00+00:00,,,0.2300606369972229,-3.7189206343508685,,,0.04984861612319946,-0.08854138069026696,0.20293134450912476,-3.100628117176881,0.11360013484954834,-0.14142364432929988,0.018406271934509277,-1.7823084470892534,0.3161303997039795,-10.311993190668387,,,,,,,0.23713147640228271,0.332814005915728,11,11
2019-01-31 18:00:00+00:00,,,0.21175003051757812,-2.82999491504936,,,0.13178151845932007,-0.6379208731242142,0.3481610417366028,-10.90987895526572,0.15310686826705933,-0.4806859418085897,,,0.12457674741744995,-4.150245696116887,,,,,,,0.20686185359954834,0.4794362291669382,10,10
2019-02-01 00:00:00+00:00,,,0.19599586725234985,-9.10092002535915,,,0.08902204036712646,-1.223556026354299,,,0.3011428117752075,-10.55620911315146,,,0.31234633922576904,-15.577885053142582,,,,,,,0.08664727210998535,0.49613408671236664,8,8
2019-02-01 06:00:00+00:00,,,0.24084752798080444,-9.190941935038275,,,0.2005922794342041,-1.4210016700899264,,,0.07228660583496094,-1.227169603418181,,,0.32486701011657715,-9.584239920427471,,,,,,,0.12436223030090332,-2.944413093856173,8,8
2019-02-01 12:00:00+00:00,,,0.24055463075637817,-2.778062311839274,0.4955136179924011,-0.05936003773659266,0.16868317127227783,-1.2417316190113303,0.04551517963409424,-2.3891350501474244,0.251311719417572,-7.265718532578232,,,0.280053973197937,-18.337103314809532,,,,,,,0.027069091796875,-14.824439820165237,9,9
2019-02-01 18:00:00+00:00,,,0.31447166204452515,-22.242410543634012,,,0.13049155473709106,-1.2281156341628632,0.11252754926681519,-0.23235868285371714,0.3568776249885559,-7.380500660304897,,,0.43049299716949463,-17.878003984624552,,,0.45373594760894775,0.4031155778379102,0.1333833932876587,0.23455668805710098,,,10,10
2019-02-02 00:00:00+00:00,0.06299316883087158,0.012544436658677877,0.21224266290664673,9.034103975154041,,,0.10920518636703491,0.05836514187095395,,,0.29458343982696533,-3.4255033746272123,,,0.32088953256607056,-8.927525186101395,,,0.21375465393066406,-2.03198293375059,0.11443591117858887,0.2542964002908875,,,9,9
2019-02-02 06:00:00+00:00,,,0.19532203674316406,-2.0161819254666438,,,0.16937041282653809,-2.635039685602125,,,0.24348264932632446,-5.646336474480338,,,0.10539579391479492,-1.501499630343596,,,0.000986933708190918,-0.1308018723597005,0.19111204147338867,-0.14083606550747635,0.24203979969024658,0.19282112699037052,11,11
2019-02-02 12:00:00+00:00,,,0.21426135301589966,-1.7516564844396412,,,0.3931478261947632,-9.618602545240071,,,0.2486068606376648,-2.9187139353791385,,,0.4618690609931946,-14.013258173086744,0.11812019348144531,0.02307784824163023,0.28608596324920654,-0.07532072341712438,0.27237188816070557,0.34452326376036524,0.3618640899658203,-0.35242559537487106,12,12
2019-02-02 18:00:00+00:00,,,0.26479464769363403,-13.889010876570167,,,0.09970176219940186,-2.6092285918755422,,,0.21766406297683716,-2.569353201975773,,,0.3945958614349365,-6.494315893489068,0.14555251598358154,0.12040729904279801,0.09821045398712158,-0.08478910581772028,0.25825273990631104,0.08752125593287491,,,10,10
2019-02-03 00:00:00+00:00,0.3826999068260193,-0.4827388676072144,0.2548336982727051,-2.065811475582754,,,0.15511757135391235,0.13430324968735052,,,0.20776140689849854,-1.2814208541461223,,,0.1833972930908203,-4.961318079643814,,,0.0748821496963501,0.4918454059362716,0.34330832958221436,0.29833581024601374,0.033427417278289795,0.038132530167469064,9,9
2019-02-03 06:00:00+00:00,,,0.20102423429489136,-0.9830533993360212,,,0.30609452724456787,-3.7879242005590363,0.1431599259376526,-5.633251599807277,0.10721898078918457,-0.9472165902824866,,,0.27417808771133423,-4.923264290462538,,,0.19742703437805176,0.24234175854358175,0.262614369392395,-0.33974274885279987,,,8,8
2019-02-03 12:00:00+00:00,,,0.24176418781280518,-1.866922873931704,,,,,0.27790242433547974,-5.116903502478007,0.06455361843109131,-0.42634421246126825,,,0.42471450567245483,-12.722676124668135,,,0.08553898334503174,-0.14465137548927237,0.5436954498291016,0.7192590190502525,,,6,6
2019-02-03 18:00:00+00:00,,,0.2019091248512268,-1.0775535301045593,,,0.10232937335968018,1.9974427608853873,0.29116272926330566,-2.78060756525847,0.10044699907302856,0.39995100144213563,,,,,0.5836575925350189,-4.385557886508435,0.013444602489471436,-19.892005241578335,0.18944287300109863,-0.15189714349240946,,,8,8
2019-02-04 00:00:00+00:00,,,0.2241659164428711,-3.862195836330292,,,,,0.23492377996444702,-4.238043408872165,0.17034387588500977,-1.4691691977134538,,,,,0.411254346370697,-1.069123755165424,0.04646790027618408,1.1294813901818264,0.08097565174102783,0.4609342123229815,,,7,7
2019-02-04 06:00:00+00:00,0.2741488218307495,-0.1650780820116191,0.25905120372772217,-3.2845652174684608,,,,,0.11458384990692139,-11.272141631798036,0.0701286792755127,0.04749471942096438,,,,,0.21039462089538574,-1.4458949747952592,0.24449539184570312,0.0077833830489262715,0.21795403957366943,-0.07343780178650766,,,7,7
2019-02-04 12:00:00+00:00,0.2516874670982361,-3.0752628790547196,0.20316004753112793,-1.1974493146146958,,,,,0.01451420783996582,10.097420495221437,0.17382872104644775,-0.008384277505068751,,,,,,,0.14180636405944824,-0.013804180850087383,0.2649970054626465,-0.1474315104436908,,,7,7
2019-02-04 18:00:00+00:00,,,0.1880611777305603,-0.9899941976961305,,,,,0.31880563497543335,-14.689286780138131,0.6685829162597656,-0.4340806229034014,,,,,,,0.18536674976348877,0.08751452142466773,0.10228419303894043,-0.00879119542737667,,,6,6
2019-02-05 00:00:00+00:00,,,0.2536776661872864,-4.804185180245327,,,,,0.15691691637039185,-2.714533736647623,,,,,,,,,0.016233086585998535,-0.11211412665142081,0.08922290802001953,0.9817775687427609,,,7,6
2019-02-05 06:00:00+00:00,,,0.23777461051940918,-3.3556563697619453,,,,,0.2266591191291809,-1.5317148106497236,,,,,,,0.2316269874572754,-0.4085845925283405,0.18209588527679443,20.647004352499074,0.3483380079269409,0.04801083941022313,,,7,7
2019-02-05 12:00:00+00:00,,,0.16975557804107666,-1.408279141304445,,,,,0.31097477674484253,-5.296660197344411,,,,,,,0.23245060443878174,-0.5236661991580343,0.02748894691467285,0.22555052095346267,0.10177135467529297,0.3141211775354678,,,7,7
2019-02-05 18:00:00+00:00,,,0.21407538652420044,-2.0572810452907775,,,,,0.2933230996131897,-7.540011988656828,,,,,,,0.2107146978378296,0.39759159494853963,0.16245710849761963,0.2674304742900801,,,,,5,5
2019-02-06 00:00:00+00:00,,,0.21703797578811646,-1.850197821495013,,,,,0.14548957347869873,1.8339901786856485,,,,,,,0.07737547159194946,0.5534179794139163,,,0.0962299108505249,0.3827532739204617,,,4,4
2019-02-06 06:00:00+00:00,,,0.23368287086486816,-2.2830890364889505,,,,,0.19169610738754272,-5.028793050910855,,,,,,,0.12400305271148682,0.5128013696148916,,,0.15352141857147217,0.9065634204350616,,,5,5
2019-02-06 12:00:00+00:00,,,0.21029961109161377,-0.3743783559431136,,,,,0.11541056632995605,-2.755871768597213,,,,,,,0.01761305332183838,0.012110400320412351,,,0.22255289554595947,0.6550343091820643,,,5,5
2019-02-06 18:00:00+00:00,,,0.21223902702331543,-1.7356882835064313,,,,,0.12172925472259521,-2.9438666341414623,,,,,,,,,,,0.18366992473602295,3.1435068816629768,,,3,3
2019-02-07 00:00:00+00:00,,,0.24663132429122925,-5.7453643253011455,,,,,0.23137634992599487,-11.821762640537637,,,,,,,,,,,0.1661440134048462,1.2368097939615998,,,5,5
2019-02-07 06:00:00+00:00,,,0.19744688272476196,-2.124964686846545,,,,,0.04002135992050171,0.9794412014273509,,,,,,,,,,,0.1019202470779419,-2.973518865527828,,,4,4
2019-02-07 12:00:00+00:00,,,0.21463549137115479,18.364330999027068,,,,,0.21033567190170288,-6.5060296952482455,0.18599069118499756,-0.01661419219976067,,,,,,,,,0.2142549753189087,1.9441798424924406,,,5,5
2019-02-07 18:00:00+00:00,0.23313260078430176,-0.996133926467082,0.1980801820755005,-1.0693127384897625,,,,,0.23761385679244995,-7.565069913365314,0.174238383769989,-0.7216064868106912,,,,,,,,,0.20965862274169922,1.2662841927017543,,,5,5
2019-02-08 00:00:00+00:00,,,0.1750388741493225,-1.4228287719202546,,,,,0.1990361213684082,-0.24670691415815463,,,,,,,,,,,0.14256370067596436,0.6499434475320102,0.6875683069229126,0.12188624969664344,6,6
2019-02-08 06:00:00+00:00,,,0.1875411868095398,-1.1011493674293893,,,,,0.038045287132263184,1.083822043451994,,,,,,,,,,,0.15585947036743164,0.32623537090707133,0.09018564224243164,-0.19414147977114357,6,6
2019-02-08 12:00:00+00:00,,,0.22376877069473267,-1.83812772691868,,,,,0.23212933540344238,0.5119956173759816,0.23792612552642822,0.5140087938982968,,,,,,,,,0.2417306900024414,2.464084280808853,0.6303448677062988,0.6291279989317562,5,5
2019-02-08 18:00:00+00:00,,,0.16253632307052612,-2.879431781588159,,,,,0.5233030915260315,-5.795696908442541,0.16393637657165527,-0.832128951153142,,,,,,,,,0.25163280963897705,1.6077675868534667,0.2919943928718567,-0.06327831089560663,5,5
2019-02-09 00:00:00+00:00,,,0.1733776330947876,-1.580150267448595,,,,,,,0.42846250534057617,-1.2169638096030937,,,,,,,,,0.14687883853912354,0.8883245600499556,,,3,3
2019-02-09 06:00:00+00:00,,,0.2203742265701294,-3.1574661590432305,,,,,,,,,,,,,,,,,0.14359068870544434,0.8495161290320273,,,3,2
2019-02-09 12:00:00+00:00,,,0.20118731260299683,-3.1744163332221085,,,,,0.1906338334083557,-4.432477256327064,,,,,,,,,,,0.17172980308532715,1.1115600121831708,,,3,3
2019-02-09 18:00:00+00:00,,,0.19443267583847046,-5.516301654433564,,,,,0.16672730445861816,0.1928731776344321,,,,,,,,,,,0.16848242282867432,1.9802202193198042,,,3,3
2019-02-10 00:00:00+00:00,,,0.18302446603775024,3.352613512729805,,,,,0.25499099493026733,-1.464439093387327,,,,,,,,,,,0.09615480899810791,1.2010744025246638,,,3,3
2019-02-10 06:00:00+00:00,,,0.19848525524139404,-4.984826439433084,,,,,0.001016855239868164,0.5763562118556851,,,,,,,,,,,0.20990526676177979,2.044822590095315,,,3,3
2019-02-10 12:00:00+00:00,,,0.216894268989563,-2.852287602891355,,,,,0.0011595487594604492,0.37229379115968775,,,,,,,,,,,0.21644282341003418,1.0306760482374246,,,3,3
2019-02-10 18:00:00+00:00,,,0.17597752809524536,0.8923566358605252,,,,,0.19365906715393066,-1.2283207828583371,,,,,,,,,,,0.2536475658416748,0.8780203092186125,,,3,3
2019-02-11 00:00:00+00:00,,,0.18228507041931152,-8.613137821143635,,,,,,,,,,,,,,,,,0.14684832096099854,0.6020874254194387,,,3,3
2019-02-11 06:00:00+00:00,,,0.18037694692611694,-2.1611615898594576,,,,,,,,,,,,,,,,,0.2301945686340332,1.2395125689218904,,,2,2
2019-02-11 12:00:00+00:00,,,0.22135192155838013,-3.2445632948922327,,,,,,,,,,,,,,,,,0.2155766487121582,1.2589462773148774,0.3111919164657593,-0.15007193333785804,3,3
2019-02-11 18:00:00+00:00,,,0.2446497082710266,-2.465345870840005,,,,,,,,,,,,,,,,,0.12138652801513672,0.3094363345352584,,,2,2
2019-02-12 00:00:00+00:00,,,0.23070430755615234,-3.0663130443155575,,,,,,,,,,,,,,,,,0.08041572570800781,1.1638801484072026,,,2,2
2019-02-12 06:00:00+00:00,,,0.23327088356018066,-2.813823398785353,,,,,,,,,,,,,,,,,0.13721537590026855,0.32739553024824397,,,4,4
2019-02-12 12:00:00+00:00,,,0.2257973551750183,-3.722407063619888,,,,,,,,,,,,,,,,,0.20012640953063965,1.1247138813791329,,,3,3
2019-02-12 18:00:00+00:00,,,0.2757185697555542,-3.2047694489512977,,,,,0.1791408658027649,-0.6180882552007874,,,,,,,,,,,0.18272674083709717,0.4760444434098421,,,5,5
2019-02-13 00:00:00+00:00,,,0.2372983694076538,-3.0084948174057846,0.412397563457489,0.9119347767660848,,,0.16359227895736694,2.4179938771036324,,,,,,,,,,,0.13684165477752686,0.031927862639784955,,,5,5
2019-02-13 06:00:00+00:00,,,0.3215872049331665,-23.71258852723786,,,,,,,0.2316341996192932,0.11594599919249318,,,,,,,,,0.1607755422592163,0.89165276984217,,,4,4
2019-02-13 12:00:00+00:00,,,0.27213114500045776,-4.259163447791987,,,0.3843041658401489,0.7402575579402774,0.3479465842247009,-9.642888399196002,,,,,,,,,,,0.2156221866607666,-1.3667083730038174,,,4,4
2019-02-13 18:00:00+00:00,,,0.2524688243865967,-9.861437669599779,,,0.3434699773788452,-1.2618040916547761,,,,,,,,,,,,,0.24498772621154785,0.8554764985754006,0.03605508804321289,-0.07199634484835275,4,4
2019-02-14 00:00:00+00:00,,,0.28377312421798706,-5.2657477271972,,,0.2000964879989624,2.0487688115654774,0.34023815393447876,-2.2236857723578325,,,,,,,,,,,0.14787936210632324,0.7667321409332707,0.08143246173858643,0.3658173336855869,5,5
2019-02-14 06:00:00+00:00,,,0.18783152103424072,-2.2276682683503215,,,,,,,,,0.443705677986145,6.173799164195761,,,,,,,0.1921372413635254,2.5077675543288382,0.08319360017776489,1.0357355907240045,4,4
2019-02-14 12:00:00+00:00,,,0.3060857653617859,-4.897314091201876,,,,,,,0.2704263925552368,-7.102754709532779,0.27720892429351807,7.801129507749728,,,,,,,0.18064427375793457,1.9743552495825794,,,4,4
2019-02-14 18:00:00+00:00,,,0.22419023513793945,-6.180583494717522,,,,,,,0.2526389956474304,-4.2653014352999925,,,0.2565793991088867,4.570848087846596,,,,,0.17151105403900146,1.0713507928089412,,,4,4
2019-02-15 00:00:00+00:00,,,0.22650933265686035,-6.117525749230603,,,,,,,,,,,0.37545573711395264,8.083284721790926,,,,,0.10688626766204834,0.631671328011963,,,3,3
2019-02-15 06:00:00+00:00,,,0.2200843095779419,-2.943095584311375,0.314009428024292,0.22303955152253943,,,,,,,,,0.38735413551330566,5.458639247495442,,,,,0.2027353048324585,1.668170706619603,,,4,4
2019-02-15 12:00:00+00:00,,,0.2488531470298767,-7.3780727442353875,,,,,,,,,,,0.2524745464324951,2.347878658549448,,,,,0.209372878074646,1.3547334973284046,,,3,3
2019-02-15 18:00:00+00:00,,,0.2626381516456604,-4.587089109605623,,,,,,,0.19668185710906982,-0.6546237950130223,,,0.409473180770874,10.273941326319688,,,,,0.16159987449645996,1.080532844339627,,,4,4
2019-02-16 00:00:00+00:00,,,0.2209181785583496,-5.414944678779707,,,,,,,,,,,0.2537733316421509,2.6569977278626657,,,,,0.16128098964691162,1.5353918447925383,,,3,3
2019-02-16 06:00:00+00:00,,,0.20679545402526855,2.2607967788803283,,,,,0.29917454719543457,8.539514236472446,0.24973559379577637,-0.35685723733114977,,,0.27757441997528076,2.493337166351641,,,,,0.17537498474121094,0.9933200005627633,,,6,6
2019-02-16 12:00:00+00:00,,,0.20413655042648315,-4.577004804619131,,,,,0.32981765270233154,4.442988690422573,0.007257997989654541,-0.0677257834213089,,,0.30713438987731934,2.503178639571781,,,,,0.19089221954345703,0.769292369348492,,,5,5
2019-02-16 18:00:00+00:00,,,0.25438153743743896,-3.7232166044520554,,,,,0.4145076274871826,7.773667169284283,0.28911787271499634,-0.034264020758258885,,,0.6094677448272705,9.826345452205532,,,,,0.21305418014526367,3.451049336580242,,,5,5
2019-02-17 00:00:00+00:00,,,0.20039105415344238,-3.682235574182325,,,,,0.30248022079467773,5.900258671978132,0.05823111534118652,-0.058725397428449594,,,,,,,,,0.22095203399658203,2.2563549591034544,,,5,5
2019-02-17 06:00:00+00:00,,,0.18758684396743774,-6.680225513749379,,,,,0.33024919033050537,11.614141358162682,0.043681979179382324,-0.23032105092152222,,,,,,,,,0.21471214294433594,1.0828563558437787,,,6,6
2019-02-17 12:00:00+00:00,,,0.2365095019340515,-2.2397743277442026,,,,,0.282739520072937,1.5845850938173012,0.13542890548706055,-4.183183320589823,,,,,,,,,0.2367492914199829,1.963973232690556,,,6,6
2019-02-17 18:00:00+00:00,0.24656760692596436,0.08341806552087112,0.24243682622909546,-1.8400661580958309,,,,,0.30126357078552246,6.672117196521998,0.5583159923553467,0.04469174954291575,,,,,,,,,0.18434536457061768,1.3070614187083338,,,7,7
2019-02-18 00:00:00+00:00,,,0.26730573177337646,-2.4413734123556545,,,,,0.3627357482910156,2.875776231066318,0.38439035415649414,1.870534103340399,,,0.3393353223800659,-2.4239358673587907,,,,,0.13211345672607422,1.7653795363774714,,,7,7
2019-02-18 06:00:00+00:00,,,0.25726741552352905,-12.303290125641107,,,,,0.33153653144836426,3.8909847319549646,0.31110191345214844,-0.6569721643618546,,,0.42701923847198486,11.738974247656085,,,,,0.16203546524047852,2.2239746016580995,,,5,5
2019-02-18 12:00:00+00:00,,,0.22491061687469482,-2.20221724506244,,,,,0.23665320873260498,3.0596466704133336,,,,,0.37249326705932617,9.540357551003945,,,,,0.14733564853668213,2.103614658082703,,,4,4
2019-02-18 18:00:00+00:00,,,0.19123971462249756,-6.902882246604207,,,,,0.051167964935302734,-0.6390908078489514,,,,,0.35028183460235596,4.037665874918248,,,,,0.13212764263153076,1.1532116403566448,,,4,4
2019-02-19 00:00:00+00:00,,,0.314400851726532,-25.930589470798854,,,,,0.2805997133255005,1.4564976431312493,0.21757423877716064,3.2167070764357373,,,,,,,,,0.12802982330322266,0.6172541338602731,,,4,4
2019-02-19 06:00:00+00:00,,,0.20221054553985596,-2.1229425322852515,,,,,0.018130898475646973,0.4991716003207979,0.12224078178405762,-1.2090767885788583,,,,,,,,,0.11873245239257812,1.1124292479033868,,,4,4
2019-02-19 12:00:00+00:00,,,0.1905727982521057,-1.4725608775834618,,,0.4073293209075928,-0.37283428099401417,,,0.13771319389343262,2.4728626744660622,,,,,,,,,0.0832139253616333,0.39895389930370156,,,4,4
2019-02-19 18:00:00+00:00,,,0.21845519542694092,-11.9178493045974,,,0.042844295501708984,0.049875928701133436,,,0.22705650329589844,1.922215956771021,,,,,,,,,0.13128769397735596,0.3336409220334034,,,4,4
2019-02-20 00:00:00+00:00,,,0.18050801753997803,-2.5473312117611937,,,0.1998511552810669,-2.112900534475439,,,0.04836630821228027,-1.4547354685106333,,,,,,,,,0.14315295219421387,0.269206709926117,,,5,5
2019-02-20 06:00:00+00:00,,,0.19952571392059326,-2.444635901520074,,,0.17209362983703613,-0.8378926312208046,,,0.17924708127975464,0.9601103559174674,,,,,,,,,0.11043548583984375,0.19189885925842812,,,4,4
2019-02-20 12:00:00+00:00,,,0.2418261170387268,-3.4399504788840405,,,0.20223397016525269,-2.9575738182736826,,,,,,,,,,,,,0.13788044452667236,0.27792591153586654,,,3,3
2019-02-20 18:00:00+00:00,,,0.18212974071502686,-3.4730310671807447,,,0.12750780582427979,-3.021790390528206,,,,,,,,,,,,,0.10684084892272949,1.1056513585799204,0.2944495677947998,-0.22619900168698792,5,5
2019-02-21 00:00:00+00:00,,,0.24085897207260132,-2.663204981842325,,,0.13987624645233154,-1.3271947447060553,,,,,,,,,,,,,0.07416796684265137,0.7845270574968245,0.3661489486694336,-0.3767071401799846,6,4
2019-02-21 06:00:00+00:00,,,0.236855149269104,-1.536804263145389,,,0.2863848805427551,-5.326123813540088,,,,,,,,,,,,,0.1703932285308838,0.3864748506705311,0.4555354118347168,0.0613526947311684,6,5
2019-02-21 12:00:00+00:00,,,0.20041418075561523,-1.9490869709876002,,,0.16997754573822021,-1.0496110273546406,,,,,,,,,,,,,0.3274425268173218,0.4368828520343211,,,5,5
2019-02-21 18:00:00+00:00,,,0.2556857466697693,-2.623127044036715,,,0.1519395112991333,-3.3106955398106597,,,,,,,,,,,,,0.14391052722930908,1.1444675956090589,,,5,5
2019-02-22 00:00:00+00:00,,,0.2549583315849304,-5.290448122112965,,,0.2854979634284973,-3.6380979637782374,,,,,,,,,,,,,0.13486933708190918,4.563595390672333,,,4,4
2019-02-22 06:00:00+00:00,,,0.22073984146118164,-2.5206938222239548,,,0.10867905616760254,0.0669592131275984,0.22620999813079834,-8.863420354983067,,,,,,,,,,,0.004713118076324463,-29.953664016029254,,,4,4
2019-02-22 12:00:00+00:00,,,0.26048988103866577,-1.8400256414139655,,,0.4877933859825134,-4.4299475161112545,0.3217155933380127,-10.216996299673301,,,,,,,,,,,0.045627713203430176,-28.786422231602273,,,6,6
2019-02-22 18:00:00+00:00,,,0.24749410152435303,-2.6049067322427706,,,0.292507529258728,-0.654527754244953,0.23354512453079224,-4.317791202113771,,,,,,,,,,,0.10915029048919678,-0.004927624292506671,,,4,4
2019-02-23 00:00:00+00:00,,,0.2605089545249939,-2.2517569567536304,,,,,0.1909266710281372,-12.588159091167688,,,,,,,,,,,0.06937038898468018,0.10466916337751103,,,4,4
2019-02-23 06:00:00+00:00,,,0.3062880039215088,-14.83960929777336,,,,,0.1127060055732727,5.334720993410772,,,,,,,,,,,0.1054379940032959,0.4635871300451273,,,4,4
2019-02-23 12:00:00+00:00,,,0.3167763948440552,-6.6051563271351315,,,,,0.13837361335754395,-3.446526834750873,,,,,,,,,,,0.24975991249084473,1.7533709250000986,,,4,4
2019-02-23 18:00:00+00:00,,,0.26837098598480225,-6.859630754149893,,,,,0.20298177003860474,-4.058316346497778,,,,,,,,,,,0.10303199291229248,0.6641274776047287,,,4,4
2019-02-24 00:00:00+00:00,,,0.2351132035255432,-9.479628190446787,,,,,0.22499936819076538,-2.967016539200465,,,,,,,,,,,0.10741615295410156,0.4009531299019072,,,5,5
2019-02-24 06:00:00+00:00,,,0.23310428857803345,-5.044989494336146,,,,,0.27542567253112793,-4.585775306433511,,,,,,,,,,,0.14268791675567627,13.821715014824823,,,3,3
2019-02-24 12:00:00+00:00,,,0.2581125497817993,-11.655069784332058,,,,,0.3278356194496155,-4.8805615298283795,,,,,,,,,,,0.15403282642364502,1.191311693368404,,,3,3
2019-02-24 18:00:00+00:00,,,0.2658947706222534,-5.432940909266497,,,,,0.3093194365501404,-7.169785535765673,,,,,,,,,,,0.16635048389434814,0.48061367101071395,,,3,3
2019-02-25 00:00:00+00:00,,,0.24670612812042236,-7.372794539568318,,,,,0.26768720149993896,-5.737746566987374,,,,,,,,,,,0.09246015548706055,0.468829691168917,,,4,4
2019-02-25 06:00:00+00:00,,,0.28612232208251953,-3.991599595107309,,,,,0.32741761207580566,-5.56126112766981,,,,,,,,,,,0.13541603088378906,0.7133396066643171,,,6,6
2019-02-25 12:00:00+00:00,,,0.282992959022522,-6.427373040926634,,,,,0.3159790635108948,-11.952854259627095,,,,,,,,,,,0.1564648151397705,0.19591470584919204,,,6,6
2019-02-25 18:00:00+00:00,,,0.2746259570121765,-11.650001197711266,,,,,0.37558066844940186,-12.13243232431507,0.2513303756713867,0.2309213795621715,,,,,,,,,0.19148695468902588,0.5702649721769839,,,5,5
2019-02-26 00:00:00+00:00,,,0.27619796991348267,-5.516993647850248,,,,,0.27042311429977417,-8.0007742157576,0.0377504825592041,-1.343637623838055,,,,,,,,,0.1816718578338623,26.50399782625245,,,6,6
2019-02-26 06:00:00+00:00,,,0.24717038869857788,-4.547742474247689,,,,,0.17835628986358643,-18.341084596506157,0.14571857452392578,-0.1206732424584817,,,,,,,,,0.11438620090484619,0.5980110114531764,,,7,7
2019-02-26 12:00:00+00:00,,,0.28646957874298096,-4.910420492422599,,,,,0.22458189725875854,-3.6517848989363686,,,,,,,,,,,0.14951205253601074,0.4557229504790871,0.27969181537628174,1.297907056718114,6,6
2019-02-26 18:00:00+00:00,,,0.23190099000930786,-5.849994249719012,,,,,0.164564847946167,0.4457615236213137,0.28370559215545654,0.06106495212147106,,,0.13293814659118652,-4.865033955899289,,,,,0.15834581851959229,0.7876628230140905,0.08048796653747559,-0.3602631463564291,7,7
2019-02-27 00:00:00+00:00,,,0.30956053733825684,-9.475589012500299,,,,,0.3865532875061035,-5.093511167617385,0.04533106088638306,0.03936292141808657,,,,,,,,,0.17525005340576172,0.8787522703199503,0.24399816989898682,0.19720410718494763,7,6
2019-02-27 06:00:00+00:00,,,0.3109382390975952,-3.661130144678505,,,,,0.28731703758239746,-3.3869762992069914,0.23362016677856445,-0.5121437861296699,,,,,,,,,0.23631834983825684,1.9564837467417422,,,6,5
2019-02-27 12:00:00+00:00,,,0.2914361357688904,-13.423355468089403,,,,,0.3419307470321655,-6.667215870264877,0.14922219514846802,-1.5373321109620919,,,,,,,,,0.33962130546569824,3.262671883587418,,,6,6
2019-02-27 18:00:00+00:00,,,0.2901538014411926,-5.816945999212828,,,,,0.2149639129638672,-9.121425350007872,0.3979138135910034,-1.1318175066127245,,,,,,,,,0.09318983554840088,0.23460551218196216,,,6,6
2019-02-28 00:00:00+00:00,,,0.26965469121932983,-5.812773190240611,,,,,0.2834516167640686,-4.332298303204375,0.09330230951309204,0.5522656264774441,,,,,,,,,0.04618263244628906,0.7695294095785497,,,6,6
2019-02-28 06:00:00+00:00,,,0.3147643208503723,-5.12246751392507,,,,,0.24567270278930664,-1.5953870666938632,0.058770179748535156,-0.14396131269197693,,,,,,,,,0.17822372913360596,0.1447775651070517,,,8,8
2019-02-28 12:00:00+00:00,,,0.2752702832221985,-3.271741435513023,,,,,0.43395566940307617,-2.8201588452854147,0.1841086745262146,-3.4083495147818827,,,0.14481472969055176,-5.283009467974873,,,,,0.0843956470489502,0.43725898582912287,,,8,8
2019-02-28 18:00:00+00:00,,,0.33255720138549805,-12.793195424931637,,,,,0.27503854036331177,-4.6670124516394385,0.13144361972808838,-3.8557726001767865,,,0.04438298940658569,-16.640771424205255,,,,,0.2392423152923584,1.2888442078445284,,,6,6
2019-03-01 00:00:00+00:00,,,0.259718120098114,-2.432366266516484,,,,,0.30640435218811035,-2.2456031556445937,0.17709791660308838,-4.010192870044833,,,0.1054728627204895,-7.313504524626115,,,,,0.1721038818359375,1.5300773567293924,,,8,8
2019-03-01 06:00:00+00:00,,,0.35780400037765503,-2.7776118754188626,,,,,0.09991830587387085,2.093262417433577,0.17428892850875854,-1.2129148774153784,,,0.2515292763710022,-1.6850228193101606,,,,,0.22690308094024658,0.4448199481721059,,,8,8
2019-03-01 12:00:00+00:00,,,0.3357076644897461,-5.960225053271902,,,,,0.3651773929595947,-4.8502496827426995,0.08760040998458862,-0.3690358669971185,0.7022733688354492,1.2719662041306992,0.3468984365463257,-3.7336800118317592,,,,,0.11648690700531006,0.36347119725282817,,,10,10
2019-03-01 18:00:00+00:00,,,0.33016377687454224,-4.755896262330429,,,,,0.16778779029846191,-3.1368881109779068,0.06686651706695557,-1.101247536275512,0.22943580150604248,1.1215530546243553,0.17524617910385132,-1.5535228022011374,,,,,0.161820650100708,1.4296189904148082,,,10,10
2019-03-02 00:00:00+00:00,,,0.355165958404541,-7.128290636039956,,,,,0.17786282300949097,-2.5685327311960933,0.2086198925971985,-2.6575182930124206,,,0.2576978802680969,-0.23594247925841852,,,,,0.22369670867919922,17.13155965436444,,,9,9
2019-03-02 06:00:00+00:00,,,0.2558727264404297,-7.656856752183797,,,,,0.012232840061187744,-5.650278936414177,0.29030102491378784,-2.0468953109371846,,,0.28333574533462524,-1.101313373594974,,,,,0.017668843269348145,-0.11987150398842995,,,9,8
2019-03-02 12:00:00+00:00,,,0.32777005434036255,-3.609586727972117,,,,,0.05347549915313721,0.011454106334693251,0.13051992654800415,-0.7331558624651683,,,0.41708672046661377,-8.074916103998412,,,,,0.14476895332336426,0.030303947358748685,,,9,9
2019-03-02 18:00:00+00:00,,,0.2960309386253357,-3.73239810755303,,,,,0.03533649444580078,1.13107259362009,0.03095841407775879,0.01660732572077608,,,0.3306599259376526,-6.420292110075348,0.16700506210327148,0.08694716084095348,,,0.13522100448608398,1.294816443954276,,,8,8
2019-03-03 00:00:00+00:00,,,0.32923924922943115,-2.9381074890552994,,,,,0.26826411485671997,-5.176170496547718,0.0035210251808166504,0.09149037524691807,,,0.21147572994232178,-0.17435253069539033,0.05770611763000488,-0.18364386148386158,,,0.1549445390701294,0.37917501539836374,,,9,9
2019-03-03 06:00:00+00:00,,,0.28698283433914185,-5.125094333933337,,,,,0.21033096313476562,1.9935662681102868,0.06912517547607422,-0.5091259167331548,,,0.1643228530883789,-0.2703034466811547,0.15425121784210205,0.0433269721216181,,,0.18950963020324707,-0.06961229706322747,,,10,10
2019-03-03 12:00:00+00:00,,,0.34842580556869507,-9.380739406921355,,,,,0.06147897243499756,0.3102874665147545,0.23574435710906982,-1.6975693827773952,,,0.0704309344291687,-1.0564513634386024,0.2059040069580078,0.5210640002852885,0.32648491859436035,0.019827040839819524,,,0.21795916557312012,1.1442675815541088,11,11
2019-03-03 18:00:00+00:00,,,0.287916898727417,-3.999497626790516,,,,,0.08691513538360596,-5.0243521656170405,0.11574745178222656,-0.48652983064015226,,,0.06961792707443237,-0.20701917572621772,0.3848262429237366,-2.5716709207929185,0.3893636465072632,0.46881146173086435,,,0.016680479049682617,0.4346087261291322,11,11
2019-03-04 00:00:00+00:00,,,0.31780940294265747,-4.485295456106448,,,,,,,0.07893764972686768,-0.3706590885103552,,,0.07584488391876221,2.324034197989568,0.07486188411712646,0.3317251471668196,,,0.6306296586990356,1.5707379745987904,0.011947989463806152,0.009663640769680258,10,10
2019-03-04 06:00:00+00:00,,,0.3483881950378418,-0.07423037512411616,,,,,,,0.22441017627716064,0.46541288368713946,,,0.24033886194229126,-0.2239814300885678,0.19293278455734253,-0.06514746923421832,,,0.36421477794647217,-0.11887989676016197,0.002117335796356201,-0.22691747687800806,9,9
2019-03-04 12:00:00+00:00,,,0.33315885066986084,-1.384532048530079,,,,,0.105368971824646,0.19937974176423295,0.21334141492843628,0.6916306376815741,,,0.21776282787322998,-1.1991819485680724,0.23082417249679565,-4.94646793632812,,,0.1987926959991455,0.019026300469251148,0.08397561311721802,-0.4208089644311046,11,11
2019-03-04 18:00:00+00:00,,,0.44049549102783203,-15.925763926023388,,,,,0.18504565954208374,-0.27779597493394537,,,,,0.1574016809463501,1.463322665433493,0.728883296251297,-1.874257119343773,0.3301045894622803,-0.23715145278399563,0.45157885551452637,0.5348773442592424,0.07448232173919678,-1.1666776671621137,12,12
2019-03-05 00:00:00+00:00,,,0.30795222520828247,17.97752615657837,,,,,,,0.3420470952987671,-2.34966287460496,,,0.1113632321357727,-3.19457008004435,0.022266030311584473,-0.03340580733981425,0.0876617431640625,0.4216596282025794,0.17868399620056152,0.05796864240644826,0.2641502618789673,0.28148825284728823,8,8
2019-03-05 06:00:00+00:00,,,0.27171164751052856,-3.229948685111064,,,,,,,,,,,0.05672812461853027,0.10273129981189638,0.04128146171569824,-0.19768676312384179,0.43910717964172363,0.13652164066017292,0.07916802167892456,-0.41672404427673704,0.3851526975631714,-0.02056234727766968,6,6
2019-03-05 12:00:00+00:00,,,0.32338762283325195,-13.266677699963722,,,,,,,,,,,,,0.16962623596191406,0.636672790970057,0.19391679763793945,0.6330009441390222,0.5924118757247925,0.27225191674097776,0.4446563720703125,0.5763097969744293,5,5
2019-03-05 18:00:00+00:00,,,0.34434974193573,-11.095870165151613,,,,,,,,,,,0.05621373653411865,-1.4868360164009313,0.0944402813911438,-0.36949911540020414,0.20068275928497314,0.13186741233226,0.1779712438583374,-0.8296739943955507,,,6,5
2019-03-06 00:00:00+00:00,0.12837505340576172,-0.2620327060590615,0.33612048625946045,-4.68487103507225,,,,,,,,,,,,,0.4346761703491211,-0.1095295878684696,0.1299382448196411,0.34156376951970746,0.08154416084289551,0.03213897982170906,,,5,5
2019-03-06 06:00:00+00:00,,,0.34312134981155396,-7.329668347224691,,,,,,,,,,,,,,,0.14371514320373535,-0.4233161954520789,0.4768190383911133,-0.23690855529409055,,,3,3
2019-03-06 12:00:00+00:00,,,0.32837343215942383,-4.467269652993151,,,,,,,,,,,,,,,0.3188595771789551,0.4557284963419904,,,,,3,2
2019-03-06 18:00:00+00:00,,,0.34462058544158936,-31.005318237462813,,,,,,,,,,,,,,,0.1642298698425293,0.5721170174245822,,,,,3,2
2019-03-07 06:00:00+00:00,,,0.29356563091278076,5.361135851831804,,,,,,,,,,,,,,,0.39904773235321045,0.690120242306375,,,,,2,2
2019-03-07 12:00:00+00:00,,,0.2752918601036072,-28.13224416633715,,,0.4412361979484558,-0.06179934259546618,,,,,,,,,,,0.3020588159561157,0.8355644833744243,,,,,3,3
2019-03-07 18:00:00+00:00,,,0.301901638507843,-5.204261864856756,,,0.3295137882232666,-3.0018990773117755,,,,,,,,,,,,,0.17007946968078613,0.29520371272869855,,,3,3
2019-03-08 00:00:00+00:00,,,0.2665008306503296,-2.511662800164493,,,0.43642085790634155,-1.8284878032636154,,,,,,,,,,,,,0.24618756771087646,2.622871105608269,,,3,3
2019-03-08 06:00:00+00:00,,,0.26185959577560425,-2.0607004719577406,,,0.25035858154296875,-0.5340166331553146,,,,,,,,,,,,,0.19004333019256592,1.1822126361360215,,,3,3
2019-03-08 12:00:00+00:00,,,0.2397301197052002,-4.404672691551994,,,0.20247620344161987,3.161470227199661,,,,,,,,,,,,,0.1211245059967041,0.2590696959641353,,,3,3
2019-03-08 18:00:00+00:00,,,0.2060375213623047,0.21407572788280838,,,0.21519798040390015,-2.8976509999391515,,,,,,,,,,,,,0.20047616958618164,1.033759299266682,,,3,3
2019-03-09 00:00:00+00:00,0.006970763206481934,-0.43107663186118916,0.28336262702941895,-10.646174590373027,,,,,0.37186652421951294,-8.234793452659636,,,,,,,,,,,0.16264128684997559,0.4858867746629547,,,5,5
2019-03-09 06:00:00+00:00,0.38050931692123413,-1.7804462718388518,0.24308794736862183,-4.0065327996873545,,,,,0.41864025592803955,-6.694006373669053,,,,,,,,,,,0.13003838062286377,0.39773840979350417,,,4,4
2019-03-09 12:00:00+00:00,,,0.23281782865524292,-5.216414398487749,,,,,0.52898308634758,-7.884690253037037,,,,,,,,,,,0.10616040229797363,3.7303931487486266,,,4,4
2019-03-09 18:00:00+00:00,,,0.23357170820236206,-5.816108303056448,,,,,0.33025509119033813,-4.790412546425257,,,,,,,,,,,0.1835463047027588,0.4305829628068235,,,4,4
2019-03-10 00:00:00+00:00,,,0.2842063903808594,-4.3650318517257825,,,,,0.5299811959266663,-4.8410330185427295,,,,,,,,,,,0.15546727180480957,2.139955256219778,,,4,4
2019-03-10 06:00:00+00:00,,,0.2501354217529297,-2.0611581648389086,,,,,0.2362934947013855,-1.5695764577512246,,,,,,,,,,,0.06441199779510498,1.469800919778504,,,4,4
2019-03-10 12:00:00+00:00,,,0.26998066902160645,-32.29402451629984,,,,,0.43096768856048584,-5.402696457400525,,,,,,,,,,,0.1694554090499878,0.616858688807295,,,4,4
2019-03-10 18:00:00+00:00,,,0.2829596996307373,-2.137330430936326,,,,,0.4664015769958496,-15.641443274334085,,,,,,,,,,,0.09406411647796631,0.2141068645282894,,,4,4
2019-03-11 00:00:00+00:00,0.253737211227417,-0.3719964913130215,0.27302223443984985,-3.232298408510549,,,,,0.44747018814086914,-9.767692875148681,,,,,,,,,,,0.025860071182250977,-1.0344465655351618,,,5,5
2019-03-11 06:00:00+00:00,,,0.24495822191238403,-6.144131984173196,0.03252434730529785,0.41163918586888715,,,0.42484837770462036,-6.764978261565167,,,,,,,,,0.230066180229187,0.9562045933859176,0.2981541156768799,0.6648092630772716,,,7,7
2019-03-11 12:00:00+00:00,,,0.21628010272979736,-2.2051514061531368,0.14570438861846924,-0.25745632775934535,,,0.41374433040618896,-5.514149373022299,,,,,,,,,0.2588777542114258,0.6694840616043072,0.22274398803710938,1.2548115173378749,,,6,6
2019-03-11 18:00:00+00:00,,,0.22958803176879883,-2.9326053740727924,0.25228410959243774,0.24512427357313107,,,0.03291499614715576,0.3035836585331387,,,,,,,,,0.04031169414520264,0.1007649107593584,0.07323074340820312,-0.08962933669079076,,,6,6
2019-03-12 00:00:00+00:00,,,0.22228950262069702,-28.052540167002007,0.5566583871841431,0.8731940534902016,,,0.04989349842071533,-8.467765675965419,,,,,0.3510829210281372,-0.390996043137011,,,0.06906235218048096,-0.022708045439749518,0.07942891120910645,0.3102131541779721,,,7,7
2019-03-12 06:00:00+00:00,,,0.2123410701751709,-2.8497597572097932,0.24577486515045166,0.00821773114342722,,,0.237762451171875,-1.6408452305137478,,,,,0.2562671899795532,-0.721703429763503,,,,,0.08123946189880371,0.9038157627686882,,,7,7
2019-03-12 12:00:00+00:00,,,0.20457971096038818,-2.565512273654967,0.40230000019073486,-0.18500762149392197,,,0.46228885650634766,-4.535350933897357,,,,,0.2310037612915039,1.0642563995028211,,,,,0.09958755970001221,0.615286747439325,,,6,6
2019-03-12 18:00:00+00:00,,,0.2183399200439453,-2.581220303924433,,,,,0.3145981431007385,-1.480175008394875,,,,,0.6410060226917267,-5.974088262241807,,,,,0.17824089527130127,0.689731692549652,,,5,5
2019-03-13 00:00:00+00:00,,,0.19092905521392822,-4.3503453726255605,,,,,0.3030248284339905,-1.9084178770182705,,,,,,,,,,,0.13245737552642822,0.3040749530720557,,,3,3
2019-03-13 06:00:00+00:00,,,0.18225163221359253,-18.4636362133836,0.20338404178619385,1.5615823670992874,,,0.04395413398742676,0.10818889239719368,,,,,,,,,,,0.14438283443450928,0.5685145846648463,,,5,5
2019-03-13 12:00:00+00:00,,,0.1954289674758911,-4.538652620606068,,,,,,,,,,,,,,,,,0.15486061573028564,-3.9060474987420064,,,2,2
2019-03-14 00:00:00+00:00,,,0.22760337591171265,-30.43336267985873,,,,,0.25645387172698975,3.249356597472919,,,,,,,,,,,0.1202855110168457,1.230367135554284,0.10959732532501221,-0.11745032676582325,5,5
2019-03-14 06:00:00+00:00,,,0.2104560136795044,-3.169154856366768,0.24932044744491577,-4.083018012804369,,,0.28696882724761963,0.7072788818983771,,,,,,,,,,,0.12331140041351318,-4.0512131207463815,0.04540896415710449,0.24875519106365418,5,5
2019-03-14 12:00:00+00:00,,,0.22671657800674438,-2.8163116910553456,,,,,,,,,,,0.28378474712371826,2.6881456550068625,,,,,0.11643409729003906,1.73880879278609,0.3123422861099243,-0.1403633506702904,4,4
2019-03-14 18:00:00+00:00,,,0.1554318070411682,-2.148378182864328,,,,,,,,,,,0.29799604415893555,5.506463999157233,,,,,0.133536696434021,0.6816798887439027,0.14389574527740479,0.6290575324712435,4,4
2019-03-15 00:00:00+00:00,,,0.1451636552810669,13.763959788808558,0.08827131986618042,-1.0577452999241512,,,,,,,,,0.35828208923339844,5.796001122422323,,,,,0.1046375036239624,1.4131604528160162,0.10305845737457275,0.17166986900601955,5,5
2019-03-15 06:00:00+00:00,,,0.2034156322479248,-3.572529304926073,0.13175129890441895,0.4242728208991369,,,,,,,,,0.2682054042816162,4.0824519864203666,,,,,0.2338118553161621,5.554057615364796,0.8530677556991577,-0.16419251423663106,5,5
2019-03-15 12:00:00+00:00,,,0.16136372089385986,-2.7977042307807904,0.19226223230361938,0.08602672638059052,,,,,,,,,0.23777103424072266,5.875941156548718,,,,,0.2547006607055664,2.084664202292043,,,5,4
2019-03-15 18:00:00+00:00,,,0.13456624746322632,-1.7714775907454565,0.07096982002258301,-0.714519555722442,,,,,,,,,0.2598087787628174,1.8039457643750774,,,,,0.1407233476638794,1.519773694654475,,,5,4
2019-03-16 00:00:00+00:00,,,0.20621007680892944,-2.8278004500147924,0.36162781715393066,-0.19594783703590998,,,,,,,,,0.3949702978134155,4.0498217318467695,,,,,0.17811882495880127,2.339174426395712,,,4,4
2019-03-16 06:00:00+00:00,,,0.22381144762039185,-4.956951095072395,0.015551626682281494,0.6883513612879064,,,,,,,,,0.3726475238800049,3.4040843485468346,,,,,0.1473633050918579,-12.484625832375885,,,4,4
2019-03-16 12:00:00+00:00,,,0.24767142534255981,-3.627100704016833,0.3902484178543091,0.1516511530437648,,,,,,,,,0.26049041748046875,2.075918271222841,,,,,0.16388225555419922,3.0388570181273953,,,4,4
2019-03-16 18:00:00+00:00,,,0.1686374545097351,-0.5608434851750138,,,,,,,,,,,0.19238042831420898,1.3780563140327462,,,,,0.22225594520568848,2.3741104306746204,,,4,4
2019-03-17 00:00:00+00:00,,,0.25336378812789917,-4.518038626872939,,,,,,,,,,,0.2912306785583496,1.178128205890983,,,,,0.1305861473083496,1.1607348181578847,,,3,3
2019-03-17 06:00:00+00:00,,,0.2857544422149658,-2.251970594745128,,,,,,,,,,,0.40321099758148193,8.846035744107509,,,,,0.15177631378173828,-14.744332956168826,,,4,4
2019-03-17 12:00:00+00:00,,,0.1721346378326416,-2.1314761846691015,,,,,,,,,,,0.05707967281341553,2.9099446240540625,0.08580958843231201,0.8794276057287547,,,0.28442680835723877,1.3496205083531134,,,4,4
2019-03-17 18:00:00+00:00,,,0.22037005424499512,2.270889096819072,,,,,,,0.22006118297576904,1.7340631821806187,,,,,,,,,0.14653706550598145,0.7079723981606485,,,3,3
2019-03-18 00:00:00+00:00,,,0.23239952325820923,-4.04398330819494,,,,,,,0.12895727157592773,0.35049900425628905,,,,,,,,,0.1679915189743042,0.8767356165338329,,,3,3
2019-03-18 06:00:00+00:00,,,0.20441871881484985,-2.9048426375992165,,,,,,,0.4785902500152588,1.731873926212074,,,,,0.032238006591796875,-0.28398279201279725,,,0.10939896106719971,3.3415868057295186,,,4,4
2019-03-18 12:00:00+00:00,,,0.12237298488616943,3.452316302356484,,,,,,,,,,,,,,,,,0.18415260314941406,-5.933585155032423,,,2,2
2019-03-18 18:00:00+00:00,,,0.22219866514205933,-4.660101690893124,,,,,,,,,,,,,,,,,0.19795525074005127,5.951107105789982,,,2,2
2019-03-19 00:00:00+00:00,,,0.28011518716812134,-10.172299452207715,,,,,,,,,,,,,,,,,0.19585967063903809,0.10492899821220411,,,2,2
2019-03-19 06:00:00+00:00,,,0.25168853998184204,-2.164608403331184,,,,,,,,,,,,,,,,,0.20760297775268555,0.32740571455697104,,,2,2
2019-03-19 12:00:00+00:00,,,0.2067384123802185,-1.7326537828914084,,,,,,,,,,,,,,,,,0.2306966781616211,0.1476923567671923,,,2,2
2019-03-19 18:00:00+00:00,,,0.22888964414596558,-1.0216634972346088,,,,,,,,,,,,,,,,,0.08324170112609863,0.2982605982961768,,,2,2
2019-03-20 00:00:00+00:00,,,0.21321558952331543,-1.5147452064555154,,,,,,,,,,,,,,,,,0.09409201145172119,0.528635133756759,,,2,2
2019-03-20 06:00:00+00:00,,,0.06854289770126343,30.99669060517907,,,0.14238178730010986,-0.6867713725513991,,,,,,,,,,,,,0.10447359085083008,0.19808648461615566,,,3,3
2019-03-20 12:00:00+00:00,,,0.21927529573440552,-1.2526923423470882,,,0.048735618591308594,-0.09566362260554231,,,,,,,,,,,,,0.17583787441253662,0.047991265462023515,,,3,3
2019-03-20 18:00:00+00:00,,,0.19640707969665527,12.148924264599136,,,0.07566368579864502,-0.008394063007311315,,,,,,,,,,,,,0.19577276706695557,-0.991109599243925,,,3,3
2019-03-21 00:00:00+00:00,,,0.25664180517196655,-2.7470352914284746,,,0.02662891149520874,0.9621812165007883,,,,,,,,,,,,,0.2444671392440796,2.663170036490812,,,3,3
2019-03-21 06:00:00+00:00,,,0.27133631706237793,-2.470142416955929,,,0.21789312362670898,0.8759578823711314,,,,,,,,,,,,,0.14772772789001465,0.5317827369233982,,,3,3
2019-03-21 12:00:00+00:00,,,0.24447697401046753,-48.788002570203915,,,0.287641704082489,-3.1457172388024732,,,,,,,,,,,,,0.23494887351989746,11.341364101644377,,,3,3
2019-03-21 18:00:00+00:00,,,0.15555763244628906,14.711429842808608,,,0.187902569770813,-6.191975153341744,,,,,,,,,,,,,0.18815433979034424,0.6819627105295986,,,3,3
2019-03-22 00:00:00+00:00,,,0.22928929328918457,-2.928279059492784,,,0.17582708597183228,-3.2556817313546076,,,,,,,,,,,,,0.13490915298461914,6.327408166108242,0.059292733669281006,-0.2794509280417685,5,5
2019-03-22 06:00:00+00:00,,,0.22538793087005615,-4.669849887928613,,,0.2733316421508789,-2.1376557796057774,,,,,,,,,,,,,0.09160161018371582,-20.30552827198768,,,4,3
2019-03-22 12:00:00+00:00,,,0.21489101648330688,-0.8018613745419733,,,0.27359116077423096,-3.662670322058475,,,,,,,,,,,,,0.25464165210723877,0.5927604795434596,,,3,3
2019-03-22 18:00:00+00:00,,,0.18260520696640015,-0.4674453314075402,,,0.31163179874420166,-3.569932292181445,,,,,,,,,,,,,0.2520418167114258,1.0351513664651353,,,3,3
2019-03-23 00:00:00+00:00,,,0.29610222578048706,-24.624846581466677,,,,,0.04584616422653198,0.9686029201072683,,,,,,,,,,,0.1751629114151001,1.9062314859685174,,,4,3
2019-03-23 06:00:00+00:00,,,0.2495795488357544,-5.428424720458074,,,,,0.4216320514678955,-9.920442324276838,,,,,,,,,,,0.13924026489257812,0.37093923216103786,,,5,4
2019-03-23 12:00:00+00:00,,,0.2394668459892273,7.296082173893767,,,,,0.40848207473754883,-6.799896106184816,,,,,,,,,,,0.18162620067596436,1.2499510827220357,,,3,3
2019-03-23 18:00:00+00:00,,,0.24552804231643677,-5.454786284221798,,,,,0.34024578332901,-3.3253637467735375,,,,,,,,,,,0.13116157054901123,-3.5911324852302138,,,4,4
2019-03-24 00:00:00+00:00,,,0.21512371301651,-26.93006237747926,,,,,0.40345680713653564,-5.145449912139344,,,,,,,,,,,0.16313409805297852,2.400426509744486,,,3,3
2019-03-24 06:00:00+00:00,,,0.2553510069847107,-2.7761115152331586,,,,,0.5211256444454193,-8.767451595802761,,,,,,,,,,,0.16006708145141602,0.9074316741656447,,,4,4
2019-03-24 12:00:00+00:00,,,0.24074256420135498,0.9786543786565635,,,,,0.31179410219192505,-5.510137241844485,,,,,,,,,,,0.23083877563476562,2.259935779150517,,,5,4
2019-03-24 18:00:00+00:00,,,0.19812357425689697,-2.5080133839114573,,,0.4006565809249878,-0.46430164946846125,0.4536237120628357,-8.125818451801896,,,,,,,,,,,0.23009073734283447,0.8225308706163033,,,5,5
2019-03-25 00:00:00+00:00,,,0.25611066818237305,-1.965383976087204,,,0.075447678565979,0.3051061986353654,0.17646068334579468,-2.3372951115579865,,,,,,,,,,,0.11941790580749512,0.7157643668972761,,,6,6
2019-03-25 06:00:00+00:00,,,0.24524933099746704,-22.78146960535151,,,0.4615745544433594,-4.647040799014902,0.10067182779312134,-1.985524560271502,,,,,,,,,,,0.07438349723815918,-33.65565829171764,,,6,5
2019-03-25 12:00:00+00:00,,,0.21786785125732422,-2.2549052938892444,,,0.07066839933395386,-0.8513580574940603,0.2892497181892395,-8.82115941828841,,,,,,,,,,,0.1793428659439087,1.5038224199440404,,,5,5
2019-03-25 18:00:00+00:00,,,0.25034821033477783,-9.956004033579223,,,0.05793583393096924,0.2611917487854358,0.21960777044296265,-7.081734703232087,,,,,,,,,,,0.177665114402771,0.7768582445764908,,,6,6
2019-03-26 00:00:00+00:00,,,0.2984069585800171,-4.192838149790444,,,0.1394946575164795,0.23571801894149697,0.16537296772003174,-1.702860798679012,,,,,,,,,,,0.21636903285980225,0.4194852851869893,,,5,5
2019-03-26 06:00:00+00:00,,,0.3060901165008545,-2.326756168385385,,,0.0713312029838562,-0.006982584682609613,0.29186904430389404,-6.854607701803158,,,,,,,,,,,0.11942362785339355,1.7956519651781746,,,5,5
2019-03-26 12:00:00+00:00,,,0.30712640285491943,-6.1141971532480826,,,0.16899585723876953,-0.644883394198426,0.27325522899627686,-1.165976864116059,,,,,,,,,,,0.1366128921508789,1.100692313536306,0.7557414770126343,-0.23394956542965095,6,6
2019-03-26 18:00:00+00:00,,,0.24461627006530762,-1.8023662006327765,,,0.06627559661865234,-0.9359747672224535,0.1402806043624878,-4.0804683329047124,,,,,0.07679301500320435,0.9013932801449438,,,,,0.16921639442443848,1.7171363737840821,,,6,6
2019-03-27 00:00:00+00:00,,,0.23673516511917114,-3.0548465683380472,,,0.21436142921447754,-1.3235347378655216,0.20370852947235107,-4.2763876755073325,,,,,0.019208073616027832,-0.7966196280993647,,,,,0.1967405080795288,3.160821787167094,0.5586594343185425,0.33083647947208494,7,7
2019-03-27 06:00:00+00:00,,,0.22177696228027344,-2.80216066185799,,,0.188548743724823,-0.5107811146505227,0.24650204181671143,-3.1202566086706676,,,,,0.14939433336257935,0.41702485264129574,,,,,0.18198752403259277,-1.1723684601781763,0.3893871307373047,0.9836345127065165,7,7
2019-03-27 12:00:00+00:00,,,0.2650091052055359,-6.994315263428183,,,0.0851183533668518,-0.16664230134719257,0.23062437772750854,-5.349395702939058,,,,,0.21696865558624268,-2.0097409718324024,,,,,0.29837536811828613,0.7744414370743866,,,6,6
2019-03-27 18:00:00+00:00,,,0.2703196406364441,-16.37974599268444,,,0.11051952838897705,-0.3548184946287183,0.19379174709320068,-1.9193351818034796,0.07716280221939087,-0.6621567984072555,,,0.15834110975265503,0.4478144914995149,,,,,0.2160412073135376,0.3683792148802423,,,7,7
2019-03-28 00:00:00+00:00,,,0.22146308422088623,-3.682380101052241,,,0.3104645013809204,-1.520619977424117,0.17959177494049072,-0.8452816449870445,0.2414349913597107,-1.4727792873934233,,,0.31565696001052856,-5.686007549237558,,,,,0.06491208076477051,0.440310337686645,,,8,8
2019-03-28 06:00:00+00:00,,,0.26204127073287964,-3.8199915195918965,,,0.22745013236999512,-0.026245959178966993,0.21426087617874146,1.200396669345354,0.08157747983932495,-0.2314480825707165,,,0.13954895734786987,1.786951863440136,,,,,0.21278107166290283,0.4416810414142142,,,8,8
2019-03-28 12:00:00+00:00,0.27905452251434326,-0.41055042704397693,0.2572711706161499,-2.2098020903311597,,,0.3032947778701782,-0.7870202685935457,0.11612522602081299,0.2843083745384201,0.296230673789978,0.2672214785796598,,,0.33754950761795044,-5.297629728472426,,,,,0.2244347333908081,0.9333976710623516,,,8,8
2019-03-28 18:00:00+00:00,0.06115376949310303,-0.49751657986270603,0.2598937153816223,-1.8689390495025135,,,0.18234390020370483,-1.644851073283359,,,0.26307493448257446,-1.5679887319152124,,,0.278659462928772,-0.8675077305212278,,,,,0.15492677688598633,-1.079940163788849,,,8,8
2019-03-29 00:00:00+00:00,0.11239117383956909,-0.2592921673063544,0.2558467984199524,-2.337799899508629,,,0.24344056844711304,-1.8987020206480099,,,0.18918323516845703,-3.019972011105555,,,0.27851158380508423,-3.8855890145225116,,,,,0.10889410972595215,0.5492637983517937,,,8,8
2019-03-29 06:00:00+00:00,,,0.28014451265335083,-3.7555836441072206,,,0.07634782791137695,0.05795607238771238,,,0.3623118996620178,-1.1605363047242983,,,0.280595064163208,-2.7008092527817884,,,,,0.2275540828704834,0.3291051232386195,,,8,8
2019-03-29 12:00:00+00:00,,,0.26971250772476196,-2.274255615898823,,,0.16942697763442993,-6.063088472579304,,,0.14679831266403198,-0.1643873646656833,,,0.24275332689285278,-2.2891916949890057,,,,,0.1298520565032959,0.28561491518443394,0.04978072643280029,-0.2607589829882505,9,9
2019-03-29 18:00:00+00:00,,,0.31101006269454956,-4.65149007775885,,,0.2631911635398865,-0.5111054752033185,,,0.16160845756530762,-0.1992714240307768,,,0.41117048263549805,-3.4668050346940507,,,,,0.04818558692932129,-0.19478397880727555,0.7475416958332062,0.255741344394619,8,8
2019-03-30 00:00:00+00:00,,,0.2520657181739807,-2.23452126173921,,,0.09248751401901245,-2.157089777433952,0.27690696716308594,-2.2643720934705023,0.06289416551589966,-1.579354652522305,,,0.21336454153060913,-3.1858491714358887,,,,,0.14937293529510498,0.2553247021676805,,,9,7
2019-03-30 06:00:00+00:00,,,0.2298201322555542,-1.6345588490755074,,,0.4518832564353943,-9.293499178979689,0.4110652208328247,-2.2744025801788665,0.2746349573135376,-0.8117831021769608,,,0.1940973401069641,-2.3930513363567347,,,,,0.18919765949249268,0.6005409868873773,,,8,8
2019-03-30 12:00:00+00:00,,,0.23299390077590942,-3.5924883321977203,,,,,0.309179425239563,-3.017404918871018,0.43337029218673706,-0.6740765951853929,,,0.31989961862564087,-9.023225089375691,,,,,0.1682678461074829,0.6010083298328134,,,6,6
2019-03-30 18:00:00+00:00,,,0.29464542865753174,-4.2145837367257,,,0.04440271854400635,0.7807494101566093,0.1463075876235962,-1.7974113127185867,0.41202545166015625,-1.02467202723052,,,,,0.15281808376312256,-1.9632736691237465,,,0.2368147373199463,4.293119333494104,,,8,8
2019-03-31 00:00:00+00:00,,,0.23927021026611328,-3.346524206722228,,,0.571906566619873,0.5956116113524311,0.08904051780700684,-1.9632949359609968,,,,,,,0.04043924808502197,1.6073558673196846,,,0.13533401489257812,3.5251371716266653,,,9,9
2019-03-31 12:00:00+00:00,,,0.2674853205680847,-2.8397104560265616,,,0.028774380683898926,-2.0374500370478072,0.19116216897964478,-4.4660094723365,,,,,,,0.30724239349365234,-0.35440604316004165,,,0.049889445304870605,1.0363400351884322,,,7,7
2019-03-31 18:00:00+00:00,,,0.18845993280410767,-2.1204649140183855,,,0.4122737646102905,-6.069058706984554,0.1910768747329712,-5.759006184231792,,,,,,,,,,,0.10944640636444092,0.46596847007840386,,,5,5
2019-04-01 00:00:00+00:00,,,0.22452926635742188,1.287917708042079,,,0.2846956253051758,-1.0125806829623107,0.07361286878585815,-0.7761961098766851,,,,,,,,,,,0.07413434982299805,-2.0519101806807947,,,5,5
2019-04-01 06:00:00+00:00,,,0.15479540824890137,41.70495055348331,,,0.5525096654891968,0.5090992558057519,0.18710750341415405,-6.688793133538046,,,,,,,,,,,0.12228775024414062,0.43129046080605915,,,6,6
2019-04-01 12:00:00+00:00,,,0.23842668533325195,-5.712473304871063,,,0.4577293395996094,0.08448125034881084,0.2535772919654846,-7.440806290639399,,,,,,,,,,,0.24427425861358643,1.640100772130361,,,7,7
2019-04-01 18:00:00+00:00,,,0.23483425378799438,-3.010662983397801,,,0.06242656707763672,-2.3058655391238956,0.10455000400543213,-0.7336659144676813,0.13580816984176636,-1.8934761979496872,,,,,,,,,0.008349359035491943,1.4906760825764875,,,7,7
2019-04-02 00:00:00+00:00,,,0.17641782760620117,40.825517122565955,,,0.10274899005889893,1.4464131013026935,0.07244420051574707,-2.167061660720584,0.5774263143539429,-0.08252039876952864,,,,,,,0.3134324550628662,-0.2002304896127734,0.3348867893218994,2.2500132081180544,0.012242555618286133,0.02605960319181231,11,11
2019-04-02 06:00:00+00:00,,,0.23145252466201782,-4.731274215665784,,,0.19706201553344727,-2.030641016165669,0.1573163866996765,-1.046691687981726,0.5257189273834229,-1.784146693151712,,,,,,,,,0.10758864879608154,1.5536610121495444,0.24760925769805908,-0.049371827413055513,8,8
2019-04-02 12:00:00+00:00,,,0.2751006484031677,-45.05918758694249,,,,,0.20124143362045288,-0.6365227401554773,,,,,,,,,,,0.14407646656036377,0.17350107797206782,,,7,7
2019-04-02 18:00:00+00:00,,,0.22665536403656006,44.840197636265316,,,,,0.08970773220062256,-0.597297350550906,,,,,,,,,,,0.04694795608520508,0.14539938297602298,,,8,8
2019-04-03 00:00:00+00:00,,,0.26581960916519165,-4.257451159710476,,,,,0.1837679147720337,1.0441911424844346,,,,,,,,,,,0.06560534238815308,0.09659706540706935,,,7,7
2019-04-03 06:00:00+00:00,,,0.2617321014404297,-3.9612364724591775,,,,,0.19888842105865479,-4.559210657564969,,,,,,,,,,,0.0017954111099243164,0.10514758789086354,,,5,5
2019-04-03 12:00:00+00:00,,,0.21235811710357666,0.061945942238046704,,,,,0.24820172786712646,-9.956700548301187,,,,,,,,,,,0.19952857494354248,0.46798214421976947,,,6,6
2019-04-03 18:00:00+00:00,,,0.13774394989013672,37.81890853220758,,,,,0.3144311308860779,-5.190162050086002,,,,,,,,,,,0.1433960199356079,1.3259026769499396,,,6,5
2019-04-04 00:00:00+00:00,,,0.277931272983551,-41.40154505149922,,,,,0.16997569799423218,-7.588693085035173,0.2555167078971863,-0.8358710705672534,,,,,,,,,0.45973503589630127,18.13397028225236,,,6,6
2019-04-04 06:00:00+00:00,0.005581259727478027,-0.0803245994465288,0.2758699655532837,-5.491767843891687,,,,,0.20979362726211548,-9.657966286348547,0.32110732793807983,-1.6806526389098773,,,,,,,,,0.213567852973938,0.388368917782994,,,7,7
2019-04-04 12:00:00+00:00,0.03174865245819092,0.3651014999977929,0.27636146545410156,-5.968085694697217,0.15874230861663818,-1.354605184862385,,,0.2404804229736328,-3.818448174644091,0.15224069356918335,-0.22580880343616666,,,,,,,,,0.04977595806121826,-21.24397537482042,,,7,7
2019-04-04 18:00:00+00:00,0.24320149421691895,-0.7039933136158539,0.26131701469421387,-6.820551503008257,0.6704614162445068,-0.7818871802352458,,,0.4446970224380493,-7.94209616272279,0.1594167947769165,-1.5383529214780496,,,,,,,,,0.03532421588897705,0.6550176263607109,,,9,9
2019-04-05 00:00:00+00:00,0.14254891872406006,0.5530015235220783,0.21194010972976685,-13.275557006282632,,,,,0.2625318169593811,-10.482827761966028,8.559226989746094e-05,0.5409401969527695,,,,,,,,,0.023282289505004883,0.1099989759983697,0.09969604015350342,-0.060813016153337625,8,8
2019-04-05 06:00:00+00:00,,,0.318017840385437,-25.776556245121405,,,,,0.14252400398254395,1.3463342282271433,0.06717610359191895,0.019086240642833572,,,,,,,,,0.34575915336608887,2.0435624663090346,0.5463508069515228,-1.0049473724748292,6,6
2019-04-05 12:00:00+00:00,,,0.2998214364051819,-4.708392959791371,,,,,,,0.11135154962539673,-0.14276659279687526,,,,,,,,,0.01269674301147461,-0.27015413462929355,,,4,3
2019-04-05 18:00:00+00:00,,,0.2123059630393982,-8.597104484480155,,,,,,,0.1580025553703308,-0.326325845710049,,,,,,,,,0.05287015438079834,0.1483395365025399,,,3,3
2019-04-06 00:00:00+00:00,,,0.22985899448394775,-4.469287336011512,,,,,,,0.4704403281211853,-0.40950702434426667,,,,,,,,,0.05211293697357178,0.8126407744540806,,,3,3
2019-04-06 06:00:00+00:00,,,0.3128652572631836,-7.532611987971943,0.7712965756654739,-0.22819346146028213,,,,,0.844860777258873,-0.26302602286461757,,,,,,,,,0.31746768951416016,0.5565586275946377,,,5,4
2019-04-06 12:00:00+00:00,,,0.2942516803741455,-2.8755938761654987,,,,,,,0.10596960783004761,0.8847173145555585,,,,,,,,,0.1735001802444458,0.6048203617365279,,,3,3
2019-04-06 18:00:00+00:00,,,0.2575811743736267,-9.96146603315221,,,,,,,0.11741060018539429,0.15502757891746186,,,,,,,,,0.10947012901306152,0.6632353539069927,,,3,3
2019-04-07 00:00:00+00:00,,,0.2921684980392456,-3.931032674440316,,,,,,,0.10013973712921143,0.17671109142184174,,,,,,,,,0.14675235748291016,0.25694214826661743,,,3,3
2019-04-07 06:00:00+00:00,,,0.2363874912261963,-1.539132555430836,,,,,,,0.06456667184829712,0.6852924455498097,,,,,,,,,0.2717428207397461,0.49529998379636797,,,4,3
2019-04-07 12:00:00+00:00,,,0.24775224924087524,-3.534811944519525,,,,,,,,,,,,,,,,,0.40970754623413086,0.5287255984373933,,,3,2
2019-04-07 18:00:00+00:00,,,0.25001823902130127,-8.578230259493623,,,,,,,0.1665184497833252,0.15123842402356447,,,,,,,,,0.23522591590881348,0.26256654849869254,,,4,4
2019-04-08 00:00:00+00:00,,,0.25696635246276855,-6.205180282745689,0.6291263997554779,-0.6140242887211024,,,,,0.08409267663955688,-3.513753481895909,,,,,,,,,0.20943307876586914,0.1460385271442128,,,6,6
2019-04-08 06:00:00+00:00,,,0.23248112201690674,-4.055704040306301,,,,,,,0.4134812355041504,1.1480439703009777,,,,,,,,,0.14271008968353271,1.1035340640652076,,,4,4
2019-04-08 12:00:00+00:00,,,0.22825884819030762,-2.667944741076848,,,,,,,0.3160371780395508,0.06823740480786794,,,,,,,,,0.26958417892456055,1.692164598605055,,,3,3
2019-04-08 18:00:00+00:00,,,0.16960793733596802,-0.4751393047793366,,,,,,,,,,,,,,,,,0.18762624263763428,0.9890685542878689,,,2,2
2019-04-09 00:00:00+00:00,,,0.20681792497634888,-28.36525224327394,,,,,,,0.3527355194091797,0.7171761151610887,,,,,,,,,0.20655643939971924,1.1332833292385267,,,3,3
2019-04-09 06:00:00+00:00,,,0.2850109338760376,-9.929111716970777,,,,,,,0.18805146217346191,-0.23336941650125012,,,,,,,,,0.2629661560058594,2.471897453203734,,,3,3
2019-04-09 12:00:00+00:00,,,0.25847291946411133,-3.5845767843743364,,,,,,,0.19454175233840942,0.7659761466296052,,,,,,,,,0.1657787561416626,0.7958983980717541,,,3,3
2019-04-09 18:00:00+00:00,,,0.2669271230697632,-2.6566542663689074,,,,,,,0.09948468208312988,-0.25178164229630356,,,,,,,,,0.2948204278945923,1.06616228347083,,,3,3
2019-04-10 00:00:00+00:00,,,0.2674376368522644,5.277142167322656,,,,,,,0.24633479118347168,0.09627738645950513,,,,,,,,,0.29435908794403076,2.792185973221247,,,3,3
2019-04-10 06:00:00+00:00,,,0.2746245861053467,-2.6726072781085337,,,,,,,,,,,,,,,,,0.39117753505706787,6.574404190572929,,,2,2
2019-04-10 12:00:00+00:00,,,0.32648783922195435,-26.215144339634428,,,,,,,,,,,,,,,,,0.383952260017395,9.499307786829297,0.16392111778259277,-9.181584614627786,3,3
2019-04-10 18:00:00+00:00,,,0.2551347613334656,-3.463622942473227,,,,,,,,,,,,,,,,,0.24646878242492676,1.4904019727259485,0.03778040409088135,-0.03611232451501708,3,3
2019-04-11 00:00:00+00:00,,,0.2477211356163025,11.16677774782382,,,,,,,,,,,,,,,,,0.2589167356491089,0.4252355090101766,0.5859203040599823,-6.7285314759638855,3,3
2019-04-11 06:00:00+00:00,,,0.30622076988220215,-3.003798275079702,,,,,,,,,,,,,,,,,0.19847846031188965,0.6163668174921234,0.8801686465740204,-5.154303497133862,3,3
2019-04-11 12:00:00+00:00,,,0.3358444571495056,-41.6109889911286,,,,,,,,,,,,,,,,,0.21739435195922852,0.7293838706892334,,,3,2
2019-04-11 18:00:00+00:00,0.38670629262924194,-0.2930038134391955,0.3220994472503662,-4.848377501743749,,,,,,,,,,,,,,,,,0.21046984195709229,-3.6052005066197084,,,3,3
2019-04-12 00:00:00+00:00,,,0.24928158521652222,-11.541244744973831,,,,,,,,,,,,,,,,,0.14897406101226807,-3.6801323458062045,,,2,2
2019-04-12 06:00:00+00:00,,,0.31135427951812744,-3.703753093102515,,,,,,,,,,,,,,,,,0.33605146408081055,0.7425237431732197,,,2,2
2019-04-12 12:00:00+00:00,,,0.28316348791122437,-2.6474039110886634,,,,,,,,,,,,,,,,,0.32236695289611816,0.9002912460956842,,,3,3
2019-04-12 18:00:00+00:00,,,0.29769182205200195,-1.1324568922852816,,,,,,,,,,,,,,,,,0.1793670654296875,-12.27250998290877,,,3,3
2019-04-13 00:00:00+00:00,,,0.32492971420288086,-1.7129796351720297,,,,,,,,,,,,,,,,,0.3117482662200928,0.6561099892715324,,,2,2
2019-04-13 06:00:00+00:00,,,0.3558971881866455,-3.1882760596515163,,,,,,,,,,,,,,,,,0.24288129806518555,1.591187828098743,,,3,3
2019-04-13 12:00:00+00:00,,,0.222423255443573,-1.7316851029227802,0.024498462677001953,0.5096881453267651,,,,,,,,,,,,,,,0.1888052225112915,0.7126533389125838,,,3,3
2019-04-13 18:00:00+00:00,,,0.19413840770721436,16.303216298577716,0.5648623108863831,-1.4825499743655433,,,,,,,,,,,,,,,0.16543197631835938,0.5614305527930852,,,3,3
2019-04-14 00:00:00+00:00,,,0.2376285195350647,-8.115870198587531,,,,,,,,,,,,,,,,,0.23668599128723145,0.7140852535113045,,,2,2
2019-04-14 06:00:00+00:00,,,0.25077372789382935,-2.144284348218262,0.35048431158065796,-0.9723486650591292,,,,,,,,,,,,,,,0.14522385597229004,0.5541225539161168,,,3,3
2019-04-14 12:00:00+00:00,,,0.3688904047012329,-37.652054242494074,,,,,,,,,,,,,,,,,0.18464267253875732,-8.82791195929816,,,3,2
2019-04-14 18:00:00+00:00,,,0.37911999225616455,-41.124488058485426,,,,,,,,,,,,,,,,,0.14580535888671875,1.5528139282885118,,,2,2
2019-04-15 00:00:00+00:00,,,0.23015755414962769,-1.9391980623919571,0.17473119497299194,-0.6440851392891095,,,,,,,,,,,,,,,0.10221743583679199,-28.596959406136374,,,3,3
2019-04-15 06:00:00+00:00,,,0.28800302743911743,-26.755974734368028,0.6931297183036804,-0.7104425726777749,,,,,,,,,,,,,,,0.24519598484039307,1.1393311859021784,,,3,3
2019-04-15 12:00:00+00:00,,,0.3386111855506897,-28.643353297369543,0.30188608169555664,0.11785993795471736,,,,,,,,,,,,,,,0.20561063289642334,1.2601464830099687,,,3,3
2019-04-15 18:00:00+00:00,,,0.17259126901626587,-1.8887028447836212,,,0.0478854775428772,-0.2466899137957256,,,,,,,,,,,,,0.21503257751464844,0.8155813711302649,,,4,3
2019-04-16 00:00:00+00:00,,,0.18434393405914307,-1.0388151802432295,,,0.06676286458969116,0.6411925653191336,,,,,,,,,,,,,0.19808757305145264,1.0925954234937745,,,3,3
2019-04-16 06:00:00+00:00,,,0.19836479425430298,-1.269683538867995,,,,,,,,,,,,,,,,,0.17253708839416504,1.7530475036526623,,,2,2
2019-04-16 12:00:00+00:00,,,0.2103009819984436,-2.1071057272298126,,,0.009035944938659668,-0.5425985463616357,,,,,,,,,,,,,0.19351983070373535,1.2490324619284368,,,3,3
2019-04-16 18:00:00+00:00,,,0.2173791527748108,-2.397357119982333,,,0.03939223289489746,-1.5238798272681437,,,,,,,,,,,,,0.16556596755981445,1.8889809890329206,,,3,3
2019-04-17 00:00:00+00:00,,,0.2164331078529358,-1.2653135252997207,,,0.6075827777385712,-3.952541958570264,,,,,,,,,,,,,0.20265865325927734,1.0149368443613498,,,3,3
2019-04-17 06:00:00+00:00,,,0.2523511052131653,-2.8128085449855917,,,0.842203363776207,-2.2616303516788214,,,,,,,,,,,,,0.17687559127807617,0.6539733040140319,,,3,3
2019-04-17 12:00:00+00:00,,,0.38621068000793457,-36.7369290147557,,,,,0.7593832612037659,-1.6475019147363208,,,,,,,,,,,0.19311225414276123,4.921934497531226,,,3,3
2019-04-17 18:00:00+00:00,,,0.1370043158531189,-2.9834703557982625,,,,,,,,,,,,,,,,,0.2235778570175171,1.536058437380279,,,2,2
2019-04-18 00:00:00+00:00,,,0.3116387724876404,-28.95619689279663,,,0.16952943801879883,-0.08341320488537353,0.42252933979034424,-0.47612764793190765,,,,,,,,,,,0.19684112071990967,2.851496238521345,,,4,4
2019-04-18 06:00:00+00:00,,,0.2549107074737549,-1.8579151725072718,,,0.26216042041778564,-1.2978904098102544,0.6092725396156311,-7.842005293764504,,,,,,,,,,,0.12709856033325195,1.9506621996598494,,,4,4
2019-04-18 12:00:00+00:00,,,0.21849167346954346,-3.0656284016172073,,,0.04876244068145752,0.1398573849147932,0.2927337884902954,-4.850997583308318,,,,,,,,,,,0.2169255018234253,1.0183979106333507,,,4,4
2019-04-18 18:00:00+00:00,,,0.2139800786972046,-2.821037147750382,,,0.33416926860809326,-2.6263808535439686,0.27893751859664917,-6.049213266227653,,,,,,,,,,,0.22190368175506592,2.763248594436865,,,4,4
2019-04-19 00:00:00+00:00,,,0.16577798128128052,-0.45422813559185266,,,0.2444394826889038,-1.2359491885779652,0.21375036239624023,-4.8851868013848065,,,,,,,,,,,0.16950130462646484,0.8843067155738614,,,4,4
2019-04-19 06:00:00+00:00,,,0.32802385091781616,-15.263919816536601,,,0.28527653217315674,-7.468681566676838,0.16796362400054932,-1.003063485174092,,,,,,,,,,,0.13481879234313965,0.6050476834859706,,,4,4
2019-04-19 12:00:00+00:00,,,0.3042154908180237,-34.67147104538258,,,0.28386813402175903,-3.7941664750907536,0.4109588861465454,-8.278473165274251,,,,,,,,,,,0.1960664987564087,0.8384005483696052,0.10138368606567383,-0.05304739576015471,5,5
2019-04-19 18:00:00+00:00,,,0.26402002573013306,-30.127430412380793,,,0.2901594638824463,-3.5687511253079456,0.32814812660217285,-9.183686584713893,,,,,,,,,,,0.17062485218048096,0.39864633604752076,,,4,4
2019-04-20 00:00:00+00:00,,,0.27046048641204834,-2.522368457030675,,,,,0.24690115451812744,-9.788827687762884,,,,,,,,,,,0.0663003921508789,-38.09854129463143,,,4,4
2019-04-20 06:00:00+00:00,,,0.25803112983703613,-23.77975055481583,,,,,0.22621536254882812,-11.508650294781996,,,,,,,,,,,0.1838618516921997,0.3116870690303853,,,4,4
2019-04-20 12:00:00+00:00,,,0.23714488744735718,-20.62350822624626,,,,,0.3726425766944885,-5.661533309376212,,,,,,,,,,,0.1720794439315796,2.712080386234098,,,4,4
2019-04-20 18:00:00+00:00,,,0.2213718295097351,-2.214707600731436,,,,,0.2819558382034302,-15.8352727839996,,,,,,,,,,,0.09022808074951172,-1.6287401433056317,,,4,4
2019-04-21 00:00:00+00:00,,,0.2041758894920349,-2.906956114076251,,,,,0.2217339277267456,-5.719250095975719,,,,,,,,,,,0.14884412288665771,0.6528968009425647,,,3,3
2019-04-21 06:00:00+00:00,,,0.23368537425994873,-3.7165229113554705,,,,,0.19901371002197266,-13.283724061066918,,,,,,,,,,,0.1716160774230957,0.24799472284719934,,,5,5
2019-04-21 12:00:00+00:00,,,0.27010101079940796,-5.344213691148324,,,,,0.18579572439193726,-6.588455292439952,,,,,,,,,,,0.30400848388671875,1.2806468314723858,,,4,4
2019-04-21 18:00:00+00:00,,,0.20689916610717773,-17.3483931280382,,,,,0.33375030755996704,-6.880722778124536,,,,,,,,,,,0.21606850624084473,4.814206772507644,,,4,4
2019-04-22 00:00:00+00:00,,,0.23687446117401123,-3.9754575030138866,,,,,0.3215586543083191,-0.7852879431830228,,,,,,,,,,,0.24355792999267578,1.4030798093238894,,,4,4
2019-04-22 06:00:00+00:00,,,0.24902480840682983,-10.540110461049574,,,,,0.37709349393844604,-4.57956061098697,,,,,,,,,,,0.1968228816986084,0.7520613251443923,,,4,4
2019-04-22 12:00:00+00:00,,,0.236763596534729,-1.9328223052453233,,,,,0.24846798181533813,-3.1733301178925446,0.3287266492843628,-2.016993134423344,,,,,,,,,0.24556469917297363,0.6276152418452228,,,5,5
2019-04-22 18:00:00+00:00,,,0.23282372951507568,-1.1365899000357529,,,,,0.23629295825958252,-6.0264090025012305,0.4095698595046997,-2.499498876913185,,,,,,,,,0.21742236614227295,-1.6269864100761458,,,5,5
2019-04-23 00:00:00+00:00,,,0.17766761779785156,-1.7761510311136675,,,,,0.24305683374404907,-10.858167208053906,0.20968371629714966,-0.12699188940095532,,,,,,,,,0.1431722640991211,1.7710907129918962,,,5,5
2019-04-23 06:00:00+00:00,,,0.22822719812393188,-6.720065394472576,,,,,0.304315447807312,-17.55346735817875,0.02881258726119995,-0.6730865843586658,,,,,,,,,0.22328031063079834,1.7845538153475289,,,5,5
2019-04-23 18:00:00+00:00,,,0.16614335775375366,-1.0770164097373778,,,,,0.3827662467956543,-5.74173907888877,0.4972182512283325,-1.3177623246488628,,,,,,,,,0.20612823963165283,3.6228662391864797,,,6,6
2019-04-25 00:00:00+00:00,,,0.16193866729736328,9.629483189729518,,,0.571437269449234,-3.952411366621686,,,0.05912935733795166,0.5111783430874453,,,,,,,,,0.2693789005279541,14.25976675455613,,,4,4
2019-04-25 06:00:00+00:00,,,0.1769115924835205,-4.105788830130042,,,0.3517795205116272,-5.231305188609748,,,0.14388221502304077,0.43215504300866575,,,,,,,,,0.21501338481903076,1.545315737401374,,,4,4
2019-04-25 12:00:00+00:00,,,0.2068900465965271,-5.393271059250428,,,0.23249554634094238,-2.890237752709232,,,0.16495978832244873,-1.7937989959256304,,,,,,,,,0.13940072059631348,-8.660736972940757,,,4,4
2019-04-25 18:00:00+00:00,,,0.15574461221694946,-1.4230718645574099,,,0.25011634826660156,-0.4749570077358126,,,0.10206782817840576,-0.5969548739697534,,,,,,,,,0.20077228546142578,0.6786476240311309,,,4,4
2019-04-26 00:00:00+00:00,,,0.17601948976516724,-2.6235120249150894,,,0.29735708236694336,-4.187839405044363,,,0.07282596826553345,-0.7558015038051901,,,,,,,,,0.1939018964767456,0.8388524696674907,,,4,4
2019-04-26 06:00:00+00:00,,,0.16645663976669312,-0.9090888970463807,,,,,0.21161925792694092,-7.2360591682828135,0.036529481410980225,-0.4580759762614439,,,,,,,,,0.28040826320648193,1.1717814290973745,,,4,4
2019-04-26 12:00:00+00:00,,,0.21805816888809204,-2.7872122277312465,,,,,0.1201021671295166,-1.6191938009790077,0.136339008808136,-3.6950712243822066,,,,,,,,,0.3183194398880005,2.298009599079346,,,4,4
2019-04-26 18:00:00+00:00,,,0.22753721475601196,-2.383142351169946,,,,,0.11004513502120972,-2.934164552291757,0.12477719783782959,-0.26552407051679466,,,,,,,,,0.2798250913619995,1.546471575023731,,,4,4
2019-04-27 00:00:00+00:00,,,0.16615331172943115,-0.5149502191143048,,,,,0.06212818622589111,-0.10120689664626056,0.11191940307617188,-0.5897095625660096,,,,,,,,,0.1778719425201416,1.1007726261012036,,,5,5
2019-04-27 06:00:00+00:00,,,0.19903796911239624,-4.886128659033983,,,,,0.22167372703552246,-2.9992748557490074,0.15046095848083496,-0.1540673244276221,,,,,,,,,0.20610547065734863,1.1976566328600284,,,6,6
2019-04-27 12:00:00+00:00,,,0.16275864839553833,-2.1737584237862895,,,,,0.20747780799865723,-1.9127159276204682,0.1305861473083496,-0.26238986247011614,,,,,,,,,0.27780473232269287,0.6803140834147116,,,6,6
2019-04-27 18:00:00+00:00,,,0.16002172231674194,-0.7877389476124355,,,,,0.1449761986732483,-5.135570597696241,0.20387113094329834,-0.22698125239141032,,,,,,,,,0.11420691013336182,0.24808892194279608,,,6,6
2019-04-28 00:00:00+00:00,,,0.20261794328689575,-1.392649677571431,,,,,0.1467236876487732,-6.210243697945587,0.08800351619720459,0.3284171538216241,,,,,,,,,0.205236554145813,0.28296250305621445,,,6,6
2019-04-28 06:00:00+00:00,,,0.20448023080825806,-1.0602283289891352,,,,,0.2546078562736511,-2.1480293035110036,0.38783037662506104,-3.254766760908668,,,0.034749388694763184,-0.29404040472112103,,,,,0.18283402919769287,0.12081312958921878,,,9,9
2019-04-28 12:00:00+00:00,,,0.1446831226348877,-2.320916292901667,,,,,0.2490270733833313,-11.840367849338586,,,,,0.40340352058410645,-1.7964051101254952,,,,,0.25427067279815674,-8.751281285549522,,,7,7
2019-04-28 18:00:00+00:00,,,0.21590650081634521,-2.7602391293087165,,,,,0.1675073504447937,-3.682726499825875,,,,,,,,,,,0.21959340572357178,0.5671945082247036,,,4,4
2019-04-29 00:00:00+00:00,,,0.22214818000793457,-1.5870690060163215,,,,,0.12763696908950806,-7.342351433218024,,,,,,,,,,,0.14304041862487793,-10.245052286605327,,,5,5
2019-04-29 06:00:00+00:00,,,0.18827176094055176,3.264305471811051,,,,,0.26066726446151733,-8.960895466478936,,,,,,,,,,,0.19365227222442627,0.950892578844953,,,5,5
2019-04-29 12:00:00+00:00,,,0.20153123140335083,-20.221093339327485,,,,,0.3262070417404175,-7.846151877876245,,,,,0.4026681184768677,-4.09692895793395,,,,,0.26438891887664795,0.1770051632380612,,,5,5
2019-04-29 18:00:00+00:00,,,0.25947749614715576,-3.629675657570429,,,,,0.33546411991119385,-1.5746897512697344,,,,,0.3778802156448364,-2.0333330254031794,,,,,0.13604271411895752,1.005776900466109,,,7,7
2019-04-30 00:00:00+00:00,,,0.2806219458580017,-1.824533691762356,,,,,0.14145517349243164,-3.724545177838528,,,,,0.3310055136680603,-6.031883486282702,,,,,0.2563438415527344,0.3702891155222669,,,8,8
2019-04-30 06:00:00+00:00,,,0.22905248403549194,-3.684531980881468,,,,,0.2477213740348816,-5.465564026981202,,,,,0.3368031978607178,-0.8907408993734262,,,,,0.14682555198669434,0.33480643765311785,,,6,6
2019-04-30 12:00:00+00:00,,,0.26165223121643066,-4.209555498997309,,,,,0.13088274002075195,-1.0929366576996504,,,,,0.13565319776535034,0.6111113653155056,,,,,0.27878761291503906,0.14239766389404984,,,7,7
2019-04-30 18:00:00+00:00,,,0.23833006620407104,-1.3830779178328623,,,,,0.37406784296035767,-5.013257078891086,0.23790901899337769,-1.951059342915628,,,0.5827803611755371,-2.4717040085067103,,,,,0.179656982421875,0.6684834691644348,,,6,6
2019-05-01 00:00:00+00:00,,,0.20287549495697021,-0.9450354873277399,,,,,0.3161165714263916,-7.060285904299386,0.17763811349868774,-1.3190359050662273,,,0.21275508403778076,1.197208946973948,,,,,0.21200549602508545,-0.11952065964525435,,,5,5
2019-05-01 06:00:00+00:00,,,0.22573184967041016,-2.222778691549006,,,,,,,0.2228671908378601,0.742730345473856,,,,,,,,,0.2898496389389038,0.9880475048786407,,,5,5
2019-05-01 12:00:00+00:00,,,0.2321789264678955,18.1793390193885,,,,,,,0.29425954818725586,-4.504445229666181,,,,,,,,,0.12234127521514893,0.28556928693101274,,,5,5
2019-05-01 18:00:00+00:00,,,0.21317315101623535,-2.651071900346337,,,,,,,0.677984744310379,-6.660081589004596,,,,,,,,,0.20215070247650146,0.28023783071720315,,,4,4
2019-05-02 00:00:00+00:00,,,0.20662182569503784,-2.4140236000566953,,,,,,,0.34674984216690063,-3.558624623820143,,,,,,,,,0.13698673248291016,0.6767547889699977,,,3,3
2019-05-02 06:00:00+00:00,,,0.24442929029464722,-2.1725493984734157,,,,,,,,,,,,,,,,,0.32173097133636475,1.1204006983808203,,,2,2
2019-05-02 12:00:00+00:00,,,0.24590152502059937,-1.8738882851822944,,,,,,,0.17580938339233398,-0.18468191739198914,,,,,,,,,0.21965718269348145,1.3954362124736868,,,3,3
2019-05-02 18:00:00+00:00,,,0.19700193405151367,17.425171603729254,,,,,0.2120739221572876,-3.8693213635336865,0.1008230447769165,0.6982682818194904,,,,,,,,,0.2878713607788086,1.9789033649010233,,,4,4
2019-05-03 00:00:00+00:00,,,0.3226954936981201,-4.794448546749922,,,,,0.24307644367218018,-1.226190407338865,0.22616910934448242,0.5088065227309994,,,,,,,,,0.10849869251251221,0.515065213612839,0.21209657192230225,-0.05202976212381018,5,5
2019-05-03 06:00:00+00:00,,,0.3042284846305847,-1.8685576190993822,,,,,0.38399505615234375,-3.503339705344432,,,,,,,,,,,0.20076334476470947,0.9813757200501598,0.39665329456329346,-0.11082734676083965,4,4
2019-05-03 12:00:00+00:00,,,0.3030073046684265,-4.459828720427702,,,,,0.17169839143753052,-3.0659510221684565,,,,,,,,,,,0.17004048824310303,0.4515450840301769,,,4,3
2019-05-03 18:00:00+00:00,,,0.24575650691986084,-2.207100562472313,,,,,0.4932318329811096,-8.54180432670548,,,,,,,,,,,0.22059571743011475,0.6197172383587736,,,3,3
2019-05-04 00:00:00+00:00,,,0.26081788539886475,-2.4737589921877254,,,,,,,,,,,,,,,,,0.20763134956359863,1.8424664046549273,,,2,2
2019-05-04 06:00:00+00:00,,,0.2510344982147217,-3.6662910355038725,,,,,0.1551884412765503,-3.726174652847313,,,,,,,,,,,0.13403701782226562,0.3657529145885708,0.44724148511886597,0.05640523891129877,4,4
2019-05-04 12:00:00+00:00,,,0.19913166761398315,-3.775474524184323,,,,,0.27892982959747314,-6.075905565924807,,,,,,,,,,,0.18722033500671387,0.17053603537742656,,,4,3
2019-05-04 18:00:00+00:00,,,0.2845885753631592,-27.253245206690032,,,,,0.05780690908432007,7.622870808071413,,,,,,,,,,,0.1869053840637207,0.1483986964018043,,,4,3
2019-05-05 00:00:00+00:00,,,0.22289669513702393,-4.741524584212311,,,,,0.09913700819015503,-3.2053436455469684,,,,,,,,,,,0.18080854415893555,0.6126145997455005,,,4,3
2019-05-05 06:00:00+00:00,,,0.13183999061584473,-2.727064290809479,,,,,0.1080789566040039,-2.5203860348887313,,,,,,,,,,,0.14149928092956543,0.8784601686639978,,,4,4
2019-05-05 12:00:00+00:00,,,0.2420356273651123,-47.96786950112446,,,,,0.31417667865753174,0.8939272088065773,,,,,,,,,,,0.20353913307189941,2.8841446645466475,,,3,3
2019-05-05 18:00:00+00:00,,,0.2028052806854248,-7.252436159653158,,,,,0.31246984004974365,-3.0711184198557877,,,,,,,,,,,0.24778485298156738,1.3743963756919857,,,4,4
2019-05-06 00:00:00+00:00,,,0.20082420110702515,-2.207913137903279,0.10047149658203125,-0.1243271428524391,,,0.4820604920387268,-4.853434333386464,,,,,,,,,,,0.11085033416748047,0.7765670804353678,,,4,4
2019-05-06 06:00:00+00:00,,,0.1861886978149414,-18.78960589853601,,,,,0.5493643283843994,-3.1511129901077983,,,,,,,,,,,0.14251196384429932,0.5153562503556468,,,4,3
2019-05-06 12:00:00+00:00,,,0.21719413995742798,-2.060362950984756,,,,,,,0.28943687677383423,-0.2851516953360484,,,,,,,,,0.11729311943054199,0.7199402105035756,,,3,3
2019-05-06 18:00:00+00:00,0.12779337167739868,-3.2353660321814504,0.18105542659759521,-2.019941657479513,,,,,,,0.26029205322265625,0.33321689142797284,,,,,,,,,0.17245709896087646,0.8641659953654791,,,4,4
2019-05-07 00:00:00+00:00,,,0.12370246648788452,38.614094186568046,,,,,,,0.15470778942108154,-0.34844315152453154,,,,,,,,,0.20785856246948242,2.268580662480541,,,3,3
2019-05-07 06:00:00+00:00,0.3902267813682556,-1.7112556529432656,0.22783654928207397,-6.685565472156284,,,,,,,,,,,,,,,,,0.19227182865142822,1.3647525894044474,,,3,3
2019-05-07 12:00:00+00:00,,,0.22731775045394897,-3.0734186530647225,,,,,,,,,,,,,,,,,0.08983850479125977,-24.646717162395248,,,2,2
2019-05-07 18:00:00+00:00,,,0.1719244122505188,-1.3219421795287076,,,,,,,,,,,,,,,,,0.11924278736114502,0.5371871619750032,,,2,2
2019-05-08 00:00:00+00:00,,,0.2062588334083557,-2.5119084990828453,,,,,0.4736015200614929,-0.2606978514648257,,,,,,,,,,,0.1296403408050537,0.7464254613513508,,,3,3
2019-05-08 06:00:00+00:00,,,0.27314436435699463,-51.47081129238972,,,,,,,,,,,,,,,,,0.09162747859954834,-30.373565409489082,,,2,2
2019-05-08 12:00:00+00:00,,,0.23625600337982178,-4.168661602279388,,,,,,,,,,,,,,,,,0.14042627811431885,1.606539529503027,,,2,2
2019-05-08 18:00:00+00:00,,,0.19443625211715698,-2.242558907060243,,,,,,,,,,,,,,,,,0.18745183944702148,1.3603090737485621,,,2,2
2019-05-09 00:00:00+00:00,,,0.2444683313369751,-3.035548086687573,,,,,,,,,,,,,,,,,0.08204782009124756,-22.923181055591186,,,3,2
2019-05-09 06:00:00+00:00,,,0.24799031019210815,-3.327143714341194,0.4865623712539673,-0.44384546060630703,,,,,,,,,,,,,,,0.24057328701019287,1.7493626923461811,,,4,3
2019-05-09 12:00:00+00:00,,,0.22347694635391235,-24.07041864333452,,,,,,,,,,,,,,,,,0.1719604730606079,1.09448101902225,,,3,3
2019-05-09 18:00:00+00:00,,,0.23363113403320312,-4.080072945290034,0.1537327766418457,1.0297256757481168,,,,,,,,,,,,,,,0.1256784200668335,1.0398440986820787,,,3,3
2019-05-10 00:00:00+00:00,,,0.22929245233535767,-2.738548390399649,0.5965882539749146,0.4916922156813129,,,,,,,,,,,,,,,0.1818760633468628,2.171270051786904,,,3,3
2019-05-10 06:00:00+00:00,,,0.22740167379379272,-1.4910747490063947,,,,,,,,,,,,,,,,,0.2215214967727661,1.0978670325519075,,,2,2
2019-05-10 12:00:00+00:00,,,0.20835387706756592,-2.1521383219560466,,,,,,,,,,,,,,,0.46201062202453613,-0.5870994512547218,0.2233278751373291,-24.891313402365633,,,3,3
2019-05-10 18:00:00+00:00,,,0.21313852071762085,-2.718746983925166,,,,,,,,,,,,,,,,,0.24305212497711182,1.155465912132576,,,2,2
2019-05-11 00:00:00+00:00,,,0.3081948161125183,-4.30396682687296,,,,,,,,,,,,,,,,,0.16441798210144043,1.040344965782857,,,2,2
2019-05-11 06:00:00+00:00,,,0.13674533367156982,-2.205594676264308,,,,,,,,,,,,,,,,,0.15365684032440186,1.9889542594460676,,,2,2
2019-05-11 12:00:00+00:00,,,0.2561434507369995,-2.994826561493755,,,,,,,,,,,,,,,,,0.18743360042572021,0.530289875822436,,,2,2
2019-05-11 18:00:00+00:00,,,0.2202426791191101,-1.5408900817882074,,,,,,,,,,,,,,,,,0.24858331680297852,24.319137906930038,,,2,2
2019-05-12 00:00:00+00:00,,,0.21696031093597412,-1.7729892343399172,,,,,,,,,,,,,,,,,0.07220703363418579,-38.66633121009069,,,3,3
2019-05-12 06:00:00+00:00,,,0.2951729893684387,-1.1706229286904744,,,,,,,,,,,,,,,,,0.2520294189453125,2.021871764471224,,,2,2
2019-05-12 12:00:00+00:00,,,0.3102000951766968,-4.077640979378553,,,,,,,,,,,,,,,,,0.014462590217590332,0.03680291399344502,,,2,2
2019-05-12 18:00:00+00:00,,,0.219132661819458,-2.124401748118305,,,,,,,,,,,,,,,,,0.21881723403930664,1.196993598105142,,,3,2
2019-05-13 00:00:00+00:00,,,0.2493458390235901,-0.4416405813537832,,,,,,,,,,,,,,,,,0.163346529006958,1.040715966927765,,,2,2
2019-05-13 06:00:00+00:00,0.23368549346923828,0.24319245015487692,0.2205367088317871,-5.552344085804724,,,,,,,,,,,,,,,,,0.29722583293914795,2.8448626939646533,,,3,3
2019-05-13 12:00:00+00:00,,,0.24370533227920532,-1.0031250999084078,,,,,,,,,,,,,,,,,0.28229820728302,1.1068946433998836,,,2,2
2019-05-13 18:00:00+00:00,,,0.16612589359283447,-2.624319880738324,,,,,,,,,,,,,,,,,0.2492457628250122,1.8559544603946168,,,2,2
2019-05-14 00:00:00+00:00,,,0.23676717281341553,-0.6799687696634243,,,,,,,,,,,,,,,,,0.2367849349975586,2.4926978792902252,,,2,2
2019-05-14 06:00:00+00:00,,,0.15165650844573975,-0.5966590467259782,0.739188939332962,-0.17867324873119014,,,,,,,,,,,,,,,0.24879217147827148,2.879044554951227,,,3,3
2019-05-14 12:00:00+00:00,,,0.2947770357131958,-8.676539693227156,,,,,,,,,,,,,,,,,0.21421706676483154,0.9524483651931288,,,3,3
2019-05-14 18:00:00+00:00,,,0.2886696457862854,-5.701941107764064,,,,,,,,,,,,,,,,,0.24536776542663574,5.952782962407126,,,3,3
2019-05-15 00:00:00+00:00,,,0.1988552212715149,-1.7502681757405192,,,,,,,,,,,,,,,,,0.12393975257873535,-48.0533642119772,,,2,2
2019-05-15 06:00:00+00:00,,,0.27516788244247437,-1.8373794531963954,,,,,,,,,,,,,,,,,0.28370821475982666,6.6172295716740885,,,2,2
2019-05-15 12:00:00+00:00,,,0.24843180179595947,-2.2444158033679016,,,,,,,,,,,,,,,,,0.2731177806854248,3.8824183659880878,,,2,2
2019-05-15 18:00:00+00:00,,,0.22486340999603271,-1.2496742385554371,,,,,,,,,,,,,,,,,0.2890423536300659,2.921149933385496,,,2,2
2019-05-16 00:00:00+00:00,,,0.24729788303375244,-4.990828145309018,,,,,,,,,,,,,,,,,0.21255409717559814,0.30463624485034774,0.3113086223602295,5.611620090778639,3,3
2019-05-16 06:00:00+00:00,,,0.2071639895439148,-3.533339967606799,,,,,,,,,,,,,,,,,0.2554435729980469,3.362064007191571,0.19230282306671143,0.2987855503562134,3,3
2019-05-16 12:00:00+00:00,,,0.2414303421974182,-2.8684377019258935,,,,,,,,,,,,,0.05721449851989746,0.353216657846424,,,0.2244575023651123,1.7651221249181321,,,5,4
2019-05-16 18:00:00+00:00,,,0.20668452978134155,-1.7629289764173002,,,,,,,,,,,,,,,,,0.2112635374069214,-4.3760974483965756,,,3,3
2019-05-17 00:00:00+00:00,,,0.18246561288833618,-3.675847502660324,,,,,,,,,,,,,,,,,0.15845143795013428,0.9756648256091995,,,3,3
2019-05-17 06:00:00+00:00,,,0.22454732656478882,15.150982962191684,,,,,,,,,,,,,,,,,0.17718505859375,-0.044910681267925245,,,3,2
2019-05-17 12:00:00+00:00,,,0.2028554081916809,-3.8629295403908275,,,0.4995676875114441,-3.637818468828775,,,,,,,,,,,,,0.0646904706954956,-41.15388472156181,,,3,3
2019-05-17 18:00:00+00:00,,,0.14458322525024414,-1.471658584291007,,,0.46498143672943115,-4.872878181165522,,,,,,,,,,,,,0.2512441873550415,1.020251812985448,,,4,4
2019-05-18 00:00:00+00:00,,,0.19509607553482056,-2.0890534517496673,,,0.38150298595428467,-6.68991474804127,0.3438568115234375,0.31664663981157737,,,,,,,,,,,0.13928699493408203,0.484097982162483,,,4,4
2019-05-18 06:00:00+00:00,,,0.22499465942382812,-4.765370967697806,,,,,0.16703099012374878,-0.17052623892123997,,,,,,,,,,,0.1479259729385376,0.4584657269680602,,,4,4
2019-05-18 12:00:00+00:00,,,0.22328031063079834,-5.46672342354668,,,,,0.21090912818908691,-1.128664925693626,,,,,,,,,,,0.22999060153961182,0.972690347081782,,,4,4
2019-05-18 18:00:00+00:00,,,0.1362830400466919,-2.6896524478341486,,,,,0.4092109203338623,-4.367121565213973,,,,,,,,,,,0.13093805313110352,0.3003443559333376,,,4,4
2019-05-19 00:00:00+00:00,,,0.23760342597961426,-2.9698914058951664,,,,,0.31865018606185913,-7.565815048107685,,,,,,,,,,,0.17770302295684814,0.5785324032083695,,,4,4
2019-05-19 06:00:00+00:00,,,0.09650510549545288,-0.800323002067534,,,,,0.3769017457962036,-5.737841957303075,,,,,,,,,,,0.17274272441864014,3.8370711680682055,,,4,4
2019-05-19 12:00:00+00:00,,,0.25002163648605347,-3.1543338684903865,,,,,0.21294444799423218,-1.263963270626525,,,,,,,,,,,0.20933771133422852,1.363803975631235,,,4,4
2019-05-19 18:00:00+00:00,,,0.17736047506332397,-1.0717224047581944,,,,,0.31358546018600464,-3.7563374110093943,,,,,,,,,,,0.24767076969146729,3.0570646317367935,,,4,4
2019-05-20 00:00:00+00:00,,,0.21744370460510254,-1.2767893255600873,,,,,0.1559751033782959,-0.5574631710458869,,,,,,,,,,,0.21937286853790283,1.517690346254438,,,5,5
2019-05-20 06:00:00+00:00,,,0.2355383038520813,-1.0969007323482773,,,,,0.20536530017852783,-2.411503470942015,,,,,0.286851167678833,-1.4813223259507793,,,,,0.20867598056793213,-5.918037830216881,,,5,5
2019-05-20 12:00:00+00:00,,,0.16427963972091675,0.4331536709405996,,,,,0.17539584636688232,-8.610988120474257,,,,,0.14952689409255981,-0.38128859125096437,,,,,0.27412354946136475,0.6672111160943046,0.11910927295684814,-0.04715328799885314,7,7
2019-05-20 18:00:00+00:00,,,0.1713159680366516,-2.278460241870307,,,0.23295438289642334,-0.598655220199394,0.12982821464538574,-4.20346202897884,,,,,0.11124491691589355,0.7067535699481139,,,,,0.2688523530960083,2.771048009968196,,,8,7
2019-05-21 00:00:00+00:00,,,0.16533243656158447,-1.0417518441588758,0.15903204679489136,-1.377137657963323,0.10709965229034424,-1.6004451279021263,0.1865406036376953,-2.231283891452453,,,,,,,,,,,0.20861101150512695,-0.03796871376260043,,,6,6
2019-05-21 06:00:00+00:00,,,0.145641028881073,3.6765147870178003,0.34205639362335205,-0.19125141125143855,0.27140355110168457,0.25273548004280944,0.26364701986312866,-0.2631103578218383,,,,,,,,,,,0.2553330659866333,1.3098398137271055,,,5,5
2019-05-21 12:00:00+00:00,,,0.21357667446136475,-1.0427691639609382,,,0.06803327798843384,-0.4209542539844355,0.3044663667678833,-3.819098078150856,,,,,0.35367023944854736,-8.59134479979588,,,,,0.2406938076019287,2.216149592577184,,,5,5
2019-05-21 18:00:00+00:00,,,0.21534943580627441,-2.3410345141501567,,,0.16640710830688477,-1.6151518018000561,0.15362542867660522,-1.1034886046692012,,,,,0.1513347029685974,-0.8587023144436128,,,,,0.2653999328613281,4.295895543158618,,,5,5
2019-05-22 00:00:00+00:00,,,0.1933644413948059,-1.150735101057752,,,0.27968108654022217,-3.429738955900592,,,,,,,0.23271507024765015,-2.9020305672370297,,,,,0.2032454013824463,1.1272272605242324,,,6,4
2019-05-22 06:00:00+00:00,,,0.26613253355026245,-3.345256376781023,,,0.08704900741577148,4.1611438482035314,,,,,,,0.13464844226837158,-0.6838788371932056,,,,,0.2464362382888794,2.1478843027339707,,,4,4
2019-05-22 12:00:00+00:00,,,0.1772247552871704,-2.9709252843444522,,,0.08731496334075928,-3.3026129545410865,0.38172972202301025,-1.2204845327945113,,,,,0.31534188985824585,-2.7645981009652427,,,,,0.2934974431991577,2.257416740999034,,,5,5
2019-05-22 18:00:00+00:00,,,0.1729341745376587,-2.6070161747701803,,,0.24377000331878662,-5.024212835994974,0.36579322814941406,-0.08237196345230186,,,,,0.05276072025299072,-1.088810550331934,,,,,0.17328453063964844,1.9135184071211284,,,5,5
2019-05-23 00:00:00+00:00,,,0.19890129566192627,-3.6406932537923864,,,0.2274271845817566,-2.9118336025508644,0.05914151668548584,-1.8475723600585476,0.07592159509658813,-1.0329654335994516,,,,,,,,,0.22149622440338135,1.941684870883811,,,5,5
2019-05-23 06:00:00+00:00,,,0.18458956480026245,-0.9550869241768035,,,0.32468199729919434,-5.112248029756528,,,0.3029133081436157,-3.1563373229318707,,,,,,,,,0.22259104251861572,2.7097517705142415,,,5,5
2019-05-23 12:00:00+00:00,,,0.27302348613739014,-1.6059656914205052,,,,,0.30334699153900146,-2.776175290157256,0.4252210259437561,-6.459860722611339,,,,,,,,,0.22709524631500244,0.7268368467396731,,,5,5
2019-05-23 18:00:00+00:00,,,0.2204742431640625,-2.9633299005312703,,,,,0.16561567783355713,-5.400025916774685,0.45091575384140015,-0.48041061404174773,,,,,,,,,0.2378065586090088,0.8254079272409554,,,5,5
2019-05-24 00:00:00+00:00,,,0.2493920922279358,-4.750892590004436,,,,,0.23397666215896606,-2.6645418634785645,0.42123115062713623,-1.732752126660817,,,,,,,,,0.15901923179626465,-5.014748968171997,,,5,5
2019-05-25 00:00:00+00:00,,,0.18622899055480957,-3.0176027235901657,,,,,0.13640213012695312,-3.2483179686461727,0.3573349714279175,0.6109690418826252,,,,,,,,,0.27755820751190186,1.1467633312312058,,,4,4
2019-05-25 06:00:00+00:00,,,0.18314027786254883,-1.1316849619097666,,,,,0.1506561040878296,-4.919197279587045,,,,,,,,,,,0.2496170997619629,0.7116912219611309,,,3,3
2019-05-25 12:00:00+00:00,,,0.2136390209197998,-2.636804710363755,,,,,0.21921658515930176,-7.227151388739799,,,,,,,,,,,0.2831002473831177,1.7710790137933543,0.16560661792755127,-0.41326675572431215,4,4
2019-05-25 18:00:00+00:00,,,0.17658638954162598,-2.5416114909420147,,,,,0.22406113147735596,-0.8950794745170352,,,,,0.0959848165512085,-0.6939568382716557,,,,,0.15432071685791016,0.5197257028863812,,,4,4
2019-05-26 00:00:00+00:00,,,0.2521810531616211,-17.020689357388655,,,,,0.05877166986465454,-3.1713706405997875,,,,,0.4449595808982849,-2.733586320806922,,,,,0.2295287847518921,4.498859400872797,,,6,6
2019-05-26 06:00:00+00:00,,,0.21494543552398682,-1.8896507084024128,,,,,0.373740017414093,-11.493129705693175,,,,,0.2649231553077698,-1.231777375570593,,,,,0.3340543508529663,0.7775430586830687,,,4,4
2019-05-26 12:00:00+00:00,,,0.1691356897354126,-12.758671707973106,,,,,0.3189363479614258,-5.126335016359743,,,,,0.17638731002807617,-1.5307615699745902,,,,,0.24217867851257324,1.4935042008784742,,,4,4
2019-05-26 18:00:00+00:00,,,0.16672676801681519,-1.6043109023835782,,,,,0.23819786310195923,-5.268481210314837,,,,,0.09818202257156372,-2.1265500691620054,,,,,0.2642112970352173,1.4065315342334301,,,5,5
2019-05-27 00:00:00+00:00,,,0.2057904601097107,-7.161239997246768,,,,,0.27558666467666626,-8.349959741686604,,,,,0.15976375341415405,-0.3820701890901838,,,,,0.25034379959106445,1.8468440371625914,,,4,4
2019-05-27 06:00:00+00:00,,,0.1844753623008728,-1.405962795605792,,,,,0.42519837617874146,-7.987279041254595,,,,,0.22165042161941528,-0.9249593960627944,,,,,0.265972375869751,2.0922785426830104,,,5,5
2019-05-27 12:00:00+00:00,,,0.17899298667907715,-1.1672108269352481,,,,,0.3603421449661255,-1.7926510959788888,,,,,0.05599731206893921,0.9462285699042156,,,,,0.34528493881225586,1.1315891965321163,,,5,5
2019-05-27 18:00:00+00:00,,,0.20180022716522217,-20.238328360483802,,,,,0.20867234468460083,-3.570441453248264,,,,,0.09697467088699341,-2.802017229778246,,,,,0.3177107572555542,1.046296964928625,,,5,5
2019-05-28 00:00:00+00:00,,,0.12611490488052368,-0.7360697880185605,,,,,,,0.3692593574523926,-3.2847193056607042,,,0.4379590153694153,-12.172762920893664,,,,,0.17493367195129395,0.72600151321581,,,4,4
2019-05-28 06:00:00+00:00,,,0.184303879737854,-0.9180193327815045,,,,,,,0.11080378293991089,-0.49591988083428146,,,0.0852767825126648,-5.153573061057416,,,,,0.26053082942962646,0.9555608816699008,,,5,5
2019-05-28 12:00:00+00:00,,,0.1955694556236267,-0.5720730549847739,,,,,,,0.05659008026123047,-0.5234500930488942,,,0.005555391311645508,-0.986855224660571,,,,,0.26218128204345703,0.42740546468779883,,,5,5
2019-05-28 18:00:00+00:00,,,0.20359766483306885,-1.8313109522869186,,,,,,,0.183704674243927,-0.6778358510929303,,,,,0.2218252420425415,-2.3209719539839586,,,0.24332380294799805,1.6441368943679109,,,6,6
2019-05-29 00:00:00+00:00,,,0.17307865619659424,-1.25114699809031,,,,,,,0.4213663935661316,-4.016671635422463,,,,,0.18315553665161133,-1.2535561797631134,,,0.28524982929229736,1.8949291327471138,,,5,5
2019-05-29 06:00:00+00:00,,,0.16742807626724243,-21.30764103628464,,,,,,,0.06661242246627808,-1.0614655964815134,,,,,0.22044193744659424,0.8833300302069159,,,0.15679538249969482,0.9535008502612065,,,5,5
2019-05-29 12:00:00+00:00,,,0.16643017530441284,9.21709736382512,,,,,,,0.16118872165679932,-0.8646120086226543,,,,,,,,,0.2893106937408447,1.4293011525295525,,,3,3
2019-05-29 18:00:00+00:00,,,0.17067086696624756,-2.9851539942551972,,,,,,,0.10797011852264404,-1.0334891189423008,,,,,0.22339147329330444,-0.08200935012816406,,,0.33316099643707275,1.6575766287085993,,,4,4
2019-05-30 00:00:00+00:00,,,0.1995774507522583,-1.5918053009461781,,,,,,,0.053628623485565186,0.07272566654631302,,,,,,,,,0.2604074478149414,1.3171132971342505,,,4,4
2019-05-30 06:00:00+00:00,,,0.1512054204940796,-0.6622709117194688,,,,,,,,,,,,,,,,,0.25175046920776367,0.6432537097832667,,,2,2
2019-05-30 12:00:00+00:00,,,0.14842510223388672,-2.180679072337899,,,,,,,,,,,,,,,,,0.24387848377227783,1.5277096731907849,,,2,2
2019-05-30 18:00:00+00:00,,,0.23841053247451782,-0.6180388503798661,,,,,,,,,,,,,,,,,0.26410114765167236,1.2660941109918857,0.4681957960128784,0.22822354379335996,4,3
2019-05-31 00:00:00+00:00,,,0.10578674077987671,-0.641541714450319,,,,,,,,,,,,,,,,,0.20465433597564697,1.830274857341945,0.7700109332799911,-0.4902393210481577,3,3
2019-05-31 06:00:00+00:00,,,0.20052498579025269,-1.2187330849805258,,,,,,,,,,,,,,,,,0.2190312147140503,1.7184474756500103,,,3,2
2019-05-31 12:00:00+00:00,,,0.25838565826416016,-20.88997152040591,0.5457456111907959,0.01169251505267808,,,,,,,,,,,,,,,0.24088633060455322,1.2091189876637543,,,3,3
2019-05-31 18:00:00+00:00,,,0.10067981481552124,-0.7680409011586574,0.22532916069030762,-0.8521321079329904,,,,,,,,,,,,,,,0.2974027395248413,2.29228453236192,,,3,3
2019-06-01 12:00:00+00:00,,,0.24111944437026978,-1.8644599041807306,0.004501938819885254,-0.9548755462206732,,,,,,,,,,,,,,,0.20262205600738525,1.8240316242774643,,,3,3
2019-06-01 18:00:00+00:00,,,0.13741528987884521,-0.9710299244258218,0.45984143018722534,-0.5769476868289207,,,,,,,,,,,,,,,0.1919008493423462,0.9697299345149034,,,3,3
2019-06-02 00:00:00+00:00,,,0.16486763954162598,0.2613962577865465,,,,,,,,,,,,,,,,,0.21460580825805664,1.594723109355367,,,3,2
2019-06-02 06:00:00+00:00,,,0.16806107759475708,-2.0572206148906584,,,,,,,,,,,,,,,,,0.20776498317718506,1.8821991385884964,,,2,2
2019-06-02 12:00:00+00:00,,,0.19540506601333618,-0.9404293123244463,0.46331000328063965,0.08925156177903545,,,,,,,,,,,,,,,0.287752628326416,2.3255192730177243,,,3,3
2019-06-02 18:00:00+00:00,,,0.21883362531661987,-2.2790860241533686,,,,,,,,,,,,,,,,,0.2636314630508423,1.9732488146066527,,,2,2
2019-06-03 00:00:00+00:00,,,0.16228055953979492,-1.276557557675912,,,,,,,,,,,,,,,,,0.22635126113891602,2.123133849127611,,,2,2
2019-06-03 06:00:00+00:00,,,0.251315712928772,-1.3898880880971634,,,,,,,,,,,,,,,0.4230414628982544,0.4434980466207883,0.23163342475891113,2.9326621972534817,,,3,3
2019-06-03 12:00:00+00:00,,,0.14385509490966797,-0.5474481591955092,,,,,,,,,,,,,,,,,0.30899596214294434,5.544557254290101,,,2,2
2019-06-03 18:00:00+00:00,,,0.28035759925842285,-1.4241151989845875,,,,,,,,,,,,,,,,,0.17815852165222168,0.09753349125184264,,,2,2
2019-06-04 00:00:00+00:00,,,0.24937397241592407,-1.5312744485446808,,,,,,,,,,,,,,,,,0.2298281192779541,1.0005354927201169,,,2,2
2019-06-04 06:00:00+00:00,,,0.2468029260635376,-2.707308105277022,,,,,,,,,,,,,,,,,0.22687900066375732,1.9585057552511356,0.2848348021507263,-0.4769108180525964,3,3
2019-06-04 12:00:00+00:00,,,0.23463499546051025,-2.178987444330654,,,,,,,,,,,,,,,,,0.2582571506500244,2.708003389677615,,,2,2
2019-06-04 18:00:00+00:00,,,0.19001132249832153,-1.5514682678608624,,,,,,,,,,,,,,,,,0.18425142765045166,3.7584848223898044,,,2,2
2019-06-05 00:00:00+00:00,,,0.19203579425811768,-1.4047304865271568,,,,,,,,,,,,,,,,,0.20489740371704102,1.017604465896915,,,2,2
2019-06-05 06:00:00+00:00,,,0.24069923162460327,-1.796347685055807,,,,,,,,,,,,,,,,,0.24836504459381104,1.4824371255501243,,,2,2
2019-06-05 12:00:00+00:00,,,0.2818721532821655,-3.136452341350031,,,,,,,,,,,,,,,,,0.25377535820007324,2.8993626293968817,,,2,2
2019-06-05 18:00:00+00:00,,,0.2811885476112366,-2.8151049234770347,,,,,,,,,,,,,,,,,0.25351762771606445,1.2277916624353633,,,2,2
2019-06-06 00:00:00+00:00,,,0.2800144553184509,-1.5024674447221356,,,,,,,,,,,,,,,0.41452813148498535,-0.16677836074877567,0.2146008014678955,0.9489913236785076,,,4,4
2019-06-06 06:00:00+00:00,,,0.2585332989692688,-2.7674143061320784,,,,,,,,,,,,,,,,,0.22337782382965088,1.5290183938964388,,,2,2
2019-06-06 12:00:00+00:00,,,0.20012247562408447,-2.8571758980709427,,,,,,,,,,,,,,,,,0.2555863857269287,2.3167323341739814,,,2,2
2019-06-06 18:00:00+00:00,,,0.27880704402923584,-15.99858310780105,,,,,,,,,0.16841816902160645,1.969787163215113,,,,,,,0.24870169162750244,1.1165298370282128,,,3,3
2019-06-07 00:00:00+00:00,,,0.21912837028503418,-1.307947944479624,,,,,,,,,,,0.21240639686584473,1.4309527044051835,,,,,0.19967007637023926,2.132357733576734,,,3,3
2019-06-07 06:00:00+00:00,,,0.20731842517852783,-1.2239906745333027,,,,,,,,,,,0.31104302406311035,2.390799513100098,,,,,0.20517992973327637,1.6630813643062292,,,3,3
2019-06-07 12:00:00+00:00,,,0.1750718355178833,-1.8245499738798698,,,,,,,,,,,0.21232140064239502,3.2716436405892426,,,,,0.23442983627319336,4.500149907484261,,,3,3
2019-06-07 18:00:00+00:00,,,0.2013150453567505,-1.586287362155375,,,,,,,,,,,0.3472856283187866,8.46129108154223,,,,,0.22791016101837158,1.6843337483961662,,,3,3
2019-06-08 00:00:00+00:00,,,0.14844590425491333,-2.0436322885428995,,,,,,,,,,,0.48238062858581543,2.7985276551855844,,,,,0.15481579303741455,1.3369512704962245,,,3,3
2019-06-08 06:00:00+00:00,,,0.18807727098464966,-1.7942121977293641,,,,,,,,,,,0.31582045555114746,0.6519035454365858,,,,,0.2542259693145752,1.3210373468648728,,,4,3
2019-06-08 12:00:00+00:00,0.18598699569702148,-0.07761883432546683,0.17144012451171875,-2.214710460520397,,,,,,,,,,,0.5841487646102905,10.14930792253194,,,,,0.22256410121917725,1.817267667435361,,,4,4
2019-06-08 18:00:00+00:00,,,0.1877639889717102,-1.261472181274474,,,,,,,,,,,0.49769091606140137,5.994650305929197,,,,,0.22492682933807373,1.9463317729436895,,,3,3
2019-06-09 00:00:00+00:00,,,0.19757789373397827,-1.715224346408891,,,,,,,,,,,0.2710907459259033,1.77838374801331,,,,,0.24079585075378418,1.6733411237696416,,,3,3
2019-06-09 06:00:00+00:00,,,0.20549947023391724,-1.3812199512178391,,,,,,,,,,,0.2354896068572998,2.4035073453213776,,,,,0.21386504173278809,1.7555832090538794,,,3,3
2019-06-09 12:00:00+00:00,0.17184364795684814,0.2490675244776915,0.16748309135437012,-2.6668749165504777,,,,,,,,,,,0.3097696304321289,1.7011676814777323,,,,,0.22647106647491455,2.4595177078037467,,,5,5
2019-06-09 18:00:00+00:00,0.33720195293426514,-0.15119823455351863,0.286512553691864,-3.0072696685441005,,,,,,,,,,,0.31719017028808594,3.430560661366252,,,,,0.20524919033050537,-3.8915293112969365,,,5,4
2019-06-10 00:00:00+00:00,0.09175693988800049,-0.5406248194521784,0.2649921774864197,-2.9591208847032875,,,,,,,,,,,0.3051412105560303,3.219731535515675,,,,,0.25278806686401367,5.328440597096597,,,5,5
2019-06-10 06:00:00+00:00,,,0.2516040802001953,-16.963968742256807,,,,,,,,,,,0.09263825416564941,-0.7874192245403328,,,,,0.28940749168395996,11.164347584576968,,,5,5
2019-06-10 12:00:00+00:00,,,0.13494884967803955,-0.8662834152638816,,,,,,,,,,,0.07828629016876221,1.0172056542739838,,,,,0.27127301692962646,5.240882096587276,,,5,5
2019-06-10 18:00:00+00:00,,,0.2078876495361328,-22.74604169010514,,,,,,,,,,,0.4951002597808838,3.5056208714971273,,,,,0.22103416919708252,12.167528386975832,,,4,4
2019-06-11 00:00:00+00:00,,,0.18030893802642822,-3.320863207304974,,,,,,,,,,,0.765784740447998,5.510714449386556,,,,,0.19383645057678223,2.643511879075287,,,5,5
2019-06-11 06:00:00+00:00,,,0.1724323034286499,-5.113290293683355,,,,,,,,,,,0.6415156126022339,4.44211907304423,0.09726125001907349,-0.03563153045138477,,,0.2551429271697998,4.239298415315892,,,5,5
2019-06-11 12:00:00+00:00,,,0.22562932968139648,-30.74276109173018,,,,,,,,,,,,,,,,,0.22474658489227295,1.4868216804138032,,,2,2
2019-06-11 18:00:00+00:00,,,0.14336180686950684,-1.265486777243411,,,,,,,,,,,,,,,,,0.2011786699295044,1.4157216363791552,,,2,2
2019-06-12 06:00:00+00:00,,,0.17601174116134644,-18.48467256241792,,,,,,,,,,,,,,,,,0.21132242679595947,1.4059788732040486,,,2,2
2019-06-12 12:00:00+00:00,,,0.13130271434783936,-29.94966395111262,,,,,,,,,,,,,,,,,0.2787672281265259,2.454362644473796,,,2,2
2019-06-12 18:00:00+00:00,,,0.14926010370254517,-7.92826985780081,,,,,,,,,,,,,,,,,0.25583648681640625,3.1824050554851793,,,2,2
2019-06-13 00:00:00+00:00,,,0.17235195636749268,-2.6929601703964043,,,,,,,,,,,,,,,,,0.28402042388916016,3.467721368558247,,,2,2
2019-06-13 06:00:00+00:00,,,0.19343304634094238,-5.742734547321815,,,,,,,,,,,,,,,,,0.21166396141052246,-7.262850847018738,,,2,2
2019-06-13 12:00:00+00:00,,,0.256489098072052,-5.2557551591175,,,,,,,,,,,,,,,,,0.26423192024230957,1.4221977501609109,,,2,2
2019-06-13 18:00:00+00:00,,,0.20260637998580933,-3.8227366260094446,,,,,,,,,,,,,,,,,0.28179848194122314,2.6925009067404253,,,2,2
2019-06-14 00:00:00+00:00,,,0.18784266710281372,-1.9491047672698814,,,,,,,,,,,,,,,,,0.20930755138397217,1.682012224577096,,,2,2
2019-06-14 06:00:00+00:00,,,0.16720175743103027,-1.4756036999213331,,,,,,,,,,,,,,,,,0.23530292510986328,4.650798450245173,,,2,2
2019-06-14 12:00:00+00:00,,,0.18053865432739258,-3.170940897818985,,,0.43714821338653564,-1.1158701266146283,,,,,,,,,,,,,0.2709517478942871,2.425604349861498,,,3,3
2019-06-14 18:00:00+00:00,0.48517364263534546,-1.8369696296908657,0.1653296947479248,-2.643616056490072,,,0.27788424491882324,-0.13238355566318982,,,,,,,,,,,,,0.22980093955993652,2.387878534957536,,,4,4
2019-06-15 00:00:00+00:00,,,0.23139125108718872,10.887040986972526,,,0.1516302227973938,0.05384535043699554,0.10017108917236328,-0.031880500882010866,,,,,,,,,,,0.19797825813293457,1.6343352247207046,0.680020809173584,0.06253984422367688,6,6
2019-06-15 06:00:00+00:00,0.0835275650024414,0.49102717600218587,0.20686429738998413,17.124484465240737,,,0.10046827793121338,-0.43080867052934096,0.06363266706466675,-1.363480852685359,,,,,,,,,,,0.19816851615905762,3.2097328199924795,,,6,6
2019-06-15 12:00:00+00:00,,,0.18647140264511108,-2.271400929375089,,,0.2137150764465332,-2.801439805999687,0.2032400369644165,-8.917698349277625,,,,,,,,,,,0.2567875385284424,22.34582371309341,,,4,4
2019-06-15 18:00:00+00:00,,,0.23957955837249756,-1.8092572531589048,,,0.27181553840637207,0.1152359319930149,0.21453744173049927,-0.6279722451033027,,,,,,,,,,,0.2877933979034424,0.9946128830579231,,,4,4
2019-06-16 00:00:00+00:00,,,0.2091272473335266,-1.9849587150186205,,,,,0.35433316230773926,-6.069209542004529,,,,,,,,,,,0.2736300230026245,2.2557052851676267,,,3,3
2019-06-16 18:00:00+00:00,,,0.1785029172897339,-10.30741239301183,,,,,,,0.37110114097595215,-3.5790579516795376,,,,,,,,,0.2589925527572632,4.643893288639242,,,3,3
2019-06-17 00:00:00+00:00,,,0.18082374334335327,-1.5410609297437685,,,,,,,0.12619411945343018,-0.7607185118842312,,,,,,,,,0.24796581268310547,7.6681252390397665,,,3,3
2019-06-17 06:00:00+00:00,,,0.19400107860565186,-4.2775080971733095,,,,,,,0.009805560111999512,-0.8944654833725566,,,,,,,,,0.24006664752960205,3.2595830688527556,,,3,3
2019-06-17 12:00:00+00:00,,,0.24577635526657104,-11.932518749207922,,,,,,,0.18675637245178223,-0.5572304450163846,,,,,,,,,0.2678261995315552,10.817896617638567,,,3,3
2019-06-17 18:00:00+00:00,,,0.2075059413909912,-2.54336343619495,,,,,,,0.11017841100692749,-0.14582392775758862,,,,,,,,,0.20893919467926025,4.252506745299699,,,3,3
2019-06-18 00:00:00+00:00,,,0.21083176136016846,-3.049262199108808,,,,,0.43661224842071533,-2.819770391953416,0.0734637975692749,-0.14303904507431608,,,,,,,,,0.219640851020813,9.415584847260126,,,5,5
2019-06-18 06:00:00+00:00,,,0.20712757110595703,-3.9021563078445967,,,,,,,0.08970034122467041,-0.6239422147434739,,,,,,,,,0.2634531259536743,1.857648315620159,,,3,3
2019-06-18 12:00:00+00:00,,,0.25489020347595215,-3.1393436077742467,,,,,0.3557054400444031,-0.611403708292554,0.3399147391319275,-1.9831627672316319,0.4049428701400757,-2.9842262954500347,,,,,,,0.2977079153060913,3.419412060709317,,,6,5
2019-06-18 18:00:00+00:00,,,0.2212764024734497,-1.1293945048359002,,,,,,,0.29709702730178833,-0.590376089237698,0.10400092601776123,-0.655750266814238,,,,,,,0.27135753631591797,2.3570788003118706,,,4,4
2019-06-19 00:00:00+00:00,,,0.16061419248580933,-2.2209136132998597,,,,,,,0.7678499221801758,-0.04605799037631097,0.05474978685379028,-0.9677155055971128,,,,,,,0.23723316192626953,1.0715635017899932,,,4,4
2019-06-19 06:00:00+00:00,,,0.22736287117004395,-3.9884107458011333,,,,,,,,,0.3218480348587036,-3.4015340755076098,,,,,,,0.18122351169586182,2.2139978560914093,,,3,3
2019-06-19 12:00:00+00:00,,,0.21435880661010742,-14.047760783022204,,,,,,,,,0.05468934774398804,-0.4677593011277581,,,,,,,0.3359783887863159,1.7350620562221095,,,3,3
2019-06-19 18:00:00+00:00,,,0.19507306814193726,-3.0545063138607245,,,,,,,,,0.012234210968017578,0.36126479274870865,,,,,,,0.24886834621429443,1.559751142545774,,,3,3
2019-06-20 00:00:00+00:00,,,0.19885283708572388,-0.992425197035706,,,,,,,,,0.08888822793960571,-1.5891699771193055,,,,,,,0.24651944637298584,3.6326350739924713,,,3,3
2019-06-20 06:00:00+00:00,,,0.16078221797943115,5.363428556370556,,,,,,,,,0.31404757499694824,-1.3917870143266073,,,,,,,0.24542367458343506,1.9036702139595003,,,3,3
2019-06-20 12:00:00+00:00,,,0.1623174548149109,-1.295050131891947,,,,,,,,,0.42712074518203735,-2.8147022282983456,,,,,,,0.30206549167633057,3.216910087630506,,,3,3
2019-06-20 18:00:00+00:00,,,0.1993504762649536,-3.0793248856777202,,,0.13028639554977417,-0.3858542453910268,,,,,0.29071176052093506,2.38443157372731,,,,,,,0.2136225700378418,-8.14614393842846,,,4,4
2019-06-21 00:00:00+00:00,,,0.20643752813339233,-4.606165025890239,,,,,0.1311572790145874,-0.781054120189622,,,,,0.26847875118255615,0.8290785185654503,,,,,0.25345373153686523,1.8450083662593262,,,4,4
2019-06-21 06:00:00+00:00,,,0.14625179767608643,-3.7078217824663287,,,,,0.38542360067367554,-5.483566208345288,,,,,,,,,,,0.24044692516326904,2.1490373214642657,,,3,3
2019-06-21 12:00:00+00:00,,,0.19657117128372192,-0.5464794831697859,,,,,0.10161256790161133,-1.6384518869432685,,,,,,,,,,,0.2835540771484375,-4.257691442613184,,,3,3
2019-06-21 18:00:00+00:00,,,0.11930829286575317,-1.8620138637075359,,,,,0.29173171520233154,-17.07927627880607,,,,,0.05136740207672119,-4.182771419649781,,,,,0.24865853786468506,3.1491871802374405,,,4,4
2019-06-22 00:00:00+00:00,,,0.1387784481048584,-0.705205801710896,,,,,0.25376826524734497,-8.687580222707073,,,,,0.3430730104446411,-0.9482454026949695,,,,,0.28221404552459717,1.8674988483331783,,,4,4
2019-06-22 06:00:00+00:00,,,0.18186897039413452,-1.806384311578266,0.13542330265045166,0.7223456891621884,,,0.21352005004882812,-4.601473968261202,,,,,0.8322227448225021,-2.9627572283420194,,,,,0.249353289604187,0.7604752377575577,,,5,5
2019-06-22 12:00:00+00:00,,,0.15341222286224365,-0.4703638488825581,,,,,0.17239010334014893,-1.886089581728523,,,,,0.5198638141155243,-1.4011631386799077,,,,,0.27752435207366943,2.1696137760508316,,,6,5
2019-06-22 18:00:00+00:00,,,0.17257148027420044,-0.478937739589413,,,,,0.09588629007339478,-1.9015822544938463,,,,,,,,,,,0.27047765254974365,3.7546967581932766,,,5,5
2019-06-23 00:00:00+00:00,,,0.23899799585342407,-1.4154411164104352,,,,,0.21972155570983887,-4.865065614043617,,,,,0.18150246143341064,-2.079043428676312,,,,,0.2752194404602051,3.643317421855604,,,5,5
2019-06-23 06:00:00+00:00,,,0.21583640575408936,-1.972633850494904,,,0.1734279990196228,-0.10596093315338452,0.21184730529785156,-3.220742867546988,,,,,0.23486113548278809,-0.5953388090368558,,,,,0.26417791843414307,2.3470773100637135,,,6,6
2019-06-23 12:00:00+00:00,,,0.14491450786590576,-1.9852274961245566,,,0.21088916063308716,-0.7780845240342401,0.22716933488845825,-1.5432159154767882,,,,,0.5176992416381836,-2.4962277810403544,,,,,0.12968659400939941,-4.525226769611089,,,6,6
2019-06-23 18:00:00+00:00,,,0.1852954626083374,-34.8940304197705,,,0.1959633231163025,-0.9721696206157054,0.23456019163131714,-1.0014232540112058,,,,,0.25367802381515503,-1.893350637915807,,,,,0.2035825252532959,0.9554093887386399,,,6,6
2019-06-24 00:00:00+00:00,,,0.2533578872680664,-23.244504284996175,,,0.02363353967666626,-2.6997032310107936,0.24483388662338257,-8.330535785339144,0.30207937955856323,-1.9678821934695105,,,,,,,,,0.16739702224731445,0.6239879774640905,,,5,5
2019-06-24 06:00:00+00:00,,,0.2333628535270691,-2.0980917297231394,,,0.2855122685432434,-0.18889084303523135,0.2890651822090149,-7.866507140239197,0.06198233366012573,-0.818818642369563,,,,,,,,,0.21634769439697266,-1.227241754589392,,,6,6
2019-06-24 12:00:00+00:00,,,0.2559605836868286,-0.4313262120226107,,,0.06891006231307983,-4.2385798210720615,0.19234329462051392,-2.933524209901755,0.24029028415679932,0.32683185120212616,,,,,,,,,0.23035085201263428,-13.42464724403413,,,6,6
2019-06-24 18:00:00+00:00,,,0.1598665714263916,-5.5757051427926845,,,0.13054519891738892,-1.890519060223706,0.17648577690124512,-1.2236143852722356,0.056142210960388184,-1.039818507365664,,,,,,,,,0.2508971691131592,-10.94564442513349,,,5,5
2019-06-25 00:00:00+00:00,,,0.23196464776992798,-2.351642450606572,,,0.21494406461715698,-2.975402401351794,0.026834309101104736,-1.1843100844763506,0.37702643871307373,-0.6515672298112126,,,,,,,,,0.2622169256210327,3.1475223380046513,,,5,5
2019-06-25 06:00:00+00:00,,,0.12119603157043457,-2.975476064710423,,,0.3077821135520935,-2.3141028369704313,0.06262350082397461,-0.2464265299483939,,,,,,,,,,,0.15749037265777588,0.4021979869918657,,,4,4
2019-06-25 12:00:00+00:00,,,0.19550931453704834,-3.7044248291885085,,,0.1665601134300232,-2.2787666630868015,,,0.17411941289901733,-4.946807283672224,,,,,,,,,0.2793961763381958,0.39682632219599184,,,4,4
2019-06-25 18:00:00+00:00,,,0.2253124713897705,-5.077278736879145,,,,,0.27656060457229614,-3.9652301831178116,0.26014524698257446,-11.186279231009168,,,,,,,,,0.21372127532958984,1.7136908744033263,,,4,4
2019-06-26 00:00:00+00:00,,,0.2158481478691101,-1.0796180675159577,,,,,0.2722804546356201,-4.1170935654156535,0.17175263166427612,-2.5974194645188953,,,,,,,,,0.2781485319137573,0.932459684453136,,,5,5
2019-06-26 06:00:00+00:00,,,0.17486894130706787,-2.079279828989859,,,,,0.34142810106277466,-3.1850901720634055,0.13913023471832275,-0.6319410492048101,,,,,,,,,0.2771674394607544,0.7441434015661503,,,4,4
2019-06-26 12:00:00+00:00,,,0.1509963870048523,-0.7385793855111108,,,,,0.08203709125518799,-1.2398110255882762,0.08839648962020874,-0.5819037831372712,,,,,,,,,0.25033628940582275,-1.0017661873458408,,,4,4
2019-06-26 18:00:00+00:00,,,0.19275355339050293,-1.5574980882021985,,,0.2705307602882385,-0.649782646718143,0.2488061785697937,-6.052465019418235,0.2907983064651489,-0.07892605405793159,,,,,,,,,0.22538971900939941,1.6406220220858938,,,6,6
2019-06-27 00:00:00+00:00,,,0.17332583665847778,-2.380659946606816,,,0.22459810972213745,0.3416013664932001,0.2788756489753723,-1.737381399008585,0.2787085771560669,-0.7409441207122548,,,,,,,,,0.25186657905578613,3.753717866011228,,,6,6
2019-06-27 06:00:00+00:00,,,0.18370044231414795,-0.9407557581904733,,,0.3603670001029968,-1.031818307223836,0.2599237561225891,-3.144540099051433,0.092124342918396,-0.37398817126105316,,,,,,,,,0.23945128917694092,2.8996300923388585,,,5,5
2019-06-27 12:00:00+00:00,,,0.15846407413482666,-0.5509908897564507,,,0.4178786873817444,-0.6637967445127396,0.40634018182754517,-1.860214960325907,0.14228087663650513,-0.35571864911586604,,,,,,,,,0.26008760929107666,11.48867398500143,,,6,6
2019-06-27 18:00:00+00:00,,,0.11494690179824829,-2.2255436514844593,,,0.3718158006668091,-4.536592284926786,0.07764339447021484,-1.4868683957724846,0.04192984104156494,-0.4476766752125015,,,,,,,,,0.29151272773742676,5.935743874800316,,,6,6
2019-06-28 00:00:00+00:00,,,0.1456320881843567,-1.5887459801181572,,,0.5714459121227264,-5.988370982638287,0.41082167625427246,-0.4527168061410997,0.14736396074295044,-0.43663686985843636,,,,,,,,,0.2290782928466797,4.484033309107064,,,5,5
2019-06-28 06:00:00+00:00,,,0.14040929079055786,-1.6623681974488325,,,0.5587879717350006,-2.1603645848346447,,,0.22115778923034668,0.18702032558012188,,,,,,,,,0.28104984760284424,3.167249877438658,,,5,5
2019-06-28 12:00:00+00:00,,,0.15936166048049927,-3.2385801555769933,,,0.4525495171546936,-2.45828869042968,,,,,,,,,,,,,0.2906050682067871,1.870448762909933,,,4,4
2019-06-28 18:00:00+00:00,,,0.1102781891822815,-1.5206646236048558,,,0.44737106561660767,-8.345454253571749,,,,,,,,,,,,,0.28132569789886475,2.1497874592327846,,,4,4
2019-06-29 00:00:00+00:00,0.06631958484649658,0.896597662701514,0.012849569320678711,26.808839807129935,,,0.3422969579696655,-0.13980656279461806,,,,,,,,,,,,,0.2750803232192993,2.6535439058186685,,,4,4
2019-06-29 06:00:00+00:00,,,0.232563316822052,-33.82058116896078,,,0.526668131351471,-2.66060165941834,,,,,,,,,,,,,0.2107696533203125,2.135171042257651,,,3,3
2019-06-29 12:00:00+00:00,,,0.17525607347488403,-1.2567444551412001,,,0.455535352230072,-1.9211771274861928,,,,,,,,,,,,,0.2818690538406372,2.115502111521623,,,3,3
2019-06-29 18:00:00+00:00,,,0.06410419940948486,-2.6742072716172323,,,0.47054749727249146,-5.15559817328659,,,,,,,,,,,,,0.2979532480239868,1.943350935659735,,,3,3
2019-06-30 00:00:00+00:00,,,0.1997690200805664,-11.733973251511548,,,0.4763635993003845,-6.030668395619906,,,,,,,,,,,,,0.2781827449798584,2.686335078374705,,,3,3
2019-06-30 06:00:00+00:00,,,0.1928335428237915,-1.494572466473731,,,,,0.5307142734527588,-11.42415775866305,,,,,,,,,,,0.27641475200653076,3.094381457574377,,,3,3
2019-06-30 12:00:00+00:00,,,0.1441481113433838,0.02497573896314998,,,,,0.5240877866744995,-6.36791624162467,,,,,,,,,,,0.26183760166168213,2.1218916229558427,,,3,3
2019-06-30 18:00:00+00:00,,,0.1639530062675476,-0.5721876343049748,,,,,0.4888242483139038,-7.348371461657679,,,,,,,,,,,0.29889678955078125,6.938405655586262,,,3,3
2019-07-01 00:00:00+00:00,,,0.2873629927635193,-0.352073231621518,0.24291616678237915,-0.014830666165830578,,,0.379879891872406,-15.049253040963599,,,,,,,,,,,0.3027251958847046,3.5180665984966155,,,4,4
2019-07-01 06:00:00+00:00,,,0.10883361101150513,-0.7769460007492808,0.13048392534255981,-0.11772170076502522,,,0.425628662109375,-6.270648350256737,,,,,,,,,,,0.27366483211517334,3.456266315249222,,,4,4
2019-07-01 12:00:00+00:00,,,0.1984555721282959,-1.46411212251852,0.17582541704177856,0.13190252995839466,,,0.5260033905506134,-9.284099910985846,,,,,,,,,,,0.3383368253707886,1.6690644140791702,,,4,4
2019-07-01 18:00:00+00:00,,,0.23178774118423462,-0.23725375759246692,0.18882042169570923,-0.2897175108303969,,,0.4306291341781616,-4.892547037121656,,,,,,,,,,,0.24934935569763184,3.7488553691640982,,,6,5
2019-07-02 00:00:00+00:00,,,0.038718581199645996,-0.20187350561323378,0.16782939434051514,0.5783658479057414,,,0.466991662979126,-11.793944337264064,,,,,,,,,,,0.3644728660583496,23.606417652934272,,,5,5
2019-07-02 06:00:00+00:00,,,0.12585866451263428,-0.5281739744030085,0.10037976503372192,1.2726759913583503,,,0.4816487431526184,-5.273437431055578,,,,,,,,,,,0.3147091865539551,1.8967561253602163,,,5,4
2019-07-02 12:00:00+00:00,,,0.2503983974456787,-0.5547603575482796,,,,,0.5698381066322327,-7.699336221431965,,,0.4712696075439453,0.029335117672235848,,,,,,,0.3058943748474121,1.7884441231364143,,,5,4
2019-07-03 06:00:00+00:00,,,0.2167091965675354,-0.028434910503970935,,,,,0.4211198687553406,-1.7345118160233077,,,0.12445271015167236,0.06095016140617397,,,,,,,0.24278664588928223,1.4634323166938228,,,4,4
2019-07-03 12:00:00+00:00,,,0.18152213096618652,-0.3115685134655131,,,,,0.49950724840164185,-9.735651961040915,,,0.2694075107574463,3.6189115719923985,,,,,0.20108795166015625,0.7104166714074521,0.31107378005981445,1.9215471533037312,,,5,5
2019-07-04 00:00:00+00:00,,,0.33717530965805054,-0.420048918779629,,,,,0.4684324264526367,-3.4526382924122827,,,0.30820512771606445,1.6345553019219978,0.34638512134552,3.6480781309173196,,,,,0.25004613399505615,2.794175195667737,,,5,5
2019-07-04 06:00:00+00:00,,,0.38237595558166504,-0.9047349153484787,,,,,0.44417285919189453,-6.740315978171561,,,0.27143919467926025,0.5743261683269744,0.26673364639282227,3.1366207072258354,,,,,0.29077577590942383,-0.3640073518537811,,,5,5
2019-07-04 12:00:00+00:00,,,0.29976165294647217,-6.63663371144207,,,,,,,0.47756433486938477,-1.6336612133915687,0.41434431076049805,1.3015377418483638,0.3809727430343628,4.004432261898415,,,,,0.267683744430542,4.514426871224738,,,5,5
2019-07-04 18:00:00+00:00,,,0.3833243250846863,-0.7643680918616197,,,,,,,0.6949299871921539,-2.2954368809932535,0.022701144218444824,3.3188842308536346,0.3996933698654175,3.0931097948427513,,,,,0.17051684856414795,2.380367965014602,,,5,5
2019-07-05 00:00:00+00:00,,,0.036805152893066406,-0.08242579523437019,,,,,,,,,0.5274133682250977,2.0898013704059677,0.37750279903411865,1.493853143355155,,,,,0.16989922523498535,4.28224966835584,,,4,4
2019-07-05 06:00:00+00:00,,,0.014088034629821777,6.888387987789453,,,,,,,,,,,0.3358445167541504,5.884784897087161,,,,,0.1770322322845459,3.1665386736015946,,,4,4
2019-07-05 12:00:00+00:00,,,0.2171875238418579,0.3024799640437703,,,,,,,,,,,0.40143680572509766,6.416023430583329,,,0.3132430911064148,1.336765389744217,0.2753109931945801,2.226578290247753,,,5,5
2019-07-05 18:00:00+00:00,,,0.06594640016555786,-0.06849326647510026,,,,,,,,,,,0.434670090675354,9.863950742840649,,,,,0.22428596019744873,1.8279679584086779,,,4,4
2019-07-06 00:00:00+00:00,,,0.21409225463867188,-2.3189254813377023,,,,,,,,,,,0.490383505821228,5.236194614239007,,,,,0.28097665309906006,6.688526703912189,,,4,4
2019-07-06 06:00:00+00:00,,,0.16860967874526978,-1.6313919734798679,,,,,,,,,,,0.5156230926513672,8.80932438330876,,,,,0.22204995155334473,-27.073114886856114,,,4,4
2019-07-06 12:00:00+00:00,,,0.2957955002784729,-9.250996586543682,0.17598438262939453,0.46009980846126725,,,,,,,,,0.36056268215179443,9.499726759837301,,,,,0.29677557945251465,1.1349732273195428,,,5,5
2019-07-06 18:00:00+00:00,,,0.29216814041137695,-0.06678318974993974,,,,,,,,,,,0.5059816837310791,7.1872615353776705,,,,,0.28549301624298096,0.9101465320620011,,,4,4
2019-07-07 00:00:00+00:00,,,0.281924307346344,-0.9742354712602344,,,,,,,,,,,0.4637988805770874,9.558635828577383,,,,,0.20720458030700684,1.4393868147313902,,,5,4
2019-07-07 06:00:00+00:00,,,0.22686684131622314,-0.4430545531645199,,,,,,,,,,,0.43563950061798096,8.406390476103264,,,,,0.23249340057373047,2.567372852830814,,,4,4
2019-07-07 12:00:00+00:00,,,0.14041560888290405,-1.1369665056271943,,,,,,,,,,,0.37420523166656494,6.61860805307574,,,,,0.22572612762451172,2.9247291809839,,,4,4
2019-07-07 18:00:00+00:00,,,0.2510591149330139,-0.9577739783037369,,,,,,,,,,,0.4352368116378784,4.067432908752685,,,,,0.24122250080108643,1.7483645773195229,,,5,5
2019-07-08 00:00:00+00:00,,,0.12167936563491821,-0.457923505758099,,,,,,,,,,,0.2888643741607666,5.313249474627634,,,,,0.2491520643234253,12.939182900854679,,,4,4
2019-07-08 06:00:00+00:00,,,0.05595135688781738,25.636632557195636,,,,,,,,,,,0.1822446584701538,2.722593291652373,0.46972179412841797,7.226124469240974,,,0.2859060764312744,4.652390251916863,,,5,5
2019-07-08 12:00:00+00:00,,,0.3779361844062805,-14.428628729926121,,,,,,,,,,,0.1477358341217041,2.170325675577453,0.3116239309310913,4.806035370666686,,,0.26994025707244873,3.279401014137666,,,5,5
2019-07-08 18:00:00+00:00,,,0.17142623662948608,-4.040877550836357,,,,,,,,,,,0.30960726737976074,0.9313621287818694,0.37568581104278564,7.833546364650571,,,0.302207350730896,17.09760322985075,,,6,4
2019-07-09 00:00:00+00:00,,,0.12854987382888794,-0.9853463218237112,,,,,0.3431938886642456,1.5751921986735096,,,,,,,0.18999183177947998,2.7307163473400604,,,0.21374797821044922,2.0918311189422942,,,4,4
2019-07-09 06:00:00+00:00,,,0.16000139713287354,-0.7831719124227724,,,,,0.5122799873352051,-2.5070268738977783,,,,,,,0.3427088260650635,5.81699900362695,,,0.3278472423553467,3.501172732721434,,,5,5
2019-07-09 12:00:00+00:00,,,0.2141026258468628,-0.3641028225171748,,,,,0.011342763900756836,1.8176444311791982,,,,,,,0.15920531749725342,1.142274629445535,,,0.25140249729156494,-48.21845504311924,,,5,5
2019-07-09 18:00:00+00:00,,,0.15953636169433594,-4.815062314407978,,,,,0.11222469806671143,-0.7069292056827291,,,,,0.05261075496673584,0.41826358069111313,0.42536330223083496,6.650942885093768,,,0.2770223617553711,2.9663355426034985,,,6,6
2019-07-10 00:00:00+00:00,,,0.2067044973373413,-4.040930806517661,,,,,0.3223645091056824,-1.0944006013709526,,,,,,,0.35215890407562256,5.70082341254897,,,0.21452713012695312,1.721477405827024,,,5,5
2019-07-10 06:00:00+00:00,,,0.1700260043144226,-15.311023186365897,,,,,0.08578813076019287,1.1859642424768413,,,,,,,0.3085958957672119,5.131824176409712,,,0.23510968685150146,2.3533060497690985,,,5,5
2019-07-10 12:00:00+00:00,,,0.2077564001083374,-4.652685237818603,,,,,0.41391706466674805,-1.7238148686650006,,,,,,,0.41242384910583496,1.0570468354361597,,,0.24740147590637207,3.633691735342672,,,4,4
2019-07-10 18:00:00+00:00,,,0.13544505834579468,-2.353873852090541,,,,,0.478587806224823,-1.6356246921746425,,,,,,,0.11452305316925049,-0.19377254148158157,,,0.259995698928833,3.260961359649965,,,6,6
2019-07-11 00:00:00+00:00,,,0.21911752223968506,-0.9084260191001543,,,,,0.039350271224975586,-3.6274058553182518,,,,,,,0.49389612674713135,-0.05978754378035112,,,0.17289388179779053,2.3573132166531403,,,5,5
2019-07-11 06:00:00+00:00,,,0.21265745162963867,-0.12352139130574505,,,,,0.18898797035217285,-0.8497076555196927,,,,,,,,,,,0.21878182888031006,-18.155032468055833,,,4,4
2019-07-11 12:00:00+00:00,,,0.17460989952087402,0.3156731885377375,,,,,0.04958754777908325,-2.455821177998683,,,,,,,,,,,0.24473202228546143,2.505613938403903,,,3,3
2019-07-11 18:00:00+00:00,,,0.17383235692977905,-0.7461791257924838,,,,,0.2602105140686035,2.422861134296805,,,,,,,,,,,0.24901199340820312,2.4651218136314053,,,4,4
2019-07-12 00:00:00+00:00,,,0.15341150760650635,-0.7408257524916367,,,,,0.07115238904953003,3.1056284144681574,,,,,,,,,,,0.27347230911254883,3.1851949963693946,,,4,4
2019-07-12 06:00:00+00:00,,,0.2183690071105957,-0.6897693453963659,,,,,0.15073376893997192,-3.44823180466797,,,,,,,,,,,0.23467910289764404,2.207639027213886,,,4,4
2019-07-12 12:00:00+00:00,,,0.17108160257339478,-0.3953455223044109,,,,,0.5026299059391022,-1.2804418346484177,,,,,,,,,,,0.2797945737838745,3.1847446116735214,,,4,4
2019-07-12 18:00:00+00:00,,,0.1308557391166687,-1.3544493896788288,,,,,0.33296430110931396,-2.082775240566977,,,,,,,,,,,0.2783166170120239,3.692343964574024,,,4,4
2019-07-13 00:00:00+00:00,,,0.15876668691635132,-0.982750466925862,,,,,0.30862957239151,-1.3625469736505924,,,,,,,,,,,0.2744041681289673,2.553592274821623,,,4,4
2019-07-13 06:00:00+00:00,,,0.18937605619430542,-17.18563311917601,,,,,0.041165947914123535,2.6546974522451907,,,,,,,,,,,0.23747622966766357,-22.403071988197386,,,3,3
2019-07-13 12:00:00+00:00,0.281207799911499,0.7635761755622907,0.1507321000099182,-2.425103567026337,,,,,0.319016695022583,-0.693098802530147,,,,,,,,,,,0.2835019826889038,3.671766628759794,,,4,4
2019-07-13 18:00:00+00:00,0.09982115030288696,-0.39815695602002316,0.14022326469421387,-1.3692262136165492,,,,,0.27271294593811035,-5.516245935932931,,,,,,,,,,,0.311870813369751,2.5458183974865634,,,6,6
2019-07-14 00:00:00+00:00,0.6399472951889038,-0.7422947223940275,0.1786779761314392,-1.1307034605194735,,,,,0.03093874454498291,-0.19302808819747844,,,,,,,,,,,0.25024914741516113,2.851814202178944,,,5,5
2019-07-14 06:00:00+00:00,,,0.15572994947433472,-4.577712702088869,,,,,0.3112856149673462,-0.8370721461893235,,,,,,,,,,,0.3043041229248047,2.2797048423552586,,,3,3
2019-07-14 12:00:00+00:00,,,0.20214718580245972,-4.304703437199897,,,,,,,0.31582605838775635,-0.6038995653562098,,,,,,,,,0.2822173833847046,1.5890080116462695,,,3,3
2019-07-14 18:00:00+00:00,,,0.16393953561782837,-0.6109752400335028,,,,,,,0.4244312047958374,-0.3262874880039911,,,,,,,,,0.24868154525756836,-8.117309201651318,,,3,3
2019-07-15 00:00:00+00:00,,,0.17022401094436646,-0.3232703485720861,,,,,,,0.07937479019165039,-0.5549389022646156,,,,,,,,,0.20219802856445312,2.3083742792622806,,,3,3
2019-07-15 06:00:00+00:00,,,0.19465816020965576,-0.5038414320382013,,,,,,,,,,,,,,,,,0.28692829608917236,3.102671066077158,,,2,2
2019-07-15 12:00:00+00:00,,,0.19457030296325684,-3.4769097896834955,,,,,,,,,,,,,,,,,0.299688458442688,4.836637936318055,,,2,2
2019-07-15 18:00:00+00:00,,,0.16243553161621094,-4.203931774677288,,,,,,,,,,,,,,,,,0.28405725955963135,4.3795829360857725,,,2,2
2019-07-16 00:00:00+00:00,,,0.14575159549713135,-0.8702479192688339,,,,,,,,,,,,,,,,,0.26276326179504395,3.664945967722791,,,2,2
2019-07-16 06:00:00+00:00,,,0.16833817958831787,-2.076547856565606,,,,,,,,,,,,,,,,,0.3008716106414795,3.5576112920737164,,,2,2
2019-07-16 12:00:00+00:00,0.10093867778778076,-0.11359565806408461,0.14842915534973145,-2.9120870111176993,,,,,,,,,,,,,,,,,0.25505971908569336,-4.311030669887955,,,3,3
2019-07-16 18:00:00+00:00,0.5161798298358917,-1.291168488087015,0.143055260181427,-2.6012804894198394,,,,,,,,,,,,,,,,,0.31906795501708984,3.343583139856728,,,3,3
2019-07-17 00:00:00+00:00,,,0.15702426433563232,-1.1218906548854761,,,,,0.3012087345123291,-0.2470353449323996,,,,,,,,,,,0.28323185443878174,9.683566908099571,,,3,3
2019-07-17 06:00:00+00:00,,,0.1042637825012207,-0.9775742150145417,,,,,0.4671476483345032,-3.7609118705615963,,,,,,,,,,,0.24483633041381836,3.4867374508652103,,,3,3
2019-07-17 12:00:00+00:00,,,0.22625046968460083,-1.122171235583935,,,,,,,,,,,,,,,,,0.3099524974822998,2.360342714948515,,,2,2
2019-07-18 00:00:00+00:00,,,0.19127792119979858,-4.442930672541451,,,,,,,,,,,,,,,,,0.29210424423217773,3.1757674289204543,,,3,3
2019-07-18 06:00:00+00:00,,,0.20144790410995483,-10.697318784333577,,,,,,,,,,,,,,,,,0.306229829788208,5.9588566157586635,,,2,2
2019-07-18 12:00:00+00:00,,,0.15608209371566772,-12.07632401190043,,,,,,,,,,,,,,,,,0.309839129447937,4.522317867724278,,,2,2
2019-07-18 18:00:00+00:00,,,0.20646601915359497,-2.6509753546257864,,,,,0.2755432724952698,-1.1512190691424062,,,,,,,,,,,0.2538583278656006,4.204101907260941,,,3,3
2019-07-19 00:00:00+00:00,,,0.19645607471466064,-1.3005451412640938,,,,,,,,,,,,,,,,,0.23344683647155762,-2.521044259774184,,,2,2
2019-07-19 06:00:00+00:00,,,0.21184146404266357,-2.097588180451154,,,,,,,,,,,,,,,,,0.2844669818878174,5.988631362246257,0.2770519256591797,-0.38736774732587986,3,3
2019-07-19 12:00:00+00:00,,,0.1803176999092102,-3.0537544031646644,,,,,,,,,,,,,,,,,0.29446089267730713,3.272085059322392,,,2,2
2019-07-19 18:00:00+00:00,,,0.20389479398727417,-9.90506904159621,,,,,,,,,,,,,,,,,0.22608983516693115,-7.492239183392801,,,2,2
2019-07-20 00:00:00+00:00,,,0.20300740003585815,-5.314990720806717,0.05850791931152344,0.3150439719442237,,,,,,,,,,,,,,,0.24844121932983398,2.2880200374961484,,,3,3
2019-07-20 06:00:00+00:00,,,0.26211851835250854,-20.21168198209059,0.2077643871307373,-0.32386252076215793,,,,,,,,,,,,,,,0.27530431747436523,3.098780372596927,,,4,3
2019-07-20 12:00:00+00:00,,,0.1707991361618042,-2.3913624379567353,,,,,0.4348018765449524,-2.517292146094316,,,,,,,,,,,0.23822033405303955,1.4180783481688393,,,4,3
2019-07-20 18:00:00+00:00,,,0.1267825961112976,-0.4881397657886943,,,,,0.14809292554855347,0.15480788037583545,,,,,,,,,,,0.27595436573028564,1.1636917960833704,,,3,3
2019-07-21 00:00:00+00:00,,,0.17713284492492676,-1.8647108631691849,,,,,0.2504974603652954,-14.449262964814919,,,,,,,,,,,0.1436845064163208,0.7475265906162414,,,3,3
2019-07-21 06:00:00+00:00,,,0.19377630949020386,-0.8291296674050108,,,,,,,0.226742684841156,-0.9021839579576529,,,,,,,,,0.21763789653778076,2.1168303151458616,,,3,3
2019-07-21 12:00:00+00:00,0.08484089374542236,-0.38284041219062487,0.2540442943572998,-1.7845921513627996,,,,,,,0.1588955521583557,-0.34838458862585125,,,,,,,,,0.32421982288360596,2.2117223320724286,,,5,5
2019-07-21 18:00:00+00:00,,,0.15119034051895142,-1.2760410204189847,,,,,,,0.07853341102600098,0.15402337718152542,,,,,,,,,0.27883243560791016,2.2868525088814144,,,4,4
2019-07-22 00:00:00+00:00,,,0.12819558382034302,-0.4352369336549865,,,,,,,0.05557823181152344,-4.933079818024434,,,,,,,,,0.28169846534729004,32.142382557742074,,,3,3
2019-07-22 06:00:00+00:00,,,0.08144474029541016,-0.9488209489970447,,,,,,,,,,,,,,,,,0.18261241912841797,0.8507055546454996,,,3,2
2019-07-22 12:00:00+00:00,,,0.13949042558670044,-1.965087815861872,,,,,,,0.045232415199279785,0.32855480086821764,,,,,,,,,0.1758023500442505,-7.909351223504998,,,4,4
2019-07-22 18:00:00+00:00,,,0.19846469163894653,-0.9871528315073698,,,,,,,0.08676838874816895,-0.43811785435344697,,,,,,,,,0.2715650796890259,1.6252715940483138,,,3,3
2019-07-23 00:00:00+00:00,,,0.09669685363769531,-0.5230243852080119,,,,,,,0.06309378147125244,0.21245214386974381,,,,,,,,,0.23430347442626953,-19.290382235533897,,,3,3
2019-07-23 06:00:00+00:00,,,0.1117849349975586,-1.118013353047372,,,,,,,0.15997314453125,-0.16213060678896998,,,,,,,,,0.18023836612701416,3.1505452599924437,,,3,3
2019-07-23 12:00:00+00:00,,,0.152279794216156,-1.312976026345552,,,,,,,0.3638955354690552,-0.3714071741572252,,,,,,,,,0.23030602931976318,1.514050191411706,,,3,3
2019-07-23 18:00:00+00:00,,,0.15546119213104248,-2.9412374050169934,,,,,,,,,,,,,,,,,0.276314377784729,1.8945664325915508,,,2,2
2019-07-24 00:00:00+00:00,,,0.195867657661438,-0.47738476846304245,,,0.23525643348693848,-0.6404154183355655,,,,,,,,,,,,,0.24676167964935303,0.07318198511723992,,,3,3
2019-07-24 06:00:00+00:00,,,0.15432500839233398,0.1250721050589848,,,0.21281594038009644,-0.47135324809607176,,,,,,,,,,,,,0.2032846212387085,-9.376920290891118,0.07690095901489258,-0.38372781570856934,4,4
2019-07-24 18:00:00+00:00,,,0.2537429928779602,-0.7509220937340517,,,0.35561537742614746,-0.1830648034633613,,,,,,,,,,,,,0.22330176830291748,0.9181663363252267,0.2636827230453491,0.8368484681326414,6,5
2019-07-25 00:00:00+00:00,,,0.11824524402618408,-0.29809380935521795,,,0.3464142680168152,-3.8090836293002783,,,,,,,,,,,,,0.2227855920791626,1.8045758563618075,0.5178365707397461,0.33183755808379567,5,4
2019-07-25 06:00:00+00:00,,,0.10891205072402954,-1.1497573736440572,,,0.27335667610168457,-0.5123013249895948,,,,,,,,,,,,,0.27993834018707275,3.2656483354855066,,,3,3
2019-07-25 12:00:00+00:00,,,0.10970890522003174,-0.4819117488437224,,,0.37664079666137695,-4.308083079657747,,,,,,,,,,,,,0.24373221397399902,-9.540232603706782,,,3,3
2019-07-25 18:00:00+00:00,,,0.08815556764602661,-0.484872050196534,,,0.4246758222579956,-5.328136741603171,,,,,,,,,,,,,0.2917371988296509,2.447193811427086,,,3,3
2019-07-26 00:00:00+00:00,,,0.20038080215454102,-1.1465565846877779,,,0.44574689865112305,-4.783533382694158,,,,,,,,,,,,,0.2862839698791504,7.14624179619729,,,3,3
2019-07-26 06:00:00+00:00,,,0.07302290201187134,27.436621238648854,,,0.1910083293914795,-2.69389823656209,,,,,,,,,,,,,0.26864731311798096,4.181044945427281,,,3,3
2019-07-26 12:00:00+00:00,,,0.16650313138961792,-1.7119057152116353,,,0.48658043146133423,-3.9529320593515553,,,,,,,,,,,,,0.288100004196167,4.486829507425875,,,3,3
2019-07-26 18:00:00+00:00,,,0.10027521848678589,-0.5177241777485221,,,0.38329505920410156,-2.054409638222418,,,,,,,,,,,,,0.2772880792617798,2.565342618284118,,,3,3
2019-07-27 00:00:00+00:00,,,0.16886264085769653,-0.3986435380964572,,,,,0.36818450689315796,-9.08617330607688,,,,,,,,,,,0.2640848159790039,2.3835409453756244,,,3,3
2019-07-27 06:00:00+00:00,,,0.1814589500427246,-0.2010250552956806,,,,,0.3531123399734497,-3.4771254977434265,,,,,,,,,,,0.3361707925796509,5.205292660390305,,,4,4
2019-07-27 12:00:00+00:00,,,0.0080949068069458,29.228091683540566,,,,,0.406852662563324,-8.222786417476577,,,,,,,,,,,0.2851438522338867,28.260656553259714,,,3,3
2019-07-27 18:00:00+00:00,,,0.21474045515060425,-1.922143965786827,,,,,0.4408944845199585,-8.294681289478644,,,,,,,,,,,0.28452610969543457,1.5505686977341477,,,3,3
2019-07-28 00:00:00+00:00,,,0.05703139305114746,-0.5781714378962567,,,,,0.44821107387542725,-10.78877704099422,,,,,0.4555288553237915,-3.947182308689544,,,,,0.20923280715942383,0.8641224884961147,,,4,4
2019-07-28 06:00:00+00:00,,,0.12302666902542114,-1.626322342417173,,,,,0.35568517446517944,-6.439660562849577,,,,,,,,,,,0.29631924629211426,4.504863400143551,,,3,3
2019-07-28 12:00:00+00:00,,,0.1647968888282776,-0.9166234436214228,,,,,0.40585237741470337,-6.093057046015036,,,,,,,,,,,0.2569565773010254,4.818595102002439,,,4,3
2019-07-28 18:00:00+00:00,,,0.3123890161514282,-1.9578516212930293,,,,,0.4310693144798279,-11.406719897947065,,,0.3739262819290161,1.4247260940466235,,,,,,,0.2582671642303467,2.4779808157530794,,,4,4
2019-07-29 00:00:00+00:00,,,0.24052953720092773,-0.938165376835185,,,,,0.4267164468765259,-5.792347796112835,,,0.4363589286804199,5.928705919845387,,,,,,,0.23227381706237793,3.1552962922499304,,,4,4
2019-07-29 06:00:00+00:00,,,0.22213447093963623,-3.424490398518055,,,,,0.4597213864326477,-6.512696528201698,,,0.26903998851776123,2.129754428200362,,,,,,,0.2654684782028198,1.1694632011772392,,,5,4
2019-07-29 12:00:00+00:00,,,0.25843316316604614,-1.2277081431288495,,,,,0.43746691942214966,-9.331059416285832,,,0.2844744920730591,5.9896891828084335,,,,,,,0.2844657897949219,1.7989744448638525,,,4,4
2019-07-29 18:00:00+00:00,,,0.2071581482887268,-0.36913178665889473,,,,,0.3495039939880371,-3.0544545280568207,,,0.3471032381057739,5.906336169032479,,,,,,,0.27747297286987305,1.2417828743724788,,,4,4
2019-07-30 00:00:00+00:00,,,0.06670701503753662,-0.6538955396706189,,,,,0.3613603115081787,-3.2608675414753456,,,0.42218053340911865,7.969769714018269,,,,,,,0.3145925998687744,2.6071189462009676,,,4,4
2019-07-30 06:00:00+00:00,,,0.11137920618057251,-6.938505177975943,,,,,0.34895843267440796,-5.803401623686416,,,0.36671388149261475,4.292686573584472,,,,,,,0.3686777353286743,2.9802919232325102,,,4,4
2019-07-30 12:00:00+00:00,,,0.09388548135757446,-0.41814630274638265,,,,,0.45944225788116455,-10.713047147721653,,,0.35571932792663574,9.88023536593821,,,,,,,0.2966576814651489,2.1661358950380407,,,4,4
2019-07-30 18:00:00+00:00,,,0.07997769117355347,-0.4295961927950017,,,,,0.5141997039318085,-5.092645924108128,,,0.4158773422241211,6.916298898589391,,,,,,,0.3254503011703491,2.682349029740148,,,5,5
2019-07-31 00:00:00+00:00,,,0.18505525588989258,-22.495337375364617,,,,,0.3524993062019348,-2.232198844912517,,,,,0.4151442050933838,14.643902785471754,,,,,0.30425524711608887,1.3308739605028608,,,4,4
2019-07-31 06:00:00+00:00,,,0.19538503885269165,-8.060120448177527,,,,,0.09630954265594482,0.008388923815663082,0.5463308990001678,-0.18167152649088025,,,0.41210508346557617,5.115003497505798,,,,,0.3393040895462036,19.91422415678778,,,5,5
2019-07-31 12:00:00+00:00,,,,,0.12875384092330933,-0.36662232737021516,,,0.2159883975982666,0.06268838116228528,0.3208470940589905,-1.4512274621155463,,,0.42926573753356934,3.487741967279482,,,,,0.3193145990371704,2.600051618736433,,,5,5
2019-07-31 18:00:00+00:00,,,,,0.11264371871948242,-0.9822883941103384,,,,,0.46555668115615845,-0.5942516111761046,,,0.4576305150985718,7.4828728144654635,,,,,0.2477630376815796,1.2200437482376465,,,5,5
2019-08-01 00:00:00+00:00,,,,,0.230796217918396,-3.236616987174693,,,,,0.13932573795318604,-1.1518657316523944,,,0.4559396505355835,14.566226440984348,,,,,0.2891230583190918,3.025475607060823,,,4,4
2019-08-01 06:00:00+00:00,0.25551915168762207,-0.07030828302485786,0.15579354763031006,-0.4217379277179921,0.42240917682647705,0.45236922872966195,,,,,0.04187440872192383,-1.5645258050425241,,,0.42138969898223877,11.531209178679038,,,,,0.2982398271560669,4.998873782258531,,,6,6
2019-08-01 12:00:00+00:00,0.01973247528076172,-0.2890033166504697,,,0.04730844497680664,-0.09856410456111911,,,,,0.5947462320327759,-0.23249201182890222,,,0.444288969039917,9.905076406207703,,,,,0.34570491313934326,2.9572532063680086,,,6,6
2019-08-01 18:00:00+00:00,0.06952810287475586,-0.06403601932391441,,,0.03891342878341675,0.14122532338181773,,,0.43151795864105225,5.050704817348946,0.5265761911869049,0.5138695246853112,,,0.47387897968292236,9.057514752399404,,,,,0.37612593173980713,3.4258717496442506,,,6,6
2019-08-02 00:00:00+00:00,0.1387651562690735,-0.3884931539513501,,,0.10683870315551758,-0.12670308544764655,,,,,,,,,0.44957292079925537,5.976159789066557,,,,,0.2806813716888428,2.441674992707321,,,5,5
2019-08-02 06:00:00+00:00,0.012459874153137207,-1.5104063173119942,,,0.0660814642906189,-0.2255535909275284,,,,,,,,,0.42338502407073975,8.839539894933207,,,,,0.2770277261734009,2.6932078400417447,,,5,4
2019-08-02 12:00:00+00:00,0.07873696088790894,-0.5081176972549764,,,0.2783464193344116,0.05039743218974184,,,,,,,,,0.4767104387283325,9.240955164261292,,,,,0.3584754467010498,5.759092541120101,,,6,5
2019-08-02 18:00:00+00:00,0.0021434426307678223,0.05387640926629405,,,0.027466297149658203,-2.4100944282823007,,,,,,,,,0.43390631675720215,8.424182987912255,,,,,0.2880154848098755,5.22292488624049,,,4,4
2019-08-03 00:00:00+00:00,,,0.15504205226898193,-0.8903114025355086,0.08636879920959473,-0.5259077105262303,,,,,,,,,0.4438338279724121,11.063500650110393,,,,,0.28500545024871826,4.977653615890742,,,4,4
2019-08-03 06:00:00+00:00,,,0.2450268268585205,-0.651223105719039,0.24386751651763916,1.2656865176874863,0.14155352115631104,-0.241397097424238,,,,,,,0.4308053255081177,9.220419672338846,,,,,0.33822453022003174,5.021098729425974,,,5,5
2019-08-03 12:00:00+00:00,,,0.2149682641029358,-0.740595684368753,,,0.14515328407287598,-0.976185912851817,,,,,,,0.5189495086669922,10.561985695042472,,,,,0.288055419921875,2.855561172180178,,,4,4
2019-08-03 18:00:00+00:00,,,0.20832258462905884,-1.8346322805167625,,,0.23675864934921265,-2.965963482173203,,,,,,,0.4264899492263794,12.431899955241684,,,,,0.2888948917388916,3.0844169091365896,,,4,4
2019-08-04 00:00:00+00:00,,,0.0034580230712890625,-0.18800574764409322,,,0.2626713514328003,-3.2426153733135474,,,,,,,0.45530080795288086,9.224219686650397,,,,,0.2501417398452759,2.4002872366855414,,,4,4
2019-08-04 06:00:00+00:00,,,0.16512727737426758,0.02967870814962521,,,0.37751275300979614,-4.500802374375377,,,,,,,0.5096117258071899,7.719392472697217,,,,,0.2746133804321289,-14.867101936383277,,,4,4
2019-08-04 12:00:00+00:00,,,0.12527060508728027,-0.2705161899485475,,,0.35762500762939453,-5.301283762035961,,,,,,,,,0.5138125419616699,9.995924892179357,,,0.3136715888977051,2.3114642326891572,,,4,4
2019-08-04 18:00:00+00:00,,,0.19208812713623047,-1.3122296326132628,,,0.2760211229324341,-7.381030105835555,,,,,,,,,0.4082767963409424,6.478490645916611,,,0.3193901777267456,4.327269152857921,,,4,4
2019-08-05 00:00:00+00:00,,,0.19238388538360596,-0.551125822392155,,,,,0.3216336965560913,-7.881163887064622,,,,,,,0.4249742031097412,11.072242444833368,,,0.26772499084472656,2.593187391191571,,,4,4
2019-08-05 06:00:00+00:00,,,0.08082461357116699,-0.6347246088321336,,,,,0.2778363823890686,-1.8561576051189612,,,,,,,0.37896203994750977,4.0245652569508765,,,0.2953312397003174,2.784180270288849,,,4,4
2019-08-05 12:00:00+00:00,,,0.1961084008216858,-0.40840640564010916,,,,,0.27237021923065186,-6.304325843251064,,,,,,,0.39239418506622314,3.9792166890053444,,,0.29792141914367676,-12.727261182120275,,,4,4
2019-08-05 18:00:00+00:00,,,0.12350386381149292,-0.39055918612320273,,,0.5822438597679138,-3.323317205849496,0.28400373458862305,-1.7729485003539767,,,,,,,0.3732036352157593,6.449418189916109,,,0.2886098623275757,3.1722094934686793,,,5,5
2019-08-06 00:00:00+00:00,0.6525312662124634,-0.06656636597030671,0.0070770978927612305,0.16400141908327032,,,0.19045096635818481,-1.3491800850477367,0.2007756233215332,-2.9579282741262634,,,,,,,0.453765869140625,7.157531402119814,,,0.2947659492492676,3.3315171217056028,,,7,7
2019-08-06 06:00:00+00:00,0.3582761287689209,0.5804975696664142,0.08728146553039551,0.19995673939112754,,,,,0.17652732133865356,0.9643861692420138,,,,,,,0.3729192018508911,4.706747589900545,,,0.34436285495758057,4.268027864342777,,,8,8
2019-08-06 12:00:00+00:00,,,0.10725224018096924,-0.22273498139090137,,,,,0.29268360137939453,-4.927938258982955,,,,,,,0.3399496078491211,1.507740187134083,,,0.28222763538360596,0.5955571640233136,,,5,5
2019-08-06 18:00:00+00:00,,,0.09279465675354004,0.0035650871695645024,,,,,0.24998939037322998,-3.5153931459495262,,,,,,,0.24760854244232178,2.5012817818034887,,,0.34337949752807617,4.247289603932247,,,7,7
2019-08-07 00:00:00+00:00,,,0.1388317346572876,-0.12513885973824276,,,,,0.25757187604904175,-6.614020627843114,,,,,,,0.23352575302124023,1.738185215723258,,,0.2918592691421509,6.324716575671588,,,7,7
2019-08-07 06:00:00+00:00,,,0.06808650493621826,-0.5833047061321375,,,,,0.3821134567260742,-6.325989048360166,,,,,,,0.4405243396759033,0.7809442075138392,,,0.3304750919342041,-0.7557225492554298,,,6,6
2019-08-07 12:00:00+00:00,,,0.1292802095413208,-0.6515943124614978,,,,,0.32839465141296387,-7.661411786663567,,,,,,,0.11211729049682617,-0.10170528517743897,,,0.349666953086853,4.472096038103905,,,5,5
2019-08-07 18:00:00+00:00,,,0.1508265733718872,-0.5679657961277919,,,,,0.2830049395561218,-2.659721184073429,,,,,,,0.4393436908721924,-0.012880722229406916,,,0.3248879909515381,5.823846452870277,,,6,6
2019-08-08 00:00:00+00:00,,,0.1474640965461731,-1.4455051082025687,,,,,0.33093249797821045,-7.602801578483547,,,,,,,,,,,0.2912827730178833,0.09775706602742998,,,5,5
2019-08-08 06:00:00+00:00,,,0.06284618377685547,-0.049126065129585235,,,,,0.3382432460784912,-8.289488396962511,,,,,,,,,,,0.30127108097076416,2.324374939353286,,,5,5
2019-08-08 12:00:00+00:00,,,0.2008209228515625,-0.47685747375888576,,,,,0.40797269344329834,-3.7830875967691324,,,,,,,,,,,0.23809289932250977,3.92594483993843,,,5,5
2019-08-08 18:00:00+00:00,,,0.12283951044082642,8.95745558574483,,,,,0.30180788040161133,-5.2873281681450175,,,,,,,,,,,0.2835320234298706,4.071705784604796,,,4,4
2019-08-09 00:00:00+00:00,,,0.11864656209945679,-0.006326559359112206,,,,,0.4894843101501465,-4.49801183447791,,,,,,,,,,,0.28537166118621826,1.9288703581905637,,,4,4
2019-08-09 06:00:00+00:00,,,0.26429086923599243,-0.28163327012213074,,,,,0.3661174178123474,-0.43077795984470885,,,,,,,,,,,0.23969173431396484,2.442838783893459,,,4,4
2019-08-09 12:00:00+00:00,,,0.10905569791793823,-0.6157389202006289,,,,,0.24593675136566162,2.327752577900938,0.36355865001678467,-2.934607869356332,,,,,,,,,0.325606107711792,3.31599053521015,,,4,4
2019-08-09 18:00:00+00:00,,,0.13559490442276,-0.6849268274910743,,,,,,,0.3572136163711548,-1.2662881631615948,,,,,,,,,0.2732713222503662,4.701489342434134,,,3,3
2019-08-10 00:00:00+00:00,,,0.21394634246826172,-12.597030899097575,,,,,,,0.35348033905029297,-9.667343980407084,,,,,,,,,0.30090224742889404,4.829965407330439,,,3,3
2019-08-10 06:00:00+00:00,,,0.16209536790847778,-0.39015424852477193,0.08732116222381592,0.05235932874768848,,,0.27811694145202637,-1.8271842548072104,0.5557934939861298,-6.243687723608337,,,,,,,,,0.2853398323059082,2.5615005053375683,,,6,6
2019-08-10 12:00:00+00:00,,,0.16768872737884521,-0.685363181545082,0.33163774013519287,0.5146020583386406,,,,,0.39373183250427246,-1.3600060335515742,,,,,,,,,0.31733226776123047,2.653248451655203,,,5,5
2019-08-10 18:00:00+00:00,,,0.18787366151809692,-9.969539024759937,,,,,,,0.2438390851020813,-2.138618178903056,,,,,,,,,0.3077136278152466,1.5568652047842955,,,4,3
2019-08-11 00:00:00+00:00,,,0.07390737533569336,-0.5677992095953897,,,,,,,0.38657569885253906,-2.4499047834521113,,,,,,,,,0.30642521381378174,1.9906105508099796,,,3,3
2019-08-11 06:00:00+00:00,,,0.06796753406524658,-0.5520509714090679,,,,,,,0.3012447953224182,-3.1278487984073076,,,,,,,,,0.304689884185791,2.977860205141654,,,4,4
2019-08-11 12:00:00+00:00,,,0.1635892391204834,-0.5634839690948993,,,,,,,0.25170689821243286,-1.218295509770696,,,,,,,,,0.33306384086608887,3.426691580938003,,,3,3
2019-08-11 18:00:00+00:00,,,0.16894835233688354,-2.021708797618882,,,,,,,0.11886739730834961,1.1241552015168026,,,,,,,,,0.25490593910217285,-0.6437581294355816,,,3,3
2019-08-12 00:00:00+00:00,,,0.14225655794143677,-0.7415368317555056,,,,,,,0.3446276783943176,-0.18302925342487142,,,,,,,,,0.2425304651260376,2.846854961810013,,,4,3
2019-08-12 06:00:00+00:00,0.0045136213302612305,0.15900605024246817,0.06086057424545288,-0.7288887648521578,,,,,,,0.09016013145446777,-1.4209770546495701,,,,,,,,,0.2665325403213501,5.9080809463853035,,,4,4
2019-08-12 12:00:00+00:00,,,0.17233413457870483,-0.13813812306305628,,,,,,,0.05093514919281006,-0.2761092938051962,,,,,,,,,0.3115415573120117,3.4344603642119464,,,3,3
2019-08-12 18:00:00+00:00,,,0.1560680866241455,-1.2131883851055099,,,,,,,0.05806100368499756,0.627169889082223,,,,,,,,,0.27652156352996826,2.5354623068678053,,,3,3
2019-08-13 00:00:00+00:00,,,0.16203022003173828,-1.0134460277138557,,,,,,,,,,,,,,,,,0.23668015003204346,1.9960136176779881,,,2,2
2019-08-13 06:00:00+00:00,,,0.17242813110351562,-23.87878339293987,,,,,,,,,,,,,,,,,0.2721679210662842,1.710006602747062,,,2,2
2019-08-13 12:00:00+00:00,,,0.17198121547698975,-0.6854193659318473,,,,,,,,,,,,,,,,,0.2970510721206665,2.4473922941777535,,,2,2
2019-08-13 18:00:00+00:00,,,0.18423694372177124,-0.500368229403474,,,,,,,,,,,,,,,,,0.3174344301223755,3.8208814488403204,,,2,2
2019-08-14 00:00:00+00:00,,,0.2140355110168457,-1.1476744780728234,,,,,,,,,,,,,,,,,0.294705867767334,4.916235464797771,,,2,2
2019-08-14 06:00:00+00:00,,,0.12230366468429565,-0.551762954518701,,,,,,,,,,,,,,,,,0.295116662979126,4.927861786781045,,,2,2
2019-08-14 12:00:00+00:00,,,0.17320281267166138,-0.670340654693396,,,,,,,,,,,,,,,,,0.2841852903366089,9.468598187489343,,,2,2
2019-08-14 18:00:00+00:00,,,0.2547556757926941,-1.613205489324043,0.8783637285232544,1.1185782172204424,,,,,,,,,,,,,,,0.3261216878890991,-1.4117765149279122,,,4,4
2019-08-15 00:00:00+00:00,,,0.2116299867630005,-2.8957492943668437,,,,,,,,,,,,,,,,,0.32459771633148193,3.3513542783775154,,,3,2
2019-08-15 12:00:00+00:00,,,0.29481691122055054,0.026506531029851097,,,0.229306161403656,-1.1914642634915547,,,,,,,,,,,,,0.3367178440093994,4.760666473860886,,,3,3
2019-08-15 18:00:00+00:00,,,0.20851951837539673,-0.48695921612222104,,,,,0.15647506713867188,-1.4588772227142435,,,,,,,,,,,0.32469964027404785,3.1659593736451543,,,3,3
2019-08-16 00:00:00+00:00,,,0.19894194602966309,-0.7590302277211634,,,,,0.028737545013427734,-0.40901070043273735,,,,,,,,,,,0.24216461181640625,1.9690005115021778,,,3,3
2019-08-16 06:00:00+00:00,,,0.1909341812133789,-1.98601293433203,,,,,0.27702051401138306,-6.976662269038761,,,,,,,,,,,0.3284076452255249,2.136920258967137,,,3,3
2019-08-16 12:00:00+00:00,,,0.14237993955612183,-2.20276063002204,,,,,0.015422999858856201,-2.462541947738672,,,,,,,,,,,0.29572463035583496,0.590856735847664,,,3,3
2019-08-16 18:00:00+00:00,,,0.1811532974243164,-0.7824515474037765,,,,,0.20174551010131836,-5.49220824285952,,,,,,,,,,,0.26829099655151367,1.7256386925457083,,,3,3
2019-08-17 00:00:00+00:00,,,0.2378423810005188,-2.455589531401186,,,,,0.33807307481765747,-2.360950450816029,,,,,,,,,,,0.26601994037628174,4.044823193869447,,,3,3
2019-08-17 06:00:00+00:00,,,0.1966584324836731,-8.675352486952786,,,,,0.4742075204849243,-2.412878248700189,,,,,,,,,,,0.3012654781341553,2.379971915162174,,,3,3
2019-08-17 12:00:00+00:00,,,0.21781593561172485,-1.8679045980353366,,,,,0.42797112464904785,-5.838322315028339,,,,,,,,,,,0.3496882915496826,16.497410348173723,,,3,3
2019-08-17 18:00:00+00:00,,,0.1865742802619934,-2.7828391199137164,,,,,0.28602999448776245,-1.519192646135816,,,,,,,,,,,0.32795941829681396,4.695378542582865,,,4,4
2019-08-18 00:00:00+00:00,,,0.20270860195159912,-3.469296831614065,,,,,0.037129342555999756,0.15319315832074554,,,,,,,,,,,0.24847233295440674,3.6797502197833523,,,6,6
2019-08-18 06:00:00+00:00,,,0.24426090717315674,-1.891340205417871,,,,,0.044158101081848145,0.27956990404079707,,,,,,,,,,,0.3352229595184326,3.905737616687239,,,6,6
2019-08-18 12:00:00+00:00,,,0.2635763883590698,-17.767591256270673,,,,,0.28225332498550415,-1.600805545678109,,,,,,,,,,,0.32121825218200684,7.9477921455265585,,,6,6
2019-08-18 18:00:00+00:00,,,0.1787673830986023,-1.7919022642156759,,,,,0.15421980619430542,-0.42465645528779206,,,,,,,,,,,0.28518998622894287,2.4365818670190307,,,6,6
2019-08-19 00:00:00+00:00,,,0.25052207708358765,-4.2365263337233365,,,,,0.14831042289733887,4.544894151374245,,,,,,,,,,,0.21086454391479492,0.9704416616877346,,,5,5
2019-08-19 06:00:00+00:00,,,0.1268683671951294,-1.9262409388448531,,,,,0.4067469835281372,-0.25846524597635095,,,,,,,,,,,0.30893218517303467,4.7668680174857805,,,5,4
2019-08-19 12:00:00+00:00,,,0.15532797574996948,-0.740686964665321,,,,,0.40601271390914917,-3.543534855004032,,,,,,,,,,,0.2756587266921997,5.553258782605193,,,4,4
2019-08-19 18:00:00+00:00,,,0.2954481840133667,-8.043786787542677,,,,,,,0.4140141010284424,-1.690112786819641,,,,,,,,,0.27935588359832764,2.3530881068509903,,,4,3
2019-08-20 00:00:00+00:00,,,0.2300243377685547,-5.909757662799584,,,,,,,0.0774843692779541,0.4442503531261527,,,,,,,,,0.3113025426864624,2.9451400671661854,,,3,3
2019-08-20 06:00:00+00:00,,,0.21012639999389648,-2.037942201514281,,,0.4759722948074341,0.5066645527060671,,,0.0054628849029541016,-1.971658724673599,,,,,,,,,0.25429463386535645,3.1750255232824496,,,4,4
2019-08-20 12:00:00+00:00,,,0.21592247486114502,-1.2756892027736721,,,0.15832245349884033,-3.6500837826005155,,,0.2622225284576416,0.3233999077176603,,,,,,,,,0.24475884437561035,3.0350092796204717,,,4,4
2019-08-20 18:00:00+00:00,,,0.1347150206565857,-0.2733150512141246,,,0.03724402189254761,-3.1311973075499613,,,0.049098968505859375,0.2478404118507124,,,,,,,,,0.2589482069015503,4.361723125381844,,,4,4
2019-08-21 00:00:00+00:00,,,0.14476191997528076,-0.37230402229822873,,,0.23972177505493164,-6.008434272782573,,,0.2641010284423828,0.4443292859262892,,,,,,,,,0.27479708194732666,2.8759891294887283,,,5,5
2019-08-21 06:00:00+00:00,,,0.16840887069702148,15.987131078875219,,,0.3313062787055969,-2.208977530186231,,,,,,,,,,,,,0.27212798595428467,-2.5201930420690597,,,3,3
2019-08-21 12:00:00+00:00,,,0.14004695415496826,-1.0329461515285112,,,0.4373723864555359,-7.5682426310716435,,,0.13955461978912354,0.49379471465094893,,,,,,,,,0.3527473211288452,4.875756068791884,,,4,4
2019-08-21 18:00:00+00:00,,,0.21102374792099,-0.7295793960120722,0.5162949562072754,-1.4851562437406358,0.375728964805603,-9.22707208901384,,,0.4020295739173889,-0.608546119586378,,,,,,,,,0.349658727645874,3.6211817012871212,,,5,5
2019-08-22 00:00:00+00:00,,,0.21150487661361694,-0.3638311075230887,,,0.4906473159790039,-7.565816987776548,,,0.4823850393295288,-2.2463595574303734,,,,,,,,,0.294605016708374,4.773348265122945,,,4,4
2019-08-22 06:00:00+00:00,,,0.05037331581115723,25.90106596792816,,,0.49163109064102173,-5.95272215587491,,,,,,,,,,,,,0.30574941635131836,6.538588325228089,0.658300518989563,0.9532466738760252,4,4
2019-08-22 12:00:00+00:00,,,0.2274073362350464,-1.7394074096362042,,,0.555790901184082,-7.514672085526718,,,,,,,,,,,,,0.25257086753845215,3.471147015506319,,,4,4
2019-08-22 18:00:00+00:00,,,0.19581180810928345,-0.9616470318451326,,,,,0.4320632219314575,-7.814401211507637,,,,,,,,,,,0.2639812231063843,2.424237070353143,,,4,4
2019-08-23 00:00:00+00:00,,,0.14003270864486694,-7.99465363925979,,,,,0.4846292734146118,-6.085676209252774,,,,,,,,,,,0.2800869941711426,3.992477446870239,,,3,3
2019-08-23 06:00:00+00:00,,,0.1988927125930786,-2.1605755040232046,,,,,0.527850866317749,-7.554173510518589,,,,,,,,,,,0.2753872871398926,3.3310726745743353,,,3,3
2019-08-23 12:00:00+00:00,,,0.23661118745803833,-0.5513816739646427,,,,,0.44599199295043945,-10.318281152639619,,,,,,,,,,,0.31918764114379883,3.523710328748623,,,4,3
2019-08-23 18:00:00+00:00,,,0.10874521732330322,-1.6108126981202828,0.25826144218444824,-0.5541018766181542,,,0.5509796738624573,-9.808452291010992,,,0.05946207046508789,-0.19630307101505,,,,,,,0.3305305242538452,1.478596955890979,,,5,5
2019-08-24 00:00:00+00:00,,,0.16535133123397827,-0.2329177990222557,0.09419417381286621,0.08065851229657227,,,0.5110053420066833,-17.904527724127366,,,0.15027570724487305,0.5344686316233397,,,,,,,0.1996629238128662,-22.530227151800695,,,5,5
2019-08-24 06:00:00+00:00,,,0.09304285049438477,-2.3123066124373644,0.11989617347717285,10.90997800067856,,,0.5559019446372986,-11.177163370002063,0.14649808406829834,-0.5440411301772535,0.19301915168762207,0.7251028277054763,,,,,,,0.17072713375091553,2.529371283318944,,,7,7
2019-08-24 12:00:00+00:00,0.46764159202575684,0.48149123580148234,0.22119581699371338,-0.665779707595134,0.4116537570953369,-0.5506502385424894,,,0.5282486081123352,-11.848571320069905,,,0.252302885055542,0.756066165737733,0.7241820991039276,-7.984775766277589,,,,,0.34961915016174316,5.45965979463623,,,8,8
2019-08-24 18:00:00+00:00,0.6779202222824097,-1.2368578232714396,0.1277809739112854,-0.18724160258382508,0.610812783241272,0.5670868437020696,,,0.41250425577163696,-7.689923375647234,,,0.23224139213562012,2.0005148223851053,,,,,,,0.24751651287078857,0.4565387058195333,,,7,6
2019-08-25 00:00:00+00:00,,,0.18607789278030396,-15.348312599699103,0.2966911792755127,-0.4953852985165672,,,0.5521087944507599,-11.481814484609508,,,0.2929084300994873,2.9656264521995936,,,,,,,0.30354583263397217,3.5361937000855446,,,5,5
2019-08-25 06:00:00+00:00,,,0.10149526596069336,-0.10404107034305313,,,,,0.5110574662685394,-5.178254953254887,,,0.10574162006378174,0.3493877407202571,,,,,,,0.298797607421875,2.1262731147263363,,,5,4
2019-08-25 12:00:00+00:00,,,0.17375236749649048,-0.6685080169602041,,,,,0.47543227672576904,-9.888464974898564,,,0.3420668840408325,5.1737109574171125,0.5890580415725708,-6.874086485033701,,,,,0.2951279878616333,3.2582421228345892,,,6,5
2019-08-25 18:00:00+00:00,,,0.2784162759780884,-1.5907366784991108,,,,,0.5588359832763672,-6.88947178118616,,,0.347873330116272,5.69002838188658,0.29295074939727783,5.69784960611033,,,,,0.2144012451171875,3.5082048012598377,,,5,5
2019-08-26 00:00:00+00:00,,,0.3145408630371094,-0.3030060778745142,,,,,0.4501335620880127,-7.068622401444478,,,0.2540677785873413,1.2225733667010679,0.28141629695892334,-6.912258640437923,,,,,0.21401000022888184,2.629108965573951,,,6,5
2019-08-26 06:00:00+00:00,,,0.32981568574905396,-0.8785300832175912,,,,,0.5598991811275482,-10.544722096143442,,,0.34202730655670166,6.881542787251286,0.2418428659439087,-1.6753637520285303,,,,,0.20832765102386475,0.7944853401325118,,,5,5
2019-08-26 12:00:00+00:00,,,0.26091283559799194,-17.227171422575356,,,,,0.5827057659626007,-7.47293680822337,,,0.34658563137054443,4.606587781835756,0.6442852318286896,-3.3611622394557283,,,,,0.27668750286102295,1.200680653989492,,,5,5
2019-08-26 18:00:00+00:00,,,0.24250173568725586,-0.772595116240784,,,,,0.40707927942276,-3.0643893147586008,,,,,0.3917264938354492,11.870246220881171,,,,,0.14738714694976807,0.5079281137571977,,,4,4
2019-08-27 00:00:00+00:00,,,0.17780470848083496,-1.0468614947165324,,,,,0.46574026346206665,-9.717497656521335,,,,,0.4497659206390381,7.249342049784044,,,,,0.13499760627746582,2.4563292607514415,,,4,4
2019-08-27 06:00:00+00:00,,,0.24026858806610107,-0.7790757044011916,0.2652549743652344,0.15910943500275287,,,,,0.44314485788345337,-12.916812063487132,,,0.4053605794906616,7.135461396273405,,,,,0.25922954082489014,1.7912054988651174,,,5,5
2019-08-27 12:00:00+00:00,,,0.26097774505615234,8.555730367664006,0.3787737488746643,-0.4422756780824819,,,,,0.42256617546081543,-13.923194512032007,,,0.40010976791381836,6.271455194053487,,,,,0.22672641277313232,2.3572584910504366,,,5,5
2019-08-27 18:00:00+00:00,,,0.08444225788116455,-0.37096291144940136,,,,,,,0.4286838173866272,-1.1800552714986836,,,0.47475099563598633,8.166248738736993,,,,,0.30949318408966064,8.302977096241236,,,5,4
2019-08-28 00:00:00+00:00,,,0.127804696559906,-0.5057259318310241,,,,,,,0.2132633924484253,-1.4229033783866714,,,0.37971973419189453,10.88919544445669,,,,,0.2141655683517456,1.4250395319818825,,,4,4
2019-08-28 06:00:00+00:00,,,0.29156750440597534,-0.30193448783526894,,,,,,,0.6975679695606232,-0.43457120053690135,,,0.4923069477081299,9.169588357263152,,,,,0.22807037830352783,-2.214640392566095,,,4,4
2019-08-28 12:00:00+00:00,,,0.19210559129714966,0.19530443047877397,,,,,,,,,,,0.42526400089263916,8.809834464813717,,,,,0.2629131078720093,3.984170303287412,,,3,3
2019-08-28 18:00:00+00:00,,,0.10164475440979004,-0.35845600508504477,,,,,,,,,,,0.4054611921310425,11.131517585480589,,,,,0.25571954250335693,2.34736058660827,,,3,3
2019-08-29 00:00:00+00:00,,,0.08275651931762695,-4.6288222047957746,,,,,,,0.052419841289520264,-0.41864585476395944,,,0.4041851758956909,8.799415729510903,,,,,0.25765061378479004,2.2011952579910954,,,4,4
2019-08-29 06:00:00+00:00,,,0.029008030891418457,-0.6089028148837443,,,,,,,0.2808651924133301,-2.1134146144067034,,,0.4382133483886719,9.624729076109565,,,,,0.30217432975769043,2.4601398025163337,,,4,4
2019-08-29 12:00:00+00:00,,,0.01842784881591797,-0.8068863437994427,,,,,,,0.07061958312988281,0.07682149081386935,,,0.36303675174713135,8.432561897696413,,,,,0.2699533700942993,-8.088872902844559,,,5,5
2019-08-29 18:00:00+00:00,,,0.14292973279953003,-1.3280368060918313,,,,,0.18208396434783936,1.9277029485519661,0.34125882387161255,-0.549218930056404,,,0.43677663803100586,13.432583578888917,,,,,0.22079956531524658,4.194258968029843,,,5,5
2019-08-30 00:00:00+00:00,,,0.08071780204772949,-0.8053606115536832,,,,,0.3060784339904785,3.706782632775764,,,,,0.42883026599884033,7.502597899768185,,,,,0.2639467716217041,2.692047715211943,,,4,4
2019-08-30 06:00:00+00:00,,,0.3875774145126343,-1.6359450745145616,,,,,0.12937164306640625,1.7239653270050674,,,,,0.423642635345459,6.395042810816474,,,,,0.25166749954223633,6.225061778399639,,,4,4
2019-08-30 12:00:00+00:00,,,0.2497202754020691,-0.9276548187828703,,,,,0.14032769203186035,2.579458944446881,,,,,0.3991260528564453,12.889345710589753,,,,,0.25881409645080566,3.2204557249151806,,,5,4
2019-08-30 18:00:00+00:00,,,0.09575426578521729,-0.29203270725294356,,,,,0.19968938827514648,1.095547594608859,,,,,0.33240067958831787,7.7271987169812215,,,,,0.2720283269882202,3.692085480577029,0.2245427370071411,1.36175474838955,6,6
2019-08-31 00:00:00+00:00,,,0.09169864654541016,-0.1384823149156894,0.2415042519569397,-0.469320906178012,,,0.20161712169647217,-0.6261307105646801,,,,,0.35340070724487305,4.156049719833465,,,,,0.2942465543746948,8.105976314831643,0.38065385818481445,1.177153469211043,7,7
2019-08-31 06:00:00+00:00,,,0.32200193405151367,0.22066022818736644,0.0605698823928833,0.025624539996076737,,,0.15752756595611572,1.386602080523687,0.4873086214065552,3.509894369034472,,,0.4172323942184448,4.457558510032686,,,,,0.2934410572052002,2.430323799331316,,,7,7
2019-08-31 12:00:00+00:00,,,0.2901192903518677,0.3272167235797759,0.17484837770462036,0.7510054583141882,0.04268085956573486,-0.891551221565155,,,0.2421250343322754,11.150001689361657,,,0.4593857526779175,9.263460293257104,0.36665821075439453,6.972146132368349,,,0.22709441184997559,2.3637795312094028,,,7,7
2019-08-31 18:00:00+00:00,,,0.05488777160644531,0.8780193207779967,0.28861522674560547,-0.711738257035788,0.4125567078590393,-1.0793769868311818,,,0.29356956481933594,13.778664913698291,,,0.6478339433670044,3.8239088599096602,0.4337766170501709,4.2577385034067365,,,0.2869950532913208,3.2245680859521433,,,8,8
2019-09-01 00:00:00+00:00,0.4584183096885681,-1.0986063352365558,,,0.10152143239974976,0.5413808708721034,,,,,0.3119680881500244,1.8320190565845778,,,0.33482158184051514,3.2259081720938627,0.32684171199798584,4.518204674641271,,,0.25881075859069824,2.5153644082870263,,,8,7
2019-09-01 06:00:00+00:00,0.3081936240196228,-0.03241433518732087,,,,,0.17641419172286987,-0.8157918773615435,,,0.15501940250396729,1.4787781482723807,,,0.16994786262512207,0.4440239094210542,0.43378400802612305,5.606322805950721,,,0.3004719018936157,2.3628912384476806,0.05678260326385498,0.142234766208334,8,7
2019-09-01 12:00:00+00:00,0.0660330057144165,-0.4649577290445221,,,,,0.09933805465698242,-0.6134494422088292,,,0.12762689590454102,6.657386542833946,,,,,0.3652184009552002,2.709228339289989,,,0.33187758922576904,3.5736335350894217,0.16688263416290283,0.8165331053562325,6,6
2019-09-01 18:00:00+00:00,0.03359377384185791,-0.5249689175821177,,,,,,,0.03620576858520508,-2.1474852806222993,0.035521507263183594,0.41119098957516065,,,,,0.43958961963653564,4.054828344857276,,,0.26465606689453125,2.4522048095355298,0.06809723377227783,-0.35420286314288946,7,7
2019-09-02 00:00:00+00:00,0.3309739828109741,-0.9593901280837837,,,,,,,0.238669753074646,-2.3961607835411143,0.16954731941223145,1.1957332681980304,,,,,0.34444737434387207,8.20858729138073,,,0.269986629486084,2.743831539389587,,,6,6
2019-09-02 06:00:00+00:00,0.04132735729217529,-9.840222483855396,,,,,0.082283616065979,-1.7309139044581034,,,0.09884989261627197,1.5017905758633245,,,,,0.4543658494949341,1.1460004990804826,,,0.23088395595550537,1.439991740672308,,,5,5
2019-09-02 12:00:00+00:00,,,0.06723135709762573,0.37640020420807885,,,,,0.23185783624649048,-4.1342272788591545,0.35178816318511963,3.053559943710112,,,,,0.3150036334991455,1.478528919922329,,,0.3436317443847656,2.3869884464130027,,,6,6
2019-09-02 18:00:00+00:00,,,0.03725248575210571,-0.9340108858602428,,,,,0.15345442295074463,-0.9829476136031303,0.47710204124450684,1.5456730959667306,,,,,0.5233553647994995,0.5346025468190344,,,0.33989429473876953,2.920359220605022,,,5,5
2019-09-03 00:00:00+00:00,,,0.07137227058410645,-0.17894321275206104,,,,,0.1918284296989441,-5.35064666330901,,,,,,,0.3830157518386841,2.15773371618599,,,0.31603944301605225,0.23374087429222162,,,4,4
2019-09-03 06:00:00+00:00,,,0.18916183710098267,-0.48293448524668636,,,,,0.2180238962173462,-4.084300271929866,,,,,,,0.25127995014190674,0.42088856797124213,,,0.2975637912750244,2.558518394598114,,,5,5
2019-09-03 12:00:00+00:00,,,0.09694111347198486,-0.4052675032071192,,,,,0.1233014464378357,-4.575748076498117,,,,,,,,,,,0.3070249557495117,2.3439635563280885,,,5,5
2019-09-03 18:00:00+00:00,,,0.12975072860717773,-0.1875097198211466,,,,,0.1791001558303833,-2.7883885817713447,,,,,,,,,,,0.3449840545654297,1.75706275555663,,,5,5
2019-09-04 00:00:00+00:00,,,0.05637979507446289,-0.6513794518666414,,,,,0.15239167213439941,-2.328496562215472,,,,,,,,,,,0.2879452705383301,2.088152172743467,,,3,3
2019-09-04 06:00:00+00:00,,,0.010099589824676514,-0.3530167514424909,,,,,0.2098785638809204,-4.5768793910457175,,,,,,,,,,,0.3512521982192993,4.357488566216198,,,4,4
2019-09-04 12:00:00+00:00,,,0.18533313274383545,-0.6284630387872221,,,,,0.15433573722839355,-3.180034227932721,,,,,,,,,,,0.3078017234802246,2.0643468299603747,,,5,5
2019-09-04 18:00:00+00:00,,,0.133550763130188,-0.3265763952659569,,,,,0.22462040185928345,-3.295170999625165,,,,,,,,,,,0.2822004556655884,1.728791024545634,,,5,5
2019-09-05 00:00:00+00:00,,,0.08217054605484009,-0.0696924197697666,,,,,0.25458741188049316,-3.0578142909851778,,,,,,,,,,,0.2907836437225342,2.7477595404033615,,,5,5
2019-09-05 06:00:00+00:00,,,0.2204979658126831,-0.3355699809251313,,,,,0.3676549196243286,-6.107737634835078,,,,,,,,,,,0.3074476718902588,2.6187143005411455,,,6,6
2019-09-05 12:00:00+00:00,,,0.0646207332611084,22.11844635708239,,,,,0.16977214813232422,-3.8881215546449397,,,,,,,,,,,0.3204207420349121,3.8856947659626617,,,4,4
2019-09-05 18:00:00+00:00,,,0.16191846132278442,-0.8949630084332755,,,,,0.09792596101760864,-0.6999910471807307,0.5370227992534637,0.07518311326679819,,,,,,,,,0.33369123935699463,2.449590486965361,,,5,5
2019-09-06 00:00:00+00:00,,,0.19739222526550293,-0.3780251466957891,,,,,0.1984991431236267,-1.984294768266251,,,,,,,,,,,0.28459250926971436,2.4889357554980176,,,4,4
2019-09-06 06:00:00+00:00,,,0.08312952518463135,-0.6212450868458422,,,,,0.21917468309402466,-0.9644243562226804,0.32861238718032837,-2.049646329471628,,,,,,,,,0.2795846462249756,2.0414655278878358,,,5,5
2019-09-06 12:00:00+00:00,,,0.053315937519073486,-0.19975332903117077,,,,,0.28021687269210815,-2.768754195098366,0.11451929807662964,-0.9534131808148647,,,,,,,,,0.3970985412597656,4.797504476965606,,,5,5
2019-09-06 18:00:00+00:00,,,0.04719996452331543,19.85044756505196,,,,,0.1589261293411255,-3.8848751767467853,0.09776437282562256,-0.7054546787634223,,,,,,,,,0.33841562271118164,2.6402502218572312,,,4,4
2019-09-07 00:00:00+00:00,,,0.19893783330917358,1.5627213769902237,,,,,0.2297610640525818,-2.0261525674770904,0.1010240912437439,-0.2667260025003681,,,,,,,,,0.33482515811920166,2.5335441812681068,,,4,4
2019-09-07 06:00:00+00:00,,,0.12504935264587402,-0.6995772337910218,,,,,,,0.17212891578674316,-1.320173574276994,,,,,,,,,0.3224217891693115,3.477939808825633,,,4,4
2019-09-07 12:00:00+00:00,,,0.16922235488891602,-2.1034192377731737,,,,,,,0.002913177013397217,0.3037007314653488,,,,,,,,,0.37951672077178955,7.987905268382114,,,4,4
2019-09-07 18:00:00+00:00,,,0.07905536890029907,-0.9010924995508358,,,,,,,0.3054512143135071,-1.787176232947604,,,,,,,,,0.3141462802886963,5.913638587935312,,,4,3
2019-09-08 00:00:00+00:00,,,0.1415269374847412,-0.08214296703723162,,,,,,,0.1267317533493042,-0.23465905253917946,,,,,,,,,0.3344923257827759,4.028995033067973,,,3,3
2019-09-08 06:00:00+00:00,,,0.1970691680908203,-14.914321789702798,,,,,,,0.4495394229888916,-2.946813387418513,,,,,,,,,0.3320796489715576,2.032145792726137,,,3,3
2019-09-08 12:00:00+00:00,,,0.13349974155426025,-0.22987428193715653,,,,,,,0.15331119298934937,-1.3547547441692465,,,,,,,,,0.3345829248428345,4.172644324801025,,,3,3
2019-09-08 18:00:00+00:00,,,0.14168518781661987,-0.6999108765589308,,,,,,,0.13514083623886108,-0.29959869411623063,,,,,,,,,0.3545612096786499,2.906422724752411,,,3,3
2019-09-09 00:00:00+00:00,,,0.04134702682495117,-0.613007374014997,,,,,,,0.08394742012023926,0.8887679870664221,,,,,,,,,0.36392927169799805,4.172555862744728,,,3,3
2019-09-09 06:00:00+00:00,,,0.20971345901489258,-0.41833644906053086,,,,,,,,,,,,,,,,,0.3234351873397827,2.9194783910371367,,,2,2
2019-09-09 12:00:00+00:00,,,0.11940449476242065,-0.673950571769626,,,,,,,0.6640436053276062,0.10478122356723875,,,,,,,,,0.339837908744812,3.556942814245485,,,3,3
2019-09-09 18:00:00+00:00,,,0.03343909978866577,-0.2173909733573718,,,,,,,,,,,,,,,,,0.30879127979278564,3.066558926905525,,,2,2
2019-09-10 00:00:00+00:00,,,0.09404373168945312,-0.36844879593483393,,,,,,,,,,,,,,,,,0.31538867950439453,2.323506939562044,,,2,2
2019-09-10 06:00:00+00:00,,,0.2843642234802246,-0.4964344217475152,,,,,,,,,,,,,,,,,0.32942426204681396,1.2710736952564885,,,2,2
2019-09-10 12:00:00+00:00,0.6073038876056671,-0.29161039407952194,0.08218401670455933,-0.06469473374101298,,,,,,,,,,,,,,,,,0.3173990249633789,3.411606084377033,,,3,3
2019-09-10 18:00:00+00:00,,,0.0428774356842041,-0.23707177741378727,,,,,,,,,,,,,,,,,0.33777809143066406,3.4140535702755153,,,2,2
2019-09-11 00:00:00+00:00,0.24353718757629395,0.34316950505200905,0.15034693479537964,-0.07296763947389308,,,0.18127644062042236,-3.353812716708262,,,,,,,,,,,,,0.31776249408721924,3.577247783120902,,,5,5
2019-09-11 06:00:00+00:00,0.2627630829811096,-0.512623078005366,0.14825540781021118,0.004518736415114465,,,0.16318583488464355,-1.3183147556881627,,,,,,,,,,,,,0.3403646945953369,6.062425119734057,,,6,6
2019-09-11 12:00:00+00:00,0.4940561056137085,2.5877196690035222,0.02248859405517578,2.6158888688183075,,,,,0.2695240378379822,-6.360018512051317,,,,,,,,,,,0.29209399223327637,3.7543398157377177,,,5,5
2019-09-11 18:00:00+00:00,0.3152768611907959,0.07235056274467076,0.05107194185256958,0.028997737919440388,,,,,0.3825029730796814,-1.450027266412861,,,,,,,,,,,0.3026474714279175,-3.5600156748040774,,,4,4
2019-09-12 00:00:00+00:00,,,0.18728965520858765,-1.1617258710396732,,,,,0.4622334837913513,-4.663686337833919,,,,,,,,,,,0.36079370975494385,4.063174334218161,,,3,3
2019-09-12 06:00:00+00:00,,,0.17660260200500488,-0.05718554315989191,,,,,0.12471967935562134,-1.3832971017337223,,,,,,,,,,,0.319263219833374,4.707254055345664,,,3,3
2019-09-12 12:00:00+00:00,,,0.1661882996559143,-0.24716614270207626,,,,,0.15813809633255005,-12.295795463724497,,,,,,,,,,,0.3894522190093994,8.51247538371576,,,3,3
2019-09-12 18:00:00+00:00,,,0.13045579195022583,-0.1735695656395719,,,,,0.12457674741744995,-0.4924858102712001,,,,,,,,,,,0.35120725631713867,4.233547258199052,,,3,3
2019-09-13 00:00:00+00:00,,,0.16687637567520142,-0.31811831244748856,,,,,0.2775766849517822,-9.912523088394181,,,,,,,,,,,0.3284599781036377,5.041494633128313,,,3,3
2019-09-13 06:00:00+00:00,,,0.0848190188407898,-0.15748359228155762,,,,,0.1841171383857727,-2.2524006527054783,,,,,,,,,,,0.33636021614074707,2.6880443832302174,,,3,3
2019-09-13 12:00:00+00:00,,,0.15655416250228882,-0.18468067756291218,,,,,0.3004215955734253,-3.344429961460963,,,,,,,,,,,0.2801690101623535,5.347822511743389,,,3,3
2019-09-13 18:00:00+00:00,,,0.08538401126861572,1.631926128869294,,,,,0.1269129514694214,-4.040584232351613,,,,,,,,,,,0.29499495029449463,5.139476629471422,,,3,3
2019-09-14 00:00:00+00:00,,,0.08715975284576416,-0.43308032727074824,,,,,0.3666205406188965,-4.179265750169162,,,,,,,,,,,0.3337746858596802,6.154383643617658,,,4,3
2019-09-14 06:00:00+00:00,,,0.20297563076019287,-1.473235394744521,,,,,0.27537667751312256,-6.124011624486558,,,,,,,,,,,0.3408623933792114,5.011370514348212,,,3,3
2019-09-14 12:00:00+00:00,,,0.13456380367279053,-21.608119227792027,,,,,0.09420299530029297,-2.1925359418179067,,,,,,,,,,,0.289065957069397,-5.858834058875607,,,3,3
2019-09-14 18:00:00+00:00,,,0.06666404008865356,-0.3220591497313609,,,,,0.16868799924850464,-7.297997564540183,,,,,,,,,,,0.26612305641174316,3.53013076467985,,,3,3
2019-09-15 00:00:00+00:00,,,0.21695929765701294,-25.5413151530546,,,,,0.30345070362091064,-4.7896025417029175,,,,,,,,,,,0.23896408081054688,2.053129229645946,,,3,3
2019-09-15 06:00:00+00:00,,,0.15424835681915283,-0.549107841922021,0.13820451498031616,-0.052119990375405996,,,0.06104743480682373,-0.4637364397514677,,,,,,,,,,,0.3158392906188965,8.166772979430336,,,4,4
2019-09-15 12:00:00+00:00,,,0.18057340383529663,-3.0351136379952175,0.1332721710205078,-0.008047666469224784,,,0.15783250331878662,-1.4484970381280504,,,,,,,,,,,0.2714989185333252,2.461059173748108,,,4,4
2019-09-15 18:00:00+00:00,,,0.14067941904067993,-3.0061096137103434,0.10405874252319336,0.1637756977356466,,,0.16888338327407837,-3.7025779892574766,,,,,,,,,,,0.28444838523864746,1.989152258377398,,,5,4
2019-09-16 00:00:00+00:00,,,0.15571904182434082,-1.7353322182633364,0.027546226978302002,0.2604450104983948,,,,,0.2709183096885681,-1.2500877033091884,,,,,,,,,0.22457444667816162,3.236663918499367,,,4,4
2019-09-16 06:00:00+00:00,,,0.14476197957992554,-1.4404760171075703,,,,,,,0.20800375938415527,-2.8621249769894677,,,,,,,,,0.24294781684875488,2.2085263527275427,,,3,3
2019-09-16 12:00:00+00:00,,,0.04931294918060303,2.048288218800567,0.4502747654914856,-0.001971738117833015,,,,,0.3190789222717285,-5.1569211378356865,,,,,,,,,0.26577556133270264,2.406542289462649,,,5,5
2019-09-16 18:00:00+00:00,,,0.031385183334350586,1.966441456682917,0.45899343490600586,-0.1253945231723594,,,,,0.563322514295578,-3.7396329210940333,,,,,,,,,0.259721040725708,2.453046758585658,,,4,4
2019-09-17 00:00:00+00:00,,,0.12493431568145752,-0.5900907003583461,,,,,,,0.30908745527267456,-1.7198138283351143,,,,,,,,,0.27235913276672363,4.5134224383847075,,,3,3
2019-09-17 06:00:00+00:00,,,0.1315326690673828,-3.973020116484914,,,,,,,0.5217723250389099,-1.234421169312107,,,,,,,,,0.2938951253890991,2.5697936687662803,,,4,4
2019-09-17 12:00:00+00:00,,,0.20865803956985474,-3.6105810480852356,,,,,,,0.29108285903930664,-2.1839762315507243,,,,,,,,,0.3119490146636963,2.5412743850246247,,,3,3
2019-09-17 18:00:00+00:00,,,0.16114193201065063,-0.22508410143895594,,,,,,,0.2061251401901245,-0.0817469863021081,,,,,,,,,0.28761136531829834,2.2653267590733193,,,3,3
2019-09-18 00:00:00+00:00,,,0.18336153030395508,-1.260596244139427,,,,,,,0.2318260669708252,-0.5803292920762089,,,,,,,,,0.24485599994659424,1.9164126340374557,,,3,3
2019-09-18 06:00:00+00:00,,,0.08005297183990479,15.844510752551297,0.2786370515823364,-0.8547667571394603,0.5339948534965515,-1.2071504635195864,,,0.09639644622802734,-0.15953457648745956,,,,,,,,,0.2799866199493408,2.979211794908927,,,5,5
2019-09-18 12:00:00+00:00,,,0.13526910543441772,-1.2429551266500014,,,0.5612812340259552,-4.899332517994824,,,,,,,,,,,,,0.24990379810333252,1.2614878773127336,,,3,3
2019-09-18 18:00:00+00:00,,,0.14385664463043213,-1.1022483875837514,0.2546495795249939,-1.5876488557709898,,,0.25653016567230225,5.183882689962767,,,,,,,,,,,0.23246216773986816,1.44748680924581,,,4,4
2019-09-19 00:00:00+00:00,,,0.17633920907974243,-0.5920671140671971,,,,,0.3115769624710083,-4.794897193831763,,,,,,,,,,,0.23679852485656738,6.195615760217752,,,3,3
2019-09-19 06:00:00+00:00,,,0.1789960265159607,-1.2755664852431152,,,,,0.6632208228111267,-6.060122624256237,,,,,,,,,,,0.23639607429504395,2.906857050610973,,,4,4
2019-09-19 12:00:00+00:00,,,0.17254680395126343,-2.718443831576739,,,,,0.4948500394821167,-3.4698250706633855,,,,,,,,,,,0.2699744701385498,3.7263839661824205,,,4,4
2019-09-19 18:00:00+00:00,,,0.20069193840026855,-3.2138048510079886,0.07189774513244629,-0.8715716507626975,,,0.5397734344005585,-10.861444062751616,,,,,,,,,,,0.25012409687042236,3.037532721239478,,,6,6
2019-09-20 00:00:00+00:00,,,0.2188999056816101,1.5166694238695029,0.01549386978149414,0.13333375069951242,,,0.5385721623897552,-6.391224579934643,,,,,,,,,,,0.17683768272399902,2.4564488107764517,,,5,5
2019-09-20 06:00:00+00:00,,,0.2407371997833252,-1.0183650999203082,0.2730088233947754,-0.33191835138600145,,,0.505351722240448,-7.9431746000558965,,,0.5845692157745361,1.2613028673176798,,,,,,,0.2682192325592041,1.7954572684580132,,,5,5
2019-09-20 12:00:00+00:00,,,0.1367301344871521,-1.4109806895001809,0.23983263969421387,0.17197747996030613,,,0.42795032262802124,-4.267365634747433,,,0.24326872825622559,0.9728921132242179,,,,,,,0.3415665626525879,3.9679527061536386,,,6,5
2019-09-20 18:00:00+00:00,,,0.12661731243133545,-0.32036856850299084,0.08176040649414062,0.4559148577387047,,,0.5135522782802582,-10.954169247193205,,,0.46141910552978516,2.3664095851378333,,,,,,,0.27611231803894043,2.937796046440877,,,6,5
2019-09-21 00:00:00+00:00,,,0.18294119834899902,-1.1163241837189797,0.5221449136734009,0.07116838887752806,,,0.4604880213737488,-23.12117106193735,,,0.3629809617996216,1.3511048908166492,,,,,,,0.24355506896972656,1.7831149322103321,,,5,5
2019-09-21 06:00:00+00:00,,,0.056974172592163086,12.923386244599554,0.3431161046028137,-0.2974614423512092,,,0.2642281651496887,-2.80899932356447,,,0.4234715700149536,1.9085057831056134,,,,,,,0.25783777236938477,3.4681914353946826,,,5,5
2019-09-21 12:00:00+00:00,,,0.05386090278625488,-0.7955887923080363,0.22987353801727295,-0.10122826202483767,,,0.37337666749954224,-9.103373545688354,,,0.12913310527801514,1.0402724700983943,,,,,,,0.26180827617645264,4.802445605911495,,,5,5
2019-09-21 18:00:00+00:00,,,0.04122227430343628,-1.1176054376283011,,,,,0.42729711532592773,-8.865323126233756,,,0.24264013767242432,3.110086673680187,,,,,,,0.22773385047912598,2.8284630393893013,,,4,4
2019-09-22 00:00:00+00:00,,,0.11095285415649414,-1.079035503110459,,,,,0.501150369644165,-4.935166065338856,,,0.3189429044723511,2.9621822213463203,,,,,,,0.2398289442062378,3.1555798667303177,,,4,4
2019-09-22 06:00:00+00:00,,,0.1160428524017334,-1.4499711323251812,,,,,0.48541462421417236,-9.579132534835045,,,0.18846940994262695,1.1865841492618954,,,,,,,0.28481268882751465,3.306967993157037,,,4,4
2019-09-22 12:00:00+00:00,,,0.05478322505950928,0.7028517295944813,,,,,0.3282650113105774,-1.8470006369167236,,,0.41297435760498047,6.593058398950435,,,,,,,0.3081885576248169,2.922446611119583,,,4,4
2019-09-22 18:00:00+00:00,,,0.03549814224243164,0.5265260662503306,0.12948566675186157,-0.4988262985009843,,,0.3273857831954956,-1.4720604794793715,,,0.44540655612945557,12.423836727323543,,,,,,,0.22317707538604736,2.1082671998759346,,,5,5
2019-09-23 00:00:00+00:00,,,0.19096219539642334,-0.11889516728154206,0.04128074645996094,-1.1234610252845707,,,,,0.4955819249153137,-4.683991699184544,0.3474156856536865,5.513266161553479,,,,,,,0.24497497081756592,1.269885870783043,,,5,5
2019-09-23 06:00:00+00:00,,,0.29207634925842285,-0.5778196737696984,0.2926698327064514,-0.14811741412611468,,,,,0.3144530653953552,-1.5794720957874342,,,0.3271188735961914,5.243834550579647,,,,,0.20460164546966553,-21.22961829570337,,,5,5
2019-09-23 12:00:00+00:00,,,0.207785964012146,-0.36411545259488426,0.22855126857757568,-0.6296522055916365,,,,,0.08815920352935791,0.14875419660095263,,,0.3355764150619507,6.62541316352647,,,,,0.26541638374328613,3.490258557405207,,,6,5
2019-09-23 18:00:00+00:00,,,0.04751706123352051,-0.03612734981707071,0.057604432106018066,-1.0869454788579767,,,,,0.42112672328948975,-0.24470310330980943,,,0.3622782230377197,6.049522476845848,,,,,0.2621256113052368,1.5074382539509084,,,5,5
2019-09-24 00:00:00+00:00,,,0.1199156641960144,-0.3413719562446542,,,,,0.22354185581207275,0.5105825914558334,,,,,0.364854097366333,6.695973743967156,,,,,0.23992252349853516,2.841160445663188,,,7,5
2019-09-24 06:00:00+00:00,,,0.2261231541633606,-0.10611672474124502,0.6242128014564514,0.22546271145361108,,,,,,,,,0.34959399700164795,8.440221752103035,,,,,0.2788485288619995,3.640029261058089,,,4,4
2019-09-24 12:00:00+00:00,,,0.03732156753540039,-0.8643388000538207,0.38243407011032104,-0.9963271265615975,,,0.3333209753036499,1.1836511277104944,,,,,0.3353844881057739,19.81399015439783,,,,,0.28562164306640625,1.6054343891226308,,,5,5
2019-09-24 18:00:00+00:00,,,0.005349397659301758,-0.21684583851005387,0.15798848867416382,-0.8856907519250454,,,0.38842928409576416,3.0192304780677555,,,,,0.37311840057373047,7.138972672412259,,,,,0.28511226177215576,1.2893569180709528,,,7,7
2019-09-25 00:00:00+00:00,,,0.2422475814819336,-0.8749155830613657,0.40731680393218994,-0.11590088099717354,,,0.37290406227111816,1.9211129172398194,,,,,0.3562483787536621,17.70080449904739,,,,,0.31330668926239014,5.081116724302863,,,6,6
2019-09-25 06:00:00+00:00,,,0.1262913942337036,-0.3713864367413309,0.15109556913375854,-0.12574033062746318,,,0.388217568397522,4.344788432787907,,,,,0.3349270820617676,9.744902440848104,,,,,0.2746158838272095,2.5973254872027707,0.2364950180053711,-0.43660171408491255,6,6
2019-09-25 12:00:00+00:00,,,0.39379847049713135,-2.256083488457273,0.12568527460098267,0.17934030508519713,,,0.46475791931152344,6.857730674153899,,,,,0.3453972339630127,6.183352373989634,,,,,0.38917720317840576,5.479217279233789,0.4682738780975342,-0.06174303703719532,7,7
2019-09-25 18:00:00+00:00,,,0.13325291872024536,-0.6958703126866091,,,,,0.39691638946533203,3.506689407586422,,,,,0.4459047317504883,8.070418103778845,,,,,0.2709444761276245,3.7856220737217567,0.5984820127487183,-1.130854534034654,7,6
2019-09-26 00:00:00+00:00,0.01719975471496582,0.699342286149883,0.31749624013900757,0.6475798686307266,,,,,0.26889538764953613,3.705083408043798,,,,,0.40769684314727783,6.626530408216526,,,,,0.21568095684051514,2.0378805757851346,,,7,6
2019-09-26 06:00:00+00:00,0.18298500776290894,-0.10724220610578669,0.15528684854507446,-0.2533642565207915,,,,,0.17756664752960205,2.300780403527293,,,,,0.3046243190765381,5.922179870842012,,,,,0.3093254566192627,2.5064173454230594,,,6,6
2019-09-26 12:00:00+00:00,0.12919676303863525,-0.9813409338869379,0.2920440435409546,-0.6617398768548984,,,0.052237629890441895,-0.15861064129936886,0.35444092750549316,5.854851050429963,,,,,0.3569188117980957,7.380078595757142,,,,,0.338250994682312,2.2222777562751816,,,7,7
2019-09-26 18:00:00+00:00,0.3945109248161316,-9.748141647899775,,,0.05717587471008301,-0.35496056149917893,0.4709961414337158,1.6597239326784703,0.18045341968536377,2.109599448474554,,,,,0.4016638994216919,12.579322309778751,,,,,0.28503990173339844,2.6712779888988942,,,7,7
2019-09-27 00:00:00+00:00,0.012597084045410156,-0.3283341022956383,,,0.2550935745239258,0.2372628080521707,0.07771295309066772,0.08255272667235451,0.24278545379638672,0.2898171850495054,,,,,0.3584953546524048,7.342828457230369,,,,,0.28624820709228516,2.5606132429393367,,,7,7
2019-09-27 06:00:00+00:00,0.0775403380393982,-0.12355376161477087,,,0.08478158712387085,-0.3909370277346392,0.22362297773361206,-1.5458654866817532,,,0.09864687919616699,2.7435046326649486,,,0.3257344961166382,7.071451595913972,,,,,0.29527854919433594,4.233639842659077,,,7,7
2019-09-27 12:00:00+00:00,0.02814185619354248,-0.20597989703016778,,,0.13244879245758057,-0.05758018941381924,0.4175977110862732,-1.1312463493025011,,,0.41559934616088867,7.306657796565337,,,0.5134931802749634,1.6651070278643314,0.3048151731491089,4.892923014719575,,,0.26934683322906494,1.2938002850838444,,,7,7
2019-09-27 18:00:00+00:00,0.13396644592285156,-0.2891110769331234,,,0.23557233810424805,-0.2835109721734397,0.24356794357299805,-0.8587784826580325,,,0.2857321500778198,1.2828055290072589,,,0.35271918773651123,2.1670460876893882,0.43669986724853516,9.114200269817925,,,0.24075579643249512,2.0260295406541946,,,7,7
2019-09-28 00:00:00+00:00,0.1723642349243164,0.0910017414675589,,,0.04114323854446411,-2.1653528149370325,0.16194528341293335,-0.06873105552847386,,,0.31660163402557373,1.287136779436887,,,0.10006201267242432,0.16157956344103333,0.43073809146881104,10.204518277976351,,,0.26969075202941895,4.571200288027631,,,7,7
2019-09-28 06:00:00+00:00,0.17719006538391113,-0.18750229033156054,,,0.05048537254333496,0.09301171236923539,0.1651431918144226,-1.2186414938875718,,,0.2587977647781372,1.0399292668461033,,,0.19184422492980957,0.31539920921128234,0.38423264026641846,11.29096258140188,,,0.2907423973083496,3.364758909338847,,,7,7
2019-09-28 12:00:00+00:00,,,0.1778295636177063,-0.19450530548560274,,,,,0.10818153619766235,-0.3943979126286451,0.22692155838012695,2.467747537905629,,,0.25020623207092285,0.5548865042302299,0.34861254692077637,6.334944000996978,,,0.31420016288757324,1.8667138499625955,,,9,7
2019-09-28 18:00:00+00:00,,,0.09829729795455933,-0.07012169403492424,,,,,0.10475003719329834,-0.48735098892168327,0.06941747665405273,0.26353249050521516,,,0.13733863830566406,1.152680247904457,0.14220547676086426,1.0417874842442156,,,0.3505162000656128,3.492074563376648,,,9,8
2019-09-29 00:00:00+00:00,,,0.1110389232635498,-0.27025801118015924,,,,,0.16940569877624512,-9.25886368280474,,,,,,,0.3498070240020752,3.785293290903442,,,0.2407841682434082,2.9352042240493432,,,7,6
2019-09-29 06:00:00+00:00,,,0.18792754411697388,-0.45457157975704876,,,,,0.1891079545021057,-2.099467227116434,0.007252871990203857,0.19109484933606796,,,,,0.5026894807815552,4.138284020290988,,,0.31932103633880615,3.7657759625241134,,,8,7
2019-09-29 12:00:00+00:00,,,0.1309870481491089,-0.2907830110396906,,,,,0.2106989622116089,-7.279538015013355,0.040988802909851074,0.869000813991328,,,,,0.018470406532287598,0.4150632427507411,,,0.26776814460754395,2.3302908862825507,,,8,7
2019-09-29 18:00:00+00:00,,,0.1217268705368042,-0.30076904545673316,,,,,0.21441584825515747,-4.928249278827931,,,,,,,0.5220049619674683,0.30186504466364344,,,0.2918590307235718,3.197820785087368,,,5,5
2019-09-30 00:00:00+00:00,,,0.08382612466812134,-0.6401855373085723,,,,,0.23923075199127197,-3.2029302985951387,,,,,,,,,,,0.29230833053588867,4.251283664335771,,,5,4
2019-09-30 06:00:00+00:00,,,0.13416165113449097,-0.6139280038638071,,,,,0.16989952325820923,-1.9261786020423415,,,,,,,,,,,0.25795114040374756,1.6616955711868377,,,4,4
2019-09-30 12:00:00+00:00,,,0.18194091320037842,-2.241924738718717,,,,,0.16116344928741455,-10.284524241930724,,,,,,,,,,,0.30373144149780273,2.378511600839806,,,4,4
2019-09-30 18:00:00+00:00,,,0.17767590284347534,-5.9821336322325,,,,,0.2814434766769409,-2.2774980971010086,,,,,,,,,,,0.24602484703063965,1.2232163128920364,,,4,4
2019-10-01 00:00:00+00:00,,,0.16542714834213257,-1.97754803029794,,,,,0.32169604301452637,-5.922122310814869,,,,,,,,,,,0.29646623134613037,3.969309282999903,,,4,4
2019-10-01 06:00:00+00:00,,,0.11411958932876587,-3.2810488299888507,,,,,0.26012474298477173,-5.681706364799531,,,,,,,,,,,0.267234206199646,2.145183558982791,,,4,4
2019-10-01 12:00:00+00:00,,,0.21920377016067505,-0.9392361155639466,,,,,0.24968302249908447,-3.709113978706384,0.2888225317001343,-0.6689868372529463,,,,,,,,,0.2578948736190796,2.3441335058811954,,,4,4
2019-10-01 18:00:00+00:00,,,0.1862160563468933,-0.719196597556234,,,,,0.3726179003715515,-7.1389728097196565,,,,,,,,,,,0.3180868625640869,6.629523360823625,,,5,5
2019-10-02 00:00:00+00:00,,,0.16502779722213745,-0.7765894997607323,,,,,0.12007540464401245,-3.5923130234058833,,,,,,,,,,,0.2476896047592163,4.727165941812407,,,5,5
2019-10-02 06:00:00+00:00,,,0.15185809135437012,-0.9633079854399175,,,,,0.41401058435440063,-4.327962889122024,0.07915085554122925,-0.25179974244570724,,,,,,,,,0.2646569013595581,4.140529301417025,,,6,6
2019-10-02 12:00:00+00:00,,,0.11193948984146118,-1.2913082022271591,,,,,0.09212851524353027,0.5940507868988764,0.16419780254364014,0.01587170735467037,,,,,,,,,0.28174543380737305,2.272732928106745,,,5,5
2019-10-02 18:00:00+00:00,,,0.1944575309753418,-0.8625993520497194,,,,,0.2332470417022705,-1.0813406258479612,0.2635391354560852,-0.863229094665821,,,,,,,,,0.27552056312561035,4.474875643185116,,,5,5
2019-10-03 00:00:00+00:00,,,0.23313742876052856,-1.160174689803753,,,,,0.07143557071685791,-0.2427350685507035,0.06357437372207642,0.28936263818308644,,,,,,,,,0.25894880294799805,2.8569890256398462,,,5,5
2019-10-03 06:00:00+00:00,,,0.06019526720046997,4.941090402390104,,,,,,,0.031070709228515625,0.6572667607913883,,,,,,,,,0.3049684762954712,4.216600773351486,,,5,5
2019-10-03 12:00:00+00:00,,,0.21339893341064453,-0.7378779606883298,,,,,,,0.01822108030319214,-0.7662774233377024,,,,,,,,,0.25924956798553467,3.1794684650756184,,,5,5
2019-10-03 18:00:00+00:00,0.2233681082725525,-0.001135990403985762,,,0.12190616130828857,-0.03350548331424035,,,,,0.29132723808288574,0.5303969195488475,,,,,,,,,0.23786258697509766,7.309355688022098,,,6,6
2019-10-04 00:00:00+00:00,,,0.12084215879440308,-0.2962110235795121,0.39283138513565063,-0.1443054189713647,,,,,0.0028162002563476562,-0.49866158861899434,,,,,,,,,0.2522205114364624,5.648257126770163,,,5,5
2019-10-04 06:00:00+00:00,,,0.07206648588180542,-0.457100185487481,,,,,,,0.034038662910461426,-1.4314762816089712,,,,,,,,,0.26529455184936523,2.3089751630513664,,,4,4
2019-10-04 12:00:00+00:00,,,0.11276507377624512,0.09862680277375109,,,,,,,0.1792154312133789,-0.1300267392488225,,,,,,,,,0.33134233951568604,3.292535361403799,,,4,4
2019-10-04 18:00:00+00:00,,,0.16236859560012817,-0.6272825186197577,,,,,,,0.6568408608436584,-0.23931668259761021,,,,,,,,,0.26094627380371094,4.346563271613768,,,4,4
2019-10-05 00:00:00+00:00,,,0.22522789239883423,-0.9802011438748406,0.6154271066188812,-0.5573189714032727,,,,,0.4877798557281494,0.25430988464400506,,,,,,,,,0.23588240146636963,-20.72907548567224,,,4,4
2019-10-05 06:00:00+00:00,,,0.16563475131988525,-0.695966358218324,0.28350019454956055,-0.2731321812307128,,,,,,,,,,,,,,,0.2540041208267212,-8.638624640710457,,,3,3
2019-10-05 12:00:00+00:00,,,0.14051562547683716,-0.3526346766223149,,,,,,,,,,,,,,,,,0.24594461917877197,2.4599576384509962,,,3,2
2019-10-05 18:00:00+00:00,,,0.1479356288909912,-0.149765874211047,,,,,,,,,,,,,,,,,0.281577467918396,4.749267949140623,,,2,2
2019-10-06 00:00:00+00:00,,,0.13736307621002197,-0.9451645936606037,,,,,,,,,,,,,,,,,0.24820566177368164,7.565656427883037,,,2,2
2019-10-06 06:00:00+00:00,,,0.1760575771331787,-3.5121045549105823,,,,,,,,,,,,,,,,,0.27381062507629395,-16.812692955176757,,,3,2
2019-10-06 12:00:00+00:00,,,0.1030416488647461,-0.8253308495425621,,,,,,,,,,,,,,,,,0.269014835357666,2.278704685682857,,,2,2
2019-10-06 18:00:00+00:00,,,0.13403654098510742,-0.6718759500409512,,,,,,,,,,,,,,,,,0.23515748977661133,2.1220958021721796,,,2,2
2019-10-07 00:00:00+00:00,,,0.13763219118118286,-0.5414868788368868,,,,,,,,,,,,,,,,,0.2790886163711548,6.0504800545856385,,,3,3
2019-10-07 06:00:00+00:00,,,0.055879414081573486,-0.28023037583232624,,,,,,,,,,,,,,,,,0.2603013515472412,2.101861454444293,,,2,2
2019-10-07 12:00:00+00:00,,,0.05287975072860718,-1.0220008189523726,,,,,,,,,,,,,,,,,0.290488600730896,2.457899448938407,,,2,2
2019-10-07 18:00:00+00:00,,,0.1276416778564453,-0.0934820644678036,,,,,,,,,,,,,,,,,0.2665156126022339,1.2798631014743522,,,2,2
2019-10-08 00:00:00+00:00,,,0.02975308895111084,-1.0070524151583502,,,,,,,,,,,,,,,,,0.26973021030426025,3.7206800783754823,,,3,2
2019-10-08 06:00:00+00:00,,,0.100277841091156,0.21081356563097975,,,,,,,,,,,,,,,,,0.3086695671081543,1.9927148711470504,,,2,2
2019-10-08 12:00:00+00:00,,,0.08358460664749146,-0.9482733696320935,,,,,,,,,,,,,,,,,0.25209784507751465,2.0377073409099666,,,2,2
2019-10-09 06:00:00+00:00,,,0.09566664695739746,0.09253573864543854,,,,,,,,,,,,,,,,,0.2564905881881714,2.539356651210118,,,2,2
2019-10-09 12:00:00+00:00,,,0.09810024499893188,-5.943918332134517,,,,,,,,,,,,,,,,,0.24270474910736084,3.1165692221119126,,,2,2
2019-10-10 00:00:00+00:00,,,0.06856149435043335,-0.23811818537405816,,,,,,,,,,,,,,,,,0.23234021663665771,2.227275110554436,,,2,2
2019-10-10 06:00:00+00:00,,,0.16134607791900635,-0.6982204824903402,,,,,,,,,,,,,,,,,0.28954458236694336,2.637727291053197,,,2,2
2019-10-10 12:00:00+00:00,,,0.09134888648986816,-0.40501962360996796,,,,,,,,,,,,,,,,,0.31008052825927734,2.263345075032536,,,2,2
2019-10-10 18:00:00+00:00,,,0.14348328113555908,-0.7083803033392164,,,,,,,,,,,,,,,,,0.249542236328125,1.7725390743510139,,,2,2
2019-10-11 00:00:00+00:00,,,0.18067294359207153,-0.6767017807455743,,,,,,,,,,,,,,,,,0.2549753189086914,1.9774078873759615,,,2,2
2019-10-11 06:00:00+00:00,,,0.15330404043197632,-0.41646783504749396,,,0.6152682900428772,-0.7685011125435285,,,,,,,,,,,,,0.31346702575683594,2.91969159506553,,,3,3
2019-10-11 12:00:00+00:00,,,0.019024372100830078,20.1864699615333,,,0.4137974977493286,0.09441715293805657,,,,,,,,,,,,,0.33596134185791016,2.3642687185517612,,,4,4
2019-10-11 18:00:00+00:00,,,0.14807361364364624,-0.05850891100262764,,,0.0637587308883667,0.08413197732471324,,,,,,,,,,,,,0.3460172414779663,2.0347317165669248,,,3,3
2019-10-12 00:00:00+00:00,0.23579710721969604,-0.2098158120268176,0.18077373504638672,-0.25676392010089605,,,0.3458576798439026,-0.1819072967686494,,,,,,,,,,,,,0.28674185276031494,5.275950216623852,,,4,4
2019-10-12 06:00:00+00:00,0.11708182096481323,0.28449518292343035,0.08667784929275513,-0.08416571507443148,,,0.005158662796020508,-2.5153483173170836,,,,,,,,,,,,,0.3529634475708008,5.4900794385763465,,,4,4
2019-10-12 12:00:00+00:00,0.10487031936645508,0.12674987055187742,0.1299399733543396,-4.075561292599073,,,0.030873477458953857,-0.7841743898190927,,,,,,,,,,,,,0.37496280670166016,2.780647218388853,,,4,4
2019-10-12 18:00:00+00:00,0.028485000133514404,-1.2272339096610505,0.04998505115509033,-0.9790170989168125,,,0.13118380308151245,0.10134936832063138,,,,,,,,,,,,,0.3583718538284302,2.2434577561181968,,,5,5
2019-10-13 00:00:00+00:00,,,0.10767191648483276,7.110423602812548,,,0.22456449270248413,-0.382790073047598,,,,,,,,,,,,,0.3725529909133911,2.4439462037621404,,,3,3
2019-10-13 06:00:00+00:00,,,0.0884854793548584,-0.7467081952274092,,,0.11760157346725464,-0.45774347283841016,,,,,,,,,,,,,0.3193857669830322,3.013722296691676,,,3,3
2019-10-13 12:00:00+00:00,,,0.21228903532028198,-1.1450431151207583,,,0.30412113666534424,0.7760363252099687,,,,,,,,,,,,,0.35613834857940674,2.623396718224039,,,3,3
2019-10-13 18:00:00+00:00,,,0.13973408937454224,-1.2489002878817068,,,0.0014758110046386719,0.2759510621992897,,,,,,,,,,,,,0.37242746353149414,2.7002344006450296,,,3,3
2019-10-14 00:00:00+00:00,,,0.16673332452774048,-2.442571522177038,,,0.1129528284072876,-0.021788563667393436,,,,,,,,,,,,,0.34608590602874756,3.3962272196952146,,,3,3
2019-10-14 06:00:00+00:00,,,0.14535075426101685,-1.1818065529263888,,,0.6455369293689728,-0.2858407607561362,,,,,,,,,,,,,0.32045984268188477,2.482423051573255,,,3,3
2019-10-14 12:00:00+00:00,,,0.08355867862701416,0.14462600196838984,,,0.12279784679412842,1.4811660310432448,,,,,,,,,,,,,0.33270394802093506,4.5889197648935,,,3,3
2019-10-14 18:00:00+00:00,,,0.10582482814788818,-0.5564266330152643,,,0.11908209323883057,0.06565448642313458,,,,,,,,,,,,,0.3408595323562622,2.225945808479321,,,3,3
2019-10-15 00:00:00+00:00,,,0.1379585862159729,-0.239642331260521,,,,,0.06935113668441772,-0.612148641668895,,,,,,,,,,,0.36005640029907227,3.5246271431149565,,,3,3
2019-10-15 06:00:00+00:00,,,0.10911929607391357,-0.46403189161221897,,,,,0.2728871703147888,-7.405938308601762,,,,,,,,,,,0.3656975030899048,1.9364611511506462,,,3,3
2019-10-15 12:00:00+00:00,,,0.18629717826843262,-1.0036790579540198,,,,,0.1466923952102661,-3.2783059211172425,,,,,,,,,,,0.3283649682998657,4.252948509257089,,,4,4
2019-10-15 18:00:00+00:00,,,0.13275587558746338,-0.43915864644957414,,,,,0.254300594329834,-0.6696838746506727,,,,,,,,,,,0.3623936176300049,4.908693347863131,,,4,4
2019-10-16 00:00:00+00:00,,,0.18421179056167603,-0.5291726556550479,,,,,0.11313009262084961,-2.8329876127776696,,,0.21470803022384644,-0.05339515273891464,,,,,,,0.37575697898864746,3.4242380804883314,,,6,6
2019-10-16 06:00:00+00:00,,,0.18152499198913574,-0.8896491337622402,,,,,0.020475327968597412,0.248720480298754,,,0.26161885261535645,0.2972134125820706,,,,,,,0.37036871910095215,3.638772926745397,,,5,5
2019-10-16 12:00:00+00:00,,,0.13755595684051514,-0.29987798386733644,,,,,0.2989814877510071,-1.7097385862022536,,,0.40343964099884033,0.25619587871850824,,,,,,,0.4062798023223877,2.1564509858811434,,,5,5
2019-10-16 18:00:00+00:00,,,0.12832194566726685,-0.3426159202691726,,,,,0.24025022983551025,-11.484342618886833,,,0.13990795612335205,0.009397789788787483,,,,,,,0.4155580997467041,3.0222816801262855,,,5,5
2019-10-17 00:00:00+00:00,,,0.1791781783103943,-0.17021151805615306,,,,,0.13618004322052002,-0.7901108966649243,,,0.2034844160079956,0.06700462944199563,,,,,,,0.3997865915298462,3.3990258748026667,,,6,6
2019-10-17 06:00:00+00:00,,,0.14543598890304565,-0.48830473229300614,,,,,0.3628304600715637,-2.2730786600356123,,,0.2691519260406494,-0.3495739279083575,,,,,,,0.37525665760040283,2.530676582026523,,,6,6
2019-10-17 12:00:00+00:00,,,0.13298434019088745,-0.45295977128110476,,,,,0.23373723030090332,-9.274905957351999,,,0.33709239959716797,1.3200473766700294,,,,,,,0.3664727210998535,2.986060093084653,,,6,6
2019-10-17 18:00:00+00:00,,,0.1338127851486206,1.8426456077259332,0.9188516438007355,-2.898978438233397,,,0.19307225942611694,-6.146892530081453,,,0.2214658260345459,1.7089755330631546,,,,,,,0.3510173559188843,4.684247477383106,,,7,7
2019-10-18 00:00:00+00:00,,,0.23194670677185059,-16.428993143693308,,,,,0.374453604221344,-4.301069138432536,,,0.11218059062957764,1.111492777821956,,,,,,,0.36415231227874756,3.3240684315493456,,,5,5
2019-10-18 06:00:00+00:00,,,0.18217986822128296,-0.44781303669624983,,,,,0.2938758134841919,-8.11856130072029,,,0.1473679542541504,0.2138845882183217,,,,,,,0.4106191396713257,2.348223773136541,,,4,4
2019-10-18 12:00:00+00:00,,,0.10764360427856445,-0.42253676556579933,,,,,0.23837387561798096,-4.105747339473615,,,0.2649197578430176,3.004612401717236,,,,,,,0.3686244487762451,4.823149942358579,,,5,5
2019-10-18 18:00:00+00:00,,,0.0904502272605896,-0.21030323974204282,,,,,0.14961665868759155,-1.3585339516847945,,,0.20658230781555176,1.4710094688945372,0.5350349545478821,-9.979028371877265,,,,,0.3178830146789551,3.40909173568788,,,6,6
2019-10-19 00:00:00+00:00,,,0.10399389266967773,-1.1825821902821507,,,,,0.10068434476852417,-1.2343298414930992,,,0.21000683307647705,1.8601547630542459,0.3193100094795227,-3.612798313806055,,,,,0.26969218254089355,3.900103551872427,,,6,6
2019-10-19 06:00:00+00:00,,,0.13449174165725708,-0.7405748905460593,,,,,0.0840291976928711,0.14743272755958572,,,0.16455078125,2.449403859503227,,,,,,,0.350699782371521,8.200920340963899,,,7,7
2019-10-19 12:00:00+00:00,,,0.11162638664245605,0.12106313042645911,,,,,0.1468866467475891,-1.1833961096468044,,,0.26757752895355225,6.966460369110418,0.4804282784461975,2.4102631108664205,,,,,0.3623631000518799,0.8996662645157809,,,5,5
2019-10-19 18:00:00+00:00,,,0.12470734119415283,-0.13155325625012093,,,,,0.1523221731185913,-4.20885248574474,,,0.28616881370544434,4.538523718473758,,,0.20400148630142212,-1.3047418313670023,,,0.34640562534332275,3.03798104693311,,,5,5
2019-10-20 00:00:00+00:00,,,0.17615419626235962,-1.6849685951445126,,,,,,,0.20733201503753662,-0.08241005981667616,0.305513858795166,0.7266407380790851,,,0.321885883808136,-0.10125910624676117,,,0.25891387462615967,3.7970345579555294,,,6,6
2019-10-20 06:00:00+00:00,,,0.20756852626800537,-1.8158298445590773,0.18290382623672485,-0.5021766760892524,,,,,0.37958824634552,-1.3551603929120393,,,0.34083282947540283,4.8829869640209544,,,,,0.3170051574707031,5.006988530364854,,,7,7
2019-10-20 12:00:00+00:00,,,0.060961127281188965,-0.9643136737073896,0.10311722755432129,-2.746547710844566,,,,,0.4915950298309326,0.1303198216016167,,,0.3493727445602417,12.893124037526844,,,,,0.3146742582321167,-11.441259620449115,,,6,6
2019-10-20 18:00:00+00:00,,,0.12898600101470947,-1.5002250059547417,0.20765918493270874,-0.37456278279052013,,,,,0.5114973187446594,-0.41514556995364177,,,0.23223018646240234,5.227863034491904,0.2825573682785034,0.9486597257602445,,,0.33120572566986084,6.869646082490364,,,7,7
2019-10-21 00:00:00+00:00,,,0.28542280197143555,-0.4881831034060754,0.03691089153289795,0.045683475683787486,,,,,,,,,0.28977417945861816,3.924240197871444,,,,,0.34296178817749023,1.8295139221141807,,,4,4
2019-10-21 06:00:00+00:00,,,0.10036182403564453,-0.10125534034387282,0.20264571905136108,-0.33504338403296974,,,,,,,,,0.31716084480285645,8.801422160626892,,,,,0.33589720726013184,2.9528741858254373,,,5,5
2019-10-21 12:00:00+00:00,,,0.20636439323425293,-0.3743417795868055,0.0957404375076294,-0.4770501639374352,,,,,,,,,0.36812424659729004,11.253027180010966,,,,,0.2549753189086914,1.677471426817661,,,5,5
2019-10-21 18:00:00+00:00,,,0.16822081804275513,-1.540653714847947,0.01013714075088501,-0.021935503594559536,,,0.1369531750679016,-2.600087877770165,,,,,0.34448373317718506,5.534798356216656,,,,,0.23230338096618652,5.859569705217732,,,5,5
2019-10-22 00:00:00+00:00,,,0.13349443674087524,-0.15097111608425992,,,,,,,,,,,0.33249521255493164,9.514822336363936,,,,,0.28621888160705566,3.5118866400663755,,,3,3
2019-10-22 06:00:00+00:00,,,0.21574056148529053,-0.36928300780699264,,,,,0.12727534770965576,1.43280992872723,,,,,0.4241046905517578,21.46887665458303,,,,,0.31570422649383545,3.8148323538019886,,,5,4
2019-10-22 12:00:00+00:00,,,0.24926018714904785,0.0009505499064070133,,,0.48307204246520996,0.0008455631169958446,0.13978898525238037,-4.4456037888543065,,,,,0.33540236949920654,9.521391942493441,,,,,0.28428637981414795,2.946357921632958,,,6,5
2019-10-22 18:00:00+00:00,0.1594616174697876,-0.15799877824220884,0.18522238731384277,0.12360541737601002,,,0.3391633629798889,-0.132052865924348,0.1260223388671875,1.6315456083651616,,,,,0.4125434160232544,16.383061719411717,,,,,0.2799926996231079,5.657014105722197,,,6,6
2019-10-23 00:00:00+00:00,0.7717819958925247,-0.8766849443184495,0.18310993909835815,-0.0875664813795351,,,0.03139013051986694,-2.7965668063414353,0.26907432079315186,9.081345332953925,,,,,0.2891343832015991,5.521817478903353,,,,,0.24324488639831543,2.8551279331398676,,,6,6
2019-10-23 06:00:00+00:00,0.718210756778717,-1.2117339236222695,0.20744210481643677,-0.6608390871560049,,,0.1678794026374817,-1.3307680954806678,0.10333859920501709,0.9331626877831042,,,,,0.34436118602752686,8.5372953432269,,,,,0.2288283109664917,8.730434173127014,,,6,6
2019-10-23 12:00:00+00:00,0.31519919633865356,-0.6081585109477401,0.2013821005821228,0.211865563345872,,,0.1394292116165161,-1.3749020692357286,0.10178887844085693,2.590704546644399,,,,,0.27236104011535645,3.562114165167601,,,,,0.267818808555603,1.5992505476478796,,,6,6
2019-10-23 18:00:00+00:00,0.05303514003753662,-0.4428998103462981,0.17689430713653564,-0.6029850708777895,,,0.05816406011581421,-0.5538811828798161,0.0765845775604248,0.33504743608991433,,,,,0.29571032524108887,4.3454142833699985,,,,,0.26815760135650635,5.330283718944083,,,6,6
2019-10-24 00:00:00+00:00,0.1852935552597046,-1.6775067592381687,0.28466880321502686,0.132896688475243,,,0.09308618307113647,-0.5805297390051803,,,,,,,0.3167698383331299,7.452203333344765,,,,,0.23361921310424805,4.613331549370021,,,5,5
2019-10-24 06:00:00+00:00,0.2981466054916382,-11.947154589973671,0.4379574656486511,-0.862776867174643,,,0.049603044986724854,-0.327017363068681,,,,,,,0.26061415672302246,1.291947729454364,,,,,0.314355731010437,2.922397120146949,,,5,5
2019-10-24 12:00:00+00:00,0.0047969818115234375,0.12162667709440991,0.15332472324371338,0.4440318415612903,,,0.09091806411743164,-2.2245724579277213,,,,,,,0.2694227695465088,6.5203333631251645,,,,,0.277316689491272,9.677946105273579,,,6,6
2019-10-24 18:00:00+00:00,0.15018081665039062,-0.18208619938063134,,,0.18812769651412964,-3.5394003221243735,0.030049681663513184,-0.0014482412521300498,,,,,,,0.29100167751312256,13.047180175260275,,,,,0.20695972442626953,1.1170090525807026,,,7,7
2019-10-25 00:00:00+00:00,0.1556333303451538,-0.17276478445728105,,,0.1408613920211792,0.9291433072807534,0.4518880248069763,-4.647751017205424,0.3549414277076721,-0.7267678796139582,,,,,0.2502593994140625,4.832388745761995,,,,,0.20133888721466064,2.3215879875358048,,,7,7
2019-10-25 06:00:00+00:00,0.08544290065765381,-0.6963671703186954,,,0.02349984645843506,-0.04525478772937092,0.06950080394744873,-7.420433165790405,0.118366539478302,-0.853953119404443,,,,,,,0.2728545665740967,4.676876871594395,,,0.24490070343017578,5.5496993366765155,,,8,7
2019-10-25 12:00:00+00:00,0.07474946975708008,-0.16090014319104692,,,0.3361991047859192,0.014945162172549728,0.11327147483825684,-0.5804726659905605,0.2757456302642822,-6.886388643071916,,,,,,,0.22641468048095703,4.677445746707368,,,0.27619290351867676,2.2035011110242886,,,7,7
2019-10-25 18:00:00+00:00,0.2018049955368042,-0.4043545368419082,,,0.13635623455047607,-0.22375694441364585,0.2306983470916748,0.19110264485693093,0.13408464193344116,0.9535103383598079,,,,,,,0.15552592277526855,2.997373300208913,,,0.22626662254333496,2.334149550745935,,,7,7
2019-10-26 00:00:00+00:00,0.1710321307182312,-0.914167604499421,,,0.27693676948547363,0.5046584643398715,0.15820425748825073,-0.7509268401245501,0.1988469958305359,-0.515076216459061,,,,,,,0.23239505290985107,11.13042432342435,,,0.166534423828125,2.1450841424299623,,,7,7
2019-10-26 06:00:00+00:00,0.12727200984954834,-0.422367813987103,,,0.19958198070526123,-0.009516895848198368,0.25351065397262573,-2.77292197878419,0.16241401433944702,-0.9690143800852382,,,,,,,0.25348663330078125,3.048636524362301,,,0.2711712121963501,1.7795279887080118,,,8,8
2019-10-26 12:00:00+00:00,0.21232962608337402,-3.963333767844855,,,0.7613828927278519,-1.2822754217704808,0.3169422745704651,-2.1070349259428287,0.125343918800354,-1.8021937433504784,,,,,,,0.16919958591461182,0.8228165079956893,,,0.20261991024017334,1.6747269656406878,,,8,8
2019-10-26 18:00:00+00:00,0.17970257997512817,-0.924341727299365,,,0.596744179725647,0.6719312363417729,,,0.10678070783615112,0.40652867996270287,,,,,,,0.2278282642364502,1.4913683888052638,,,0.19411718845367432,1.2187093891212055,,,8,8
2019-10-27 00:00:00+00:00,,,0.1954384446144104,-0.24868561216578527,0.5166675448417664,-0.044322474496118536,,,0.06949788331985474,-1.0600103474987677,,,,,,,0.23310506343841553,1.2077497024982935,,,0.14255130290985107,1.7764132098204528,,,9,8
2019-10-27 06:00:00+00:00,,,0.16252219676971436,-0.6216218803410148,,,,,0.15056949853897095,-2.58417662703154,,,,,,,0.18025541305541992,0.9378646956502359,,,0.16768085956573486,4.589589833086795,,,7,7
2019-10-27 12:00:00+00:00,,,0.13480520248413086,-3.280611178003346,,,,,0.1519661545753479,-4.587385235633271,,,,,,,0.14476656913757324,0.5608366004426888,,,0.18760645389556885,1.705699565841958,,,7,7
2019-10-27 18:00:00+00:00,,,0.2031528353691101,-1.7322401241024694,,,,,0.18872284889221191,-4.365656240046815,,,,,,,0.15595829486846924,2.115748185210416,,,0.24218988418579102,2.5298067779448425,,,8,8
2019-10-28 00:00:00+00:00,,,0.15208083391189575,-7.23468077131249,,,,,0.24398499727249146,-0.9072278771210611,,,,,,,0.1737809181213379,0.8898657422170949,,,0.2593497037887573,1.3521953382076108,,,5,5
2019-10-28 06:00:00+00:00,,,0.21936064958572388,-4.87206871846034,,,,,0.17547404766082764,-7.309719057040811,,,,,,,0.1301020383834839,1.301632470911181,,,0.18360650539398193,2.0436470319223305,,,7,7
2019-10-28 12:00:00+00:00,,,0.18316352367401123,-6.88930739838587,,,,,0.19285809993743896,-2.9009510372286478,,,,,,,0.22710859775543213,0.4699275789791366,,,0.19414615631103516,0.8808986272118554,,,6,6
2019-10-28 18:00:00+00:00,,,0.1867285966873169,-3.712427355258017,,,,,0.21720969676971436,-4.255481694776623,,,,,,,0.18684113025665283,0.523390838545079,,,0.25519859790802,3.578490270818968,,,8,8
2019-10-29 00:00:00+00:00,,,0.14026182889938354,-2.5340209816935837,,,,,0.24507367610931396,-1.7419714083799545,,,,,,,,,,,0.1974095106124878,0.9506942337792562,,,8,7
2019-10-29 06:00:00+00:00,,,0.1311396360397339,-1.3620114067148388,,,,,0.18958622217178345,-3.132898008755419,,,,,,,,,,,0.2879732847213745,3.2184619069065907,,,6,6
2019-10-29 12:00:00+00:00,,,0.12640833854675293,-1.2037143086232964,,,,,0.34262615442276,-4.062337331093712,,,,,,,,,,,0.2522735595703125,2.8980292927567857,,,6,6
2019-10-29 18:00:00+00:00,,,0.2404489517211914,-2.9402106512805535,,,,,0.26958370208740234,-6.3078630936418145,0.21798217296600342,-0.968346684828298,,,,,,,,,0.2325040102005005,1.8709748643513726,,,5,5
2019-10-30 00:00:00+00:00,,,0.2282630205154419,-1.421682349481129,,,,,0.2738586664199829,-6.925148821202522,0.36973780393600464,-2.892933114687951,,,,,,,,,0.24714279174804688,3.040250782331206,,,4,4
2019-10-30 06:00:00+00:00,,,0.1697080135345459,-1.3824341164924983,,,,,0.27776575088500977,-3.546453778695452,0.18339049816131592,-0.3199813101711433,,,,,,,,,0.24509334564208984,2.9490338795733315,,,4,4
2019-10-30 12:00:00+00:00,,,0.15827512741088867,-3.1046797537895134,,,,,,,0.24745911359786987,-9.568454322236471,,,,,,,,,0.3120548725128174,4.29063911877869,,,3,3
2019-10-31 00:00:00+00:00,,,0.29375284910202026,-5.758363745780582,,,,,,,0.008693695068359375,-0.03923960965628222,,,,,,,,,0.23311364650726318,2.3102020185635985,,,3,3
2019-10-31 06:00:00+00:00,,,0.17608028650283813,-1.0271864295686197,,,,,,,0.271608829498291,-0.17743223479354303,,,,,,,,,0.2543654441833496,2.7067377862938864,,,3,3
2019-10-31 12:00:00+00:00,,,0.1883799433708191,-1.7249774461417204,,,,,,,0.12666040658950806,-0.18322343245682965,,,,,,,,,0.24905753135681152,3.3098817918181327,,,3,3
2019-10-31 18:00:00+00:00,,,0.15586018562316895,-2.0303005376824537,,,,,,,0.3310123085975647,-1.636772758948382,,,,,,,,,0.3370320796966553,1.6146488060195205,,,3,3
2019-11-01 00:00:00+00:00,,,0.1904137134552002,-1.5514384183749759,,,,,,,0.37081360816955566,0.13460192352064984,,,,,,,,,0.2951681613922119,1.8822722607662938,,,3,3
2019-11-01 06:00:00+00:00,,,0.15756100416183472,-0.19725704561651639,,,,,,,,,,,,,,,,,0.3111605644226074,2.490634263524965,,,2,2
2019-11-01 12:00:00+00:00,,,0.1886688470840454,-0.3398159011025023,,,,,,,,,,,,,,,,,0.35547173023223877,5.776172288366572,,,2,2
2019-11-01 18:00:00+00:00,,,0.1824461817741394,-0.4960869197840379,,,,,,,,,,,,,,,,,0.2465132474899292,2.9430538342732713,,,2,2
2019-11-02 00:00:00+00:00,,,0.18055760860443115,-24.78751363678295,,,,,,,,,,,,,,,,,0.3501920700073242,2.4542971150849073,,,2,2
2019-11-02 06:00:00+00:00,,,0.09361523389816284,-0.285394935171472,,,,,,,,,,,,,,,,,0.28188633918762207,5.0051605192633,,,2,2
2019-11-02 12:00:00+00:00,,,0.2219085693359375,-0.7218369883373787,,,,,,,,,,,,,,,,,0.26873552799224854,3.3895632535174327,,,2,2
2019-11-02 18:00:00+00:00,,,0.252594530582428,-8.903326650694853,,,,,,,,,,,,,,,,,0.25174808502197266,3.253474843321935,,,2,2
2019-11-03 00:00:00+00:00,,,0.12283247709274292,-19.477339909903307,,,,,,,,,,,,,,,,,0.2986985445022583,2.076658231020613,,,2,2
2019-11-03 06:00:00+00:00,,,0.22853481769561768,-0.8680710826021978,,,,,,,,,,,,,,,,,0.2734740972518921,3.514391034247145,,,2,2
2019-11-03 12:00:00+00:00,,,0.22764408588409424,-1.2441820201571634,,,,,,,,,,,,,,,,,0.2948479652404785,6.447097928719158,,,2,2
2019-11-03 18:00:00+00:00,,,0.17115336656570435,-3.3108506145668573,,,,,,,,,,,,,,,,,0.28912782669067383,2.7495679191540097,,,2,2
2019-11-04 00:00:00+00:00,,,0.2821272015571594,-0.5029594837822022,,,,,,,,,,,,,,,,,0.2755647897720337,2.196031971822974,,,3,2
2019-11-04 06:00:00+00:00,,,0.2024562954902649,0.6268357274756514,,,,,,,,,,,,,,,,,0.33403217792510986,2.3751062012520716,,,2,2
2019-11-04 12:00:00+00:00,,,0.14217638969421387,-1.4084088243489377,,,,,,,,,,,,,,,,,0.35784125328063965,3.431292969100304,,,3,2
2019-11-04 18:00:00+00:00,,,0.1234900951385498,-0.13601895570920403,,,,,,,,,,,,,,,,,0.3425368070602417,2.9602805569437964,,,2,2
2019-11-05 00:00:00+00:00,,,0.17415452003479004,-0.784492084899137,0.1362842321395874,0.04152170358419209,,,,,,,,,,,,,,,0.2954394817352295,2.378483183517988,,,3,3
2019-11-05 06:00:00+00:00,,,0.19442462921142578,-0.8755563589471821,,,,,,,,,,,,,,,,,0.27364516258239746,1.4792744684981447,,,3,2
2019-11-05 12:00:00+00:00,,,0.19403749704360962,-0.05858585960608207,,,,,,,,,,,,,,,,,0.3327796459197998,2.889473808886805,,,2,2
2019-11-05 18:00:00+00:00,,,0.2488720417022705,-19.111673466038784,0.11680454015731812,-0.47663775836087857,,,,,,,,,,,,,,,0.3155733346939087,2.168434613179221,,,3,3
2019-11-06 00:00:00+00:00,,,0.17322516441345215,2.6018828201279054,,,,,,,,,,,,,,,,,0.2901569604873657,2.1470990931570535,,,3,2
2019-11-06 06:00:00+00:00,,,0.16325801610946655,-0.5231705755152116,,,,,,,,,,,,,,,,,0.3603631258010864,2.217088780100554,,,2,2
2019-11-06 12:00:00+00:00,,,0.235584557056427,-19.714257535300394,,,,,,,,,,,,,,,,,0.3167816400527954,1.7067335972068705,,,2,2
2019-11-06 18:00:00+00:00,,,0.19933581352233887,-5.145670280838139,,,,,0.14931970834732056,-4.473692741963611,,,,,,,,,,,0.2747931480407715,1.6154398075915228,,,3,3
2019-11-07 00:00:00+00:00,,,0.2068738341331482,-0.17006579838572755,,,,,0.1581195592880249,0.0466473933017302,,,,,,,,,,,0.25839662551879883,2.345054026878303,,,3,3
2019-11-07 06:00:00+00:00,,,0.16039907932281494,-0.7964731269105866,,,,,,,,,,,,,,,,,0.3770029544830322,2.5537115093579423,,,2,2
2019-11-07 12:00:00+00:00,,,0.26237839460372925,-16.642138629700238,,,,,0.15482252836227417,-4.079870384901581,,,,,,,,,,,0.2868995666503906,-10.78777193336457,,,3,3
2019-11-07 18:00:00+00:00,,,0.13435369729995728,-1.1399732890612009,,,,,0.019311726093292236,-0.0004750832223268005,,,,,,,,,0.17131853103637695,0.19172032516157647,0.29453182220458984,1.0646260581030902,,,4,4
2019-11-09 00:00:00+00:00,,,0.1396350860595703,-3.790374651879308,,,,,,,,,,,,,,,,,0.2238062620162964,1.2329311735362618,,,2,2
2019-11-09 06:00:00+00:00,,,0.2553936839103699,-11.833362155292235,,,,,,,,,,,,,,,,,0.18824326992034912,2.410585998951885,,,2,2
2019-11-09 12:00:00+00:00,,,0.1860561966896057,-2.104025367428524,,,,,,,,,,,,,,,,,0.30178046226501465,1.1862445083604816,,,2,2
2019-11-09 18:00:00+00:00,,,0.17930501699447632,-1.496364505407474,,,,,,,,,,,,,,,,,0.25816261768341064,2.9725617225997145,,,2,2
2019-11-10 00:00:00+00:00,,,0.20090848207473755,-2.3477648531432562,,,,,,,,,,,,,,,,,0.25343406200408936,2.149098051662012,,,2,2
2019-11-10 06:00:00+00:00,,,0.21236556768417358,-1.2840917785063095,,,,,,,,,,,,,,,,,0.23761212825775146,1.4862776820574846,,,2,2
2019-11-10 12:00:00+00:00,,,0.16171008348464966,-1.1094347585535769,,,0.28529202938079834,0.1832276700774725,,,,,,,,,,,,,0.28346872329711914,1.7118927621619155,,,3,3
2019-11-10 18:00:00+00:00,,,0.10768091678619385,-0.45076273789002874,,,0.22050756216049194,-0.3693030334899781,,,,,,,,,,,,,0.28336668014526367,1.836966766709762,,,4,4
2019-11-11 00:00:00+00:00,,,0.11261606216430664,-0.10382410177406967,,,0.3615160584449768,-8.249553555124104,,,,,,,,,,,,,0.28511011600494385,3.4840676632012793,,,4,4
2019-11-11 06:00:00+00:00,,,0.08840769529342651,15.807641184006219,,,0.39100027084350586,-3.749806438181748,0.46307069063186646,-1.4148658515229675,,,,,,,,,,,0.2819133996963501,3.2065415758165905,,,4,4
2019-11-11 12:00:00+00:00,,,0.1959180235862732,-14.871461415029856,,,0.1874205470085144,-2.1631299063286877,,,,,,,,,,,,,0.22434568405151367,3.5732720873821724,,,3,3
2019-11-11 18:00:00+00:00,,,0.12543153762817383,-0.3764670496707988,,,,,0.4958674907684326,-2.8165671251149647,,,,,,,,,,,0.22489380836486816,2.4862588532422345,,,3,3
2019-11-12 00:00:00+00:00,,,0.10774683952331543,-0.9564583768998657,0.4930436611175537,0.655038702444174,,,0.4444965124130249,-4.759587338224596,,,,,,,,,,,0.2281036376953125,3.338284724626163,,,6,5
2019-11-12 06:00:00+00:00,,,0.19936925172805786,-2.5637208646954113,,,,,0.3006724715232849,-2.6837015523556746,,,,,,,,,,,0.29156291484832764,3.4192072619411507,,,7,6
2019-11-12 12:00:00+00:00,,,0.15933775901794434,-5.289667727547138,0.14266693592071533,1.6928615421501993,,,0.4239869713783264,-8.364292481505831,,,0.003064572811126709,1.1801954834705903,0.306942343711853,-0.9940681753289995,,,,,0.3304520845413208,3.8355877484677836,,,7,7
2019-11-12 18:00:00+00:00,,,0.15527057647705078,-2.3857171107194044,,,,,0.1422780156135559,4.878206768012981,,,0.3354991674423218,0.09381376893894537,0.08923959732055664,3.7064721186490717,,,,,0.26837122440338135,1.4622461816262147,,,6,6
2019-11-13 00:00:00+00:00,,,0.12458819150924683,-3.124943987316028,,,,,0.31703877449035645,-5.328882712247319,,,0.022983431816101074,0.05375937376220536,,,,,,,0.2182934284210205,2.1744041646293075,,,6,6
2019-11-13 06:00:00+00:00,,,0.15637147426605225,-3.4104744673916447,,,,,0.32364702224731445,-2.6187534315034138,,,0.19595396518707275,-0.008881067591452857,,,,,,,0.26593995094299316,0.727302235114166,,,8,8
2019-11-13 12:00:00+00:00,,,0.1751335859298706,-1.5993636854444415,,,,,0.20711815357208252,-1.8481675317054505,,,0.1041637659072876,0.6223989063904489,,,,,,,0.2562282085418701,2.2194580965130006,,,6,6
2019-11-13 18:00:00+00:00,,,0.16741865873336792,-1.9241023027779558,,,,,0.2074412703514099,-2.2058933936345917,,,0.1278223991394043,0.5041111266220902,,,,,,,0.21453917026519775,2.4153863822854937,,,5,5
2019-11-14 00:00:00+00:00,,,0.15710735321044922,-8.634067694700303,,,,,0.26085853576660156,-14.469524507589266,,,0.16692471504211426,1.9380394359719715,,,,,,,0.20345854759216309,1.9936614801252481,,,5,5
2019-11-14 06:00:00+00:00,,,0.14417195320129395,-4.252693860519946,,,,,0.14977926015853882,-3.4330289151846864,,,0.19070780277252197,1.6646062159398363,,,,,,,0.23091399669647217,2.798820409424838,,,4,4
2019-11-14 12:00:00+00:00,,,0.12621301412582397,-5.557389069202842,,,,,0.1854291558265686,-3.453750825867982,,,0.21879255771636963,2.700115201814608,,,,,,,0.2502027750015259,1.6764701182483328,,,7,7
2019-11-14 18:00:00+00:00,,,0.1898929476737976,-0.7645226324580702,,,,,0.15975213050842285,-2.015249269410085,,,0.1413630247116089,2.2925628249805436,,,,,,,0.2566643953323364,2.125173854456784,,,8,8
2019-11-15 00:00:00+00:00,,,0.11352282762527466,-1.988906919650388,,,,,0.34834426641464233,-5.372144762020277,,,0.28286969661712646,0.600461947301009,,,,,,,0.15418767929077148,-11.52233384270801,,,9,9
2019-11-15 06:00:00+00:00,,,0.1337260603904724,-1.4039429377273238,,,,,0.2486090064048767,-2.39994360631598,,,0.18812119960784912,2.7488007761706363,,,,,,,0.22418546676635742,1.7129271453723782,,,7,7
2019-11-15 12:00:00+00:00,,,0.17183011770248413,-5.645007625298967,0.5522704720497131,-0.6510818363954762,,,0.19987952709197998,-5.412765725195731,,,0.30176472663879395,0.12668754951461356,0.6502382755279541,3.2871092370449717,,,,,0.2221447229385376,0.5692108997733597,0.4216747283935547,0.2172762192425489,9,9
2019-11-15 18:00:00+00:00,,,0.15375298261642456,-0.7468409985442976,0.38774681091308594,0.5219000727867207,,,0.18885105848312378,-0.7053804457762197,,,0.3845827579498291,4.16295113128662,0.2762632369995117,1.5818555250449753,,,,,0.17754662036895752,-23.50226625165064,,,8,8
2019-11-16 00:00:00+00:00,,,0.07492578029632568,-0.9571380766658427,0.027547597885131836,0.22604836994252792,,,0.2066681981086731,-1.655090217248502,0.15609902143478394,-2.774877677422555,0.2660318613052368,1.0209147943959072,0.4701364040374756,1.7764570222694682,,,,,0.1983705759048462,1.4056673502295436,,,9,9
2019-11-16 06:00:00+00:00,,,0.0678977370262146,-3.83639688097355,0.7937804162502289,-1.6027270762378036,,,,,0.16509926319122314,0.0580825628347481,0.25968706607818604,1.390963518756482,0.35418975353240967,-2.7623007443327543,,,,,0.2655860185623169,1.631749078487833,,,7,7
2019-11-16 12:00:00+00:00,,,0.14571613073349,-0.38991574436068194,0.24944639205932617,-0.4694054162140489,,,,,0.21028751134872437,-2.8609660147348444,0.27720916271209717,4.412785033093179,0.5888493061065674,6.395471381426265,,,,,0.2419886589050293,1.911680515839995,,,8,8
2019-11-17 00:00:00+00:00,,,0.09190148115158081,0.007476655411832229,,,,,,,0.4619060754776001,-0.42135898154422957,,,0.3153879642486572,3.9808636925827594,,,,,0.23992061614990234,3.498304153479887,,,6,5
2019-11-17 06:00:00+00:00,,,0.23473364114761353,-1.1056962219384674,,,,,,,,,,,0.32650136947631836,3.297334252780634,,,,,0.24256300926208496,3.1553954379687115,,,4,4
2019-11-17 12:00:00+00:00,,,0.13319700956344604,-0.474081528732443,,,,,,,0.5288969874382019,-0.06455763009214056,,,0.2984645366668701,7.2985600603670555,,,,,0.2500556707382202,2.9068168956461355,0.3377821445465088,0.5781780510402768,6,6
2019-11-17 18:00:00+00:00,,,0.13293588161468506,-0.5478888433645396,,,,,,,0.24119138717651367,-0.7141789413577478,,,0.36127519607543945,8.942710049035094,,,,,0.23781359195709229,5.532805065793702,,,6,5
2019-11-18 00:00:00+00:00,,,0.17694091796875,-0.14865818731465458,0.17529845237731934,0.11938053168683103,,,,,,,,,0.332522988319397,15.165666315721644,,,,,0.17987120151519775,3.6230891692869784,,,6,6
2019-11-18 06:00:00+00:00,,,0.2743625044822693,-24.473393865234723,0.14751899242401123,-1.3204829491842238,,,,,,,,,0.41955113410949707,11.578767746402534,,,,,0.2649484872817993,3.555880284514199,,,6,6
2019-11-18 12:00:00+00:00,,,0.09828943014144897,-0.9040455369408638,0.21311324834823608,-0.600448269998166,,,,,,,,,0.4357072114944458,4.756854356635997,,,,,0.2637777328491211,-7.696993486320808,,,7,7
2019-11-18 18:00:00+00:00,,,0.04847520589828491,-0.03770084771883863,0.25996214151382446,-0.38799897472213357,,,,,,,,,0.4030482769012451,8.029841752475283,,,,,0.21474874019622803,4.0468541592091745,,,7,7
2019-11-19 00:00:00+00:00,,,0.14392715692520142,-4.8605579226955875,0.1224326491355896,-0.2612538391835494,,,,,,,,,0.5066100358963013,8.729987305788798,,,,,0.25730013847351074,5.660222331351678,,,6,6
2019-11-19 06:00:00+00:00,,,0.07813072204589844,-0.5367672554917253,0.29663026332855225,0.12776767256714902,,,,,,,,,0.37363338470458984,9.127373755492904,,,,,0.2325141429901123,3.9259162922557183,,,7,7
2019-11-19 12:00:00+00:00,,,0.16471880674362183,-0.3618706472148295,0.3315538167953491,-0.2434652617437777,,,,,,,,,0.2539752721786499,2.3129594533526694,,,,,0.25359320640563965,2.0931134272015046,0.1621464490890503,-1.5238763074286608,9,9
2019-11-19 18:00:00+00:00,,,0.09694325923919678,-0.5703870809486199,0.8073149472475052,-0.086545294125366,0.11922883987426758,-0.31413946153001987,,,,,,,0.18462681770324707,0.6466118492650857,0.426328182220459,2.5382866030321827,,,0.31670641899108887,3.0515707171193625,,,7,7
2019-11-20 00:00:00+00:00,,,0.2041076421737671,-3.9429167509668215,,,0.010709941387176514,0.12242851968997266,,,,,,,0.4566786289215088,4.523989145250539,0.2582523822784424,-1.5219173841506588,,,0.24483156204223633,6.612111234951699,,,8,8
2019-11-20 06:00:00+00:00,,,0.14936769008636475,-2.17948369201049,,,0.14472413063049316,0.5134592792717827,,,,,,,0.417136549949646,3.347302117916095,0.20120203495025635,2.982710918579516,,,0.21083593368530273,3.1469127426746413,,,6,6
2019-11-20 12:00:00+00:00,,,0.14915567636489868,-0.5391673229483134,,,0.1568925380706787,0.20322256702609848,,,,,,,0.3507521152496338,2.0650688944421716,0.2166959047317505,0.2681535012149487,,,0.2722747325897217,3.2221618982486095,,,6,6
2019-11-20 18:00:00+00:00,,,0.13106900453567505,-0.5381954682307222,,,0.3554341793060303,-0.7685760262801128,,,,,,,,,0.73597252368927,2.6365642719780435,,,0.23408055305480957,3.0240287014478615,,,6,6
2019-11-21 00:00:00+00:00,,,0.03182411193847656,4.263253171057366,,,0.22918248176574707,3.384909161294107,,,,,,,0.133888840675354,0.47287560794671596,0.6785260438919067,2.212004112923789,,,0.28412115573883057,2.5303752103754555,,,6,6
2019-11-21 06:00:00+00:00,,,0.14299362897872925,-0.4648929580113809,,,0.21401762962341309,-0.4155874408791103,,,,,,,,,0.4065347909927368,0.17200287004807904,,,0.2541385889053345,3.703705237613168,,,6,6
2019-11-21 12:00:00+00:00,,,0.12154537439346313,-0.9990078630336969,,,0.19282549619674683,-0.720102957505171,,,,,,,,,0.3149740695953369,-0.28243484847396655,,,0.22524011135101318,2.7073235075158633,,,6,5
2019-11-21 18:00:00+00:00,,,,,0.028554081916809082,0.7399958510713415,0.14585423469543457,-2.3093254877017677,,,,,,,,,0.3272714614868164,-0.32158529008342096,,,0.22861385345458984,1.767634685202958,,,6,5
2019-11-22 00:00:00+00:00,,,,,0.08265143632888794,-0.7723256424424096,0.15336179733276367,-0.17815434296282306,,,,,,,,,0.30070292949676514,1.775138195813398,,,0.23271441459655762,7.362468211987293,,,6,6
2019-11-22 06:00:00+00:00,,,0.1338787078857422,0.11914020329956222,,,0.10192656517028809,-1.634556243290594,,,,,,,,,0.16060996055603027,2.9233329169729827,,,0.23822414875030518,3.4609406599451376,,,6,6
2019-11-22 12:00:00+00:00,,,0.12186950445175171,-1.0828086986039287,,,0.20334124565124512,1.8267517096594101,,,,,,,,,0.46659135818481445,0.844016095814239,,,0.2448815107345581,2.1513464192407348,,,6,6
2019-11-22 18:00:00+00:00,,,0.19994395971298218,-1.8152891889955853,,,0.3127269148826599,-2.149341106091908,,,,,,,,,0.44759440422058105,1.9045785312060348,,,0.2778472900390625,7.046982058036957,,,7,7
2019-11-23 00:00:00+00:00,,,0.17398792505264282,-0.7249519657122657,,,0.3522859215736389,-0.4634562098019599,0.32673704624176025,-4.46054650778015,,,,,,,0.34727704524993896,0.5879619892522427,,,0.289670467376709,2.8567638189076034,,,5,5
2019-11-23 06:00:00+00:00,,,0.04820746183395386,-0.22580001091617743,,,,,0.1773473620414734,-0.6380108681058466,,,,,,,,,,,0.22285807132720947,3.3157514997727895,,,4,4
2019-11-23 12:00:00+00:00,0.13562411069869995,-0.3450589747738813,,,0.0687786340713501,-0.14691836686315257,,,0.15231037139892578,-3.679676559807667,,,,,,,,,,,0.27485477924346924,2.8061005440702784,,,5,5
2019-11-23 18:00:00+00:00,,,0.06452798843383789,-2.2154210172431985,,,,,0.16069763898849487,-0.639073480558848,,,,,,,,,,,0.2774014472961426,2.672410886867903,,,5,5
2019-11-24 00:00:00+00:00,,,0.2740734815597534,-1.3113588677454198,,,,,0.25473594665527344,-5.769492523358379,,,,,,,,,,,0.23881912231445312,1.675324821902487,,,5,5
2019-11-24 06:00:00+00:00,0.24437516927719116,-0.3225411627932771,,,0.05428946018218994,0.3120139373729359,,,0.35743314027786255,-1.659564540837467,,,,,,,,,,,0.18800699710845947,-1.3280037521682666,,,5,5
2019-11-24 12:00:00+00:00,0.18774646520614624,-1.4187821244356034,,,,,,,0.24776726961135864,-5.0411125777900345,,,,,,,,,,,0.24310529232025146,3.0773248493958323,,,4,4
2019-11-24 18:00:00+00:00,0.2720082998275757,-2.0607893607665058,,,0.3764275908470154,0.36461532593866997,,,0.14318400621414185,-1.2574527661049133,,,,,,,,,,,0.21857774257659912,1.8656542038659125,,,5,5
2019-11-25 00:00:00+00:00,,,0.19505643844604492,-3.8604124590720996,0.5409806668758392,-0.8328312724800404,,,0.15343093872070312,-5.796162696493741,,,,,,,,,,,0.18366777896881104,1.9355384552352615,,,6,5
2019-11-25 06:00:00+00:00,,,0.22853392362594604,-1.3901910504117059,0.9738037586212158,0.9591080017452239,,,0.15787792205810547,-0.5552986947822679,,,,,,,,,,,0.21280980110168457,8.732118929686957,,,6,6
2019-11-25 12:00:00+00:00,,,0.269606351852417,-10.414559560593178,,,,,0.2244088053703308,-9.21264673197041,,,,,,,,,,,0.22926366329193115,2.8561866309789563,,,5,4
2019-11-25 18:00:00+00:00,,,0.20332056283950806,-2.333676299884228,,,,,0.007235407829284668,-1.6575349017303325,,,,,,,,,,,0.25964903831481934,1.247335496918943,,,5,5
2019-11-26 00:00:00+00:00,,,0.1273127794265747,25.481695125177875,,,,,0.14072757959365845,0.8046930381873976,,,,,,,,,,,0.16203773021697998,1.091600137064577,,,5,5
2019-11-26 06:00:00+00:00,,,0.18731898069381714,-1.7614905388664366,,,,,0.1222527027130127,-2.0851225679644156,,,,,,,,,,,0.2814229726791382,-0.7617783307229408,,,3,3
2019-11-26 12:00:00+00:00,,,0.25349801778793335,-28.62851166160057,,,,,0.13817358016967773,-0.8793899483835833,0.06163299083709717,-0.18190165552285759,,,,,,,,,0.23175334930419922,3.8462975515072704,,,4,4
2019-11-26 18:00:00+00:00,,,0.23062562942504883,-1.6198450813181013,,,,,0.11880713701248169,0.5397422042203891,0.3882211446762085,-0.265009336169641,,,,,,,,,0.18333065509796143,0.7724762807662122,,,4,4
2019-11-27 00:00:00+00:00,,,0.21243005990982056,-0.65261296906494,,,,,,,0.014309287071228027,-0.2942559578270463,,,,,,,,,0.20085299015045166,1.2577615083949556,,,4,4
2019-11-27 06:00:00+00:00,,,0.21337348222732544,-0.758550022706192,,,0.06824010610580444,0.242347232683031,,,0.058873116970062256,0.24997284565607358,,,,,,,,,0.22747540473937988,1.8922980133321996,,,4,4
2019-11-27 12:00:00+00:00,,,0.21463298797607422,-4.075116624161127,,,0.42393171787261963,-2.8310879574060555,,,0.0898275375366211,-0.6567967805924926,,,,,,,,,0.25545358657836914,3.396901366556723,,,5,5
2019-11-27 18:00:00+00:00,,,0.14867961406707764,3.5990122440613477,,,0.2459564208984375,-0.14096159269001673,,,0.36897265911102295,0.7696303180257231,,,,,,,,,0.2382640838623047,1.7049584397227648,,,4,4
2019-11-28 00:00:00+00:00,,,0.20949137210845947,-0.8040004097192508,,,0.07174885272979736,-0.4312047677985833,,,,,,,,,,,,,0.12072300910949707,2.7596660378946503,,,4,4
2019-11-28 06:00:00+00:00,,,0.25018274784088135,-1.8502633249733436,,,0.13224780559539795,-1.8363870803137288,,,,,,,,,,,,,0.1954888105392456,4.103058891395637,,,4,4
2019-11-28 12:00:00+00:00,,,0.22718900442123413,-0.616725739359469,,,,,0.48502278327941895,0.9185249695033362,,,,,,,,,,,0.20206904411315918,1.1247477235747962,,,5,4
2019-11-28 18:00:00+00:00,,,0.2817736268043518,-2.9971326026130427,,,,,0.25795304775238037,-5.683478060093863,0.14204275608062744,1.432922613273367,,,,,,,,,0.24553310871124268,-2.6283993369811456,,,4,4
2019-11-29 00:00:00+00:00,,,0.22847557067871094,-2.4163229021678903,,,,,0.38927632570266724,-3.3403582647229184,0.0029829740524291992,0.3772722416523459,,,,,,,,,0.24652099609375,1.5973141685362735,,,4,4
2019-11-29 06:00:00+00:00,,,0.2198696732521057,-4.308027870638005,,,,,0.13563436269760132,-1.983035979804976,0.24916493892669678,0.5367295927121876,,,,,,,,,0.18039941787719727,0.8019913701403998,,,4,4
2019-11-29 12:00:00+00:00,,,0.2001325488090515,-1.857899735315873,,,,,0.028417766094207764,-8.086866062670993,,,,,,,,,,,0.22144997119903564,1.153666292315137,,,3,3
2019-11-29 18:00:00+00:00,,,0.24480485916137695,-3.364179352589207,,,,,0.15334278345108032,-1.604093945794054,,,,,,,,,,,0.3041262626647949,3.4522828739253364,,,3,3
2019-11-30 00:00:00+00:00,,,0.204193115234375,-5.912888697745445,,,,,0.4701108932495117,-3.4721298287040248,,,,,,,,,,,0.2601356506347656,1.8873487988383642,,,3,3
2019-11-30 06:00:00+00:00,,,0.229112446308136,-3.4132812603839295,,,,,0.20877963304519653,-1.8552222423466416,,,,,,,,,,,0.2585533857345581,3.2414840150787905,,,4,4
2019-11-30 12:00:00+00:00,,,0.24243801832199097,-2.4065951682985416,,,,,,,,,,,,,,,,,0.2638521194458008,1.7601315755391198,,,2,2
2019-11-30 18:00:00+00:00,,,0.29420989751815796,-1.6711539507621571,0.3908700942993164,0.12413727637086218,,,0.10123169422149658,0.8865650199969785,,,,,,,,,,,0.3203165531158447,2.537503902122718,,,4,4
2019-12-01 00:00:00+00:00,,,0.2237309217453003,1.1051950674215252,0.10033345222473145,0.6179577171906494,,,0.21134686470031738,-0.2821997161568141,,,,,,,,,,,0.2694673538208008,1.1029807514373506,,,4,4
2019-12-01 06:00:00+00:00,,,0.22043228149414062,-1.5159276018402097,,,,,,,,,,,,,,,,,0.25545406341552734,1.1323806511651988,,,2,2
2019-12-01 12:00:00+00:00,,,0.20941072702407837,-1.6396050397157806,,,,,,,,,,,,,,,,,0.16018164157867432,1.162755209695722,,,2,2
2019-12-01 18:00:00+00:00,,,0.2693116068840027,-7.310179508205192,0.776130348443985,-0.04216889836930601,,,0.5272042453289032,-0.3941510368070331,,,,,,,,,,,0.20259881019592285,0.949795862196392,,,4,4
2019-12-02 00:00:00+00:00,,,0.2533400058746338,-19.65785465420521,,,,,,,,,,,,,,,,,0.1968674659729004,0.6238507384086007,,,2,2
2019-12-02 06:00:00+00:00,,,0.26725637912750244,-1.1510217598306183,,,,,0.10341101884841919,-0.47962118371306184,,,,,,,,,,,0.29267382621765137,0.5929046832422076,,,3,3
2019-12-02 12:00:00+00:00,,,0.27771425247192383,-2.4791576726532023,,,0.19247901439666748,-0.07294938207269104,0.5101336240768433,-0.4042017534829103,,,,,,,,,,,0.21993255615234375,0.7499540929616604,,,4,4
2019-12-02 18:00:00+00:00,,,0.19675910472869873,-1.062725872293443,,,0.044873833656311035,-6.387366937105,,,,,,,,,,,,,0.24861371517181396,1.162394452288081,0.5032768249511719,0.5635541429809829,4,4
2019-12-03 00:00:00+00:00,,,0.24622559547424316,-2.296631192301402,,,0.125044584274292,-0.6367541575918909,,,,,,,,,,,,,0.10911321640014648,1.448495358402415,0.6178975105285645,0.4442682168441242,4,4
2019-12-03 06:00:00+00:00,,,0.1910545825958252,-1.4351560882602221,,,0.10389816761016846,2.379932476250082,,,,,,,,,,,,,0.2540196180343628,1.341775240335008,0.2291555404663086,0.2537433973838271,4,4
2019-12-03 12:00:00+00:00,,,0.2262568473815918,-8.829545620056964,,,0.1235390305519104,-2.520837581122241,,,,,,,,,,,,,0.22572481632232666,0.5445089438701258,1.0,0.6900053385131872,4,4
2019-12-03 18:00:00+00:00,,,0.17245548963546753,-1.7143266210395505,,,0.12979847192764282,-1.7443166234566887,,,,,,,,,,,,,0.1774510145187378,0.8016778759726602,0.1604670286178589,-0.45339436403676037,4,4
2019-12-04 00:00:00+00:00,,,0.21391814947128296,-1.5394512161648026,,,,,0.14354979991912842,-13.75607518847649,,,,,,,,,,,0.23178386688232422,0.3744105206844562,0.9630526155233383,-0.7338921533303465,4,4
2019-12-04 06:00:00+00:00,,,0.2070155143737793,-2.011927435750813,,,,,0.2772562503814697,-6.377965005793336,,,,,,,,,,,0.16788268089294434,0.44752451790814485,,,3,3
2019-12-04 12:00:00+00:00,,,0.22290796041488647,-8.72102749551386,,,,,0.11405551433563232,-5.446187943716295,,,,,,,,,,,0.29405295848846436,1.165492493648131,,,3,3
2019-12-04 18:00:00+00:00,,,0.17242282629013062,8.91505356417141,,,,,0.1548699140548706,-6.93457282179869,,,,,,,,,,,0.25059759616851807,-4.089102304635108,,,3,3
2019-12-05 00:00:00+00:00,,,0.20740532875061035,-1.39612264596814,,,,,0.05883997678756714,-1.204451654541957,,,,,,,,,,,0.16541814804077148,1.9446479988115852,,,3,3
2019-12-05 06:00:00+00:00,,,0.20736032724380493,-0.6035957838675894,,,,,0.14836955070495605,0.41910413745410197,,,,,,,,,,,0.16579878330230713,1.4899711589102558,,,3,3
2019-12-05 12:00:00+00:00,,,0.17306888103485107,1.3869799315501499,,,,,0.21984624862670898,-1.6090120041088285,,,,,,,,,,,0.2995729446411133,1.3939193912671382,,,4,4
2019-12-05 18:00:00+00:00,,,0.1815473437309265,-1.1411085336309135,,,,,0.18488585948944092,-3.6598845648586895,,,,,,,,,,,0.2629204988479614,1.1400159618989527,,,3,3
2019-12-06 00:00:00+00:00,,,0.23986423015594482,-3.2471188611594033,,,,,0.09729301929473877,-0.983890057959698,,,,,,,,,,,0.11718916893005371,1.022214085683602,,,3,3
2019-12-06 06:00:00+00:00,,,0.14027076959609985,20.173696804488678,,,,,0.26494795083999634,-0.5692181715989436,,,,,,,,,0.014755845069885254,-0.3860967932855955,0.2445591688156128,4.234228055658046,0.10802394151687622,0.205189870239874,6,6
2019-12-06 12:00:00+00:00,,,0.2169017195701599,-1.4954180849035463,,,,,,,,,,,,,,,,,0.34324610233306885,2.31305566181122,0.11352795362472534,-0.027144295711882597,4,4
2019-12-06 18:00:00+00:00,,,0.22220969200134277,-2.447142183083584,,,,,,,,,,,,,,,,,0.2517116069793701,4.340968429505041,0.1148226261138916,-0.01581207961874525,4,3
2019-12-07 00:00:00+00:00,,,0.17256194353103638,-1.3239633542536873,,,0.15990287065505981,-0.2097218453550518,,,,,,,,,,,,,0.2871077060699463,1.429841498291897,0.08456838130950928,-0.00018906420401542304,4,4
2019-12-07 06:00:00+00:00,,,0.2174288034439087,-5.240269254864815,,,0.362260639667511,0.8004800407527066,,,,,,,,,,,,,0.2587010860443115,9.916508543558596,,,3,3
2019-12-07 12:00:00+00:00,,,0.2165614366531372,-2.0473008156806833,,,0.32415157556533813,-0.6847521106184676,,,,,,,,,,,,,0.21526694297790527,0.5129363309031959,,,4,3
2019-12-07 18:00:00+00:00,,,0.1395973563194275,-2.347501387076562,,,0.07452911138534546,-0.21642775126804242,,,,,,,,,,,,,0.2167438268661499,0.4294864690791436,,,4,3
2019-12-08 00:00:00+00:00,,,0.16110795736312866,-4.533122139063715,,,0.027660071849822998,-2.702358568575466,,,,,,,,,,,,,0.2081747055053711,1.4379434646328622,,,3,3
2019-12-08 06:00:00+00:00,,,0.23195385932922363,-2.863180159291564,,,0.19792240858078003,0.6202932568555144,,,,,,,,,,,,,0.200347900390625,0.5329823993799283,,,4,4
2019-12-08 12:00:00+00:00,0.29652369022369385,-0.20157548165647915,0.17484891414642334,-0.9021084136689289,,,0.10963159799575806,-2.4187356978095886,0.19613200426101685,-2.691903762982971,,,,,,,,,,,0.1914287805557251,1.8488674700166243,,,5,5
2019-12-08 18:00:00+00:00,,,0.15550249814987183,-19.26154516273765,,,0.16134560108184814,-0.03388128405927181,0.26954716444015503,-1.0136173166298303,,,,,,,,,,,0.22496509552001953,1.3755314302019124,,,4,4
2019-12-09 00:00:00+00:00,0.19542646408081055,-0.10209441978207014,0.12694329023361206,6.791766866004596,,,0.4289934039115906,-3.3937367743388838,0.01952451467514038,-0.9000999391910502,,,,,,,,,,,0.17340612411499023,5.010644259899921,,,5,5
2019-12-09 06:00:00+00:00,0.05124378204345703,1.173682836795088,0.19787371158599854,-2.4866826838562086,,,0.30619192123413086,-3.9280972411253443,0.10272729396820068,2.162824198777001,,,,,,,,,,,0.2515132427215576,5.572581565689357,,,6,6
2019-12-09 12:00:00+00:00,,,0.18778830766677856,-1.5888730231332242,,,0.019269943237304688,0.8479108906446509,0.07199764251708984,0.677264413529816,,,,,,,,,,,0.19683074951171875,1.9867935042690539,,,5,5
2019-12-09 18:00:00+00:00,,,0.1705094575881958,-1.5189868015089194,,,0.15459078550338745,-0.20136952839524025,,,,,0.05859100818634033,0.3902523185537732,,,,,,,0.21396386623382568,2.0408394225108735,,,4,4
2019-12-10 00:00:00+00:00,,,0.1576768159866333,-0.030256662073365997,,,,,0.26611632108688354,-0.985277914173826,,,0.37601566314697266,-0.8657585313312242,,,,,,,0.20682382583618164,0.6306450953442106,,,5,5
2019-12-10 06:00:00+00:00,,,0.18531757593154907,-1.271977698881404,,,,,0.3652014136314392,-6.7186688180057885,,,0.2917081117630005,0.741732837091652,,,,,,,0.24839377403259277,0.9714386813869517,,,4,4
2019-12-10 12:00:00+00:00,0.1329103708267212,-0.6700423576593528,0.13244128227233887,-0.9330798267434883,,,,,0.17052876949310303,-4.079640609772726,,,0.13194489479064941,-0.47899420138735005,,,,,,,0.22051239013671875,0.733651274314777,,,5,5
2019-12-10 18:00:00+00:00,,,0.15928679704666138,-0.9530563827267039,,,,,0.20632803440093994,-4.169460717429672,,,0.3316558599472046,2.845895644717873,,,,,,,0.21838927268981934,0.9645721456431361,,,5,5
2019-12-11 00:00:00+00:00,,,0.1164708137512207,-0.9305430557533124,,,,,0.19385558366775513,-3.3956527470587803,,,0.32627952098846436,3.8617677500420435,,,,,,,0.13319814205169678,0.9327431824838446,,,6,6
2019-12-11 06:00:00+00:00,,,0.15181893110275269,-0.59313635574243,,,,,0.1790345311164856,-0.8606761852852886,,,0.22967123985290527,-0.7463833407008877,,,,,,,0.21954476833343506,3.2360868625039223,,,6,6
2019-12-11 12:00:00+00:00,,,0.16799920797348022,-1.7586164467823489,,,,,0.002979457378387451,-0.6830593218432595,,,0.33218443393707275,4.843429007376365,,,,,,,0.08450806140899658,-33.14635792602061,,,5,5
2019-12-11 18:00:00+00:00,,,0.16289907693862915,-1.268090134718724,,,,,,,,,0.30399978160858154,5.679061490090045,,,,,0.157232403755188,0.6934455508606097,0.20621156692504883,0.2085531920963316,,,5,5
2019-12-12 00:00:00+00:00,,,0.11995536088943481,-5.2590649280388115,,,,,0.1270226240158081,-0.35061630387260817,,,0.09354603290557861,2.182539272060663,,,,,,,0.1913226842880249,1.2410927704207455,,,5,5
2019-12-12 06:00:00+00:00,,,0.17416870594024658,-3.392523364290951,0.14768731594085693,0.5770409617734865,,,0.12991952896118164,0.6424701866205724,,,0.29042255878448486,7.100206655930318,,,,,,,0.16674458980560303,1.5599050124030758,,,6,6
2019-12-12 12:00:00+00:00,,,0.13601380586624146,-0.9128710210819854,0.0012031793594360352,0.16033355529244148,,,0.4682471752166748,-1.4178934919176425,,,0.39909422397613525,5.631539778302362,,,,,,,0.24173498153686523,3.457480810497157,,,6,6
2019-12-12 18:00:00+00:00,,,0.14926403760910034,-0.8686341484069544,,,,,,,,,0.234236478805542,6.030553672364747,0.012638211250305176,2.2791692375062627,,,,,0.17398202419281006,0.7216385515908297,,,5,4
2019-12-13 00:00:00+00:00,,,0.13045543432235718,5.602467562970521,0.7122085094451904,0.07120981475055109,,,,,,,,,0.30116212368011475,4.484104464256099,,,,,0.1882190704345703,1.1641370804368973,,,5,5
2019-12-13 06:00:00+00:00,,,0.20117616653442383,-0.8930802747980612,,,,,,,,,,,0.29862308502197266,7.016304787414136,,,,,0.21108520030975342,1.2844984840657,,,4,4
2019-12-13 12:00:00+00:00,,,0.1865198016166687,-1.3534552148317747,0.3679268956184387,-0.7698506674771608,,,,,,,,,0.20435738563537598,1.7920837491148163,,,,,0.23222744464874268,2.568938679272356,,,5,5
2019-12-13 18:00:00+00:00,,,0.1717756986618042,-1.1314210439721926,0.41225576400756836,-0.7778158648769395,,,,,,,,,0.25842881202697754,6.205342597744645,,,,,0.2265324592590332,0.7249620775397746,,,4,4
2019-12-14 00:00:00+00:00,,,0.12311530113220215,-2.5754816546453863,0.3707287907600403,0.5702324705909071,,,,,,,,,0.37757766246795654,18.247573228582446,,,,,0.18812906742095947,0.8632618415986097,,,5,5
2019-12-14 06:00:00+00:00,,,0.11971265077590942,-0.7634430982200503,,,,,0.5978089570999146,4.1015715310772,,,,,0.1416093111038208,-5.915785813805118,,,,,0.15007257461547852,2.765614483232237,,,6,6
2019-12-14 12:00:00+00:00,,,0.12423032522201538,-5.568416402901104,,,,,0.5896332263946533,6.405728353131436,,,,,0.19100558757781982,3.5618252018414416,,,,,0.12636792659759521,0.49806290604737025,,,6,6
2019-12-14 18:00:00+00:00,,,0.14714676141738892,-1.129044294983479,,,,,0.2762429714202881,3.606656184885502,,,,,0.21972763538360596,1.4910485693930535,,,,,0.24783694744110107,0.7836572880400298,,,6,6
2019-12-15 00:00:00+00:00,,,0.15758144855499268,-18.040516061969274,,,,,0.15363430976867676,0.7876563399200782,,,,,0.22637104988098145,3.0508935258942316,,,,,0.19580841064453125,0.6965396014711516,,,5,5
2019-12-15 06:00:00+00:00,,,0.17592298984527588,-6.642807086681214,,,,,0.2180347442626953,12.687946111701308,,,,,0.24588477611541748,6.381157362969163,,,,,0.20113837718963623,0.4967303310914008,,,6,6
2019-12-15 12:00:00+00:00,,,0.14054036140441895,-0.9855349482288822,,,,,0.111214280128479,-1.5568606329274652,,,,,0.3138298988342285,6.138320663981881,,,,,0.26961469650268555,1.1512869371621308,,,6,6
2019-12-15 18:00:00+00:00,,,0.08937305212020874,6.894079402918696,,,,,0.17111504077911377,4.06955847632743,,,,,0.2560873031616211,6.099523898346868,,,,,0.2271479368209839,1.6108211240356078,,,5,5
2019-12-16 00:00:00+00:00,,,0.05780750513076782,27.3597085890231,,,,,0.011066019535064697,-2.484415908251603,,,,,0.4362149238586426,11.689055514449871,,,,,0.1646575927734375,3.8815897124025587,,,6,6
2019-12-16 06:00:00+00:00,,,0.12327331304550171,-0.8552959525457576,,,,,0.2592989206314087,7.625171555695637,,,,,0.36830973625183105,3.401887908564869,,,,,0.2108978033065796,1.6020706169482428,,,6,6
2019-12-16 12:00:00+00:00,,,0.17126691341400146,-0.5482695074974286,,,,,0.09207034111022949,-1.6908907026407745,,,,,0.35679328441619873,5.950126464524923,,,,,0.19906747341156006,6.396937580974296,,,6,6
2019-12-16 18:00:00+00:00,,,0.12862157821655273,-3.538428660317262,,,,,0.1597501039505005,2.406454259853387,,,,,0.3413909673690796,11.072058866970714,,,,,0.15509343147277832,1.7538823332498452,,,5,4
2019-12-17 00:00:00+00:00,,,0.12613826990127563,-5.214375153553857,,,,,0.05213320255279541,-1.609940202636735,,,,,0.3180811405181885,4.6213467010329605,,,,,0.1519606113433838,3.7356952582780414,,,4,4
2019-12-17 06:00:00+00:00,,,0.13893210887908936,-0.5147990597526502,,,,,0.09104800224304199,-2.881453247058456,,,,,0.3422842025756836,8.324542922372643,,,,,0.15874814987182617,1.599719457572111,,,4,4
2019-12-17 12:00:00+00:00,,,0.12475597858428955,-2.3456335287177743,0.3565908670425415,0.38413877690197595,,,0.28730976581573486,-1.4489421430563227,,,,,,,0.29292988777160645,6.887888845571872,,,0.22055232524871826,1.394184019768031,,,6,6
2019-12-17 18:00:00+00:00,,,0.05513709783554077,0.5592433838618309,0.26844221353530884,0.9258818834646382,,,,,,,,,,,0.30815160274505615,8.527176432262602,,,0.17275762557983398,2.5023239147908156,,,5,4
2019-12-18 00:00:00+00:00,,,0.14555060863494873,-0.1630410021123014,0.294126033782959,0.18398508542097575,,,,,,,,,,,0.30523979663848877,4.468030844530841,,,0.1244741678237915,1.0622739770601046,,,4,4
2019-12-18 06:00:00+00:00,,,0.1253259778022766,-1.3810116669795438,0.19691628217697144,0.48062295974273095,0.27672648429870605,1.2921171518163688,,,,,,,,,0.2143549919128418,1.6900846645311198,,,0.17838454246520996,3.6428165047141987,,,5,5
2019-12-18 12:00:00+00:00,,,0.14395999908447266,-2.262076399059259,,,0.07309949398040771,0.06630866643409444,,,,,,,,,0.11148321628570557,0.5420922118365316,,,0.19550025463104248,3.6324337595379315,,,5,4
2019-12-18 18:00:00+00:00,,,0.1408621072769165,-1.4247024483177586,,,0.03170883655548096,-0.7702720971854555,,,,,,,,,0.18593955039978027,0.7302775606414617,,,0.19377517700195312,2.866221221412419,,,5,4
2019-12-19 00:00:00+00:00,,,0.13320374488830566,-0.6899371439745343,,,0.09881460666656494,0.4973670205012124,,,,,,,,,0.29237890243530273,-0.10342340334714947,,,0.13592636585235596,1.5115955583823006,,,5,4
2019-12-19 06:00:00+00:00,,,0.13625013828277588,-2.59110921414812,,,0.28315526247024536,-3.302099746222927,,,,,,,,,0.047994136810302734,-0.4034985503549678,,,0.1892075538635254,2.2403799471013364,,,7,5
2019-12-19 12:00:00+00:00,,,0.16161447763442993,-1.1770699295622744,0.16743767261505127,0.5575915584010743,,,0.29133421182632446,0.5405806849891824,,,,,,,0.024458646774291992,-0.2541096217295936,,,0.12074100971221924,1.9793307488776448,,,5,5
2019-12-19 18:00:00+00:00,,,0.14475184679031372,-0.8029138716746481,,,,,0.1878906488418579,-7.068022400708039,,,,,,,0.23459362983703613,2.286013627164844,,,0.19052278995513916,3.5282173407653943,,,4,4
2019-12-20 00:00:00+00:00,,,0.16327697038650513,-1.8408825494151972,,,,,0.38558298349380493,-4.143093873663675,,,,,,,0.4210933446884155,1.2410162240252,,,0.13643240928649902,1.3081909502408828,,,4,4
2019-12-20 06:00:00+00:00,,,0.14455854892730713,-1.4509822934324306,,,,,0.3083667755126953,-7.160512681330952,,,,,,,,,,,0.20309877395629883,2.6477884187477567,,,3,3
2019-12-20 12:00:00+00:00,,,0.1612449288368225,-2.4962784950894825,,,,,0.07936376333236694,-1.6063487615533396,,,,,,,,,,,0.16493892669677734,0.7685389508666917,,,3,3
2019-12-20 18:00:00+00:00,,,0.1656125783920288,-1.0798858604588735,,,,,0.18426895141601562,-6.223833125503026,,,,,,,,,,,0.17914509773254395,5.171667956096144,,,3,3
2019-12-21 00:00:00+00:00,,,0.0817604660987854,-0.7615405615774563,,,,,0.2799830436706543,-6.877771222084217,,,,,,,,,,,0.11720860004425049,1.0494678762398602,,,3,3
2019-12-21 06:00:00+00:00,,,0.0994182825088501,-0.5280295828226536,,,,,0.3523814082145691,-4.679843172460996,,,,,,,,,,,0.21314597129821777,0.3362563126894852,,,3,3
2019-12-21 12:00:00+00:00,,,0.13070940971374512,-0.7270199928640071,,,,,0.21636998653411865,-3.238386143313685,,,,,,,,,,,0.14960861206054688,2.8585118560005984,,,4,4
2019-12-21 18:00:00+00:00,,,0.13033634424209595,-3.774365676364861,,,,,0.22150391340255737,-3.8512549210768925,,,,,,,,,,,0.16303730010986328,1.6190642232505466,,,3,3
2019-12-22 00:00:00+00:00,,,0.163488507270813,-2.9695006585983554,0.036520302295684814,0.14713090422765152,,,0.2841687798500061,-5.6054126963805855,,,,,,,,,,,0.16234123706817627,1.9780444564476765,,,4,4
2019-12-22 06:00:00+00:00,,,0.22636574506759644,-19.452210579508098,0.16120028495788574,1.9868490523214815,,,0.273166298866272,-10.889836884316443,,,,,,,,,,,0.1417790651321411,1.1080075078538616,,,4,4
2019-12-22 12:00:00+00:00,,,0.17198818922042847,-2.2067557302993106,,,,,0.2797340154647827,-4.925648416406379,,,,,,,,,,,0.1761915683746338,1.039000137701141,,,3,3
2019-12-22 18:00:00+00:00,,,0.1371578574180603,-1.5910493878020462,,,,,0.19043397903442383,-5.992148033216636,,,,,,,,,,,0.1715923547744751,0.9279934283172339,,,4,3
2019-12-23 00:00:00+00:00,,,0.12193477153778076,-1.9443294874282164,,,,,0.31777310371398926,-9.754718770293033,,,,,,,,,,,0.16066229343414307,1.7417780966316485,,,3,3
2019-12-23 06:00:00+00:00,,,0.1653609275817871,-1.2251819873387175,,,,,0.22142523527145386,-4.362968616489303,,,,,,,,,,,0.10693883895874023,0.19809434128204353,,,3,3
2019-12-23 12:00:00+00:00,,,0.13613003492355347,-2.8084645601839657,,,,,0.263383686542511,-9.66748550996222,,,,,,,,,,,0.13171672821044922,1.3112620663113077,,,3,3
2019-12-23 18:00:00+00:00,,,0.15889573097229004,-1.7654562424306137,,,,,,,0.35603803396224976,-3.855018521302847,,,,,,,,,0.16944396495819092,3.282040292493864,,,4,3
2019-12-24 00:00:00+00:00,,,0.10304921865463257,-2.0006247282119687,,,,,,,0.18210166692733765,-4.678928783583037,,,,,,,,,0.16368567943572998,4.6421620962862695,,,3,3
2019-12-24 06:00:00+00:00,,,0.13260197639465332,-23.98469445914452,,,,,,,0.25683462619781494,-0.0010416938409083688,,,,,,,,,0.17303192615509033,1.9848345159358483,,,4,3
2019-12-24 12:00:00+00:00,,,0.14405375719070435,-8.596049320770888,0.4197460412979126,-2.5337028489276547,,,,,0.21230655908584595,-0.5805540263867022,,,,,,,,,0.19901823997497559,2.4498219922918048,,,5,5
2019-12-24 18:00:00+00:00,,,0.10846561193466187,-0.9849238531006759,,,,,,,0.3784959316253662,-5.976452784924574,,,,,,,,,0.1887035369873047,3.506538746026188,,,4,4
2019-12-25 00:00:00+00:00,,,0.14254605770111084,-0.8239807492948553,,,,,,,0.10897761583328247,-7.9206522534870185,,,,,,,,,0.17964839935302734,1.6205011521614705,,,3,3
2019-12-25 06:00:00+00:00,,,0.19000232219696045,-3.0259040792442207,,,,,,,0.11990940570831299,-0.5096441612632645,,,,,,,,,0.18699991703033447,0.6058807552736175,,,3,3
2019-12-25 12:00:00+00:00,,,0.1571013331413269,-2.271875805487113,,,,,,,0.014482975006103516,-2.010438319714015,,,,,,,,,0.19768750667572021,2.2912520372480687,,,3,3
2019-12-25 18:00:00+00:00,,,0.11768031120300293,-2.310664909001796,,,,,,,0.34883391857147217,0.10246360927291918,,,,,,,,,0.12190687656402588,1.0274672314113753,,,3,3
2019-12-26 00:00:00+00:00,,,0.20403355360031128,-16.351493010100196,,,,,,,0.11681580543518066,-0.3090563120620866,,,,,,,,,0.10047614574432373,1.7164330531964553,,,3,3
2019-12-26 06:00:00+00:00,,,0.1334494948387146,-9.25332978365541,,,,,,,,,,,,,,,,,0.18249642848968506,1.401126036345164,,,2,2
2019-12-26 12:00:00+00:00,,,0.10804921388626099,-0.7137350908240115,,,,,,,,,,,,,,,,,0.20778954029083252,1.2966097426007421,,,2,2
2019-12-26 18:00:00+00:00,,,0.16629952192306519,-22.734144141476474,,,,,,,,,,,,,,,,,0.20043742656707764,0.5771037626290498,,,3,3
2019-12-27 00:00:00+00:00,,,0.15203094482421875,-2.802545133356019,,,,,,,,,,,,,,,,,0.15783870220184326,1.1318862200211959,,,2,2
2019-12-27 06:00:00+00:00,,,0.17864012718200684,-2.5753144843789744,0.44212663173675537,-0.753855911156,,,,,,,,,,,,,,,0.17099595069885254,1.4921315490656128,,,3,3
2019-12-27 12:00:00+00:00,,,0.2186257243156433,-8.45019920445246,0.35285019874572754,0.3699963612673517,,,,,,,,,,,,,,,0.13723552227020264,0.5178647742910086,,,4,4
2019-12-27 18:00:00+00:00,,,0.12915265560150146,-5.720205115997045,,,,,,,,,,,,,,,,,0.15471065044403076,0.2590477386423801,,,4,3
2019-12-28 00:00:00+00:00,,,0.14500373601913452,-2.5537818878252194,,,,,,,,,,,,,,,,,0.16838550567626953,0.42064462930724383,,,2,2
2019-12-28 06:00:00+00:00,,,0.21852588653564453,-32.34985685488846,,,,,,,,,,,,,,,,,0.14764559268951416,1.9962324566928384,,,3,2
2019-12-28 12:00:00+00:00,,,0.18634897470474243,-16.539895737807957,,,,,,,,,,,,,,,,,0.19907832145690918,2.3077298880571178,,,2,2
2019-12-28 18:00:00+00:00,,,0.13525116443634033,-2.6701227191029813,,,,,,,,,,,,,,,,,0.15233826637268066,2.182897448512942,,,2,2
2019-12-29 00:00:00+00:00,,,0.16829049587249756,-5.284941989502828,,,,,,,,,,,,,,,,,0.15440917015075684,0.5656079095875952,,,2,2
2019-12-29 06:00:00+00:00,,,0.12241864204406738,-9.998877507613734,,,,,,,,,,,,,,,,,0.13273334503173828,1.150966747027394,0.0011625289916992188,0.5378480414900393,3,3
2019-12-29 12:00:00+00:00,,,0.14677590131759644,-4.758493551055726,,,,,,,,,,,,,,,,,0.2235010862350464,3.118289584068967,,,2,2
2019-12-29 18:00:00+00:00,,,0.175892174243927,-3.723857601371965,,,,,,,,,,,,,,,,,0.17873823642730713,2.6799680861258683,,,2,2
2019-12-30 00:00:00+00:00,,,0.2028399109840393,-28.26013226429866,,,,,,,,,,,,,,,,,0.12720990180969238,0.4159615502474122,,,2,2
2019-12-30 06:00:00+00:00,,,0.1516479253768921,-2.400839918104223,,,,,,,,,,,,,,,,,0.10519826412200928,0.563027319648234,,,2,2
2019-12-30 12:00:00+00:00,,,0.19283902645111084,-2.6395126600574006,,,,,,,,,,,,,,,,,0.19657552242279053,0.9749463957081859,,,2,2
2019-12-30 18:00:00+00:00,,,0.13178831338882446,-2.139941119253504,,,,,,,,,,,,,,,,,0.2099308967590332,1.6942555692791783,,,2,2
2019-12-31 00:00:00+00:00,,,0.16658329963684082,-1.5419362597460877,,,,,,,,,,,,,,,,,0.14338183403015137,0.7875917212131274,,,2,2
2019-12-31 06:00:00+00:00,,,0.16261345148086548,-1.9799886739820902,,,,,,,,,,,,,,,,,0.10948121547698975,1.9503341772836653,,,2,2
2019-12-31 12:00:00+00:00,,,0.167289137840271,-3.474680084476692,,,,,,,,,,,,,,,,,0.1654437780380249,0.9703271366396521,,,2,2
2019-12-31 18:00:00+00:00,,,0.1476736068725586,-7.272732850930053,0.46731841564178467,-5.438052206011533,,,,,,,,,,,,,,,0.16705000400543213,0.4747859106447121,,,3,3
