timestamp,R2_1_1,skew_1_1,R2_1_2,skew_1_2,R2_1_3,skew_1_3,R2_2_1,skew_2_1,R2_2_2,skew_2_2,R2_2_3,skew_2_3,R2_3_1,skew_3_1,R2_3_2,skew_3_2,R2_3_3,skew_3_3,R2_4_1,skew_4_1,R2_4_2,skew_4_2,R2_4_3,skew_4_3,n_ch_total,n_ch_kept
2017-01-01 00:00:00+00:00,,,,,,,,,0.26037275791168213,-17.77904876617009,0.08110332489013672,-1.3284250342993735,,,,,,,,,0.14638853073120117,3.737223651445457,,,4,4
2017-01-01 06:00:00+00:00,,,,,,,,,0.24707216024398804,-10.357135331878684,,,,,,,,,,,0.15945684909820557,2.723393636085545,,,3,3
2017-01-01 12:00:00+00:00,,,,,,,,,0.26226603984832764,-17.347765028930038,,,,,,,,,,,0.12131154537200928,1.6312249087882231,,,3,3
2017-01-01 18:00:00+00:00,,,,,,,,,0.24642807245254517,-10.726329528934254,,,,,,,,,,,0.1025545597076416,1.4390285797193945,,,3,3
2017-01-02 00:00:00+00:00,,,,,,,,,0.24101585149765015,-20.331632221024076,,,,,,,,,,,0.06292939186096191,0.7241429252855616,,,3,3
2017-01-02 06:00:00+00:00,,,,,,,,,0.2493944764137268,-5.868131092247241,,,,,,,,,,,0.1574321985244751,1.9593194718989222,,,3,3
2017-01-02 12:00:00+00:00,,,,,,,,,0.25994396209716797,-11.20926433660594,,,,,,,,,,,,,0.16584289073944092,3.657868468483348,3,3
2017-01-02 18:00:00+00:00,,,,,,,,,0.27111196517944336,-11.920836440861047,0.18816089630126953,-1.0461311227040722,,,,,,,,,,,0.21318161487579346,3.0439226667167456,5,4
2017-01-03 00:00:00+00:00,,,,,,,,,0.2512466311454773,-33.94538813790998,0.30609631538391113,-1.8009569470783293,,,0.4028337597846985,-6.354904034479571,,,,,,,0.12340080738067627,1.093535041643826,5,5
2017-01-03 06:00:00+00:00,,,,,,,0.2949028015136719,-0.6995408038909414,0.2731832265853882,-8.925839155852787,0.20516616106033325,-3.441821139428498,,,,,,,,,0.029558181762695312,0.3472146887104801,0.08081173896789551,0.5676221221173575,5,5
2017-01-03 12:00:00+00:00,,,,,,,0.14900648593902588,1.7942137972808012,0.29009801149368286,-11.812536882920275,0.668917715549469,-6.682038500807491,,,,,,,,,0.126930832862854,0.5113703944182887,0.04615640640258789,0.5247128694197947,5,5
2017-01-03 18:00:00+00:00,,,,,,,0.07074332237243652,0.1926057771085759,0.27460551261901855,-11.726681246234682,,,,,,,,,,,0.14216434955596924,0.752628577636947,0.12204265594482422,0.15900659641927437,4,4
2017-01-04 00:00:00+00:00,,,0.26974499225616455,-0.34434133685745644,,,0.13445138931274414,7.348473995762353,0.2956160306930542,-14.033154720934702,,,,,,,,,,,0.036537766456604004,0.29559926388924257,0.01468038558959961,-0.16437231888513562,5,5
2017-01-04 06:00:00+00:00,,,,,,,0.09914469718933105,1.7116302474438,0.27938079833984375,-6.943581540414316,,,,,,,,,0.09110629558563232,0.059494660001936366,,,0.036502957344055176,-0.15956803514213092,5,5
2017-01-04 12:00:00+00:00,,,,,,,0.17705905437469482,4.296807616267071,0.2795650362968445,-7.985505797632655,,,,,,,,,,,,,0.1263418197631836,0.10683434908838801,3,3
2017-01-04 18:00:00+00:00,,,,,,,0.2093104124069214,6.661061781195916,0.2567852735519409,-10.141667477951177,,,,,,,,,0.4398024082183838,0.019521174130963617,0.09520936012268066,0.48778998927883715,0.014261841773986816,-0.09433796100270908,5,5
2017-01-05 00:00:00+00:00,,,,,,,0.19492220878601074,3.2550829461066186,0.2713507413864136,-8.46998920670078,,,,,,,,,0.11514019966125488,0.1290872500661825,0.26458919048309326,0.4271985429011366,0.2325565218925476,-6.120129716584566,7,7
2017-01-05 06:00:00+00:00,,,,,,,0.15679192543029785,4.1277224675966675,0.2555543780326843,-8.528396842111116,,,,,,,,,,,0.19863104820251465,0.32048688759978106,0.005278348922729492,0.1594460455108121,5,5
2017-01-05 12:00:00+00:00,,,,,,,0.2323237657546997,6.795472907007994,0.2538231611251831,-6.852410347774343,,,,,,,,,,,0.09234809875488281,-0.03319212530840292,0.11411643028259277,0.23568220794918346,5,5
2017-01-05 18:00:00+00:00,,,,,,,0.19651079177856445,8.585251544710497,0.24445027112960815,-7.324362071778428,,,,,,,,,,,0.016820311546325684,0.03510011214971872,0.2061523199081421,-0.18337363862163236,5,4
2017-01-06 00:00:00+00:00,,,0.24032098054885864,-8.317871952112968,,,0.32543230056762695,11.504862662168405,,,,,,,,,0.2001628279685974,-9.929630272376786,,,0.06727766990661621,-0.0622444281714233,0.4686545133590698,0.9203189404143827,5,5
2017-01-06 06:00:00+00:00,,,0.2620308995246887,-9.182892449858857,,,,,0.2666412591934204,15.432215029041497,0.24698203802108765,-5.0253220387256565,,,,,0.15856653451919556,-2.9886439589265517,,,0.2184605598449707,0.1142530862307696,0.5481516420841217,-0.8903654697496077,8,8
2017-01-06 12:00:00+00:00,,,,,0.26236653327941895,-9.941684402517676,,,0.2600536346435547,5.466936201803308,,,,,,,,,,,0.0007617473602294922,0.09733696813305968,,,3,3
2017-01-06 18:00:00+00:00,,,,,0.24285191297531128,-9.627015644975947,,,0.22305870056152344,3.1123215906220643,,,,,,,0.041291892528533936,0.18879840474382711,,,0.10286009311676025,0.0684229459905906,,,4,4
2017-01-07 00:00:00+00:00,,,,,0.2415527105331421,-16.806526398902573,,,0.2382737398147583,12.912567498882169,0.03856766223907471,-2.2146861088207954,,,,,,,,,0.07131189107894897,0.3780711430367777,,,5,4
2017-01-07 06:00:00+00:00,,,,,0.2635802626609802,-9.684521007154729,,,0.36593151092529297,14.78708114427872,0.09045732021331787,-2.7039009280495496,,,,,,,,,0.023606419563293457,-0.058799639978517476,,,4,4
2017-01-07 12:00:00+00:00,,,,,0.23227930068969727,-5.836914804909485,,,0.3651144504547119,8.430774100375675,,,,,,,,,,,0.01947176456451416,-0.16009251214976378,,,3,3
2017-01-07 18:00:00+00:00,,,,,0.23621344566345215,-4.4924009866615195,,,0.428066611289978,15.49809113334189,,,,,,,,,,,0.016553938388824463,0.42679684660331324,,,3,3
2017-01-08 00:00:00+00:00,,,,,0.22441643476486206,-5.750046103362509,,,0.37234020233154297,7.868368756092094,,,0.25672709941864014,0.22874012705027846,,,,,,,0.1790485382080078,0.1288771022414173,,,5,4
2017-01-08 06:00:00+00:00,,,,,0.2847130298614502,-5.8670167487735645,,,0.28144991397857666,9.117427668657992,,,0.07355308532714844,1.8649720100640208,,,,,0.14079874753952026,-0.3229314427742193,0.16955697536468506,0.0530306986695647,,,5,5
2017-01-08 12:00:00+00:00,,,,,0.23225682973861694,-4.639245885196757,,,0.21261727809906006,4.052017755766005,,,0.13594937324523926,0.6283480609384425,,,,,0.13045942783355713,0.549841487909991,0.05295276641845703,-0.2422891163857041,,,5,5
2017-01-08 18:00:00+00:00,,,,,0.23193418979644775,-20.768771207963194,,,0.22739338874816895,3.515276757873575,,,0.0013996362686157227,1.5618145931831169,,,,,0.00637364387512207,-0.061583955426814566,0.04878324270248413,-0.3777569582686224,,,5,5
2017-01-09 00:00:00+00:00,,,,,0.1966150999069214,-3.1184154827170176,,,0.20097434520721436,0.004025985855727322,,,0.23217999935150146,3.939060052281772,,,,,0.0692751407623291,0.08885261889043061,0.06692302227020264,0.04400048607437592,,,5,5
2017-01-09 06:00:00+00:00,,,,,0.21142852306365967,-2.432267567162757,,,0.37109410762786865,12.392341874499635,,,0.22274303436279297,13.79707975374632,,,,,0.16839540004730225,0.1522001989513913,0.06820118427276611,-0.19075670032955264,,,5,5
2017-01-09 12:00:00+00:00,,,,,0.1405150294303894,-1.9373917133109186,,,0.3219400644302368,12.679754579639916,,,0.22946906089782715,11.073761576830103,,,,,0.23976540565490723,21.104133336031644,0.2594573497772217,1.4860462472148375,,,5,5
2017-01-09 18:00:00+00:00,,,,,0.2155165672302246,-33.81193951891039,,,0.33342504501342773,8.49756360924409,,,0.043534159660339355,2.1740915825172378,,,,,0.10483229160308838,0.13042441141623393,0.34247148036956787,0.600524537292087,,,5,5
2017-01-10 00:00:00+00:00,,,,,0.2063794732093811,-34.25894865606826,,,0.31576263904571533,9.664649423277702,,,0.21458148956298828,21.571437820843126,,,,,0.03340029716491699,1.3700385433334272,0.18872618675231934,0.02685121516394048,,,5,5
2017-01-10 06:00:00+00:00,,,0.21539705991744995,-2.1346475823572355,,,,,0.43089330196380615,10.740492669375081,,,0.16410470008850098,2.4608783968715735,,,,,0.057530760765075684,0.8624904640230853,0.06128114461898804,-1.1336160478636923,,,5,5
2017-01-10 12:00:00+00:00,,,0.2454354166984558,-2.8501786273655116,0.16047906875610352,-2.283762883996805,0.4138321280479431,-0.3838883123983483,0.08154129981994629,-0.6058471054978575,,,0.1826704740524292,4.731961548776955,0.2877260446548462,5.210188306951138,,,0.09636592864990234,0.08413096513318356,0.2421250343322754,-0.13330661978300007,,,8,8
2017-01-10 18:00:00+00:00,,,0.2267054319381714,-3.026051841853338,,,0.15492582321166992,0.9078976472775683,,,0.20782727003097534,-11.606836761306472,0.14759767055511475,1.4550822386773543,0.25656092166900635,4.0539594239465675,,,0.058511972427368164,1.1295927888437058,,,,,7,7
2017-01-11 00:00:00+00:00,,,0.22226959466934204,-2.817882776527948,,,0.26532816886901855,1.3897264139074492,,,0.09188848733901978,-0.01925197497916832,0.13191282749176025,0.45853082492093133,0.2502889633178711,8.921170852810171,0.075347900390625,-0.5825243207586883,0.03135538101196289,0.38155250346554903,,,,,8,8
2017-01-11 06:00:00+00:00,,,0.23268216848373413,-12.38600837655394,,,0.05115872621536255,-0.29543262701488376,,,0.3366349935531616,-0.10441012043851482,0.2215273380279541,1.2549873379492624,0.29284894466400146,7.815083754802235,0.14281761646270752,-0.07379523034771256,0.11900794506072998,0.35383429793868154,,,,,7,7
2017-01-11 12:00:00+00:00,,,0.29253721237182617,-3.8168092144714043,,,0.19380152225494385,2.801629295059898,,,6.496906280517578e-05,1.2362032171665551,0.21957695484161377,7.090307139563021,0.16009247303009033,6.192993709609656,0.048388898372650146,-0.6834109870017531,0.06087291240692139,1.2414108526022232,,,,,8,8
2017-01-12 00:00:00+00:00,,,0.2185327410697937,-2.4758892275084623,,,0.24912428855895996,5.642830210228018,,,,,0.2237914800643921,13.419434230434943,0.15559804439544678,1.2934239977987587,0.14094054698944092,0.18538278741073044,,,0.1993035078048706,2.4333419851756477,,,7,7
2017-01-12 06:00:00+00:00,,,0.2869511842727661,-4.318543918797527,,,0.2439800500869751,8.54950914646945,,,,,0.23809349536895752,2.58081925578338,0.2334589958190918,3.2271331537214056,0.006323456764221191,0.5004501855158573,,,0.10741961002349854,1.6642660889279592,,,8,7
2017-01-12 12:00:00+00:00,,,0.22553497552871704,-2.5269332206934974,,,0.23000037670135498,6.201511440512325,,,,,0.09887182712554932,1.1553968811430153,0.25876331329345703,8.48116917412501,0.15631109476089478,0.2948440102753418,,,0.14055263996124268,1.5156464542761963,,,7,7
2017-01-12 18:00:00+00:00,,,0.22554123401641846,-2.9698064692331796,,,0.24967288970947266,6.84622310509439,,,,,0.1230475902557373,1.3978629297624032,0.19892477989196777,5.867474064664046,0.07962167263031006,0.9450761696729907,,,0.1331568956375122,1.170508934870121,,,8,8
2017-01-13 00:00:00+00:00,,,0.2409900426864624,-1.6394640078887757,,,0.25942671298980713,5.562332445162889,,,,,0.22130703926086426,6.038238316117288,0.3023334741592407,10.452805784210899,0.22354817390441895,0.1479423547053232,,,0.15306329727172852,2.8039680652503476,,,7,7
2017-01-13 06:00:00+00:00,,,0.3007836937904358,-3.805316457416711,,,0.2044074535369873,9.595348943825327,,,,,,,0.22363507747650146,12.046569769629283,0.00979238748550415,-0.6363688148848647,,,0.14495372772216797,0.734401515683679,,,6,6
2017-01-13 12:00:00+00:00,,,0.2771086096763611,-4.244824426856534,,,0.26588404178619385,10.364956986022765,,,,,0.13197457790374756,-0.26195447745363826,0.29920172691345215,13.616018488547148,0.28541088104248047,1.085164135444011,,,0.12902450561523438,1.297629403522347,,,6,6
2017-01-13 18:00:00+00:00,,,0.22506511211395264,-4.576670144166679,,,0.18181276321411133,2.5073731607678496,,,,,,,0.21173667907714844,2.767925449541197,0.13797485828399658,0.8515946897512622,,,0.12575829029083252,2.2184783139019957,,,7,7
2017-01-14 00:00:00+00:00,,,0.20572465658187866,-3.1468951817988176,,,0.23922085762023926,11.633528771778934,,,,,,,0.25192534923553467,9.97664412209629,0.2031879425048828,0.3618728809311178,,,0.09235692024230957,1.0321328482353436,,,8,8
2017-01-14 06:00:00+00:00,,,0.1965712308883667,-1.7252936461967063,,,0.2694694995880127,15.799499096023693,,,,,,,0.2839096784591675,7.15135561530286,,,,,0.13228750228881836,1.0999884302698113,,,8,8
2017-01-14 12:00:00+00:00,,,0.26781976222991943,-1.5335324447603813,,,0.2586454153060913,13.166006772290917,,,,,,,0.13651227951049805,-2.0697509400234426,,,,,0.0768880844116211,-34.46770697874015,,,8,8
2017-01-14 18:00:00+00:00,,,0.13470906019210815,-2.4188289531826666,,,,,0.22513020038604736,10.156060377720955,,,,,0.1195375919342041,1.7519616966754599,,,,,0.15274834632873535,2.01049483898898,,,8,8
2017-01-15 00:00:00+00:00,,,0.20452433824539185,-0.8473253244441841,,,,,0.3009312152862549,12.696806762046542,,,,,0.12187433242797852,2.9801960050883056,0.17699790000915527,-2.245638949315958,,,0.1336153745651245,1.9574063617221635,,,8,8
2017-01-15 06:00:00+00:00,,,0.11986660957336426,-1.0459954161852196,,,,,0.2731271982192993,12.195591226333999,,,,,0.2483053207397461,6.8307584372504735,0.26923584938049316,3.5720163914170606,,,0.15399670600891113,1.3802328406004893,,,9,9
2017-01-15 12:00:00+00:00,,,0.20810431241989136,-2.332389977483096,,,,,0.34296584129333496,17.818345975621504,,,,,0.20750045776367188,4.347533790019843,0.2214667797088623,1.8285448556551114,,,0.14873647689819336,1.4542629488214454,,,10,10
2017-01-15 18:00:00+00:00,,,,,0.2104002833366394,-2.212369052844035,,,0.2936598062515259,7.562198263349251,,,,,0.17903542518615723,1.486653565022957,0.4354652166366577,1.3348834737810962,,,0.10829043388366699,-0.09702495989279544,,,8,8
2017-01-16 00:00:00+00:00,,,,,0.16094088554382324,-2.748607071259543,,,0.313220739364624,10.296321836350957,,,,,0.30124354362487793,13.089948624357367,0.3683227300643921,0.6322557552663374,,,0.15492594242095947,2.165025691554264,,,7,7
2017-01-16 06:00:00+00:00,,,,,0.3075447678565979,-29.326591945180095,,,0.29306840896606445,8.971671329264304,,,,,0.19422948360443115,4.497028992753263,0.22604870796203613,0.20660642064153942,,,0.15120327472686768,3.6625506306286812,,,7,7
2017-01-16 12:00:00+00:00,,,,,0.22384780645370483,-1.6831289465590435,,,0.37089717388153076,12.638979800656562,,,,,0.19883036613464355,6.6066492194064175,0.4150813817977905,1.2358716362095143,,,0.15681028366088867,1.8690820314019159,,,7,7
2017-01-16 18:00:00+00:00,,,,,0.1471995711326599,-1.8415416351713023,,,0.3590608835220337,14.063661475196545,,,,,0.1613990068435669,1.8346494437282306,,,,,0.13383984565734863,0.8591919997253419,,,5,5
2017-01-17 00:00:00+00:00,,,,,0.2843594551086426,-4.319346898691814,,,0.37184667587280273,12.746076412225166,,,,,0.006476044654846191,0.9546455046410726,,,,,0.0795670747756958,0.8622142153514645,,,5,5
2017-01-17 06:00:00+00:00,,,,,0.3009459972381592,-2.701394050518492,,,0.2997056245803833,11.40367224772816,,,,,0.2711756229400635,2.3934152055711304,,,,,0.15269064903259277,3.330200590982293,,,6,6
2017-01-17 12:00:00+00:00,,,,,0.47446346282958984,-27.28366479134782,,,0.40325677394866943,13.191481258731663,,,,,0.43650734424591064,4.4591603235596216,,,,,0.17881357669830322,5.3294505988044625,,,4,4
2017-01-17 18:00:00+00:00,,,,,0.05713176727294922,18.169447654105273,,,0.3328273296356201,10.285397991673872,,,,,0.14252424240112305,1.1801694994645964,,,,,0.10176873207092285,1.196355339519477,,,4,4
2017-01-18 00:00:00+00:00,,,,,0.2510952949523926,-1.1414195130452311,,,0.29392194747924805,11.148739429376631,,,,,0.029533445835113525,0.06128864512254497,,,,,0.14267730712890625,0.6789561747280863,,,4,4
2017-01-18 06:00:00+00:00,,,,,0.10674959421157837,-0.7677134730968828,,,0.3157496452331543,8.428782017014752,,,,,,,0.11185276508331299,0.5533403386289496,,,0.174932599067688,1.6476759155686072,,,4,4
2017-01-18 12:00:00+00:00,,,,,0.05525451898574829,16.922763554801925,,,0.32486724853515625,11.94699116254065,,,,,,,0.24990439414978027,0.28518205499851007,,,0.17618751525878906,1.0896673871114149,,,4,4
2017-01-19 00:00:00+00:00,0.09375554323196411,-0.30948374437692633,,,0.01940906047821045,0.6610246683231804,,,0.37557756900787354,10.53624601464748,0.2773939371109009,12.088479219253484,,,,,0.21833574771881104,0.8681752488123501,,,0.1966170072555542,3.8686014217776354,,,7,7
2017-01-19 06:00:00+00:00,0.3326071500778198,-0.42789230911981546,,,0.42253512144088745,-0.26127077150302563,,,0.3290048837661743,6.266929053834154,0.3153872489929199,6.782855617112443,,,,,0.23872661590576172,0.39206708668579,,,0.07197082042694092,0.34830558975244696,,,7,7
2017-01-19 12:00:00+00:00,,,,,0.6895987689495087,-13.860016129327736,,,0.324268102645874,14.258827030716388,0.19980478286743164,5.653193246683283,,,,,0.061643004417419434,-1.9474244212694334,0.11426687240600586,2.175903742284316,0.15977931022644043,1.912388035883779,,,6,6
2017-01-19 18:00:00+00:00,,,,,0.028197646141052246,-1.1340799832338473,0.12396395206451416,-0.7590127737943203,0.40102624893188477,11.54118740934655,0.2729834318161011,0.5632762591749961,,,,,0.0002238154411315918,-0.1256584770918925,,,0.042676687240600586,0.6480540329901393,,,6,6
2017-01-20 00:00:00+00:00,,,0.1672896146774292,15.729741527605114,,,0.22540903091430664,2.577370303152232,0.3788055181503296,13.194610952277275,,,,,,,0.3101872205734253,0.8805985893059397,,,0.054033875465393066,4.598546958455386,,,7,6
2017-01-20 06:00:00+00:00,,,0.2577427625656128,-0.6450799107755312,,,0.3680537939071655,1.0281271601149715,,,0.3846414089202881,8.947951609553042,,,,,0.201499342918396,-0.5526508823300774,,,0.12757062911987305,3.8244965333124177,,,5,5
2017-01-20 12:00:00+00:00,,,0.13851410150527954,0.35395696096687146,,,0.035445451736450195,0.714124861179446,,,0.398343563079834,11.008472577108352,,,,,,,,,0.06986987590789795,0.21129198560803752,,,4,4
2017-01-20 18:00:00+00:00,,,0.14975368976593018,0.04469503691948103,,,0.17164218425750732,2.196198475891497,,,0.30737555027008057,7.332506626702392,,,,,,,,,0.0766381025314331,1.5096074272913027,0.03434920310974121,-0.5519457549369765,5,5
2017-01-21 00:00:00+00:00,,,0.6477066278457642,-20.28123190678477,,,0.3536478281021118,3.3104444793733085,,,0.36092591285705566,8.510140666939087,,,,,,,,,0.0674210786819458,11.867156607340407,0.15358293056488037,-0.3078852052135396,5,5
2017-01-21 06:00:00+00:00,0.25092172622680664,-0.6979204251369111,,,0.6493322253227234,-0.021126416878237478,0.24899792671203613,1.4212061906440656,,,0.34524059295654297,9.287321877256986,,,,,,,,,0.08334827423095703,-0.16793493939810883,0.43589580059051514,0.20620908734750532,6,6
2017-01-21 12:00:00+00:00,0.08183157444000244,0.1642009217241402,,,,,0.1837671995162964,1.4861757584436248,,,0.383833646774292,15.608160631756713,,,,,,,,,0.08807289600372314,0.371581685883136,,,5,4
2017-01-21 18:00:00+00:00,0.2835997939109802,-0.37331111885496254,,,0.3892028331756592,-0.055573734190804115,0.2813873291015625,11.831525558455649,,,0.25620710849761963,4.179211764266223,,,,,,,,,0.05623459815979004,0.7235678514798078,,,7,6
2017-01-22 00:00:00+00:00,0.023997843265533447,-0.022996748707849107,,,0.3959321975708008,-0.328024217161867,0.21449005603790283,6.320702428298656,,,0.2874782085418701,5.364513697313212,,,,,,,,,0.00345689058303833,0.4971194736458098,,,7,6
2017-01-22 06:00:00+00:00,0.07246196269989014,-0.5685601092475404,,,,,0.257299542427063,8.490777499470054,,,0.2645294666290283,11.017855843313889,,,,,,,,,0.019678354263305664,0.33973014212489516,0.15326571464538574,0.041253762496878225,5,5
2017-01-22 12:00:00+00:00,0.23454183340072632,-0.741965578717925,,,,,,,0.23171651363372803,10.042635079221652,0.22383534908294678,4.70351578485539,,,,,,,,,0.03081536293029785,0.24960721992537743,,,4,4
2017-01-22 18:00:00+00:00,0.34907883405685425,-24.144019803628506,,,,,,,0.16103482246398926,2.2168081046706645,0.2897069454193115,8.00611391900865,,,,,,,,,0.043027400970458984,0.8576807235232464,,,6,5
2017-01-23 00:00:00+00:00,,,0.20210325717926025,-1.3011102344079999,,,,,0.21632719039916992,10.454676585878557,0.24917006492614746,2.6693233542656736,,,,,,,0.09440314769744873,0.32417117005845925,0.03408020734786987,0.018119963324682017,0.27549004554748535,-0.8245283548177015,7,7
2017-01-23 06:00:00+00:00,,,0.06608933210372925,-0.9677171306911493,,,,,0.2578127384185791,7.491537050993279,0.28982245922088623,2.9007604777073612,,,,,,,0.22730326652526855,0.0536900491887869,0.09398317337036133,1.0589155570557707,,,7,6
2017-01-23 12:00:00+00:00,,,0.2677955627441406,-1.5553150052658058,,,,,0.28513169288635254,20.133072851680684,0.3006047010421753,0.9830229804911729,,,,,,,0.12624168395996094,-0.5642785928454653,0.019587039947509766,0.22217739747806198,,,6,6
2017-01-23 18:00:00+00:00,,,0.18442505598068237,-2.829982618872761,,,,,0.2932523488998413,6.206811334576735,0.25892627239227295,0.40906623122669833,,,,,,,0.22745108604431152,4.7762933971655555,0.013260245323181152,0.11708960589309286,0.5100252628326416,0.7299567346516596,8,8
2017-01-24 00:00:00+00:00,,,0.19485509395599365,-2.454933995466498,,,,,0.24857139587402344,11.531677876799517,0.14240384101867676,0.5663155860881826,,,,,,,0.055641770362854004,0.3790262714982583,0.10656464099884033,0.12248655411700649,0.4500840902328491,0.2911077296643815,6,6
2017-01-24 06:00:00+00:00,,,0.20555078983306885,-6.106143207650238,,,0.07349169254302979,-0.17108335662015497,0.19340884685516357,8.902821561484872,0.12088918685913086,0.11269770143166108,,,,,,,0.09635305404663086,0.8749912855810755,0.14370369911193848,0.33008061195166793,,,9,8
2017-01-24 12:00:00+00:00,,,0.1795477271080017,-0.11111420656220926,,,0.14156585931777954,0.20542491021517353,0.256754994392395,8.79208498789375,0.12545406818389893,-0.45247982237488715,,,,,,,,,0.11921858787536621,3.5064755341732443,,,6,6
2017-01-24 18:00:00+00:00,,,0.22410309314727783,-1.4080159259777933,,,0.06985718011856079,-1.274936665040216,0.23969709873199463,5.336763395424833,0.24048864841461182,0.10805864785931898,,,,,,,,,0.16315221786499023,0.47855030169448204,,,5,5
2017-01-25 00:00:00+00:00,,,0.27250516414642334,-2.788353769469474,,,0.18057525157928467,-1.8261471732894297,0.2818492650985718,8.496505496210808,,,,,,,,,,,0.026811718940734863,2.91282435870715,,,4,4
2017-01-25 06:00:00+00:00,,,0.21747976541519165,-1.4182078867074697,,,0.185827374458313,-3.167755410519787,0.3129030466079712,11.585299042926936,,,,,,,,,,,0.12190884351730347,-36.442031252537674,,,4,4
2017-01-25 12:00:00+00:00,,,0.2259872555732727,-3.590958148482318,,,0.1644839644432068,-2.2538468122378994,0.2568838596343994,8.930178963507542,,,,,,,,,,,0.2251981496810913,0.9604851674660938,,,5,5
2017-01-26 00:00:00+00:00,,,0.3116621971130371,-24.15057037014195,,,0.3201172947883606,-5.74868906115491,0.364300012588501,5.4817540516323335,0.41943657398223877,2.977939361465938,,,,,,,,,0.16210341453552246,4.753517319719081,,,5,5
2017-01-26 06:00:00+00:00,,,0.3282287120819092,-3.141509453133776,,,0.3483492136001587,-15.582228853395907,0.2451937198638916,12.436208572904569,0.5016781091690063,7.664428634991656,,,,,,,,,0.10123193264007568,0.3046438910432065,0.21773040294647217,0.2514147770370335,6,6
2017-01-26 12:00:00+00:00,,,0.3054962158203125,-4.775082185053705,,,0.268765389919281,-5.736790103903326,0.23040437698364258,5.364024807419152,0.41035401821136475,1.6338107738522363,,,0.013713419437408447,-1.0250593297333837,,,,,0.12330234050750732,1.4144043485143858,0.08641338348388672,-0.42834519254953607,7,7
2017-01-26 18:00:00+00:00,,,0.22085613012313843,10.251536129989434,,,0.2659224271774292,-6.522367813432064,0.20695078372955322,7.560793203643599,0.4241842031478882,1.5715354296980526,,,,,,,,,0.18017256259918213,1.047371754638303,,,5,5
2017-01-27 00:00:00+00:00,,,0.3002663254737854,-3.5127210506285276,,,0.31089913845062256,-4.582163716676066,,,0.23195409774780273,13.964932331402897,,,,,,,,,0.15041327476501465,1.2797546145904535,,,5,5
2017-01-27 06:00:00+00:00,,,0.29610294103622437,-2.80178892123183,,,0.37302589416503906,-7.926127368355682,,,0.20591020584106445,4.43073647027914,,,,,,,,,0.14605402946472168,2.2881356217481277,,,5,5
2017-01-27 12:00:00+00:00,,,0.32566606998443604,-9.172237173226614,,,0.3140694499015808,-9.397670696397764,,,0.28367435932159424,2.5487024577192665,,,,,0.3409806489944458,1.2404804116688086,,,0.11921823024749756,3.9630999600629875,,,7,7
2017-01-27 18:00:00+00:00,,,,,,,0.2700795531272888,2.8028377583596673,,,0.25957822799682617,0.8504060082176922,0.28659093379974365,-1.5854899242664315,,,,,,,0.20960485935211182,1.4482178115317492,,,5,5
2017-01-28 00:00:00+00:00,,,,,,,0.2968170642852783,-11.477286153032717,,,0.25607097148895264,12.860777764664487,0.14459991455078125,1.2100909980902175,,,,,,,0.17588770389556885,4.635028612728511,,,5,5
2017-01-28 06:00:00+00:00,,,,,,,0.32005029916763306,-14.155033151404078,,,0.27346599102020264,1.1172508307941642,0.3794315457344055,-3.303698397853392,,,,,,,0.2380969524383545,2.4056711110992284,,,4,4
2017-01-28 12:00:00+00:00,,,,,,,,,0.3374606966972351,-9.915063698182117,0.17429494857788086,-0.21239999478870536,,,,,,,,,0.22530007362365723,2.6726585485081413,,,3,3
2017-01-28 18:00:00+00:00,,,,,,,,,0.29566168785095215,-13.753295685978472,0.3866872787475586,0.39145811927762025,,,0.3922429084777832,-3.003329430973002,,,,,0.15392887592315674,0.7373535691183062,,,4,4
2017-01-29 00:00:00+00:00,,,,,,,,,0.30056673288345337,-10.959614779738661,0.23722195625305176,0.2653777633969494,,,0.5405125617980957,-0.93546820611246,,,,,0.0978095531463623,2.09327475147453,,,4,4
2017-01-29 06:00:00+00:00,,,,,,,,,0.3770328164100647,-32.39407910277138,0.6286509037017822,0.30214438103388225,,,0.42998844385147095,-2.752713740396338,,,,,0.12756192684173584,0.6371737437747227,,,5,5
2017-01-29 12:00:00+00:00,0.22515034675598145,-0.8697716963639678,,,,,,,0.32598888874053955,-10.182551425201824,,,,,0.5927285850048065,-4.172904257739158,,,,,0.13792479038238525,0.530183353788765,,,5,5
2017-01-29 18:00:00+00:00,,,,,,,,,0.31957054138183594,-7.8977849996874525,,,,,0.46932923793792725,-7.953257757633759,,,,,0.1417299509048462,0.41686334270158504,,,4,4
2017-01-30 00:00:00+00:00,,,,,,,,,0.364931583404541,-15.787084740299537,,,,,0.465366005897522,-5.683095887330772,,,,,0.14841127395629883,-0.4851740412545172,,,3,3
2017-01-30 06:00:00+00:00,,,,,,,,,0.3424537777900696,-9.964030247703976,,,,,,,,,,,0.13169538974761963,0.5247054065507987,,,2,2
2017-01-30 12:00:00+00:00,,,,,,,,,0.3645968437194824,-13.83256546199174,,,,,,,,,,,0.024618864059448242,-40.76873579282641,,,2,2
2017-01-30 18:00:00+00:00,,,,,,,,,0.35628700256347656,-13.88837762126018,,,0.022107362747192383,0.20860184864304024,0.012292027473449707,-2.79071793446788,,,,,0.1676793098449707,2.003078958330502,,,4,4
2017-01-31 00:00:00+00:00,,,,,,,,,0.33248698711395264,-19.52782885113536,,,0.4604647755622864,-0.2289835065444505,0.3161083459854126,-10.513989355857236,,,,,0.13775479793548584,0.2581153132426371,,,5,5
2017-01-31 06:00:00+00:00,,,,,,,,,0.3692774772644043,-13.40059922346318,,,0.6498997211456299,2.3316378179876835,,,,,,,0.11763417720794678,0.07043851960360425,,,4,3
2017-01-31 12:00:00+00:00,,,,,,,,,0.3470608592033386,-22.965614626964314,,,,,0.5314901173114777,-4.5978727878186385,,,,,0.24300384521484375,0.5255315643239926,0.37122076749801636,-0.0028332714320243296,4,4
2017-01-31 18:00:00+00:00,,,0.3339773416519165,-8.716928901977775,,,0.15745902061462402,0.5339208150288931,,,,,,,0.544074535369873,-4.796189306977171,,,,,0.1703042984008789,0.8293257829689116,0.19040143489837646,-0.03616651105910673,5,5
2017-02-01 00:00:00+00:00,,,0.35764873027801514,-38.88241252424192,,,,,,,,,0.36193275451660156,3.8650013695576355,,,,,,,0.004721403121948242,0.6716613734075466,,,4,3
2017-02-01 06:00:00+00:00,,,0.3249715566635132,-6.5036208389974135,,,0.2749735116958618,0.5416449150315005,,,,,,,,,,,,,0.1464381217956543,0.3000179260208608,,,3,3
2017-02-01 12:00:00+00:00,,,0.35337918996810913,-20.83448106019542,,,0.33906257152557373,2.8647701529234086,,,,,,,,,,,,,0.13074469566345215,0.13020951628452243,,,3,3
2017-02-01 18:00:00+00:00,,,0.298046350479126,-9.602061391316537,,,0.23559165000915527,4.092127378513968,,,,,,,,,,,,,0.2237473726272583,0.07150497630868921,,,3,3
2017-02-02 00:00:00+00:00,,,0.3237089514732361,-6.194021476106277,,,,,,,,,0.280689001083374,1.6988649450861668,,,,,,,0.09848213195800781,0.757516270157851,,,3,3
2017-02-02 06:00:00+00:00,,,0.32076627016067505,11.468676758569195,,,,,,,,,0.11189484596252441,2.748995150731598,,,,,,,0.11869871616363525,0.26608833221345224,,,4,4
2017-02-02 12:00:00+00:00,,,0.326754093170166,-5.784099450396991,,,,,,,0.27711087465286255,-2.88204766376751,0.15025317668914795,1.6667963777887715,,,,,,,0.18163645267486572,0.5093696231440517,,,5,5
2017-02-02 18:00:00+00:00,,,0.33421647548675537,-5.855234577343221,,,,,,,0.24945276975631714,-2.0678136935295752,,,0.19505155086517334,3.4491347474867173,,,,,0.14113306999206543,0.2257517937787996,,,4,4
2017-02-03 00:00:00+00:00,,,0.35047274827957153,-6.805636452585849,,,,,,,0.16758769750595093,-0.7407477381657206,,,0.33371734619140625,9.381656300657127,,,,,0.12176120281219482,0.18791093033865788,,,4,4
2017-02-03 06:00:00+00:00,,,0.3245096206665039,-3.732053587541007,,,,,,,0.4378315210342407,0.9698555211092436,,,0.3184126615524292,10.260294369180928,,,,,0.15605664253234863,0.3011707257777283,,,4,4
2017-02-03 12:00:00+00:00,,,0.3081831932067871,-4.02615143406796,,,,,,,,,,,0.20066046714782715,5.0317193521737495,,,,,0.16054213047027588,2.9514687585769988,,,4,4
2017-02-03 18:00:00+00:00,,,0.29661262035369873,-5.474828838906262,,,,,,,,,,,0.3809257745742798,11.088559718665689,,,,,0.033043622970581055,-0.10227952611851149,,,3,3
2017-02-04 00:00:00+00:00,,,0.3081388473510742,-2.4646389602257126,,,,,,,,,,,0.22417640686035156,9.814516692605542,,,,,0.09263086318969727,0.24359754360190833,,,4,4
2017-02-04 06:00:00+00:00,,,0.2794620394706726,-3.9538486190546016,,,,,,,,,,,0.2589823007583618,9.259459853845357,,,,,0.20462000370025635,0.34805852151948785,,,4,4
2017-02-04 12:00:00+00:00,,,0.2826862931251526,-18.06069634616372,,,,,,,,,,,0.2875630855560303,20.550563339672998,,,,,0.0715487003326416,-21.96858539804524,,,3,3
2017-02-04 18:00:00+00:00,,,0.29384517669677734,-3.438133971178699,,,,,,,,,,,0.28136110305786133,4.7979887476669525,,,,,0.21324419975280762,0.20704599875993737,,,4,4
2017-02-05 00:00:00+00:00,,,0.2906304597854614,-3.890059481153015,,,,,,,,,,,0.37225043773651123,17.565262214180834,,,,,0.10122597217559814,1.3058407504280065,,,3,3
2017-02-05 06:00:00+00:00,,,0.2746133804321289,-2.534909343491758,,,,,,,,,,,0.35303986072540283,9.603034153616013,,,,,0.15805280208587646,0.3103313172157048,,,3,3
2017-02-05 12:00:00+00:00,,,0.2696363925933838,-2.291005845930416,,,,,,,,,,,0.3342360258102417,6.354124244945746,,,,,0.20883190631866455,2.518494142096408,,,3,3
2017-02-05 18:00:00+00:00,,,0.2267727255821228,-4.441558329059621,0.017287015914916992,-2.139796676979389,,,,,,,,,0.41571998596191406,7.173626723424456,,,,,0.2594674825668335,1.308229881876948,,,4,4
2017-02-06 00:00:00+00:00,,,0.2843456268310547,-11.96205685579984,,,,,,,,,,,0.3425147533416748,10.266552344172164,,,,,0.03786027431488037,0.42935604688531775,,,3,3
2017-02-06 06:00:00+00:00,,,0.3014540672302246,-2.82718087501873,,,,,,,,,,,0.3357912302017212,6.7450893314315445,,,,,,,,,2,2
2017-02-06 12:00:00+00:00,,,0.2907779812812805,-2.7246094987668474,,,,,,,,,,,0.3574012517929077,9.03929146981436,,,,,,,,,2,2
2017-02-06 18:00:00+00:00,,,0.2765694260597229,-2.3496343788497,,,,,,,,,,,0.2837947607040405,12.158724636779038,,,,,,,,,2,2
2017-02-08 00:00:00+00:00,,,0.2739182710647583,-3.1041177130293343,,,,,,,,,,,,,,,,,0.18739497661590576,4.582549448842855,,,2,2
2017-02-08 06:00:00+00:00,,,0.354159414768219,-30.133456921372385,,,,,,,,,,,,,,,,,0.1881338357925415,1.5050051249032974,,,2,2
2017-02-08 12:00:00+00:00,,,0.30086398124694824,-3.324900571992367,,,,,,,,,,,,,,,,,0.14554941654205322,5.0303129073671755,,,2,2
2017-02-08 18:00:00+00:00,,,0.253076434135437,-18.814558435004418,,,,,,,,,,,,,,,,,0.22012269496917725,11.0113429886076,,,2,2
2017-02-09 00:00:00+00:00,,,0.2762628197669983,-2.6250220509344477,,,,,,,,,,,,,,,,,0.16925907135009766,3.936806776940214,,,2,2
2017-02-09 06:00:00+00:00,,,0.36328327655792236,-35.40879990274644,,,0.1524563431739807,-1.0288302425743572,,,,,,,,,,,,,0.2282695770263672,8.096554830350495,,,3,3
2017-02-09 12:00:00+00:00,,,0.26797688007354736,-23.50315123430726,,,0.5324450731277466,4.348466059471241,,,,,,,,,,,,,0.20775020122528076,5.642151360233575,,,3,3
2017-02-09 18:00:00+00:00,,,0.3421468734741211,-3.653616278679558,,,0.1980379819869995,-1.33407648149092,,,,,,,,,,,,,0.15920305252075195,2.5168816056630834,,,3,3
2017-02-10 00:00:00+00:00,,,0.30511242151260376,-5.091863971274112,,,0.6146209239959717,3.707945509366305,,,,,,,,,,,,,0.14860451221466064,33.842087993617646,,,3,3
2017-02-10 06:00:00+00:00,,,0.3631722331047058,-38.21219871197109,,,0.05811715126037598,-2.7798926721732595,,,,,,,,,,,,,0.08838856220245361,23.436890278821156,,,3,3
2017-02-10 12:00:00+00:00,,,0.3234444260597229,-43.531602117928735,,,0.048355937004089355,0.24635865018639155,0.23944032192230225,3.308461777955359,,,,,,,,,,,0.17592334747314453,1.4006111783170525,,,4,4
2017-02-10 18:00:00+00:00,,,0.25471872091293335,-2.344828303091463,,,0.14711833000183105,0.43811672738880514,0.44604551792144775,4.221741029170765,,,,,,,,,,,0.15977632999420166,0.7853456055405161,,,4,4
2017-02-11 00:00:00+00:00,,,0.2921847105026245,-4.779173663590193,,,0.43567216396331787,6.170767878350743,0.43423891067504883,8.359121421905463,,,,,0.08245265483856201,-0.03863352182680541,,,,,0.12265944480895996,1.6657842571538504,,,5,5
2017-02-11 06:00:00+00:00,,,0.27985870838165283,-0.5815504938511616,,,0.5187491178512573,4.147004280494893,0.3870202302932739,6.29372546037013,,,,,0.15730702877044678,0.36543526021410483,,,,,0.16672837734222412,2.4411275778888175,,,5,5
2017-02-11 12:00:00+00:00,,,0.3365737199783325,-4.2413410767088555,,,0.4781550168991089,3.3690091700243077,0.41635215282440186,10.385083657312952,,,,,0.3940531015396118,-0.5114632636059736,,,,,0.13106966018676758,4.56744962435706,,,5,5
2017-02-11 18:00:00+00:00,,,0.316842257976532,-4.531070047110281,,,0.31517255306243896,4.822850528187715,0.287467360496521,4.3382525783378965,,,,,0.2581665515899658,-0.02969886446318478,,,,,0.15372860431671143,1.9294214027476684,,,5,5
2017-02-12 00:00:00+00:00,,,0.3052428960800171,-5.050556302721016,,,0.39881765842437744,4.117806019519809,0.37055766582489014,2.99728769571938,,,,,,,0.03405797481536865,-0.03292910506768704,,,0.183768630027771,6.287433618676707,,,6,5
2017-02-12 06:00:00+00:00,,,0.2967228293418884,-2.757261319690512,,,0.3861325979232788,2.643514467098234,0.30456972122192383,6.197816139946164,,,,,,,,,,,0.19593822956085205,3.1929569606345085,,,5,5
2017-02-12 12:00:00+00:00,,,0.23544633388519287,-2.8184576998394597,,,,,0.2197483777999878,0.9908257427761513,,,,,0.04340016841888428,-0.661484367971917,,,,,0.10105597972869873,1.628058786909986,,,5,5
2017-02-12 18:00:00+00:00,,,0.3551987409591675,-14.70118169904744,,,,,0.45567095279693604,7.500432371366819,,,,,,,0.7024415731430054,0.5174488452653417,,,0.20614337921142578,1.2288750763520955,,,6,6
2017-02-13 00:00:00+00:00,,,0.31325745582580566,-7.327561149713364,,,,,0.4452831745147705,7.816998442844467,,,,,,,,,,,0.18970394134521484,1.7692969153005706,,,4,4
2017-02-13 06:00:00+00:00,,,0.285907506942749,-7.531394154991374,,,,,0.48474597930908203,8.077215651909013,,,,,,,,,,,0.13407087326049805,0.5586790205200349,,,3,3
2017-02-13 12:00:00+00:00,,,,,0.3009464144706726,-4.025486336168281,,,0.33180177211761475,5.989185342399514,,,,,,,,,,,0.133192777633667,0.910225227176696,,,3,3
2017-02-13 18:00:00+00:00,,,,,0.3235044479370117,-2.7314781504803585,,,0.3977329730987549,9.85575077939842,,,,,,,0.3566068410873413,4.163432124380064,,,0.19040942192077637,2.117089299597905,,,4,4
2017-02-14 00:00:00+00:00,,,,,0.32745325565338135,-1.8920954454856689,,,0.39607250690460205,7.365421980590728,,,,,,,0.38240110874176025,0.1786662290384934,,,0.09390914440155029,0.6673798556091974,,,6,6
2017-02-14 06:00:00+00:00,,,,,0.2851661443710327,-4.280783609413251,,,0.4262460470199585,8.308813829833104,,,,,,,0.18841266632080078,1.7556534489277535,,,0.09211385250091553,0.46999745531344017,,,5,5
2017-02-14 12:00:00+00:00,,,,,0.2790462374687195,-33.94676583971059,,,0.41486144065856934,11.162633320539182,,,,,,,,,,,0.13130569458007812,0.6758087059933635,,,4,4
2017-02-15 00:00:00+00:00,,,,,0.21450525522232056,-1.5464206740795858,0.1030116081237793,0.6217183995913727,0.3731428384780884,14.932505128872753,0.6055545806884766,5.267914993650479,,,,,,,0.1047523021697998,1.2687576715752393,,,0.1370086669921875,0.6198705127177276,6,6
2017-02-15 06:00:00+00:00,,,,,0.16845190525054932,15.829557848212417,0.09754800796508789,1.2949630491505493,0.39979660511016846,8.481847499226255,0.3943387269973755,3.518200450199042,,,,,,,0.04749882221221924,0.03764809936790612,,,0.055762529373168945,0.3334491373445005,7,7
2017-02-15 12:00:00+00:00,,,,,0.17047780752182007,-3.0073688030602055,0.0020225048065185547,-0.3444666572973443,0.44317686557769775,9.336156662149374,0.5058127641677856,3.064676728569591,,,,,0.23267674446105957,-0.043545922445563795,,,0.08556234836578369,0.3696686104459244,,,8,7
2017-02-15 18:00:00+00:00,,,,,0.2688077688217163,-8.765227363912054,0.09176921844482422,0.6164167051745881,0.43345940113067627,7.373431370560621,0.4059094190597534,0.20096545561044152,,,,,0.1306171417236328,0.6084852503047239,,,0.061998605728149414,0.8432785754659138,0.16515493392944336,0.6440540808461523,9,8
2017-02-16 00:00:00+00:00,,,,,0.2472967505455017,-3.164917528030058,0.29190587997436523,1.3365350526255406,0.39175713062286377,12.381763770956887,0.38855791091918945,0.15014061366134146,,,,,0.673210859298706,0.45391363979250043,,,0.15496158599853516,0.6251030249234604,0.030440926551818848,0.6000967893871095,9,8
2017-02-16 06:00:00+00:00,,,,,0.24443644285202026,-3.8401249499041286,0.12169766426086426,2.130503175143196,0.4212360382080078,6.602261665723368,0.672802209854126,2.7831388645500255,,,,,0.5519788265228271,0.24164545864559878,,,0.0928044319152832,6.149361520126339,,,6,6
2017-02-16 12:00:00+00:00,,,,,0.2514200806617737,-26.10053769320077,0.16207289695739746,6.7436897697874585,0.42255914211273193,7.486719176356428,0.345625638961792,4.213196665143453,,,0.11852014064788818,1.3929013311410567,,,,,0.13796770572662354,0.878946629137514,0.15346765518188477,-0.12187528918443948,7,7
2017-02-16 18:00:00+00:00,,,,,0.0991162657737732,-0.853925795072202,0.23569917678833008,2.977384664820586,0.38618505001068115,6.75316466677536,0.20975744724273682,2.186858609109218,,,0.1174628734588623,-0.2550292719914031,,,,,0.14497745037078857,-0.48524721157220885,0.16259640455245972,0.01773211304474444,8,8
2017-02-17 00:00:00+00:00,,,0.3639034628868103,-22.912741788746864,,,0.27474987506866455,3.3686777136849906,0.3707185983657837,5.735526173422459,0.27332818508148193,0.5003510126814803,,,0.15532052516937256,1.0614487484552304,,,,,0.11759734153747559,2.3934290980885766,0.15882724523544312,0.19570737700115848,8,8
2017-02-17 06:00:00+00:00,,,0.18942219018936157,-1.4682791702819713,,,0.259158730506897,4.557114882851234,0.4388883113861084,6.304277080731655,0.15292620658874512,0.20652658005208774,,,0.49718236923217773,0.7414831799123189,,,,,0.15245366096496582,2.2425030593465114,0.07285237312316895,0.45537752947932925,9,8
2017-02-17 12:00:00+00:00,,,0.17678052186965942,4.290403834430734,,,0.27463340759277344,7.175168539891157,0.20699822902679443,0.6480792223595473,0.35468459129333496,6.901634975088045,,,0.7443995475769043,2.438264424257541,,,,,0.18692517280578613,0.9265914807453384,0.8161537647247314,1.2618321192727429,8,8
2017-02-17 18:00:00+00:00,,,0.18406426906585693,-2.6226606359283897,,,0.33008360862731934,5.138381325220818,0.29305875301361084,3.906154944386575,0.4216731786727905,5.361274858719665,,,,,,,,,0.10226678848266602,4.079297218313946,,,6,5
2017-02-18 00:00:00+00:00,,,0.10847353935241699,-1.3919973324347759,,,0.3693331480026245,7.025205448008661,0.2997772693634033,3.4397937172485276,0.4122188091278076,3.312848530761659,,,,,,,,,0.11617171764373779,8.088193814914753,,,6,6
2017-02-18 06:00:00+00:00,,,0.19995486736297607,-4.076446821312575,,,0.34223473072052,6.408210428292261,0.20106041431427002,1.9260588890760622,0.37452030181884766,5.498186586828891,,,,,,,,,0.08746635913848877,0.5201483692860731,,,6,6
2017-02-18 12:00:00+00:00,,,0.26795464754104614,-2.9672063587421937,,,,,0.32901132106781006,8.751462004171083,0.3012387752532959,2.686705705576203,,,0.20332205295562744,-0.6451669736369617,,,,,0.15768754482269287,0.7065301757313491,,,8,8
2017-02-18 18:00:00+00:00,,,0.219130277633667,-1.2148927835751202,,,,,0.3123847246170044,7.857992325488752,0.3633075952529907,1.664125667739424,,,,,,,,,0.09862041473388672,0.11442087890601252,,,8,8
2017-02-19 00:00:00+00:00,,,0.25147122144699097,-1.3490378222393338,,,,,0.439805269241333,13.291394798756489,0.2961690425872803,3.1988546490713854,,,0.09184849262237549,0.1925655506067438,,,,,0.13298308849334717,1.2844432362257487,,,8,8
2017-02-19 06:00:00+00:00,,,0.11886119842529297,33.8464609667338,,,,,0.38020384311676025,6.802541625110131,0.38251006603240967,3.0657185941720857,,,,,,,,,0.1384962797164917,1.1934117752546973,0.01853656768798828,0.3195727706549581,7,7
2017-02-19 12:00:00+00:00,,,0.20708930492401123,-1.5773389224479075,,,,,0.4035513401031494,10.050257451337744,0.3279283046722412,7.017714610187975,,,,,,,,,0.20444953441619873,0.7629052418990425,0.3999744653701782,1.0506239723219755,7,7
2017-02-19 18:00:00+00:00,,,0.13044756650924683,-1.423532753432549,,,,,0.40798163414001465,8.46304122835473,0.23548471927642822,1.2442451625961455,,,,,,,,,0.12183403968811035,0.1660705952183631,,,6,6
2017-02-20 00:00:00+00:00,,,0.19399487972259521,-2.290325864566379,,,,,0.4538334608078003,9.502794564003095,0.22145938873291016,0.31807020515749124,,,,,,,,,0.05657351016998291,0.3367917212327416,,,6,6
2017-02-20 06:00:00+00:00,,,0.2982887625694275,-3.0217441194344787,,,,,0.4003866910934448,6.207401740587458,0.2022799253463745,0.28136134677328506,,,,,,,,,0.12835633754730225,24.738480762194666,,,5,5
2017-02-20 12:00:00+00:00,,,0.21327966451644897,-1.5443450582216594,,,0.06323957443237305,-0.457073554857632,0.43845677375793457,9.326655018567822,0.08707654476165771,0.17865955210747564,,,,,,,,,0.16770577430725098,25.171986440921227,,,7,7
2017-02-20 18:00:00+00:00,,,0.19773119688034058,-3.5353347954868006,,,0.06330621242523193,0.649516744094421,0.49676287174224854,20.093592289318735,0.1064835786819458,-0.3995022897929821,,,,,,,,,0.05475461483001709,0.2669656174070903,,,7,7
2017-02-21 00:00:00+00:00,,,0.2039494514465332,-2.106876173201528,,,0.24309110641479492,-0.760334202466161,0.3753054141998291,12.13441265636722,0.3738892078399658,0.30050937267931543,,,,,,,,,0.14544343948364258,-0.023516093860200694,,,6,6
2017-02-21 06:00:00+00:00,,,0.22531658411026,-2.5495236097558966,,,0.16587895154953003,-0.09235978890829584,0.390092134475708,11.023636249041598,0.09907245635986328,0.8862335034255724,,,,,,,,,0.034103989601135254,0.39729606507424126,,,5,5
2017-02-21 12:00:00+00:00,,,0.24129712581634521,-3.173363988690833,,,0.1955743432044983,-0.7957371828809567,0.40679895877838135,17.942681599405606,0.2630578279495239,1.1030677387475647,,,,,,,0.3003385066986084,-0.445293202948122,0.12061536312103271,0.5575338762461359,,,7,7
2017-02-21 18:00:00+00:00,,,0.2891274094581604,-2.0948672788407507,,,0.24868327379226685,-1.0208311216436214,0.4553356170654297,16.585615055104242,0.17033648490905762,-0.21943607771243365,,,,,,,,,0.08414351940155029,0.12123155577380908,,,6,6
2017-02-22 00:00:00+00:00,,,0.16366207599639893,-1.0743503493529576,,,0.2721244692802429,-4.044755934095103,0.39638257026672363,13.104612867036792,0.019084930419921875,0.5053797538969628,,,,,,,,,0.10522067546844482,2.293412603731385,,,6,6
2017-02-22 06:00:00+00:00,,,0.2592378258705139,-2.0901847245252045,,,0.24148863554000854,-2.6008472594392926,0.4453132152557373,11.950259281057154,0.20507705211639404,2.485090806642168,,,,,,,,,0.03722500801086426,-0.4183279874491394,,,5,5
2017-02-22 12:00:00+00:00,,,0.23255175352096558,3.69737098972412,,,0.2473527193069458,-5.410123678852099,0.4197685718536377,7.187581281776577,0.1342635154724121,-0.8365800425774232,,,0.721444845199585,4.315132198305714,,,,,0.142112135887146,-0.1295704595823944,,,6,6
2017-02-22 18:00:00+00:00,,,0.3910980820655823,-3.204501310257537,,,0.2583054304122925,-1.9943919438340267,0.3454129695892334,8.728874548042581,0.013591766357421875,-0.16603853016584047,,,0.7522212266921997,3.607231390283069,,,,,0.16954302787780762,0.540808736507351,,,7,6
2017-02-23 00:00:00+00:00,,,0.20639437437057495,-0.7274406317901732,,,0.2765386700630188,-6.352171707374802,,,0.2722048759460449,6.9419414500567,,,0.6111037731170654,5.447612320911709,,,,,0.10643410682678223,0.4888082630326673,,,6,6
2017-02-23 06:00:00+00:00,,,0.16091889142990112,-1.1504349174629938,,,0.30458641052246094,-5.494270900536688,,,0.27862727642059326,6.159877131861972,,,0.5095752477645874,0.9702562023036465,,,,,0.16387927532196045,1.9156484840455097,,,6,6
2017-02-23 12:00:00+00:00,,,0.2879050374031067,-1.0740762299536417,,,0.26339709758758545,-5.178220503345084,,,0.22439312934875488,3.7568423439499306,,,0.5532780885696411,5.527127351977801,,,,,0.08388566970825195,1.3944258999552257,,,6,6
2017-02-23 18:00:00+00:00,,,0.18830358982086182,-3.8070898071182517,,,0.3096628189086914,-4.61071023965443,,,0.1996171474456787,7.014039662533105,,,,,0.6209075450897217,2.1016885153522753,,,0.1303858757019043,1.424378410481712,,,6,5
2017-02-24 00:00:00+00:00,0.38733798265457153,-0.9119636727161817,0.37539106607437134,-30.394280341853168,,,0.33369529247283936,-7.335646142284721,,,0.27651476860046387,14.061920438256001,,,,,,,,,0.04897201061248779,0.48876806268809714,,,6,6
2017-02-24 06:00:00+00:00,,,0.25789934396743774,-3.149655486830054,,,0.31233924627304077,-4.919517445424302,,,0.2084425687789917,0.8802439412323162,,,,,,,,,0.0868607759475708,0.16019737031036257,,,4,4
2017-02-24 12:00:00+00:00,,,,,,,0.32128673791885376,-6.756885677489333,,,0.17649376392364502,2.4724203876871584,,,,,,,,,0.15033817291259766,0.12852749748184897,,,3,3
2017-02-24 18:00:00+00:00,,,,,,,0.28520387411117554,-5.033288887749551,,,0.26481568813323975,7.846776177343929,,,,,,,,,0.15785431861877441,3.2691380034849415,,,3,3
2017-02-25 00:00:00+00:00,,,,,,,0.3348633050918579,-7.910255966243595,,,0.2868776321411133,1.797184944947626,,,,,,,,,0.12017583847045898,-0.06225786984555225,,,3,3
2017-02-25 06:00:00+00:00,,,,,,,0.3208116888999939,-9.925907212274472,,,0.24366939067840576,1.8824528708117994,,,,,,,,,0.25940728187561035,-17.721015035343775,,,3,3
2017-02-25 12:00:00+00:00,,,,,,,0.33733636140823364,-8.795629984773242,,,0.1543443202972412,0.3425647640636547,,,,,,,,,,,0.21995282173156738,0.8332148360362194,4,4
2017-02-25 18:00:00+00:00,,,,,,,,,0.31348514556884766,-6.251766692533598,0.12775373458862305,0.20733212286552025,,,,,,,,,,,0.09954178333282471,1.4500951167891918,3,3
2017-02-26 00:00:00+00:00,,,,,,,,,0.3384774923324585,-8.675645019960832,0.4306659698486328,-0.0004062327285632418,,,,,,,,,,,0.11539733409881592,2.3451329949240622,3,3
2017-02-26 06:00:00+00:00,,,,,,,,,0.33236658573150635,-18.427059666090454,0.4894883632659912,0.014415570078311301,,,,,,,,,,,0.14024221897125244,0.4617289486152854,4,3
2017-02-26 12:00:00+00:00,,,,,,,0.19752824306488037,-0.568187340373801,0.3231229782104492,-8.900844502387466,,,,,,,,,,,0.2554401159286499,-0.06146670589595928,0.15755224227905273,0.2112168997580027,4,4
2017-02-26 18:00:00+00:00,,,,,,,0.21518588066101074,0.9548067182780241,0.32985079288482666,-11.249515685429161,,,,,,,,,,,0.3094186782836914,-0.2861214554150228,0.15862834453582764,0.0282911212755697,4,4
2017-02-27 00:00:00+00:00,,,,,,,0.07207286357879639,-0.009383889795181906,0.3514403700828552,-5.028865902890899,,,,,,,,,,,,,0.12516522407531738,0.27835220522344895,3,3
2017-02-27 06:00:00+00:00,,,,,,,,,0.32923614978790283,-5.765895834512302,,,0.1083681583404541,0.14361813712858412,,,,,,,,,0.3687398433685303,-0.025077394249853537,4,3
2017-02-27 12:00:00+00:00,,,,,,,0.21133136749267578,-0.5945899072671209,0.36433619260787964,-13.385704906024689,,,,,,,,,,,,,0.1754145622253418,0.049879905855677795,5,3
2017-02-27 18:00:00+00:00,,,,,,,0.23168230056762695,4.6071596710732265,0.35519909858703613,-10.374512084055281,,,,,,,,,,,,,0.04118812084197998,-0.2207963999238185,4,3
2017-02-28 00:00:00+00:00,,,,,,,0.20557928085327148,1.1146850624150175,0.3418242335319519,-7.037977159501034,,,,,,,,,,,,,0.013894617557525635,-0.1215921486692547,3,3
2017-02-28 06:00:00+00:00,,,0.3501579165458679,-10.15287210861744,,,0.20623624324798584,4.034628693497352,,,,,,,,,,,,,,,0.20400869846343994,-0.4042096774953902,3,3
2017-02-28 12:00:00+00:00,,,0.3479191064834595,-9.647897097719465,,,0.18177545070648193,0.5908589826083195,,,,,,,,,,,,,,,0.11870360374450684,0.8430129173499944,3,3
2017-02-28 18:00:00+00:00,,,0.33306318521499634,-12.934394434344586,,,0.1662130355834961,2.912130671399102,,,,,,,,,,,,,,,0.266335666179657,-0.2955676559166267,6,5
2017-03-01 00:00:00+00:00,,,0.3385394215583801,-10.31117512976431,,,,,0.18007659912109375,0.08434373336902551,,,0.3156691789627075,1.9876682155535519,,,,,,,,,,,4,3
2017-03-01 06:00:00+00:00,,,0.3605467677116394,-7.907391299906251,,,,,0.390697717666626,0.995057376457617,,,0.32501792907714844,-4.1756322905832235,,,,,,,,,,,3,3
2017-03-01 12:00:00+00:00,,,0.324333131313324,-16.349810555506505,,,,,0.2561380863189697,0.08767679592849303,,,0.29638171195983887,-0.772379200483834,,,,,,,,,,,3,3
2017-03-01 18:00:00+00:00,,,0.2931690812110901,-3.552430368447203,0.05878394842147827,-0.1424335802789294,,,0.4059375524520874,0.6147018139687964,,,,,,,,,,,,,,,3,3
2017-03-02 00:00:00+00:00,,,0.2891302704811096,-5.220404396922003,,,,,0.036838412284851074,1.35946942464677,,,,,,,,,,,,,,,3,2
2017-03-02 06:00:00+00:00,,,0.27140194177627563,-14.367958700509526,,,,,,,,,,,,,,,,,,,0.009307622909545898,0.6925213331018805,2,2
2017-03-02 12:00:00+00:00,,,0.29109466075897217,-7.489117092277196,,,,,,,,,,,,,,,,,,,,,2,1
2017-03-02 18:00:00+00:00,,,0.2889555096626282,-7.687265556412295,,,,,,,,,,,,,,,,,,,,,1,1
2017-03-03 00:00:00+00:00,,,0.2962127923965454,-3.6027601622919354,,,,,,,,,0.4244924783706665,-0.49475982854533745,,,,,,,,,,,2,2
2017-03-03 06:00:00+00:00,,,0.3238825798034668,-29.104912814982004,,,,,,,,,0.17919373512268066,0.21329376482808174,,,,,0.45638298988342285,0.5449408977336909,,,,,4,3
2017-03-03 12:00:00+00:00,,,0.31853944063186646,-2.6833066900456566,,,,,,,0.5531893372535706,0.7802561538579962,0.748611569404602,0.2302823026137898,,,,,0.07510781288146973,0.42785215982211805,,,,,4,4
2017-03-03 18:00:00+00:00,,,0.3075340986251831,-4.072784280633471,,,,,,,,,0.1965796947479248,-0.08791124052317448,,,,,0.24593162536621094,0.12367221862569558,,,,,3,3
2017-03-04 00:00:00+00:00,,,0.28795504570007324,-2.781393853057778,,,,,,,,,0.34884583950042725,0.7448037988336649,,,,,0.07445657253265381,-0.1654406050015155,,,0.5260968506336212,0.5954766876394461,4,4
2017-03-04 06:00:00+00:00,,,0.2989984154701233,-4.485986956449613,,,,,,,,,0.26916664838790894,-0.4307851002306304,,,,,0.6232920289039612,-0.398675643093137,,,0.1819852590560913,0.17185473772977175,4,4
2017-03-04 12:00:00+00:00,,,0.2939631938934326,-2.3225999310958962,,,,,,,,,0.030077755451202393,1.7305853296363105,,,,,0.18218111991882324,0.38270184753511555,,,0.23135173320770264,0.4760838022262308,4,4
2017-03-04 18:00:00+00:00,,,0.3230278491973877,-3.048258027025142,,,,,,,,,0.1232951283454895,-0.40981047440618446,,,,,0.32450926303863525,0.5165384802041308,,,0.23351997137069702,0.051557306261655785,4,4
2017-03-05 00:00:00+00:00,,,0.31451570987701416,-4.322394354129256,,,,,,,0.13795936107635498,-0.08509668848415103,0.19009649753570557,1.5105171519504275,,,,,0.017041921615600586,-0.4924259044577113,,,0.30192065238952637,-0.2596616512420308,5,5
2017-03-05 06:00:00+00:00,,,0.27975553274154663,-2.7112138320010484,,,,,,,,,0.1076386570930481,0.5922229594924809,,,,,,,0.21299409866333008,7.488347202508972,,,4,3
2017-03-05 12:00:00+00:00,,,0.2726903557777405,-13.313316926002233,,,,,,,0.10796618461608887,0.10411293666470998,0.08692944049835205,-0.4754672892278896,,,,,,,0.2999711036682129,0.39515018737725327,,,5,4
2017-03-05 18:00:00+00:00,,,0.3042188286781311,-2.8695311547869213,,,,,,,0.050890207290649414,-0.4327103015724932,0.20082950592041016,0.11174041735057129,,,,,,,0.03808999061584473,1.027569258508411,,,4,4
2017-03-06 00:00:00+00:00,,,0.30805903673171997,-3.9589145456529287,,,,,,,0.031651854515075684,-0.7384992616266535,0.08794617652893066,0.49201988450217954,,,,,,,0.1600782871246338,0.46374408373698456,,,4,4
2017-03-06 06:00:00+00:00,,,0.308649480342865,-5.757191481871555,,,,,,,,,,,0.07969212532043457,-0.14000561161936143,,,,,0.20936107635498047,0.4865647897000126,,,4,3
2017-03-06 12:00:00+00:00,,,0.3421283960342407,-10.28527123232097,,,,,,,,,,,0.0822906494140625,1.666555780078223,,,,,0.22888004779815674,0.6792762662789086,,,3,3
2017-03-06 18:00:00+00:00,,,0.3454214930534363,-4.937548162259124,,,,,,,,,,,,,,,0.04973256587982178,-0.20483450564820793,0.13466084003448486,0.7602393852095726,,,3,3
2017-03-07 00:00:00+00:00,,,0.29895150661468506,-3.7200198628996093,,,,,,,,,,,0.19911837577819824,4.642047630315964,,,0.052799344062805176,0.12676334614518087,0.20899558067321777,-0.36490043046694376,,,4,4
2017-03-07 06:00:00+00:00,,,0.3113759160041809,-2.567297345376268,,,,,,,,,,,0.0778433084487915,1.0473644030893334,,,,,0.14274203777313232,0.6155747097857764,,,3,3
2017-03-07 12:00:00+00:00,,,0.28156375885009766,-1.2752189862348795,,,,,,,,,,,0.20372223854064941,4.341803978486064,,,,,0.14381110668182373,1.0111070685150232,,,3,3
2017-03-07 18:00:00+00:00,,,0.3255999684333801,-11.642589833694245,,,,,,,,,,,0.00658416748046875,-0.6927799031131573,,,0.08575284481048584,-1.4788986015137262,,,,,3,3
2017-03-08 00:00:00+00:00,,,0.31487059593200684,-20.62305099973263,,,,,,,,,,,0.43943095207214355,0.008327178218502103,,,0.06707930564880371,0.487569523158886,,,,,4,3
2017-03-08 06:00:00+00:00,,,0.252983033657074,-4.9494953710259555,,,,,,,,,,,0.1332448124885559,0.6334506137122825,,,0.17841851711273193,0.4142614396041704,,,,,3,3
2017-03-08 12:00:00+00:00,,,0.34303510189056396,-3.826671054319089,,,,,,,,,,,0.09096026420593262,0.7223969030744101,,,,,0.20683467388153076,0.17892808949382716,,,3,3
2017-03-08 18:00:00+00:00,,,0.3159008026123047,-9.611958017034787,,,,,,,,,,,0.30803942680358887,0.8007866701838444,,,,,0.1446300745010376,-1.7858442596385444,,,3,3
2017-03-09 00:00:00+00:00,,,0.33138924837112427,-13.621451953147426,,,,,,,,,,,0.265158474445343,-0.3073244305398843,,,,,0.12881243228912354,0.8255281096194129,,,3,3
2017-03-09 06:00:00+00:00,,,0.37581902742385864,-5.97248029809804,,,,,,,,,,,,,,,,,0.2080073356628418,12.162197202762473,,,2,2
2017-03-09 12:00:00+00:00,,,0.3091934323310852,-4.837200633267704,,,,,,,,,,,,,,,,,0.19905197620391846,0.7082022996054771,,,2,2
2017-03-09 18:00:00+00:00,,,0.2855514883995056,-4.013441867884264,,,,,,,,,,,0.3870048522949219,2.223152935394543,,,,,0.18246126174926758,1.0173630185060554,,,3,3
2017-03-10 00:00:00+00:00,,,0.326566219329834,-3.663787428682993,,,,,,,,,,,0.47901904582977295,5.869874695011327,,,,,0.2100522518157959,1.223219862280041,,,3,3
2017-03-10 06:00:00+00:00,,,0.2853925824165344,-4.557245976968349,,,,,,,,,,,0.37776434421539307,1.0296040818747687,,,,,0.19840919971466064,0.5933913070314776,,,5,5
2017-03-10 12:00:00+00:00,,,0.302004337310791,-3.704919106631799,,,,,,,,,,,0.646759033203125,5.285671353193603,,,,,0.21795523166656494,1.9416984899582512,,,4,4
2017-03-10 18:00:00+00:00,,,0.31196731328964233,-2.8392052534069525,,,,,,,,,,,0.5128930807113647,10.371690082964879,,,,,0.21016621589660645,1.5207684586009604,,,4,4
2017-03-11 00:00:00+00:00,,,0.24276572465896606,-2.545929526944524,,,,,,,,,,,0.3672410249710083,9.184700769814686,,,,,0.15995454788208008,6.3721935723117955,,,4,4
2017-03-11 06:00:00+00:00,,,0.36236679553985596,-7.076176241418136,,,,,,,,,,,0.5820204019546509,10.013097418658981,,,,,0.15178322792053223,2.5739138450240326,,,3,3
2017-03-11 12:00:00+00:00,,,0.3246472477912903,-4.986336796454895,,,,,,,,,,,0.49185824394226074,13.969462047017373,,,,,0.1289905309677124,2.512359262388642,,,3,3
2017-03-11 18:00:00+00:00,,,0.31271517276763916,-4.250693925452847,,,,,,,,,,,0.4377720355987549,6.4950598478553925,,,,,0.16061675548553467,0.6452454782794943,,,3,3
2017-03-12 00:00:00+00:00,,,0.3497319221496582,-2.8149287136886145,,,,,,,,,,,0.47065556049346924,4.055276347561795,,,,,0.16187548637390137,0.8319573961627373,,,3,3
2017-03-12 06:00:00+00:00,,,0.34394097328186035,-9.58143792190258,,,,,,,,,,,0.30537688732147217,5.935656125006955,,,,,0.16716456413269043,2.8746780531408134,,,3,3
2017-03-12 12:00:00+00:00,,,0.25888144969940186,-3.4676583766978686,,,,,,,,,,,,,,,,,0.22053802013397217,3.7670093226672687,,,2,2
2017-03-12 18:00:00+00:00,,,0.2823150157928467,-2.919522613347158,,,,,,,,,,,,,,,0.19782018661499023,0.01895756212976986,0.16397690773010254,6.078600922137477,,,3,3
2017-03-13 00:00:00+00:00,,,0.29892003536224365,-4.171446829517606,,,,,,,,,,,,,0.12458145618438721,2.325156916152621,,,0.08196640014648438,1.782617970356286,,,3,3
2017-03-13 06:00:00+00:00,,,0.28014230728149414,-3.045683990484105,,,,,,,,,,,,,0.28544843196868896,4.571178810763645,,,0.1160503625869751,1.42439384181467,,,3,3
2017-03-13 12:00:00+00:00,,,0.24999046325683594,-2.834766835339542,,,,,,,,,,,,,0.04013913869857788,0.20069744912083387,0.000711977481842041,-0.47349354109134145,0.15972888469696045,0.7461295169091141,,,6,5
2017-03-13 18:00:00+00:00,,,0.257435142993927,-4.159201306329975,,,,,,,,,,,,,0.2761579751968384,-0.23373262721675256,,,0.146293044090271,0.9066782733483026,0.3967677354812622,1.530623130245747,7,6
2017-03-14 00:00:00+00:00,,,0.26979076862335205,-2.8576543602851543,,,,,,,,,,,,,0.05915653705596924,0.012046685794178533,,,0.132668137550354,1.010573250509181,,,4,4
2017-03-14 06:00:00+00:00,,,0.27426815032958984,-22.999102957119735,,,,,,,,,,,,,0.06475532054901123,-0.1991455835497037,,,0.11771750450134277,1.5563857880356076,,,3,3
2017-03-14 12:00:00+00:00,,,0.21937817335128784,24.56152404102755,,,,,0.6818267107009888,7.745111461697581,,,,,,,0.5913397073745728,-0.2071314926801444,,,0.14192283153533936,-1.9531642950050547,,,4,4
2017-03-14 18:00:00+00:00,,,0.1988842487335205,-1.8268404232339284,,,,,0.2687208652496338,2.966895419739372,,,,,,,,,,,0.0834585428237915,0.5247113076374289,,,3,3
2017-03-15 00:00:00+00:00,,,0.24498045444488525,-6.169712343966304,,,0.03652632236480713,0.6212935221106646,0.3264460563659668,1.9346958876705274,,,,,,,,,,,0.07201540470123291,0.45738625585700166,,,4,4
2017-03-15 06:00:00+00:00,,,0.2166076898574829,-3.1331033866612086,,,0.28760528564453125,4.212744543923668,0.16258645057678223,1.2827843160196262,,,,,,,,,,,0.07489550113677979,0.11638585304677698,,,4,4
2017-03-15 12:00:00+00:00,,,0.19188004732131958,-2.4012457853336624,,,0.37550127506256104,3.700147833899009,0.369534969329834,2.5782410895092647,,,,,,,,,,,0.20057940483093262,4.153835952866622,,,4,4
2017-03-15 18:00:00+00:00,,,0.201860249042511,24.118622777701262,,,0.36655712127685547,4.852558268219123,0.22319841384887695,0.8039282087981715,,,,,,,,,,,0.15399456024169922,4.777889721317615,,,5,5
2017-03-16 00:00:00+00:00,,,0.28411006927490234,-8.898313445761886,,,0.28457093238830566,11.409550276359504,0.005540430545806885,3.909058214578964,,,,,,,,,,,0.1365489959716797,1.2461239163881765,,,5,5
2017-03-16 06:00:00+00:00,,,0.26386529207229614,-2.158600682675634,,,0.3467700481414795,3.7453206159449457,0.29154157638549805,0.2006220420307623,,,,,,,,,,,0.14396727085113525,0.6512763364684497,,,4,4
2017-03-16 12:00:00+00:00,,,0.20888203382492065,-1.9268297883809469,,,0.38689494132995605,7.274545509203628,0.4384002685546875,4.4431475094316575,,,,,,,,,,,0.1522747278213501,1.7342998190157575,,,4,4
2017-03-16 18:00:00+00:00,,,0.26655787229537964,-1.639125722852698,,,0.306917667388916,3.832758468338175,0.2054758071899414,5.301871485986233,,,,,,,,,,,0.140028715133667,1.976040937547844,,,4,4
2017-03-17 00:00:00+00:00,,,0.05400240421295166,26.830876898974804,,,0.3383636474609375,3.7854031388092775,,,0.35744810104370117,1.4946909613275627,,,,,,,,,0.08537685871124268,0.816399167694986,,,4,4
2017-03-17 06:00:00+00:00,,,0.2400938868522644,-1.486652088006933,,,0.379730224609375,8.847015693103184,,,0.271014928817749,2.6967637891700704,,,,,,,,,0.09654712677001953,0.922548881063389,,,4,4
2017-03-17 12:00:00+00:00,,,0.23176056146621704,-1.7417117657580115,,,0.40420377254486084,8.816633981438514,0.3526233434677124,6.754565975849666,0.07136189937591553,0.9222462091891185,,,,,,,,,0.18012607097625732,-4.180898596077303,,,5,5
2017-03-17 18:00:00+00:00,,,0.2846200466156006,-18.465126005489083,,,0.38138484954833984,9.777626065926187,0.3602243661880493,11.338284695755215,0.14010381698608398,2.2138678357063264,,,,,,,,,0.16774535179138184,0.6258071386903004,,,5,5
2017-03-18 00:00:00+00:00,,,0.2771819233894348,-1.703617029895058,,,,,0.37273478507995605,9.503713964598965,0.09984433650970459,0.0035747808437421266,,,,,,,,,0.06347024440765381,0.4424596040894094,,,5,5
2017-03-18 06:00:00+00:00,,,0.31811583042144775,-1.9959875411892516,,,,,0.36808276176452637,11.457470382746472,0.1392679214477539,0.34736243243033094,,,,,,,,,0.13395154476165771,0.34958212854699516,,,5,5
2017-03-18 12:00:00+00:00,,,0.3297077417373657,-4.378290669181917,,,,,0.3990672826766968,9.342037760956268,0.20905721187591553,0.03913251456642598,,,,,,,,,0.2090294361114502,1.2445721746413303,,,4,4
2017-03-18 18:00:00+00:00,,,0.1988622546195984,-1.0366449128055055,,,,,0.41291356086730957,12.108482240463426,0.30409908294677734,-0.11994325220123463,,,,,,,,,0.2104569673538208,-0.026717866437061807,,,4,4
2017-03-19 00:00:00+00:00,,,0.3019344210624695,-0.6311151809161712,,,,,0.3815913200378418,7.857915212622666,0.10190558433532715,-0.4185032166923354,,,,,,,,,0.075897216796875,0.24579217976928758,,,4,4
2017-03-19 06:00:00+00:00,,,0.25461894273757935,-1.711490554580246,,,,,0.42980802059173584,13.034844203355442,,,,,,,,,,,0.0341646671295166,0.27750164668214317,0.343134343624115,0.021000583599206597,4,4
2017-03-19 12:00:00+00:00,,,0.27017271518707275,-2.7494453843980593,,,,,0.4112464189529419,8.188798469204503,,,,,,,0.21539759635925293,0.6381038180496295,,,0.17737841606140137,3.6340292591902483,0.3299250602722168,-0.07595138918357203,6,6
2017-03-19 18:00:00+00:00,,,0.3714901804924011,-5.056096802192608,,,,,0.3816181421279907,8.496417566015534,,,,,,,,,,,0.0017162561416625977,0.10554016991562355,,,3,3
2017-03-20 00:00:00+00:00,,,0.3242703080177307,-3.6952820381678797,,,0.2848692536354065,0.25717122132569886,0.3498694896697998,10.68019341051124,,,,,,,,,,,0.06763827800750732,-0.02278772914428895,0.5811418890953064,0.22460708449394592,5,5
2017-03-20 06:00:00+00:00,,,0.2811846137046814,-0.77662485532654,,,0.37811505794525146,-0.5674852627004684,0.33810603618621826,13.224862941823753,,,,,,,,,,,0.17074668407440186,0.22919452718517813,,,4,4
2017-03-20 12:00:00+00:00,,,0.21512264013290405,-1.2327458746618283,,,0.16107064485549927,-1.2994402649883654,0.3779933452606201,6.903080392310063,,,,,,,,,,,0.14921116828918457,0.4051306160840657,,,4,4
2017-03-20 18:00:00+00:00,,,0.16515445709228516,-0.48594949388798225,,,0.04888707399368286,-0.4542558654160364,0.38047468662261963,13.657871785271377,,,,,,,,,,,0.1387465000152588,0.6970291649397782,,,4,4
2017-03-21 00:00:00+00:00,,,0.28991109132766724,-1.7214628766468811,,,0.3074186444282532,-1.2642457410877574,0.38472604751586914,10.770953985654645,,,,,,,,,,,0.17117571830749512,-4.053849503735936,0.5077325999736786,-1.066019481481504,5,5
2017-03-21 06:00:00+00:00,0.8445703387260437,0.432597358514422,0.025763273239135742,17.167423458938547,,,0.23270148038864136,-2.0953001793054806,0.319002628326416,6.925900091807567,,,,,,,,,,,0.13949275016784668,0.048051141106803946,,,6,5
2017-03-21 12:00:00+00:00,0.039632558822631836,-0.5485645946501204,0.0670630931854248,14.367123043668736,,,0.27629798650741577,-7.469125876658604,0.33486616611480713,6.483918084497151,,,,,,,,,,,0.18862247467041016,0.19245625485573312,,,5,5
2017-03-21 18:00:00+00:00,0.05215179920196533,-0.21525161704071527,0.2519795298576355,-6.262481536212082,,,0.30199193954467773,-8.129785368057773,0.3519706726074219,7.998739326933536,,,,,,,,,,,0.17043232917785645,0.1077432306494551,,,5,5
2017-03-22 00:00:00+00:00,0.12685227394104004,-1.0927851248649652,0.3356108069419861,-1.0917585545784807,,,0.31628984212875366,-6.023053342246926,,,0.374308705329895,11.438637468480586,,,0.2271711826324463,0.716810070373304,,,,,0.027982354164123535,0.4875782288903256,,,6,6
2017-03-22 06:00:00+00:00,0.3255578279495239,-0.44147090690377183,0.33721160888671875,-5.6364973370840055,,,0.3542107343673706,-4.501227279538752,,,0.34506654739379883,7.608579108303333,,,0.32886409759521484,5.650528284871706,,,,,0.19498085975646973,1.0894497153419367,,,7,7
2017-03-22 12:00:00+00:00,0.2360626459121704,-0.8142438887522988,0.03429216146469116,-0.7752503025726946,,,0.3806740641593933,-7.075665088270176,,,0.3831980228424072,9.932669803780396,,,0.15047991275787354,3.534633075788174,,,,,0.2363814115524292,0.7284619360006188,,,9,7
2017-03-22 18:00:00+00:00,0.25465917587280273,0.05592453269956427,0.06895524263381958,-0.2350755954440659,,,0.41410255432128906,-8.754004449244919,,,0.35854029655456543,6.298193706680671,,,,,0.14002764225006104,2.401299865404225,,,0.0896155834197998,0.34810024981545756,,,7,7
2017-03-23 00:00:00+00:00,0.2767323851585388,-0.13907414326776577,0.008758127689361572,0.27664380708879105,,,0.40876317024230957,-7.32815667254665,,,0.29867708683013916,5.294589206967361,,,,,0.3226836919784546,2.2848245803059535,,,0.138236403465271,0.5104987243427562,,,7,7
2017-03-23 06:00:00+00:00,0.019340872764587402,-0.5931241194225854,0.10331213474273682,-0.13471102890413147,0.08023965358734131,0.054079545788625706,0.4261200428009033,-10.353261202357452,,,0.28054654598236084,4.441266247879652,,,,,,,,,0.09145820140838623,0.2664502123997557,,,6,6
2017-03-23 12:00:00+00:00,0.22573405504226685,-1.975164812633985,,,,,,,0.4261465072631836,-11.410416343507986,0.29269301891326904,4.826287960853233,,,,,,,,,0.24032378196716309,0.08152755045783698,,,5,4
2017-03-23 18:00:00+00:00,0.067626953125,-7.132983909841578,,,,,,,0.39874690771102905,-9.782182753630595,0.3127244710922241,4.213289482986727,,,,,,,,,0.19742751121520996,-0.10247215359031124,,,4,4
2017-03-24 00:00:00+00:00,0.12693411111831665,-3.6121884345130844,,,,,,,0.4986652135848999,-17.994420486015922,0.33774423599243164,4.547226080847988,,,,,,,,,0.008107304573059082,0.133614934902901,,,5,5
2017-03-24 06:00:00+00:00,0.28119778633117676,-21.14295193185736,,,,,,,0.42819035053253174,-9.566337520629327,0.3606705665588379,1.8534045742047447,,,,,,,,,0.12571871280670166,0.07840774813226023,,,5,5
2017-03-24 12:00:00+00:00,,,,,,,,,0.4257563352584839,-13.765431272921408,0.15699493885040283,0.6453645629859931,,,,,,,,,0.1224672794342041,-0.01338869197002453,,,5,5
2017-03-24 18:00:00+00:00,0.06303870677947998,26.12102621400903,,,,,,,0.48397570848464966,-11.029350003673507,0.22551286220550537,0.517630158466862,,,,,,,,,0.2760770320892334,-0.06313953682928376,0.12798607349395752,3.9377768419234243,5,5
2017-03-25 00:00:00+00:00,0.163441002368927,-0.6984608746423824,,,,,,,0.46271711587905884,-13.394509451076162,0.29299890995025635,0.30894873970826225,,,,,0.11784565448760986,0.9091847058777949,,,0.16421008110046387,0.6361883323682261,0.2831695079803467,0.060850959399100915,7,7
2017-03-25 06:00:00+00:00,,,,,,,,,0.4282103180885315,-11.1551896646424,0.4020904302597046,0.3023757529176156,,,,,,,,,0.11457502841949463,0.19850041486264802,0.022025108337402344,-0.07226580761441104,5,4
2017-03-25 12:00:00+00:00,,,,,,,,,0.4040147662162781,-14.336296610579646,,,,,0.48140519857406616,-1.1810797924720957,,,,,0.1310502290725708,0.424954981364063,0.25260162353515625,-0.5398324740817239,5,5
2017-03-25 18:00:00+00:00,0.2866210341453552,-7.541482643051579,0.10553932189941406,0.0029606681917719708,,,,,0.4480670094490051,-7.27517317544204,,,,,0.4405550956726074,-4.934794135772675,,,,,0.05508744716644287,0.4382901285057447,0.8383035212755203,-3.99495462597054,9,9
2017-03-26 00:00:00+00:00,0.19149625301361084,-0.02326246693750987,,,,,,,0.3945944905281067,-15.141621860573697,,,,,0.4815734624862671,-5.436612998486211,,,,,0.019498467445373535,0.12248960063778021,0.11616623401641846,-0.3914250053770497,6,5
2017-03-26 06:00:00+00:00,,,,,,,,,0.3491404056549072,-6.760699936212831,,,,,0.41835689544677734,-1.5010984064529436,,,,,0.028102636337280273,0.037796838767437196,0.16036784648895264,-0.04607303999869532,5,4
2017-03-26 12:00:00+00:00,,,,,,,,,0.36179405450820923,-24.934286687633186,,,,,0.3544050455093384,0.010252163334047227,,,,,0.21077823638916016,-0.14072336296213106,,,6,3
2017-03-26 18:00:00+00:00,,,,,,,,,0.36418479681015015,-25.28076760361422,,,,,,,,,,,0.16707932949066162,0.6152915416015645,,,2,2
2017-03-27 00:00:00+00:00,0.2524210810661316,-1.9119567548663852,,,,,,,0.4967971444129944,-11.550513660305938,,,,,,,,,,,0.0787726640701294,0.6781852141631207,,,3,3
2017-03-27 06:00:00+00:00,,,,,,,,,0.3379959464073181,-6.038795316580579,,,,,,,,,,,0.2611023187637329,0.11787927614001634,,,2,2
2017-03-27 12:00:00+00:00,,,,,,,,,0.33633702993392944,-5.177769115104379,,,,,,,,,,,0.2545245885848999,0.20159989689012028,,,2,2
2017-03-27 18:00:00+00:00,,,,,,,,,0.2912411093711853,34.407392755920306,,,,,,,,,,,0.1510218381881714,0.25531975255199,,,2,2
2017-03-28 00:00:00+00:00,,,,,,,,,0.31748634576797485,-6.035211830326715,,,,,,,,,,,0.06498515605926514,-0.31676374235377774,,,2,2
2017-03-28 06:00:00+00:00,,,0.1055448055267334,-2.934712476398372,,,,,0.2714526057243347,-5.087904264173682,,,,,,,,,,,0.08304405212402344,0.310933192625153,,,4,3
2017-03-28 12:00:00+00:00,,,0.07066941261291504,0.1805504984469443,,,,,0.29213887453079224,-18.340662727911333,,,,,,,,,,,0.20059502124786377,0.7138142007349191,,,3,3
2017-03-28 18:00:00+00:00,,,0.27006053924560547,-3.561526379988963,0.4505655765533447,-10.099848645503268,,,,,,,0.3259096145629883,1.8151289488941313,,,,,,,0.18691563606262207,0.09362572365733714,,,5,4
2017-03-29 00:00:00+00:00,,,0.2667226791381836,-18.253631758128837,0.16298800706863403,-0.2757932017726419,,,,,0.3056030869483948,-4.694873699167274,0.3633849620819092,1.5679112256627645,,,,,1.0,0.8684719274482664,0.01180809736251831,0.6321428023148304,,,6,6
2017-03-29 06:00:00+00:00,,,0.35672563314437866,-48.898576025124946,0.4312800168991089,-4.110941626089578,,,,,,,0.2113943099975586,0.3618456445545716,,,,,0.09169268608093262,-0.14548687381173583,,,0.012834548950195312,0.08944364709078723,5,5
2017-03-29 12:00:00+00:00,,,0.24144989252090454,-19.84457247424744,0.2839670181274414,-0.9111689507188989,,,0.2841860055923462,4.144535705100204,0.2843366861343384,-5.369940180880061,,,,,,,0.28426265716552734,-0.1976735763222274,,,0.23338639736175537,-0.3743374833713436,6,6
2017-03-29 18:00:00+00:00,,,0.3046049475669861,-77.0942525205961,0.5389919877052307,-0.46441496438772323,,,0.17642807960510254,2.934360258853344,,,,,,,0.1304835081100464,0.49672234670828536,0.5171841084957123,-0.4654322247677371,,,0.058449745178222656,0.07842499476915196,6,6
2017-03-30 00:00:00+00:00,,,0.184861958026886,37.98064865694022,,,,,0.07414638996124268,3.5836625866799867,0.24564218521118164,-1.8338409890248573,,,,,0.6920141875743866,-0.4472242599655789,0.21621370315551758,-0.189675506380144,,,0.1886897087097168,-0.3236678983728864,6,6
2017-03-30 06:00:00+00:00,,,0.28322428464889526,-68.0257177649964,,,,,0.16378998756408691,8.436033525476757,0.2762763500213623,-3.248993345673708,,,,,,,,,0.08769404888153076,0.24314502794406903,0.25132226943969727,-0.6619118649877902,7,7
2017-03-30 12:00:00+00:00,,,0.2803308963775635,-33.03993726156134,,,,,,,0.2816731333732605,-3.189821172930999,,,0.22577977180480957,6.202108111309395,,,,,0.09898704290390015,0.5747582779796843,0.36966609954833984,-0.15117371979636188,7,7
2017-03-30 18:00:00+00:00,,,0.26768767833709717,-21.604683056638944,,,,,,,0.3469732999801636,-6.714687103380826,,,0.2768263816833496,8.984429715005936,,,,,0.2373143434524536,-0.029029778020740596,0.13125944137573242,0.00950489444272193,6,6
2017-03-31 00:00:00+00:00,,,0.2280055284500122,3.584179911073346,,,,,,,0.27519553899765015,-3.4126985289460605,,,0.37649214267730713,9.1754800864908,,,,,0.10693728923797607,0.13549713090238022,,,5,5
2017-03-31 06:00:00+00:00,,,0.24083638191223145,-5.541803167583168,,,,,,,0.3204915523529053,-3.1156114227752156,,,0.23000752925872803,2.1792868307351827,,,,,0.12067198753356934,7.440159230079796,,,5,5
2017-03-31 12:00:00+00:00,,,0.26815372705459595,-8.345956996467214,,,,,,,0.31850898265838623,-4.100108316286539,,,0.11418640613555908,1.3763246091457881,,,,,0.10071384906768799,-0.3043362772244637,0.12565410137176514,0.050326851708638966,5,5
2017-03-31 18:00:00+00:00,,,0.278293251991272,-4.72156796485024,,,,,,,0.28317832946777344,-2.0053775874350204,,,0.3223989009857178,4.58168058184399,,,,,0.09061300754547119,0.19737084043580896,,,6,5
2017-04-01 00:00:00+00:00,,,0.25346308946609497,-2.887765988149576,,,,,,,,,,,0.15896236896514893,3.951990762915165,,,,,0.0570063591003418,0.2481254742476486,,,4,4
2017-04-01 06:00:00+00:00,,,0.27633315324783325,-6.069374816815734,,,,,,,,,,,0.4900827407836914,4.783496824829928,,,,,0.14546501636505127,0.016063915755430147,,,3,3
2017-04-01 12:00:00+00:00,,,0.2219533920288086,30.413198030071605,,,,,,,0.23199248313903809,-2.3795277218743442,,,0.2868621349334717,1.495203544569973,,,,,0.19040727615356445,0.28856428775036286,,,4,4
2017-04-01 18:00:00+00:00,,,0.26678353548049927,-5.802105753489792,,,,,,,0.045604825019836426,-0.5421965966494623,,,0.4689587354660034,6.278487605967444,,,,,0.0608062744140625,0.19001465288434718,,,6,6
2017-04-02 00:00:00+00:00,,,0.2771662473678589,-4.765006920391261,,,,,,,0.06381416320800781,-0.21523557971454632,0.020555734634399414,-0.301331019869177,,,0.18504130840301514,3.137786918313396,,,0.12281560897827148,-0.9448202083522911,,,6,5
2017-04-02 06:00:00+00:00,,,0.20787733793258667,51.0804017450717,,,,,,,0.04062169790267944,0.21349272311084697,0.08534204959869385,-8.933272649988004,,,0.38929760456085205,2.243639774598393,,,0.09708094596862793,0.2077017598438817,,,6,5
2017-04-02 12:00:00+00:00,,,0.20752912759780884,12.278434022740905,,,,,,,,,0.17628812789916992,-0.014162125185421143,,,0.7156887054443359,3.5206059656234667,,,0.11456835269927979,0.5127533454004379,0.3986314535140991,-0.013237553859912874,6,5
2017-04-02 18:00:00+00:00,,,0.2500104308128357,-0.46602723626877984,,,,,,,,,0.2112048864364624,-0.39964321573327344,,,,,,,0.13862168788909912,2.094795989779625,0.3499526381492615,0.05588043148697865,4,4
2017-04-03 00:00:00+00:00,,,0.2561820149421692,-50.77198152260141,,,,,,,,,0.16355693340301514,0.4278975558636389,,,,,,,0.10997259616851807,1.700095114959391,,,4,3
2017-04-03 06:00:00+00:00,,,0.26181870698928833,-4.002217387796316,,,0.1661331057548523,0.09028824733426156,,,,,0.09764754772186279,0.5532875667441245,,,,,,,0.15867877006530762,2.109131368692911,,,5,5
2017-04-03 12:00:00+00:00,,,0.3002353310585022,-3.4475946089905,,,0.011559724807739258,0.8963427170949199,,,,,0.17686820030212402,5.032059976499884,,,,,,,0.07638931274414062,0.4534577334361389,,,4,4
2017-04-03 18:00:00+00:00,,,0.2815960645675659,-45.63740870214631,,,,,,,,,0.07943010330200195,4.240639312253696,0.1341862678527832,-0.41266174364560276,,,0.3859541416168213,-0.14636417593266168,0.15455341339111328,0.4309766510358825,,,6,6
2017-04-04 00:00:00+00:00,,,0.26783090829849243,-69.40195604451256,,,,,,,,,0.1492478847503662,1.3755824456072008,0.29485762119293213,-0.4318247295640293,,,,,0.1384580135345459,0.9615943926031338,,,5,5
2017-04-04 06:00:00+00:00,,,0.27558112144470215,-4.157233729341289,,,,,,,,,0.13518822193145752,1.3632327482222346,0.1917506456375122,0.4858158399329359,,,,,0.11841058731079102,1.3428056844959386,,,4,4
2017-04-04 12:00:00+00:00,,,0.23148512840270996,41.26470343124234,,,,,,,,,0.22552752494812012,8.467875697881949,,,,,,,0.12798607349395752,1.1076859174487952,,,3,3
2017-04-04 18:00:00+00:00,,,0.2553105354309082,-4.307897428420022,,,,,,,,,0.22112464904785156,6.804884379011775,,,,,0.43160176277160645,-0.2549731885776062,0.10014224052429199,1.0392761610996901,,,4,4
2017-04-05 00:00:00+00:00,,,0.2675777077674866,-3.443407704466869,,,,,,,,,,,0.29419147968292236,2.3671526600269197,,,0.13862144947052002,-0.12005353772327396,0.08193230628967285,1.8957597763082399,,,5,5
2017-04-05 06:00:00+00:00,,,0.27552706003189087,-4.3287940657346375,,,,,,,,,,,0.33677732944488525,4.980745526067004,,,,,0.14961004257202148,5.461814590159355,,,5,5
2017-04-05 12:00:00+00:00,,,0.24999016523361206,-5.362339700381273,,,,,,,,,,,0.34246301651000977,9.01480550655546,,,0.05934286117553711,-0.1728789597864015,0.15673816204071045,0.6875312548880358,,,6,6
2017-04-05 18:00:00+00:00,,,0.27397459745407104,-3.171541732625361,,,,,,,,,,,0.26194310188293457,3.9691796850024526,,,,,0.08210015296936035,-5.619401873044008,,,4,4
2017-04-06 00:00:00+00:00,,,0.2647550106048584,-4.481284361707084,,,,,,,,,,,0.43383049964904785,9.424542493874963,,,,,0.07581186294555664,3.9421596714138243,,,4,4
2017-04-06 06:00:00+00:00,,,0.27767062187194824,-3.283411131642005,,,,,,,,,,,0.47810864448547363,10.26007502555118,,,,,0.14131224155426025,0.3590461543994179,,,5,5
2017-04-06 12:00:00+00:00,,,0.2802917957305908,-4.456684381421279,,,,,,,,,,,0.42172014713287354,7.451166958859649,,,,,0.16303884983062744,1.0674917866398874,,,4,4
2017-04-06 18:00:00+00:00,,,0.29875630140304565,-4.581682356735253,,,,,,,,,,,0.34762752056121826,8.401414920680594,,,,,0.14689350128173828,2.0457602964947976,,,4,4
2017-04-07 00:00:00+00:00,0.06799697875976562,-0.7088230607004822,0.26112401485443115,-3.3208269171086764,,,,,,,,,,,0.4454922676086426,10.692528096119286,,,,,0.15778672695159912,39.192777632683885,,,5,5
2017-04-07 06:00:00+00:00,,,0.29024624824523926,-3.177190917785943,,,,,,,,,,,0.25468015670776367,2.6564525281583924,,,,,0.19838345050811768,0.7197546770429545,,,7,7
2017-04-07 12:00:00+00:00,,,0.3171460032463074,-3.102758773998223,,,,,,,,,,,0.3917572498321533,6.554321115475754,,,,,0.22144651412963867,1.1472246998611013,,,7,7
2017-04-07 18:00:00+00:00,,,0.29802775382995605,-13.157105389104123,,,,,,,,,,,0.42205357551574707,2.3773040535490453,0.02856212854385376,0.6121864665176296,,,0.15660130977630615,0.8812404395022039,,,7,7
2017-04-08 00:00:00+00:00,,,0.3238861560821533,-23.487752466747352,,,,,,,,,,,0.3752955198287964,8.758797839883153,0.21303999423980713,-0.019198087297462762,,,0.19432473182678223,2.6246087257799116,,,5,5
2017-04-08 06:00:00+00:00,,,0.36693233251571655,-33.28964223694633,,,,,,,,,,,0.27365219593048096,3.1555059538148496,,,,,0.18694806098937988,2.170143253102242,0.30943185091018677,0.17444645857657637,5,5
2017-04-08 12:00:00+00:00,,,0.3262983560562134,-4.695574026058564,0.10981476306915283,1.041585256718757,,,,,,,,,0.12603867053985596,0.043645391661448645,,,,,0.16681897640228271,0.3369047667946812,,,5,5
2017-04-08 18:00:00+00:00,,,0.3184981346130371,-4.697048273888682,,,,,,,,,,,0.07037031650543213,0.08852326427332441,,,,,0.16170275211334229,-19.972863174726506,,,3,3
2017-04-09 00:00:00+00:00,,,0.3207245469093323,-44.44080990217112,,,,,,,,,,,0.12469685077667236,-0.01768305670927688,,,,,0.10661673545837402,0.7088789668155367,,,3,3
2017-04-09 06:00:00+00:00,,,0.31273919343948364,3.5612171924274807,,,,,,,,,,,,,0.35302889347076416,0.28184672535742894,,,0.17702209949493408,0.17211564028673645,,,3,3
2017-04-09 12:00:00+00:00,,,0.30045419931411743,-3.214042003814548,,,,,,,,,,,,,0.035727500915527344,1.1342160538216846,,,0.17698884010314941,0.9609227773960856,,,3,3
2017-04-09 18:00:00+00:00,,,0.3414034843444824,-2.8222069382974175,,,0.4650071859359741,0.535980077378245,,,,,,,,,0.11332595348358154,0.9852267124314064,,,0.09421372413635254,0.8373522441422335,0.04285264015197754,0.32794760123170785,6,5
2017-04-10 00:00:00+00:00,,,0.3172404170036316,-2.7223209068766563,,,0.1654130220413208,-0.38231712411629803,,,,,,,,,0.588546872138977,1.5246707398171666,,,0.21407723426818848,0.9662768968848386,0.036519646644592285,-0.13696720881165342,5,5
2017-04-10 06:00:00+00:00,,,0.27968263626098633,22.685430532513635,,,0.2327197790145874,-0.055408782067974165,,,,,,,,,0.31345033645629883,2.4049527407120106,,,0.17730927467346191,0.5388897651124571,0.41532015800476074,0.36735956073894377,5,5
2017-04-10 12:00:00+00:00,,,0.35503482818603516,-25.525098819584272,,,0.023568570613861084,-0.26366760174358533,,,,,,,,,0.30499547719955444,0.4921489984830679,,,0.17511451244354248,0.8296890487535953,,,5,4
2017-04-10 18:00:00+00:00,,,0.2740573287010193,-2.4154512311110294,,,0.16338133811950684,-0.21357589894536397,,,,,,,,,,,,,0.13936245441436768,0.7743174339355915,,,3,3
2017-04-11 00:00:00+00:00,,,0.29783928394317627,-1.321375360098305,,,0.24617135524749756,0.32201859861591503,,,,,,,,,,,,,0.16229164600372314,1.546220551827722,,,4,4
2017-04-11 06:00:00+00:00,,,0.2516486644744873,-2.406132981283981,,,0.2085953950881958,3.1886674827435133,,,,,,,,,,,,,0.22958588600158691,1.486442370525963,,,4,4
2017-04-11 12:00:00+00:00,,,0.27043402194976807,-2.6135792603700905,,,0.056049466133117676,0.5350568588460526,,,,,,,,,,,,,0.19074678421020508,2.3364483278269454,,,4,4
2017-04-11 18:00:00+00:00,,,0.2471470832824707,-1.5227067332767723,,,0.21018362045288086,4.4729425945351755,,,,,,,,,,,,,0.21910417079925537,4.024807674105536,,,4,4
2017-04-12 00:00:00+00:00,,,0.36884117126464844,-1.9745822093061773,,,0.3163480758666992,1.3840947290752776,,,,,,,,,,,,,0.14771103858947754,2.287316954409687,,,4,4
2017-04-12 06:00:00+00:00,,,0.30978429317474365,-1.2259087560732065,,,0.36364853382110596,4.830875974713768,,,,,,,,,,,,,0.1894139051437378,-8.645922719191846,,,4,4
2017-04-12 12:00:00+00:00,,,0.2838752269744873,-1.0753259151681256,,,0.31314289569854736,1.6958017067026507,0.40485382080078125,12.945752116803117,,,,,,,,,,,0.22979295253753662,2.417681089584781,,,4,4
2017-04-13 00:00:00+00:00,,,0.3127111792564392,-2.3417304947369955,,,0.3965787887573242,2.2788241199054258,0.4699338674545288,5.246684067830176,,,,,,,,,,,0.19054114818572998,1.01990031663592,,,4,4
2017-04-13 06:00:00+00:00,,,0.2596277594566345,-1.3639833116056634,,,0.20553278923034668,2.084962539286033,0.34687530994415283,8.077202998954156,,,,,,,,,,,0.23061871528625488,7.177773897297996,,,4,4
2017-04-13 12:00:00+00:00,,,0.29830873012542725,-1.892890663490357,,,,,0.42921435832977295,5.329355247717367,,,,,,,,,,,0.3280903100967407,1.7316697655965365,,,3,3
2017-04-13 18:00:00+00:00,,,0.2561274766921997,-2.6301260381874725,,,,,0.2980632781982422,3.361770850026884,,,,,,,,,,,0.201285719871521,0.9743785451927128,,,3,3
2017-04-14 00:00:00+00:00,,,0.25041282176971436,-4.093889635172383,,,,,0.2732430696487427,6.377587509218108,,,,,,,,,,,0.25079667568206787,6.592957793212616,,,3,3
2017-04-14 06:00:00+00:00,,,0.25979673862457275,-3.5142086125037375,,,,,0.3466233015060425,10.49292154061373,,,,,,,,,,,0.1503504514694214,1.8043086616250545,,,3,3
2017-04-14 12:00:00+00:00,,,0.3376316428184509,-3.191223022806618,,,,,0.2938559055328369,-2.213867618856943,,,,,,,,,,,0.22742915153503418,0.7962342312945361,,,4,4
2017-04-14 18:00:00+00:00,,,0.3678322434425354,-1.7632466065105634,,,,,0.35991156101226807,4.031848033607879,,,,,,,,,,,0.2418978214263916,7.5026357067746705,,,4,4
2017-04-15 00:00:00+00:00,,,0.22874999046325684,-2.324022895244382,,,,,0.3736398220062256,7.351166893297991,,,,,,,,,,,0.17465543746948242,-13.707596893931871,,,4,4
2017-04-15 06:00:00+00:00,,,0.34925758838653564,-9.582112873096479,,,,,0.38119053840637207,4.843966657889558,,,,,,,,,,,0.11317837238311768,0.876833416359272,,,4,4
2017-04-15 12:00:00+00:00,,,0.25375038385391235,-2.7129099225168685,,,,,0.5127544403076172,7.400004468893409,,,,,,,,,,,0.1689608097076416,0.5130250544553774,,,4,4
2017-04-15 18:00:00+00:00,,,,,0.36932384967803955,-1.340468624202886,,,0.48447155952453613,4.419393007755402,,,,,,,,,,,0.1767113208770752,2.4011316814767896,,,5,5
2017-04-16 00:00:00+00:00,,,,,0.2322583794593811,-0.842971122463784,0.09433555603027344,-1.328941499087191,0.45148980617523193,4.761338642049317,,,,,,,,,,,0.19635295867919922,0.5621511471585771,,,5,5
2017-04-16 06:00:00+00:00,,,,,0.22929304838180542,-1.0623307249876592,0.5959452092647552,-0.32851501913855646,0.4681750535964966,8.621878938416527,,,,,,,,,,,0.19489777088165283,0.7919165153343123,,,5,5
2017-04-16 12:00:00+00:00,,,0.3544811010360718,-14.29746020710638,,,0.3577180504798889,-0.781603719144022,0.555008053779602,11.707142561773054,0.20753896236419678,0.25014154764737456,,,,,,,,,0.21745634078979492,0.08231598845542043,,,5,5
2017-04-16 18:00:00+00:00,,,0.25034409761428833,-0.5805159124468258,,,0.4801397919654846,-2.9174345264316264,0.5111472606658936,6.362669893883965,0.12448692321777344,7.013520416779642,,,,,,,,,0.12104415893554688,0.9330811873504103,,,5,5
2017-04-17 00:00:00+00:00,,,,,0.2267816662788391,-21.496868246418018,0.2908492684364319,-1.1255105682516477,0.5496499538421631,9.301841976576226,0.2831742763519287,3.3542184145235225,,,,,,,,,0.09454011917114258,0.4043806239201731,,,5,5
2017-04-17 06:00:00+00:00,,,,,0.2074149250984192,-0.8290778888397212,0.16118258237838745,-2.5969431414669333,0.46486997604370117,5.8660511309685095,0.14923095703125,0.2524866449489416,,,,,,,,,0.14992213249206543,0.35125333980460255,,,6,6
2017-04-17 12:00:00+00:00,,,0.272081196308136,-2.2815250341085753,,,0.4235798716545105,-4.318206528902246,0.5198371410369873,11.2898559058926,0.24302566051483154,0.013150040978708206,,,,,,,,,0.2758880853652954,0.7865384677579149,,,6,6
2017-04-17 18:00:00+00:00,,,0.2203763723373413,-0.34672664990789814,,,0.4318598508834839,-11.270211852534556,0.47792482376098633,5.500727501446414,0.10679638385772705,-0.15678520514048866,,,,,,,,,0.2235783338546753,3.403948721743904,,,5,5
2017-04-18 00:00:00+00:00,,,0.22019481658935547,-1.3763567934506065,,,0.38674092292785645,-6.118086586342617,0.4029219150543213,6.848586269474102,0.33014965057373047,0.16629091809757174,,,,,,,,,0.07088565826416016,5.151751292568752,,,5,5
2017-04-18 06:00:00+00:00,,,0.2764509916305542,-2.1286014130079653,,,0.36609846353530884,-8.079583002898918,0.3593006134033203,3.483248760076036,0.24811887741088867,4.353740342172834,,,,,,,,,0.14703118801116943,0.5156951301260868,,,5,5
2017-04-18 12:00:00+00:00,,,0.2508291006088257,-1.939037674639847,,,0.435724675655365,-4.184389995622212,,,0.43185651302337646,6.273416803475176,,,,,,,,,0.11976039409637451,0.28253151841368535,,,5,5
2017-04-18 18:00:00+00:00,,,0.2922569513320923,-1.616149038996394,,,0.4095386862754822,-9.235746931539705,,,0.38154304027557373,5.76541571021121,,,,,,,,,0.11303246021270752,0.417771697809213,,,5,5
2017-04-19 00:00:00+00:00,,,0.2609388828277588,-2.643239248564029,,,,,0.5317235589027405,-11.535334648104369,0.34024715423583984,3.5432104565708884,,,,,0.5167431831359863,5.724097101672027,,,0.05139040946960449,0.8995736409523991,,,6,6
2017-04-19 06:00:00+00:00,,,0.3424415588378906,-3.595724526582604,,,0.4188809394836426,-6.4493612584602005,,,0.41415417194366455,6.001792661433822,,,,,0.4523441791534424,1.2138994760412227,,,0.13709640502929688,1.1486816027555609,,,6,6
2017-04-19 12:00:00+00:00,0.33302736282348633,0.23645537282742426,0.3248063921928406,1.958158897888142,,,0.06355893611907959,1.1365453097697338,0.4321441650390625,-4.919665937845602,0.2739737033843994,4.1630836407412435,,,,,,,,,0.1804802417755127,0.8897177276845984,,,8,8
2017-04-20 00:00:00+00:00,,,0.3455709218978882,-27.216860763488565,0.2523231506347656,0.3257638484806662,0.22351819276809692,-1.3065232369638782,0.4245615601539612,-9.54045584846647,0.3013879060745239,0.742834820817322,,,,,,,,,0.12067842483520508,0.8532913182825478,,,7,7
2017-04-20 06:00:00+00:00,,,0.22636085748672485,-2.40991480881328,0.4026634693145752,-0.09551301810970593,0.18546581268310547,-4.615202555387717,0.458385705947876,-8.200240832003317,0.3228321075439453,3.612283731978849,,,0.44773149490356445,4.102592647638155,0.1762617826461792,0.056862458923004046,,,0.1173180341720581,0.9996978350209991,,,8,8
2017-04-20 12:00:00+00:00,,,0.2694639563560486,-3.3100747274997326,,,0.2097434401512146,-0.8931896162305261,0.4462085962295532,-9.264779812570623,0.29184746742248535,6.059940092074038,,,0.37263625860214233,-3.5660295515442906,0.13097798824310303,-0.419530653710319,,,0.13119101524353027,-29.278801358024435,,,7,7
2017-04-20 18:00:00+00:00,,,,,,,,,0.3731793761253357,-7.662300389265916,0.30912160873413086,0.009242335511968498,,,0.6465127468109131,-5.203856816979763,0.2877599000930786,0.045726137892220665,,,0.14748632907867432,0.34575721766429,,,5,5
2017-04-21 00:00:00+00:00,,,,,,,,,0.3232637643814087,-9.739595960186412,0.2151355743408203,0.9046728535535803,,,0.3031558394432068,-0.5340478832512005,,,,,,,0.1555325984954834,0.5395610609152377,5,5
2017-04-21 06:00:00+00:00,,,,,,,,,0.37099510431289673,-11.845649699738141,0.2906174659729004,-0.7907507579552596,,,0.644336074590683,-2.745667132104593,,,,,,,0.14597642421722412,-0.0919636708132167,5,5
2017-04-21 12:00:00+00:00,,,,,,,,,0.33825188875198364,-11.165142415879572,,,,,0.11524820327758789,-1.2634031977340041,,,,,,,0.029955148696899414,-0.06684266675233194,3,3
2017-04-21 18:00:00+00:00,,,,,,,,,0.3359847068786621,-10.797168910119675,,,,,0.008478343486785889,0.16941535754790424,,,,,,,0.11496996879577637,0.2822562702768258,3,3
2017-04-22 00:00:00+00:00,,,0.1859290599822998,-4.844621814406916,,,,,0.42440909147262573,-7.225170199769965,,,,,0.08722740411758423,0.043885123753117636,,,,,0.7775311022996902,-4.781474823782584,0.01861119270324707,0.3606686126125598,5,5
2017-04-22 06:00:00+00:00,,,,,,,,,0.3726743459701538,-21.902180872405555,,,,,0.27996647357940674,-1.4195332837623817,,,,,,,0.06075751781463623,3.7620493377506863,3,3
2017-04-22 12:00:00+00:00,,,0.22990775108337402,-4.111400676421891,,,,,0.4009583592414856,-9.59424798232705,,,,,0.35124754905700684,0.08285330135072667,,,,,0.4264853000640869,-0.4926598959628005,0.11295592784881592,1.4171809792523913,5,5
2017-04-22 18:00:00+00:00,,,,,,,,,0.33176374435424805,-9.638010230072842,,,,,0.5228585302829742,-5.2718482394112876,,,,,0.3598538637161255,0.5956248803330129,0.05758023262023926,-0.09266126140252173,5,5
2017-04-23 00:00:00+00:00,,,,,,,,,0.3190634846687317,-5.663280764812124,,,,,0.25405627489089966,-1.702026160766731,,,,,0.4147295355796814,0.018445192820883385,0.25784969329833984,0.49445386843111244,8,6
2017-04-23 06:00:00+00:00,,,,,,,,,0.3285052180290222,-10.877820454858565,,,,,0.4286598563194275,-1.2747992533978256,,,,,0.259244441986084,-0.10562018228932717,,,6,4
2017-04-23 12:00:00+00:00,,,0.2926974296569824,-14.615278735201144,,,,,0.3428539037704468,-6.1576313767359245,,,,,0.2856483459472656,-0.16061347439391027,,,,,,,,,4,3
2017-04-23 18:00:00+00:00,,,,,,,,,0.3130034804344177,-7.184461246480906,,,,,,,,,,,,,,,1,1
2017-04-24 00:00:00+00:00,,,0.3282321095466614,-47.171001047822784,,,,,0.29695433378219604,-5.887620264635597,,,,,,,,,,,,,,,2,2
2017-04-24 06:00:00+00:00,0.35025203227996826,0.6118729186441719,,,,,,,0.2669820189476013,1.9112162567655018,,,,,,,0.45863282680511475,-0.879460403010254,0.1279696226119995,0.5094681787972974,,,,,4,4
2017-04-24 12:00:00+00:00,0.33224284648895264,0.8781711646946798,,,,,,,0.2900882363319397,-5.227366111406599,,,,,,,,,,,,,,,2,2
2017-04-24 18:00:00+00:00,,,0.20299828052520752,-5.4240248433030285,,,,,,,0.44006502628326416,-7.562635128282512,,,,,,,0.20084702968597412,-0.8597959349470814,,,,,4,4
2017-04-25 00:00:00+00:00,,,0.2189328670501709,-3.450503402082652,,,,,,,0.38191962242126465,-2.941112165972021,,,,,,,0.0905998945236206,-0.4334623177492171,,,,,4,4
2017-04-25 06:00:00+00:00,,,0.3404971957206726,-40.89033438591919,,,,,0.2772475481033325,-7.898390207799754,0.4472430348396301,-5.954628663465286,,,,,,,0.09612011909484863,-0.11008628724057788,,,,,6,6
2017-04-25 12:00:00+00:00,,,0.4563058018684387,-34.2561379531716,,,,,0.20934051275253296,-2.9827347173855534,0.30059874057769775,-1.43408593917182,,,,,,,0.27664756774902344,3.751076237028913,,,,,6,6
2017-04-25 18:00:00+00:00,,,0.21299231052398682,-3.799803747107131,,,,,0.24494582414627075,4.927970645899901,0.1972941756248474,-1.5919788358320337,,,,,,,0.08609938621520996,1.9355075796540264,,,,,6,6
2017-04-26 00:00:00+00:00,,,0.2601410150527954,-2.128816044612459,,,,,0.3978545069694519,-6.669706929602787,0.418998122215271,-3.2575214320721964,,,,,,,0.12395024299621582,-0.5395773609027323,,,,,8,8
2017-04-26 06:00:00+00:00,,,0.06240499019622803,26.786618431718555,,,,,0.28780239820480347,-3.8715468679437604,0.29832911491394043,-2.1870996379605896,,,,,,,,,0.16680395603179932,0.7909740244859575,,,6,6
2017-04-26 12:00:00+00:00,,,0.21795815229415894,-0.21257245974689995,,,,,0.26623910665512085,-6.42120094536699,0.16875284910202026,-0.5208866700855874,,,,,,,,,0.21103835105895996,2.1839698939877015,,,4,4
2017-04-26 18:00:00+00:00,,,0.31425195932388306,-3.0483889969252167,,,,,0.3624938130378723,-6.836445259512716,0.1696569323539734,-2.533146998394026,,,,,,,,,0.18508541584014893,1.6518586541585205,,,4,4
2017-04-27 00:00:00+00:00,,,0.21230363845825195,-4.121626861134382,,,,,0.25802433490753174,-4.9317737358953,0.29267191886901855,-1.0973322986311316,,,,,,,,,0.20604097843170166,4.6766686757154075,,,4,4
2017-04-27 06:00:00+00:00,,,0.3559114933013916,-35.64216928886496,,,,,0.32866936922073364,-4.445999203728296,0.19245314598083496,-0.701922483087861,,,,,,,,,0.21934616565704346,2.645915449443481,,,4,4
2017-04-27 12:00:00+00:00,,,0.2833249568939209,-3.642658026451177,,,,,,,0.21876931190490723,-1.5823387343876771,,,,,,,,,0.23115622997283936,3.1540980527178397,,,3,3
2017-04-27 18:00:00+00:00,,,0.2735517621040344,-2.5153225208333625,,,,,,,0.38825565576553345,-2.956391931858484,,,,,,,,,0.21359002590179443,1.9238918735430817,,,3,3
2017-04-28 00:00:00+00:00,,,0.27985256910324097,-1.9633923214744078,,,,,,,0.258866548538208,-2.09038815633114,,,,,,,,,0.15445685386657715,0.9240202919902354,,,3,3
2017-04-28 06:00:00+00:00,,,0.3071557879447937,-16.0266551157478,0.05956047773361206,-0.07218767231115142,,,,,0.2359151840209961,-0.5330467251732369,,,,,,,,,0.12453246116638184,0.9070470991152354,,,5,5
2017-04-28 12:00:00+00:00,,,0.2961340546607971,-1.6929159452470985,0.494964063167572,-2.398926224923206,,,,,0.07418298721313477,0.5430707515447273,,,,,,,,,0.18236768245697021,6.421247770714249,,,5,5
2017-04-28 18:00:00+00:00,,,0.1712227463722229,35.380132824475304,,,,,,,0.3609922528266907,-3.1801541553599826,,,,,,,,,0.10442817211151123,0.39533371407694573,,,4,4
2017-04-29 00:00:00+00:00,,,0.28650498390197754,-23.398958793751365,0.017459869384765625,-0.6110010877528667,,,,,0.1983940601348877,0.8942434735034286,,,,,,,,,0.22740066051483154,-1.4790935069344078,,,5,5
2017-04-29 06:00:00+00:00,,,0.26954376697540283,-6.907658260078804,0.22801697254180908,0.27879947255334503,,,,,0.4597683548927307,-0.496952018172091,,,,,,,,,0.15950512886047363,0.8904571632967734,,,5,5
2017-04-29 12:00:00+00:00,,,0.25110334157943726,-1.4915581695256488,0.12503492832183838,0.009779814627217854,,,,,0.518698126077652,-0.5706707089684002,,,,,,,,,0.15789783000946045,0.28483229860627923,,,4,4
2017-04-29 18:00:00+00:00,,,0.3012898564338684,-5.269296312340305,0.2854839563369751,-0.14406964329635666,,,,,,,,,,,,,,,0.11949706077575684,-8.253682457285755,,,3,3
2017-04-30 00:00:00+00:00,,,0.1330152153968811,36.23483926585795,0.20478808879852295,-1.6606388005404455,,,,,,,,,,,,,,,0.130743145942688,2.110050744706024,,,3,3
2017-04-30 06:00:00+00:00,,,0.2581210732460022,-3.506735134301692,0.06430459022521973,-0.31663177291571665,,,,,,,,,,,,,,,0.10862243175506592,-21.95397213805002,,,3,3
2017-04-30 12:00:00+00:00,,,0.2687656879425049,-1.6575940886829463,0.28046584129333496,0.057120667424548896,,,,,,,,,,,,,,,0.18438208103179932,1.3204338634040251,,,3,3
2017-04-30 18:00:00+00:00,,,0.26554596424102783,-5.151712001253916,,,,,,,,,,,,,,,,,0.1596285104751587,2.622475173110686,,,2,2
2017-05-01 06:00:00+00:00,,,0.22205138206481934,-2.435170867024808,,,,,,,,,,,,,,,,,0.15922176837921143,0.19806408697059352,,,2,2
2017-05-01 12:00:00+00:00,,,0.26068735122680664,-3.7318246901158636,,,,,,,,,0.15439999103546143,-0.2171054087752524,,,,,,,0.13245725631713867,1.9473050472683409,,,3,3
2017-05-01 18:00:00+00:00,,,0.2088368535041809,-9.098747888674943,,,,,,,,,,,0.024931669235229492,0.05009389844078271,,,,,0.17099881172180176,3.6998408068824316,,,3,3
2017-05-02 00:00:00+00:00,,,0.2320128083229065,-4.538003499441393,,,,,,,,,,,0.23474019765853882,-0.541182402293954,,,,,0.1307295560836792,42.127704893317684,,,3,3
2017-05-02 06:00:00+00:00,,,0.24460351467132568,-2.230927109111422,,,,,,,,,,,0.01583385467529297,-0.015284819641851065,,,,,0.08692026138305664,-0.6253375914328343,,,3,3
2017-05-02 12:00:00+00:00,,,0.2529694437980652,-1.6505531055889973,,,,,,,,,,,0.03176999092102051,-0.4318722291335802,,,,,0.15785539150238037,0.5240668768491618,,,3,3
2017-05-02 18:00:00+00:00,,,0.27053582668304443,-3.116203006488364,,,,,,,,,,,,,,,,,0.25911104679107666,-1.9539415178821296,,,3,3
2017-05-03 00:00:00+00:00,,,0.2250416874885559,-1.6439426825688588,,,,,,,,,,,0.26957809925079346,1.309563210633399,,,,,0.13673841953277588,0.6157855679054509,0.10565531253814697,0.3942578062338555,4,4
2017-05-03 06:00:00+00:00,,,0.2542591094970703,-2.484293451204972,,,,,,,,,,,,,,,,,0.21280217170715332,0.9987070075451223,0.38747817277908325,-14.617004646647812,3,3
2017-05-03 12:00:00+00:00,,,0.2498653531074524,-5.340104938467224,,,,,,,,,,,,,,,,,0.12724363803863525,1.6254883775621032,0.07583510875701904,-0.0469525827988957,4,4
2017-05-03 18:00:00+00:00,,,0.25519514083862305,-1.3683832240881524,,,,,,,,,,,,,,,,,0.26155173778533936,1.024520926170785,0.08630585670471191,0.5311150370251039,3,3
2017-05-04 00:00:00+00:00,,,0.25127726793289185,-0.6315861260577338,,,,,,,,,,,,,,,,,0.14240741729736328,0.8406595392345023,,,2,2
2017-05-04 06:00:00+00:00,,,0.21386533975601196,-1.031822742637527,,,,,,,,,,,,,,,,,0.16640257835388184,2.7308084040951797,,,2,2
2017-05-04 12:00:00+00:00,,,0.2939647436141968,-2.2722123556612566,,,,,,,,,,,,,,,,,0.1859828233718872,-13.336590795834883,,,2,2
2017-05-04 18:00:00+00:00,,,0.30477070808410645,-34.31401193615844,,,,,,,,,,,,,,,,,0.1737135648727417,0.42994059845599325,,,2,2
2017-05-05 00:00:00+00:00,,,0.2604856491088867,-19.886530557477478,,,,,,,,,,,,,,,,,0.15205156803131104,0.31259556186708576,,,3,2
2017-05-05 06:00:00+00:00,,,0.28018617630004883,-30.44829775216308,,,,,,,,,,,,,,,,,0.1556030511856079,0.3164358332929442,,,3,2
2017-05-05 12:00:00+00:00,,,0.273501992225647,-2.20564371025278,,,,,,,,,,,,,,,,,0.1768951416015625,3.609636734420508,,,4,2
2017-05-05 18:00:00+00:00,,,0.23659539222717285,-4.007732747529415,0.3569484353065491,0.2881212164319954,,,,,,,0.11691522598266602,0.6902684141393535,,,,,,,0.19001054763793945,1.5126653411919058,,,4,4
2017-05-06 00:00:00+00:00,,,0.30225205421447754,-33.37979992031844,0.13683485984802246,0.350767050438183,,,,,,,0.11539733409881592,1.3192815518507703,,,,,,,0.18410587310791016,1.8257971133157842,,,4,4
2017-05-06 06:00:00+00:00,,,0.3254883885383606,-3.193160224887025,0.19490516185760498,0.06007646286857766,,,,,,,0.15795624256134033,1.041500423702076,,,,,,,0.2165052890777588,2.3004887391290323,,,4,4
2017-05-06 12:00:00+00:00,,,0.279880166053772,-4.035566040854911,,,,,,,,,0.24634742736816406,2.6787622653742553,,,,,,,0.15721404552459717,0.8193076084526659,,,4,3
2017-05-06 18:00:00+00:00,,,0.2976389527320862,-2.236132337719235,,,,,,,,,,,0.2410743236541748,1.13224046487796,,,,,0.14783096313476562,0.4831280499669507,,,3,3
2017-05-07 00:00:00+00:00,,,0.30378276109695435,-2.4781805070399074,,,,,,,,,,,0.3665189743041992,0.961705493397896,,,,,0.11670589447021484,0.5966393928809834,,,4,3
2017-05-07 06:00:00+00:00,,,0.3192406892776489,-3.276526468869936,,,,,,,,,,,0.37705910205841064,1.297046773873269,,,,,0.12913227081298828,0.9918970198378935,,,3,3
2017-05-07 12:00:00+00:00,,,0.3611360788345337,-52.94383770385394,,,0.013920724391937256,-0.38636358905668433,,,,,,,0.4394451379776001,5.720916830922462,,,0.2229146957397461,-0.7327364784176357,0.07847774028778076,0.3971695674285282,,,5,5
2017-05-07 18:00:00+00:00,,,0.3041749596595764,-2.022295335563722,,,0.08101832866668701,0.13955493264887292,,,,,,,0.34436583518981934,3.617243563727556,,,,,0.17555713653564453,1.5874367318850142,,,4,4
2017-05-08 00:00:00+00:00,,,0.32681185007095337,-4.926006621360862,,,0.12756645679473877,0.02574258093891074,,,,,,,0.16456139087677002,-0.48044367627652723,,,,,0.13889825344085693,2.31737943997201,,,4,4
2017-05-08 06:00:00+00:00,,,0.25382936000823975,-2.55045504486099,,,0.1381969451904297,0.16374991784479068,,,,,,,0.29326844215393066,-0.09700244107828904,,,,,0.21418821811676025,3.219028830301809,,,4,4
2017-05-08 12:00:00+00:00,,,0.35557955503463745,-16.159078096079554,,,0.16682839393615723,0.5275122553254527,,,,,,,0.40256285667419434,4.920887369037216,,,,,0.11434483528137207,0.25307912183304454,,,4,4
2017-05-08 18:00:00+00:00,,,0.33269959688186646,-5.566845093571633,,,0.12057769298553467,0.34906708360628547,,,,,,,0.26663756370544434,3.995977343212864,,,,,0.10456764698028564,0.05336365970796637,,,4,4
2017-05-09 00:00:00+00:00,,,0.3446441888809204,-6.91735505955271,,,0.2581038475036621,1.5080230769202143,,,,,,,0.16673791408538818,4.974475553136637,,,,,0.08270525932312012,0.6407663169901628,,,4,4
2017-05-09 06:00:00+00:00,,,0.29511189460754395,-2.753891021317943,,,0.2601526975631714,2.558164849553335,,,,,,,0.21468281745910645,0.7806753266393309,,,,,0.13453936576843262,2.5750607703250785,,,4,4
2017-05-09 12:00:00+00:00,,,0.27850186824798584,-1.7837990215092336,,,0.20338881015777588,1.1267498803662108,,,,,,,,,,,,,0.20627009868621826,1.1827917968604862,,,4,3
2017-05-09 18:00:00+00:00,,,0.27093207836151123,-4.5653109633947775,,,0.22040820121765137,1.6236608560158419,,,,,,,,,,,,,0.15070021152496338,1.1184346213995433,,,3,3
2017-05-10 00:00:00+00:00,,,0.2995544672012329,-31.497331752049295,,,0.36366164684295654,2.411642643602372,,,,,,,,,,,0.03876829147338867,0.06273232985944317,0.16914725303649902,3.0588833054395397,,,4,4
2017-05-10 06:00:00+00:00,,,0.28370821475982666,-8.25662805791308,,,0.23122501373291016,4.591955505038298,,,,,,,,,,,0.06662595272064209,-0.22844259071866688,0.21586096286773682,2.1417708728774802,,,4,4
2017-05-10 12:00:00+00:00,,,0.2494620680809021,-1.5814120000898355,,,0.3019207715988159,7.904420941353917,,,,,,,,,,,0.39849984645843506,0.8172214037188715,0.27528321743011475,3.4061162791371373,,,4,4
2017-05-10 18:00:00+00:00,,,0.3380271792411804,-3.8329292032690647,,,0.3275521993637085,9.644131415966593,,,,,,,,,,,,,0.12412559986114502,0.8684831865919417,,,3,3
2017-05-11 00:00:00+00:00,,,0.3206784725189209,-2.826334712723423,,,,,0.21870052814483643,2.688252567342474,,,,,,,,,,,0.10157740116119385,3.204560702411375,,,4,3
2017-05-11 06:00:00+00:00,,,0.28723394870758057,-2.224982373833412,,,,,0.31352901458740234,4.603954901403859,,,,,,,,,,,0.1350257396697998,0.3799469142846856,,,3,3
2017-05-11 12:00:00+00:00,,,0.25858187675476074,-2.555670829275447,,,,,0.30804598331451416,4.26351020814204,,,0.02694559097290039,-0.1554707424451978,,,,,,,0.19583642482757568,1.516354417033691,,,4,4
2017-05-11 18:00:00+00:00,,,0.2116333246231079,-1.5115636107095107,,,,,0.2268056869506836,12.902984856675403,,,0.20417261123657227,1.8251726548242997,,,,,,,0.11017036437988281,-0.5782822142326136,,,4,4
2017-05-12 00:00:00+00:00,,,0.2684229016304016,-4.230221667500474,,,,,0.3069009780883789,9.973765424481499,,,0.22650134563446045,1.9362432338957831,,,,,,,0.1571667194366455,6.259316873210915,,,4,4
2017-05-12 06:00:00+00:00,,,0.2739427089691162,-2.1532222941283305,,,,,0.39366888999938965,7.028063071777194,,,,,0.49217748641967773,7.208756010048019,,,,,0.133500337600708,0.0777950235412402,,,5,5
2017-05-12 12:00:00+00:00,,,0.3031802773475647,-0.5419197128773228,,,0.9068738222122192,0.5865787212484873,0.42022955417633057,9.890874427880773,,,,,0.41268444061279297,7.780545447803842,,,,,0.21513605117797852,3.775166447327649,,,6,6
2017-05-12 18:00:00+00:00,,,0.24472075700759888,-8.862770080228907,,,0.23826336860656738,-0.7686650462903556,0.5230876207351685,16.811952588676466,,,,,0.4823850393295288,11.203415675897098,,,,,0.17779648303985596,1.1609018588269928,,,6,6
2017-05-13 00:00:00+00:00,,,0.30026066303253174,-1.6718435569548165,,,0.15320062637329102,-2.912687760040482,0.30389130115509033,2.599618814895065,,,,,0.5210411548614502,5.585157464594749,,,,,0.17149603366851807,2.1221174890423624,,,6,6
2017-05-13 06:00:00+00:00,,,0.24142110347747803,-4.415049072643015,,,0.02075958251953125,-0.22764290810499271,0.34562015533447266,1.3600835398361453,,,,,0.5725795030593872,5.844919517708183,,,,,0.1359187364578247,1.3111340471207713,,,6,6
2017-05-13 12:00:00+00:00,,,0.3055596351623535,-2.9304122905101204,,,0.4764239192008972,-4.671451317894636,0.2928307056427002,3.5706049514740843,,,,,0.4457535743713379,5.754601687198851,,,,,0.219427227973938,5.381527342724406,,,5,5
2017-05-13 18:00:00+00:00,,,0.23658829927444458,-2.7333191759466606,,,0.2530302405357361,-2.4971943097662272,0.22665691375732422,7.355260727105637,,,,,0.5273779630661011,13.980635644303803,,,,,0.23951959609985352,1.9144956462359923,,,6,6
2017-05-14 00:00:00+00:00,,,0.22028428316116333,-1.500533574771907,,,0.2733844518661499,2.2270175580253198,0.44010114669799805,9.612574738249053,,,,,0.5490471124649048,5.587783109461299,,,,,0.15461218357086182,2.7469576359717918,0.12896907329559326,0.46774714073998686,8,7
2017-05-14 06:00:00+00:00,,,0.26330357789993286,-1.3540043953635132,,,0.38554537296295166,-6.548148384001136,0.28104090690612793,4.667302342972622,,,,,0.5405590534210205,20.028446013534083,,,,,0.22054481506347656,1.895395602358035,,,7,6
2017-05-14 12:00:00+00:00,,,0.3105359673500061,-2.5495481384433694,,,0.3543998599052429,-9.10626101892941,0.3591994047164917,6.686227287663622,,,,,0.32729363441467285,11.19236911279974,,,,,0.17017614841461182,1.5623591480459944,,,5,5
2017-05-14 18:00:00+00:00,,,0.3831358551979065,-19.51863266988133,,,0.36056941747665405,-7.831778514509017,0.32418572902679443,4.599490457716594,,,,,0.4709583520889282,8.395534089915715,,,,,0.1939784288406372,1.2768198128277302,,,6,5
2017-05-15 00:00:00+00:00,,,0.16903966665267944,-1.841672947583286,,,0.4373878836631775,-12.778756907562395,0.3901498317718506,7.369929449228877,,,,,0.5444868803024292,16.846059950825946,,,,,0.14871537685394287,1.157342496620974,,,5,5
2017-05-15 06:00:00+00:00,,,0.33421438932418823,-0.6551483494830534,,,0.4900105595588684,-9.44327158060173,,,0.3597368001937866,4.342733740749647,,,0.5016298294067383,4.751428288534956,,,,,0.2216562032699585,2.436015878629531,,,5,5
2017-05-15 12:00:00+00:00,,,0.2708474397659302,-1.1331572689744012,,,0.4410911202430725,-6.4546618746799185,,,0.3296552896499634,8.218923412944903,,,,,,,,,0.244958758354187,4.059927244325997,,,4,4
2017-05-15 18:00:00+00:00,,,0.26525944471359253,-1.019384353449107,,,0.3963351249694824,-6.934960990232139,,,0.32451415061950684,8.949593340530102,,,,,,,,,0.20366120338439941,1.2322134629071768,,,6,4
2017-05-16 00:00:00+00:00,,,0.09642446041107178,-0.7637921619680406,,,0.4752269387245178,-7.038621310746404,,,,,,,,,0.3308696746826172,5.962680726411414,,,0.23024582862854004,9.018157056347443,,,6,4
2017-05-16 06:00:00+00:00,,,0.20161277055740356,-0.5443764844770317,,,0.10890579223632812,-0.11700753913742179,0.4923163056373596,-12.755710066741644,0.21565520763397217,0.2573179177126726,,,0.4617149829864502,3.77829732402089,0.2352808713912964,4.769998587520771,,,0.22254955768585205,2.5656505235518727,,,9,7
2017-05-16 12:00:00+00:00,,,0.2865752577781677,-0.8558615523202566,,,0.11153566837310791,-0.6090744421026534,0.41311192512512207,-9.473735729078541,0.1700742244720459,2.544856864485295,,,0.03697168827056885,0.285602152763362,0.45953619480133057,1.1103206418167606,,,0.20013415813446045,-4.231870931726298,,,8,8
2017-05-16 18:00:00+00:00,,,0.04863506555557251,-0.9176424885393181,,,0.05895113945007324,-3.321954234113476,0.4498347043991089,-7.252940780115764,0.20611047744750977,1.4654033025709583,,,0.7905358970165253,-2.3862091022375482,0.012388229370117188,0.8977364645685909,,,0.21434617042541504,2.21118273120063,,,9,9
2017-05-17 00:00:00+00:00,,,0.1558886170387268,-0.6705072467308679,,,0.012803792953491211,-0.35242205207451327,0.4758564829826355,-6.357008840975901,0.1649923324584961,0.6096330489657483,,,0.8352685272693634,-2.775068540775629,,,,,0.19433319568634033,1.340709545513093,,,6,6
2017-05-17 06:00:00+00:00,,,0.4404694437980652,-20.447021628124418,,,0.19277691841125488,-4.664886907761034,0.45027434825897217,-6.928327264655064,0.01889777183532715,-0.07591161548675453,,,0.6185740232467651,-4.331770791961653,,,,,0.17440426349639893,1.0960538369955832,,,6,6
2017-05-17 12:00:00+00:00,,,0.23469120264053345,-1.3441156833500665,,,0.0626070499420166,-0.3448195815876547,0.47270017862319946,-8.579997247292274,0.20567989349365234,4.566443656372359,,,0.6139581799507141,-6.589801307783842,,,,,0.15195417404174805,1.2490718017232272,,,7,7
2017-05-17 18:00:00+00:00,,,0.2409449815750122,-0.5075141824472701,,,0.18982845544815063,0.38228697402233863,0.46091336011886597,-15.107943822039928,0.08800053596496582,0.32864363188446855,,,0.4710450768470764,-8.407839912153547,,,,,,,0.18396639823913574,3.649947220932388,7,7
2017-05-18 00:00:00+00:00,,,0.34523969888687134,-17.569949886379355,,,0.0665891170501709,-0.6103747065595206,0.47839170694351196,-10.170980821596327,0.07194089889526367,-0.5159891038713083,,,0.5079043805599213,-7.725130419187661,,,,,,,0.202437162399292,1.0123876183318332,6,6
2017-05-18 06:00:00+00:00,,,0.4368664026260376,-13.092674998347771,,,0.10662519931793213,-2.9277663784473793,0.4660351872444153,-6.4267578307281,,,,,0.5161488354206085,-19.98418258725642,,,,,,,0.1439896821975708,0.6508540934361473,5,5
2017-05-18 12:00:00+00:00,,,0.4042510986328125,-1.7079714152448269,,,0.13984715938568115,-0.6303722093311512,0.44737380743026733,-8.479659234745837,,,,,0.5879679024219513,-4.890526168722371,,,,,,,0.16582107543945312,0.49870165629683416,5,5
2017-05-18 18:00:00+00:00,,,0.36878687143325806,-16.501901484194274,,,0.38004791736602783,-1.2307237010238259,0.46206939220428467,-7.510284545545484,,,,,0.6136400997638702,-5.3791074270665575,,,,,,,0.10156881809234619,1.1405852419048164,5,5
2017-05-19 00:00:00+00:00,,,0.21092462539672852,-0.4995729469386727,,,0.24851584434509277,-1.5140028729979091,0.4227859377861023,-8.359223754010607,,,,,0.420555055141449,-4.6888266914301955,,,,,,,0.12836575508117676,0.18265819053941992,5,5
2017-05-19 06:00:00+00:00,,,0.2525874376296997,-26.238166464954997,,,0.3800777792930603,-2.093683633221638,0.48670661449432373,-7.245763746595716,,,,,0.6325608491897583,-5.227169309460335,,,,,,,0.20316529273986816,1.1803954643033125,7,6
2017-05-19 12:00:00+00:00,,,0.3717678189277649,-14.229355771917085,,,0.42565762996673584,-2.6602071962600546,0.4281189441680908,-8.042003947208702,,,,,0.6585950255393982,-8.40468453603954,,,,,0.21900391578674316,0.6686007076041502,0.031993985176086426,0.21214050649482347,8,7
2017-05-19 18:00:00+00:00,,,0.3002663254737854,-0.8907463745689267,,,0.23274129629135132,-0.9886520748646919,0.39161694049835205,-6.395100210791812,,,,,0.5853767096996307,-6.94533199311501,,,,,0.22931301593780518,0.7876286756053139,0.2188485860824585,0.1644904449421215,8,7
2017-05-20 00:00:00+00:00,,,0.24880987405776978,-1.044083575509513,,,0.16289949417114258,-1.0202932447846584,0.4300301671028137,-5.677088579562376,,,,,0.5292991697788239,-6.730628044924315,,,,,,,0.016802430152893066,0.18157238174203938,9,8
2017-05-20 06:00:00+00:00,,,0.2860448360443115,-0.34856550734978153,,,0.5444909930229187,-4.618125140678653,0.38030868768692017,-4.49086048624329,,,,,0.5519588887691498,-15.473858116487454,,,,,,,0.11358952522277832,1.3524530810127116,8,6
2017-05-20 12:00:00+00:00,,,0.2902085781097412,-3.0266526800303697,,,0.07326114177703857,0.012824133355093638,0.360695481300354,-5.34648177472381,,,,,0.5544459521770477,-5.133795232146968,,,0.1867903470993042,0.052804311894408824,,,0.1880931854248047,0.5090665335702952,7,7
2017-05-20 18:00:00+00:00,,,0.30231940746307373,-3.5443105366576932,,,,,0.4144101142883301,-6.045897201665869,,,,,0.4419110417366028,-3.195857380570708,,,0.17802536487579346,0.5744714750013247,,,0.047814249992370605,0.21653938061961092,7,7
2017-05-21 00:00:00+00:00,,,0.2668335437774658,-1.4343917718424022,,,,,0.3024524450302124,-14.171650042749079,0.38705652952194214,-3.5100944235753477,,,0.5392250120639801,-5.522716226759686,,,0.09882450103759766,0.7947387225736126,,,0.19919562339782715,0.20281636287911523,8,8
2017-05-21 06:00:00+00:00,,,0.2644890546798706,-2.6513613027249634,,,,,0.34914928674697876,-4.660034268771752,0.4557969570159912,-4.706255903689691,,,0.3479882478713989,-0.8569908713988793,,,0.2128223180770874,0.33756424404190727,,,0.2147924304008484,-9.751432426720964,8,8
2017-05-21 12:00:00+00:00,,,0.34490466117858887,-1.2234270133920557,,,,,0.08669358491897583,0.38409732918565836,0.43856632709503174,-5.229067089301692,,,,,0.579848974943161,-6.993130829933036,0.11970877647399902,0.3978513368945753,,,0.14077478647232056,0.09627323809591794,8,8
2017-05-21 18:00:00+00:00,,,0.37633204460144043,-3.4420322152918237,,,,,0.42910337448120117,-2.002015232542333,0.3398328423500061,-2.6231295352006567,,,,,0.40202832221984863,-4.1501322955526545,0.19488227367401123,0.8140274197975863,,,0.04390072822570801,0.483457418107615,10,8
2017-05-22 00:00:00+00:00,,,0.32223623991012573,-1.5523748198334422,,,,,0.44160014390945435,-3.1903816915183887,0.2543942332267761,-3.168301429486369,,,,,0.4011783003807068,-3.463574314787509,0.09321403503417969,1.1774812353856599,,,0.140264630317688,0.09372281714902501,9,9
2017-05-22 06:00:00+00:00,,,0.38351547718048096,-3.1831517142785417,,,,,0.42484164237976074,-3.4611040285970405,0.3967430591583252,-8.143747251961155,,,,,0.6677424609661102,-3.1122522078787855,0.14078271389007568,-6.000781607776553,,,0.20178210735321045,0.5234944197653343,10,9
2017-05-22 12:00:00+00:00,,,0.3607763648033142,-1.2004267488902571,,,,,0.39344531297683716,-3.6881756709536346,0.43266546726226807,-7.304067765279938,,,,,0.5607540905475616,-5.1437299739774325,0.27301573753356934,10.840696035101614,,,,,7,6
2017-05-22 18:00:00+00:00,,,0.3700714111328125,-1.5294660082518257,,,,,0.5148767232894897,-6.004730599549977,0.2335452437400818,-6.6869131970397415,,,0.3414771556854248,0.4626837230959348,0.5980314612388611,-4.0828885531994725,0.18361234664916992,4.9605209732915725,,,,,8,7
2017-05-23 00:00:00+00:00,,,0.34979182481765747,-3.551153359746728,,,,,0.05459308624267578,-0.07087246650439206,0.14878618717193604,-0.7153228368432519,,,0.6059361696243286,3.8552836852262087,0.6950617730617523,-1.116329859752495,0.26726579666137695,2.4185174787894224,,,,,6,6
2017-05-23 06:00:00+00:00,,,0.3898182511329651,-6.618393915290167,,,,,,,0.011199235916137695,-0.4493135712630569,,,0.8246811628341675,2.6660729173986515,,,0.27615082263946533,1.1494612525355945,,,,,4,4
2017-05-23 12:00:00+00:00,,,0.45575404167175293,-3.778310550376562,,,,,0.061756432056427,0.22658905325830025,0.1491665244102478,0.3337328548359295,,,0.7940702438354492,4.740694080010309,,,0.2799118757247925,2.009171551051443,,,,,5,5
2017-05-23 18:00:00+00:00,,,0.20679908990859985,3.2235338307017463,,,,,0.08978784084320068,-0.46236968022623437,0.08291548490524292,-0.12487188277712558,,,0.656535267829895,6.265717897614915,,,0.27365779876708984,2.4324634794668976,,,,,6,6
2017-05-24 00:00:00+00:00,,,0.2557715177536011,-2.6788605067055618,,,,,,,0.048732101917266846,-0.5388497167360452,,,0.4379091262817383,4.576838599739756,,,0.1791473627090454,1.9893756603985777,,,,,5,5
2017-05-24 06:00:00+00:00,,,0.2891450524330139,-1.823565134357614,,,,,,,,,,,0.5079430341720581,3.1397225224449334,,,0.2391887903213501,0.8016735252102966,,,,,4,4
2017-05-24 12:00:00+00:00,,,0.32438528537750244,-3.003219683160204,,,,,,,,,,,0.5825884342193604,5.265019575571751,,,0.33285510540008545,4.984014536308505,,,,,3,3
2017-05-24 18:00:00+00:00,,,0.28837376832962036,3.4460874829510537,,,,,,,,,,,0.5283688306808472,3.6712836092704686,,,,,0.2225428819656372,3.147646344412683,,,3,3
2017-05-25 00:00:00+00:00,,,0.23076528310775757,-16.7488110779837,,,,,,,,,,,0.6498498916625977,3.683099335000422,,,,,0.17783355712890625,1.248333288791428,,,3,3
2017-05-25 06:00:00+00:00,,,0.14104539155960083,34.27832968933578,,,,,,,,,,,0.6118723154067993,6.356674514369695,,,,,0.33033061027526855,1.6715748806817807,,,3,3
2017-05-25 12:00:00+00:00,,,0.18930721282958984,-1.455234962439779,,,,,,,,,,,0.5611536502838135,3.1783799935360797,,,,,0.2906622886657715,1.76555042634063,,,3,3
2017-05-25 18:00:00+00:00,,,0.31027889251708984,-42.54942096877442,,,,,,,,,,,0.5134099721908569,5.473856208667038,,,,,0.24851787090301514,1.4854420559641663,,,3,3
2017-05-26 00:00:00+00:00,,,0.1667141318321228,16.378831643817122,,,,,,,,,,,0.41461777687072754,4.1529261288431965,,,,,0.17155909538269043,-2.2863999302441744,,,3,3
2017-05-26 06:00:00+00:00,,,0.2127864956855774,-2.2334532599436607,,,,,,,,,,,,,0.5395538806915283,4.569049558283029,,,0.2755882740020752,4.359682803225575,,,3,3
2017-05-26 12:00:00+00:00,,,0.18207961320877075,-1.8925261820205908,,,,,,,,,,,,,0.6022800207138062,5.520882019837782,,,0.28202521800994873,1.2311110089092785,,,3,3
2017-05-26 18:00:00+00:00,,,0.34308743476867676,-26.38169528800481,,,,,,,,,,,,,0.6068316698074341,3.515984162371028,,,0.23704957962036133,-33.029012828548616,,,3,3
2017-05-27 00:00:00+00:00,,,0.17969578504562378,11.305173222691916,,,,,,,,,,,,,0.5145384073257446,3.781624761163989,,,0.2386786937713623,1.2801098749274882,,,3,3
2017-05-27 06:00:00+00:00,,,0.2603412866592407,-38.92398469287355,,,,,,,,,,,,,0.29836320877075195,2.0460218284958964,,,0.23365163803100586,-4.48869876323193,,,3,3
2017-05-27 12:00:00+00:00,,,0.1990300416946411,-0.4093674293486445,,,,,,,,,,,,,0.559795618057251,1.9703237706369405,,,0.2180004119873047,-16.015450597069556,,,3,3
2017-05-27 18:00:00+00:00,,,0.23501664400100708,-15.00005754561015,,,,,,,,,,,,,0.6109546422958374,3.2615374324776933,,,0.17723488807678223,1.2207955638331562,,,3,3
2017-05-28 00:00:00+00:00,,,0.1785886287689209,-2.1765591466308556,,,,,,,,,,,,,0.5750725269317627,3.091622397417223,,,0.18430352210998535,1.16053535607547,,,3,3
2017-05-28 06:00:00+00:00,,,0.20342618227005005,-2.350196759276457,,,,,,,,,,,,,0.5297524929046631,4.578861934618018,,,0.21383237838745117,0.4415345801509526,,,3,3
2017-05-28 12:00:00+00:00,,,0.23374706506729126,-1.8083823999871225,,,,,0.027059197425842285,-0.10581667625484137,,,,,,,0.6323635578155518,3.804994222243132,,,0.20797741413116455,0.5173484687159252,,,4,4
2017-05-28 18:00:00+00:00,,,0.18092244863510132,-1.8151403168115314,,,,,0.4896864891052246,3.474611189862287,,,,,,,0.3345456123352051,1.0753261092323811,,,0.22375786304473877,3.814607632368808,,,4,4
2017-05-29 00:00:00+00:00,,,0.19144463539123535,-1.4657603760219764,,,,,0.6281900405883789,9.133371361005661,,,,,,,0.09992557764053345,0.4750942021422562,,,0.2240833044052124,1.1476292792068155,,,4,4
2017-05-29 06:00:00+00:00,,,0.14957743883132935,-1.802002722234888,,,,,,,,,,,0.5020220279693604,6.111595891137501,0.1245499849319458,-0.09347488810868983,,,0.19997429847717285,-8.068989710629397,,,4,4
2017-05-29 12:00:00+00:00,,,0.16625577211380005,-1.9894921509493235,,,,,,,,,,,0.3159993886947632,2.631115475182596,,,,,0.15004849433898926,0.7980737110747059,,,3,3
2017-05-29 18:00:00+00:00,,,0.16511577367782593,-1.1899716761868073,,,,,0.4532608985900879,6.090661007736492,,,,,,,,,,,0.13860416412353516,0.9862285758895515,,,3,3
2017-05-30 00:00:00+00:00,,,0.18894082307815552,-27.66596589719092,,,,,0.10217022895812988,4.775891426298774,,,,,,,,,,,0.20328044891357422,1.5932936186452835,,,3,3
2017-05-30 06:00:00+00:00,,,0.18184983730316162,-19.68104758798217,,,,,0.4436161518096924,13.270993937165114,,,,,,,,,,,0.21385860443115234,1.2085495531488784,,,3,3
2017-05-30 12:00:00+00:00,,,0.17699593305587769,-1.6115286644909508,,,,,0.2929039001464844,5.452146234649313,,,,,,,,,,,0.19463777542114258,0.9808489789859492,,,3,3
2017-05-30 18:00:00+00:00,,,0.24101394414901733,-2.59679063885511,,,,,0.4347860813140869,8.255372570609593,,,,,,,,,,,0.151381254196167,1.4696436976028893,,,3,3
2017-05-31 00:00:00+00:00,,,0.20812910795211792,-1.1530554325340012,,,,,0.3042302131652832,5.397161129292267,,,,,,,,,,,0.20565640926361084,1.8922753863653257,,,3,3
2017-05-31 06:00:00+00:00,,,0.20523899793624878,16.395939426051548,,,,,0.36291778087615967,3.5172602235914425,,,,,,,,,,,0.2257704734802246,1.4518652057096966,,,3,3
2017-05-31 12:00:00+00:00,,,0.24797385931015015,-1.5004602195218224,,,,,0.41893279552459717,1.974956052094027,,,,,,,,,,,0.164220929145813,7.512270743258184,,,3,3
2017-05-31 18:00:00+00:00,,,0.21761763095855713,-5.0465166626473605,,,,,,,,,,,0.4110434055328369,2.1764429364253606,,,,,0.17527365684509277,0.5412097247810908,,,3,3
2017-06-01 00:00:00+00:00,,,0.275332510471344,-6.655395015921248,0.11103802919387817,-0.29768769043050475,,,,,,,,,0.3833533525466919,5.53852453891558,,,,,0.19709670543670654,1.5568929196221573,,,4,4
2017-06-01 06:00:00+00:00,,,0.27639949321746826,-30.197968401315052,,,,,,,,,,,0.3263716697692871,6.978157465069802,,,,,0.2320704460144043,1.6387107306340052,,,3,3
2017-06-01 12:00:00+00:00,,,0.23924773931503296,-2.8564650128655993,,,,,0.5934288501739502,6.950711218351455,,,,,0.42055749893188477,0.41634293489549307,,,,,0.20671331882476807,1.1347169513934394,,,4,4
2017-06-01 18:00:00+00:00,,,0.24712908267974854,-2.3664342113032224,,,,,,,,,,,,,0.004235506057739258,2.1079187400655375,,,0.2117750644683838,0.9817168365982882,,,3,3
2017-06-02 00:00:00+00:00,,,0.19597774744033813,-2.2919176996394603,,,,,,,,,,,,,,,,,0.15673291683197021,0.5559863792754457,,,2,2
2017-06-02 06:00:00+00:00,,,0.23468691110610962,-1.9191161756433603,,,,,,,,,,,,,,,,,0.19934427738189697,2.024937116918388,,,2,2
2017-06-02 12:00:00+00:00,,,0.11258691549301147,21.175567287957524,0.27442753314971924,-0.42954495001721754,,,,,,,,,,,,,,,0.216253399848938,1.4116766214637604,,,3,3
2017-06-02 18:00:00+00:00,,,0.21470952033996582,-1.8154785150978257,,,,,,,,,,,,,,,0.10730379819869995,0.35158067172012475,0.15560901165008545,0.729470605440631,,,5,4
2017-06-03 00:00:00+00:00,,,0.23711949586868286,-3.8434186576567293,,,,,,,,,,,,,,,,,0.20862126350402832,1.194930128889968,,,2,2
2017-06-03 06:00:00+00:00,,,0.27850520610809326,-3.0166903566069707,,,,,,,,,,,,,,,,,0.18956124782562256,2.1359831593151997,,,3,2
2017-06-03 12:00:00+00:00,,,0.21785968542099,-3.2132001023039787,,,,,,,,,,,,,,,,,0.21249377727508545,3.406563802425621,,,2,2
2017-06-03 18:00:00+00:00,,,0.27134883403778076,-2.4566945584036457,,,,,,,,,,,,,,,,,0.189375638961792,1.0712029342809932,0.10066419839859009,0.4316432105047224,4,3
2017-06-04 00:00:00+00:00,,,0.22765284776687622,-1.6889021943351277,,,,,,,,,,,,,,,,,0.16508758068084717,0.7671333797865875,,,2,2
2017-06-04 06:00:00+00:00,,,0.2774944305419922,-3.095851413390004,,,,,,,,,,,,,,,,,0.196519136428833,0.8124195691919683,,,2,2
2017-06-04 12:00:00+00:00,,,0.2657918334007263,-2.9320973905138588,,,,,,,,,,,,,,,,,0.15389108657836914,3.0977825029429003,,,2,2
2017-06-04 18:00:00+00:00,,,0.24014687538146973,-3.5770466351870644,,,,,,,,,,,,,,,,,0.1900995969772339,1.3151595395150437,,,2,2
2017-06-05 00:00:00+00:00,,,0.2322016954421997,-1.9276889828442274,,,,,,,,,,,,,,,,,0.08770334720611572,1.1202680904940392,,,2,2
2017-06-05 06:00:00+00:00,,,0.14620643854141235,32.036481353075374,,,,,,,,,,,,,,,,,0.1513756513595581,1.2801766574781421,,,2,2
2017-06-05 12:00:00+00:00,,,0.2024918794631958,-1.0254881083547644,,,,,,,,,,,,,,,,,0.08380436897277832,2.3373198945605487,,,3,3
2017-06-05 18:00:00+00:00,,,0.2032221555709839,-0.7997783426668842,,,,,,,,,,,,,,,,,0.16678786277770996,1.7249866684768285,,,3,3
2017-06-06 00:00:00+00:00,,,0.23253393173217773,-15.097941630998319,,,,,,,,,,,,,,,,,0.19232940673828125,0.7273133407317038,,,2,2
2017-06-06 06:00:00+00:00,,,0.23176217079162598,-2.7996251849049014,,,,,,,,,,,,,,,,,0.13122868537902832,2.2926443531140643,,,3,2
2017-06-06 12:00:00+00:00,,,0.2739405632019043,-2.2865989858842584,,,,,,,,,,,,,,,,,0.103790283203125,-0.3561155965281017,,,3,3
2017-06-06 18:00:00+00:00,,,0.21012914180755615,24.243296456429636,,,,,,,,,,,,,,,,,0.22444546222686768,0.6177202512565305,,,3,3
2017-06-07 00:00:00+00:00,,,0.2500836253166199,-1.5724866673470048,,,,,,,,,,,,,,,,,0.19742071628570557,2.1229031606818802,0.24754679203033447,0.8166597022844766,3,3
2017-06-07 06:00:00+00:00,,,0.17862772941589355,-0.8173404196961044,,,,,,,,,,,,,,,,,0.2634124755859375,7.91631375896339,0.2770986557006836,1.0496935249746326,3,3
2017-06-07 12:00:00+00:00,,,,,0.22850972414016724,-1.8652284998776698,,,,,,,,,,,,,,,0.23406004905700684,-6.173929472256512,0.01793491840362549,0.21515711478244076,3,3
2017-06-07 18:00:00+00:00,,,0.38096094131469727,-24.71628910265976,,,,,,,,,,,,,,,,,0.2502206563949585,9.336832350058023,0.380365252494812,-0.12976953526832977,3,3
2017-06-08 00:00:00+00:00,,,0.16460996866226196,7.054117829313384,,,,,,,,,,,,,,,,,0.20168006420135498,10.69853266773396,0.08511137962341309,0.38743063908308667,3,3
2017-06-08 06:00:00+00:00,,,0.2860623598098755,-0.7103381836945797,0.4176591634750366,-1.6732092973466002,,,,,,,,,,,,,,,0.19042956829071045,3.7455576144187233,,,4,4
2017-06-08 12:00:00+00:00,,,0.22645175457000732,-1.6159233368770303,,,,,,,,,,,,,,,,,0.20645737648010254,1.7003574980439673,,,3,2
2017-06-08 18:00:00+00:00,,,0.13507670164108276,-0.9372236145498917,,,,,,,,,,,0.2934412956237793,2.4054317089393393,,,,,0.18728911876678467,2.943592684439998,,,3,3
2017-06-09 00:00:00+00:00,,,0.24534016847610474,-0.4709235896569653,,,,,,,,,,,0.583172082901001,7.486748426728944,,,,,0.1260523796081543,2.8135544269601938,,,3,3
2017-06-09 06:00:00+00:00,,,0.053821444511413574,20.187630469646052,,,0.4904569983482361,-0.9238514278923505,,,,,,,0.564672589302063,6.039359909932425,,,,,0.11415016651153564,2.576769907049595,,,4,4
2017-06-09 12:00:00+00:00,,,0.009942591190338135,-0.5135785431072563,,,0.33421218395233154,-2.170923290030047,,,,,,,0.6860513687133789,4.02596079300874,,,,,0.2425163984298706,2.9595834524064673,,,4,4
2017-06-09 18:00:00+00:00,,,0.01904129981994629,19.75531626338778,,,0.39172232151031494,-3.1190978422413784,,,,,,,0.4889332056045532,6.2698155076769035,,,,,0.22918403148651123,1.6231115786589987,,,4,4
2017-06-10 00:00:00+00:00,,,0.08049666881561279,22.140249573264605,,,0.3682834506034851,-6.28125862781641,,,,,,,0.23970234394073486,3.7646325758684047,,,,,0.2023780345916748,0.5726490884407451,,,4,4
2017-06-10 06:00:00+00:00,,,0.30604058504104614,-0.98155782721592,,,0.46044856309890747,-5.150132824075657,,,,,,,0.218178391456604,1.6776085655646442,,,,,0.20335161685943604,3.383209562619281,,,4,4
2017-06-10 12:00:00+00:00,,,0.2332732081413269,-2.5419759754611118,,,0.5345295369625092,-6.3724941689051935,,,,,,,0.3639758825302124,1.1851854344456023,,,,,0.1848297119140625,4.230312507175437,,,4,4
2017-06-10 18:00:00+00:00,,,0.15399926900863647,-1.161858570328391,,,0.5472994148731232,-7.273213313965956,,,,,,,0.4887791872024536,1.610609099464992,,,,,0.1896132230758667,1.0593031841962097,,,4,4
2017-06-11 00:00:00+00:00,,,0.24190282821655273,-2.337819068618237,,,0.46333426237106323,-7.620925344503773,,,,,0.5774842202663422,-1.2385269273777737,0.37940216064453125,1.2169836073467448,,,,,0.14572012424468994,1.2362595596503572,,,5,5
2017-06-11 12:00:00+00:00,,,0.34130775928497314,-3.0451369417429808,0.2205197811126709,-1.2582047468881368,0.4416317343711853,-6.5101409643884605,,,,,0.5515306890010834,-2.9595353277071665,0.5999608039855957,0.525613769997993,,,,,0.13180184364318848,6.964606519073211,,,7,6
2017-06-11 18:00:00+00:00,,,0.2933794856071472,-2.14808946499029,,,,,0.4282560348510742,-13.813534366049915,,,0.4288800358772278,-3.438035320642077,0.2781773805618286,4.324163003862168,,,,,0.19956040382385254,1.3333611078233405,,,6,5
2017-06-12 00:00:00+00:00,,,0.2825465202331543,-1.2837338783975836,,,,,0.40309661626815796,-10.415044853408743,,,0.533135175704956,-3.792917947860566,0.32109320163726807,3.9339040951481894,,,,,0.18318605422973633,0.8046222392305038,,,5,5
2017-06-12 06:00:00+00:00,,,0.22254610061645508,-0.6057019679840137,,,,,0.5040728449821472,-6.118730710238105,,,0.5198986530303955,-6.055308029817124,,,,,,,0.17872309684753418,-12.556248738031027,,,4,4
2017-06-12 12:00:00+00:00,,,0.2989588975906372,-2.923843461407356,,,,,0.45932698249816895,-12.268053809022526,,,0.5977190732955933,-7.5053160076634295,,,,,,,0.1822643280029297,1.2890411367244428,,,4,4
2017-06-12 18:00:00+00:00,,,0.3347523808479309,-24.19320631312478,,,,,0.3708696961402893,-5.664014874627003,,,0.5462567210197449,-4.264549754043217,,,,,,,0.13519060611724854,1.0711952584576934,,,4,4
2017-06-13 00:00:00+00:00,,,0.27354907989501953,-0.5816615595322294,,,,,0.47708141803741455,-9.495853322580135,,,0.5855615437030792,-6.980648128260813,,,,,,,0.12632954120635986,1.5355889016623703,,,4,4
2017-06-13 06:00:00+00:00,,,0.178338885307312,-1.5039775494603003,,,,,0.5329281389713287,-12.84935378883116,,,0.6015971601009369,-9.959001598613149,,,,,,,0.1686098575592041,0.9368532777749096,0.09486722946166992,1.3153363856322624,5,5
2017-06-13 12:00:00+00:00,,,0.3112582564353943,-13.670598821192103,,,0.4841921329498291,-4.985831632218805,0.46013569831848145,-8.574491996781617,,,,,0.5725971162319183,-8.09796987622345,0.25081145763397217,-0.15714166685849068,,,0.17830944061279297,1.4871081866549603,,,6,6
2017-06-13 18:00:00+00:00,,,0.2561074495315552,-0.9424076272570882,,,,,0.4799962639808655,-9.929094645498477,,,,,0.555722713470459,-6.466361113777759,0.05273616313934326,-0.0139300598257231,,,0.10873901844024658,5.281022394287869,0.6693086922168732,-0.17295294989966678,7,7
2017-06-14 00:00:00+00:00,,,0.24218177795410156,-0.9868276389529521,,,,,0.4567837119102478,-9.36702466902523,,,,,0.5327073335647583,-4.383912263794493,0.3210258483886719,0.5441870578984813,,,0.08439898490905762,0.8028714363051274,,,6,6
2017-06-14 06:00:00+00:00,,,0.2293272614479065,-0.7161206596245041,0.004817605018615723,0.3319186132385205,,,0.40581750869750977,-6.6825475493045685,,,,,0.6048226356506348,-12.181708315173482,0.33913713693618774,-0.3996677701461857,,,0.10947847366333008,5.999793029410154,,,7,7
2017-06-14 12:00:00+00:00,,,0.21290981769561768,-2.871871682356257,0.21520638465881348,0.8051540952292824,,,0.48115938901901245,-5.92942779119976,,,,,0.48486965894699097,-8.770072427916356,,,,,0.2103191614151001,0.759034008432678,,,6,6
2017-06-14 18:00:00+00:00,,,0.18004626035690308,-0.7390572656467921,,,,,0.4528287649154663,-9.793336982528588,,,,,0.5128772854804993,-8.054154251879966,,,,,0.16379249095916748,0.8911271949266195,,,5,5
2017-06-15 00:00:00+00:00,,,0.20311790704727173,-26.33612274299493,,,,,0.5634456872940063,-11.088811629037437,,,,,0.5423515141010284,-20.709889298708333,,,,,0.1901780366897583,4.155645743357785,,,5,5
2017-06-15 06:00:00+00:00,,,0.22887468338012695,1.9666329067212955,,,,,0.44924837350845337,-6.038963561068766,,,,,0.49290943145751953,-9.364168287896439,,,,,0.22190320491790771,1.8474867766700673,,,5,5
2017-06-15 12:00:00+00:00,,,0.19719231128692627,-0.3507598722009644,,,,,0.45639145374298096,-5.511346809581988,,,,,0.4760201573371887,-6.363060795192749,,,,,0.08188235759735107,2.5808231881879267,,,7,7
2017-06-16 00:00:00+00:00,,,0.13961893320083618,-0.8632139946195553,,,,,0.4326826333999634,-4.256051592793959,,,,,0.5589333772659302,-8.040814358750518,,,,,0.22159028053283691,2.0909362109836183,,,5,5
2017-06-16 06:00:00+00:00,,,0.23833072185516357,-2.234097949748049,,,,,0.2504118084907532,3.332755880735903,0.35295552015304565,-2.9777314985612726,,,0.45333749055862427,-5.369434220717521,,,,,0.14321279525756836,0.4852500411812788,,,5,5
2017-06-16 12:00:00+00:00,,,0.19513088464736938,-2.319213031849313,,,,,0.35952961444854736,-9.195657900049483,0.371060848236084,-3.6245527343419335,,,0.5671686232089996,-7.985335902595501,,,,,0.14908480644226074,4.07226446697442,,,5,5
2017-06-16 18:00:00+00:00,,,0.20720016956329346,-1.1588164053421177,,,,,0.414193332195282,-17.978097839516526,0.4682202935218811,-3.9115555366910715,,,0.40955156087875366,-4.0731007808464605,,,,,0.1351402997970581,0.8644661993021752,,,5,5
2017-06-17 00:00:00+00:00,,,0.38196319341659546,-5.949257185873523,,,,,0.3306509852409363,-5.82627829997455,0.34610456228256226,-5.375656646590736,,,0.45210403203964233,-3.6132825029284388,,,,,0.11576855182647705,0.08660755342102805,,,5,5
2017-06-17 06:00:00+00:00,0.719141960144043,0.4204870521897501,0.25200581550598145,-1.0499890059021177,,,,,0.42538511753082275,-4.811241996310596,0.3877328634262085,-4.720503694213329,,,0.5437420606613159,-4.834603675206448,,,,,0.19228065013885498,0.2688256075843028,,,7,6
2017-06-17 12:00:00+00:00,0.4143750071525574,-1.6878312585884356,0.27504152059555054,-1.3060619285305104,,,,,0.31888335943222046,-2.861110543371056,0.14902245998382568,-1.6961861612738327,,,,,0.5840322971343994,-5.7922514629174895,,,0.12217330932617188,1.357359933947027,,,7,7
2017-06-17 18:00:00+00:00,0.13569855690002441,0.21448384722479769,0.15958553552627563,-1.3394405250320143,,,,,,,0.09963744878768921,-1.3209534174339408,,,,,0.6736133098602295,-3.3394823279382244,0.19043952226638794,-0.6007302058982815,0.07352328300476074,0.4781672097667483,,,7,7
2017-06-18 00:00:00+00:00,0.21530568599700928,1.2126288365489792,,,0.24834299087524414,-0.49799588000040085,,,,,0.23880398273468018,0.18154877117686594,,,,,0.5857906341552734,-1.0246661475704697,0.3598407506942749,-0.15460066613269952,0.20987188816070557,3.412534089177166,,,8,8
2017-06-18 06:00:00+00:00,0.21694862842559814,-0.09851761361920126,,,0.28171300888061523,-1.4493136057983125,,,,,0.18396103382110596,-3.4618304716556887,,,,,,,,,0.1204291582107544,0.11700349489089847,0.08140170574188232,0.10063927978804059,5,5
2017-06-18 12:00:00+00:00,0.3916424512863159,-3.530754959865198,0.3719381093978882,-0.1460273850064266,0.39081549644470215,-1.189571449725664,,,,,0.3540787696838379,-6.916641801639987,,,,,,,,,0.2172548770904541,0.5648877541475734,,,7,5
2017-06-18 18:00:00+00:00,0.09616649150848389,-0.6384193104290835,0.3355889320373535,0.07536489218536692,0.19374608993530273,-0.31640156042931844,,,,,0.5221307575702667,-3.900810571824288,,,,,,,0.15072059631347656,0.12742535019182932,,,0.4976060390472412,0.44300328955679225,6,6
2017-06-19 00:00:00+00:00,0.030498266220092773,-0.06728866359617083,0.5315905511379242,-0.12119753838017472,0.17659807205200195,0.0014581394918280674,,,,,,,,,,,,,0.08333933353424072,0.28212123571514736,0.026425302028656006,0.24923204041638292,,,6,5
2017-06-19 06:00:00+00:00,0.09988224506378174,-0.26610626411937494,0.6732448041439056,0.054284170077062543,0.4534170627593994,0.20034708312282673,,,,,,,,,,,,,0.14345991611480713,4.656705813731734,,,,,5,4
2017-06-19 12:00:00+00:00,0.2167688012123108,0.1470250602274056,0.290454626083374,0.03209842507631181,0.06964921951293945,1.0032991750265101,,,,,,,,,,,,,0.2730153799057007,9.63080751220338,,,,,4,4
2017-06-19 18:00:00+00:00,,,0.1345064640045166,-0.5763237196725642,0.13492846488952637,-0.39136744616925795,,,,,,,,,,,,,,,0.28530681133270264,9.880058139195546,,,3,3
2017-06-20 00:00:00+00:00,,,0.3136556148529053,-7.759435115823959,0.5329219102859497,-0.4652837353077136,,,,,,,,,,,,,,,0.27257752418518066,5.565201401823512,,,3,3
2017-06-20 06:00:00+00:00,,,0.2545405626296997,-0.1517893805928688,,,,,,,,,,,,,,,,,0.27582597732543945,6.325331941373817,,,3,2
2017-06-20 12:00:00+00:00,,,0.2744573950767517,-1.9462855734846485,,,,,,,,,0.34813880920410156,-0.5900099873947651,,,,,,,0.30375146865844727,3.259745955764806,,,3,3
2017-06-20 18:00:00+00:00,,,0.2681193947792053,-0.39806258091980506,,,,,,,,,0.018858253955841064,-1.3351064512061532,0.5778795480728149,6.461323376176949,,,,,0.18289053440093994,2.198640325992694,,,4,4
2017-06-21 00:00:00+00:00,,,0.08125674724578857,32.05466368284172,,,,,,,,,,,0.5204712152481079,4.160468572095111,,,,,0.13724136352539062,2.3319016698151263,,,3,3
2017-06-21 06:00:00+00:00,,,0.14514869451522827,-2.3059844226603197,,,,,,,,,0.32052332162857056,-0.774330091210796,,,,,,,0.28625452518463135,7.971849613898287,,,3,3
2017-06-21 12:00:00+00:00,,,0.2266693115234375,-40.576016514159235,,,,,,,,,0.01351773738861084,-2.324228003092613,0.2558225393295288,6.638623034359158,,,,,0.3518695831298828,9.15936026520405,,,4,4
2017-06-21 18:00:00+00:00,,,0.18646442890167236,-0.9934293499732428,,,,,,,,,,,0.20508527755737305,1.0567087870222858,,,,,0.2388695478439331,4.7926896405523705,,,4,4
2017-06-22 00:00:00+00:00,,,0.09501397609710693,-0.8299486251220344,,,,,,,,,,,0.27668774127960205,6.440322596705452,,,,,0.2551548480987549,-27.6423331421521,,,4,4
2017-06-22 06:00:00+00:00,,,0.12020301818847656,-0.9992229877268983,,,,,,,,,,,0.008573770523071289,-0.9317501630217807,,,,,0.2569354772567749,-14.246964387376298,,,3,3
2017-06-22 12:00:00+00:00,,,0.2569667100906372,-2.4694532735737575,,,,,,,,,,,0.021459221839904785,-9.413890140764645,,,,,0.28201520442962646,7.330662989961155,,,3,3
2017-06-22 18:00:00+00:00,,,0.22383397817611694,-1.4112993824677547,,,,,,,,,,,0.3426809310913086,3.504253782062836,,,,,0.25307130813598633,5.651037619356954,,,4,4
2017-06-23 00:00:00+00:00,,,0.20951664447784424,-2.1804320994937587,,,0.06065022945404053,-1.348365965483263,,,,,,,0.3822507858276367,5.621643687709844,,,,,0.19874799251556396,4.80795423431446,,,5,5
2017-06-23 06:00:00+00:00,,,0.18344873189926147,-1.0548612349142472,,,0.2905111312866211,4.560824890792788,,,,,,,0.22830212116241455,-0.2134764803256861,,,,,0.2740333080291748,12.5359986304313,,,5,5
2017-06-23 12:00:00+00:00,0.03749483823776245,-0.6088164528529849,0.2375994324684143,-1.5642774844621252,,,0.18063616752624512,1.8537837175701295,,,,,,,0.2090163230895996,0.7288543229794063,0.4265172481536865,5.234339055417558,,,0.23395562171936035,3.4650393570715146,,,7,7
2017-06-23 18:00:00+00:00,,,0.22619718313217163,-7.721952998124271,,,0.49301981925964355,8.798275444093584,,,,,,,0.09522628784179688,15.582339688674194,0.38148200511932373,5.588150093636284,,,0.1789487600326538,1.4613208214088032,,,5,5
2017-06-24 00:00:00+00:00,,,0.17003095149993896,-1.8658490550538027,,,,,0.3963395357131958,4.221437203515324,,,,,0.09969091415405273,0.8633876020828142,0.4298142194747925,4.581214513093397,,,0.19781434535980225,1.9329050032704032,,,8,8
2017-06-24 06:00:00+00:00,,,0.1686842441558838,-4.941854272771987,,,,,0.4896186590194702,4.097687859243819,,,,,0.23838460445404053,1.293636152105855,0.4660670757293701,10.573605577457537,,,0.19553065299987793,2.200228967438502,,,7,7
2017-06-24 12:00:00+00:00,,,0.0615919828414917,28.90203087578338,,,,,0.5667600631713867,6.823775032077064,,,,,0.16757112741470337,-0.020288007771752225,0.44854414463043213,5.217518674254364,,,0.1969081163406372,1.6503543293103737,,,6,6
2017-06-24 18:00:00+00:00,,,0.24078595638275146,-1.8743626213251037,,,,,0.5829257965087891,5.717260188764452,,,,,0.440761923789978,6.496056120468307,0.5054833889007568,4.013724180266911,,,0.24549376964569092,4.649876435581624,,,6,6
2017-06-25 00:00:00+00:00,,,0.15835100412368774,-0.9209506090410253,,,,,0.6696566343307495,6.833276472920281,,,,,0.26071012020111084,0.9900532121864938,0.435818076133728,10.549331579427644,,,0.11840760707855225,1.5848304648928675,,,8,8
2017-06-25 06:00:00+00:00,,,0.2416357398033142,-26.414339783410398,,,,,0.5299043655395508,5.692279834652973,,,,,0.2418745756149292,0.4079330741638535,0.386738657951355,4.188113671466346,,,0.23585188388824463,2.5972456733985876,,,6,6
2017-06-25 12:00:00+00:00,,,0.20064038038253784,-2.9946702033395542,,,,,0.34849584102630615,2.8710075910067663,,,,,0.10966479778289795,0.09417855804864164,0.3638719320297241,2.4407112697524576,,,0.20383358001708984,1.3405993384767334,,,6,6
2017-06-25 18:00:00+00:00,,,0.21597379446029663,-0.663884392454865,,,,,0.4180641174316406,5.097106391720372,,,,,0.6697431802749634,3.005768448059601,0.35439324378967285,4.028501546084777,,,0.24345636367797852,5.410776253098441,,,6,6
2017-06-26 00:00:00+00:00,,,0.2724785804748535,-1.194996581076903,,,,,0.5593595504760742,5.814256011403435,,,,,0.6902163028717041,2.2342219360235096,0.28817570209503174,1.047601567698718,,,0.20074355602264404,1.4550551325347905,,,5,5
2017-06-26 06:00:00+00:00,,,0.241560161113739,-30.835255332965076,,,,,,,,,,,,,0.3791084289550781,0.41995187352506963,,,0.21232283115386963,1.6077422156110084,,,3,3
2017-06-26 12:00:00+00:00,,,0.21969568729400635,-2.05827536810545,,,,,,,,,,,,,0.38640403747558594,-0.02500617727725403,,,0.23086047172546387,3.602761182773617,,,5,5
2017-06-26 18:00:00+00:00,,,0.20256906747817993,-5.736826326419936,,,,,,,,,,,,,0.4148515462875366,14.492894679384348,,,0.19799017906188965,2.025408325117911,,,3,3
2017-06-27 00:00:00+00:00,,,0.14856696128845215,-1.157558751597098,,,,,0.18922454118728638,-0.6613446577425605,,,,,,,0.4744887351989746,-0.13552965963533858,,,0.19452118873596191,-35.67149979368575,,,5,5
2017-06-27 06:00:00+00:00,,,0.2241572141647339,-25.33020348048971,,,,,0.2850379943847656,-2.5364073679145904,,,,,,,0.48935866355895996,-0.04999184977267393,,,0.22070372104644775,-1.2263360005018675,,,4,4
2017-06-27 12:00:00+00:00,,,0.2726038694381714,-25.31075317081655,,,,,0.3861663341522217,3.0290424178251305,,,,,,,,,,,0.21545147895812988,1.6020120320619349,,,4,3
2017-06-27 18:00:00+00:00,,,0.21451646089553833,-1.4237714661144587,,,,,,,,,,,,,,,,,0.1785038709640503,3.942297128661813,,,2,2
2017-06-28 00:00:00+00:00,,,0.2760164737701416,-0.7273770201778937,,,,,,,,,,,,,,,,,0.21653974056243896,2.216396487858433,,,2,2
2017-06-28 06:00:00+00:00,,,0.11720776557922363,-0.3250361736719968,,,,,,,,,,,,,,,,,0.171708345413208,-5.861976728587559,,,2,2
2017-06-28 12:00:00+00:00,,,0.2167152762413025,-0.8362283333518014,0.11080974340438843,-0.697422493280821,,,,,,,,,,,,,,,0.21503913402557373,1.8060708433088588,,,3,3
2017-06-28 18:00:00+00:00,,,0.19395339488983154,-1.2910320339287507,,,,,,,,,,,,,,,,,0.21306800842285156,2.0458036951181335,,,2,2
2017-06-29 00:00:00+00:00,,,0.1191290020942688,-0.36419520932399196,0.40146541595458984,-0.0036920610106988263,,,,,,,,,,,,,,,0.272701621055603,1.6661556509605289,0.6220473051071167,-0.09947715421665242,5,5
2017-06-29 06:00:00+00:00,,,0.09093600511550903,48.811466801394,,,,,,,,,,,,,,,,,0.23183655738830566,-0.2651735767431246,0.11745965480804443,0.5855298131277163,4,3
2017-06-29 12:00:00+00:00,,,0.2213117480278015,-1.61117357820981,,,0.23220288753509521,-0.4033882405218883,,,,,,,,,,,,,0.25363242626190186,3.5245551834404867,,,3,3
2017-06-29 18:00:00+00:00,,,0.22041434049606323,-1.2763323461196652,,,0.41283583641052246,-1.5862076573351214,,,,,,,,,,,,,0.20871293544769287,5.8442611618588485,,,3,3
2017-06-30 00:00:00+00:00,,,0.24521124362945557,-1.9958227634327248,,,0.07170617580413818,-0.38059300995017004,,,,,,,,,,,,,0.24106836318969727,11.839061519794965,,,3,3
2017-06-30 06:00:00+00:00,,,0.17034661769866943,-1.750366341410886,,,0.29899126291275024,-3.3263052561737285,,,,,,,,,,,,,0.21323001384735107,5.818947179140568,,,3,3
2017-06-30 12:00:00+00:00,,,0.22129398584365845,-2.692927080013561,,,,,0.26673418283462524,-0.699927502754379,,,,,,,,,,,0.2437763214111328,6.2710011257157765,,,3,3
2017-06-30 18:00:00+00:00,,,0.13807201385498047,12.101967518993556,,,,,0.3562614917755127,-4.265934716230434,,,,,,,,,,,0.2752399444580078,2.767768026134713,,,3,3
2017-07-01 00:00:00+00:00,,,0.14924246072769165,-1.24164628933767,,,,,0.1864888072013855,-1.8819090640992766,,,,,,,,,,,0.2115241289138794,5.47138263351651,,,3,3
2017-07-01 06:00:00+00:00,,,0.2336403727531433,-1.257331577923032,,,,,0.4401437044143677,-9.940777930231423,,,,,,,,,,,0.20648670196533203,12.055275968382384,,,3,3
2017-07-01 12:00:00+00:00,,,0.18494492769241333,-1.023392947691298,,,,,0.1450750231742859,-0.1875678362355766,,,,,,,,,,,0.27045297622680664,5.172202294652322,,,3,3
2017-07-01 18:00:00+00:00,,,0.1640688180923462,-1.1412140706826888,,,,,0.19967830181121826,-2.764025918209218,,,,,,,,,,,0.2098942995071411,-7.639116561875296,,,3,3
2017-07-02 00:00:00+00:00,,,0.2515180706977844,-1.221115165143343,,,,,0.13928484916687012,-0.014333768886288777,,,,,,,,,,,0.25613510608673096,3.8412633281239916,,,3,3
2017-07-02 06:00:00+00:00,,,0.1754997968673706,-1.044636956503044,,,,,0.2420760989189148,-1.0629804050615335,,,,,,,,,,,0.2208033800125122,7.297050934858789,,,4,3
2017-07-02 12:00:00+00:00,,,0.18397420644760132,-0.45103037100464044,,,,,0.17566126585006714,-1.0823322893296254,,,,,,,,,,,0.2355412244796753,-3.7876426025248846,,,3,3
2017-07-02 18:00:00+00:00,,,0.21396255493164062,-0.4583735379269271,,,,,0.39518558979034424,-5.323948974489499,,,0.22409427165985107,-0.23961763811542197,,,,,,,0.2467508316040039,1.9852847523970862,,,5,5
2017-07-03 00:00:00+00:00,,,0.2369791865348816,-4.309928133520172,,,,,0.10698020458221436,1.299991968473867,,,0.5305575132369995,4.85505844219503,,,,,,,0.2245703935623169,1.7921870919885707,,,4,4
2017-07-03 06:00:00+00:00,,,0.13934457302093506,-1.566835811041682,,,,,0.20511746406555176,0.005738676029218941,,,0.36216437816619873,4.4101840143209134,,,,,,,0.24031281471252441,2.90441167441542,,,4,4
2017-07-03 12:00:00+00:00,,,0.14935773611068726,13.556416087777658,,,,,0.6937806606292725,1.4006287574358351,,,0.48552095890045166,7.962536474240462,,,,,,,0.2316441535949707,2.9720526533462683,,,4,4
2017-07-03 18:00:00+00:00,,,0.24564778804779053,-0.9486049008575664,,,,,,,,,0.5268228054046631,11.453658526970237,,,,,,,0.2207341194152832,1.2660804165283348,,,3,3
2017-07-04 00:00:00+00:00,,,0.18891656398773193,-1.5340012935793947,,,,,,,,,0.5029327869415283,7.241292092501188,,,,,,,0.25941574573516846,2.6718456356063047,,,3,3
2017-07-04 06:00:00+00:00,,,0.2113526463508606,-1.2492898474512417,,,,,,,,,0.5424211025238037,8.328222175195114,,,,,,,0.20856010913848877,8.739909158676712,,,3,3
2017-07-04 12:00:00+00:00,,,0.24602675437927246,-12.716730399975418,,,,,,,,,,,0.5334579944610596,6.3730514425025815,,,,,0.24666130542755127,1.7944529740925979,,,3,3
2017-07-04 18:00:00+00:00,,,0.16473346948623657,-0.7838423272302373,,,,,,,,,,,0.51453697681427,7.104620375317556,,,,,0.19565975666046143,2.078972683198404,,,3,3
2017-07-05 00:00:00+00:00,,,0.3226155638694763,-19.431444805865652,,,,,,,,,,,0.5018260478973389,6.868630508205386,,,,,0.17463135719299316,0.7350045093071861,,,3,3
2017-07-05 06:00:00+00:00,,,0.23826473951339722,-0.07080270174326413,,,,,,,,,,,0.5637248754501343,9.319658476033839,,,,,0.20819318294525146,1.4436848912449265,,,3,3
2017-07-05 12:00:00+00:00,,,0.31743377447128296,-31.248044110603917,,,,,,,,,,,0.5496546030044556,6.70965672738868,,,,,0.20705723762512207,1.4550596016042043,,,3,3
2017-07-06 00:00:00+00:00,,,0.1930689811706543,-1.3112689285945922,,,,,,,,,,,0.5322511196136475,10.517380215913754,,,,,0.2301192283630371,3.448398203386662,,,3,3
2017-07-06 06:00:00+00:00,,,0.4113815426826477,-15.03083721802827,,,,,,,,,,,0.5389682054519653,8.977135783818762,,,,,0.2139674425125122,2.415516067770214,,,3,3
2017-07-06 12:00:00+00:00,,,0.16820687055587769,0.07381357893388694,,,,,,,,,,,0.5718506574630737,11.80986938901322,,,,,0.22838342189788818,4.023080482475075,,,3,3
2017-07-06 18:00:00+00:00,,,0.23337304592132568,-20.170475849458253,,,,,,,,,,,0.4899483919143677,7.274176904133557,,,,,0.2104809284210205,1.7492907618783375,,,3,3
2017-07-07 00:00:00+00:00,,,0.23133724927902222,-21.095446278432895,,,,,,,,,,,0.523806095123291,8.619482856770448,,,,,0.20900952816009521,3.362546963305113,,,3,3
2017-07-07 06:00:00+00:00,,,0.078457772731781,20.795174221077446,,,,,,,,,,,0.504910945892334,11.519718207995115,,,,,0.20496606826782227,3.2480189324636135,,,3,3
2017-07-07 12:00:00+00:00,,,0.06679642200469971,-0.6420024205549466,0.05930602550506592,0.8009636878709581,,,,,,,,,0.4938236474990845,10.241824207190671,,,,,0.23116910457611084,-0.5971181669737786,,,5,5
2017-07-07 18:00:00+00:00,,,0.21837210655212402,-0.1971625657463056,0.16299974918365479,1.0795688736190294,0.10678082704544067,-0.9661355923272423,,,,,,,0.4936007261276245,13.068945779316747,,,,,0.25150907039642334,6.337550154511018,,,8,8
2017-07-08 00:00:00+00:00,,,0.3540549874305725,-0.31082303925737814,,,0.2550332546234131,-0.8635674707120371,,,,,0.40621060132980347,-0.05053168407563807,0.5062669515609741,8.733222590183255,,,,,0.24164557456970215,6.083355055092921,,,6,6
2017-07-08 06:00:00+00:00,,,0.0384523868560791,8.582277253589863,,,,,,,,,0.05723947286605835,-0.02401776886569578,0.5295349359512329,11.203380829862773,,,,,0.19959700107574463,-20.10569348023531,,,7,6
2017-07-08 12:00:00+00:00,,,0.20832204818725586,19.379674501728587,,,,,,,,,0.16940617561340332,-2.081301905788713,0.460207462310791,8.25645525152355,,,,,0.2386162281036377,4.653469236652494,,,5,5
2017-07-08 18:00:00+00:00,,,0.03034001588821411,-0.016902728127117843,,,0.2538794279098511,-2.8303963966482466,,,,,0.06398934125900269,-0.9070568139037926,,,0.4774404764175415,8.925695794156455,,,0.26264500617980957,5.489709914128029,,,6,6
2017-07-09 00:00:00+00:00,,,0.20224601030349731,0.06413623980412143,,,0.21343928575515747,-3.7233821142340573,,,,,0.36912375688552856,-4.825104191307391,0.08739876747131348,0.4396015021735073,0.5156339406967163,5.869613546418232,,,0.20569658279418945,3.490148156603485,0.7187402248382568,0.1327164461636345,7,7
2017-07-09 06:00:00+00:00,,,0.313413143157959,-2.9786895038743926,,,0.1600170135498047,-5.342649064994958,,,,,0.3736409544944763,-2.6926101631636343,0.16670310497283936,-0.35315844154247067,0.5391814708709717,11.031958716355035,,,0.250573992729187,5.624658907592033,,,6,6
2017-07-09 12:00:00+00:00,,,0.26612257957458496,-0.5296470672773879,,,0.21873265504837036,-0.5202059147790274,,,,,0.30880844593048096,-3.5030394008851435,0.12664413452148438,-0.055289560978944156,0.5365115404129028,8.549229555022883,,,0.1944948434829712,2.487371691164759,,,6,6
2017-07-09 18:00:00+00:00,,,0.08555954694747925,-0.06209547273101776,,,0.04134255647659302,-0.31030774229149277,,,,,0.3538402318954468,-7.715643099747422,,,0.489782452583313,5.007151724120396,,,0.19878733158111572,1.9867572896891272,,,5,5
2017-07-10 00:00:00+00:00,,,0.1370874047279358,-0.47338168214166565,,,0.029887139797210693,-0.18010303155511084,,,,,0.2079361081123352,-8.008768090782516,0.09052908420562744,0.23571535049590564,0.5279251337051392,2.9865664685661324,,,0.14818322658538818,1.0920790529207518,,,7,7
2017-07-10 06:00:00+00:00,,,0.07605743408203125,-0.5823250242997887,,,0.11088097095489502,0.7855412300329888,,,,,0.37376195192337036,-1.0158452085318954,,,0.44798195362091064,2.6280643924182274,,,0.11293673515319824,-1.5728697584862132,,,7,7
2017-07-10 12:00:00+00:00,,,0.7268397212028503,-13.887743085879201,,,0.13208842277526855,-0.2806168278408055,,,,,0.4130101799964905,-3.28156001994741,,,0.5599569082260132,4.603470771529439,,,0.1903080940246582,2.9110294972401145,,,7,7
2017-07-10 18:00:00+00:00,,,0.5953055322170258,-23.261785925275213,,,0.2217797040939331,-7.455768878531204,,,,,0.3612179756164551,-3.7128989854802117,,,0.5532007217407227,2.9421037057041013,0.5871539115905762,0.4395250202806437,0.140680193901062,1.2468268587572087,,,7,7
2017-07-11 00:00:00+00:00,,,0.2163923978805542,-2.073399548045296,,,0.22622251510620117,-0.39747337695063484,,,,,,,0.4620727300643921,-4.356547829376326,0.6425862312316895,1.1392282136600884,,,0.19925379753112793,1.3678883710126286,,,6,5
2017-07-11 06:00:00+00:00,,,0.3289329409599304,-5.184625239639318,,,0.306793749332428,-4.1906298956168815,,,,,,,0.41025644540786743,-4.424130139232883,,,,,0.22673368453979492,1.85311258584485,,,4,4
2017-07-11 12:00:00+00:00,,,0.3128651976585388,-0.3826513087218809,0.7599535584449768,-4.8570068744162365,,,0.28663170337677,1.2981184905820236,,,,,0.4556117057800293,-3.101765187854982,,,,,,,0.21414387226104736,1.5705429404285693,5,5
2017-07-11 18:00:00+00:00,,,0.4522874355316162,12.212436501878623,0.4190877676010132,0.41877292832543617,,,0.1997823715209961,-6.057704028170646,,,,,0.3178666830062866,-1.845472803152285,,,,,0.14062190055847168,1.4502614347473857,,,6,5
2017-07-12 00:00:00+00:00,,,0.3805839419364929,-0.4412239664251673,0.5934656858444214,-0.6983797634882009,,,0.19030117988586426,2.5460672180139983,,,,,0.29992902278900146,-2.1931832778394607,,,0.16291075944900513,-0.030528007886708067,0.2289750576019287,0.7771552685389413,,,6,6
2017-07-12 06:00:00+00:00,,,0.31501924991607666,-0.8384308872947678,,,,,0.2477858066558838,-16.053119367094684,,,0.24255645275115967,0.6209217043253791,0.5390364229679108,-5.065946119045259,,,0.0823601484298706,0.09676770014164819,0.1557157039642334,0.9634721110032906,,,6,6
2017-07-12 12:00:00+00:00,,,0.3205154538154602,-1.2610074313787183,,,,,0.40074241161346436,-10.095631230890769,,,0.2688809633255005,0.295579843855145,0.39569979906082153,-4.6629289523408195,,,,,0.20717203617095947,1.5886076848275643,0.3128821849822998,-0.5245461352254952,6,6
2017-07-13 00:00:00+00:00,,,0.2570040822029114,-7.734263195266268,,,,,0.42406076192855835,-3.654426383936311,,,0.16056740283966064,0.023065148199362052,0.4334116578102112,-1.4601262118159009,,,0.056060194969177246,2.1878502613262945,,,0.13810491561889648,2.537646125774527,6,6
2017-07-13 06:00:00+00:00,,,0.2941298484802246,-4.2480988692590955,,,,,0.3581995368003845,-12.778455131361262,,,0.2677825689315796,2.1664647477649246,0.5791693031787872,-1.8127295988310517,,,0.24908411502838135,-0.005319308646306863,,,0.16626453399658203,1.3774625041739765,6,6
2017-07-13 12:00:00+00:00,,,0.18229180574417114,-0.3593686465189794,,,,,0.34927570819854736,-11.274442579499665,,,0.16648447513580322,-0.00142163541583434,,,,,0.39309918880462646,-1.1296506814640932,,,0.1458042860031128,0.7457462920777534,6,6
2017-07-13 18:00:00+00:00,,,0.18786966800689697,-1.1264238312047345,,,,,0.2882932424545288,-3.9753218128024685,,,0.32538437843322754,2.782940355358514,,,,,0.868014931678772,0.38776613906621527,,,0.08607518672943115,-0.03812708937281147,5,5
2017-07-14 00:00:00+00:00,,,0.377250611782074,-1.8059275948672895,,,,,0.30669963359832764,-3.7246126274964815,,,0.34202277660369873,1.5421600805103035,,,,,,,,,0.13476300239562988,0.4485465442251572,5,4
2017-07-14 06:00:00+00:00,,,0.25644242763519287,14.950597500444312,,,,,0.3618542551994324,-4.88411129974169,,,0.3005942106246948,4.572457479692593,,,,,0.5857124328613281,0.25942407038779863,,,0.16824746131896973,0.05387930525098091,5,5
2017-07-14 12:00:00+00:00,,,0.18590080738067627,-1.318307227848525,,,,,0.17814791202545166,-2.7442481853794054,,,0.32715606689453125,11.065808376373749,,,,,,,,,0.19360768795013428,-0.16322691331218428,6,5
2017-07-14 18:00:00+00:00,,,0.09129965305328369,-1.2661699777669226,,,,,0.22460347414016724,-1.3913623083871478,,,0.40127384662628174,6.476339299495989,,,,,,,,,0.08342260122299194,-0.3768291575991264,6,6
2017-07-15 00:00:00+00:00,,,0.3183891177177429,-1.7933376382839272,,,,,0.2707209587097168,-1.9508049297767573,,,0.3680293560028076,7.647758614145523,,,,,,,,,0.33267462253570557,-0.004464911814005855,7,6
2017-07-15 06:00:00+00:00,,,0.2742561101913452,-0.38335726080998656,,,,,0.48331665992736816,-6.185129924521152,,,0.37983787059783936,7.552699684527428,,,,,,,,,0.014052271842956543,0.3415444995927795,5,5
2017-07-15 12:00:00+00:00,,,0.14086943864822388,-0.24310560748139498,,,,,0.3853021264076233,-2.94047514266399,,,0.44430291652679443,7.912454116126011,,,,,,,,,0.21472382545471191,0.7103692221653725,5,5
2017-07-15 18:00:00+00:00,,,0.10003584623336792,0.026218551951881768,0.2817213535308838,0.5507611882067472,,,,,0.25397276878356934,-1.6545117925749935,0.4315168857574463,5.107874582929877,,,,,,,,,0.03261399269104004,0.05652832801446761,5,5
2017-07-16 00:00:00+00:00,,,0.0543292760848999,-0.2796892222056973,,,,,,,0.22055768966674805,-0.6694245034084639,0.45806849002838135,10.077644371524055,,,,,,,,,0.4009600877761841,-0.5123886048432723,4,4
2017-07-16 06:00:00+00:00,,,0.2979974150657654,-15.949372466711283,,,,,,,0.4489503502845764,-1.1136455684221056,0.38732147216796875,7.781866390839614,,,,,,,,,0.09455335140228271,-0.07742624742863151,4,4
2017-07-16 12:00:00+00:00,,,0.24167555570602417,-0.9037509008682382,0.5339452028274536,-0.2141451714694886,,,,,0.4124016761779785,-4.366735565202609,0.3202393054962158,-0.2774274274089822,,,,,,,,,0.07316088676452637,0.47894580302962053,5,5
2017-07-16 18:00:00+00:00,,,0.25262969732284546,-1.1061311387687227,0.16607671976089478,-0.18552636536825143,,,,,,,0.41625893115997314,10.641072437376526,0.3838695287704468,0.41748125190443997,,,,,,,0.14117765426635742,-0.38937834488819234,5,5
2017-07-17 00:00:00+00:00,,,0.20543122291564941,-0.7097530435086254,0.002399265766143799,-0.07398110965812552,,,,,,,,,0.515414834022522,20.291601781124804,,,0.12904560565948486,0.4361413390595095,,,,,4,4
2017-07-17 06:00:00+00:00,,,0.1801203489303589,-0.36437660508832387,0.19259238243103027,-0.036305123157789075,,,,,,,,,,,,,0.38549113273620605,9.779510380435974,,,,,3,3
2017-07-17 12:00:00+00:00,,,0.30726826190948486,-1.7470896897745307,0.08868992328643799,0.019774872763500893,,,,,0.151009202003479,-1.879669378331493,0.0042681097984313965,0.7595956519947435,0.5630563497543335,10.998723843888806,,,0.14430534839630127,-0.7288734196969014,,,,,6,6
2017-07-17 18:00:00+00:00,,,0.09318476915359497,0.11458333051939765,0.1499074101448059,0.41559281192248193,,,,,0.34965085983276367,-1.5527122906077944,,,0.41696763038635254,9.406983301982446,,,0.1941838264465332,1.0088567998181592,,,,,5,5
2017-07-18 00:00:00+00:00,,,0.23790091276168823,-1.0482143777044934,0.16727060079574585,-0.40192096544349665,,,,,0.4467209577560425,10.469368452304298,,,0.4641801118850708,9.388723266326895,,,0.13860929012298584,0.4528581378725732,,,,,5,5
2017-07-18 06:00:00+00:00,,,0.4362448453903198,-1.7455480419342109,0.05975085496902466,-0.011196433382263012,,,,,,,,,0.524457573890686,8.29316367801515,,,0.173203706741333,0.80449656531224,,,,,4,4
2017-07-18 12:00:00+00:00,,,0.4082142114639282,-12.326030065664456,0.0879133939743042,0.37899333955837083,,,,,,,,,0.5085492134094238,11.396962520857672,,,0.18986570835113525,0.9242306112493934,,,,,5,5
2017-07-18 18:00:00+00:00,,,0.23328536748886108,-0.497636145886712,0.8025192022323608,0.887138971352296,,,,,,,,,0.4674036502838135,9.688394212024527,,,,,0.18511486053466797,2.5153795215409196,,,4,4
2017-07-19 00:00:00+00:00,,,0.1667780876159668,-0.6363054152767158,0.11455237865447998,0.21592330496587728,0.5692542791366577,1.0312307641201028,,,,,,,0.5018661022186279,7.0469006352199575,,,,,0.23934149742126465,4.50041811977713,,,5,5
2017-07-19 06:00:00+00:00,,,0.2619692087173462,-0.5904682624389268,,,0.0016626715660095215,0.6408289175000651,,,,,,,0.49430787563323975,10.010501760815387,,,,,0.20920825004577637,1.4285114777088654,,,4,4
2017-07-19 12:00:00+00:00,,,0.35405218601226807,-4.679347667585341,,,0.002467632293701172,5.30098628215129,,,,,,,0.4498986005783081,11.220539862162791,,,,,0.18017327785491943,0.9875515997194823,,,4,4
2017-07-20 00:00:00+00:00,,,0.18292605876922607,-1.2495373711988225,,,0.231520414352417,0.6197259577941888,,,,,,,0.4371914863586426,10.398891870175392,,,,,0.20508956909179688,5.692191915352662,,,4,4
2017-07-20 06:00:00+00:00,,,0.1057208776473999,0.40059450727244794,,,,,0.18262732028961182,1.6996276937052788,,,,,0.4318244457244873,8.572669837531016,,,,,0.2090991735458374,4.507275658747009,,,4,4
2017-07-20 12:00:00+00:00,,,0.25377994775772095,-3.163899915910615,,,,,0.435474157333374,7.186009153542112,,,,,0.4017155170440674,2.7521979877015266,,,,,0.3352036476135254,15.70102938812507,,,4,4
2017-07-20 18:00:00+00:00,,,0.07268667221069336,-0.04555366679081005,,,,,0.3808826208114624,5.008818492858686,,,,,0.47125113010406494,1.400562519749978,,,,,0.36574625968933105,15.284818516301131,,,4,4
2017-07-21 00:00:00+00:00,,,0.19153445959091187,-22.076391287636756,,,,,0.3130110502243042,1.769754904455606,,,,,0.1250097155570984,0.6988458444482983,,,,,0.2871527671813965,6.243846178336681,,,4,4
2017-07-21 06:00:00+00:00,,,0.20995062589645386,-0.5335534455691885,,,,,0.29918670654296875,2.7732938631081603,,,,,0.3586355447769165,19.9122203990407,,,,,0.27290070056915283,4.821790958110271,,,4,4
2017-07-21 12:00:00+00:00,,,0.17453408241271973,-0.3637104260554645,,,,,0.4199411869049072,3.73034924066565,,,,,0.15440601110458374,0.982207616449872,,,,,0.3360940217971802,9.286249943973237,,,5,5
2017-07-21 18:00:00+00:00,,,0.17095768451690674,-0.7463754824768244,,,,,0.30801987648010254,0.7149774497636099,,,,,,,,,,,0.2825047969818115,8.743124470865096,,,4,4
2017-07-22 00:00:00+00:00,,,0.2358102798461914,-2.358541799956146,,,,,0.23095214366912842,0.6437583623204974,,,,,0.2848172187805176,0.5491727149643334,,,,,0.2973759174346924,9.976797329094303,,,4,4
2017-07-22 06:00:00+00:00,,,0.2891766428947449,-0.566031664260853,,,,,,,,,,,0.019567489624023438,0.44596269893204166,0.353190541267395,7.372475583922638,,,0.18713033199310303,2.4546131246312624,,,4,4
2017-07-22 12:00:00+00:00,,,0.1869068145751953,-0.6670185882888604,,,,,,,,,,,0.43550801277160645,-0.03460458618388018,0.3210923671722412,5.13466120640483,,,0.2423170804977417,3.6000755896078944,,,4,4
2017-07-22 18:00:00+00:00,,,0.026174545288085938,-1.7735479676642945,,,,,,,,,,,0.03767752647399902,-1.728453310637859,0.350771427154541,4.387319215555926,,,0.20328521728515625,2.670153377808414,,,4,4
2017-07-23 00:00:00+00:00,,,0.18507862091064453,-0.46940352516421163,,,,,,,,,,,,,,,,,0.2776376008987427,5.438630198526712,,,2,2
2017-07-23 06:00:00+00:00,,,0.1061970591545105,-1.095720213536781,,,,,,,,,,,,,0.34545135498046875,4.998763946027776,,,0.1974400281906128,2.110192618976213,,,3,3
2017-07-23 12:00:00+00:00,,,0.22903746366500854,-1.8853335796520319,,,,,,,,,,,,,0.2894558906555176,1.7899430885126275,,,0.19970488548278809,2.1172848051746067,,,3,3
2017-07-23 18:00:00+00:00,,,0.14994025230407715,-0.977270434433972,,,,,,,,,,,0.1080315113067627,-0.35983619270582823,0.24362361431121826,2.4755369797780005,,,0.19959723949432373,2.8519190653382953,,,4,4
2017-07-24 00:00:00+00:00,,,0.19869506359100342,-4.13662519829567,,,,,,,,,,,,,0.27855753898620605,2.102132365284309,,,0.23023104667663574,3.8385422443963937,,,3,3
2017-07-24 06:00:00+00:00,,,0.2452939748764038,-1.8602934797715898,,,,,,,,,,,,,0.346258282661438,2.096687044938871,,,0.16636788845062256,1.8188055276169566,,,3,3
2017-07-24 12:00:00+00:00,,,0.1548527479171753,-1.084767056814939,,,,,,,,,,,,,0.21393465995788574,1.629889470844416,,,0.25659477710723877,1.9769260523692356,,,3,3
2017-07-24 18:00:00+00:00,,,0.21732133626937866,-4.17425173534392,,,,,,,,,,,,,0.2218703031539917,0.8589906329107823,,,0.20935094356536865,1.8254835218613399,,,3,3
2017-07-25 00:00:00+00:00,,,0.2503597140312195,-0.5178457677176809,,,,,,,,,,,,,0.2461146116256714,0.22506377983152778,,,0.20980548858642578,1.1272434496814023,,,3,3
2017-07-25 06:00:00+00:00,,,0.27885615825653076,-3.0658839451917985,,,0.11728793382644653,0.11311270148787742,,,,,,,,,0.18101239204406738,0.7905997751728955,,,0.25717639923095703,1.704777725128036,,,4,4
2017-07-25 12:00:00+00:00,,,0.25633424520492554,-1.2478851419116685,,,0.2832062840461731,0.18564812841243414,,,,,,,,,0.13226091861724854,0.7599421152667959,,,0.2158806324005127,2.53053441370993,,,4,4
2017-07-25 18:00:00+00:00,,,0.19383090734481812,-3.464732266603101,,,0.21363937854766846,-1.418801182498492,,,,,,,,,0.1188274621963501,-0.23174215542477822,,,0.24207890033721924,1.7007010222535515,,,4,4
2017-07-26 00:00:00+00:00,,,0.18727785348892212,-0.6416142004507626,,,0.14865916967391968,1.622257549701325,,,,,,,,,0.1094139814376831,-0.0028504675316461977,,,0.16157031059265137,1.0903295173217478,,,6,4
2017-07-26 06:00:00+00:00,,,0.15909510850906372,-2.0475576606392734,,,0.23414736986160278,-8.566728427348151,,,,,,,,,,,,,0.22087621688842773,8.804743717407453,,,3,3
2017-07-26 12:00:00+00:00,,,0.21784907579421997,-1.9850711588534509,0.1715383529663086,-0.044000033993482415,0.25691747665405273,-14.152306111511662,,,,,,,,,0.5249291658401489,-1.0813690259619808,,,0.22811925411224365,6.818687264249831,,,5,5
2017-07-26 18:00:00+00:00,,,0.24734532833099365,-0.8612347591283617,0.20092815160751343,-0.6991129572285686,,,0.27717649936676025,-5.228658513111498,,,,,,,0.2659928798675537,-0.4612681034496018,,,0.22115230560302734,4.52264769154382,,,5,5
2017-07-27 00:00:00+00:00,,,0.22496074438095093,-0.5675025236738702,,,,,0.2541882395744324,-3.944852889363478,,,,,,,,,,,0.220617413520813,4.2277328158330985,0.020244359970092773,0.18513893898091788,5,4
2017-07-27 06:00:00+00:00,,,0.2515270709991455,-2.7652873440892027,,,,,0.2629343867301941,-13.684594790933156,,,,,,,,,,,0.19947922229766846,2.699275442886086,0.14564788341522217,1.3213932894949287,5,4
2017-07-27 12:00:00+00:00,,,0.2117210030555725,-1.2735955867473168,,,,,0.20127993822097778,-3.251237362577976,,,,,,,,,,,0.2047889232635498,-0.6448825771225445,,,4,3
2017-07-27 18:00:00+00:00,,,0.15503764152526855,-0.5395932470671986,,,,,0.2794418931007385,-6.910639011935128,,,,,,,,,,,0.273384690284729,2.610892333097657,,,4,3
2017-07-28 00:00:00+00:00,,,0.2904515862464905,-0.9741137407132119,,,,,0.29512953758239746,-14.288975709515368,,,0.036840081214904785,2.091846839552651,,,,,,,0.22297406196594238,-9.217420766911834,,,5,4
2017-07-28 06:00:00+00:00,,,0.19741588830947876,-14.5681618057776,,,,,0.2505095601081848,-0.2180335496841048,,,0.2008686065673828,0.7482431380933826,,,,,,,0.1947695016860962,0.6275776937581371,,,4,4
2017-07-28 12:00:00+00:00,,,0.18510174751281738,-2.741392497307892,,,,,0.2450128197669983,-10.635268470188995,,,0.2417052984237671,1.438959799200991,,,,,,,0.21118056774139404,1.9032925773722926,,,5,5
2017-07-28 18:00:00+00:00,,,0.2391396164894104,-2.863394349167269,,,,,0.19873487949371338,-10.971361534057367,,,0.21000421047210693,2.3740662764724463,,,,,,,0.23517930507659912,1.6193344416514837,,,4,4
2017-07-29 00:00:00+00:00,,,0.252565860748291,-1.0733332094655652,,,,,0.2731727957725525,-10.265908236675267,,,0.2547186613082886,2.0848521879471478,,,,,,,0.21223819255828857,3.492523115147417,,,4,4
2017-07-29 06:00:00+00:00,,,0.18883132934570312,-2.1815413136944404,,,,,0.20961815118789673,-5.727214061585082,,,0.1839503049850464,2.8944211625723533,,,,,,,0.2872732877731323,12.206778543866712,,,4,4
2017-07-29 12:00:00+00:00,,,0.3272742033004761,-20.816594881054996,,,,,0.2230408787727356,-11.228561419459322,,,0.17902672290802002,1.4698013080250067,,,,,0.31646978855133057,2.9016368948424676,0.25614309310913086,2.9228144951942356,,,6,6
2017-07-29 18:00:00+00:00,,,0.23851269483566284,-0.7963403242453326,,,,,0.2037142515182495,-3.654659897641185,,,0.23493671417236328,3.3251744697257366,,,,,0.06618154048919678,0.32256526849210304,0.23990166187286377,2.528355085177149,,,5,5
2017-07-30 00:00:00+00:00,,,0.22766977548599243,-2.3609396326738006,,,,,0.20438963174819946,-17.132001754543996,,,0.23166847229003906,5.391304063408859,,,,,0.06302690505981445,1.341934771137711,0.23278462886810303,1.0988068287736636,,,5,5
2017-07-30 06:00:00+00:00,,,0.16499179601669312,-0.5147357291804548,,,,,0.1844584345817566,-4.490074895355534,,,0.2245330810546875,6.302522008959551,,,,,0.1219332218170166,0.7798503936464005,0.26710522174835205,5.521543736778901,,,5,5
2017-07-30 12:00:00+00:00,,,0.2174425721168518,-0.8290105356065819,,,,,0.27198630571365356,-5.376205714068857,,,0.2370384931564331,3.974390372584724,,,,,0.05721855163574219,0.011997372859750891,0.2814218997955322,1.9141579654198289,,,5,5
2017-07-30 18:00:00+00:00,,,0.19632577896118164,-0.3949751844472287,,,,,0.2941743731498718,-1.9714516936665356,,,0.30037009716033936,3.4922190711307253,,,,,0.5054017305374146,1.6896285502664583,0.2943394184112549,9.57026807726177,,,5,5
2017-07-31 00:00:00+00:00,,,0.24228215217590332,-0.8682092081794185,,,,,,,0.1949019432067871,-0.9717742836759968,,,0.29177045822143555,7.043829847667887,,,0.6436731815338135,4.452934032173759,0.2925049066543579,2.6165111675041346,,,5,5
2017-07-31 06:00:00+00:00,,,0.011583805084228516,22.475353694414768,,,,,,,0.1882215142250061,-1.1422028200147039,,,0.31176018714904785,6.6801845487732106,,,,,0.2630026340484619,2.0846863926924653,,,4,4
2017-07-31 12:00:00+00:00,,,0.21219772100448608,-0.3376942677890445,,,,,,,0.2513195276260376,-2.5603822656339563,,,,,,,,,0.28451335430145264,5.35584008846752,,,3,3
2017-07-31 18:00:00+00:00,,,0.2649965286254883,-0.7430268278325795,,,,,,,0.23142552375793457,-10.513304581338318,,,,,,,,,0.29143214225769043,3.8207337501138663,,,4,4
2017-08-01 00:00:00+00:00,,,0.13581275939941406,5.971996387576543,,,,,,,0.2515842914581299,-2.5085422278987397,,,,,,,,,0.23838233947753906,2.451842570393812,,,4,4
2017-08-01 06:00:00+00:00,,,0.14080947637557983,19.700205188006173,,,,,,,0.14066720008850098,-0.7463380975149989,,,,,,,,,0.2765934467315674,6.189977195605778,,,4,4
2017-08-01 12:00:00+00:00,,,0.20347553491592407,-2.140823990611906,,,,,,,,,,,0.2836650609970093,10.353102502254096,,,,,0.18211853504180908,2.7968223553990543,,,3,3
2017-08-01 18:00:00+00:00,,,0.2561013698577881,-0.8287667466528347,,,,,,,,,,,0.28502023220062256,5.204683390178106,,,,,0.2516089677810669,1.8125703702703275,,,3,3
2017-08-02 00:00:00+00:00,,,0.29083752632141113,-26.236417367006414,,,,,,,,,,,0.28944480419158936,7.575451524938787,,,,,,,,,2,2
2017-08-02 06:00:00+00:00,,,0.2501910924911499,-0.3958632269907878,,,,,,,,,,,0.23717594146728516,2.546167783777394,,,,,,,,,2,2
2017-08-02 12:00:00+00:00,,,0.17272990942001343,-0.4496538519661951,,,,,,,,,,,0.24182355403900146,2.8934317791936963,,,0.21395456790924072,0.7381172040353868,,,,,3,3
2017-08-02 18:00:00+00:00,,,0.274417519569397,-0.3516463120903684,,,,,0.28898346424102783,0.74984410131733,,,,,,,,,,,0.2648351192474365,8.83587371957661,,,3,3
2017-08-03 00:00:00+00:00,,,0.17866075038909912,-0.833250974877422,,,,,0.3182564973831177,2.17425985774089,,,,,,,,,,,0.2579188346862793,4.321602788967493,,,3,3
2017-08-03 06:00:00+00:00,,,0.1184045672416687,0.3716706667708048,,,,,,,,,,,,,,,,,0.2767636775970459,8.828087349552373,,,2,2
2017-08-03 12:00:00+00:00,,,0.07382118701934814,0.1324558839994065,,,,,,,,,,,,,,,,,0.30798590183258057,8.829817657772542,,,2,2
2017-08-03 18:00:00+00:00,,,,,0.0976606011390686,-0.2153114748159612,,,,,,,,,,,,,,,0.25422775745391846,9.184660854494838,,,2,2
2017-08-04 00:00:00+00:00,,,,,0.17473864555358887,0.2655611465588705,,,,,,,,,,,,,,,0.2521696090698242,9.177872554011945,,,2,2
2017-08-04 06:00:00+00:00,,,,,0.015862226486206055,-0.2868273288943925,,,,,,,,,,,,,,,0.2638084888458252,12.180980790395298,,,2,2
2017-08-04 12:00:00+00:00,,,,,0.22345036268234253,0.9195754460089379,,,,,,,,,,,,,,,0.23470306396484375,14.466427092359618,,,2,2
2017-08-04 18:00:00+00:00,,,0.9499320983886719,4.653728655335037,0.04470241069793701,0.03712322350890091,,,,,0.28073179721832275,4.036915881858725,,,,,0.21029090881347656,3.1429611162223248,,,0.22009539604187012,4.145451573592804,,,5,5
2017-08-05 00:00:00+00:00,,,0.11038494110107422,-0.7769749548635637,0.8246564865112305,-3.8572580699598777,,,,,0.26117122173309326,0.8014712591756211,,,,,0.4117701053619385,2.061344446978119,,,0.22374117374420166,4.128001827809143,,,9,9
2017-08-05 06:00:00+00:00,,,0.6353546380996704,2.136226534228609,0.24484694004058838,1.0668740953785731,,,,,0.3963700532913208,2.3958528182795322,,,,,0.3927081227302551,0.29732682743064937,,,0.23377931118011475,3.3781807427624893,,,7,7
2017-08-05 12:00:00+00:00,,,0.7428507804870605,1.604919044876002,,,,,,,0.3545626401901245,0.8205778039911763,,,,,,,,,0.2740532159805298,5.048610185271149,,,5,3
2017-08-05 18:00:00+00:00,,,0.04579681158065796,-3.0389676992109615,,,,,,,0.07396304607391357,-0.24078035936385325,,,,,0.4612795114517212,3.539176779400134,,,0.2585080862045288,2.0739651148957385,,,5,5
2017-08-06 00:00:00+00:00,,,0.3829061985015869,-0.7897390701578885,,,,,,,0.3127535581588745,0.7351456907386611,,,,,0.22570061683654785,0.4163836105454058,,,0.2451941967010498,3.224950578179045,0.9006240367889404,0.6083955297883258,6,6
2017-08-06 06:00:00+00:00,,,0.3223203420639038,0.4490979423968949,,,,,,,,,0.6018647849559784,-4.606215630427972,,,0.2531501054763794,2.5573079987917473,,,0.23447692394256592,3.4135367688289615,,,5,5
2017-08-06 12:00:00+00:00,,,,,0.5169456005096436,2.722945165430783,,,,,,,0.5582237541675568,-4.0779591206775,,,0.239723801612854,0.22273909885726845,,,0.23199903964996338,1.6875540135028901,,,6,6
2017-08-06 18:00:00+00:00,,,,,0.03687608242034912,0.6730680734397243,,,,,,,0.5416624844074249,-2.0634502189379096,,,0.4145876169204712,4.519666726331472,,,0.2627863883972168,3.1004214385994615,,,6,6
2017-08-07 00:00:00+00:00,,,,,0.5066132247447968,-0.5397465283729665,,,,,,,,,0.5634014308452606,-4.9923994741701545,0.08548605442047119,-0.013427997774699779,,,0.18653714656829834,1.3412157107910163,,,5,5
2017-08-07 06:00:00+00:00,,,,,,,,,,,,,,,0.4590151906013489,-7.078760608000543,0.22363102436065674,0.4591739673977043,,,0.1613903045654297,1.7372167430520904,,,5,4
2017-08-07 12:00:00+00:00,,,,,0.47330743074417114,-1.194668557861123,0.24794310331344604,0.20447423332597392,,,,,,,0.5608127117156982,-5.749574339658051,0.0970836877822876,-0.16098015903363957,,,,,0.24037015438079834,3.1332252972646915,6,6
2017-08-07 18:00:00+00:00,,,,,,,0.09784036874771118,-2.22211854456513,,,,,,,0.44809722900390625,-3.469330212689227,0.1549769639968872,0.414970223336061,,,,,0.22035181522369385,1.7176848560527376,4,4
2017-08-08 00:00:00+00:00,,,,,,,0.13118767738342285,-0.09252908029840538,,,,,,,0.6209310591220856,-12.412413441700533,0.002960801124572754,-0.2510195229393671,,,,,0.24124586582183838,0.9913807467197652,4,4
2017-08-08 06:00:00+00:00,,,,,,,,,0.3371890187263489,-6.059893038521184,,,,,0.5942077934741974,-4.39923469683684,0.04235851764678955,0.5597402928498515,,,,,0.22794842720031738,2.1909012643773185,5,5
2017-08-08 12:00:00+00:00,,,,,,,,,0.4965912103652954,-3.1780258637226013,,,,,0.5215418338775635,-8.291044648455642,0.5369629859924316,0.4490352918177537,,,,,0.24972748756408691,1.855777060088152,5,4
2017-08-08 18:00:00+00:00,0.5918207764625549,-1.3034657822819633,,,,,,,0.13031983375549316,-2.0193547253047326,,,,,0.44615036249160767,-5.864316424309002,,,,,,,0.20443332195281982,1.1861949778440977,5,4
2017-08-09 00:00:00+00:00,0.34576696157455444,-0.3767713942521403,,,,,,,0.3033819794654846,-9.275527113203637,,,0.3918412923812866,2.459681435268901,0.5360911190509796,-2.82018963080908,,,,,,,0.29180657863616943,1.0889787739173054,5,5
2017-08-09 06:00:00+00:00,0.16820579767227173,-0.36589472034778253,,,,,,,0.2451503872871399,-8.674080728644851,,,0.29896318912506104,7.082449053612605,0.5849008560180664,-4.637585565646298,,,,,,,0.21898722648620605,1.4306380628073523,5,5
2017-08-09 12:00:00+00:00,0.0003444552421569824,-0.34520670723475066,,,,,,,0.37362194061279297,-8.795814742874393,,,0.42856502532958984,3.207729246578906,0.5418792366981506,-7.809128956707876,,,,,,,0.1526128053665161,0.4253162731454808,6,6
2017-08-09 18:00:00+00:00,0.12882381677627563,-0.45618297437811917,,,,,,,0.5931433439254761,-12.321696781816625,,,0.3807026147842407,4.315888149015285,0.5886688828468323,-6.449457892445722,,,,,,,0.31314682960510254,25.899427852127893,6,6
2017-08-10 00:00:00+00:00,0.28842753171920776,-22.051636640633188,,,,,,,0.5250865817070007,-3.678873908338325,,,0.39468586444854736,5.259158697922579,0.3896479606628418,0.019980943277008337,,,,,,,0.16062629222869873,0.5874117690654116,6,6
2017-08-10 06:00:00+00:00,0.2611345052719116,-0.5413761886995879,,,,,,,0.4256356358528137,-8.306310987334045,,,0.33966314792633057,1.0163055939269217,0.4780055284500122,-3.592619777339181,,,,,,,0.1447206735610962,0.5751852833197453,6,6
2017-08-10 12:00:00+00:00,,,0.2143406867980957,-0.5581110840595085,,,,,0.188279926776886,-3.0300153529212723,,,0.4360392093658447,3.9325767287703712,0.6020062565803528,-6.783716985534582,,,,,,,0.2768716812133789,0.08309522220708311,6,6
2017-08-10 18:00:00+00:00,,,0.3149169683456421,-0.43168080699880484,0.12839466333389282,0.2005085493309796,,,0.1829603910446167,-5.405350343539001,,,0.4594154357910156,5.789418148004412,0.464655339717865,-2.263032092067154,,,,,,,0.19512391090393066,0.5910886337075774,7,7
2017-08-11 00:00:00+00:00,,,0.39095431566238403,-3.914957492355791,0.43769025802612305,0.7741014804650043,,,0.1377251148223877,-10.371014972543112,,,0.4378775358200073,6.134278698005825,0.5540570914745331,-5.732953269539488,,,,,,,0.10545146465301514,0.8594015755139958,7,7
2017-08-11 06:00:00+00:00,,,0.25207245349884033,-2.4004914410362024,0.2209334373474121,-0.5888146058073965,,,0.21605676412582397,-3.355119132523302,,,0.46122610569000244,5.462559880239543,0.461306631565094,-6.130624126704575,,,,,,,0.21811139583587646,0.8196502078748271,8,8
2017-08-11 12:00:00+00:00,,,0.2389877438545227,-5.098129711243289,,,,,0.06600826978683472,0.2788780939569912,,,0.49193692207336426,6.525877907028242,,,0.3137030601501465,-1.6804258767783808,,,,,0.12540555000305176,0.14439358357001866,7,6
2017-08-11 18:00:00+00:00,,,0.14629977941513062,-0.22555541708331195,,,,,0.365440309047699,-2.638154465436483,,,0.4479031562805176,5.834486026193324,,,0.20295417308807373,-0.9482045514247893,,,,,0.2927602529525757,0.6039250100344756,6,6
2017-08-12 00:00:00+00:00,,,0.14405351877212524,-0.5860219602084369,,,,,0.01398313045501709,-0.6720531771459168,,,0.42386651039123535,4.2988129792468825,,,0.1431870460510254,0.14767871283100775,,,,,0.1771528720855713,0.9610648778509013,5,5
2017-08-12 06:00:00+00:00,,,0.15392374992370605,-0.4769639171695854,,,,,,,,,0.417527437210083,6.976971591200401,,,0.20855456590652466,-2.0857362543850164,,,,,0.1097261905670166,0.23322464734110096,4,4
2017-08-12 12:00:00+00:00,,,0.17888468503952026,-0.43669231069895514,,,,,,,0.08685886859893799,-1.1590184311396794,0.3806724548339844,9.64952130661545,,,,,,,0.15332567691802979,0.2031097383697263,,,5,5
2017-08-12 18:00:00+00:00,,,0.264734148979187,-0.7329180352496646,,,,,,,0.2314009666442871,0.5824933301699001,0.4328181743621826,7.016110901943554,,,,,,,0.25585174560546875,-0.2330555923171397,,,4,4
2017-08-13 00:00:00+00:00,,,0.05487096309661865,0.013175336211074458,,,,,,,0.2625696659088135,-7.962771570420095,,,,,,,0.46082186698913574,12.408281498300312,,,,,3,3
2017-08-13 06:00:00+00:00,,,0.15132510662078857,-0.11243446661325637,,,,,,,0.3223947286605835,-6.185153990989454,0.4041653871536255,8.467137159424542,,,,,,,,,,,3,3
2017-08-13 12:00:00+00:00,,,0.1922951340675354,-0.05523476113459721,,,,,,,,,0.4696289300918579,13.214476409079118,,,,,,,,,,,3,3
2017-08-13 18:00:00+00:00,,,0.2132743000984192,-0.4826899802281791,,,,,,,,,0.4812028408050537,8.409444372365783,,,,,,,,,,,2,2
2017-08-14 00:00:00+00:00,,,0.19117462635040283,-0.43120365538335953,,,,,,,,,0.40700507164001465,9.86793681857017,,,,,,,,,,,3,3
2017-08-14 06:00:00+00:00,,,0.18671107292175293,-0.9500502970167382,,,,,,,,,,,0.4383624792098999,9.579260228747248,,,,,,,,,2,2
2017-08-14 12:00:00+00:00,,,0.11517179012298584,-1.882971068585078,,,,,,,,,,,0.42015063762664795,10.19008952134276,,,,,,,,,2,2
2017-08-14 18:00:00+00:00,,,0.2664329409599304,-1.188913170955294,,,,,,,,,,,0.41110312938690186,6.555478730246972,,,,,,,,,2,2
2017-08-15 00:00:00+00:00,,,0.2184896469116211,-3.9928846744543214,,,,,,,,,,,0.39063167572021484,8.297595771296658,,,,,,,,,2,2
2017-08-15 06:00:00+00:00,,,0.17037302255630493,-1.0525102755675126,,,,,,,,,,,,,,,,,0.40064382553100586,11.028533098943852,,,2,2
2017-08-15 12:00:00+00:00,,,0.2425389289855957,-1.0552381340235313,,,,,,,,,0.18733394145965576,-0.06537810850877855,,,,,,,0.3769792318344116,8.373225739636052,,,3,3
2017-08-15 18:00:00+00:00,,,0.29369449615478516,-34.00445042043011,,,,,,,,,,,,,,,,,0.38313794136047363,12.419607747615057,,,2,2
2017-08-16 00:00:00+00:00,0.1022307276725769,-0.9682785094314439,,,0.025968074798583984,0.27779172794300083,,,,,,,,,,,,,,,0.4139977693557739,7.036650369805461,,,3,3
2017-08-16 06:00:00+00:00,0.10610067844390869,-1.38790310199661,0.08691167831420898,-0.09862930003748376,0.2998819947242737,-1.0087316831649644,,,,,,,,,,,,,,,0.4312804937362671,9.53944788978066,,,5,4
2017-08-16 12:00:00+00:00,,,0.29697078466415405,-2.2334164610731704,0.49250227212905884,-16.854094590814725,,,,,,,,,,,,,,,0.42388033866882324,7.3593173423873335,,,3,3
2017-08-16 18:00:00+00:00,,,0.41732752323150635,-24.60340206381347,,,,,,,,,,,,,,,,,0.422247052192688,10.496011059801555,0.22816956043243408,0.8165492218291892,3,3
2017-08-17 00:00:00+00:00,,,0.009433150291442871,15.27841804285014,,,,,,,,,,,,,,,,,0.3994942903518677,8.313817553198714,0.21026742458343506,1.0138421740921955,3,3
2017-08-17 06:00:00+00:00,,,0.3423824906349182,-20.71733648602634,,,,,,,,,,,,,,,,,0.4094674587249756,6.453454776730665,,,3,2
2017-08-17 12:00:00+00:00,,,0.1859014630317688,-0.1114137728677674,0.062325894832611084,-0.293393561009184,,,,,,,,,,,,,,,0.3883103132247925,7.787676678201597,,,4,3
2017-08-17 18:00:00+00:00,,,0.2767140865325928,-0.3476537226268023,0.07187628746032715,-0.42255485050545233,,,,,,,,,,,,,,,0.4065115451812744,7.403419125755575,,,4,4
2017-08-18 00:00:00+00:00,,,0.054355740547180176,-0.5322078561733684,0.3228798508644104,0.04094316994808192,,,,,,,,,,,,,,,0.3851817846298218,17.45967445604652,,,5,3
2017-08-18 06:00:00+00:00,,,0.41222530603408813,-17.34184391956247,0.29116684198379517,0.33263566397765976,,,,,,,,,,,,,,,0.33822929859161377,-20.242326401899962,,,4,4
2017-08-18 12:00:00+00:00,,,0.25794970989227295,-0.1413388282668043,,,,,,,,,,,,,,,,,0.4372599124908447,8.589932199913763,,,3,2
2017-08-18 18:00:00+00:00,,,0.16285693645477295,-0.3131377051821641,,,,,,,,,,,,,,,,,0.3875703811645508,7.061460701627324,,,3,2
2017-08-19 00:00:00+00:00,,,0.5003986954689026,-11.643106002360595,,,,,,,,,,,,,,,,,0.39038264751434326,10.664486652473125,,,3,2
2017-08-19 06:00:00+00:00,,,0.3163658380508423,-0.7236136149056261,,,,,,,,,,,,,,,,,,,0.3045635223388672,8.843537875420433,2,2
2017-08-19 12:00:00+00:00,,,0.1710062026977539,19.991716733525806,,,,,,,,,,,,,0.4438748359680176,4.075450785521862,,,0.2784384489059448,3.1339632304391105,,,3,3
2017-08-19 18:00:00+00:00,,,0.19443321228027344,-0.5546367113442565,,,,,,,,,,,,,0.45593106746673584,6.746019163077309,,,0.29452502727508545,1.536713200381274,,,3,3
2017-08-20 00:00:00+00:00,,,0.33116376399993896,15.100659583219159,,,,,,,,,,,,,0.5292484760284424,6.41625564436374,,,0.1902679204940796,3.74824669175721,,,3,3
2017-08-20 06:00:00+00:00,,,0.30807578563690186,-0.7269466853685983,,,,,,,,,,,,,0.4196500778198242,3.195461661601042,,,0.22095930576324463,2.3228915134789685,,,3,3
2017-08-20 12:00:00+00:00,,,0.16478896141052246,-0.2559363857106246,,,,,,,,,,,,,0.3955341577529907,2.352991928063375,,,0.3315190076828003,35.14464832654838,0.14846861362457275,3.8058058357344544,4,4
2017-08-20 18:00:00+00:00,,,0.25194859504699707,-0.46479418354703056,,,,,,,,,,,,,0.3584078550338745,6.514965608577667,,,0.28199851512908936,4.570148926698247,0.009454727172851562,-0.3137743918953866,5,5
2017-08-21 00:00:00+00:00,,,0.4544864892959595,-16.18689941567796,,,,,,,,,,,,,0.2693595886230469,4.092010151467422,,,0.13793396949768066,-9.791333424288284,,,3,3
2017-08-21 06:00:00+00:00,0.9820296186953783,-2.9203580980032013,0.2873687744140625,-0.09396374673276595,,,,,,,,,,,,,0.4342554807662964,2.605713783846487,,,0.20728552341461182,1.362651526131606,,,4,4
2017-08-21 12:00:00+00:00,0.2216886281967163,-0.7577322671921286,0.15875786542892456,-0.22411476647964237,,,,,,,,,,,,,,,,,0.24466609954833984,1.7999009042287062,,,3,3
2017-08-21 18:00:00+00:00,,,0.269816517829895,0.2253178756188299,,,,,,,,,,,,,0.13811367750167847,0.5850756986942457,,,0.21059370040893555,2.3130430261563215,,,3,3
2017-08-22 00:00:00+00:00,,,0.2088668942451477,0.25623019228418353,,,,,,,,,,,,,0.3561159372329712,-0.1306053494102759,,,0.15311598777770996,1.893242519831086,,,3,3
2017-08-22 06:00:00+00:00,0.33152294158935547,0.24771303122692104,0.5047895908355713,12.854197400194026,,,,,,,,,,,,,,,,,0.234228253364563,4.4574941599636855,0.18816757202148438,1.076109287694145,4,4
2017-08-22 12:00:00+00:00,0.15230941772460938,0.9801506183328896,0.22510963678359985,-0.3094171483392326,,,,,,,,,,,,,,,,,0.26915907859802246,1.5885222582602736,0.061168551445007324,-0.06010976310194095,4,4
2017-08-22 18:00:00+00:00,0.01984727382659912,-0.37412242575387916,0.3289167284965515,-0.6429781916832507,,,,,,,,,,,,,,,,,0.15116369724273682,0.9117779379655897,0.07535594701766968,-0.435144704674737,4,4
2017-08-23 00:00:00+00:00,0.04213762283325195,-0.03228768541583516,0.15694361925125122,-0.3472717480691831,0.07638400793075562,0.16127083518113497,0.12064522504806519,-1.0558167450064688,,,,,,,,,,,,,0.10450959205627441,-8.158212715274962,0.20725762844085693,-0.12410664597834271,6,6
2017-08-23 06:00:00+00:00,,,0.16316545009613037,-0.6244543616208106,0.42746102809906006,-1.1699827252380208,,,0.04047197103500366,-2.2294809756819185,,,,,,,,,,,0.15026390552520752,2.2502911773872203,,,4,4
2017-08-23 12:00:00+00:00,,,0.11451268196105957,-0.9329255731666252,0.2265642285346985,0.029231991714389165,,,0.21986013650894165,-1.4618706342878436,,,,,,,,,,,0.16903841495513916,14.313892225737163,,,4,4
2017-08-23 18:00:00+00:00,,,0.23939460515975952,-0.5976995064786054,0.40783387422561646,-1.4970038519258824,,,0.47663646936416626,-3.547611610716482,,,,,,,,,,,0.22796714305877686,4.186524184245354,,,4,4
2017-08-24 00:00:00+00:00,,,0.18741053342819214,0.43505364634407506,,,,,0.40732234716415405,-2.54769840588467,,,,,,,,,,,0.20151996612548828,1.5971909633120096,,,5,3
2017-08-24 06:00:00+00:00,,,0.1301998496055603,-0.3119607585076962,,,,,0.4657208323478699,-5.270627712161185,,,,,,,,,,,0.23459386825561523,1.4234010265944697,,,4,3
2017-08-24 12:00:00+00:00,,,0.17250490188598633,0.25315744818545116,,,,,0.5316242277622223,-3.556835484414907,,,0.1487053632736206,0.0006997699446139108,,,,,,,0.24430251121520996,1.523270106337988,,,4,4
2017-08-24 18:00:00+00:00,,,0.05374014377593994,28.578689009115255,,,,,0.7732722461223602,-5.301886127843508,,,0.1423279047012329,0.13195797000237613,,,,,,,0.1941012144088745,1.5165412522002741,,,4,4
2017-08-25 00:00:00+00:00,,,0.18555200099945068,-35.43571566643209,,,,,0.598770022392273,-4.025290176880332,,,0.12557029724121094,0.12082134233675382,,,,,,,0.21770131587982178,4.314904231907139,0.1784273386001587,1.078973609584814,6,5
2017-08-25 06:00:00+00:00,,,0.26205116510391235,-0.6536238886314257,,,,,0.659964919090271,-8.756472567896212,,,0.22571182250976562,0.9734592856494746,,,,,,,0.22601258754730225,2.843873657910221,,,4,4
2017-08-25 12:00:00+00:00,,,0.19566208124160767,-0.6008307844132024,,,,,0.4665610194206238,-4.691134495637257,,,0.07912993431091309,0.7709453667749089,,,,,,,0.16989171504974365,1.434307279398278,,,4,4
2017-08-25 18:00:00+00:00,,,0.2675056457519531,-1.0914041975437025,,,,,0.7595701962709427,-3.1860044258566464,,,0.13931894302368164,1.7237072367367725,,,,,,,0.2004760503768921,52.23872895721898,,,4,4
2017-08-26 00:00:00+00:00,,,0.18860238790512085,-0.6252610488672655,,,,,,,,,0.18277990818023682,5.610082417642302,,,,,,,0.1290879249572754,1.2118630190665438,,,3,3
2017-08-26 06:00:00+00:00,,,0.1901831030845642,-0.5842516372061729,,,,,,,,,0.17006385326385498,4.067402070901899,,,,,,,0.17586803436279297,2.0150361937303374,,,3,3
2017-08-26 12:00:00+00:00,,,0.12458735704421997,31.78872089048586,,,,,,,,,0.23794984817504883,4.726979664824048,,,,,,,0.2343050241470337,2.0268941784654526,,,3,3
2017-08-26 18:00:00+00:00,,,0.25261133909225464,-21.768876466930855,,,,,,,,,0.19751322269439697,5.025832306058007,,,,,,,0.30604779720306396,2.2313244273019164,,,3,3
2017-08-27 00:00:00+00:00,,,0.0963815450668335,-0.2545810086566931,,,,,,,,,0.22072434425354004,5.717515963158407,,,,,,,0.22210991382598877,1.8361586457689851,,,3,3
2017-08-27 06:00:00+00:00,,,0.1407707929611206,-1.0386601757814495,,,,,,,,,0.20277369022369385,8.195148391144114,,,,,,,0.22155368328094482,2.53008925207911,,,3,3
2017-08-27 12:00:00+00:00,,,0.21624457836151123,-1.5059083771773922,,,,,,,,,0.2327284812927246,10.591037952972844,,,,,,,0.1748816967010498,4.244513674440986,,,4,4
2017-08-27 18:00:00+00:00,,,0.08521687984466553,16.684653329807475,,,,,,,,,,,,,,,,,0.23105990886688232,8.483950250430768,,,2,2
2017-08-28 00:00:00+00:00,,,0.3612540364265442,-29.670540586078726,,,,,,,,,,,0.2334214448928833,5.052809852130985,,,,,0.2554006576538086,9.875414277860079,,,3,3
2017-08-28 06:00:00+00:00,,,0.1477733850479126,-0.5408740522130326,0.16111820936203003,-1.018426193224976,,,,,,,,,,,,,,,0.24215435981750488,7.972472601962742,,,3,3
2017-08-28 12:00:00+00:00,,,0.1796942949295044,-0.21318196601987097,0.7984834462404251,-5.01847470613002,,,,,,,,,,,,,,,0.2444394826889038,10.896672917206695,,,3,3
2017-08-28 18:00:00+00:00,,,0.11301875114440918,-2.1717911033546797,0.05346941947937012,0.14687860607051534,,,,,,,,,0.22741150856018066,5.233483445778124,,,,,0.2729083299636841,2.80783208443537,,,4,4
2017-08-29 00:00:00+00:00,,,0.14047086238861084,-2.7706322235276977,,,,,,,,,,,,,,,,,0.23884212970733643,2.972886566144884,,,3,2
2017-08-29 06:00:00+00:00,,,0.16710567474365234,-3.7768784516663882,,,,,,,,,,,,,,,,,0.24752581119537354,-19.030181706871993,,,2,2
2017-08-29 12:00:00+00:00,,,0.23627322912216187,-0.870107403740049,,,,,,,,,,,0.2613945007324219,11.914374521563401,,,,,,,,,3,2
2017-08-29 18:00:00+00:00,,,0.28241127729415894,-1.3450274121560521,0.17365437746047974,0.1807470135981424,,,0.28350841999053955,8.072098917094063,,,,,,,,,,,0.26787495613098145,6.55619503632629,,,4,4
2017-08-30 00:00:00+00:00,,,0.14733177423477173,-0.2845781951245297,,,,,0.001104116439819336,0.1733694794364258,,,,,0.354320764541626,2.546009545812736,,,,,0.2514137029647827,7.241118613368643,,,4,4
2017-08-30 06:00:00+00:00,,,0.19371086359024048,-1.7308271530473494,,,,,0.23441600799560547,3.7040578911717135,,,,,0.23762142658233643,2.4461976002943344,,,,,0.23750531673431396,7.0497449492861675,,,6,6
2017-08-30 12:00:00+00:00,,,0.2154315710067749,-1.8434610356284693,,,,,0.28061795234680176,5.224187843916017,,,,,0.3377525806427002,7.0349431419736375,,,,,0.27403831481933594,8.773521819247064,,,6,6
2017-08-30 18:00:00+00:00,,,0.1410883665084839,-11.255999865178007,,,,,0.007965326309204102,1.1925410207887086,,,,,,,,,,,0.27245283126831055,4.380961816211861,,,3,3
2017-08-31 00:00:00+00:00,,,0.2246096134185791,-0.37726681714878046,,,,,0.29297101497650146,2.9169204141224467,,,,,0.23686456680297852,3.3672307554549192,,,,,0.20202314853668213,3.267518027625847,,,4,4
2017-08-31 06:00:00+00:00,,,0.11058920621871948,-0.8875106350269127,,,,,0.4478294849395752,4.471849657216092,,,,,,,0.36645233631134033,6.317581762981378,,,0.2324920892715454,5.098428386382289,,,4,4
2017-08-31 12:00:00+00:00,,,0.18167614936828613,-1.3365027306574904,,,,,,,0.10806131362915039,0.6994549974070231,,,,,0.1874709129333496,7.861337435695637,,,0.23906874656677246,2.634366260045031,,,4,4
2017-08-31 18:00:00+00:00,,,0.2996697425842285,-1.6284550386770722,,,,,,,0.15660953521728516,1.714337024700881,,,,,0.27793169021606445,4.605526657585443,,,0.24161100387573242,5.8126173075960885,,,5,5
2017-09-01 00:00:00+00:00,,,0.22760939598083496,-1.162927758917994,,,,,,,,,,,,,0.25935959815979004,2.1551276538002138,,,0.22296679019927979,2.129151373010254,,,4,4
2017-09-01 06:00:00+00:00,,,0.23214107751846313,-2.676748370010586,,,0.3915456533432007,0.5376272710139123,,,,,,,,,0.2497868537902832,2.8871961132569948,,,0.2291727066040039,6.166090329519443,,,4,4
2017-09-01 12:00:00+00:00,,,0.2075793743133545,-1.5494798975593054,,,,,,,,,,,,,0.26223695278167725,2.6510017737348677,,,0.2465953826904297,3.0158223578207983,,,3,3
2017-09-01 18:00:00+00:00,,,0.22319728136062622,-1.3263077284025049,,,,,,,,,,,,,0.2631415128707886,-0.08450105260784604,,,0.24408912658691406,1.5609895610641638,,,3,3
2017-09-02 00:00:00+00:00,,,0.47310328483581543,-16.440191357124064,,,0.07520186901092529,-0.4080057749089976,,,,,,,,,0.2848207950592041,0.2719462074204875,,,0.15277338027954102,4.765370001008071,,,5,5
2017-09-02 06:00:00+00:00,,,0.053645431995391846,-0.8863745830856825,,,0.05911087989807129,0.5114360308194643,,,,,,,,,0.2001115083694458,1.7944156355992862,,,0.2498849630355835,1.883919500127923,,,5,4
2017-09-02 12:00:00+00:00,0.42543745040893555,-0.4165506491841586,0.29316622018814087,-0.6499432789986386,,,0.147017240524292,-0.38507525336260706,,,,,,,,,0.10466992855072021,1.2049268796085524,,,0.21482253074645996,1.7051368219819132,,,5,5
2017-09-02 18:00:00+00:00,0.3306421637535095,0.07173295535140636,,,0.3242601156234741,16.113913654235805,0.19053798913955688,-0.9146794128318214,,,,,,,,,0.15871453285217285,5.307254146042691,,,0.28214871883392334,2.9996790582554356,,,5,5
2017-09-03 00:00:00+00:00,0.2852221727371216,0.3948783445802474,,,0.2383962869644165,-0.8646903823761813,0.020548880100250244,0.5653687052322667,,,,,,,,,0.13640010356903076,0.49059348231612665,,,0.21668875217437744,1.0108263109149964,,,5,5
2017-09-03 06:00:00+00:00,0.9574066810309887,-0.9547032026371586,,,0.048839449882507324,0.5982606040516287,0.2213842272758484,-2.0771738016900008,,,,,,,,,0.17180228233337402,1.4956187861250496,,,0.21309781074523926,1.3569280130950883,,,5,5
2017-09-03 12:00:00+00:00,0.07650059461593628,-0.12337946821512827,0.2727508544921875,1.6871742916227699,0.027023673057556152,-0.9166801757204761,,,0.2716338634490967,-1.080828064037773,,,,,,,0.12383592128753662,-0.2578253442818184,,,0.26530981063842773,1.4192133268760903,,,7,6
2017-09-03 18:00:00+00:00,0.2045772671699524,-0.9749701970729102,,,0.46270740032196045,-1.7815173311657069,,,0.26952803134918213,-0.9616542088924481,,,,,,,,,,,0.22730612754821777,2.5367516341759986,,,4,4
2017-09-04 00:00:00+00:00,0.0005533695220947266,0.1323355988716734,,,,,,,0.08754491806030273,-1.7793336648770093,,,,,,,,,,,0.203560471534729,2.1558077503878335,,,3,3
2017-09-04 06:00:00+00:00,0.30434131622314453,-1.0748370026174687,,,,,,,,,,,,,,,0.002797842025756836,-0.028063320085738145,,,0.2882118225097656,1.7828465326568539,0.4446471333503723,0.1708178929106774,5,5
2017-09-04 12:00:00+00:00,0.04372817277908325,-0.2271111059603979,,,,,,,0.3179120421409607,-2.0444066542179233,,,,,,,0.05375075340270996,-0.20950844495891738,,,0.2600966691970825,2.86631977642873,0.15608716011047363,0.7627856330360188,6,6
2017-09-04 18:00:00+00:00,,,0.12787693738937378,-0.7838165041842756,,,,,0.5375168025493622,-4.401919740800462,,,,,,,0.47063136100769043,0.3012705153719982,,,0.2700611352920532,3.1698791790162377,,,5,4
2017-09-05 00:00:00+00:00,,,0.12471401691436768,-0.11879611848161176,,,,,0.2960258722305298,-3.91152566002287,,,0.29509031772613525,1.1126854135117779,,,0.2252744436264038,0.0071219707685005375,,,0.23423099517822266,1.629475405196579,0.08696138858795166,0.3816735175005699,7,7
2017-09-05 06:00:00+00:00,,,0.12198537588119507,-0.40167305102812845,,,,,0.2464708685874939,-2.169671448728842,,,0.19271230697631836,0.08067255781305588,,,0.0727393627166748,0.33174231421390515,,,0.24115502834320068,1.869585472599807,0.1616511344909668,0.3007792686498476,7,7
2017-09-05 12:00:00+00:00,,,0.22974306344985962,-0.6161666799948344,,,,,0.4538995027542114,-4.739665711399405,,,0.3301330804824829,0.013139554617061856,,,0.4835437536239624,0.853293304663313,,,0.3007112741470337,6.565697686483792,0.006970643997192383,-0.5607569373181518,6,6
2017-09-05 18:00:00+00:00,0.12292706966400146,0.277873897551148,,,,,,,0.12250256538391113,-3.063140924546315,,,0.11438679695129395,0.2864351334219979,,,,,,,0.28066349029541016,3.682493775335224,,,4,4
2017-09-06 00:00:00+00:00,0.16882675886154175,-0.5880539079487913,,,,,,,0.29482531547546387,-4.580835769712047,,,0.18096494674682617,0.41438881481811146,,,,,,,0.3001430034637451,4.070613392868669,,,4,4
2017-09-06 06:00:00+00:00,,,0.03938460350036621,-0.09059929099938475,,,,,0.5145087838172913,-6.788755856566095,,,0.26243090629577637,9.300908290406905,,,,,,,0.2977842092514038,4.808548860838864,,,4,4
2017-09-06 12:00:00+00:00,,,,,,,,,,,,,,,,,,,,,,,,,0,0
2017-09-06 18:00:00+00:00,,,0.0060721635818481445,0.3427717183459409,,,,,0.4201948642730713,-2.45838443792128,,,0.4011756181716919,4.942592275376784,,,,,,,0.3367650508880615,4.931482909305187,0.2527691125869751,0.055144925317997764,5,5
2017-09-07 00:00:00+00:00,,,0.038370609283447266,0.09620102383512823,,,,,0.27067720890045166,-4.009337694068624,,,0.48099660873413086,4.21811041861371,,,,,,,0.2874256372451782,2.4376084507071156,,,4,4
2017-09-07 06:00:00+00:00,,,0.00979304313659668,-0.044777155196403115,,,,,0.41599011421203613,-2.9152476137245142,,,0.4461604356765747,6.171169461682576,,,,,,,0.3285735845565796,6.494720598927684,,,4,4
2017-09-07 12:00:00+00:00,,,0.2725926637649536,-0.01361852422183197,,,,,0.3191295266151428,-5.178536947225473,,,0.39430463314056396,4.175045331418207,,,,,,,0.2717393636703491,1.8530993424704607,,,4,4
2017-09-07 18:00:00+00:00,,,0.2817026376724243,-0.3286632842457155,,,,,0.04999876022338867,-2.2298959627641164,,,0.4677424430847168,4.718459402364057,,,,,,,0.31746697425842285,5.021408065818487,,,4,4
2017-09-08 00:00:00+00:00,,,0.10824644565582275,-0.27974298547689963,,,,,,,,,0.44304990768432617,3.3089620026057185,,,,,,,0.3101862668991089,5.641230066968323,,,3,3
2017-09-08 06:00:00+00:00,,,0.21792906522750854,-0.35263008191923817,,,,,,,0.4465477466583252,-4.086544946422869,0.4590451717376709,5.035091213893015,,,,,,,0.25708532333374023,2.3605657784334544,,,4,4
2017-09-08 12:00:00+00:00,,,0.20538842678070068,-0.771537364889452,,,,,,,0.6556912660598755,-1.7215438483011682,0.4680366516113281,7.116640396019283,,,,,,,0.2526048421859741,1.936217869595415,,,4,4
2017-09-08 18:00:00+00:00,,,0.15051382780075073,-0.4844177951312487,,,,,,,0.8184960782527924,-0.47748557208024495,0.5568970441818237,11.487373278022659,,,,,,,0.27156877517700195,1.5097733672118927,,,4,4
2017-09-09 00:00:00+00:00,,,0.17772334814071655,0.2085341405815004,,,,,,,,,0.47414684295654297,5.574951107923867,,,,,,,0.13165605068206787,3.8809420679468745,,,3,3
2017-09-09 06:00:00+00:00,,,0.205222487449646,-0.4963681251916232,,,,,,,0.2571231722831726,-0.6889951933748115,0.5414930582046509,5.875226487601656,,,,,,,0.22514808177947998,2.043313631380718,,,4,4
2017-09-09 12:00:00+00:00,,,0.06594711542129517,0.1444730531267874,,,,,,,,,,,,,,,,,0.43276476860046387,12.271519822880396,,,2,2
2017-09-09 18:00:00+00:00,,,0.6298972368240356,-13.864307516452012,,,,,,,,,,,0.5160212516784668,7.146703614561498,,,,,0.22185194492340088,-22.25515481180495,,,3,3
2017-09-10 00:00:00+00:00,,,0.37069159746170044,-6.191553888167932,,,,,,,,,,,,,,,,,0.3886699676513672,6.813971265246338,,,2,2
2017-09-10 06:00:00+00:00,,,0.030861496925354004,-0.03390919727230347,,,,,,,,,,,,,,,,,0.36329495906829834,-0.9310253706226991,,,3,2
2017-09-10 12:00:00+00:00,0.03386068344116211,0.20670738452920148,0.05898857116699219,-0.0627241726993222,,,,,,,,,,,,,,,,,0.4070725440979004,9.40036268872839,,,3,3
2017-09-10 18:00:00+00:00,,,0.24036771059036255,0.07747704698652656,,,,,,,,,,,,,,,,,0.3622819185256958,8.68211706811336,,,2,2
2017-09-11 00:00:00+00:00,,,0.2117748260498047,-1.5391940410867726,,,,,,,,,,,,,,,,,0.34021198749542236,-0.9767244347675734,,,2,2
2017-09-11 06:00:00+00:00,,,0.20600765943527222,-0.09845209865423472,,,,,,,,,,,,,,,,,0.3515099287033081,7.049453158411833,,,2,2
2017-09-11 12:00:00+00:00,,,0.20625323057174683,-1.6544282656047518,,,,,,,,,,,,,,,,,0.33674025535583496,6.2406843834939,,,2,2
2017-09-11 18:00:00+00:00,,,0.10271871089935303,0.24658185429865886,,,,,,,,,,,,,,,,,0.37137770652770996,13.898747661450708,,,2,2
2017-09-12 00:00:00+00:00,,,0.3105619549751282,-0.19674615840725768,,,,,,,,,,,,,,,,,0.36401617527008057,9.355445770837205,,,2,2
2017-09-12 06:00:00+00:00,,,0.21963965892791748,16.688534438736653,,,,,,,,,,,,,,,,,0.37579095363616943,7.994118493253589,,,2,2
2017-09-12 12:00:00+00:00,,,0.28604644536972046,-0.2399096273894935,0.017462849617004395,-0.054888124580308596,,,,,,,,,0.557509183883667,12.882692151765601,,,,,0.25051283836364746,4.387284507656669,,,4,4
2017-09-12 18:00:00+00:00,,,0.3289833664894104,-0.5551751793426333,0.1188046932220459,0.2219699409934599,,,,,,,,,0.5649107694625854,10.187564797703955,,,,,0.20311784744262695,2.9589742224851863,,,4,4
2017-09-13 00:00:00+00:00,,,0.21330541372299194,-0.15949343495702198,,,,,,,,,,,,,,,,,0.32514309883117676,6.231526035467873,,,2,2
2017-09-13 06:00:00+00:00,,,0.15814203023910522,-1.3601801122830177,,,,,,,,,,,,,,,,,0.3356283903121948,9.094177951186799,,,2,2
2017-09-13 12:00:00+00:00,,,0.1999797224998474,-3.9766042817491645,,,,,,,,,,,,,,,,,0.3128776550292969,6.806478582797296,,,2,2
2017-09-13 18:00:00+00:00,,,0.0832054615020752,-0.7541535765382507,,,,,,,,,,,,,,,,,0.3423318862915039,8.6895763764439,,,2,2
2017-09-14 00:00:00+00:00,,,0.4141576886177063,-13.65498043319594,,,,,,,,,,,,,,,,,0.32292604446411133,7.509357242479403,,,2,2
2017-09-14 06:00:00+00:00,,,0.044249773025512695,-0.007969424264451287,,,,,,,,,,,,,,,,,0.30134475231170654,7.092866616008498,,,2,2
2017-09-14 12:00:00+00:00,,,0.04179179668426514,-0.12298617252360816,,,,,,,,,,,,,,,,,0.2989377975463867,4.851690276198826,,,2,2
2017-09-14 18:00:00+00:00,0.026929855346679688,-0.34637879142881567,0.18848341703414917,-0.3489391509438568,,,,,,,,,,,,,,,,,0.31248021125793457,5.946745490053465,,,3,3
2017-09-15 00:00:00+00:00,0.3635445833206177,-0.8307089286435833,0.010017037391662598,13.269089813689359,,,,,,,,,,,,,0.4435415267944336,6.888880601844811,,,0.23353254795074463,2.2178800579813958,,,4,4
2017-09-15 06:00:00+00:00,0.8064583986997604,-0.49651316315699323,0.29563409090042114,-0.3077270712915473,,,,,,,,,,,,,0.45918071269989014,3.7406637551443622,,,0.22391808032989502,2.8009170960135,,,4,4
2017-09-15 12:00:00+00:00,0.6403694450855255,-1.0820602577226697,0.2987707257270813,0.10925338568003484,,,,,,,,,,,,,,,,,0.30965375900268555,3.6809292331117023,,,3,3
2017-09-15 18:00:00+00:00,0.42809563875198364,-0.7730336837258934,0.028851628303527832,0.010547848037565954,,,,,,,,,,,,,0.4864654541015625,4.211890119514678,,,0.3071943521499634,4.608824433590464,,,4,4
2017-09-16 00:00:00+00:00,0.12010741233825684,-0.5763725565438852,0.028806447982788086,-0.3523850073125058,,,,,,,,,,,,,0.382879376411438,5.289956994860453,,,0.20606601238250732,4.2738619128374875,,,5,5
2017-09-16 06:00:00+00:00,0.061917781829833984,-0.7456531433593682,0.3609403967857361,-0.22554838132543378,,,,,,,,,,,,,0.4832950830459595,4.493180427670358,,,0.2721821069717407,3.0301523977893594,,,5,5
2017-09-16 12:00:00+00:00,0.7485020160675049,-11.406632997121223,0.2412644624710083,10.12431411812809,,,,,,,,,,,,,0.4159611463546753,4.8692767903432514,,,0.2861274480819702,3.5882733329082814,,,4,4
2017-09-16 18:00:00+00:00,0.1314184069633484,-0.32541446348307795,0.19721567630767822,-1.8793029053717885,,,,,,,,,,,,,0.32911789417266846,2.4781568005608503,,,0.2912478446960449,6.779133777527707,,,5,4
2017-09-17 00:00:00+00:00,0.23094254732131958,0.002361098245072264,0.3078572750091553,-1.072827795668632,,,,,,,,,,,,,0.34858882427215576,2.139845574420139,,,0.23769640922546387,3.889466393369242,,,4,4
2017-09-17 06:00:00+00:00,0.16503781080245972,-0.7468315745290044,0.2921445965766907,-0.6499111251597142,,,,,,,,,,,,,0.35277020931243896,1.5867619712597485,,,0.2616856098175049,3.977134183170172,,,4,4
2017-09-17 12:00:00+00:00,0.11362457275390625,-0.4418211190630868,0.07024145126342773,-0.6794587427251771,,,,,,,,,,,,,0.30817878246307373,3.571480921375465,,,0.28666698932647705,10.18912385364648,,,4,4
2017-09-17 18:00:00+00:00,0.2569812536239624,-3.221074725629448,0.27864325046539307,-0.6256972563483943,,,,,,,,,,,,,0.20148694515228271,-23.104797877533507,,,0.24963295459747314,4.92738759321304,,,4,4
2017-09-18 00:00:00+00:00,0.1269332766532898,-0.23575941320017185,0.09037482738494873,-0.36782909428786925,,,0.1002301573753357,-1.1698776092261491,,,,,,,,,0.28061866760253906,1.214027740428476,,,0.2768397331237793,5.461622890647028,,,5,5
2017-09-18 06:00:00+00:00,0.2517399191856384,-1.1731980716656698,0.12676656246185303,-0.1347058746601015,,,0.014140844345092773,0.19382387567522763,,,,,,,,,0.3010218143463135,1.662564316690517,,,0.23565471172332764,3.4831420806384776,,,5,5
2017-09-18 12:00:00+00:00,0.2700399160385132,-1.024833396660687,,,0.40006065368652344,-1.5164713770046068,0.16070806980133057,-0.3459323268659477,,,,,,,,,0.255961537361145,-2.2903767359913716,,,0.2583681344985962,5.016402082299317,,,6,6
2017-09-18 18:00:00+00:00,0.08852851390838623,-1.8367459280418912,,,0.24292385578155518,-0.35272569550066213,0.004674315452575684,-0.8632563678706359,,,,,,,,,0.2232133150100708,4.101894172875157,,,0.27112042903900146,7.0935178647498205,,,7,6
2017-09-19 00:00:00+00:00,0.22584396600723267,-0.0006054375151736864,0.17705011367797852,-0.4594340956666502,0.3126125931739807,0.5629647524350191,,,0.04934120178222656,-0.037327175451351516,,,,,,,0.25105512142181396,0.10722889336456311,,,0.18547463417053223,2.4718712130948712,,,7,7
2017-09-19 06:00:00+00:00,,,0.1913939118385315,-0.14983936623589264,0.21232151985168457,-2.4621428355820694,,,0.37556105852127075,-13.337036181046647,,,,,,,,,,,0.2287278175354004,1.0021149249096986,,,5,4
2017-09-19 12:00:00+00:00,,,0.1079554557800293,-2.988497187709551,0.4775705337524414,-0.5993171843944048,,,0.21316909790039062,-13.68366171446937,,,,,,,,,,,0.25623881816864014,2.8353613451295594,,,4,4
2017-09-19 18:00:00+00:00,0.9211779832839966,-0.2545235436665268,0.17333310842514038,-0.2937744288837532,,,,,0.21353614330291748,-4.228104995261056,,,,,,,,,,,0.22560405731201172,2.270547728939664,0.35475289821624756,6.123433238320979,7,5
2017-09-20 00:00:00+00:00,,,0.1274670958518982,-0.5844610606867906,,,,,0.1430872082710266,-3.9397056438348743,,,,,,,,,,,0.20767617225646973,4.720947785234131,,,4,3
2017-09-20 06:00:00+00:00,,,0.20887714624404907,-0.9849556249820158,,,,,0.2607998251914978,-5.594822111904045,,,0.11346745491027832,-0.7070058182487562,,,,,,,0.1929265260696411,-15.432877240525,0.28669726848602295,1.2892819117547147,6,5
2017-09-20 12:00:00+00:00,,,0.16551631689071655,-0.22809220846940223,,,,,0.29804569482803345,-12.614497782662596,,,0.41289234161376953,1.1354351958206768,,,,,,,0.2584954500198364,1.6349885745525548,0.24178683757781982,2.9276211434207267,6,6
2017-09-20 18:00:00+00:00,,,0.13350975513458252,-1.5420466921217653,,,,,0.17681747674942017,-3.899742262561878,,,0.17717969417572021,1.215713335195158,,,,,,,0.19365370273590088,-2.2572393665442396,,,5,5
2017-09-21 00:00:00+00:00,,,0.10800480842590332,14.546054244711234,,,,,0.2780280113220215,-7.862266575732352,,,0.3333749771118164,2.3990703893739123,,,,,,,0.15078675746917725,1.0684962145685843,,,5,4
2017-09-21 06:00:00+00:00,,,0.1584290862083435,-0.47726636079397844,,,,,0.11883234977722168,-7.051841313600643,,,0.27041471004486084,4.720178080042782,,,,,,,0.17742502689361572,1.426364713369334,,,5,4
2017-09-21 12:00:00+00:00,,,0.03787517547607422,32.839430085989996,,,,,0.07427859306335449,0.6382712818636712,,,0.29180848598480225,4.640217107548263,,,,,,,0.205724835395813,0.8312645086737446,,,6,5
2017-09-21 18:00:00+00:00,,,0.26835763454437256,-19.38943818248244,,,,,0.29606103897094727,-8.580025726094686,,,0.30571115016937256,3.3433239583373084,,,,,,,0.16588890552520752,0.7661845306618855,0.0033153295516967773,0.33549267379613984,5,5
2017-09-22 00:00:00+00:00,,,0.1668192744255066,-0.9060840673425024,,,,,0.3632786273956299,-9.659353112761446,,,0.27787888050079346,6.03441088098831,,,,,,,0.15340518951416016,-4.921232217300618,,,5,5
2017-09-22 06:00:00+00:00,,,0.1912868618965149,-17.235632256344925,,,,,0.18675225973129272,-1.7747982838948984,,,0.34456372261047363,6.326960804915092,,,,,,,0.16219687461853027,0.8229660143018632,0.02614462375640869,-0.2731100882346346,8,8
2017-09-22 12:00:00+00:00,,,0.2533509135246277,-1.0145707540735975,,,,,0.15087831020355225,-0.7897992300204603,,,0.3796907663345337,6.938126728404248,,,,,,,0.20701849460601807,0.9871371519985938,0.4663742780685425,-0.09253792660806459,6,6
2017-09-22 18:00:00+00:00,,,0.14669495820999146,-0.2685106190584069,,,,,0.30264782905578613,0.4221883866129441,,,,,0.2894502878189087,9.399936693855496,,,,,0.17764246463775635,-14.009489850760126,,,4,4
2017-09-23 00:00:00+00:00,,,0.24560320377349854,-35.38497882376116,,,,,,,,,,,0.3519093990325928,5.765217670407984,,,,,0.14720654487609863,1.39588396248663,,,4,3
2017-09-23 06:00:00+00:00,0.13261282444000244,0.964116481208083,0.13387221097946167,-0.3217533431312761,,,,,,,,,,,0.37273216247558594,5.641506793735403,,,,,0.21561861038208008,0.6462236744052795,,,4,4
2017-09-23 12:00:00+00:00,,,0.005236148834228516,23.907951393749073,0.4096205234527588,-0.5762337171738499,,,,,,,,,0.3507345914840698,9.234693064282391,,,,,0.14906346797943115,0.6103792911091773,,,5,4
2017-09-23 18:00:00+00:00,,,0.2415175437927246,-0.9446352784091414,0.020493805408477783,1.1600994799909636,,,,,,,,,0.382610559463501,9.423163828849745,,,,,0.2044074535369873,2.7174395568368652,,,5,4
2017-09-24 00:00:00+00:00,,,0.2421863079071045,-0.44391791097489275,,,,,,,,,0.18861055374145508,0.21747220695564962,0.34862589836120605,10.551090072429345,,,,,0.20972990989685059,1.962823331058702,,,4,4
2017-09-24 06:00:00+00:00,,,0.2287350296974182,-0.7110208287297339,,,,,,,,,,,0.3471282720565796,9.22788277914671,,,,,0.20826590061187744,3.580756314138351,,,3,3
2017-09-24 12:00:00+00:00,,,,,0.04510694742202759,-0.5746950480254691,,,,,,,0.14077866077423096,-0.24622475851049302,0.32028400897979736,12.749500483736469,,,,,0.26901280879974365,2.104572797241854,,,5,5
2017-09-24 18:00:00+00:00,,,,,0.2499282956123352,-0.9213526928157337,,,,,,,,,0.25963687896728516,7.8876509593299655,,,,,,,,,4,3
2017-09-25 00:00:00+00:00,,,,,0.1696469783782959,-0.11058349793908012,,,,,,,,,0.2511497735977173,6.379864561635859,,,,,,,,,3,3
2017-09-25 06:00:00+00:00,,,,,0.2527371644973755,-1.2576257854783606,,,,,,,,,0.2623789310455322,4.000445598328999,,,0.21976983547210693,1.280865178395177,,,,,4,4
2017-09-25 12:00:00+00:00,,,,,0.2401626706123352,-2.9261408442919397,,,,,,,,,0.2579714059829712,8.357929759077365,,,,,,,,,2,2
2017-09-25 18:00:00+00:00,,,,,0.30731630325317383,-0.45870098320278524,,,,,,,,,0.27912354469299316,7.83761995092399,,,,,,,,,2,2
2017-09-26 00:00:00+00:00,,,,,0.21595287322998047,-1.3936878778002613,,,,,,,,,0.2865253686904907,8.561794440790699,,,,,,,,,2,2
2017-09-26 06:00:00+00:00,,,,,0.18950390815734863,-1.647523232652666,,,,,,,,,0.23631417751312256,3.777537096388943,,,,,,,,,2,2
2017-09-26 12:00:00+00:00,,,,,0.18956297636032104,-1.5470058429120428,,,,,,,,,0.3109281063079834,8.824776970085082,,,,,0.23730576038360596,-2.07131859699662,,,3,3
2017-09-26 18:00:00+00:00,,,,,0.23017144203186035,-2.7224796456107643,,,,,,,,,0.32658851146698,4.211474187303966,0.013792634010314941,0.16646757020704842,,,0.24609732627868652,18.510211440364596,,,6,6
2017-09-27 00:00:00+00:00,,,,,0.03717321157455444,0.16807842503083106,,,,,,,,,0.2787679433822632,7.474206336794152,0.3348534107208252,-1.179604714746358,,,0.2751123905181885,1.8553707424834354,,,4,4
2017-09-27 06:00:00+00:00,,,,,0.0865103006362915,-0.016686300919905934,,,,,,,,,0.0901634693145752,0.531939964365049,0.3107188940048218,5.513661218126455,,,0.2250603437423706,3.6658122124461543,,,6,6
2017-09-27 12:00:00+00:00,,,,,0.18150031566619873,-0.1706897032275983,,,,,,,,,0.10435605049133301,1.4618255940691052,0.30233895778656006,5.046655696670172,,,0.2535814046859741,1.5005812941751975,,,7,6
2017-09-27 18:00:00+00:00,,,,,0.3310893774032593,-1.1232246580558778,,,,,,,,,0.15088903903961182,2.205174354865619,0.2652355432510376,3.1531692911399065,,,0.23085308074951172,5.310975910756877,,,4,4
2017-09-28 00:00:00+00:00,,,,,0.15371036529541016,0.10087156410818833,,,,,,,,,0.29235219955444336,-0.3274665831700546,0.2410590648651123,8.31470786097455,,,0.2279071807861328,3.6906840196818305,,,4,4
2017-09-28 06:00:00+00:00,,,,,0.24238437414169312,0.2766500565418719,,,,,,,,,0.5481269359588623,5.533336252205991,0.2395085096359253,3.0969498369953365,,,0.2618602514266968,3.007358417592214,,,6,5
2017-09-28 12:00:00+00:00,,,,,0.15332043170928955,0.22464043856942875,,,,,,,,,,,0.20622789859771729,4.343099722413989,,,0.27136218547821045,2.0565369810056904,0.15788698196411133,0.7292615141145012,7,7
2017-09-28 18:00:00+00:00,,,,,,,,,,,,,,,,,0.12671780586242676,0.5363192080553756,,,0.278395414352417,9.945824612814993,0.06662905216217041,-0.09576685671816709,8,7
2017-09-29 00:00:00+00:00,,,,,,,,,,,,,,,,,0.18570780754089355,2.043492888409307,,,0.12357854843139648,-29.65048702129188,0.05409514904022217,0.1980514419885563,5,5
2017-09-29 06:00:00+00:00,,,,,,,,,,,,,,,,,0.033562660217285156,2.0354440375413088,,,0.2660953998565674,5.2763212503498185,0.25800228118896484,-0.6269121884008342,5,5
2017-09-29 12:00:00+00:00,,,,,,,,,,,,,,,,,0.35613733530044556,0.04354505188967313,,,0.25508010387420654,-18.01651754640507,0.08019685745239258,0.05909920676538279,8,7
2017-09-29 18:00:00+00:00,0.552911639213562,0.41366833122274077,,,,,,,,,,,,,,,0.17862474918365479,0.07970990883716685,,,0.31112170219421387,2.9080523672206935,,,5,5
2017-09-30 00:00:00+00:00,0.19567131996154785,0.041994841647220005,,,,,,,,,,,,,,,0.20013225078582764,-0.00038604716230316953,,,0.2623279094696045,3.118130465246812,,,3,3
2017-09-30 06:00:00+00:00,0.08192747831344604,-0.5874656686481061,,,,,,,,,,,,,,,,,,,0.22935009002685547,2.604041984638053,,,2,2
2017-09-30 12:00:00+00:00,0.1481342911720276,0.11170125743459405,,,,,,,0.4786110520362854,-5.227202242239049,,,,,,,,,,,0.28969109058380127,2.784564649029971,,,3,3
2017-09-30 18:00:00+00:00,,,0.02288973331451416,-0.28091145433249853,,,,,0.3097045421600342,-4.80090115767738,,,,,,,,,,,0.26887357234954834,3.406475311515542,0.5006682872772217,0.6858086100081212,4,4
2017-10-01 00:00:00+00:00,0.11887156963348389,0.6296938068003315,,,,,,,0.16172313690185547,-2.8698294147417984,,,,,,,,,,,0.21001362800598145,4.918733906756254,0.29366517066955566,0.5205968976697029,4,4
2017-10-01 06:00:00+00:00,0.21497595310211182,-1.237702941802222,,,,,,,0.38220614194869995,-16.673180832807237,,,,,,,,,,,0.18341660499572754,3.0445980260670686,,,3,3
2017-10-01 12:00:00+00:00,0.2989767789840698,0.19759532458198037,,,,,,,0.3965303301811218,-6.29336270427077,,,,,,,,,,,0.20086920261383057,3.166639823665551,,,3,3
2017-10-01 18:00:00+00:00,,,0.22342288494110107,-0.20596399302027874,,,,,0.4298087954521179,-6.24794934823087,,,,,,,,,,,0.19330620765686035,5.0743567050780785,,,3,3
2017-10-02 00:00:00+00:00,,,0.20699816942214966,-0.23280225731675863,,,,,0.3088560700416565,-3.4076201210370303,,,,,,,,,,,0.13384151458740234,-21.329021841838934,,,3,3
2017-10-02 06:00:00+00:00,,,0.11982238292694092,11.779098175654683,,,,,0.4461938738822937,-6.55388703051499,,,,,,,,,,,0.14074277877807617,2.1159913587736074,,,3,3
2017-10-02 12:00:00+00:00,,,0.25593626499176025,-0.9271028253896043,,,,,0.36479490995407104,-14.883340656157733,,,,,,,,,,,0.11549830436706543,-47.85842357310945,,,3,3
2017-10-02 18:00:00+00:00,,,0.1214754581451416,-0.5039226765095942,,,,,0.45267266035079956,-8.484753847658428,,,,,,,,,,,0.13638794422149658,1.7216005673058434,,,3,3
2017-10-03 00:00:00+00:00,,,0.39356517791748047,-0.7118868792652318,,,,,0.37027937173843384,-4.726298164423334,,,,,,,,,,,0.22030532360076904,2.4654470266985964,,,3,3
2017-10-03 06:00:00+00:00,,,0.2613409757614136,-0.9701943113386563,,,,,0.4480517506599426,-6.258423903671183,,,,,,,,,,,0.14809465408325195,1.0851278295971756,,,3,3
2017-10-03 12:00:00+00:00,,,0.4290468692779541,-1.3489276359874702,,,,,0.4968089461326599,-14.669552490662408,,,0.6983095407485962,2.1477964498724704,,,,,,,0.13612890243530273,0.63205129758952,,,4,4
2017-10-03 18:00:00+00:00,,,0.2605218291282654,-2.571240658474434,,,,,0.45791095495224,-6.511095728716699,,,0.5553854703903198,0.8167878555106287,,,,,,,0.23059046268463135,3.0038066402688144,,,4,4
2017-10-04 00:00:00+00:00,,,0.30149418115615845,-1.386142960779887,,,,,0.5265958309173584,-7.0588352510147585,,,0.33368611335754395,2.2802034847327146,,,,,,,0.12664389610290527,0.9518197048912338,,,5,5
2017-10-04 06:00:00+00:00,,,0.23886513710021973,-1.4904247527972356,,,,,0.4685918092727661,-8.373086470551662,,,0.49207639694213867,2.7006402648692376,,,,,,,0.20384156703948975,1.0489025187492134,,,4,4
2017-10-04 12:00:00+00:00,,,0.2303796410560608,-0.534247159461654,,,,,0.4580216407775879,-5.013520586887313,,,0.3792494535446167,1.830064970645526,,,,,,,0.25951290130615234,1.1658324086853709,,,5,4
2017-10-05 00:00:00+00:00,,,0.12727093696594238,-2.5107120839561534,,,,,,,0.5627366900444031,-4.802220701893681,0.5377073287963867,5.376743912184491,,,,,,,0.143013596534729,-20.3654099860535,,,4,4
2017-10-05 06:00:00+00:00,,,0.2008402943611145,-1.4678764542834781,,,,,,,0.5124453902244568,-10.993298811036844,0.5040279626846313,4.968445808811166,,,,,,,0.22404396533966064,1.3895669493137461,,,4,4
2017-10-05 12:00:00+00:00,,,0.26736849546432495,-1.3107139178011888,,,,,,,0.4440193176269531,-4.165231360677512,0.45943188667297363,4.541773182807862,,,,,,,0.15552616119384766,4.693388308674897,,,4,4
2017-10-05 18:00:00+00:00,0.6061611175537109,0.15874196653235875,0.3210492730140686,-0.8990295691459215,,,,,,,0.47248387336730957,-4.929128213763425,0.4886101484298706,7.949119953522998,,,,,,,0.23010027408599854,1.9180235998441237,,,5,5
2017-10-06 00:00:00+00:00,0.28827786445617676,0.7477730058827138,0.26347219944000244,-2.4846781282664248,,,,,,,0.48067688941955566,-4.5586781918156385,0.5370856523513794,5.6971674203218186,,,,,,,0.16358542442321777,1.113012851919899,,,5,5
2017-10-06 06:00:00+00:00,0.30771857500076294,0.32051600183974915,0.15053588151931763,-0.34013056127110985,,,,,,,0.4920664429664612,-1.6539092354683436,0.4441033601760864,7.529858800733397,,,,,,,0.1177220344543457,0.935901675567485,,,5,5
2017-10-06 12:00:00+00:00,0.07259416580200195,-0.21244829875133553,,,0.28298723697662354,-0.35978938922621284,,,,,0.4802688956260681,-4.008172265259179,0.46456193923950195,9.378678081265171,,,,,,,0.23428857326507568,1.8898872366191883,,,5,5
2017-10-06 18:00:00+00:00,0.21273452043533325,-0.11556900353029326,,,0.4410948157310486,-16.80281552078589,,,,,0.49118196964263916,-2.427072818457239,0.4366418123245239,7.4304838624374865,,,,,,,0.2174689769744873,3.5726259077628955,,,6,5
2017-10-07 00:00:00+00:00,0.06003701686859131,-0.4719603835930866,,,0.09157431125640869,-0.17228131712928224,,,,,0.5266313850879669,-2.052715818003067,0.49786341190338135,7.117457071943412,,,,,,,0.17734968662261963,1.883260103591499,,,5,5
2017-10-07 06:00:00+00:00,0.16007548570632935,-0.6333733934776165,,,0.011295735836029053,-0.4741187392525791,,,,,0.252724826335907,-1.5540857148734049,0.4534742832183838,8.28886400427173,0.40612101554870605,3.1890190006721,,,,,0.16888582706451416,4.570194363685679,,,6,6
2017-10-07 12:00:00+00:00,0.0017230510711669922,0.9800148098972937,,,0.059961020946502686,-0.13029794024104102,,,,,0.4045256972312927,-0.21396368747949088,0.49354445934295654,7.496341399177158,0.6649651527404785,12.245583815056342,,,,,0.24683332443237305,2.7392592163287914,,,6,6
2017-10-07 18:00:00+00:00,0.11217331886291504,0.024140111411569066,,,0.1846332550048828,-0.11705557340635207,,,,,0.450921893119812,-0.5255500785663784,,,0.41612374782562256,6.099045579636379,,,,,0.35604214668273926,6.651529966818072,,,5,5
2017-10-08 00:00:00+00:00,0.17635685205459595,-0.7655669791978814,,,0.38130009174346924,-7.074685463048623,,,,,0.40060651302337646,-1.002076783402942,,,0.5163639783859253,6.053686939230246,,,,,0.22700107097625732,5.714651295927033,,,5,5
2017-10-08 06:00:00+00:00,0.1090233325958252,-0.8782552805408926,,,0.20993292331695557,0.8521217105547072,,,,,,,,,,,,,,,0.35957443714141846,7.75943581624226,,,4,4
2017-10-08 12:00:00+00:00,0.10205996036529541,0.025806761103381638,,,0.37096643447875977,0.17835198360282606,,,,,,,,,0.4465385675430298,4.877449832805012,,,,,0.3811187744140625,6.4297943281493835,,,4,4
2017-10-08 18:00:00+00:00,0.006934762001037598,-0.43591101923387854,,,0.17405784130096436,0.199096529681639,,,,,,,,,0.45740246772766113,2.740054213399094,,,,,0.3384932279586792,8.267862681835368,,,6,5
2017-10-09 00:00:00+00:00,0.00997304916381836,-0.20930787621056393,,,0.28903794288635254,-0.39893605870897697,,,,,,,,,0.40900373458862305,2.4037854738784836,,,,,0.3483628034591675,5.513956903891359,,,4,4
2017-10-09 06:00:00+00:00,,,0.10967320203781128,-2.8424239303871066,0.7112410962581635,-0.40829494679879885,,,,,,,,,0.34304821491241455,4.9262825208537615,,,,,0.326046347618103,3.8762921447582745,,,4,4
2017-10-09 12:00:00+00:00,,,0.028562307357788086,-0.28832819057440034,0.04348874092102051,0.8271708078992923,,,,,,,,,,,0.4400827884674072,4.159067015556839,,,0.3420431613922119,8.014895493749501,,,5,4
2017-10-09 18:00:00+00:00,,,0.10933375358581543,-1.4621537453277336,,,,,,,,,,,,,0.27732741832733154,5.913176379738885,,,0.37209558486938477,8.237814335815736,,,3,3
2017-10-10 00:00:00+00:00,,,0.10778248310089111,-0.13656045951438645,,,,,,,,,,,,,0.24753475189208984,3.64029820565666,,,0.30709540843963623,6.735712983135596,,,4,3
2017-10-10 06:00:00+00:00,,,0.10617083311080933,-2.903361928042444,,,,,,,,,,,,,0.08251380920410156,-0.7132283433305286,,,0.33951127529144287,5.6174354016627674,,,4,3
2017-10-10 12:00:00+00:00,,,0.10386335849761963,-1.5313752062909,,,,,,,,,,,,,0.7308146953582764,2.173602942020734,,,0.2974405288696289,5.804172691065659,,,3,3
2017-10-10 18:00:00+00:00,,,0.18168854713439941,-0.4185184083684802,,,,,,,,,,,,,0.8079525232315063,1.3558914416099652,,,0.36943376064300537,5.621060677901733,,,3,3
2017-10-11 00:00:00+00:00,,,0.32324492931365967,-23.189569307908958,,,,,,,,,,,,,,,,,0.35199689865112305,14.187789711961798,,,2,2
2017-10-11 06:00:00+00:00,,,0.1497310996055603,-1.0674449673682465,,,,,,,,,,,,,,,,,0.33221256732940674,6.910003217307112,,,2,2
2017-10-11 12:00:00+00:00,,,0.06033891439437866,-0.5963782170449767,,,,,,,,,,,,,,,,,0.3650851249694824,5.648224484008118,,,2,2
2017-10-12 00:00:00+00:00,,,0.21817827224731445,-0.7755601636135393,,,,,,,,,,,,,,,,,0.30447065830230713,12.518606197175654,,,2,2
2017-10-12 06:00:00+00:00,,,0.17494863271713257,-1.1325850235209474,,,,,,,,,,,,,,,,,0.3344881534576416,4.846119894903527,,,2,2
2017-10-12 12:00:00+00:00,,,0.05124235153198242,0.15076497961187818,,,,,,,,,,,,,,,,,0.342240571975708,4.13761091000737,,,2,2
2017-10-12 18:00:00+00:00,0.4687514305114746,-1.0166480089319376,0.18582308292388916,-10.499919906414982,,,,,,,,,,,,,,,,,0.32438790798187256,4.999156913954265,,,3,3
2017-10-13 00:00:00+00:00,0.24463039636611938,0.07423542559212326,0.22741562128067017,-0.20447169975692406,,,,,,,,,,,,,,,,,0.28722143173217773,3.843555497901122,,,3,3
2017-10-13 06:00:00+00:00,0.39169955253601074,0.5073997939599112,0.1944718360900879,-0.34437688150224754,,,,,,,,,,,,,,,,,0.283014178276062,4.6059753617363475,,,4,3
2017-10-13 12:00:00+00:00,0.09807038307189941,-0.014627331964233851,0.1932714581489563,0.22318543303303612,,,0.024254798889160156,-0.00013693519285408912,,,,,,,,,0.46317803859710693,6.201275890403147,,,0.2480762004852295,1.799007861135029,,,5,5
2017-10-13 18:00:00+00:00,0.4968324303627014,-0.26742596343700914,0.05647629499435425,-0.21936344872828578,,,0.2718549966812134,-0.07302879474094329,,,,,,,,,0.4842435121536255,4.8939077379956135,,,0.24765419960021973,2.6460294049677824,,,5,5
2017-10-14 00:00:00+00:00,0.16003632545471191,-0.5367236647765221,0.09432852268218994,0.12255208136591704,,,0.02744990587234497,-0.16457629363576978,,,,,,,,,0.5184959173202515,3.7035597731474748,,,0.2759135961532593,2.7923461683332964,,,5,5
2017-10-14 06:00:00+00:00,0.07548534870147705,0.23365259628676344,,,0.07132136821746826,-0.20981430409432422,0.3106011748313904,-0.6853024822465223,,,,,,,,,0.5047813653945923,0.44904689174550383,,,0.2714301347732544,3.1859973820265592,,,5,5
2017-10-14 12:00:00+00:00,,,0.07227635383605957,0.45520942372872875,,,0.3030986189842224,-4.134826870971947,,,,,,,,,0.39813661575317383,2.0677474741561395,,,0.27238786220550537,1.9995482355757308,0.3068549633026123,0.057645986769800664,6,6
2017-10-14 18:00:00+00:00,,,0.011689245700836182,-0.1983269322806694,,,0.3698940873146057,-3.9456941099526586,,,,,,,,,0.41417837142944336,1.230468401622966,,,0.26348650455474854,3.302007489343459,0.0287247896194458,-0.22238189391503702,7,7
2017-10-15 00:00:00+00:00,,,0.11605525016784668,-0.34741871090018667,,,0.3263017535209656,-2.5390887222351815,,,,,,,,,0.47116947174072266,5.470323577903727,,,0.281613826751709,3.1511402914467643,0.22008877992630005,-0.325639739838127,6,6
2017-10-15 06:00:00+00:00,,,0.0311887264251709,0.08631785821829896,,,0.32910269498825073,-10.3197424945146,,,,,,,0.38296616077423096,6.177235986424527,0.41729843616485596,0.7142899384352739,,,0.27476930618286133,2.423742674935191,,,5,5
2017-10-15 12:00:00+00:00,,,0.07290709018707275,-0.11601229007943882,,,0.4521908164024353,-3.79762078076692,,,,,,,0.31253576278686523,4.435405527060276,0.27685070037841797,1.4674128675097662,,,0.2363055944442749,2.6891789555500347,0.5023411512374878,0.600114611903136,6,6
2017-10-15 18:00:00+00:00,,,0.1552351713180542,-0.02934666041326923,,,0.44285643100738525,-7.233718611628536,,,,,,,,,0.5921319723129272,3.1225745432968925,,,0.2747306823730469,3.197785563547042,,,4,4
2017-10-16 00:00:00+00:00,,,0.07484203577041626,-0.28743207619093586,0.2020794153213501,0.5417286835327646,,,0.4599766731262207,-4.268695569408117,,,,,,,0.5047149658203125,-0.16205718239029496,,,0.27137887477874756,1.4495608017077655,0.28176069259643555,0.38543265999457416,6,6
2017-10-16 06:00:00+00:00,,,0.11499416828155518,-0.4650143085972844,0.420284628868103,-0.40142414216450506,,,0.4659610986709595,-10.68437146142622,,,,,,,0.03779947757720947,0.5127621130729498,,,0.27316224575042725,6.5966892166346645,,,5,5
2017-10-16 12:00:00+00:00,,,0.2986751198768616,-1.133359154349578,,,,,0.36382973194122314,-10.34387663700264,,,,,,,,,,,0.2722710371017456,-2.255071637079481,,,3,3
2017-10-16 18:00:00+00:00,,,0.2902292013168335,-0.6444553368497576,0.27247685194015503,0.6293281073454023,,,0.4909762740135193,-11.232858169557645,,,,,,,,,,,0.27922308444976807,3.491952553328725,,,4,4
2017-10-17 00:00:00+00:00,,,0.22921222448349,-0.8499966743456281,0.0732496976852417,0.1828166417898126,,,0.4874887466430664,-10.920615720095162,,,,,0.5274447202682495,7.988937751370425,,,,,0.21648871898651123,1.7026517194843853,,,5,5
2017-10-17 06:00:00+00:00,,,0.19064801931381226,-0.10247359239663521,0.19035685062408447,1.783534216063401,,,0.40252792835235596,-7.743926745812137,,,,,0.442950963973999,4.181657204369609,,,,,0.22264039516448975,4.119226232679337,0.14873260259628296,-0.07626099853610215,6,6
2017-10-17 12:00:00+00:00,,,0.27417802810668945,-1.034398959865933,0.6436915397644043,0.8194232089499933,,,0.4089517593383789,-8.160817780172005,,,0.7134953737258911,1.2156572365074945,,,0.44673728942871094,5.307381109591756,,,0.262823224067688,1.5251565874984545,0.4207019805908203,0.027767419519451,7,7
2017-10-17 18:00:00+00:00,,,0.14522486925125122,-0.40782622985943673,,,,,0.43883568048477173,-13.441403413777072,,,0.4937744140625,3.807426725607267,,,0.48825299739837646,7.592908056389865,,,0.30171728134155273,2.3854916842501064,0.32324182987213135,1.4553303142117284,7,6
2017-10-18 00:00:00+00:00,,,0.2935241460800171,-1.1219036657379466,,,,,0.43468791246414185,-9.640311073901522,,,0.6037184000015259,3.6646309595008426,,,0.4747661352157593,2.470064328199527,,,0.22835445404052734,1.1075425331168671,0.08781754970550537,0.23801872298993207,6,6
2017-10-18 06:00:00+00:00,,,0.23843622207641602,-1.8611644701536294,,,,,0.48545366525650024,-7.645285636070012,,,0.45483195781707764,5.146667604856989,,,0.6325334310531616,2.329500591165648,,,0.26199936866760254,2.774055724943581,0.16875004768371582,0.9322343059199393,6,6
2017-10-18 12:00:00+00:00,,,0.21320319175720215,-0.42862896315633014,,,,,0.4290560483932495,-7.0704525502290885,,,0.5109744071960449,12.293462601667853,,,0.28492701053619385,0.39960388477076614,,,0.30491435527801514,3.241963564921082,,,6,6
2017-10-18 18:00:00+00:00,,,0.2584038972854614,-0.5065205277222059,,,,,0.4975176453590393,-8.36645257435304,,,0.5691467523574829,6.581706691719082,,,0.24519872665405273,0.029921434956918916,,,0.24828648567199707,1.701078938132015,,,6,6
2017-10-19 00:00:00+00:00,,,0.23093575239181519,-0.25551234395918887,,,,,0.39973336458206177,-12.491081665003088,,,0.4017688035964966,4.200928205004453,,,0.24546515941619873,0.7913959331779851,,,0.1381831169128418,1.2976937072890167,,,6,6
2017-10-19 06:00:00+00:00,,,0.29632312059402466,-1.036685466817661,,,,,0.2929772138595581,-6.365424842578381,,,0.4199857711791992,1.9598975309138171,,,0.14070379734039307,0.2952637840461084,,,0.24713611602783203,-4.02098008015388,,,7,7
2017-10-19 12:00:00+00:00,,,0.1724451184272766,-0.6062926104528708,0.039812326431274414,-0.016665265203761433,,,0.31103813648223877,-10.813594639903558,,,,,0.35697197914123535,7.209510840937308,0.5772082805633545,6.315829366464847,,,0.2600165605545044,2.5059973827727253,,,7,7
2017-10-19 18:00:00+00:00,,,0.25850558280944824,-1.3459499960023567,,,,,0.40666764974594116,-8.25479676177854,,,,,0.4324899911880493,4.401454464858102,0.004193663597106934,0.5665922880766852,,,0.28852248191833496,8.945243139076535,,,7,7
2017-10-20 00:00:00+00:00,,,0.23745733499526978,-0.8955112412979691,,,0.03096139430999756,0.5955571189749128,0.13106781244277954,-4.457424232669039,0.2770923376083374,-2.1373109603402582,,,0.47229623794555664,8.83254300872466,0.3455430269241333,-0.5300191081822337,,,0.18669605255126953,0.6946522163760732,,,8,8
2017-10-20 06:00:00+00:00,,,0.12677401304244995,-0.4792258222997052,,,,,0.2804582118988037,0.3598875790378603,0.16275173425674438,-10.665633181254647,,,0.3821040391921997,4.359790121651539,0.44998711347579956,0.26186038339962764,,,0.2603658437728882,4.0361830216366235,0.1372544765472412,0.3695909156886576,8,8
2017-10-20 12:00:00+00:00,,,0.26607745885849,-0.6662235466594636,,,,,0.5067548751831055,2.39342909013595,0.009512364864349365,-1.2360425224302956,,,0.3990288972854614,3.6016562185613084,0.5505284070968628,-0.3627077873231876,,,0.31571435928344727,3.2118301928209037,,,8,8
2017-10-20 18:00:00+00:00,,,0.30631589889526367,-24.661733236191257,,,,,0.2476205825805664,2.308054198291011,0.09527534246444702,-2.77096921612378,,,0.3905133008956909,4.6553221212412845,0.30623888969421387,-0.18290629926068885,,,0.23775196075439453,2.8715898970144487,,,6,6
2017-10-21 00:00:00+00:00,,,0.27340853214263916,-0.9190277604854677,,,,,,,,,,,0.4773397445678711,8.41311119774825,,,,,0.18720006942749023,1.7833010246178214,,,4,4
2017-10-21 06:00:00+00:00,,,0.24974995851516724,-7.608935763470798,,,,,0.5354851484298706,2.174164410675838,0.04162555932998657,-0.6469354723633088,,,0.3607879877090454,6.204198333481959,,,,,0.21028029918670654,2.546953164853383,,,5,5
2017-10-21 12:00:00+00:00,,,0.2251104712486267,-1.285514894961142,,,,,0.28692471981048584,-0.4581431232702073,0.0277634859085083,-0.7152740103916805,,,0.40120208263397217,6.035901354873351,,,,,0.15727925300598145,3.1767354943084194,,,5,5
2017-10-21 18:00:00+00:00,,,0.26638323068618774,-0.7525443990556049,,,,,0.49131155014038086,8.859949428962443,0.11851763725280762,-0.5185513458043747,,,0.3373382091522217,7.383048340952025,,,,,0.2344496250152588,3.769262378691563,,,5,5
2017-10-22 00:00:00+00:00,,,0.2918597459793091,-1.0947409469429326,,,,,0.35174763202667236,3.250968274528711,0.14846926927566528,-0.17710064903646736,,,0.4140300750732422,4.35056813063836,,,,,0.22591829299926758,16.96174398412237,,,6,6
2017-10-22 06:00:00+00:00,,,0.276323139667511,-0.47159101326023944,,,,,0.08382010459899902,-1.7601258219840896,0.1227235198020935,-7.659142074855658,,,0.3544888496398926,7.100271790834296,,,,,0.22699463367462158,2.8883134279290514,,,6,6
2017-10-22 12:00:00+00:00,,,0.2514169216156006,-0.5943337870938635,,,,,,,0.07442104816436768,-0.13291096645553702,,,0.31017065048217773,5.822915446630928,,,,,0.27183544635772705,2.6277436836672976,,,5,5
2017-10-22 18:00:00+00:00,,,0.16365641355514526,-0.6838399283684596,,,,,,,0.3137620687484741,-0.7920523269856898,,,0.383223295211792,5.73357343665038,,,,,0.2392970323562622,2.2530918307389123,,,5,5
2017-10-23 00:00:00+00:00,,,0.2900863289833069,-1.5421575896224664,,,,,,,0.9655832052230835,0.24819736997547565,,,0.3262476921081543,5.1632384999890135,,,,,0.2139759063720703,3.3268520758045343,,,5,5
2017-10-23 06:00:00+00:00,,,0.276538610458374,-2.0081187518144525,,,,,,,,,,,0.48173749446868896,10.095931695356251,,,,,0.2123478651046753,3.029665462320376,,,5,5
2017-10-23 12:00:00+00:00,,,0.19284236431121826,-0.6667773025910104,,,,,,,,,,,0.49557292461395264,4.492559618883457,,,,,0.29722023010253906,3.0586015410237986,,,5,5
2017-10-23 18:00:00+00:00,,,0.176716148853302,-0.1796729153379219,,,,,,,,,,,0.14374828338623047,1.6443981640943817,0.4097456932067871,4.739161529432755,,,0.2179110050201416,2.108358744789718,,,5,5
2017-10-24 00:00:00+00:00,,,0.19580578804016113,-0.1276962317683132,,,,,,,,,,,0.2226177453994751,0.6120552941277227,0.35597705841064453,8.833707153777913,,,0.1996448040008545,4.652780533463563,,,6,6
2017-10-24 06:00:00+00:00,,,0.18060892820358276,-0.027188394282502373,,,,,,,,,,,0.2734767198562622,0.6262304246733018,0.3074626922607422,6.478376583208076,,,0.16532862186431885,2.129200940946352,,,4,4
2017-10-24 12:00:00+00:00,,,0.22696977853775024,-0.11612396178265824,,,,,,,,,,,0.08459031581878662,-1.0722066567518829,0.42798733711242676,3.8729214729133887,,,0.19466006755828857,4.553894337885519,,,6,6
2017-10-24 18:00:00+00:00,,,0.027035534381866455,-0.06740472183456353,,,,,,,,,,,0.4424804449081421,4.978538838310509,0.6391133069992065,3.287282721521377,,,0.24723219871520996,4.078560217990196,,,4,4
2017-10-25 00:00:00+00:00,,,0.09775066375732422,-0.3459675626930028,,,,,,,,,,,,,0.4317936897277832,1.873263400480006,,,0.19562673568725586,5.445176662000796,,,5,4
2017-10-25 06:00:00+00:00,,,0.3421783447265625,-0.3477523101982026,0.7177757024765015,-0.9071114620203446,,,,,,,,,,,0.46451425552368164,4.850412662756442,,,0.1939067840576172,1.454782862271115,,,4,4
2017-10-25 12:00:00+00:00,,,0.24065738916397095,-1.0147554092005557,,,,,,,,,,,,,0.25799036026000977,0.9846909506766056,,,0.2891494035720825,2.910407975127542,,,4,3
2017-10-25 18:00:00+00:00,,,0.22409677505493164,-0.6053132247310972,,,0.14333224296569824,0.5024317277947183,,,,,,,,,0.1880795955657959,0.4073987939833234,,,0.2588224411010742,2.867114908135122,,,4,4
2017-10-26 00:00:00+00:00,,,0.21266359090805054,-0.5544222344855915,,,0.36635977029800415,-2.658477844819319,,,,,,,,,0.10473394393920898,-0.7740786486198544,,,0.19389045238494873,1.8398268254642158,,,4,4
2017-10-26 06:00:00+00:00,,,0.21103376150131226,0.01781965184552167,,,0.14469969272613525,-2.968606206886854,,,,,,,,,0.2961667776107788,1.3346871559633036,,,0.22783732414245605,2.9113324678454626,,,4,4
2017-10-26 12:00:00+00:00,,,0.3673771619796753,-0.3566264455400618,,,0.48707735538482666,-4.632636720552238,,,,,,,,,0.2807183265686035,0.6848210038822425,,,0.2126450538635254,3.0411766213450866,,,4,4
2017-10-26 18:00:00+00:00,,,0.3009567856788635,-0.8838797858034644,,,0.15661364793777466,-0.4263309229941579,,,,,,,,,,,,,0.24063646793365479,1.4969647101583885,,,4,3
2017-10-27 00:00:00+00:00,,,0.19311028718948364,-0.24771886101101348,,,0.35393059253692627,-4.689772419231899,,,,,,,,,,,,,0.26687896251678467,3.308301023868109,,,4,3
2017-10-27 06:00:00+00:00,,,0.18980813026428223,-0.25491553148545903,,,0.3843201994895935,-4.472415207454477,,,,,,,,,,,,,0.1955857276916504,1.9118945344604705,,,3,3
2017-10-27 12:00:00+00:00,,,0.3711472153663635,-0.5918722614903578,,,0.27433133125305176,-3.189139695795113,,,,,,,,,,,,,0.27801012992858887,3.1544816322111706,,,3,3
2017-10-27 18:00:00+00:00,,,0.29122471809387207,-0.3642056694233927,,,0.2331504225730896,-4.748795606906,,,,,,,,,,,,,0.2154698371887207,2.6158457240044566,,,3,3
2017-10-28 00:00:00+00:00,0.12515056133270264,-0.002602422249668647,,,0.5530428886413574,-1.658833941385394,,,0.32777583599090576,-8.991722945146522,,,,,,,,,,,0.19682824611663818,1.7024495252686371,,,4,4
2017-10-28 06:00:00+00:00,,,0.12276417016983032,-0.11431872898400025,,,,,0.44850969314575195,-12.044124493729612,,,,,,,,,,,0.23032236099243164,10.95536921655758,,,3,3
2017-10-28 12:00:00+00:00,,,0.19965678453445435,-0.7627654862959306,0.9704013206064701,-6.239566350189663,,,0.43388330936431885,-6.646857381134348,,,,,,,,,,,0.14221405982971191,2.7928972774598617,,,4,4
2017-10-28 18:00:00+00:00,,,0.23348861932754517,-5.804981321212688,,,,,0.4793144464492798,-5.431095459562038,,,,,,,,,,,0.22017133235931396,1.4814846509141881,,,4,3
2017-10-29 00:00:00+00:00,,,0.20410817861557007,-0.6945379747347784,,,,,0.5204697847366333,-8.512662975289475,,,,,,,,,,,0.27826881408691406,2.4027484024767336,,,3,3
2017-10-29 06:00:00+00:00,,,0.12922316789627075,-0.38718746376198937,,,,,0.5733892917633057,-9.500256408069257,,,,,,,,,,,0.18677163124084473,1.225020497762933,,,4,3
2017-10-29 12:00:00+00:00,,,0.18037980794906616,-0.5050044110477591,,,,,0.5222885608673096,-12.366802782276396,,,,,,,,,,,0.19640052318572998,1.5903730065626418,,,3,3
2017-10-29 18:00:00+00:00,,,0.12226641178131104,-0.8137999590848193,,,,,0.4191141724586487,-10.794832100852124,,,,,,,,,,,0.20437300205230713,1.3754741812826499,,,3,3
2017-10-30 00:00:00+00:00,,,0.26473331451416016,-29.00199050152039,,,,,0.44947636127471924,-8.50655332567616,,,,,,,,,,,0.1772376298904419,0.7289774843118568,,,3,3
2017-10-30 06:00:00+00:00,,,0.09241670370101929,24.908166634147484,,,,,0.5085359811782837,-8.26075714886013,,,,,,,,,,,0.2376929521560669,4.30230471653701,,,3,3
2017-10-30 12:00:00+00:00,,,0.2059640884399414,-24.105007512450623,,,,,0.4701906442642212,-6.108184965258332,,,,,,,,,,,0.23400795459747314,1.4678944555556483,,,3,3
2017-10-30 18:00:00+00:00,,,0.1566672921180725,-0.5114124680876001,,,,,0.5315125584602356,-7.020477993898659,,,,,,,,,,,0.1550358533859253,0.5951670780320334,,,3,3
2017-10-31 00:00:00+00:00,,,0.08015626668930054,-0.45568561845651145,,,,,0.5859127044677734,-9.276808215234302,,,0.7539218664169312,1.0740543663450992,,,,,,,0.14895951747894287,0.7132198933979772,,,5,5
2017-10-31 06:00:00+00:00,,,0.1440245509147644,-0.8922617415053627,,,,,0.5094126760959625,-4.963393062141745,0.5326419472694397,-7.25977900575931,0.5557453632354736,6.236113879334089,,,,,,,0.13454794883728027,0.8699455614142091,0.2742990255355835,0.026471881160063614,6,6
2017-10-31 12:00:00+00:00,,,0.2255440354347229,-1.5661057119986723,,,,,0.5770634710788727,-5.988428093550959,0.5774322152137756,-5.583934809428702,0.4341130256652832,2.5403445238005506,,,,,,,0.279224157333374,0.8411995109821492,0.43965697288513184,0.8602378705933234,8,6
2017-10-31 18:00:00+00:00,,,0.2288697361946106,-0.5525741245990223,,,,,0.5417770147323608,-6.583917365422408,0.2348446249961853,-6.881454778344871,0.41311120986938477,2.2214850777232535,,,,,,,0.2815619707107544,3.3884340425965798,,,5,5
2017-11-01 00:00:00+00:00,,,0.21598124504089355,-2.0083794730734716,,,,,0.5791284441947937,-9.347051674824451,0.18765580654144287,0.4792155542313601,0.37640535831451416,1.3997182206162953,,,,,,,0.1789320707321167,1.2837641597652345,,,5,5
2017-11-01 06:00:00+00:00,,,0.1989818811416626,-1.898422895603572,,,,,,,0.4611573815345764,-9.615390879844503,0.2785661220550537,2.7187497696008336,,,,,,,0.13008999824523926,1.1923307118086086,,,4,4
2017-11-01 12:00:00+00:00,,,0.21736866235733032,-2.6635563014760884,,,,,,,0.47118961811065674,-9.441816410814587,0.31275153160095215,4.169159604557711,,,,,,,0.21704888343811035,1.5135499635966052,,,4,4
2017-11-01 18:00:00+00:00,,,0.2630615234375,-1.885471562483355,,,,,,,0.4774274230003357,-8.055417281841812,0.38967812061309814,4.921280196605962,,,,,,,0.2092982530593872,2.7334071755058584,,,4,4
2017-11-02 00:00:00+00:00,,,0.2671741843223572,-2.041469140854594,,,,,,,0.4268336296081543,-11.523193002409679,0.42026376724243164,12.12667050519663,,,,,,,0.17908906936645508,3.422240207216183,,,4,4
2017-11-02 06:00:00+00:00,,,0.28938859701156616,-0.8586538419263047,,,,,,,0.4940042495727539,-4.020126566715414,0.42456912994384766,8.288230670207783,,,,,,,0.214638352394104,1.5888376029299467,,,4,4
2017-11-02 12:00:00+00:00,,,0.27471989393234253,-1.962847680760736,,,,,,,0.4741221070289612,-2.8904308370107006,0.32744717597961426,3.569406723826686,,,,,,,0.2501598596572876,0.967251358723262,,,5,5
2017-11-02 18:00:00+00:00,,,0.24419862031936646,-0.655119017151454,0.41211313009262085,-0.5796510099055564,,,,,0.4093358516693115,-4.657174258651017,0.39467084407806396,7.441633114823607,,,,,,,0.2638329267501831,2.620557166734283,,,5,5
2017-11-03 00:00:00+00:00,,,0.27146780490875244,-1.1293585172884206,,,,,,,0.4634295701980591,-13.397852108555666,0.46875131130218506,6.60268331335625,,,,,,,0.16292989253997803,-0.25404266656733604,,,6,6
2017-11-03 06:00:00+00:00,,,0.29469233751296997,-26.884608624212614,,,,,,,0.4482422471046448,-3.066962817368515,0.3135833740234375,5.827935935462597,0.5372012853622437,5.03640072012136,,,,,0.2844104766845703,1.2676193453786386,,,5,5
2017-11-03 12:00:00+00:00,,,0.2152918577194214,-1.4503583418196997,,,,,,,0.6676469445228577,-4.319980835557356,0.29481542110443115,4.0302094793136245,0.6434835195541382,5.806247380156423,,,,,0.20550358295440674,1.5510627280483156,,,6,6
2017-11-03 18:00:00+00:00,,,0.21944785118103027,-1.4612885280575967,,,,,,,0.4910562038421631,-2.098392120910554,,,0.47474396228790283,5.861461711787965,,,,,0.20309126377105713,1.107388544847588,,,5,5
2017-11-04 00:00:00+00:00,,,0.22399985790252686,-2.796865428988363,,,,,,,0.5943100452423096,-1.410378208890409,0.01674652099609375,1.0618692880799123,,,,,,,0.4072510004043579,10.608881580339995,,,5,5
2017-11-04 06:00:00+00:00,,,0.24762791395187378,-0.7718300063769257,,,,,,,0.6929343044757843,-0.9210981338770365,,,,,,,,,0.369470477104187,12.66669454420483,,,5,5
2017-11-04 12:00:00+00:00,,,0.09722334146499634,-0.3480388071078841,,,,,,,0.08276689052581787,-2.027819748541149,,,,,,,,,0.3530052900314331,10.616568020116976,,,3,3
2017-11-04 18:00:00+00:00,,,0.06506747007369995,7.847402257323017,,,,,,,0.3476388454437256,0.514684963940611,,,0.6264485120773315,6.642564172832478,,,,,0.22781622409820557,4.678833874109121,,,5,5
2017-11-05 00:00:00+00:00,,,0.14282506704330444,-0.23750322848197897,,,,,,,0.5939991772174835,-2.0568408770442517,,,0.5978307723999023,6.071831938011523,,,,,0.27992284297943115,5.176653835363269,,,5,5
2017-11-05 06:00:00+00:00,,,0.23039084672927856,-0.8170868450248647,,,,,,,,,,,,,,,,,0.4313080310821533,12.317720811955812,,,2,2
2017-11-05 12:00:00+00:00,,,0.2551811933517456,-0.8294810540656519,,,,,,,,,,,,,,,,,0.4357811212539673,13.005082651024573,,,2,2
2017-11-05 18:00:00+00:00,0.052873194217681885,0.5124499233119845,0.232357919216156,-0.9706842659976908,,,,,,,,,,,,,,,,,0.4386042356491089,14.39068884607864,,,3,3
2017-11-06 00:00:00+00:00,,,0.4274371266365051,-15.222547863948712,,,,,,,,,,,,,,,,,0.36648261547088623,11.047590426099413,,,2,2
2017-11-06 06:00:00+00:00,,,0.2200492024421692,-0.45832874947921687,,,,,,,,,,,,,,,,,0.4055715799331665,11.037798843750112,,,2,2
2017-11-06 12:00:00+00:00,,,0.14804697036743164,-0.12664456925729847,,,,,,,,,,,,,,,0.09961831569671631,-0.11980364363941332,0.3666650056838989,10.094694263760871,,,3,3
2017-11-06 18:00:00+00:00,0.39239901304244995,-1.0518392201361075,,,0.5738049447536469,0.27251538058676045,,,,,,,,,,,,,0.10441780090332031,-0.514716323994647,0.4086940288543701,8.930512941330958,,,5,4
2017-11-07 00:00:00+00:00,0.11900758743286133,-0.6643483043646448,,,0.12033617496490479,-0.5431405273792097,,,,,,,,,,,,,,,0.3676323890686035,6.174961395405059,,,3,3
2017-11-07 06:00:00+00:00,,,0.12133204936981201,-0.5302990839188129,0.9034073874354362,-2.963706695934579,,,,,,,,,,,0.5336424112319946,5.645946898716016,,,0.3332710266113281,12.084007392399345,,,5,4
2017-11-07 12:00:00+00:00,,,0.17407351732254028,-0.8261689111315362,0.2243914008140564,0.3865382524399217,,,,,,,,,0.3813990354537964,4.94576345913029,0.43940603733062744,7.421923905333686,,,0.23619377613067627,3.6638591727048118,,,5,5
2017-11-08 18:00:00+00:00,,,0.18623006343841553,-2.034982476063838,,,0.16111379861831665,-0.995692986982951,,,,,,,,,,,,,0.36588573455810547,6.511347681011558,,,3,3
2017-11-09 00:00:00+00:00,,,0.32947683334350586,-1.3130448996705666,,,0.0020070672035217285,-0.40084266639357496,,,,,,,,,,,,,0.2898370027542114,-5.09741871773274,,,3,3
2017-11-09 06:00:00+00:00,,,0.218971848487854,-1.410983695077691,,,0.3812912702560425,0.8569800673959339,,,,,,,,,,,,,0.3287736177444458,6.466257246790691,,,3,3
2017-11-09 12:00:00+00:00,,,0.2930818796157837,-0.4946221959990491,,,,,,,,,,,,,,,,,0.3490208387374878,5.310453086827559,,,2,2
2017-11-09 18:00:00+00:00,,,0.06731081008911133,-0.21083394365616323,,,0.34436511993408203,-2.6812003594376854,,,,,,,,,,,,,0.3494284152984619,7.065368167446471,,,3,3
2017-11-10 00:00:00+00:00,,,0.33025991916656494,-0.676972875144886,,,0.4412471055984497,-6.282958525824047,,,,,,,,,,,,,0.29197120666503906,-5.284269391623598,,,3,3
2017-11-10 06:00:00+00:00,,,0.26309770345687866,-0.45552431050626707,,,0.0867050290107727,-0.08183082771698849,,,,,,,,,,,,,0.3223026990890503,4.356760542505549,,,3,3
2017-11-10 12:00:00+00:00,,,0.27325665950775146,-2.2630591439470082,,,0.34557217359542847,-9.931995012108034,,,,,,,,,,,,,0.35439765453338623,5.632611941354516,,,3,3
2017-11-10 18:00:00+00:00,,,0.15863943099975586,0.039212158854240786,,,0.2852832078933716,-3.780512249891023,,,,,,,,,,,,,0.3498377799987793,8.745881714000005,,,3,3
2017-11-11 00:00:00+00:00,,,0.27977126836776733,-14.951430180649915,,,0.34391748905181885,-5.862247941847958,,,,,,,,,,,,,0.34586775302886963,6.700698520814299,,,3,3
2017-11-11 06:00:00+00:00,,,0.28420573472976685,-1.9156405159513954,,,0.19082897901535034,-5.303032348663783,,,,,,,,,0.11637163162231445,0.6700297202641111,,,0.33909523487091064,8.625780160773411,,,4,4
2017-11-11 12:00:00+00:00,,,0.2604256272315979,-2.0500822586343217,,,0.12977969646453857,-0.7166594103894655,,,,,,,,,0.05568575859069824,-0.21357307172236606,,,0.32767486572265625,6.11532258205163,,,4,4
2017-11-11 18:00:00+00:00,,,0.18960881233215332,-1.4038666134503237,,,0.2721686363220215,-3.463987234195015,,,,,,,,,0.6007254123687744,-0.03267776562428768,,,0.31144583225250244,5.917119456542374,,,4,4
2017-11-12 00:00:00+00:00,,,0.1664295792579651,0.3110954994617175,,,0.2660750150680542,-3.962353816974227,,,,,,,0.735580325126648,5.675854224808725,,,,,0.26566338539123535,5.858092782694157,,,5,4
2017-11-12 06:00:00+00:00,,,0.16851311922073364,-0.3232296140463461,,,,,0.23371338844299316,-4.965765925154587,,,,,0.7550114393234253,5.6356027488576705,,,,,0.23750364780426025,4.945194751341947,,,4,4
2017-11-12 12:00:00+00:00,,,0.2530229687690735,-0.9578741759619007,,,,,0.4456310272216797,-6.093862901195983,,,,,,,,,,,0.3051341772079468,4.972779338719765,,,3,3
2017-11-12 18:00:00+00:00,,,0.1413736343383789,-2.5154023992613452,,,,,0.2273927927017212,-2.9664207566168734,,,,,0.7457225322723389,4.870088040852414,,,,,0.23305773735046387,9.870311359825047,,,4,4
2017-11-13 00:00:00+00:00,,,0.08683556318283081,-0.48607752133014576,,,,,0.20424002408981323,-3.201390920489394,,,,,0.7150698900222778,3.860656210306151,,,,,0.21905910968780518,3.253451765912429,,,4,4
2017-11-13 06:00:00+00:00,,,0.10958737134933472,-4.538764080918965,0.5560507476329803,-1.0293822039235325,,,0.24386602640151978,-1.4240380930673577,,,,,0.6653338670730591,4.69648723992458,,,,,0.2674068212509155,8.868259050640628,,,5,5
2017-11-13 12:00:00+00:00,,,0.1634899377822876,-0.9275497022394262,,,,,0.1463559865951538,-1.0504694412053321,,,,,0.7273632287979126,5.090262222636008,,,,,0.2327737808227539,8.64826488429731,,,4,4
2017-11-13 18:00:00+00:00,,,0.0699625015258789,3.9829258525160975,,,,,0.2694786787033081,-4.791453342086713,,,0.5314264297485352,5.03723982250639,,,0.7661324739456177,4.0951605202759245,,,0.22124183177947998,3.778930090473959,,,5,5
2017-11-14 00:00:00+00:00,,,0.1339808702468872,-0.7935606249810273,,,,,0.35373103618621826,-12.858117694539272,,,0.34756946563720703,-0.07688678236994628,,,0.5565047264099121,3.9687194854923016,,,0.20512747764587402,4.448161748200858,,,6,6
2017-11-14 06:00:00+00:00,,,0.14436191320419312,-1.3042102738950654,,,,,0.2403581142425537,-2.905898683380622,,,0.44275832176208496,3.4211451160843844,,,0.7372118234634399,2.5767993206210402,,,0.21982550621032715,3.129198096086668,,,5,5
2017-11-14 12:00:00+00:00,,,0.2690160870552063,-2.9589868307119196,,,,,0.3370729684829712,-10.913232071960385,,,0.2734321355819702,-2.374227440975888,,,0.7455018758773804,3.1198078989044076,,,0.22355473041534424,1.042151250705222,,,5,5
2017-11-14 18:00:00+00:00,,,0.1986728310585022,-0.8793462646115534,,,,,0.22878384590148926,-4.743801254636264,,,0.4319756031036377,4.752716829657825,,,0.7814439535140991,2.0139900681372263,,,0.2121521234512329,4.822367508411305,,,5,5
2017-11-15 00:00:00+00:00,,,0.29112422466278076,-1.8430437366951509,,,,,0.3468795418739319,-10.840924012012731,,,,,0.4311150312423706,2.7874094900503485,0.7653350830078125,4.537718996339285,,,0.20785117149353027,7.918562796175725,0.6378278732299805,1.827615832998687,6,6
2017-11-15 06:00:00+00:00,,,0.17409712076187134,-2.1006808166953364,,,,,0.39572805166244507,-9.755836797703555,,,,,0.4829655885696411,5.285619942631819,0.5773026943206787,4.501085823260669,,,0.18369686603546143,1.6996326408416627,,,6,6
2017-11-15 12:00:00+00:00,,,0.08157134056091309,-2.68042055394857,,,,,0.3327825665473938,-0.6299940548659915,,,,,0.42135488986968994,3.7255481005415203,0.4814317226409912,2.6708450112264113,,,0.22867679595947266,2.7283801001690513,,,6,6
2017-11-15 18:00:00+00:00,,,0.21680110692977905,-2.137287007371759,,,,,0.16961413621902466,-1.2572063803434395,,,,,0.4591178894042969,7.310433270032349,0.3916727304458618,0.6023773543621528,,,0.1712632179260254,3.9802287196588226,,,6,6
2017-11-16 00:00:00+00:00,,,0.2460121512413025,-0.9900926046903796,,,,,0.4117177128791809,-2.8732331950338237,,,,,0.3845919370651245,1.7552226053118338,,,,,0.16674458980560303,0.5539395418699434,0.1552060842514038,0.5626409511323451,6,6
2017-11-16 06:00:00+00:00,,,0.05430281162261963,19.769241492475278,0.35575395822525024,-0.808632867296973,,,0.35098928213119507,-5.810110053655616,,,,,0.4939839839935303,8.918579518158525,,,,,0.13428735733032227,0.6751550734100391,0.2970874309539795,0.17222396195632367,7,7
2017-11-16 12:00:00+00:00,,,0.22818613052368164,-1.4173875643819742,0.24885880947113037,-0.8992261852988371,,,,,0.28792715072631836,0.25405292706518173,,,0.3988879919052124,9.151160533416489,,,,,0.16429734230041504,1.22965996140705,0.08553695678710938,-0.14600004968820499,7,7
2017-11-16 18:00:00+00:00,,,0.05255782604217529,27.396871649773086,,,,,,,,,,,0.41562700271606445,13.636238682106834,,,0.05202960968017578,0.1386965898389442,0.14792156219482422,1.9623884344260354,0.411532998085022,0.8074949020184117,6,6
2017-11-17 00:00:00+00:00,,,0.03921544551849365,25.863797214349265,,,,,,,,,,,0.438732385635376,11.59792365472656,,,,,0.0686495304107666,0.20339159017468358,0.32972288131713867,0.31330125218413774,5,5
2017-11-17 06:00:00+00:00,,,0.19074124097824097,-0.46680789040101595,,,,,,,,,,,0.35930514335632324,7.590039623492212,,,,,0.18156850337982178,0.9140974351753697,0.28686094284057617,0.10778610007904886,5,5
2017-11-17 12:00:00+00:00,,,0.08198362588882446,-0.22379017413821076,,,,,,,,,,,0.4699544906616211,10.560691165355609,,,,,0.14471280574798584,2.7872621407306473,0.23025953769683838,0.07257797311147338,4,4
2017-11-17 18:00:00+00:00,,,0.1802445650100708,-2.1000077007891687,,,,,,,,,,,0.3457895517349243,5.303475500354378,,,,,0.14393925666809082,0.9568600443337333,0.8717433214187622,0.7403262082405111,4,4
2017-11-18 00:00:00+00:00,,,,,0.394828200340271,-27.670180380114548,,,,,,,,,0.3611201047897339,7.625882551987051,,,0.1361372470855713,0.9609769936234025,,,0.1477515697479248,0.04490725329203878,5,4
2017-11-18 06:00:00+00:00,,,,,0.11435526609420776,-0.12601237469680707,,,,,,,,,0.3817274570465088,2.903063327331224,,,0.18977296352386475,1.105624770545399,,,0.18110120296478271,0.35530275341507245,4,4
2017-11-18 12:00:00+00:00,,,,,0.13740402460098267,-0.14882444895991284,,,0.13071036338806152,1.1103255385306885,,,,,0.4053480625152588,4.779667912755174,,,0.1985834836959839,2.665565285672246,,,0.17875492572784424,-0.195914441869171,5,5
2017-11-18 18:00:00+00:00,,,,,0.1375381350517273,-0.03514414271936008,,,,,,,,,0.43761730194091797,9.211814170264793,,,0.1277097463607788,2.2951681363898233,,,0.0847206711769104,-0.015031174377044156,5,5
2017-11-19 00:00:00+00:00,,,,,0.018838942050933838,0.06509150418529536,,,0.626422643661499,6.032915045394491,,,,,0.47452306747436523,6.058288890232492,,,0.15049004554748535,1.2872964652995587,,,0.11454343795776367,0.286857447884734,9,6
2017-11-19 06:00:00+00:00,0.18083298206329346,0.4437879629087959,,,0.23771411180496216,-0.17792866110572939,,,,,,,,,0.39193248748779297,3.7973345877557327,,,,,0.16181325912475586,1.5159378362138154,0.07616043090820312,0.5571092994468765,6,6
2017-11-19 12:00:00+00:00,0.14335578680038452,-0.1581030075444611,,,0.12265145778656006,-0.1580034207435796,,,,,,,,,,,0.30876612663269043,5.260159028949472,,,0.1814877986907959,1.2332334041185338,,,5,4
2017-11-19 18:00:00+00:00,,,,,0.12980026006698608,-0.21494893906172272,,,,,,,,,,,0.27275991439819336,5.380219441306963,,,0.2260228395462036,1.4939824274120859,,,3,3
2017-11-20 00:00:00+00:00,,,0.2429579496383667,-14.505683986014489,,,,,,,,,,,,,0.3169887065887451,8.172118289421375,,,0.21141743659973145,1.8996929879154623,,,3,3
2017-11-20 06:00:00+00:00,,,0.2393345832824707,0.15245075566142013,0.031487345695495605,0.14665763557975459,,,,,,,,,,,0.25886034965515137,2.1195256132195963,,,0.11185956001281738,-20.67356564693219,,,4,4
2017-11-20 12:00:00+00:00,0.17682909965515137,-0.29767897641434427,,,0.6738680005073547,-7.2358257509389885,,,,,,,,,,,0.30554401874542236,5.754898083925323,,,0.14916956424713135,1.6331095233591426,,,4,4
2017-11-20 18:00:00+00:00,0.053204238414764404,0.008075489600264158,,,0.4579317569732666,0.09288803954085961,,,,,,,,,,,0.34654557704925537,1.9192194084473482,,,0.2268003225326538,1.37937247377168,,,5,5
2017-11-21 00:00:00+00:00,0.19256746768951416,-0.5918534057269332,,,0.6379233002662659,-0.4784694059741039,,,,,,,,,,,0.33314812183380127,10.25884657643144,,,0.2029566764831543,1.4243445283826117,,,4,4
2017-11-21 06:00:00+00:00,0.33847320079803467,-0.42845721090236083,0.09949469566345215,0.2487637198498496,,,,,,,,,0.12090408802032471,0.7692916747847439,,,0.2015674114227295,3.8189889916656345,,,0.1629577875137329,1.412651879263497,,,8,6
2017-11-21 12:00:00+00:00,0.33583247661590576,-0.5120946497114897,,,,,,,,,,,0.08974277973175049,-0.38871561008759126,,,0.3790292739868164,0.3606634418001404,,,0.23266828060150146,1.9361750751878013,,,6,4
2017-11-21 18:00:00+00:00,0.508961409330368,-0.44468253389178497,0.25223076343536377,-0.3069284707619501,,,,,,,,,0.3534924387931824,-1.2513372173902177,,,0.3827052116394043,1.4623653818006173,,,0.248571515083313,1.487180006908665,,,5,5
2017-11-22 00:00:00+00:00,0.3640965223312378,0.17996300972934864,0.5687659978866577,-0.5242020419612624,,,,,,,,,0.3816903829574585,-7.9880852308346695,,,0.13420486450195312,2.5593053692364833,,,0.2240065336227417,3.146237138239417,,,5,5
2017-11-22 06:00:00+00:00,0.0950002670288086,-0.5086379275113269,,,0.12468618154525757,0.05465813713169928,,,,,,,0.6224117875099182,-5.714648702746414,,,,,,,0.235306978225708,1.2788616649068951,,,4,4
2017-11-22 12:00:00+00:00,,,0.17025917768478394,-3.7855862801615237,,,,,,,,,,,0.5013360977172852,-4.6447654966287635,,,,,0.1775585412979126,0.8999726484602015,,,3,3
2017-11-22 18:00:00+00:00,,,0.24166220426559448,-0.36620974873820605,0.8993741944432259,-1.1253090638686392,,,,,,,,,0.23393326997756958,-2.37428401457987,,,,,0.2304309606552124,4.855109001291179,,,4,4
2017-11-23 00:00:00+00:00,,,0.15565729141235352,-0.367883586105552,,,,,,,,,,,0.557484894990921,-6.772842578076427,,,,,0.21168410778045654,1.051312474704075,,,3,3
2017-11-23 06:00:00+00:00,,,0.1558510661125183,-1.889112679274163,,,,,,,,,,,0.5039229691028595,-11.521092092783366,,,,,0.16197001934051514,3.32115234571782,,,3,3
2017-11-23 12:00:00+00:00,0.14194071292877197,-0.39719135020434326,,,,,,,,,,,,,0.38234037160873413,-2.7679804589854053,,,,,0.2552359104156494,1.6612945810165771,,,3,3
2017-11-23 18:00:00+00:00,0.10049903392791748,-0.09145173720670348,,,,,,,,,,,,,0.415757417678833,-11.589001587683509,,,,,0.18886840343475342,0.9292921659553947,,,3,3
2017-11-24 00:00:00+00:00,0.15077346563339233,-0.6429980009504659,,,,,,,,,,,,,0.40950077772140503,-11.498530726592852,,,,,0.1604703664779663,1.8488604800735597,,,3,3
2017-11-24 06:00:00+00:00,0.20403355360031128,-1.0125263498669885,,,,,,,,,,,,,0.4267606735229492,-13.50093481175641,,,,,0.17559969425201416,0.9424292108412505,,,3,3
2017-11-24 12:00:00+00:00,0.40554606914520264,-5.26612099440753,,,,,,,,,,,,,0.3490257263183594,-7.315418494226393,,,,,0.1271589994430542,1.339897365085604,,,3,3
2017-11-24 18:00:00+00:00,0.49722057580947876,-8.531092082724436,,,,,,,,,,,,,0.3414453864097595,-7.668365217911914,,,,,0.26871681213378906,1.171635515992923,,,3,3
2017-11-25 00:00:00+00:00,,,0.39413267374038696,-9.240940114062942,,,,,,,,,,,0.451360285282135,-6.3198488393250285,,,,,0.24813413619995117,2.72102901946909,,,3,3
2017-11-25 06:00:00+00:00,,,0.3944125771522522,-7.799748214529744,,,,,,,,,,,0.43898361921310425,-6.679129000602509,,,,,,,0.10471034049987793,-4.483143839113052,3,3
2017-11-25 12:00:00+00:00,,,0.29839158058166504,6.830629514270044,,,,,,,,,,,0.479308545589447,-7.720013673591934,,,,,,,0.27465808391571045,1.0314149550465683,3,3
2017-11-25 18:00:00+00:00,,,0.34857940673828125,-13.089372360445271,,,,,,,,,,,0.342968225479126,-6.002473815962124,,,,,,,0.27872979640960693,0.8230862195747617,3,3
2017-11-26 00:00:00+00:00,,,0.32604557275772095,-2.1862187314589883,,,,,,,,,,,0.46966683864593506,-4.407153103295374,,,,,,,0.16981959342956543,0.7995085488591348,4,3
2017-11-26 06:00:00+00:00,,,0.38071632385253906,-18.965833948422972,,,,,,,,,0.008801937103271484,0.398983945695552,0.5849173963069916,-6.171385496370977,,,,,,,0.19894111156463623,11.268909685268737,4,4
2017-11-26 12:00:00+00:00,,,0.38857197761535645,-14.882071675272954,,,,,,,,,0.40341460704803467,-0.11373030067702736,,,0.7565379589796066,-4.0302648444056395,,,,,0.19196712970733643,0.16986835276343112,4,4
2017-11-26 18:00:00+00:00,,,0.3694496154785156,-7.314297620508073,,,,,,,,,0.15029215812683105,0.09874228274161527,,,0.7659830451011658,-2.931302194765485,,,,,0.16949403285980225,0.21887181897011254,4,4
2017-11-27 00:00:00+00:00,,,0.3401017189025879,-6.607061431460439,,,,,,,,,0.0527724027633667,1.6007468074576814,,,,,0.3113466501235962,0.9076570711597743,,,0.08318698406219482,0.516666765260063,5,4
2017-11-27 06:00:00+00:00,,,0.3137671947479248,-3.728769097125482,,,,,0.5392391383647919,-10.514689710361834,,,0.3054463863372803,5.0995628948840865,,,,,0.07756972312927246,0.7263299826944019,,,0.010153651237487793,0.15863299082985274,6,6
2017-11-27 12:00:00+00:00,,,0.3544665575027466,-6.451528865999901,,,,,,,,,0.20476257801055908,0.671792239840619,,,,,0.3109947443008423,0.2815516739489472,,,0.02752023935317993,-0.04672349414291696,5,4
2017-11-27 18:00:00+00:00,,,0.22559189796447754,-2.14527360268255,,,,,0.5003393292427063,-8.679554992749896,,,0.28875958919525146,4.11550035101394,,,,,0.14646250009536743,-16.07088616724163,0.19174742698669434,-0.09181479620746695,0.5593538284301758,0.44437216068298657,7,6
2017-11-28 00:00:00+00:00,,,0.26000481843948364,-1.670304827787354,,,,,0.3841037154197693,-7.625390643494166,,,0.2682586908340454,2.759678802654346,,,,,0.07587206363677979,1.1259179837089555,0.0846603512763977,0.2985486039917981,0.16916441917419434,-0.6964791689131858,6,6
2017-11-28 06:00:00+00:00,,,0.2569231390953064,-0.6473158583004969,,,,,0.535860687494278,-6.1894569877957,,,0.30169451236724854,5.095231441362611,,,,,0.22077834606170654,0.09598164582512303,0.11501574516296387,0.525498749066994,0.3993292450904846,0.07356405661738424,7,7
2017-11-28 12:00:00+00:00,,,0.2345394492149353,-2.659935331179597,,,,,0.4620121717453003,-4.881071942477287,0.25826603174209595,-2.3579096227696867,0.3394806385040283,2.358587721259612,,,,,0.23379647731781006,2.4057245922754538,0.09664320945739746,-0.07709149953934913,,,7,6
2017-11-28 18:00:00+00:00,,,0.19074273109436035,-0.27815081572766504,,,,,0.5525998771190643,-7.741613732131372,0.2778404951095581,-2.457080910202421,0.35462820529937744,3.879112606591322,,,,,0.18798935413360596,-0.825241460150162,0.00023734569549560547,-17.28979744961895,,,6,6
2017-11-29 00:00:00+00:00,,,0.1911892294883728,1.7069265807848997,,,,,0.5765260457992554,-7.5597074275262415,0.17463403940200806,2.1142239789628148,0.3848937749862671,8.264080096585483,,,,,,,0.2651863098144531,1.1197377583158978,,,5,5
2017-11-29 06:00:00+00:00,,,0.25115901231765747,-3.0555503914477966,,,,,,,0.5194589495658875,-2.911521919062169,0.3727729320526123,4.992583012501585,,,,,,,0.20636844635009766,1.498559467608241,,,5,5
2017-11-29 12:00:00+00:00,,,0.32012873888015747,-8.230385830494317,,,,,,,0.47588419914245605,-2.570833134785458,0.35080742835998535,8.467337620839382,,,,,,,0.10987651348114014,-0.7756972383983675,,,5,5
2017-11-29 18:00:00+00:00,,,0.31573784351348877,-1.5982436143836827,,,,,,,0.540599137544632,-3.7694142406415057,0.41252362728118896,6.272778416607517,,,,,,,0.17540597915649414,1.9679847836109068,,,5,5
2017-11-30 00:00:00+00:00,,,0.32042640447616577,-3.06550630974379,,,,,,,0.5900440216064453,-2.843520520774775,0.4556683301925659,6.5161115919820825,,,,,,,0.16632449626922607,1.1716558322521091,,,5,5
2017-11-30 06:00:00+00:00,,,0.26571667194366455,-1.8375553778283822,,,,,,,0.5597326159477234,-2.022152265831313,0.4270968437194824,1.6772907859426103,0.44531309604644775,10.116008290485652,,,,,0.252475380897522,1.380679806308169,,,6,6
2017-11-30 12:00:00+00:00,,,0.3347203731536865,-3.886837352088193,,,,,,,0.4916737675666809,-1.4751398601827879,0.14793109893798828,0.16940782109696265,0.4446544647216797,6.286796276855274,,,,,0.29988622665405273,1.6708064230910478,,,6,6
2017-11-30 18:00:00+00:00,,,0.2474803924560547,-2.688013969241029,,,,,,,0.45174700021743774,-1.788128163925066,0.1020888090133667,-0.8637702738649635,0.460696816444397,7.301357285770446,,,,,0.2747058868408203,2.505470734567608,,,6,6
2017-12-01 00:00:00+00:00,,,0.30703914165496826,-3.760955517776041,,,,,,,0.2964704632759094,-2.792190229341719,0.1449580192565918,-0.6263735762823331,0.4207566976547241,11.61841164044904,,,,,0.24797403812408447,2.822454077899613,,,7,6
2017-12-01 06:00:00+00:00,,,0.28567302227020264,-1.6479963050908257,,,,,,,0.41284358501434326,-2.0238297395260845,,,0.39244890213012695,10.121221849802737,,,0.14492559432983398,-0.16160302734238569,0.26112353801727295,1.7063017670692735,,,6,6
2017-12-01 12:00:00+00:00,,,0.2599882483482361,-3.776308561952944,,,,,,,0.49856793880462646,-1.582755911714435,,,0.42607438564300537,9.148557397721111,,,0.002143561840057373,0.24785645182477964,0.21496915817260742,2.6364091287286624,,,5,5
2017-12-01 18:00:00+00:00,,,0.27804428339004517,-1.1879028952831574,,,,,,,0.2611567974090576,-0.37676801866199183,,,0.4196348190307617,7.003821977261037,,,0.1997295618057251,0.6912246999608088,0.22893095016479492,1.1261305509495176,,,5,5
2017-12-02 00:00:00+00:00,,,0.20614272356033325,-3.0290492580173254,,,,,,,0.27073997259140015,-1.5722267203219706,,,0.4273815155029297,6.342753549345463,,,,,0.1937117576599121,2.7065457992005926,,,5,5
2017-12-02 06:00:00+00:00,,,0.1827634572982788,0.17420864139783115,,,,,,,0.09515500068664551,0.061707043894886376,,,0.40853893756866455,7.60819168753974,,,,,0.19695115089416504,0.9543864603266269,0.7274994850158691,0.6913642368787348,7,7
2017-12-02 12:00:00+00:00,,,0.2310817837715149,-1.2550622887539742,,,,,,,1.0,0.2479595944431168,,,0.4612884521484375,5.886948641610904,,,,,0.24405229091644287,0.7581206096305202,,,5,5
2017-12-02 18:00:00+00:00,,,0.3405630588531494,-1.0591016876495527,,,,,,,,,,,0.3353278636932373,5.9942974925741215,,,,,0.2120978832244873,1.7700306901082843,,,3,3
2017-12-03 00:00:00+00:00,,,0.2769404649734497,-2.3342907114229,,,,,,,,,,,0.39230310916900635,4.063237734996256,,,,,0.2079317569732666,1.5360691474913613,,,3,3
2017-12-03 06:00:00+00:00,,,0.3762672543525696,-24.234186125361127,,,,,,,,,,,0.42482995986938477,10.816645080702852,,,,,0.2544841766357422,1.2907278028198548,,,3,3
2017-12-03 12:00:00+00:00,,,0.2967684864997864,-3.6030090723640718,,,,,,,,,,,0.4347742795944214,6.555649449621655,,,,,0.22896862030029297,3.0287467176090828,,,3,3
2017-12-03 18:00:00+00:00,,,0.25784075260162354,-2.6241669629218842,,,,,,,,,,,0.3428936004638672,7.333673991188488,,,,,0.22527432441711426,1.4066614527172223,,,3,3
2017-12-04 00:00:00+00:00,,,0.24990254640579224,-1.1449629799332337,,,,,,,,,,,0.35867297649383545,6.499145737132183,,,,,0.22596955299377441,1.623544649744966,,,3,3
2017-12-04 06:00:00+00:00,,,0.26070523262023926,-1.5334096965149648,,,,,,,,,,,0.389001727104187,11.067442451785206,,,,,0.23185622692108154,3.858144910390288,,,3,3
2017-12-04 12:00:00+00:00,,,0.3057054877281189,-2.0096395236296947,,,,,,,,,,,0.32170844078063965,6.201418521105325,,,,,0.24309396743774414,1.41395627756955,,,3,3
2017-12-04 18:00:00+00:00,,,0.22369956970214844,-4.664152496946092,0.6175607442855835,-0.48821808677688994,,,,,,,,,,,,,,,0.2427767515182495,1.0640679993613429,,,3,3
2017-12-05 00:00:00+00:00,,,0.33562910556793213,-4.357604782685877,,,,,,,,,,,0.15222477912902832,1.078574953327762,0.364654541015625,11.447052714677834,,,0.15378379821777344,1.4216881492643534,,,4,4
2017-12-05 06:00:00+00:00,,,0.29424768686294556,-3.7418229358078148,,,,,,,,,,,0.3870433568954468,-1.2267264102451143,0.4665907621383667,7.948980730602955,,,0.24356985092163086,-8.586204336965132,,,5,5
2017-12-05 12:00:00+00:00,,,0.28811031579971313,-2.471770900591842,,,,,,,,,,,0.030111730098724365,-1.5182923547894704,0.3568068742752075,5.45775555769924,,,0.22269141674041748,1.5240103918728576,,,4,4
2017-12-05 18:00:00+00:00,,,0.2512040138244629,-3.8208065413169328,,,,,,,,,,,0.014802098274230957,0.46734165717305187,0.3534742593765259,2.945181699773322,,,0.19458401203155518,-24.579500698401407,0.19702643156051636,-0.6729456441567491,5,5
2017-12-06 00:00:00+00:00,,,0.26035022735595703,-1.6490125735797794,,,,,,,,,,,,,0.36354339122772217,6.193273077123594,,,0.22742486000061035,2.5059194412201915,0.1491013765335083,-0.30674220818104647,4,4
2017-12-06 06:00:00+00:00,,,0.3128201961517334,-5.691361962903185,,,,,,,,,,,0.5896716117858887,0.7104928046923844,0.31921112537384033,1.7463557347016956,,,0.20780742168426514,1.339407096297895,,,4,4
2017-12-06 12:00:00+00:00,,,0.3484352231025696,-2.7403170232451277,,,,,,,,,,,,,0.33462321758270264,4.743900553000589,,,0.20652008056640625,-7.42070088905216,0.4064749479293823,2.290386896648709,5,5
2017-12-06 18:00:00+00:00,,,0.371079683303833,-28.020961736104017,,,,,,,,,,,,,0.39402568340301514,3.8264754755936985,,,0.12967610359191895,1.0132918478001804,,,3,3
2017-12-07 00:00:00+00:00,,,0.29968106746673584,-28.85917745575482,,,,,,,,,,,,,0.4921332597732544,1.0605822557779006,,,0.17104899883270264,0.9236537907215038,,,3,3
2017-12-07 06:00:00+00:00,,,0.22682011127471924,-1.8847931720683135,,,,,,,,,,,,,0.548857569694519,0.7383893812318479,,,0.32339680194854736,20.797772008298114,,,3,3
2017-12-07 12:00:00+00:00,,,0.15919506549835205,-0.8381833144675613,,,0.031437814235687256,-0.6374293889356984,,,,,,,,,,,,,0.27569472789764404,16.88446784248635,,,3,3
2017-12-07 18:00:00+00:00,,,0.12366539239883423,-0.4098010464862669,,,0.13275033235549927,1.9301822957182453,,,,,,,,,,,,,0.2455204725265503,7.711015800578548,0.13591206073760986,-0.2724104408150396,4,4
2017-12-08 00:00:00+00:00,,,0.22644102573394775,-1.0464985511700313,,,0.4921976923942566,-1.7040090246282475,,,,,,,,,,,,,0.23979127407073975,18.51281275460331,0.26396191120147705,0.8377477925831742,4,4
2017-12-08 06:00:00+00:00,,,0.19082999229431152,-0.5006567303307262,,,0.41161036491394043,-2.323395693434603,,,,,,,,,,,,,0.22257590293884277,4.117671003132857,,,3,3
2017-12-08 12:00:00+00:00,,,0.27485376596450806,-1.590010657200326,,,0.23023170232772827,-10.588904160746583,,,,,,,0.40320682525634766,6.766329279911453,,,,,0.21909105777740479,3.9565636731274796,0.1310056447982788,-0.09861027915981127,5,5
2017-12-08 18:00:00+00:00,,,0.2710425853729248,-1.3220375635524215,0.3840155005455017,-0.5484829587485978,0.35745054483413696,-6.437713448131324,,,,,,,0.5253540277481079,13.085020351830083,,,,,0.1750330924987793,2.7175728455089465,,,5,5
2017-12-09 00:00:00+00:00,,,0.32026612758636475,-3.1630274412792776,,,0.3820151686668396,-6.3201194429936525,,,,,,,0.34973788261413574,6.1967409079467295,,,,,0.17388105392456055,8.62167815121791,,,5,4
2017-12-09 06:00:00+00:00,,,0.15530329942703247,-1.2068482408930188,0.5723078846931458,-0.7160713973663237,0.33677244186401367,-5.096253082328872,,,,,0.060359418392181396,0.13424949138498973,0.24219512939453125,2.8298308548609796,,,,,0.2135627269744873,12.772384203966096,,,6,6
2017-12-09 12:00:00+00:00,,,0.20334911346435547,-2.013951264929806,0.18109893798828125,-0.478803074051268,,,0.47836488485336304,-7.43263862917232,,,0.12215018272399902,1.8817379705448218,0.2823648452758789,1.1160625453044863,,,,,0.1811361312866211,-27.48090811912063,,,7,7
2017-12-09 18:00:00+00:00,,,0.2863427996635437,-1.9297607925691402,,,,,0.12847113609313965,-3.8494154673120775,,,0.0363735556602478,0.9000327700306823,0.031377315521240234,-0.8170700238648809,,,,,0.1831139326095581,5.41423908262735,,,7,6
2017-12-10 00:00:00+00:00,,,0.2243967056274414,-1.8983873352444278,,,,,0.11358469724655151,-4.228965490664552,,,0.2536652088165283,4.35478350595223,0.3264716863632202,-0.010767361007297409,0.28940629959106445,1.9755266413424057,,,0.14536559581756592,1.458921357369063,,,6,6
2017-12-10 06:00:00+00:00,,,0.13920146226882935,-0.8769578966087956,,,,,0.20094412565231323,-4.291895501429755,,,0.10328090190887451,3.371486217048211,0.06986194849014282,-0.1356580844508178,,,,,0.18511509895324707,6.304580601456544,,,5,5
2017-12-10 12:00:00+00:00,,,0.17425090074539185,-1.0903380131531317,,,,,0.2897074222564697,-8.084389930236435,,,0.1723792552947998,1.3844365707337234,,,,,,,0.16489005088806152,4.530082126644839,,,5,5
2017-12-10 18:00:00+00:00,,,0.30156058073043823,-3.4357224004598517,,,,,0.2614867687225342,-4.848717636468894,,,0.09840846061706543,2.6568771083609506,,,,,,,0.14782583713531494,11.141711214507149,,,5,5
2017-12-11 00:00:00+00:00,,,0.30004197359085083,-2.742865326507701,,,,,0.30092281103134155,-5.409302289438395,,,0.23464596271514893,1.545165882945403,,,,,,,0.16697144508361816,3.1697612368779815,,,6,6
2017-12-11 06:00:00+00:00,,,0.24846738576889038,-2.3715195417164177,,,,,0.160919189453125,-1.7545389090275985,,,0.21840524673461914,3.57255185094338,,,,,,,0.1597425937652588,1.9891068756201744,,,6,6
2017-12-11 12:00:00+00:00,,,0.24692624807357788,-0.5911802317591927,,,,,0.28777647018432617,-11.138907450739683,,,0.2868145704269409,11.43131243262936,,,,,,,0.187829852104187,2.204144241364623,,,6,6
2017-12-11 18:00:00+00:00,,,0.3864659070968628,-2.370963483152396,,,,,0.3545657992362976,-3.6354353240658277,,,0.31842076778411865,7.128851413452781,0.2649601697921753,0.8161380058628599,,,,,0.16638076305389404,3.4293197067642716,,,7,7
2017-12-12 00:00:00+00:00,,,0.34158045053482056,-3.2680773105893017,,,,,0.23052853345870972,-5.406630609377156,,,0.14602375030517578,0.9354514033628227,0.22163665294647217,1.4013623994669429,,,,,0.10842239856719971,-39.47747426453203,,,6,6
2017-12-12 06:00:00+00:00,,,0.20562779903411865,-2.2311773517171978,,,,,0.43507736921310425,-7.593750478592946,,,0.06365072727203369,-0.18222359279968392,0.1958390474319458,2.292704115022023,,,,,0.21577847003936768,1.347257914470905,,,6,6
2017-12-12 12:00:00+00:00,,,0.1960635781288147,-1.2009980680746475,,,,,0.38690274953842163,-16.26804127163726,,,0.08438265323638916,-0.06845232461668795,0.3130612373352051,3.869779080892821,,,,,0.1297905445098877,1.8450521840579126,,,6,6
2017-12-12 18:00:00+00:00,,,0.2270565629005432,-1.8647464887814533,,,,,0.4172777533531189,-12.89388380193904,,,0.2572587728500366,2.729003671943138,0.36398518085479736,6.049814330814223,,,,,0.1339726448059082,1.665980100821383,,,6,6
2017-12-13 00:00:00+00:00,,,0.22351610660552979,-3.293981716681385,,,,,0.3355504870414734,-6.492160932937125,,,0.055837154388427734,-0.22976876799271614,0.28224706649780273,20.66102277094362,,,,,0.13148188591003418,1.1712049681325238,,,6,6
2017-12-13 06:00:00+00:00,,,0.2409651279449463,-4.288114628943679,,,,,0.27867376804351807,-1.4717400708299193,,,0.3711721897125244,4.259258753725358,0.387597918510437,11.52839250863922,0.2533208131790161,1.2672054341526238,,,0.16571390628814697,1.4150941366195795,,,8,8
2017-12-13 12:00:00+00:00,,,0.24377787113189697,-9.74374688592372,,,,,0.20894169807434082,-8.611418197610252,0.05804353952407837,-0.7517196902464174,,,0.3302205801010132,13.97235627901097,0.14699864387512207,-0.31484130175408137,,,0.2128899097442627,2.036558189528811,,,7,7
2017-12-13 18:00:00+00:00,,,0.2492709755897522,-0.7376616092622957,,,,,,,0.1852206587791443,-0.5099566851536916,,,0.272291898727417,17.725001583930812,0.1778198480606079,0.3653039174164507,,,0.16916871070861816,1.2757395361894832,,,5,5
2017-12-14 00:00:00+00:00,,,0.1694522500038147,-0.5321509894029932,,,,,,,0.1359398365020752,-0.32686012318250995,,,0.28031957149505615,14.135564902512462,,,,,0.0822744369506836,1.693218527655858,,,5,5
2017-12-14 06:00:00+00:00,,,0.24017369747161865,-2.786199406480613,,,,,,,0.28710585832595825,-0.31611436114248664,,,0.3122272491455078,14.749537712702486,,,,,0.1526552438735962,0.6549932885425269,,,5,5
2017-12-14 12:00:00+00:00,,,0.2105146050453186,-1.0720667765446537,,,,,,,0.21138882637023926,-0.4598786475169559,,,0.27066850662231445,7.874750311097218,,,,,0.19169819355010986,1.6393649089629714,,,5,5
2017-12-14 18:00:00+00:00,,,0.2999541163444519,-36.572620865654365,,,,,,,,,,,0.3608839511871338,13.71922646890061,,,,,0.18314647674560547,1.4231282537187742,,,4,4
2017-12-15 00:00:00+00:00,,,0.20432114601135254,-2.9002662068479284,,,,,,,,,,,0.29145169258117676,6.309904535852484,,,,,0.165055513381958,1.4185908724559964,,,3,3
2017-12-15 06:00:00+00:00,,,0.2663063406944275,-1.6024196034042,,,,,,,,,,,0.29933106899261475,11.44398972439598,,,,,0.15463638305664062,0.9350637182708691,,,3,3
2017-12-15 12:00:00+00:00,,,0.1800578236579895,-2.1649361411309695,,,,,,,,,,,0.2802804708480835,13.841848872471777,,,,,0.12771379947662354,2.4767539681953337,,,3,3
2017-12-15 18:00:00+00:00,,,0.20555055141448975,-4.353728319289864,,,,,,,,,,,0.2544287443161011,6.097584803674937,,,,,0.10165154933929443,1.9291822448593727,,,3,3
2017-12-16 00:00:00+00:00,,,0.16396564245224,-2.9480764369076478,,,,,,,,,,,0.26752543449401855,14.722668467265528,,,,,0.10344505310058594,2.2895279067758305,0.11817598342895508,-0.9121564334002378,4,4
2017-12-16 06:00:00+00:00,,,0.10693371295928955,-1.3706886138309613,,,,,,,,,,,0.25454235076904297,5.631681117510026,,,,,0.1557549238204956,0.7849973801956535,,,3,3
2017-12-16 12:00:00+00:00,,,0.2194066047668457,-1.0834822598876956,,,,,,,,,,,0.16858267784118652,-0.37577120127076064,0.31395816802978516,6.750357411062252,,,0.15996325016021729,1.0365496949707238,,,5,5
2017-12-16 18:00:00+00:00,,,0.18212974071502686,-0.7093692543539426,,,,,,,,,0.3131866455078125,0.2474346230285381,0.42620670795440674,7.098147809896503,0.15488624572753906,4.454678494965471,,,0.0807572603225708,0.30097928186380407,,,6,6
2017-12-17 00:00:00+00:00,,,0.1296740174293518,-2.031648267577615,,,,,,,,,0.04236245155334473,0.03517257268255185,,,0.18002378940582275,1.1087168138303682,,,0.1168595552444458,1.1788511236830685,,,6,5
2017-12-17 06:00:00+00:00,,,0.24569439888000488,-5.005862089543955,,,,,,,,,0.39905786514282227,-1.9849127619782285,,,0.18963885307312012,3.880840816529062,,,0.22306406497955322,0.5679934850538431,,,4,4
2017-12-17 12:00:00+00:00,,,0.1737615466117859,-2.270339464882731,,,,,,,,,0.27986079454421997,-3.218573596017825,,,0.1909782886505127,0.8221001395972556,,,0.21431708335876465,0.5030909267567298,,,5,4
2017-12-17 18:00:00+00:00,,,0.1275830864906311,-4.172815233052386,,,,,,,,,0.45463383197784424,-1.6438600104195074,,,0.25338780879974365,4.133400089176797,,,0.14608192443847656,0.4428201150974951,,,4,4
2017-12-18 00:00:00+00:00,,,0.1928127408027649,-0.5624033662827364,,,,,,,,,0.3944588303565979,-1.4416704712448236,,,0.36019206047058105,0.9577363912228556,,,0.07937991619110107,-0.09465838887362948,,,4,4
2017-12-18 06:00:00+00:00,,,0.16105884313583374,-1.1182080169022608,,,,,,,,,0.39292508363723755,-4.200123023570682,,,0.19476735591888428,0.9659157753191515,,,0.2116626501083374,0.27484923945458883,,,4,4
2017-12-18 12:00:00+00:00,,,0.20902180671691895,-1.3113285687327356,,,,,,,,,0.45536720752716064,-6.019129745113642,,,0.22295153141021729,-1.0909708225455437,,,0.22407448291778564,0.1550409743145176,,,4,4
2017-12-18 18:00:00+00:00,,,0.15176677703857422,-0.786476570902207,,,,,,,,,0.44188326597213745,-5.390675212600474,,,,,,,0.1676117181777954,5.468280684537929,,,3,3
2017-12-19 00:00:00+00:00,,,0.17483609914779663,-0.8539248199670578,,,,,,,,,0.519500732421875,-8.592888571937651,,,,,,,0.17894220352172852,0.23848068817573434,,,3,3
2017-12-19 06:00:00+00:00,,,0.13075798749923706,-1.9464826406715028,,,,,,,,,0.5083520710468292,-11.652422674510097,,,,,,,0.17812025547027588,0.10851604108988176,0.1681758165359497,-0.16827659963933467,4,4
2017-12-19 12:00:00+00:00,,,0.24752020835876465,-1.3871225080894611,,,0.36815547943115234,-5.73881549364726,,,,,,,0.4889066219329834,-7.470083857392958,,,,,0.07158935070037842,1.2246777561501039,,,5,4
2017-12-19 18:00:00+00:00,,,0.21717166900634766,-0.8788413858051619,,,0.2323567271232605,-0.5775579593108997,,,,,,,0.5025794208049774,-22.265342427297174,,,,,0.05014312267303467,1.4719660398934085,0.17976582050323486,-0.25001611350517117,8,7
2017-12-20 00:00:00+00:00,,,0.12993520498275757,-0.7402558756832429,,,0.10523766279220581,-0.5931662988613513,,,,,,,0.3650869131088257,-3.751143354889941,,,,,0.09701621532440186,0.8444979394778033,0.16617131233215332,0.11993875158746838,6,6
2017-12-20 06:00:00+00:00,,,0.22832715511322021,-8.961781314357443,,,0.2512105703353882,-2.0516090842508676,,,,,,,0.58222696185112,-12.240555070788833,,,,,0.153395414352417,1.6484105460936669,,,7,6
2017-12-20 12:00:00+00:00,,,0.11254942417144775,-0.19716454697830574,,,0.18287122249603271,-1.441314746283349,0.27813535928726196,-9.240859885051735,,,,,0.4716449975967407,-9.549494792874176,,,,,0.21061205863952637,0.6240842469855917,,,5,5
2017-12-20 18:00:00+00:00,,,,,0.1845821738243103,-1.083196353977888,0.1860319972038269,-7.041308512143982,0.3489665985107422,-10.255151981302907,,,,,0.44468170404434204,-10.543281688133051,,,,,0.1726229190826416,0.8727048146595886,,,5,5
2017-12-21 00:00:00+00:00,,,,,0.18370813131332397,-2.2183349590234998,0.1334109902381897,-3.1913490906539717,0.3103017807006836,-11.818018887928556,,,,,0.365411639213562,-8.40473732883741,,,,,0.20367610454559326,0.6430557728536762,,,5,5
2017-12-21 06:00:00+00:00,0.5879203379154205,-2.01565094099805,,,0.2028760313987732,-1.4427562733334198,0.09349328279495239,-1.1284757580016647,0.3023809790611267,-6.2296270031371455,,,,,0.44527339935302734,-16.108040183599154,,,,,0.27668654918670654,2.86603472046255,,,6,6
2017-12-21 12:00:00+00:00,0.9048372507095337,1.3760762000450817,,,0.2128334641456604,-0.5107386798578635,0.19887465238571167,-2.935559798459482,0.23983657360076904,-6.987221114022458,,,,,0.49930042028427124,-8.025527506932018,,,,,0.23541367053985596,1.1660662026187907,,,6,6
2017-12-21 18:00:00+00:00,,,,,0.21066617965698242,-1.6156739663791755,0.2916780710220337,-5.213480533915523,0.3059653639793396,-9.576866586393098,,,,,0.4461449384689331,-16.344196006965788,,,,,0.11069679260253906,2.744040943439219,,,5,5
2017-12-22 00:00:00+00:00,0.8543111085891724,1.5464234709087763,,,0.19776731729507446,-0.1399779219478966,0.21554142236709595,-4.72591920470348,0.32173478603363037,-9.05974030441939,,,,,0.48510390520095825,-7.63126620646073,,,,,0.06592071056365967,0.03783213897438476,,,6,6
2017-12-22 06:00:00+00:00,0.22549736499786377,0.1773113570818057,,,0.07353901863098145,-0.2603931594593908,0.2804167866706848,-4.906111709460576,0.343305766582489,-10.164023365665654,,,,,0.4872515797615051,-14.30119525511375,,,,,0.17115604877471924,2.0588796600325416,,,6,6
2017-12-22 12:00:00+00:00,0.032073259353637695,-0.1681409031235611,,,0.24131131172180176,-0.7816433400767729,,,0.23634231090545654,-7.41778632914572,,,,,0.4341962933540344,-7.379438549010684,,,,,0.22296690940856934,5.542442246625994,,,6,6
2017-12-22 18:00:00+00:00,,,,,0.1111527681350708,-0.8805567301777522,0.17264622449874878,-4.14794088107358,0.26683342456817627,-5.433424624287946,,,,,0.5403113961219788,-5.259193240807908,,,,,0.1301189661026001,6.815894866356835,,,7,7
2017-12-23 00:00:00+00:00,,,,,0.01073908805847168,-0.594192952946542,,,0.27255481481552124,-9.624680042254784,,,,,0.43139249086380005,-15.957940602045747,,,,,0.1587996482849121,0.6340447175953784,,,5,5
2017-12-23 06:00:00+00:00,,,,,0.13804388046264648,0.6674838972697417,,,0.2512531280517578,-13.886377180172017,,,,,0.4586799144744873,-16.581215234888433,,,,,0.16933298110961914,4.412334838130333,,,4,4
2017-12-23 12:00:00+00:00,,,,,0.2485402226448059,-0.5462803745928124,,,0.2637844681739807,-15.024198681771677,,,,,0.32104575634002686,-6.625385135900411,,,,,0.03363144397735596,0.432916336313016,,,4,4
2017-12-23 18:00:00+00:00,,,0.2754237651824951,-7.950727457767225,0.45514559745788574,0.6235603296951382,,,,,,,,,0.2968871593475342,-18.00290284996091,,,,,,,0.16709625720977783,1.9972485935698114,4,4
2017-12-24 00:00:00+00:00,,,0.2117505669593811,-10.665855844074727,,,,,,,,,,,,,0.37608110904693604,-9.845793203887231,,,,,0.12108242511749268,0.10664015271668259,4,3
2017-12-24 06:00:00+00:00,,,0.297241747379303,-12.530570189148836,,,,,,,,,0.10152614116668701,-0.32205672672066243,,,0.5012404918670654,-9.504882674214677,,,,,0.23418593406677246,1.0598710184616063,4,4
2017-12-24 12:00:00+00:00,,,0.26991111040115356,-12.443967394661858,,,,,,,,,0.09190773963928223,0.6443084923156602,,,0.3475703001022339,-10.803581791088163,,,,,0.1605907678604126,2.0077417283402594,4,4
2017-12-24 18:00:00+00:00,,,0.18079698085784912,37.093539976782964,,,,,,,,,0.42059534788131714,-16.300951727375157,,,0.3970302939414978,-9.560546332952661,,,,,0.16674983501434326,2.231095975288977,4,4
2017-12-25 00:00:00+00:00,,,0.2834293246269226,-12.701381383141957,,,,,,,,,0.3031196594238281,4.3873721538166075,,,0.30991071462631226,-8.464636860129069,,,,,0.33170878887176514,1.241279091521786,4,4
2017-12-25 06:00:00+00:00,,,0.27171820402145386,-9.255563911542923,,,,,,,,,0.0077980756759643555,-20.393178848712722,,,0.1976493000984192,-5.615225392039244,,,,,0.08247780799865723,0.09401946388028666,4,4
2017-12-25 12:00:00+00:00,,,0.23286044597625732,-10.90502101896421,,,,,,,,,0.2153794765472412,2.3858607908464826,,,0.2060953974723816,-11.167291261931965,,,,,0.02755892276763916,0.11740075089330675,4,4
2017-12-25 18:00:00+00:00,,,0.22932809591293335,-7.183806855256813,,,,,,,,,0.14860045909881592,0.999645709368571,,,0.2741739749908447,-7.50737679867773,,,,,0.1887071132659912,0.344254157415789,5,5
2017-12-26 00:00:00+00:00,,,0.2013126015663147,6.241881267038521,,,,,,,,,0.1901097297668457,3.1696997435298804,,,0.3589526414871216,-4.714668948362305,,,,,0.08478569984436035,0.3951482770667515,5,5
2017-12-26 06:00:00+00:00,,,0.21483933925628662,-4.324606242089329,,,,,,,,,0.25418341159820557,5.935219684520491,,,0.2922731041908264,-3.0605427977164896,,,,,0.07328087091445923,0.06271233311835739,5,5
2017-12-26 12:00:00+00:00,,,0.2279013991355896,-9.43183605883266,,,,,,,,,0.2189483642578125,7.88454830284125,,,0.2546151876449585,-4.380829653363411,,,,,0.17880964279174805,0.4054824049590393,4,4
2017-12-26 18:00:00+00:00,,,0.2188880443572998,-11.423087962942816,,,,,,,,,,,,,0.16682922840118408,0.02156810253553015,0.12341272830963135,4.207038527908936,,,0.10609960556030273,0.196940209633264,4,4
2017-12-27 00:00:00+00:00,,,0.15679055452346802,-0.5095921659244991,,,,,,,,,,,,,0.09035474061965942,-0.6213344239324244,0.19284749031066895,10.930795516279131,,,,,3,3
2017-12-27 06:00:00+00:00,,,0.2033754587173462,-2.2645121762678806,,,,,,,0.2346717119216919,-2.8863335675151536,,,,,0.46559369564056396,0.572457958705821,0.16984832286834717,7.228761747645446,,,,,4,4
2017-12-27 12:00:00+00:00,,,0.18132394552230835,-4.233932275878638,,,,,,,0.1778084635734558,-1.7031991694168083,,,,,,,0.14859437942504883,3.8982254700248897,,,,,3,3
2017-12-27 18:00:00+00:00,,,0.23601585626602173,-5.03350123541419,,,,,,,0.04202991724014282,0.22775220699040633,,,,,,,0.12714529037475586,14.920615881650427,,,,,3,3
2017-12-28 00:00:00+00:00,,,0.15693265199661255,-2.1073655136708203,,,,,,,0.0810236930847168,-2.087851089391926,,,,,,,,,0.16164743900299072,3.522164087292737,0.1272631287574768,-0.34699947367976325,4,4
2017-12-28 06:00:00+00:00,,,0.15841954946517944,-4.414504805788985,,,,,,,0.3617057800292969,0.1431759008860088,,,,,,,,,0.15792250633239746,5.644821977100486,0.006266951560974121,0.43589075057999965,5,5
2017-12-28 12:00:00+00:00,,,0.18099474906921387,-2.4297202704760754,,,,,,,,,,,0.26567554473876953,7.5724412456441526,,,,,0.09291243553161621,-7.986129435241836,0.186667799949646,0.010564132805272224,4,4
2017-12-28 18:00:00+00:00,,,0.1966215968132019,-3.8117723567338118,,,,,,,,,,,0.3147861957550049,13.143991299012521,,,,,0.09997010231018066,1.8502383240715061,0.15912258625030518,1.297814057078803,4,4
2017-12-29 00:00:00+00:00,,,0.17757290601730347,-9.623399293045377,,,,,,,,,,,0.33252108097076416,9.091933608049457,,,,,0.07875931262969971,0.3786496422249432,0.16127431392669678,1.252280780521137,4,4
2017-12-29 06:00:00+00:00,,,0.1761099100112915,-1.919331894598576,,,,,,,,,,,0.29011809825897217,0.1141250099151713,,,,,0.15784919261932373,8.016537429300277,,,3,3
2017-12-29 12:00:00+00:00,,,0.176486074924469,-7.606864016944358,,,,,,,,,,,0.4217357635498047,9.949622112567353,,,,,0.10762739181518555,1.083477050793253,,,3,3
2017-12-29 18:00:00+00:00,,,0.19155001640319824,-2.4713313904155676,,,,,,,,,,,0.1802736520767212,-0.4238190993278824,,,,,0.18455278873443604,12.161688513919225,,,3,3
2017-12-30 00:00:00+00:00,,,0.16966897249221802,-2.376696238830552,,,,,,,0.04947847127914429,-0.29776595339209133,,,0.040039002895355225,-0.579872253375879,,,,,0.15722084045410156,3.3985740349034397,,,4,4
2017-12-30 06:00:00+00:00,,,0.15894359350204468,21.719187877578,,,,,,,0.0319446325302124,0.10151763279149767,,,,,,,,,0.19304406642913818,5.394139382043982,,,3,3
2017-12-30 12:00:00+00:00,,,0.2134067416191101,-2.9757328342737863,0.40887540578842163,-1.3444723157346183,,,,,0.3189420700073242,0.4714069143629894,,,0.26162970066070557,9.338812513690112,,,,,0.14744293689727783,1.5584137509223999,,,5,5
2017-12-30 18:00:00+00:00,,,0.16941726207733154,15.309438885320828,,,,,,,,,,,0.3005380630493164,8.714221410799551,,,,,0.08665931224822998,0.8888657823366868,,,4,4
2017-12-31 00:00:00+00:00,,,0.158707857131958,-1.8076645702477645,,,,,,,,,,,,,,,,,0.18099331855773926,7.114089027969373,,,4,2
2017-12-31 06:00:00+00:00,,,0.1448214054107666,23.11329832352275,,,,,,,,,,,0.28197407722473145,6.890318650905189,,,,,0.16190111637115479,1.1924688426856462,,,4,4
2017-12-31 12:00:00+00:00,,,0.21852904558181763,-3.633026444937451,,,,,,,,,,,0.21780061721801758,3.4313555079657214,,,,,0.17929494380950928,5.696197872825618,,,4,4
2017-12-31 18:00:00+00:00,,,0.1796703338623047,-2.776414273387555,,,,,,,,,0.0016123056411743164,0.677586015577573,,,,,,,0.17653489112854004,6.636144631710957,,,4,3
