timestamp,R2_1_1,skew_1_1,R2_1_2,skew_1_2,R2_1_3,skew_1_3,R2_2_1,skew_2_1,R2_2_2,skew_2_2,R2_2_3,skew_2_3,R2_3_1,skew_3_1,R2_3_2,skew_3_2,R2_3_3,skew_3_3,R2_4_1,skew_4_1,R2_4_2,skew_4_2,R2_4_3,skew_4_3,n_ch_total,n_ch_kept
2016-01-01 00:00:00+00:00,,,0.17677193880081177,-5.643411570385418,,,0.4586451053619385,9.34306973460224,,,,,,,0.12247204780578613,6.891947498999339,,,,,,,,,3,3
2016-01-01 06:00:00+00:00,,,0.17733031511306763,-2.6030866593208932,,,0.49277424812316895,10.3650102833802,,,,,,,0.1487443447113037,11.821066285572785,,,,,,,,,3,3
2016-01-01 12:00:00+00:00,,,0.1817570924758911,-3.041764954513042,,,0.5123144388198853,9.131135575445752,,,,,0.7993842363357544,-4.465540866232911,,,,,,,0.13364899158477783,7.630621293386112,,,4,4
2016-01-01 18:00:00+00:00,,,0.14258050918579102,-2.2467319237787757,,,,,0.5000936985015869,9.224140867592766,,,0.11136555671691895,0.5396182985764983,,,,,,,0.17519116401672363,8.174529777318169,,,4,4
2016-01-02 00:00:00+00:00,,,0.13264858722686768,-3.304541096130163,,,,,0.504462718963623,9.72372778848086,,,0.10233020782470703,0.8092309036169488,,,,,,,0.13409197330474854,4.719029309316035,,,4,4
2016-01-02 06:00:00+00:00,,,0.20552444458007812,-4.653407689371789,,,,,0.5783363580703735,11.40509892449172,,,0.32895320653915405,-13.707941694615583,,,,,,,0.16499602794647217,7.41797674366971,,,4,4
2016-01-02 12:00:00+00:00,,,0.06329953670501709,-0.9711959555826603,,,,,0.539024829864502,11.457117354428597,,,0.45612144470214844,-12.114377882051887,,,,,,,0.15052711963653564,7.643389937228947,,,4,4
2016-01-02 18:00:00+00:00,,,0.19004815816879272,-2.013203115396886,,,,,0.5349655151367188,10.364648288965059,,,0.09462428092956543,-0.29275603574356646,,,,,,,0.1368957757949829,3.3425617672524943,,,4,4
2016-01-03 00:00:00+00:00,,,,,0.15527641773223877,-1.7527622539312677,,,0.5286377668380737,10.914332349336163,,,0.08505403995513916,-0.2803217396496601,,,,,,,0.13025498390197754,3.990758417269934,,,4,4
2016-01-03 06:00:00+00:00,,,,,0.1573086977005005,-2.7143312731948366,,,0.5354727506637573,10.135210266793692,,,0.09987515211105347,-0.6351510365697901,,,,,,,0.15395665168762207,5.024941569569397,,,4,4
2016-01-03 12:00:00+00:00,,,,,0.10758364200592041,-1.400992927973854,,,0.5338836908340454,10.206782995636484,,,0.241593599319458,0.22838541667976847,,,,,,,0.1488562822341919,3.7669776858236617,,,5,4
2016-01-03 18:00:00+00:00,,,,,0.0851011872291565,-2.195150636115544,,,0.5637891292572021,12.452641114600386,,,0.05443698167800903,-0.6730025978742185,,,,,,,0.15350711345672607,4.580364900383475,,,4,4
2016-01-04 00:00:00+00:00,,,,,0.17413073778152466,-1.0834993053491853,,,0.5358889102935791,11.370077394700077,,,0.07580029964447021,0.3038035817029331,0.13697457313537598,4.485697040009284,,,0.09372127056121826,-0.3003859038379629,,,0.11663699150085449,-0.1046626921913003,7,7
2016-01-04 06:00:00+00:00,,,,,0.08714532852172852,-0.037257016314000906,,,0.5645451545715332,10.105257166340671,,,,,0.1438685655593872,4.734000355198609,,,,,,,,,4,4
2016-01-04 12:00:00+00:00,,,,,0.13596248626708984,-0.4725662578530811,,,0.5596052408218384,11.70159987933796,,,0.315887987613678,-0.2376081527247007,,,,,,,0.14826571941375732,5.179960660633944,0.3614804744720459,-1.212318066300086,6,6
2016-01-05 00:00:00+00:00,,,,,0.18705177307128906,0.15422343323657373,,,0.5292153358459473,10.350818710268626,,,,,,,0.019811391830444336,-0.32205482661063095,0.22955763339996338,0.15145690353509403,0.15737271308898926,5.265586262441552,,,5,5
2016-01-05 06:00:00+00:00,,,,,0.0013450384140014648,-0.18571892289846767,,,0.52159583568573,9.621396814091655,,,,,,,0.06472432613372803,0.47271634958790887,,,0.16002881526947021,7.329130656399223,,,6,5
2016-01-05 12:00:00+00:00,,,,,0.18922102451324463,-0.2552944900386327,,,0.5251513719558716,6.495473646454237,,,,,0.17067837715148926,5.152021407129949,0.16515779495239258,0.18988418823633668,0.31245720386505127,1.4968400078160842,,,,,7,6
2016-01-05 18:00:00+00:00,,,,,0.01886075735092163,-0.11422591149315772,,,0.4859657287597656,9.755200465638943,,,,,0.14856505393981934,7.080668396241309,0.07497882843017578,0.03640745935987507,0.27616703510284424,0.5579383583156706,0.27205491065979004,-0.7219636055619206,,,9,7
2016-01-06 00:00:00+00:00,0.7295405864715576,-0.4302754778975399,,,0.24614566564559937,0.570976795681943,,,0.5514215230941772,9.714837464354837,,,0.0906379222869873,-0.21101609521866416,,,0.2640559673309326,0.704711373947289,,,0.0859951376914978,0.2609783455451672,0.12993967533111572,4.340343606179536,10,9
2016-01-06 06:00:00+00:00,0.2010778784751892,-0.027399446655790707,,,0.3909234404563904,-0.1802114567567268,,,,,0.5381547212600708,7.655900861038707,0.16198420524597168,0.0022408600106855934,,,0.1495962142944336,2.8232449804643127,,,0.062291502952575684,0.5101302590497276,,,11,9
2016-01-06 12:00:00+00:00,,,0.7435387074947357,-0.13025774071844454,0.3283534646034241,-1.3217763283949284,,,,,0.5068436861038208,11.664925135277434,0.3323294520378113,-1.2137937148823108,,,0.11920595169067383,5.535301131340013,,,0.19790315628051758,0.1137830314430708,0.10996878147125244,0.06052741235299277,13,10
2016-01-07 00:00:00+00:00,0.01800215244293213,-0.5015016314282954,0.1936342716217041,-0.25408350549523434,0.14569097757339478,0.8606483261818874,,,,,0.46134793758392334,7.904472037004833,0.376018226146698,-4.069014975291172,,,0.17683303356170654,1.7728681764242085,,,0.024425148963928223,0.6738416436617617,,,8,8
2016-01-07 06:00:00+00:00,0.19530868530273438,-2.5314153211867993,0.18280065059661865,-0.3189779278676012,,,,,,,0.135536789894104,2.377798148593029,0.3266826868057251,-4.943629457037858,,,0.1636066436767578,5.8762554239046265,,,0.09539532661437988,0.4346233533440538,0.10451650619506836,0.4897143465628644,10,9
2016-01-07 12:00:00+00:00,0.2538747787475586,0.29102677135276306,,,,,,,,,0.37462544441223145,0.7863586522390419,0.3148929476737976,-8.001892825835183,,,0.12326920032501221,8.15611824120754,,,0.05642902851104736,0.052695128471995804,,,7,6
2016-01-07 18:00:00+00:00,0.6872517466545105,-8.252553061767093,,,,,,,,,,,0.4779117703437805,-6.3269585653444045,,,,,,,0.23116648197174072,3.5061815471086497,0.08678781986236572,0.6730664879799856,4,4
2016-01-08 00:00:00+00:00,0.004574716091156006,0.13955313468599218,,,,,,,,,,,0.5008581578731537,-13.743955668459089,,,0.10503602027893066,0.9086234441672812,,,,,0.07490134239196777,-0.42037986058200577,4,4
2016-01-08 06:00:00+00:00,0.24006855487823486,-0.27443582601677474,,,,,,,,,,,,,0.5006897747516632,-6.9242996620669315,,,,,,,0.10118758678436279,0.2531700311597034,3,3
2016-01-08 12:00:00+00:00,0.14613211154937744,-0.18053009379418145,,,,,,,,,,,,,0.5112946331501007,-16.856893073419503,,,,,,,0.1680222749710083,3.122973737267724,4,3
2016-01-08 18:00:00+00:00,0.37091004848480225,-14.752941827734372,,,,,,,,,,,,,0.4379056692123413,-7.295442595391589,0.05974078178405762,0.1689528047028293,,,,,0.16603970527648926,0.4162642563561064,6,5
2016-01-09 00:00:00+00:00,0.24418872594833374,-2.605952073090772,,,,,,,,,,,,,0.306175172328949,-7.378421737244557,0.05224001407623291,0.16015684027087293,,,,,0.17633938789367676,0.12505437660930357,5,5
2016-01-09 06:00:00+00:00,0.00941002368927002,5.821526134315145,,,,,,,,,,,,,0.18021470308303833,-2.6496064031459694,0.059108734130859375,0.1989788755275649,,,,,0.25386834144592285,0.18976143697572548,4,4
2016-01-09 12:00:00+00:00,0.1976885199546814,-0.6721222323199713,,,,,,,,,,,,,0.32362818717956543,-7.368570098176594,0.09106326103210449,-0.47724227344180803,,,,,0.360353946685791,-0.4540056013378948,4,4
2016-01-09 18:00:00+00:00,0.1306394338607788,-0.4024977681345654,,,,,,,,,,,,,0.26391851902008057,-2.2255509920787384,,,,,,,0.0236966609954834,-0.4731052053212301,3,3
2016-01-10 00:00:00+00:00,,,0.16966021060943604,-1.425224392155037,,,,,,,,,,,0.39053618907928467,-5.417609494326563,,,,,,,0.09919744729995728,-0.04661232707488837,3,3
2016-01-10 06:00:00+00:00,,,0.283602774143219,-1.32598869564766,,,,,,,,,,,0.18818151950836182,-2.4362464820704375,,,,,,,,,3,3
2016-01-10 12:00:00+00:00,,,0.1645403504371643,-1.3558629831405256,,,,,,,,,,,0.3922429084777832,-3.611640447231028,,,,,,,,,3,3
2016-01-10 18:00:00+00:00,,,0.16316092014312744,-1.1540904775614516,,,,,,,,,,,0.4866368770599365,-3.5859965468440547,,,,,,,,,3,3
2016-01-11 00:00:00+00:00,,,0.16504085063934326,-2.4617246567386704,,,,,,,,,,,0.649707555770874,-6.849871578139862,,,,,,,,,2,2
2016-01-11 06:00:00+00:00,,,0.1874939203262329,-1.0017713835839102,,,,,,,,,,,,,,,,,,,,,1,1
2016-01-11 12:00:00+00:00,,,0.12868869304656982,-1.9388191734695384,,,,,,,,,,,,,,,,,,,,,1,1
2016-01-11 18:00:00+00:00,,,0.27205991744995117,-25.362389588126828,,,,,,,,,,,,,,,,,,,,,1,1
2016-01-12 00:00:00+00:00,,,0.1933193802833557,-2.6427685445146025,,,,,,,,,,,,,,,,,,,,,1,1
2016-01-12 06:00:00+00:00,,,0.3413403630256653,-33.653790146508584,,,,,,,,,,,,,,,,,,,,,1,1
2016-01-12 12:00:00+00:00,,,0.22459083795547485,-2.836722086629005,,,,,,,,,,,,,,,,,,,,,1,1
2016-01-12 18:00:00+00:00,,,0.4629584550857544,-29.8223116307379,,,,,,,,,,,,,,,,,,,,,1,1
2016-01-13 00:00:00+00:00,,,0.4718620181083679,-23.143343436009307,,,,,,,,,,,,,,,,,,,,,1,1
2016-01-13 06:00:00+00:00,,,0.34611600637435913,-29.140587114998866,,,,,,,,,,,,,,,,,,,,,1,1
2016-01-13 12:00:00+00:00,,,0.09832102060317993,-0.5310980975082036,,,,,,,,,,,,,,,,,,,,,1,1
2016-01-14 00:00:00+00:00,,,0.4287909269332886,-22.7684036984696,,,,,,,,,,,,,,,,,,,,,1,1
2016-01-14 06:00:00+00:00,,,0.3174821734428406,-29.92807142651897,,,,,,,,,,,,,,,,,,,,,1,1
2016-01-14 12:00:00+00:00,,,0.10380822420120239,-0.9633680264706324,,,,,,,,,,,,,,,,,,,,,1,1
2016-01-14 18:00:00+00:00,,,0.22963815927505493,-29.434756303221214,,,,,,,,,,,,,,,,,,,,,1,1
2016-01-15 00:00:00+00:00,,,0.1872662901878357,-32.08583717702509,,,,,,,,,,,,,,,,,,,,,1,1
2016-01-15 06:00:00+00:00,0.14133495092391968,-4.647648296020533,,,,,,,,,,,,,,,,,,,,,,,1,1
2016-01-15 12:00:00+00:00,0.290529727935791,-40.832957195198055,,,,,,,,,,,,,,,,,,,,,,,1,1
2016-01-15 18:00:00+00:00,0.25472187995910645,-40.0602051214039,,,,,,,,,,,,,,,,,,,,,,,1,1
2016-01-16 00:00:00+00:00,0.12800371646881104,-0.6992518732248652,,,,,,,,,,,,,,,,,,,,,,,1,1
2016-01-16 06:00:00+00:00,0.1494126319885254,-2.020980781139932,,,,,,,,,,,,,,,,,,,,,,,1,1
2016-01-16 12:00:00+00:00,0.1795574426651001,-1.221209870285049,,,,,,,,,,,,,,,,,,,,,,,1,1
2016-01-16 18:00:00+00:00,0.25886523723602295,-41.8850868055071,,,,,,,0.6548788249492645,-4.530612342914766,,,,,,,,,,,,,,,2,2
2016-01-17 00:00:00+00:00,,,0.25773364305496216,-13.266707224824676,,,,,0.7042070031166077,-3.0190401919544736,,,,,,,,,,,,,,,2,2
2016-01-17 06:00:00+00:00,,,0.2433949112892151,-3.8881384353871256,,,,,0.8294021189212799,-6.835288022889166,,,0.16030371189117432,-0.03809900271213736,,,,,,,,,,,3,3
2016-01-17 12:00:00+00:00,,,0.26576441526412964,-8.888572425145695,,,,,0.639307051897049,-4.7924606399207175,,,0.24093222618103027,0.34904419613416415,,,,,,,,,,,3,3
2016-01-17 18:00:00+00:00,,,0.22379595041275024,-3.18267814009377,,,,,0.5700340569019318,-5.639902724904494,,,0.04999494552612305,1.4892589536133325,,,,,,,,,,,3,3
2016-01-18 00:00:00+00:00,,,0.21365797519683838,-3.6784579457813087,,,,,0.5135385692119598,-5.215364708029365,,,0.0913081169128418,0.44118761310230264,,,,,,,,,,,3,3
2016-01-18 06:00:00+00:00,,,0.24604123830795288,-5.995091016120382,,,,,0.5408583581447601,-4.611775673546442,,,0.10623621940612793,0.2958529570230089,,,,,,,,,,,3,3
2016-01-18 12:00:00+00:00,,,0.2373754382133484,-6.284940835843733,,,,,0.5296392142772675,-5.456909811310018,,,0.21125376224517822,2.2045050873091645,,,,,,,,,,,3,3
2016-01-18 18:00:00+00:00,,,0.2086026668548584,-4.927475996132674,,,,,0.36644381284713745,-1.4806371625117887,,,0.09627079963684082,1.2099547332694192,,,,,,,,,,,3,3
2016-01-19 00:00:00+00:00,,,0.2134520411491394,-8.431499050916184,,,,,0.6673616766929626,-3.6542380497614584,,,0.048349976539611816,0.7576779227861721,,,,,,,,,,,3,3
2016-01-19 06:00:00+00:00,,,0.22786861658096313,31.919923170378745,,,,,0.607605904340744,-7.809399357152737,,,0.11288487911224365,0.7884712878134238,,,,,,,,,,,3,3
2016-01-19 12:00:00+00:00,,,0.23448318243026733,-3.7346229751637106,,,,,0.6300117373466492,-4.612372924502665,,,0.11816394329071045,1.741032697639374,,,,,,,,,,,3,3
2016-01-19 18:00:00+00:00,,,0.2567253112792969,-7.342121283310331,,,,,0.6342206597328186,-10.057196227045244,,,0.18650925159454346,7.820918009567179,,,,,,,,,,,3,3
2016-01-20 00:00:00+00:00,,,0.2505553960800171,-20.87577436307408,,,,,,,0.8547461330890656,-8.699822979656732,0.16280055046081543,6.198055560611717,,,,,,,,,,,3,3
2016-01-20 06:00:00+00:00,,,0.20032453536987305,34.588899069262304,,,,,,,,,0.1853199005126953,13.3876703140478,,,,,,,,,,,2,2
2016-01-20 12:00:00+00:00,,,0.27069616317749023,-11.744995548870545,,,,,,,,,0.19269144535064697,11.982103409899418,,,,,,,,,,,2,2
2016-01-21 00:00:00+00:00,,,0.25416433811187744,-6.260645532494119,,,,,,,,,0.22886991500854492,3.6122942779141027,,,,,,,,,,,2,2
2016-01-21 06:00:00+00:00,,,0.3160373568534851,-3.270013538102144,,,,,,,,,,,0.25330448150634766,7.141291260810602,,,0.029135465621948242,-0.12517630258150061,,,,,3,3
2016-01-21 12:00:00+00:00,,,0.27180230617523193,-7.497343810859176,,,,,,,,,,,0.239327073097229,5.355124045498618,,,0.017996668815612793,0.17794158885236758,,,,,4,4
2016-01-21 18:00:00+00:00,0.43312811851501465,0.20955881478171773,0.20606988668441772,-6.7959327300322885,,,,,,,,,,,0.25590622425079346,3.204083434332438,,,0.028757452964782715,0.5623559812078939,,,,,5,5
2016-01-22 00:00:00+00:00,,,0.22371900081634521,-4.301563585133743,,,,,,,,,,,0.2653970718383789,7.0400021529088646,,,0.04760873317718506,0.055374376389407155,,,,,5,4
2016-01-22 06:00:00+00:00,,,0.22910577058792114,-4.6711400642513885,0.0022696256637573242,1.5905202174550372,,,,,,,,,0.29996681213378906,11.157560707132868,,,0.3118889331817627,-0.39663545378488013,,,,,5,5
2016-01-22 12:00:00+00:00,,,0.16118478775024414,-1.7226919697509548,0.23413300514221191,0.45846864450165725,,,,,,,,,0.3150233030319214,6.566771242087291,,,0.14668571949005127,0.13795335482662263,,,,,6,6
2016-01-22 18:00:00+00:00,,,,,0.20791596174240112,-3.5988547289454815,,,,,,,,,0.33989667892456055,9.40226002947709,,,0.5112216472625732,-0.7135960985558889,,,,,4,4
2016-01-23 00:00:00+00:00,,,,,0.21820569038391113,-3.4596448811127654,,,,,,,0.6385318040847778,1.1061472762740168,0.3631070852279663,9.801553016170653,,,0.29563069343566895,-0.16400727344408053,,,,,5,4
2016-01-23 06:00:00+00:00,,,,,0.15507012605667114,-1.1726006857269349,,,,,,,0.4987531900405884,4.364328055215938,0.22286593914031982,6.722768363367852,,,0.0466383695602417,0.2004015170496521,,,,,4,4
2016-01-23 12:00:00+00:00,,,,,0.23038554191589355,-0.8302968854614801,,,,,,,0.32878994941711426,6.932264196080377,0.315254807472229,10.498206514382554,,,0.07685935497283936,0.1831492351977984,,,,,4,4
2016-01-23 18:00:00+00:00,,,0.15671533346176147,-0.43584024414269273,,,,,,,,,0.40881049633026123,7.502024515196886,0.30749213695526123,8.538426950953651,,,0.2720487117767334,0.1040194054792812,,,,,4,4
2016-01-24 00:00:00+00:00,,,0.045973777770996094,29.693786860743057,,,,,,,,,0.2886008024215698,7.852527179165622,0.13972032070159912,2.716639817886618,,,0.07314980030059814,-0.5025011219230181,,,,,5,5
2016-01-24 06:00:00+00:00,,,0.24970686435699463,-27.45328766203551,,,,,,,,,0.26099586486816406,5.0309662560038015,0.2202129364013672,3.3197086796105837,,,0.5514518320560455,0.0056198866499723695,,,,,4,4
2016-01-24 12:00:00+00:00,,,0.22122669219970703,-1.384060092521442,,,,,,,,,,,0.24263715744018555,8.753573532584431,,,,,,,,,3,3
2016-01-24 18:00:00+00:00,,,0.3548520803451538,-33.894180408696464,,,,,,,,,,,0.21679937839508057,3.9057904618232904,,,,,,,,,3,3
2016-01-25 00:00:00+00:00,,,0.35024935007095337,-43.857877831099465,0.03774517774581909,0.2281541185532997,,,,,,,,,0.3066214323043823,3.4406309192063715,,,,,0.18598413467407227,4.705617201948909,,,4,4
2016-01-25 06:00:00+00:00,,,0.2601799964904785,-11.68170482420213,0.4242100715637207,0.37542214986604683,,,,,,,,,0.1940906047821045,0.0011883640925365513,,,,,0.20369470119476318,4.734616627595088,,,5,4
2016-01-25 12:00:00+00:00,,,0.32181113958358765,-27.506104849576293,,,,,,,,,,,0.2266244888305664,0.794772059794957,0.2474827766418457,1.6817308976172938,,,0.19470155239105225,7.936573936881262,,,5,4
2016-01-25 18:00:00+00:00,,,0.28680169582366943,-47.77275782336118,0.3624911308288574,-0.9286401216185989,0.1726192831993103,0.5246944635644943,,,,,,,0.09633290767669678,0.0589040505777909,0.4899628162384033,1.961044541820564,,,0.18391048908233643,5.815993054249502,,,6,6
2016-01-26 00:00:00+00:00,,,0.0946035385131836,45.20795811177667,,,0.2963443994522095,1.766948579023623,,,,,,,,,0.13077974319458008,0.5862930954435902,,,0.21803343296051025,5.74826696259787,,,5,4
2016-01-26 06:00:00+00:00,,,0.2661464810371399,-1.2438094341525587,,,0.4828435182571411,6.70335372101165,,,,,,,,,0.4103754758834839,4.752038646469921,,,0.19753360748291016,6.371838600019873,,,4,4
2016-01-26 12:00:00+00:00,,,0.29370254278182983,-3.243062098040929,,,0.4243645668029785,5.085923060913382,,,,,,,,,0.13236558437347412,0.893708779438139,,,0.24488723278045654,11.793724730984087,,,4,4
2016-01-26 18:00:00+00:00,,,0.19227951765060425,33.70180255363288,,,0.4550056457519531,2.737062634791177,,,,,,,,,0.1892791986465454,2.332019365095152,,,0.19984030723571777,8.182004797999815,,,4,4
2016-01-27 00:00:00+00:00,,,0.20595192909240723,-31.17113753350967,,,0.4934755563735962,3.6640864616162916,,,,,,,,,,,,,0.2236626148223877,17.321526486354266,,,3,3
2016-01-27 06:00:00+00:00,,,0.3026668429374695,-7.662858367036474,,,0.5507551431655884,4.651873933525209,,,,,,,,,,,,,0.20680153369903564,8.64304526096147,,,3,3
2016-01-27 12:00:00+00:00,,,0.3069949150085449,-1.8270771664040957,,,0.4212663173675537,3.4064601068506106,,,,,,,,,,,,,0.215082049369812,8.294067704369198,,,3,3
2016-01-27 18:00:00+00:00,,,0.29824668169021606,-3.740162923956719,,,0.07467514276504517,0.007337400062541599,,,,,,,,,,,,,0.1780834197998047,4.382751976829146,,,3,3
2016-01-28 00:00:00+00:00,,,0.2543160915374756,-1.7717527253205716,,,0.4062412977218628,4.25855973722641,,,,,,,,,,,,,0.19867956638336182,5.463191468757952,,,3,3
2016-01-28 06:00:00+00:00,,,0.4257620573043823,-42.01142821097386,,,0.5813196897506714,5.508821904359346,,,,,,,,,,,,,0.19524097442626953,9.621647562312875,,,3,3
2016-01-28 12:00:00+00:00,,,0.33835816383361816,-49.83375718573422,,,,,,,,,,,,,0.02567899227142334,-0.04671205184955662,,,0.1339731216430664,2.298310454051462,,,3,3
2016-01-28 18:00:00+00:00,,,0.2863397002220154,-26.937250081947756,,,0.3007429838180542,5.834279258539142,,,,,,,,,0.08562695980072021,-0.39864188368875764,,,0.1864250898361206,5.267521857013468,,,4,4
2016-01-29 00:00:00+00:00,,,0.3051295876502991,-52.15525105708824,,,,,0.28167200088500977,0.7599497594739781,,,,,,,0.04120415449142456,-0.31755409017842556,,,0.16968822479248047,6.654558920975444,,,4,4
2016-01-29 06:00:00+00:00,,,0.3291547894477844,-37.95095244335817,,,,,0.42058873176574707,5.120562402458324,,,,,,,,,,,0.20496785640716553,4.832372657103679,,,3,3
2016-01-29 12:00:00+00:00,,,0.36884403228759766,-39.48804486111284,,,,,0.2883336544036865,6.695958611914042,,,,,,,,,,,0.21582305431365967,4.5325707618469755,,,3,3
2016-01-29 18:00:00+00:00,,,0.24756813049316406,-4.095622738283121,,,,,0.325677752494812,2.9777303942040825,,,,,,,,,,,0.19754958152770996,7.3211217891510945,,,3,3
2016-01-30 00:00:00+00:00,,,0.4083632230758667,-44.47584647898368,,,,,0.21837198734283447,5.968584739978916,,,,,,,,,,,0.22205662727355957,8.31001241984473,,,3,3
2016-01-30 06:00:00+00:00,,,0.29252439737319946,-5.366281797677695,,,,,0.519243597984314,8.358326434992826,,,,,,,,,,,0.20870065689086914,4.063571259328888,,,3,3
2016-01-30 12:00:00+00:00,,,0.22917574644088745,-27.744263667924308,,,,,0.504621148109436,6.179143708072327,,,,,,,,,0.27012622356414795,0.29954246446608573,0.19432413578033447,6.767294889814689,,,4,4
2016-01-30 18:00:00+00:00,,,,,0.36200690269470215,-38.142332533490176,,,0.3660557270050049,2.8630774996139743,,,,,,,0.8604683876037598,1.4686608806616843,,,0.20095086097717285,7.103908063469661,,,4,4
2016-01-31 00:00:00+00:00,,,,,0.38861459493637085,-30.722267385063574,,,0.40266573429107666,4.4599072031120235,,,,,,,,,,,0.14069890975952148,3.4795458408914905,,,3,3
2016-01-31 06:00:00+00:00,,,,,0.19097816944122314,-2.411047686858961,,,0.6675814390182495,5.426355492173817,,,,,,,0.18451809883117676,-0.0411320176615821,,,0.1976860761642456,6.300058462843352,,,4,4
2016-01-31 12:00:00+00:00,,,,,0.19309580326080322,-1.195050719228887,,,0.6801567077636719,7.357872732153767,,,,,,,0.04192090034484863,-0.3525307070442355,,,0.26990532875061035,8.437122540328287,0.13557195663452148,0.042873752314370635,5,5
2016-01-31 18:00:00+00:00,,,,,0.24099940061569214,-0.2769762721794701,,,0.6235134601593018,6.960538145360479,,,,,,,0.2743224501609802,0.460706363350913,,,0.2626218795776367,8.030379762608149,,,4,4
2016-02-01 00:00:00+00:00,,,,,0.12809538841247559,-0.26466113429161486,,,0.5873141288757324,6.70481189711301,,,,,,,0.31206464767456055,0.5256793714622462,,,0.31404876708984375,15.074817243186214,0.2206031084060669,-0.22219373265548198,7,7
2016-02-01 06:00:00+00:00,,,,,0.13974833488464355,0.3546321337339101,,,0.6666734218597412,8.006686399831118,,,,,,,0.3774069547653198,0.7466280686253658,,,0.21476316452026367,2.1930279579159304,0.061890602111816406,-0.15717006216497267,6,5
2016-02-01 12:00:00+00:00,,,,,0.10139381885528564,-0.8224916412464159,,,0.591865062713623,2.806924493893956,,,,,,,,,,,0.22287821769714355,4.747559110297129,0.03124380111694336,0.7812856877400786,4,4
2016-02-01 18:00:00+00:00,,,,,0.07240515947341919,-0.14505624368768263,,,,,,,,,,,,,,,0.24542105197906494,7.630656858587754,0.035979270935058594,0.16096173031846453,3,3
2016-02-02 00:00:00+00:00,,,0.27240222692489624,-0.6401102323629306,,,,,,,,,,,,,,,,,0.21267974376678467,1.8346397089867414,,,2,2
2016-02-02 06:00:00+00:00,,,0.18132364749908447,-0.11478308622412245,,,,,,,,,,,,,,,,,0.20317089557647705,2.2879085089204763,0.9453197717666626,0.2909562802469542,3,3
2016-02-02 12:00:00+00:00,,,0.0817226767539978,-0.09919835879349324,0.001879870891571045,0.24283632061741825,,,,,,,,,,,,,,,,,0.1897650957107544,4.6726320867430395,3,3
2016-02-02 18:00:00+00:00,,,0.11154001951217651,-0.9658246480636328,,,,,,,,,,,,,0.1392807960510254,1.6776714231397358,,,0.1494274139404297,0.35203605280607964,,,3,3
2016-02-03 00:00:00+00:00,,,0.1809898018836975,-1.049522976892364,,,,,,,,,,,,,0.18997740745544434,2.4135035930254234,,,0.1815735101699829,1.017034790947007,,,4,3
2016-02-03 06:00:00+00:00,,,0.022610485553741455,-0.11961142218985135,,,,,,,,,,,,,,,,,,,0.12390077114105225,1.817421928203491,2,2
2016-02-03 12:00:00+00:00,,,0.16757380962371826,-0.28900296276275317,,,,,,,,,,,,,,,,,,,0.15393614768981934,0.40158450674382606,2,2
2016-02-03 18:00:00+00:00,,,0.22021359205245972,-0.2898668569448317,,,,,,,,,,,,,0.2164551019668579,1.1545457320773331,,,0.16844356060028076,0.009133057133920207,,,4,3
2016-02-04 00:00:00+00:00,,,0.11832970380783081,-0.5167576795319361,,,,,,,,,,,,,0.1259554624557495,3.2852130729484923,,,,,0.20341801643371582,-0.002267159733699835,3,3
2016-02-04 06:00:00+00:00,,,0.16597795486450195,-0.23579161116461808,,,,,,,,,,,,,0.22890245914459229,0.9842058474084926,,,,,0.017343759536743164,0.6136693220196164,4,3
2016-02-04 12:00:00+00:00,,,0.07790696620941162,-0.30731355941913785,,,,,,,,,,,,,,,,,,,0.019708752632141113,0.5047328766953396,3,3
2016-02-04 18:00:00+00:00,,,0.2005835771560669,-0.25419781248396656,,,,,,,,,,,,,,,,,,,0.1801820993423462,0.7828187840062071,3,3
2016-02-05 00:00:00+00:00,,,0.3288191556930542,-0.7083636003637802,,,,,,,,,,,,,0.6439157724380493,0.1166646983849403,,,,,0.026387333869934082,0.4448989593475678,3,3
2016-02-05 06:00:00+00:00,,,0.03086191415786743,-0.5311018849546897,,,,,,,,,,,,,0.041243672370910645,-0.609963646367034,,,,,0.15291869640350342,0.2506435296239777,4,4
2016-02-05 12:00:00+00:00,,,0.19813096523284912,-0.5505671785765116,,,,,,,,,,,,,0.16518521308898926,0.343607819650955,,,,,0.09906303882598877,0.4583369305262407,6,5
2016-02-05 18:00:00+00:00,,,0.10798919200897217,-0.2151943614467159,,,,,,,,,,,,,,,,,,,0.07333850860595703,0.01825681355029888,4,3
2016-02-06 00:00:00+00:00,,,0.06791669130325317,-0.3252115987433298,,,,,,,,,,,,,,,,,,,0.34391123056411743,-0.10670526113398485,3,3
2016-02-06 06:00:00+00:00,,,0.15005981922149658,22.413579969435517,,,0.6336262226104736,2.9767489783175822,,,,,,,,,,,,,,,0.2728755474090576,-0.26537168514335036,5,4
2016-02-06 12:00:00+00:00,,,0.26053184270858765,-1.9541417842785893,,,,,0.7187838554382324,5.976354972523029,,,,,,,,,,,,,0.2523030638694763,-0.41470434851640264,3,3
2016-02-06 18:00:00+00:00,,,0.22928190231323242,-3.5397486381493732,,,,,0.4674553871154785,2.980860722232683,,,,,,,,,,,,,,,2,2
2016-02-07 00:00:00+00:00,,,0.24533987045288086,-3.0103259083341096,,,,,0.6751172542572021,5.118496172674137,,,,,,,,,,,,,,,2,2
2016-02-07 06:00:00+00:00,,,0.22282135486602783,-1.2386747303727588,,,,,0.4966965913772583,7.429570522073602,,,,,,,,,,,,,,,2,2
2016-02-07 12:00:00+00:00,,,0.19976729154586792,-1.2182144839466122,,,,,0.46337366104125977,0.9351379157465745,,,,,,,,,,,,,,,2,2
2016-02-07 18:00:00+00:00,,,0.2402600646018982,-1.7095560147065654,,,,,0.6422028541564941,7.5990152175309955,,,,,,,,,,,,,,,2,2
2016-02-08 00:00:00+00:00,,,0.15736883878707886,-0.25370206150215163,,,,,0.47625482082366943,3.1233938268994375,,,,,,,,,,,,,,,2,2
2016-02-08 06:00:00+00:00,,,0.16200894117355347,-0.28397060506658695,,,,,0.3405495882034302,3.967788648113384,,,,,,,,,,,,,,,2,2
2016-02-08 12:00:00+00:00,,,0.08423548936843872,-1.4037150154474654,,,,,0.5478233098983765,6.9763850936152805,,,,,,,,,,,,,,,2,2
2016-02-08 18:00:00+00:00,,,0.13778996467590332,-0.5259853182201424,,,,,0.34793734550476074,9.512770267892884,,,,,,,,,,,,,,,2,2
2016-02-09 00:00:00+00:00,,,0.031481921672821045,-1.5200288878972326,,,,,0.5354338884353638,9.13453012987044,,,,,,,,,,,,,,,2,2
2016-02-09 06:00:00+00:00,,,0.09258556365966797,-0.012644066878305148,,,,,0.5674370527267456,5.053637854902291,,,,,,,,,,,,,,,2,2
2016-02-09 12:00:00+00:00,,,0.2003387212753296,-0.4520232270272693,,,,,0.4400399923324585,0.8875274764882464,,,,,,,,,,,,,,,2,2
2016-02-09 18:00:00+00:00,,,0.2745148539543152,-0.10456716449739611,0.07017147541046143,-1.7160120597251713,,,0.7424089908599854,3.324868205095708,,,,,,,,,,,,,,,3,3
2016-02-10 00:00:00+00:00,,,0.07282912731170654,-0.10186787680839042,,,0.031197667121887207,0.13816436844650165,0.5564473867416382,1.538035873367909,,,,,,,,,,,,,,,4,3
2016-02-10 06:00:00+00:00,0.004205822944641113,0.2470598939259276,,,0.22642558813095093,-0.17650889881492934,0.5524122416973114,-2.3339117010398103,,,,,,,,,,,,,,,,,4,3
2016-02-10 12:00:00+00:00,0.15477752685546875,-0.386176533451282,,,0.1468135118484497,-0.23825343612249678,0.3850272297859192,-6.58440971535714,,,,,,,,,,,,,,,,,3,3
2016-02-10 18:00:00+00:00,,,0.09537065029144287,-0.4617184362651188,,,0.5341304242610931,-4.761260586766077,,,,,,,,,,,,,,,,,2,2
2016-02-11 00:00:00+00:00,0.12999391555786133,-0.6511573982616293,0.22927480936050415,0.24864408134689325,,,,,,,,,,,,,,,,,,,,,2,2
2016-02-11 06:00:00+00:00,,,0.20167553424835205,-0.4786218725949313,,,0.43235665559768677,-7.947644455267673,,,,,,,,,,,,,,,,,2,2
2016-02-11 12:00:00+00:00,,,0.01803642511367798,-0.029021691577933103,,,0.37426936626434326,-3.525692963053643,,,,,,,,,,,,,,,,,2,2
2016-02-11 18:00:00+00:00,0.4348298907279968,-2.5664271533751264,,,,,,,,,,,,,,,,,,,,,,,1,1
2016-02-12 00:00:00+00:00,0.4419173002243042,-4.988002090537667,,,,,,,,,,,,,,,,,,,,,,,1,1
2016-02-12 06:00:00+00:00,0.4998977780342102,-10.54459807911954,,,,,,,,,,,,,,,,,,,,,,,1,1
2016-02-12 12:00:00+00:00,0.4392038583755493,-7.766477538853717,,,,,,,,,,,,,,,,,,,,,,,1,1
2016-02-12 18:00:00+00:00,0.43461084365844727,-8.522415677059442,,,,,,,,,,,,,,,,,,,,,,,1,1
2016-02-13 00:00:00+00:00,0.44754666090011597,-6.829742680745679,,,,,,,,,,,,,,,,,,,,,,,1,1
2016-02-13 06:00:00+00:00,0.3965831995010376,-8.809350870787078,,,,,,,,,,,,,,,,,,,,,,,1,1
2016-02-13 12:00:00+00:00,0.3890129327774048,-11.448701811631018,,,0.06044721603393555,-0.3688091160291709,,,,,,,,,,,,,,,,,,,2,2
2016-02-13 18:00:00+00:00,0.36964380741119385,19.66564864488031,,,0.6667017042636871,-0.5589103190416415,,,,,,,,,,,,,,,,,,,2,2
2016-02-14 00:00:00+00:00,,,0.3139394521713257,22.168267409128774,,,,,,,,,,,,,,,,,,,,,1,1
2016-02-14 06:00:00+00:00,,,0.41984856128692627,-9.77578547579656,,,,,,,,,0.07269376516342163,0.4746442021296959,,,,,,,,,,,2,2
2016-02-14 12:00:00+00:00,,,0.4346819519996643,-8.528008514958469,,,,,,,,,0.22981202602386475,0.35163998756931963,,,,,,,,,,,3,2
2016-02-14 18:00:00+00:00,,,0.4401676058769226,-15.047086424440307,,,,,,,,,0.26455938816070557,-0.28103007727950485,,,,,,,,,,,2,2
2016-02-15 00:00:00+00:00,,,0.3579704165458679,1.402090426320484,,,,,,,,,0.22343695163726807,0.6030502630060883,,,,,,,,,,,2,2
2016-02-15 06:00:00+00:00,,,0.41080236434936523,-7.332769951549946,,,,,,,,,0.10930323600769043,-0.011401261990468939,,,,,,,,,,,2,2
2016-02-15 12:00:00+00:00,,,0.42273998260498047,-13.331914507658567,,,,,,,0.15297406911849976,0.11741571382634443,0.16699349880218506,0.057818410116643765,,,,,,,,,,,3,3
2016-02-15 18:00:00+00:00,,,0.3888978362083435,-3.5824814174007966,,,,,,,0.11385118961334229,0.4643493338399893,0.1504058837890625,0.9841953064509538,,,,,,,,,,,3,3
2016-02-16 00:00:00+00:00,,,0.3767976760864258,-7.28949788654702,,,,,,,0.4103926420211792,0.09374007163535655,0.11238038539886475,0.1768015766280162,,,,,,,,,,,3,3
2016-02-16 06:00:00+00:00,,,0.34525036811828613,-5.55325720234488,,,,,,,,,0.15732359886169434,1.0006153971133245,,,,,,,,,,,2,2
2016-02-16 12:00:00+00:00,,,0.39460480213165283,-4.9416667084866175,,,,,,,,,0.261543869972229,1.398070075388165,,,,,,,,,,,2,2
2016-02-16 18:00:00+00:00,,,0.4112691283226013,-6.2591731210895,,,,,,,,,0.21391141414642334,1.0493739703069025,,,,,0.26709264516830444,-0.5391136747462535,,,,,3,3
2016-02-17 00:00:00+00:00,,,0.4068743586540222,-11.789573480241524,,,,,,,,,0.33787524700164795,1.6212077830589982,,,,,0.13867366313934326,-4.2101389259805035,,,,,3,3
2016-02-17 06:00:00+00:00,,,0.399835467338562,-6.126852151612085,,,,,,,,,0.2975502014160156,2.5294423658095884,,,,,0.15956389904022217,0.5680522548294692,,,,,5,4
2016-02-17 12:00:00+00:00,,,0.44403505325317383,-61.234975227889194,,,,,,,,,0.32768774032592773,1.5544610425602128,,,,,0.08251988887786865,-1.295101687037081,,,,,5,5
2016-02-17 18:00:00+00:00,,,0.399686336517334,-6.928457921835651,,,,,,,0.2985970377922058,0.5068838012287026,0.4095182418823242,3.7934411384411373,,,,,0.016324639320373535,-0.08774420378201042,,,,,6,6
2016-02-18 00:00:00+00:00,,,0.3775991201400757,-5.589242494000758,,,,,,,,,0.2728084325790405,0.014452815788529808,0.3276156187057495,6.889794230515231,,,0.21850556135177612,-0.4627745860638731,,,,,5,5
2016-02-18 06:00:00+00:00,,,0.3478488326072693,-6.29441775139826,,,,,,,,,0.11962223052978516,0.29780155403456926,0.3212624788284302,3.5820892281606316,,,0.03471660614013672,0.0455306697965029,,,,,5,5
2016-02-18 12:00:00+00:00,,,0.30160677433013916,-3.3517944327891973,,,,,,,0.5590142011642456,-0.8365106695351883,0.27031588554382324,0.27303497344149874,0.3412226438522339,4.8811285825523845,,,0.050049543380737305,0.308366120691885,,,,,5,5
2016-02-18 18:00:00+00:00,,,0.3025658130645752,-6.162615035185878,,,,,,,0.541511744260788,-1.2536248807904773,0.03986203670501709,0.16455105132752884,0.3452335596084595,3.977141524038495,,,0.13739168643951416,0.37274032829105863,,,,,5,5
2016-02-19 00:00:00+00:00,,,0.3357033133506775,-6.760336091051667,,,,,,,0.6322144865989685,0.3273678147709019,0.2126256227493286,1.416947704484916,0.4390420913696289,9.7147102580399,,,0.1286942958831787,0.40558144801148205,,,,,6,6
2016-02-19 06:00:00+00:00,,,0.31667596101760864,-5.693664508965595,,,,,,,0.5807472467422485,-0.22702679532394124,0.26729846000671387,3.52350950074201,0.4351910352706909,7.706756215977997,,,0.036119818687438965,0.3701917416559978,,,,,7,7
2016-02-19 12:00:00+00:00,,,0.2839195132255554,-2.8943119640774584,,,,,,,0.41239267587661743,-0.2680082387194776,0.29820048809051514,0.310789748729291,0.36941051483154297,5.919249490485258,,,,,0.13766133785247803,0.6990371411599278,,,6,6
2016-02-19 18:00:00+00:00,,,0.20649796724319458,-3.4515102122318755,0.31442904472351074,-2.2074199418197407,,,,,0.23509973287582397,-1.49463547718891,0.26997506618499756,2.964636433110872,0.40585803985595703,6.848012747864394,,,,,0.09010148048400879,0.4698847565103319,,,7,7
2016-02-20 00:00:00+00:00,,,0.23489171266555786,-3.269775585254377,,,,,,,,,0.1693633794784546,0.22016512880596129,0.4142429828643799,6.78676995786467,,,,,0.06608688831329346,0.34959428373423107,,,5,5
2016-02-20 06:00:00+00:00,,,0.2198767066001892,-5.195012199744568,0.29899442195892334,-2.6403031845075304,,,,,,,0.2391892671585083,0.8166971587700907,0.4111001491546631,10.444458325908677,,,,,0.14317536354064941,-0.36607890837455365,,,6,6
2016-02-20 12:00:00+00:00,,,0.26104652881622314,-4.137034789936119,0.05106323957443237,-0.4858444412558659,,,,,,,0.273449182510376,1.0457547889570615,0.32187116146087646,6.282352533973045,,,,,0.02116715908050537,0.08057358532855126,,,6,6
2016-02-20 18:00:00+00:00,,,0.23211181163787842,-2.2898110839848993,0.3797914385795593,-0.9736608768253865,,,,,,,0.30425214767456055,3.2043076620180124,0.299973726272583,10.185540766371657,,,,,0.04302418231964111,-0.09019628126976523,,,6,6
2016-02-21 00:00:00+00:00,,,0.2191285490989685,-2.9820332710769484,0.320345938205719,-1.4113043580199065,,,,,,,0.33085036277770996,1.9880229028990024,0.42213237285614014,8.268732113839011,,,,,0.026357650756835938,0.11049661887074035,,,6,6
2016-02-21 06:00:00+00:00,,,0.2478519082069397,-2.9684855194911477,0.31141650676727295,-0.9776222252970499,,,,,,,0.24488162994384766,4.435863384936669,0.41568803787231445,6.993592189719043,,,,,0.16222012042999268,0.1399154832688333,,,6,6
2016-02-21 12:00:00+00:00,,,0.21496516466140747,-2.209786236756861,,,,,,,,,,,0.4111858606338501,4.553730986420129,,,0.18047428131103516,3.153153735600696,,,,,5,5
2016-02-21 18:00:00+00:00,,,0.23668676614761353,-4.0696579243850435,,,,,,,,,0.22153520584106445,11.35051556845436,0.3964287042617798,3.3187521055708937,,,,,0.11794960498809814,0.5524973967881565,,,7,6
2016-02-22 00:00:00+00:00,,,0.26863038539886475,-5.7616957380064955,,,,,,,,,,,0.4180983304977417,3.4059198328208713,,,,,0.1577233076095581,1.0702337026425475,,,5,5
2016-02-22 06:00:00+00:00,,,0.26733940839767456,-44.05738957807689,,,,,,,,,,,0.511500358581543,5.055287347971008,,,,,0.19941473007202148,-31.540141985255925,,,4,4
2016-02-22 12:00:00+00:00,,,0.22710973024368286,-7.709284241598391,0.16870391368865967,-0.3846061882248585,,,,,,,,,0.5431925058364868,4.103123293693494,,,,,0.20036983489990234,-32.71945180831447,,,5,5
2016-02-22 18:00:00+00:00,,,0.21446138620376587,-3.4478918904348066,0.4395889639854431,-8.271671973601995,,,,,,,,,0.6013847589492798,4.135234387055938,,,,,0.19143855571746826,2.8095274896009226,,,5,5
2016-02-23 00:00:00+00:00,,,0.21496248245239258,-4.882778625692461,0.2660008668899536,0.21381331389973057,,,,,,,,,0.7111427783966064,3.596104184740955,,,,,0.15555977821350098,3.9712298870427705,,,5,5
2016-02-23 06:00:00+00:00,,,0.2338833212852478,-3.027534160627837,0.13569492101669312,-0.8271119527260502,,,,,,,,,0.7672601938247681,4.667254797448353,0.2570662498474121,5.723881760228964,,,0.20530450344085693,2.076945310984469,,,6,6
2016-02-23 12:00:00+00:00,,,0.22447806596755981,-2.9998702172453133,0.21573328971862793,0.305256963260903,,,,,,,,,0.6608706712722778,3.004806430157548,0.2264770269393921,3.1684343916986166,,,0.15834248065948486,4.715573544805781,,,6,6
2016-02-23 18:00:00+00:00,,,0.21438628435134888,-5.5605010537968615,,,,,,,,,,,0.6185449361801147,2.0850919087245425,,,,,0.17612874507904053,2.6466813573180916,,,5,4
2016-02-24 00:00:00+00:00,,,0.1931086778640747,-11.07311927018955,,,,,,,,,,,0.19247126579284668,-18.472693744880864,,,,,,,,,3,3
2016-02-24 06:00:00+00:00,,,0.3279479146003723,-7.73934372209943,,,,,,,,,,,0.18433094024658203,7.75384638547406,,,,,,,,,3,3
2016-02-24 12:00:00+00:00,,,0.25049930810928345,-2.0398390466248455,,,0.8343830108642578,5.65770468465482,,,,,0.5526450872421265,2.997740526893724,0.21556603908538818,6.609706369462392,,,,,,,,,4,4
2016-02-24 18:00:00+00:00,,,0.2726340889930725,-39.68382066997609,,,0.8146655559539795,6.422653144663684,,,,,,,0.20384299755096436,2.897614819002353,,,,,,,,,4,4
2016-02-25 00:00:00+00:00,,,0.3106045126914978,-3.438132895308675,,,,,0.7861959934234619,4.749314035451561,,,,,0.23785746097564697,0.5348023044319025,,,,,0.20654594898223877,5.890316040437708,,,5,5
2016-02-25 06:00:00+00:00,,,0.3619273900985718,-6.565502337265984,,,,,0.6969786882400513,5.032765116132171,,,,,0.2998499870300293,3.9274904677887905,,,,,0.20839309692382812,4.114854738359801,,,4,4
2016-02-25 12:00:00+00:00,,,0.2984667420387268,-4.87764518490247,,,,,0.7011637687683105,4.15772874306081,,,,,0.11812222003936768,-1.193461717987823,0.21019291877746582,6.014268208931685,,,0.24627292156219482,4.037556898671714,,,5,5
2016-02-25 18:00:00+00:00,,,0.31629472970962524,-3.7212127553940584,,,,,0.6897003650665283,6.034410756930654,,,,,0.5606271028518677,4.5584337636937375,0.19864177703857422,1.5154405652313858,,,0.19108641147613525,3.5478240590043373,,,6,6
2016-02-26 00:00:00+00:00,,,0.27323174476623535,-4.096855268043056,,,,,0.7772448062896729,6.286632647774966,,,,,0.40918827056884766,3.7845699827653596,0.19729876518249512,0.9009323914308539,,,0.21755480766296387,-4.259431278522071,,,7,6
2016-02-26 06:00:00+00:00,,,0.2815442681312561,-3.0473663514692313,,,,,0.6032086610794067,6.760960990817023,,,,,0.3745393753051758,2.611886373430808,0.18496298789978027,0.5065035015178764,,,0.23995912075042725,4.933240457768356,,,5,5
2016-02-26 12:00:00+00:00,,,,,0.3187982439994812,-5.793119558633277,,,0.7364349365234375,7.105877909601438,,,,,0.45800721645355225,7.942130870392351,0.3617037534713745,2.0760529108279084,,,0.22424864768981934,4.870941143917262,,,5,5
2016-02-26 18:00:00+00:00,,,,,0.2810792922973633,-12.139304984595677,,,0.5751042366027832,10.400778200447022,,,,,0.4098482131958008,7.016483824472635,0.19024062156677246,2.6481426863494217,,,0.23113954067230225,4.615803701774,0.044255077838897705,0.8923758623631164,7,7
2016-02-27 00:00:00+00:00,,,,,0.326734721660614,-2.366640624708561,,,0.550946831703186,5.306380535431025,,,,,0.519638180732727,10.881538774899848,0.19929206371307373,3.6648189192233285,,,0.17556095123291016,-42.38061770606118,,,6,5
2016-02-27 06:00:00+00:00,,,,,0.2563222050666809,-1.103724746321576,,,0.06726336479187012,1.333812516948844,,,,,0.5970319509506226,7.9216811594443355,,,,,0.16908299922943115,2.3423070612897035,0.21532762050628662,0.9601503666195031,5,5
2016-02-27 12:00:00+00:00,,,,,0.17491012811660767,-1.1577149351047664,,,0.3815798759460449,4.335266526525556,,,,,0.43455660343170166,3.6102378873651544,0.28997349739074707,0.17868560867449482,,,0.17693960666656494,5.724377190899712,0.11773931980133057,0.7067248314548945,6,6
2016-02-27 18:00:00+00:00,,,,,0.35284388065338135,-3.010581239648818,,,0.44098639488220215,1.354178174782306,,,,,0.4726628065109253,6.220754400432584,,,,,0.173453688621521,8.040668039057993,0.1576923131942749,2.628997099998273,5,5
2016-02-28 00:00:00+00:00,0.49274128675460815,-0.24838893874930407,,,0.16250324249267578,-1.0993248945307474,,,0.5954208374023438,8.835862004107138,,,,,0.6408849954605103,8.701530051136592,,,,,0.2008986473083496,4.033368669355245,0.09690368175506592,1.5816102321713832,6,6
2016-02-28 06:00:00+00:00,,,,,0.2403550148010254,-0.3852202665426581,,,0.6284557580947876,6.0525618166131006,,,,,0.5489946603775024,4.020643858128132,0.16351628303527832,0.35861425072873204,,,0.25048553943634033,6.897819729557306,0.1502671241760254,0.1047201143533268,6,6
2016-02-28 12:00:00+00:00,,,,,0.27879828214645386,-0.5409955901984042,,,0.4452207088470459,2.350493419329347,,,,,0.6210595369338989,7.093364475223264,0.5579061508178711,-0.9073940238528473,,,0.2333672046661377,4.285111215654648,0.22416484355926514,0.061606005428645944,6,6
2016-02-28 18:00:00+00:00,,,,,0.0581631064414978,-0.1106511420531243,,,0.7184103727340698,5.274639036972299,,,,,0.3842947483062744,4.7132389198478934,,,,,0.19803154468536377,2.932602226261957,,,5,4
2016-02-29 00:00:00+00:00,,,,,0.21683067083358765,-0.8639829546955896,,,0.8499951362609863,3.300287508045964,,,,,0.1434406042098999,0.7727163470372361,,,,,0.1671668291091919,2.412584945322181,,,5,5
2016-02-29 06:00:00+00:00,,,,,0.25809991359710693,-5.643257115646817,,,,,,,,,0.5529944896697998,1.961752324722224,0.18036550283432007,-0.04050733018124724,,,0.20830893516540527,3.0524998009500295,,,4,4
2016-02-29 12:00:00+00:00,,,,,0.15676146745681763,-0.4033899590840973,0.7091982960700989,-2.7683385811141616,,,,,,,0.365588903427124,6.392941987280299,,,,,0.1647031307220459,4.7329832648085555,,,4,4
2016-02-29 18:00:00+00:00,,,0.0971422791481018,-0.20741478052853662,,,,,0.6328187882900238,-2.072716579606283,,,,,0.15918481349945068,3.7565850533612606,0.037726640701293945,0.39407883029233887,,,0.14003503322601318,1.3226243044958121,,,5,5
2016-03-01 00:00:00+00:00,,,0.277620792388916,-0.24553898134438473,,,,,0.4830942153930664,-4.704950156003936,,,,,0.0782707929611206,1.3762075887190084,,,,,,,0.15945684909820557,1.49114665148553,4,4
2016-03-01 06:00:00+00:00,,,0.15659308433532715,20.968065281747563,0.14357304573059082,0.06066026588571773,,,0.470503032207489,-9.140960171645474,,,,,,,,,,,,,0.14346098899841309,0.7450268773184158,4,4
2016-03-01 12:00:00+00:00,,,0.2579258680343628,-5.415546228199019,0.5191018581390381,-0.18577227077706648,,,0.5637387037277222,-9.242540022688862,,,,,,,,,,,,,0.12812435626983643,2.3260714786334193,4,4
2016-03-01 18:00:00+00:00,,,0.24064719676971436,-1.0415428624782228,0.7161484956741333,1.5244128324251363,,,0.5490114092826843,-4.581685257469746,,,,,,,,,,,,,0.10700333118438721,1.964124199522703,4,4
2016-03-02 00:00:00+00:00,,,0.20390105247497559,16.418046758028694,,,,,0.7246123552322388,-7.661607390283024,,,,,,,,,,,,,0.12974178791046143,1.092635272821179,4,3
2016-03-02 06:00:00+00:00,,,0.14498144388198853,0.05654691233598431,,,,,0.6406122744083405,-13.864360680137409,,,,,,,,,,,,,0.1230928897857666,0.3118139711946217,3,3
2016-03-02 12:00:00+00:00,,,0.1968221664428711,-0.5337105973475801,,,,,0.697501003742218,-17.640369863758284,,,,,,,,,,,,,0.06546282768249512,-0.1750553463393119,3,3
2016-03-02 18:00:00+00:00,,,0.0511813759803772,19.59397866459716,,,,,0.6066307425498962,-8.707843432839962,,,,,,,0.22520160675048828,0.33246876237576867,,,,,0.024924397468566895,0.19030146510477466,4,4
2016-03-03 00:00:00+00:00,,,0.3254355788230896,-20.057419136059735,,,,,0.6738174259662628,-9.9955890630592,,,,,,,0.1790757179260254,-0.10112582048365984,,,,,0.08128190040588379,0.09533830246249558,4,4
2016-03-03 06:00:00+00:00,,,0.31654447317123413,-20.133379569277526,,,,,0.6266120672225952,-13.865342026598643,,,,,,,0.19087404012680054,-0.23213679594391362,,,,,0.16152703762054443,0.5150827049156145,4,4
2016-03-03 12:00:00+00:00,,,0.2172778844833374,-1.5934607788038855,,,,,0.6535650789737701,-4.576666989952101,,,,,,,,,,,,,0.01933896541595459,-25.87880668029077,3,3
2016-03-03 18:00:00+00:00,,,0.2765570282936096,-1.5364059914315435,,,,,0.7425481975078583,-7.045264258791555,,,,,,,,,,,,,0.21547436714172363,0.12155132807326188,3,3
2016-03-04 00:00:00+00:00,,,0.2915669083595276,-1.0664936566063057,,,,,0.694156676530838,-3.938877732563573,,,,,,,,,,,,,0.015517115592956543,-0.22459802143633334,5,5
2016-03-04 06:00:00+00:00,,,0.19820177555084229,-0.5214753544339348,,,,,0.6596325039863586,-5.023015365921976,,,,,,,,,,,,,0.24365592002868652,-0.2049950388249024,4,4
2016-03-04 12:00:00+00:00,,,0.45679956674575806,-20.172570795035945,,,,,0.6072687804698944,-13.826812088996666,,,,,,,,,,,,,0.05388593673706055,0.26451864101402545,3,3
2016-03-04 18:00:00+00:00,,,0.23054808378219604,-12.90696624682702,,,0.4965047836303711,2.527655113681797,0.5767807066440582,-7.76878314245458,,,,,,,,,,,,,,,5,3
2016-03-05 00:00:00+00:00,,,0.18225717544555664,-0.4727861449859522,,,0.6344728469848633,3.311538992341448,,,0.5067073702812195,-8.141952398877713,,,,,,,,,,,,,3,3
2016-03-05 06:00:00+00:00,,,0.03918832540512085,17.528532918478138,,,0.7033863067626953,7.191973406541466,,,0.4006139039993286,-2.505031263593238,,,,,,,,,,,,,3,3
2016-03-05 12:00:00+00:00,,,0.23084038496017456,-1.2574296150928967,,,0.7039949893951416,3.823303250202191,,,0.5267104208469391,-4.25539370829456,,,,,,,,,,,,,3,3
2016-03-05 18:00:00+00:00,,,0.1620425581932068,-1.1770869685739236,,,0.6827001571655273,3.393605058721644,,,0.778634250164032,-3.4239861344258267,,,,,,,,,,,,,3,3
2016-03-06 00:00:00+00:00,,,0.16875839233398438,-1.6034927435921444,,,,,0.6804299354553223,3.1294187258571307,,,,,,,,,,,,,,,2,2
2016-03-06 06:00:00+00:00,,,0.23549872636795044,-1.303938250507964,,,,,0.722352147102356,2.720010580815123,,,,,,,,,,,,,,,2,2
2016-03-06 12:00:00+00:00,,,0.32032811641693115,-16.792329248176877,,,,,0.7724137306213379,6.469024326933877,,,,,,,,,,,,,,,2,2
2016-03-06 18:00:00+00:00,,,0.14428138732910156,-1.356118563251612,,,,,0.8036704063415527,6.870302377739466,,,,,,,,,,,,,,,2,2
2016-03-07 00:00:00+00:00,,,0.17238879203796387,-0.5969443657304372,,,,,0.7693928480148315,4.7465574185153026,,,,,,,,,,,,,,,2,2
2016-03-07 06:00:00+00:00,,,0.11768186092376709,-1.0432631158361987,,,,,0.7510095834732056,5.337737504865304,,,,,,,,,,,,,,,2,2
2016-03-07 12:00:00+00:00,,,0.20150721073150635,-0.291533865414155,,,,,0.7507016658782959,6.770451513022802,,,,,,,,,,,,,,,2,2
2016-03-07 18:00:00+00:00,,,0.2842523455619812,-0.6599915441194225,,,,,0.7788190841674805,10.169065202658322,,,,,,,,,,,,,,,2,2
2016-03-08 00:00:00+00:00,,,0.23479562997817993,-1.0346657532528218,,,,,0.774756908416748,7.525851266960411,,,,,,,,,,,,,,,2,2
2016-03-08 06:00:00+00:00,,,0.23437947034835815,-7.849680382310961,,,,,0.7475148439407349,8.33556656276033,,,,,,,,,,,,,,,2,2
2016-03-08 12:00:00+00:00,,,0.20119130611419678,-2.4128796653082465,,,0.5277629494667053,-0.17853028500174048,0.7674200534820557,6.444919693305041,,,,,,,,,,,,,,,3,3
2016-03-08 18:00:00+00:00,,,0.16454291343688965,-3.0380058760206854,,,,,0.7730752229690552,5.067747297955219,,,,,,,,,,,,,,,2,2
2016-03-09 00:00:00+00:00,,,0.16167277097702026,-1.0735966440883007,,,0.48627859354019165,-2.551058904043635,0.7992649078369141,4.265795821853191,,,,,,,,,,,,,,,3,3
2016-03-09 06:00:00+00:00,,,0.025128841400146484,27.858752993397957,,,0.5726538896560669,-3.9642316166767175,0.7672334909439087,8.540306166005177,,,,,,,,,,,,,,,3,3
2016-03-09 12:00:00+00:00,,,0.1809195876121521,-4.210792128300512,,,0.5657477080821991,-6.271400470022346,0.7568341493606567,5.1748663616763455,,,,,,,,,,,,,,,3,3
2016-03-09 18:00:00+00:00,,,0.13879430294036865,-0.9488847409873826,,,0.7403095662593842,-5.32235117410023,0.6989400386810303,6.474666954564402,,,,,,,,,,,,,,,3,3
2016-03-10 00:00:00+00:00,,,0.12947803735733032,28.70360254924874,,,0.6265619695186615,-5.152480169984018,0.6755959987640381,5.387314206989804,,,,,,,,,,,,,,,3,3
2016-03-10 06:00:00+00:00,,,0.21901816129684448,-1.786866547986309,,,0.5699831545352936,-8.299775187721805,0.744294285774231,5.319806156404524,,,,,,,,,,,,,,,3,3
2016-03-10 12:00:00+00:00,,,0.2509171962738037,-1.8166637983871508,,,0.5805174708366394,-11.402765123970191,,,0.6342405080795288,4.163283953871567,,,,,,,,,,,,,3,3
2016-03-10 18:00:00+00:00,,,0.17815274000167847,-1.8553286199215377,,,0.5448552072048187,-7.336140845144245,,,0.5263142585754395,2.4779814894123358,,,,,,,,,,,,,3,3
2016-03-11 00:00:00+00:00,,,0.18109923601150513,-1.82731519053109,,,,,0.5518239736557007,-6.452176726349087,0.5765624046325684,2.2003374455450184,,,,,,,,,,,,,3,3
2016-03-11 06:00:00+00:00,,,0.25354182720184326,-1.9659259628962373,,,,,0.44650721549987793,-6.948973789684257,,,,,,,,,,,,,,,2,2
2016-03-11 12:00:00+00:00,,,0.2654995918273926,-6.42926365450801,,,,,0.5806078314781189,-7.258618067089987,,,,,,,,,,,,,,,2,2
2016-03-11 18:00:00+00:00,0.2708289623260498,-2.1062416634716326,,,,,,,0.44742876291275024,-5.403633179981169,,,,,,,,,,,,,,,2,2
2016-03-12 00:00:00+00:00,,,0.33282744884490967,-5.657066970170901,,,,,,,,,,,,,,,,,,,,,1,1
2016-03-12 06:00:00+00:00,,,0.2681177854537964,48.04291226499018,,,,,,,,,,,,,,,,,,,,,2,1
2016-03-12 12:00:00+00:00,,,0.3322978615760803,-3.999399184067801,,,,,,,,,0.1597169041633606,0.0877432371442044,,,,,,,,,,,2,2
2016-03-12 18:00:00+00:00,,,0.3100324273109436,-7.463008538602251,,,,,,,,,0.17470574378967285,0.8281348191475492,,,,,,,,,,,2,2
2016-03-13 00:00:00+00:00,,,0.3261381983757019,-10.952170766799359,,,,,,,,,0.0713496208190918,-0.22210109827137148,,,,,,,,,,,2,2
2016-03-13 06:00:00+00:00,,,0.37215203046798706,-10.124636045438601,,,,,,,,,0.07717466354370117,0.04533654576313893,,,,,,,,,,,2,2
2016-03-13 12:00:00+00:00,,,0.39481794834136963,-25.980424277769554,,,,,,,,,0.27094340324401855,0.5470751172726448,,,,,,,,,,,2,2
2016-03-13 18:00:00+00:00,,,0.3859565258026123,-52.976227102160784,,,,,,,,,0.09431350231170654,-0.00872407527724303,,,,,,,,,,,2,2
2016-03-14 00:00:00+00:00,,,0.2410050630569458,-32.436533426194345,,,,,0.4890497922897339,-6.560791286088016,,,0.23242402076721191,1.6170729896185982,,,,,,,,,,,3,3
2016-03-14 06:00:00+00:00,,,0.23733127117156982,-3.0319896383573517,,,,,0.5278902351856232,-8.416540049581805,,,0.19776380062103271,1.9652780261417016,,,,,,,,,,,4,3
2016-03-14 12:00:00+00:00,,,0.2499474287033081,-3.0058859272484555,,,,,0.45730406045913696,-9.252451876718927,,,0.24250352382659912,1.2675085134491602,,,,,,,,,,,4,4
2016-03-14 18:00:00+00:00,,,0.26642221212387085,-30.70533099986755,,,,,0.42400556802749634,-7.798530203935996,,,0.18349206447601318,1.3673162798074243,,,,,,,,,,,4,4
2016-03-15 00:00:00+00:00,,,0.24810659885406494,-3.5245580772098446,,,,,0.4946838617324829,-8.170260922518981,,,0.24500060081481934,1.9094223832657293,,,,,,,,,,,4,4
2016-03-15 06:00:00+00:00,,,0.2966299057006836,-3.7489413738101547,,,,,0.45544421672821045,-5.107231128473706,0.4545432925224304,-6.612749709633136,0.3082650899887085,1.2949646808611694,,,,,,,,,,,4,4
2016-03-15 12:00:00+00:00,,,0.24216580390930176,-5.570966723918068,,,,,0.5210053324699402,-8.52211408951818,0.3585580587387085,-4.813543984625703,0.25509119033813477,2.5829449705254026,,,,,,,,,,,4,4
2016-03-15 18:00:00+00:00,,,0.2955564260482788,-9.466498724569,,,,,0.39783644676208496,-12.781116328259438,0.43000084161758423,-3.8843497909327085,0.32914817333221436,2.9636786675931868,,,,,,,,,,,4,4
2016-03-16 00:00:00+00:00,0.20261508226394653,1.1690403620543657,0.2764245867729187,-6.3448400824628175,,,,,0.47874677181243896,-5.90310848314816,0.47520679235458374,-7.896217329498261,0.362430214881897,4.878614227791053,,,,,,,,,,,5,5
2016-03-16 06:00:00+00:00,,,0.34124475717544556,-6.267318301052242,,,,,0.3247440457344055,-1.9082301205718817,0.3737589120864868,-4.048492526138837,0.3151170015335083,5.185797008360496,,,,,,,,,,,5,5
2016-03-16 12:00:00+00:00,,,0.3197089433670044,-5.993292997846832,,,,,0.3861401677131653,-3.2039411038398025,0.31139039993286133,-1.4091183537790004,0.44928181171417236,8.116991104208859,,,,,,,,,,,6,5
2016-03-16 18:00:00+00:00,,,0.2703400254249573,-2.574179103037327,,,,,0.46451592445373535,-5.222882921246432,0.3858303427696228,-3.7793134326653157,0.43123960494995117,8.333928285037006,,,,,,,,,,,6,6
2016-03-17 00:00:00+00:00,,,0.28804677724838257,-3.93104238184303,,,,,0.40311771631240845,-2.9129229042093496,0.4979736804962158,-5.2739637548238445,0.4030565023422241,8.550189919799383,,,,,,,,,,,6,6
2016-03-17 06:00:00+00:00,,,0.2941930294036865,-3.461060268539258,,,,,,,0.3375779986381531,-3.677814060446719,0.5338693857192993,-0.35004521469621014,0.39237332344055176,5.690621266237024,,,,,,,,,5,5
2016-03-17 12:00:00+00:00,,,0.27273237705230713,-6.036509171160244,,,,,,,0.2384333610534668,-0.31014781310190287,,,0.43556928634643555,7.936094849527354,,,,,,,,,5,5
2016-03-17 18:00:00+00:00,,,0.27925413846969604,-4.440815947859995,,,,,,,0.10902613401412964,-0.675169111956256,0.10183286666870117,-0.03198569786445078,0.4388701915740967,9.919872676372158,,,,,,,,,6,6
2016-03-18 00:00:00+00:00,,,0.2593730688095093,-7.312522074281477,0.4853355884552002,0.0522231492839332,,,,,0.34098464250564575,-1.4418535108739094,0.16948044300079346,0.18375488677535545,0.4494588375091553,5.535607231971047,,,,,,,,,7,7
2016-03-18 06:00:00+00:00,,,0.2714669108390808,-1.8592350807160036,,,,,,,0.3162585496902466,-5.184056400293489,0.2356172800064087,1.6515213777991975,0.4616285562515259,8.619385731212537,,,,,,,,,5,5
2016-03-18 12:00:00+00:00,,,0.30813175439834595,-2.962232223495575,,,,,,,0.1846766471862793,-1.0774604567633996,0.3802286386489868,7.145871210527537,0.41274726390838623,4.729153457729962,,,,,,,,,5,5
2016-03-18 18:00:00+00:00,,,0.23580503463745117,-2.699046164774515,,,,,,,0.4313947558403015,-4.710588732933379,0.030811548233032227,0.6196525457495559,0.4452528953552246,8.747368720024639,,,,,,,,,4,4
2016-03-19 00:00:00+00:00,,,0.2667608857154846,-3.676163414792215,,,,,,,0.2580176591873169,-1.1547801895018412,0.27781713008880615,1.231444224490254,0.46831560134887695,5.406606836981985,,,,,0.07034027576446533,-0.27929162441511135,,,5,5
2016-03-19 06:00:00+00:00,,,0.27607154846191406,-5.537832690495891,,,,,,,0.12658488750457764,-2.3929091756311123,0.25224125385284424,0.43435213616984947,0.4125782251358032,4.524667267023667,,,0.10344040393829346,0.2728602353084589,,,,,5,5
2016-03-19 12:00:00+00:00,,,0.3272455930709839,-7.7550124043115884,0.014485478401184082,0.16318265526973938,,,,,0.03642982244491577,-0.18379099045125316,0.19623780250549316,1.2209190576355144,0.41537773609161377,6.935062819427905,,,0.018070220947265625,0.32649398713498445,,,,,6,6
2016-03-19 18:00:00+00:00,,,0.3207254409790039,-4.277708078067511,0.3168005347251892,-0.44489620547559533,,,,,0.14230132102966309,-0.19041932829381564,,,0.43757879734039307,11.01964736981868,,,0.15521061420440674,0.4632746585954235,0.09895551204681396,0.30317876884763056,,,8,8
2016-03-20 00:00:00+00:00,,,0.3057190775871277,-4.123082330653311,0.21624159812927246,-0.5602872484921235,,,,,0.23937499523162842,-0.5379433920248682,,,0.3949965238571167,6.52758461878664,,,0.24369847774505615,-0.27882964542073135,,,,,6,6
2016-03-20 06:00:00+00:00,,,0.25162971019744873,-4.9560143800515055,0.0812610387802124,0.7878997755775639,,,,,0.12993508577346802,0.3138971464995858,,,0.46474385261535645,6.666457714853798,,,0.0378953218460083,0.13160079869540028,,,,,6,6
2016-03-20 12:00:00+00:00,,,0.30122649669647217,-4.049582371981598,0.11246240139007568,0.3678071503826246,,,,,0.05392599105834961,0.16863850741906528,,,0.43857574462890625,4.905311913728762,,,0.19412529468536377,0.26851789149407923,,,,,6,6
2016-03-20 18:00:00+00:00,,,0.35287362337112427,-37.16716052403834,,,,,,,,,,,0.38004398345947266,8.390667445749601,,,0.06173348426818848,0.35680325754400033,,,,,3,3
2016-03-21 00:00:00+00:00,,,0.2586755156517029,-2.2590541795952537,,,,,,,,,,,0.41127896308898926,5.533853305044515,,,0.05238354206085205,0.37991403955327696,,,,,3,3
2016-03-21 06:00:00+00:00,,,0.2942156195640564,-2.1022219050682556,,,,,,,,,,,0.4176546335220337,6.078164863993259,,,0.13807010650634766,1.1953081058129507,,,,,3,3
2016-03-21 12:00:00+00:00,,,0.3198378086090088,-2.399135521357095,,,,,,,,,,,,,0.43268775939941406,4.016120037569617,0.09844279289245605,0.3371033903083966,,,,,3,3
2016-03-21 18:00:00+00:00,,,0.33724379539489746,-2.307722094302523,,,,,,,,,,,,,0.40214669704437256,5.753587326774101,0.1431875228881836,1.0860007906856568,0.3109680414199829,-0.48072602370184153,,,4,4
2016-03-22 00:00:00+00:00,,,0.2934247851371765,-2.655746237270668,,,,,,,,,,,,,0.3483414649963379,4.819996539390332,0.154541015625,3.0782314701927818,,,,,4,3
2016-03-22 06:00:00+00:00,,,0.33536046743392944,-28.90000395195905,,,,,,,,,,,,,0.3321925401687622,3.6808452559814535,0.18745577335357666,3.3173568542639584,,,,,3,3
2016-03-22 12:00:00+00:00,,,0.3191640377044678,-2.2706985299425986,,,,,,,,,,,,,0.31217050552368164,4.028758538622581,0.22317838668823242,3.189041534087161,,,,,3,3
2016-03-22 18:00:00+00:00,,,0.2851186990737915,-2.0322032158500796,,,,,,,,,,,,,0.31250882148742676,2.975717736397728,0.2092670202255249,3.317395158003829,,,,,3,3
2016-03-23 00:00:00+00:00,,,0.2750229239463806,-2.412196775670342,,,,,,,,,,,0.26660406589508057,10.93556202897541,0.33420896530151367,4.504923696624511,,,,,,,3,3
2016-03-23 06:00:00+00:00,,,0.24599218368530273,0.1985120433125036,,,,,,,,,,,0.3227365016937256,14.590424953293464,0.24664747714996338,1.979395542983504,,,,,,,3,3
2016-03-23 12:00:00+00:00,,,0.24460524320602417,0.25594402872088245,,,,,,,,,,,0.2829214334487915,6.6061396404465516,0.3021695613861084,1.7790053698381056,,,,,,,3,3
2016-03-23 18:00:00+00:00,,,0.296269953250885,-2.747945336488599,,,,,,,,,,,0.33639848232269287,14.42684123042038,0.25203776359558105,3.426091934281092,,,,,,,3,3
2016-03-24 00:00:00+00:00,,,0.05275559425354004,-29.16905043650614,,,,,,,,,,,0.23944562673568726,-7.251364582290639,0.08345842361450195,0.48656514645483606,,,,,,,4,3
2016-03-24 06:00:00+00:00,,,,,0.20201647281646729,23.617102417024316,,,,,,,,,0.2291749119758606,-3.884000189278086,0.10205167531967163,-0.6816373637901797,,,0.37204045057296753,-0.6229957653081913,,,5,4
2016-03-24 12:00:00+00:00,,,,,0.13466989994049072,5.932485913337843,,,,,,,,,0.15692925453186035,-3.3214960009098076,0.030362367630004883,0.2743256436734507,,,,,0.21617424488067627,0.5889410314637767,4,4
2016-03-24 18:00:00+00:00,,,,,0.09065473079681396,-32.47592919749535,,,,,,,,,0.04994761943817139,2.8074342677534863,0.08981013298034668,-0.48659808277344674,,,,,,,3,3
2016-03-25 00:00:00+00:00,,,,,0.21099096536636353,23.31156773742425,,,,,,,,,0.3252139091491699,9.875717760555213,0.5577129125595093,-0.5496631578219928,,,,,,,3,3
2016-03-25 06:00:00+00:00,,,,,0.08176225423812866,31.08408699100438,,,0.6341571807861328,6.716000166230271,,,,,0.2644515037536621,9.003080165390724,,,,,,,,,3,3
2016-03-25 12:00:00+00:00,,,,,0.16339248418807983,24.823705435484666,,,0.6566637754440308,7.624614951248434,,,,,0.1276789903640747,-0.3737813052495653,,,,,0.2543414831161499,5.7859252067813625,,,4,4
2016-03-25 18:00:00+00:00,,,,,0.16086697578430176,22.505985260894807,,,0.7120684385299683,6.698013655708049,,,,,,,,,,,0.20313537120819092,4.287277440858176,,,3,3
2016-03-26 00:00:00+00:00,,,,,0.12239086627960205,24.601749371998793,,,0.729559063911438,6.612914431431809,,,,,0.6191128492355347,2.537216079536963,,,,,0.20616650581359863,3.887005861486971,,,4,4
2016-03-26 06:00:00+00:00,,,,,0.09046953916549683,33.430090558284355,,,0.7045795917510986,7.046365854024429,,,,,0.3605607748031616,0.3667251005151069,,,,,0.2023482322692871,8.68383023868256,,,4,4
2016-03-26 12:00:00+00:00,,,,,0.12192267179489136,31.392275568492067,,,0.7964515686035156,7.161500058149683,,,,,0.14446580410003662,-0.282310942895596,,,,,0.16790342330932617,3.5341241183428616,,,4,4
2016-03-26 18:00:00+00:00,,,,,0.13029658794403076,23.640136913426947,,,0.6441934108734131,5.788353899046545,,,,,,,,,,,0.20005226135253906,5.188680072872311,,,3,3
2016-03-27 00:00:00+00:00,,,,,0.03047966957092285,29.32653352112391,,,0.6988993883132935,8.7258818830027,,,,,,,0.41765880584716797,1.007082901476981,,,0.185014009475708,3.7291506295046313,,,4,4
2016-03-27 06:00:00+00:00,,,,,0.17723381519317627,-1.0184537321962828,,,0.7001379728317261,6.685973525451425,,,,,,,,,,,0.19105863571166992,4.561286298517978,,,3,3
2016-03-27 12:00:00+00:00,,,,,0.13805782794952393,0.21428251962108688,,,,,0.7730493545532227,4.351138091389876,,,,,,,,,,,0.14148247241973877,-7.459851476155985,3,3
2016-03-27 18:00:00+00:00,,,,,0.13113105297088623,-0.2657375063514209,,,,,0.7467992305755615,3.3627839151770416,,,,,,,,,,,0.12980401515960693,2.124402834211146,3,3
2016-03-28 00:00:00+00:00,,,,,0.16397392749786377,-0.45833198808762504,,,,,0.7908095121383667,4.023207870900393,,,,,,,,,,,0.14764225482940674,2.2231172424802543,3,3
2016-03-28 06:00:00+00:00,,,0.0038107633590698242,-2.9649950705027384,,,,,,,0.7412171363830566,4.905614874021371,,,,,,,,,,,0.1440955400466919,0.31396248888030653,3,3
2016-03-28 12:00:00+00:00,,,0.046250879764556885,-1.2262469545202732,,,,,,,0.5325911045074463,5.192754922165533,,,,,,,,,,,0.10493648052215576,2.071576675648862,3,3
2016-03-28 18:00:00+00:00,,,0.1860857605934143,-0.2601582299674807,,,,,,,0.6983696222305298,4.633808505991631,,,,,,,,,,,0.14574933052062988,5.729201426726101,4,3
2016-03-29 00:00:00+00:00,,,0.06438553333282471,0.15038382616514748,,,,,,,0.6180440187454224,1.6979441792892638,,,,,,,,,,,0.07567083835601807,0.47871003263213585,3,3
2016-03-29 06:00:00+00:00,,,0.034274280071258545,-13.021833681648495,,,,,,,0.647598385810852,0.9264510431689224,,,,,,,,,,,0.1299678087234497,0.2186100376428525,3,3
2016-03-29 12:00:00+00:00,,,0.136307954788208,-0.7094007932216477,,,,,,,0.6276407241821289,2.307298286045523,,,,,,,,,,,0.12091171741485596,0.08659882658497597,3,3
2016-03-29 18:00:00+00:00,,,0.08270037174224854,-0.21251595407035895,,,,,,,0.7182847261428833,3.1030732533304737,,,,,,,,,0.2827836275100708,-0.14627746400229644,0.11594343185424805,0.35475362069590594,4,4
2016-03-30 00:00:00+00:00,,,0.01350855827331543,-0.28135740643216617,,,,,,,0.6102770566940308,2.5979146441857917,,,0.25269782543182373,-1.4349237341912218,,,,,0.125735342502594,-0.3233954378259145,0.008967399597167969,-0.07434345476326326,5,5
2016-03-30 06:00:00+00:00,,,0.1779552698135376,-0.6769238483746751,,,,,,,0.637316107749939,0.44179954384630427,,,0.7169750034809113,-8.260891799134097,0.18547260761260986,0.043349970569378934,,,0.05807769298553467,-0.2692166641131208,0.04953634738922119,0.37161435188614705,8,8
2016-03-30 12:00:00+00:00,,,0.20894169807434082,23.373920229493645,,,,,,,,,,,0.4707564115524292,-3.8308835619113104,0.4358710050582886,-0.34595646964358545,,,0.027514755725860596,0.26247521395737994,0.0911874771118164,0.05473092166308812,5,5
2016-03-30 18:00:00+00:00,,,0.1474759578704834,-0.35782087286514386,0.273442804813385,-0.018872738621307287,,,,,,,,,0.4628199338912964,-2.1861690873559465,,,,,,,0.05878734588623047,-0.2109236765067068,4,4
2016-03-31 00:00:00+00:00,,,0.2685762643814087,23.991227398021675,,,,,,,,,,,0.3321046233177185,-4.922827646304867,,,,,,,0.14015352725982666,0.3642388097234584,4,3
2016-03-31 06:00:00+00:00,,,0.25609225034713745,-16.311007593030848,,,0.9319016933441162,0.23884602744060088,,,,,,,0.5964812338352203,-7.138872653356734,,,,,,,0.09407365322113037,0.329287182933217,4,4
2016-03-31 12:00:00+00:00,,,0.3383283019065857,-20.450750778355452,,,0.7262769937515259,2.5678651870393927,,,,,,,0.6871763467788696,-5.821729945699601,,,,,0.02516770362854004,-0.23999841482288445,,,4,4
2016-03-31 18:00:00+00:00,,,0.2557728886604309,-3.0328837286463672,,,,,,,,,,,0.4933627247810364,-5.066073094566641,,,,,0.03876090049743652,0.04337527485701202,0.10387039184570312,-0.06728399189927393,4,4
2016-04-01 00:00:00+00:00,,,0.29311490058898926,-28.93594696000743,,,,,,,,,,,0.43620026111602783,-1.764628451933657,,,,,0.19110608100891113,0.4723933284010509,0.4027417302131653,-1.1141680058223518,4,4
2016-04-01 06:00:00+00:00,,,0.31120455265045166,-1.5741294514208117,,,0.9390974044799805,3.2894831459884144,,,,,,,0.44371867179870605,-0.00922452740532111,,,,,0.15713274478912354,0.032651702852780656,0.011770069599151611,-0.41155242264882685,6,5
2016-04-01 12:00:00+00:00,,,0.29087311029434204,-2.93635646659386,,,0.7466074228286743,3.5253937666744455,,,,,,,0.21164989471435547,-1.8153501019380538,,,,,,,0.11903351545333862,-0.12605613611146685,6,4
2016-04-01 18:00:00+00:00,,,0.2833132743835449,-26.731532853803305,,,0.7411820888519287,5.236537142237078,,,,,,,0.023999571800231934,0.22736602706817854,,,,,,,0.5201709270477295,0.1056853625134186,5,4
2016-04-02 00:00:00+00:00,,,0.13796520233154297,-3.158102000070042,,,0.7496695518493652,3.528715596698011,,,,,,,0.25269562005996704,-0.23610286152554236,,,,,,,,,4,3
2016-04-02 06:00:00+00:00,,,0.1788589358329773,-2.1689294545216757,,,0.6771129369735718,2.7649720975347862,,,,,,,0.1533401608467102,-0.3706074245900258,,,,,,,,,6,3
2016-04-02 12:00:00+00:00,,,0.26931071281433105,-2.3471569523874636,,,,,0.5771474838256836,8.43360347044663,,,,,,,0.19312041997909546,-0.5168254865822455,,,0.641055703163147,0.21245590875853285,,,4,4
2016-04-02 18:00:00+00:00,,,0.2027077078819275,-1.707435769114433,,,,,0.4391610622406006,6.575954337945486,,,,,0.46199190616607666,-1.8738152491195819,,,,,0.37460410594940186,0.12846261809575318,,,4,4
2016-04-03 00:00:00+00:00,,,0.298584520816803,-27.77971536606637,,,,,0.6593694686889648,4.192452722426903,,,,,0.441710889339447,-0.5291575425548785,,,,,0.08017110824584961,-0.3342193200965804,,,4,4
2016-04-03 06:00:00+00:00,,,0.24993133544921875,-5.593431177344187,,,,,0.8014590740203857,8.569347248416632,,,,,0.4469382166862488,0.07778770813032741,,,,,0.1866065263748169,0.6237545091318911,,,4,4
2016-04-03 12:00:00+00:00,,,0.2638038396835327,-0.6448389509596997,,,,,0.7651093006134033,7.063986975336454,,,,,0.4384270906448364,-0.2718563439789393,,,,,0.012505412101745605,0.3432491590151287,,,4,4
2016-04-03 18:00:00+00:00,,,0.26743876934051514,-0.9473227819986808,,,,,0.6962772607803345,6.34147038685591,,,,,,,0.30827778577804565,-0.928981180476666,,,0.17494070529937744,-0.09449202869806068,,,4,4
2016-04-04 00:00:00+00:00,,,0.2531510591506958,-1.880561202899846,,,,,0.7489558458328247,7.302136222067854,,,,,,,0.5527376532554626,-4.749319993954897,,,0.1612238883972168,-0.3074841397981393,,,4,4
2016-04-04 06:00:00+00:00,,,0.2745009660720825,-1.6239760328199961,,,,,0.8239443302154541,12.183078402865961,,,,,,,0.2854843735694885,0.6200611441025748,,,0.2459505796432495,0.0012788294935149695,,,4,4
2016-04-04 12:00:00+00:00,,,0.298003613948822,-1.4805665250665137,,,,,0.8181313276290894,4.824504725492312,,,,,,,,,,,0.0617290735244751,0.23695653939582717,0.3253769278526306,0.7824108415740118,4,4
2016-04-04 18:00:00+00:00,,,0.32013005018234253,-0.9984227353091125,,,,,0.7699284553527832,3.4484920167115294,,,,,,,,,,,0.2029327154159546,-0.02428553451437267,0.12309390306472778,-0.9187699370215306,4,4
2016-04-05 00:00:00+00:00,,,0.1658393144607544,-0.3094711041628969,,,,,0.8391560316085815,3.9924063350344032,,,,,,,,,,,0.1612197756767273,0.3087687637170681,0.08784264326095581,-0.13277611705880574,4,4
2016-04-05 06:00:00+00:00,,,0.19804543256759644,-0.7206542858529393,,,,,0.6292905807495117,3.0400400436842485,,,,,,,,,,,,,0.0459669828414917,-0.41723262093170826,5,5
2016-04-05 12:00:00+00:00,,,0.22708392143249512,-0.6867091135844802,,,,,0.6889903545379639,3.3862633481399063,,,,,,,,,,,0.21598291397094727,0.06729796293012671,0.2712746858596802,-0.5243556056187866,4,4
2016-04-05 18:00:00+00:00,0.14002561569213867,-1.7666140805827877,0.31619131565093994,-0.509250459765396,,,,,0.7027722597122192,5.431768769997219,,,,,,,,,,,0.03616929054260254,-0.36528184352503273,,,4,4
2016-04-06 00:00:00+00:00,0.1656278371810913,2.093648022121246,0.22039681673049927,-0.8973316132043496,,,,,0.7818257808685303,3.118585002419825,,,,,,,,,,,0.10162973403930664,0.11740382436094902,0.48385119438171387,0.05338788625968868,6,6
2016-04-06 06:00:00+00:00,0.09740608930587769,-0.6975904340150799,0.2590528130531311,-0.6719966202192006,0.5428459048271179,-0.5576625171564924,,,0.717514157295227,0.6668960761769306,,,,,,,,,,,0.08161330223083496,0.33293381310712733,,,6,5
2016-04-06 12:00:00+00:00,0.10232949256896973,-0.14963974370067307,0.18501323461532593,-0.4112710150155099,,,,,0.4241921901702881,5.546125296605935,,,,,,,,,,,,,,,4,3
2016-04-06 18:00:00+00:00,0.025588691234588623,-0.2890736795070104,0.10426008701324463,-0.46209388511947663,,,,,,,,,,,,,,,,,,,,,3,2
2016-04-07 00:00:00+00:00,0.11320233345031738,-0.15801097636406344,0.1402239203453064,-1.4730654383185398,,,,,,,,,,,,,,,,,,,,,3,2
2016-04-07 06:00:00+00:00,0.14288032054901123,-0.5227293233326816,0.1971394419670105,-0.41263973446090924,,,,,,,,,,,,,,,0.8185596466064453,1.2891324300206806,,,,,3,3
2016-04-07 12:00:00+00:00,0.09513235092163086,-0.4529369756522852,0.18551599979400635,-0.8756506058958123,,,,,,,,,,,,,,,0.09713685512542725,0.4074770753357579,,,,,3,3
2016-04-07 18:00:00+00:00,0.23545843362808228,-2.466249717673118,,,,,,,,,,,0.5286872982978821,-8.051725243708411,,,,,0.39388442039489746,0.5848943452791749,,,,,3,3
2016-04-08 00:00:00+00:00,0.31927210092544556,-55.140032459681336,,,,,0.38063859939575195,-6.553685819635689,,,,,,,,,,,,,0.325131893157959,-0.22365669865944063,,,3,3
2016-04-08 06:00:00+00:00,0.11802828311920166,-1.4544579267555915,,,,,,,0.419891357421875,-6.083200818300374,,,,,,,,,,,0.11625981330871582,0.11467350605913947,,,3,3
2016-04-08 12:00:00+00:00,0.09262478351593018,-0.8131053576550544,,,,,,,0.3784103989601135,-9.817322749642072,,,,,,,,,,,0.16013532876968384,-8.355489629871686,,,3,3
2016-04-08 18:00:00+00:00,0.0836946964263916,0.03417699572304714,,,,,,,0.4469858407974243,-6.10659885664707,,,,,,,,,,,0.2900584936141968,0.5929191863738837,,,3,3
2016-04-09 00:00:00+00:00,0.19090509414672852,-1.6604458166531375,,,,,,,0.46153485774993896,-4.519096485389018,,,,,,,,,,,0.2651798725128174,-0.02331292312684311,,,3,3
2016-04-09 06:00:00+00:00,0.1631348729133606,-0.7417335676497344,,,,,,,0.36588025093078613,-6.468474014934106,,,,,,,,,,,0.15838181972503662,0.02613996501039794,,,3,3
2016-04-09 12:00:00+00:00,0.14403879642486572,-2.2558332502221528,,,,,,,0.3230823278427124,-4.480085896115257,,,,,,,,,,,,,,,5,3
2016-04-09 18:00:00+00:00,0.19019615650177002,-2.602616280147595,,,,,,,0.46650683879852295,-8.978756651255987,,,0.12284338474273682,-0.8652845806244778,,,,,,,,,,,5,4
2016-04-10 00:00:00+00:00,0.3047695755958557,-56.418534394970344,,,,,,,0.3616396188735962,-6.578268752873937,,,0.08593356609344482,0.27165607368973516,,,,,,,0.12932711839675903,1.458107457219055,,,5,5
2016-04-10 06:00:00+00:00,0.24696773290634155,-7.537342088461294,,,,,,,0.34062641859054565,-5.650694485265624,,,0.16575676202774048,-0.3917679002392011,,,,,,,,,,,5,4
2016-04-10 12:00:00+00:00,0.24618685245513916,-3.4814289556848856,,,,,,,0.29028064012527466,-5.922649473289179,,,0.15836095809936523,-0.5696917642196899,,,,,,,,,,,5,4
2016-04-10 18:00:00+00:00,0.19862323999404907,-1.3521965394444924,,,,,,,0.34469008445739746,-5.226552870031879,,,,,,,,,,,,,,,4,3
2016-04-11 00:00:00+00:00,,,0.26822465658187866,-2.598465223625374,,,,,0.2546391487121582,-1.9558648236509735,,,,,0.6034581661224365,-2.8020736733302614,,,,,,,,,4,4
2016-04-11 06:00:00+00:00,,,0.2651500105857849,-0.5226775163278893,,,,,0.37963366508483887,-0.8878554560774952,,,,,,,,,,,,,,,4,4
2016-04-11 12:00:00+00:00,,,0.23099231719970703,-2.6872296249569736,,,,,0.5952150821685791,-4.585049024267651,,,0.22887766361236572,-0.3255924593409631,,,,,,,,,,,4,4
2016-04-11 18:00:00+00:00,,,0.24852442741394043,-1.818583469881418,,,,,0.5220330059528351,-3.015670830062343,,,0.3420584797859192,0.4984507134380505,,,,,,,,,,,4,4
2016-04-12 00:00:00+00:00,,,0.2281767725944519,-0.0628170983181019,,,,,0.1411014199256897,-0.3583055476659736,0.40534573793411255,-1.7543016517071521,0.13540935516357422,-0.10309455747197785,,,,,,,,,,,5,5
2016-04-12 06:00:00+00:00,,,0.35625380277633667,-56.66307572168359,,,,,0.5945975482463837,-6.999580951832936,0.14610451459884644,-0.3951189197716862,0.1495227813720703,0.7275542977351083,,,,,,,,,,,5,5
2016-04-12 12:00:00+00:00,,,0.2803054451942444,-4.7034881650038,,,,,0.09987550973892212,-0.22295294970229226,0.03959548473358154,1.0532400158627517,0.05523139238357544,-0.7242757096407314,,,,,,,,,,,5,5
2016-04-12 18:00:00+00:00,,,0.3824663758277893,-53.18474634003175,,,,,0.5715426206588745,0.7575170933904014,0.1853184700012207,0.18771826364186922,0.09831666946411133,0.20751160880352795,,,,,,,,,,,4,4
2016-04-13 00:00:00+00:00,,,0.2585597634315491,-2.1820456498767835,,,,,0.1154334545135498,0.02061134984542668,,,0.043563783168792725,-0.0935758746553153,,,,,,,,,,,3,3
2016-04-13 06:00:00+00:00,,,0.26345688104629517,-3.866601874058637,,,,,,,,,0.17224323749542236,3.3299060278527146,,,,,,,,,,,3,2
2016-04-13 12:00:00+00:00,,,0.2701563835144043,-2.545718445387645,,,,,,,,,0.48026716709136963,2.6530559828828295,,,,,0.21859192848205566,-0.4997342028031866,,,,,3,3
2016-04-14 00:00:00+00:00,,,0.35288429260253906,-3.0775209553780067,,,,,,,,,0.3815314769744873,7.388628542968168,,,,,0.39178740978240967,-3.104945112254703,,,,,3,3
2016-04-14 06:00:00+00:00,,,0.3060705065727234,-1.8501508119924268,,,,,,,,,0.008830547332763672,-0.018292775732494593,0.3704007863998413,6.14940615791562,,,0.2547672986984253,-0.046054561395728416,,,,,4,4
2016-04-14 12:00:00+00:00,,,0.29006773233413696,-2.7914985584416097,,,,,,,,,0.417361855506897,1.2395774473638586,0.4466712474822998,4.884311969058057,,,0.3078383207321167,0.05635493336459816,,,,,4,4
2016-04-14 18:00:00+00:00,,,0.34619617462158203,-2.3531511108568424,,,,,,,,,0.18212997913360596,-0.4590334393474099,0.48792564868927,9.567488922211115,,,0.08455324172973633,0.2897245756079361,,,,,4,4
2016-04-15 00:00:00+00:00,,,0.42063605785369873,-3.195752206506103,,,,,,,,,0.14518415927886963,-0.8894858496851828,0.4952106475830078,7.21570318191795,,,0.03153407573699951,0.2579099462439251,,,,,4,4
2016-04-15 06:00:00+00:00,,,0.35546255111694336,-3.899546727557493,,,,,,,,,0.14322245121002197,0.20620858091840744,0.5715721845626831,8.111993638048954,,,0.1468944549560547,0.04951653200330288,,,,,5,4
2016-04-15 12:00:00+00:00,,,0.2730330228805542,5.744495212385505,,,,,,,,,0.13660073280334473,-0.7293068059175609,0.5601580142974854,10.017934569272995,,,0.4170125722885132,-0.7830366383689151,0.10786223411560059,0.30692031155758853,,,5,5
2016-04-15 18:00:00+00:00,,,0.35881656408309937,-3.4178720132144034,,,,,,,,,0.17254936695098877,0.49491536924516955,0.5338354110717773,9.432841596173136,,,0.18071603775024414,-0.5140309770417745,0.14907073974609375,0.0895545159075404,,,5,5
2016-04-16 00:00:00+00:00,,,0.2846771478652954,-4.263846651217297,,,,,,,,,0.21197402477264404,1.277635812554638,0.5317560434341431,7.692700220695305,,,,,0.09438073635101318,0.01789086251685129,,,5,5
2016-04-16 06:00:00+00:00,,,0.28220951557159424,-2.054519051895593,,,,,,,,,0.032684504985809326,0.3316110215569246,0.5724332332611084,5.704159607483869,,,,,0.044725656509399414,0.4726329428292717,,,6,6
2016-04-16 12:00:00+00:00,,,0.45192402601242065,-58.82325199764632,,,,,,,,,0.12056171894073486,0.1971320295810522,0.6011457443237305,7.902536332008645,,,0.26523566246032715,0.11764413726737058,0.10285091400146484,0.15904332073422608,,,6,6
2016-04-16 18:00:00+00:00,,,0.3296842575073242,-1.7008641398241897,,,,,,,,,0.09177768230438232,-0.7512882299396375,0.581507682800293,9.193246043879837,,,0.09868860244750977,0.9763853785664568,0.03471636772155762,0.6543828151076153,,,6,6
2016-04-17 00:00:00+00:00,,,0.22024685144424438,-3.1266984815478227,,,,,,,,,0.12277030944824219,0.49146028631663063,0.5390567779541016,8.029664311607636,,,0.18023264408111572,1.9984684529194892,0.1935877799987793,1.1459966251951978,,,7,7
2016-04-17 06:00:00+00:00,,,0.36101704835891724,-4.439373881789768,,,,,,,,,0.26571178436279297,5.6143804532015755,0.521396279335022,6.799236416171647,,,0.20480620861053467,0.2653045232433015,0.06428027153015137,0.41133809701404467,,,6,6
2016-04-17 12:00:00+00:00,,,0.3240327835083008,-2.2951808232146464,,,,,,,,,0.28439605236053467,5.018680366844095,0.5058410167694092,6.320401159390496,,,,,0.06163978576660156,-0.26175185105925913,,,4,4
2016-04-17 18:00:00+00:00,,,0.3203432559967041,-3.6714533075731244,,,,,,,,,0.26876914501190186,8.21971752293167,0.5155105590820312,7.532455803478872,,,,,0.18890976905822754,1.6971570726968357,,,5,5
2016-04-18 00:00:00+00:00,,,0.2789791226387024,-2.9060577603756363,,,,,,,,,0.2442488670349121,5.574012601920632,0.4186544418334961,10.097084500379292,,,,,0.030641555786132812,3.7495312788489223,,,7,6
2016-04-18 06:00:00+00:00,,,0.3472732901573181,-3.1305751137188693,,,,,,,,,0.22116339206695557,3.594662065612263,0.45176565647125244,7.419368602230478,,,,,0.135733962059021,0.12067809316254685,,,4,4
2016-04-18 12:00:00+00:00,,,0.33495503664016724,-28.41344504443519,,,,,,,,,0.3450632095336914,4.813190259653655,,,0.41489171981811523,7.44548208488771,0.37663769721984863,0.08239584927753595,0.0634545087814331,0.25099413936190884,0.023618221282958984,-0.056142874636987944,7,7
2016-04-18 18:00:00+00:00,,,0.30006080865859985,-4.924407204861549,,,,,,,,,0.365350604057312,7.970198448464208,,,0.39756131172180176,15.678813264309069,,,0.1610931158065796,2.6386258490428145,0.15450143814086914,0.1381582696747183,7,7
2016-04-19 00:00:00+00:00,,,0.22408145666122437,27.338100500154336,,,,,,,,,0.4634796380996704,5.820818557016774,0.009233713150024414,0.34798171223993957,0.387776255607605,3.312563729681418,0.541288286447525,-0.14069741515562365,0.1549513339996338,3.5355595988630224,,,6,6
2016-04-19 06:00:00+00:00,,,0.2640911340713501,-3.465958327650573,,,,,,,,,0.48678457736968994,8.134761604559284,,,0.383897066116333,4.1110821964275805,0.03085649013519287,-0.08393017039309211,0.03802621364593506,0.11006197124943251,,,6,6
2016-04-19 12:00:00+00:00,,,0.2307644486427307,-1.85172108338261,,,,,,,,,,,0.43966054916381836,7.471686728681104,0.29586052894592285,1.354734668449954,,,0.06748664379119873,1.3973604093868894,,,7,7
2016-04-19 18:00:00+00:00,,,0.3490752577781677,-3.0516674223102673,,,,,,,,,,,0.4491865634918213,8.793417333336272,0.31760740280151367,2.2681534001797767,,,0.09762263298034668,-0.21053019234653095,0.022807776927947998,1.5203751083906052,7,7
2016-04-20 00:00:00+00:00,,,0.24017030000686646,-4.139923484186351,,,,,,,,,,,0.47990715503692627,9.90812522880666,0.2653850317001343,2.160881951820692,,,0.030426979064941406,0.06766893873886475,0.2509356737136841,1.4451215206281547,6,6
2016-04-20 06:00:00+00:00,,,0.3203960657119751,-6.35143829945283,,,,,,,,,,,0.4771963357925415,4.492615943971284,0.23058223724365234,1.663699023383236,,,0.11748898029327393,-0.021726098205910805,0.046846866607666016,-0.33944264799687496,6,6
2016-04-20 12:00:00+00:00,,,0.28824716806411743,-5.908847843617702,,,,,,,,,,,0.5235685110092163,11.96385568866887,0.205314040184021,0.614937186652267,,,,,0.07816672325134277,-0.20988637897116955,6,4
2016-04-20 18:00:00+00:00,,,,,0.3142889142036438,-7.229882007738902,,,,,,,,,0.4905712604522705,10.648920763854418,0.22359001636505127,0.4695921781042145,,,,,0.038555145263671875,-0.12491023001248364,5,4
2016-04-21 00:00:00+00:00,,,,,0.27850431203842163,-10.161279494891218,,,,,,,,,0.50780189037323,13.846823163701035,0.0075092315673828125,0.4117344287787621,,,,,0.02758932113647461,0.8286476438978159,4,4
2016-04-21 06:00:00+00:00,,,,,0.07937884330749512,-1.0715967916652507,,,,,,,,,0.43184590339660645,6.947442232843432,0.7752748727798462,-0.8396318990180578,,,,,0.16463029384613037,1.8683932293213548,4,4
2016-04-21 12:00:00+00:00,0.3939574956893921,1.1926451778830824,,,0.1921921968460083,-1.0232786789894015,,,0.7295299768447876,7.314806806234562,,,,,0.3952674865722656,8.971536941658595,,,,,,,0.09895145893096924,0.5303312278375971,7,6
2016-04-21 18:00:00+00:00,,,,,0.29256516695022583,-1.198056154870924,,,0.754878044128418,10.043975743618143,,,,,0.3714163303375244,7.163662089929175,,,0.17437303066253662,0.761131864152424,,,0.17997217178344727,0.36351778053042183,6,6
2016-04-22 00:00:00+00:00,,,,,0.30206406116485596,-0.8725074136811318,,,0.7160460948944092,7.084863585895988,,,,,0.4181095361709595,8.373891024939455,,,0.09075450897216797,0.7037234060690923,,,0.08573746681213379,1.1996156933874775,6,6
2016-04-22 06:00:00+00:00,,,,,0.0873183012008667,21.021976301685722,,,0.7231535911560059,5.216863629732395,,,,,0.3620837926864624,8.313487905861086,,,0.1534271240234375,1.6775321266290604,,,0.46856439113616943,-0.3509840056851521,5,5
2016-04-22 12:00:00+00:00,,,0.22065633535385132,0.22423374425290182,,,,,0.6687095165252686,6.9014148590345945,,,,,0.3118302822113037,5.354579612051378,,,0.13450467586517334,5.303355337378365,,,0.2692919969558716,-0.8029649221524289,6,6
2016-04-22 18:00:00+00:00,,,0.13113164901733398,-1.0345979831677183,,,,,0.6920894384384155,7.001193540131957,,,,,0.3412964344024658,11.435523859027754,,,0.10219705104827881,0.13898956302990753,,,0.8720844984054565,0.046554251411925054,6,6
2016-04-23 00:00:00+00:00,,,0.17790400981903076,-0.27362774161790504,,,,,0.7060368061065674,6.446869665389376,,,0.5495873093605042,-1.8465907800657804,0.37288224697113037,6.642965773275601,0.5246291160583496,5.5971121847710155,0.14690160751342773,0.31204213984003354,,,,,7,6
2016-04-23 06:00:00+00:00,,,0.09844392538070679,-0.44814092637764036,,,,,0.7134747505187988,6.124979475475158,,,0.45471781492233276,-1.7787649220842339,0.2844359874725342,5.729464370882855,0.46482229232788086,10.268970532915615,0.009456038475036621,0.22671829846760028,,,0.15472811460494995,-0.0871820184779083,8,7
2016-04-23 12:00:00+00:00,,,0.09749400615692139,4.411352728810241,,,,,0.7540601491928101,7.323670557512218,,,0.23964565992355347,-1.1442928501923535,0.41249728202819824,7.1099767376684095,0.5439921617507935,2.7973726741873826,0.12875795364379883,0.2335037329840702,,,0.02046525478363037,0.4052600305208077,9,8
2016-04-23 18:00:00+00:00,,,0.18656325340270996,20.193488156942465,,,,,,,0.7512305974960327,7.294716530228547,0.34070366621017456,-3.6870036350301594,0.3469659090042114,3.5521917671868106,0.7272146940231323,4.562206626188056,,,0.14428174495697021,3.300481190152353,0.06434786319732666,0.5549110285228435,9,9
2016-04-24 00:00:00+00:00,,,0.1208752989768982,-2.457081881153993,0.3825753331184387,-1.0625500364222167,,,,,0.7795817852020264,4.8113657828907925,0.3842043876647949,-1.7915975145354988,,,0.3109288215637207,8.71107175291453,,,0.10577499866485596,0.6685565789241771,0.07840657234191895,0.5219470989598145,7,7
2016-04-24 06:00:00+00:00,,,0.17324298620224,-1.432827231448008,0.17903977632522583,0.08162708875745368,0.5950187146663666,-3.148671831597658,,,0.6796793937683105,6.039096297568434,0.3556188941001892,-1.844132338746253,,,0.31621110439300537,6.933737360284065,,,0.16310715675354004,0.7012498651738301,,,7,7
2016-04-24 12:00:00+00:00,,,0.251798152923584,-1.4651610718452346,0.3831598162651062,-0.3189113983886605,0.2833940386772156,-1.9639017873292337,,,0.6251635551452637,6.159720663477822,0.4768357276916504,-2.8612774619242582,,,0.2686767578125,5.621096608024231,,,0.19370388984680176,1.4933483987383633,,,7,7
2016-04-24 18:00:00+00:00,,,0.1210249662399292,22.098823143678576,,,0.17594516277313232,-2.44688191579344,,,0.24071520566940308,0.4439601512308751,0.5000810921192169,-4.097402580258034,,,0.24432551860809326,4.6189837868925085,,,0.1617755889892578,1.1204072726710403,,,7,6
2016-04-25 00:00:00+00:00,,,0.1898980736732483,-0.7782535975801573,,,0.46635156869888306,-0.04180732174916541,,,,,0.5075567662715912,-3.4783685896949206,,,0.20712029933929443,5.249367598741045,,,0.09739768505096436,1.213345618679382,,,5,5
2016-04-25 06:00:00+00:00,,,0.29578304290771484,-1.2493710028237492,,,,,0.39593082666397095,-1.4694195012831661,,,0.6169271171092987,-7.276653472290078,,,0.12621164321899414,1.6060767199745933,,,0.08453810214996338,1.4585883993303166,0.2230818271636963,-1.0953453199057084,6,6
2016-04-25 12:00:00+00:00,,,0.37714701890945435,-24.14659979193876,,,,,0.6227714419364929,-7.94347220389022,,,0.668446272611618,-4.308832298506889,,,,,,,,,0.1008991003036499,0.1734763199288938,4,4
2016-04-25 18:00:00+00:00,,,0.39942920207977295,-9.196145516693326,,,,,0.45075565576553345,-6.080043563337511,0.465334415435791,3.741565134224798,0.6551127135753632,-6.1727533648688215,,,,,,,,,0.16030001640319824,2.8179481253566974,5,5
2016-04-26 00:00:00+00:00,,,0.28921157121658325,-2.0213352504601008,,,,,0.3441951870918274,-4.971144972603679,0.5836877822875977,2.3303509625770418,,,0.5325050055980682,-6.172427310152828,0.1632307767868042,2.376537580961992,,,0.17050230503082275,1.26491313208933,,,6,6
2016-04-26 06:00:00+00:00,,,0.2914271354675293,13.703539296205806,,,,,0.6726620495319366,-10.92569020478285,0.5392543077468872,3.2282072139371905,,,0.6552624404430389,-10.448140461422039,0.11143016815185547,1.1922002722641376,,,0.06604230403900146,0.5067634019622839,,,6,6
2016-04-26 12:00:00+00:00,,,0.33322739601135254,-1.915132151831203,,,,,0.5440512299537659,-3.956969047546075,0.6856410503387451,1.9116558491853815,,,0.6790827512741089,-10.258615734871327,0.21586251258850098,2.7793075033131673,,,0.08428597450256348,-0.9326727239818222,,,6,6
2016-04-26 18:00:00+00:00,,,0.30804115533828735,-1.795561127387492,,,,,0.5318816006183624,-8.865637782662786,,,,,0.5829024612903595,-7.602157030209839,0.2065504789352417,0.23150609308477352,,,0.20933949947357178,2.8329657286987104,0.670291930437088,0.2790612391603702,6,6
2016-04-27 00:00:00+00:00,,,0.25045138597488403,-0.8666481646657523,,,,,0.48141950368881226,-11.219465947786755,,,,,0.6731931865215302,-6.561326457600937,0.4086054563522339,2.76704231362592,0.2594965696334839,-0.3237484844061297,0.2045888900756836,0.34094481681080785,0.05991727113723755,0.2423724905806681,8,8
2016-04-27 06:00:00+00:00,,,0.09554809331893921,21.589411684398257,,,,,0.6450528502464294,-11.836267744809017,,,,,0.6312989592552185,-6.405467221265969,0.2170701026916504,1.257442155639297,,,0.13302183151245117,0.2944130525313494,0.17224633693695068,0.5843076896127513,6,6
2016-04-27 12:00:00+00:00,,,0.20210331678390503,12.16083348413861,,,,,0.605815976858139,-5.655919237108101,,,,,0.6703881025314331,-8.057339791489161,0.05673062801361084,-0.24589196338828195,,,0.031499385833740234,0.16368614292343445,0.03467351198196411,-0.4314484547492779,6,6
2016-04-28 00:00:00+00:00,,,0.27740728855133057,-3.9226334253214037,,,,,0.6173424422740936,-10.012107010710393,,,,,0.6522206366062164,-9.209412628819868,,,,,0.08040356636047363,0.9799096666424123,,,5,4
2016-04-28 06:00:00+00:00,,,0.0796651840209961,26.66313729060172,,,,,0.5303101241588593,-9.380369249614533,,,,,0.6654484570026398,-8.314637387146634,,,,,0.13315796852111816,0.2330636384765495,,,4,4
2016-04-28 12:00:00+00:00,,,0.277965247631073,-1.1890688726391407,,,,,0.6058322191238403,-5.543719087985099,,,,,0.6116204857826233,-9.45839552884324,,,,,0.13235199451446533,0.07692979161239323,,,4,4
2016-04-28 18:00:00+00:00,,,0.34909921884536743,-2.905453992503018,,,,,0.7248757481575012,-7.497015567561033,,,,,0.6232638657093048,-10.737689438204812,,,,,0.2100369930267334,-0.08447377759229839,,,4,4
2016-04-29 00:00:00+00:00,,,0.16457468271255493,-3.844207118641335,,,,,0.6646919548511505,-5.293140269802478,,,,,0.5867292582988739,-9.797415376365569,,,,,0.09957098960876465,0.23511457593532287,,,4,4
2016-04-29 06:00:00+00:00,,,0.3300432562828064,-3.3871711358745755,,,,,,,0.7755762487649918,-2.9018816222725947,,,0.5568442642688751,-6.3961462682405505,,,,,0.11578381061553955,0.08306783498558085,,,4,4
2016-04-29 12:00:00+00:00,,,0.259404718875885,-0.26588084424825686,,,,,,,0.6735403537750244,-4.471806822295403,,,0.5386983156204224,-8.901010869913632,,,,,0.12808525562286377,-0.2947274214772056,,,4,4
2016-04-29 18:00:00+00:00,,,0.3427653908729553,-3.9100852350515116,,,,,,,0.5933734774589539,-3.526944151004085,,,0.6436730027198792,-9.318626542463008,,,,,0.021000027656555176,0.22482192505124549,,,4,4
2016-04-30 00:00:00+00:00,,,0.43902772665023804,-1.3037582887983385,,,,,,,,,,,0.6018141508102417,-5.682002147465493,,,,,0.08245694637298584,0.0718754973385095,,,4,3
2016-04-30 06:00:00+00:00,,,0.3232530355453491,-0.7521918906207442,,,,,,,,,,,,,0.5611580312252045,-8.62554531467351,,,0.026886940002441406,0.833676161700819,0.6393192112445831,-0.2043135686300209,5,4
2016-04-30 12:00:00+00:00,,,0.24359065294265747,-0.7163807120696137,,,,,,,,,0.09875822067260742,1.1807515245094584,,,0.5305979251861572,-7.841001282439191,,,0.14702534675598145,-0.10749372984461411,,,5,4
2016-04-30 18:00:00+00:00,,,0.3269162178039551,-1.0499032961226333,,,,,,,,,0.15817832946777344,0.2288026465737206,,,0.5148722529411316,-7.468329951127264,,,,,0.02641761302947998,0.28499041679853154,5,4
2016-05-01 00:00:00+00:00,,,,,0.33798664808273315,-2.0876722503805056,,,,,,,0.11838746070861816,0.9618984252694375,,,0.49421441555023193,-4.785865446730249,,,,,0.42569828033447266,-0.37068394966349105,5,4
2016-05-01 06:00:00+00:00,,,,,0.3294796347618103,-2.686405001527644,,,,,,,,,0.1783924102783203,2.5427268250903485,0.542169839143753,-4.711546295178781,,,,,,,3,3
2016-05-01 12:00:00+00:00,,,,,0.2556893229484558,-2.294091771337092,,,,,,,,,0.563718318939209,6.14993030212517,0.4924737215042114,-3.350627913530072,,,,,,,3,3
2016-05-01 18:00:00+00:00,,,,,0.3403318524360657,-0.6829829524401935,,,,,,,,,0.537588357925415,6.262205143942693,0.5410208404064178,-5.300695602521287,,,,,,,3,3
2016-05-02 00:00:00+00:00,,,,,0.20889931917190552,-0.16867511555247994,,,,,,,,,0.5222253799438477,5.316097474462816,0.3806191086769104,-1.569003248678281,,,,,,,3,3
2016-05-02 06:00:00+00:00,,,,,0.049001872539520264,-2.091594285777084,,,,,,,,,0.5438004732131958,9.155315258934477,0.4079604148864746,-1.8122207470245963,,,,,,,3,3
2016-05-02 12:00:00+00:00,,,,,0.34490150213241577,-0.38820475871457494,,,,,,,,,0.5402287244796753,6.893891755586922,0.5539667010307312,-1.8512662172435057,0.3124382495880127,2.1254552378533718,,,,,4,4
2016-05-02 18:00:00+00:00,,,,,0.31130075454711914,-0.8095433100353219,,,,,,,,,0.5079041719436646,4.265129011284883,0.5446847677230835,-1.370070899104428,0.13681912422180176,0.16749599866958342,,,,,4,4
2016-05-03 00:00:00+00:00,,,,,0.12128853797912598,-1.8876982247446756,0.01712334156036377,0.1650262933151639,,,,,,,0.700208306312561,8.241297418492834,0.8637536615133286,-0.7773444719893813,0.2139735221862793,3.066399582780028,,,,,6,6
2016-05-03 06:00:00+00:00,,,,,0.1254780888557434,0.08874617560170318,0.1693267822265625,0.7297584978630424,,,,,,,0.5427483320236206,11.007949405591638,,,0.11877751350402832,-0.37683940782183106,,,,,5,5
2016-05-03 12:00:00+00:00,,,,,0.31484949588775635,-0.6695761041671283,0.250752329826355,-2.3616557050986398,,,,,,,0.6063888072967529,5.554778016032276,,,,,0.2158869504928589,-0.15424056849535572,,,5,5
2016-05-03 18:00:00+00:00,,,,,0.6229403913021088,-15.028201880926948,0.3021528720855713,-2.310446153362327,0.1678454875946045,-1.4496101996710202,,,,,0.70400071144104,6.019751468176027,,,,,0.2259538173675537,0.2688167975175722,,,5,5
2016-05-04 00:00:00+00:00,,,0.05615091323852539,0.3375817658499647,,,0.3670400381088257,-3.9690160788282567,0.18278968334197998,-1.3687195462573434,,,,,0.43491339683532715,6.681959765483056,,,,,0.017320692539215088,-0.1345670087806722,,,5,5
2016-05-04 06:00:00+00:00,0.1072050929069519,-0.6898781215556208,,,0.25419139862060547,0.025398659987417735,0.23040997982025146,-5.049326654818897,0.14825820922851562,0.1207948507407392,,,,,0.4520517587661743,6.031847850650988,,,,,0.11612057685852051,1.1323123560876671,,,6,6
2016-05-04 12:00:00+00:00,,,0.0792456865310669,-0.8179121258054842,,,0.24302756786346436,-4.062957771015991,0.06491804122924805,-0.12632979782066642,,,,,0.6272487640380859,5.660982615664794,,,,,0.0008740425109863281,-2.032668007264019,,,5,5
2016-05-04 18:00:00+00:00,,,0.1387413740158081,0.07944575575162265,,,0.29578500986099243,-9.74891045907794,0.3728145360946655,-8.4282988643521,,,,,0.33763551712036133,2.3023793191283537,,,,,0.15112757682800293,0.00019728351771473054,,,5,5
2016-05-05 00:00:00+00:00,,,0.14964836835861206,-0.6404682617144899,,,0.314075231552124,-3.1089507965335605,0.13181722164154053,0.41110781934954194,,,,,0.42820048332214355,4.658591255940801,,,,,0.03258860111236572,0.23508621340432936,,,5,5
2016-05-05 06:00:00+00:00,,,0.23530983924865723,-0.5350222896984346,,,,,0.3583486080169678,-10.62704829659117,,,,,,,0.3277653455734253,6.530991742751242,,,0.13233935832977295,0.5989149370890978,,,4,4
2016-05-05 12:00:00+00:00,,,0.18682599067687988,25.32206733064264,,,,,0.2822020649909973,-2.054234774972565,,,,,,,0.42465317249298096,4.1021092094721165,,,0.13496148586273193,0.8267914371020629,,,5,5
2016-05-05 18:00:00+00:00,,,0.16212517023086548,1.8734550355843014,,,,,0.25821733474731445,-2.250909870216355,,,,,,,0.4540494680404663,2.7814905305029463,,,0.0756608247756958,0.6871684154858339,,,4,4
2016-05-06 00:00:00+00:00,,,0.2958006262779236,-1.677884968503044,,,,,0.36886066198349,-5.5765709335080675,,,,,,,0.32460105419158936,0.08043694535561426,,,0.13668930530548096,3.1444583342445456,,,5,5
2016-05-06 06:00:00+00:00,,,0.26003193855285645,-1.1908486886695546,,,,,0.20601719617843628,-2.6496239248617117,,,,,,,0.1780780553817749,-0.3241539235684534,,,0.06097269058227539,0.19644305034248574,,,4,4
2016-05-06 12:00:00+00:00,,,0.18107694387435913,-1.437024553803475,,,,,0.3510836362838745,-6.063234864053043,,,,,,,,,,,0.17766964435577393,1.0024180508166356,,,3,3
2016-05-06 18:00:00+00:00,0.23388713598251343,-3.328472849137308,,,,,,,0.25648927688598633,-6.233151483429732,,,,,,,,,,,0.19512677192687988,1.2832600027776981,,,4,4
2016-05-07 00:00:00+00:00,0.13377851247787476,-1.6602043697053595,,,,,,,0.3949850797653198,-11.833970002063538,,,,,,,,,,,,,0.03108614683151245,-0.477360722559161,3,3
2016-05-07 06:00:00+00:00,0.18059873580932617,-2.311482543631049,,,,,,,0.3107912540435791,-5.733287047229235,,,,,,,,,,,,,0.0045278072357177734,0.29368651999388723,4,4
2016-05-07 12:00:00+00:00,0.25673848390579224,-0.552524518530829,,,,,,,0.3658447861671448,-6.1692040158593455,,,,,,,,,,,,,0.2896767854690552,0.32290063262278423,3,3
2016-05-07 18:00:00+00:00,0.1132892370223999,-1.4270726535288145,,,,,,,0.26430612802505493,-6.333332715067477,,,,,,,,,,,,,0.1035165786743164,0.5029153910050049,3,3
2016-05-08 00:00:00+00:00,0.16575372219085693,-0.9892596009394482,,,,,,,0.19323933124542236,0.11171457234807171,,,,,,,,,,,,,0.35478293895721436,0.14354886571754794,4,4
2016-05-08 06:00:00+00:00,0.22935491800308228,-13.919349453133293,,,,,,,0.2654280662536621,-3.831432470734774,,,,,,,,,,,,,,,2,2
2016-05-08 12:00:00+00:00,0.243552565574646,-0.974863030024936,,,,,,,0.2595751881599426,-4.979678649211826,,,0.14529240131378174,0.42892751129948764,,,,,,,,,,,3,3
2016-05-08 18:00:00+00:00,0.21376001834869385,-0.6375153834134993,,,,,,,0.20632100105285645,-4.188986851055845,,,0.5129904747009277,0.7706390132996379,,,,,,,,,,,3,3
2016-05-09 00:00:00+00:00,0.23499631881713867,-1.4227844127766192,,,,,,,0.24413633346557617,-2.1722463128984524,,,0.04588449001312256,-0.1438116026511906,,,,,,,,,,,3,3
2016-05-09 06:00:00+00:00,,,0.2344728708267212,-2.764633179509007,,,,,0.4442043900489807,-1.8519638733604995,,,0.3506338596343994,1.781031999572213,,,,,,,,,,,3,3
2016-05-10 00:00:00+00:00,,,0.25426262617111206,-2.3489174142472633,,,,,,,0.5008171498775482,-0.9130433121694204,0.5128958225250244,21.7858024969981,,,,,,,,,,,3,3
2016-05-10 06:00:00+00:00,,,0.3582809567451477,-11.185473129598662,,,,,,,0.5437899231910706,-4.064560547260579,0.2704819440841675,2.436905868524321,,,,,,,,,,,3,3
2016-05-10 12:00:00+00:00,,,0.24085146188735962,-1.7899131074634245,,,,,,,,,0.2794520854949951,2.0749585078174495,,,,,,,,,,,2,2
2016-05-10 18:00:00+00:00,,,0.4148795008659363,-27.151495196034066,,,,,,,,,0.37392377853393555,9.722051247667064,,,,,,,,,,,2,2
2016-05-11 00:00:00+00:00,,,0.2923489809036255,-2.604867566549868,,,,,,,,,0.328910231590271,4.783672149596725,,,,,,,,,,,2,2
2016-05-11 06:00:00+00:00,,,0.4094410538673401,-21.32472558739797,,,,,,,,,0.3015068769454956,3.3508579558433413,,,,,,,,,,,2,2
2016-05-11 12:00:00+00:00,,,0.32002800703048706,-2.3584534872439584,,,,,,,,,0.37695813179016113,6.6228730504241655,,,,,,,,,,,2,2
2016-05-11 18:00:00+00:00,,,0.2392275333404541,3.0083900809591886,,,,,,,,,0.4870755672454834,5.6182134508137995,,,,,,,,,,,2,2
2016-05-12 00:00:00+00:00,,,0.34135347604751587,-2.4343433089436743,,,,,,,,,,,0.480013370513916,13.599891846304002,,,,,,,,,2,2
2016-05-12 06:00:00+00:00,,,0.2974388003349304,-7.4910762439828735,,,,,,,,,,,0.48695051670074463,8.714512884361103,,,,,,,,,2,2
2016-05-12 12:00:00+00:00,,,0.3243401050567627,-5.889098409134814,,,,,,,,,,,0.40038788318634033,7.382975150234123,,,,,,,,,2,2
2016-05-12 18:00:00+00:00,,,0.10082554817199707,29.830337791872225,,,0.22715073823928833,1.5115135956719639,,,,,,,0.3956117630004883,11.363974779196061,,,,,,,,,3,3
2016-05-13 00:00:00+00:00,,,0.30234283208847046,-3.6676809642984374,,,0.08024752140045166,1.577418649972299,,,,,,,0.41094648838043213,11.193790060085023,,,,,,,,,3,3
2016-05-13 06:00:00+00:00,,,0.3096439838409424,-3.486414596133685,,,0.15407419204711914,1.047994729200017,,,,,,,0.41345512866973877,7.9961431959143665,,,,,,,,,3,3
2016-05-13 12:00:00+00:00,,,0.35276728868484497,-5.522528179327047,,,0.2992079257965088,3.687763117235945,,,,,,,0.37340855598449707,3.4516940457901626,,,,,,,,,3,3
2016-05-13 18:00:00+00:00,,,0.3750249743461609,-29.39115240046327,,,0.5244351625442505,1.9295143735100277,,,,,,,0.34343719482421875,10.696722700480153,,,,,0.121975839138031,-1.2389825888266202,,,4,4
2016-05-14 00:00:00+00:00,,,0.3028410077095032,-3.4902562608557917,,,0.540915846824646,3.3538582028043216,,,,,,,0.32823848724365234,7.160200201020727,,,,,0.6186202168464661,0.04172282594517733,,,4,4
2016-05-14 06:00:00+00:00,,,0.286496639251709,-2.529674889068155,,,0.47096896171569824,5.531410723212464,,,,,,,0.30846357345581055,10.40882976408452,,,,,,,,,3,3
2016-05-14 12:00:00+00:00,,,0.3172934055328369,-1.5872248796272213,,,0.5530087947845459,10.8678401580437,,,,,,,0.6116797924041748,9.270901644661961,,,,,0.21949446201324463,3.650638684817824,,,4,4
2016-05-14 18:00:00+00:00,,,0.3358784317970276,-2.8814139032147725,,,0.597665548324585,2.476732651703118,,,,,,,0.6014347076416016,5.700439516365158,,,0.6623075306415558,-0.895529860817878,0.17285561561584473,1.6894344447162,,,6,6
2016-05-15 00:00:00+00:00,,,0.26489007472991943,-6.950942667995258,,,0.5522804260253906,9.107523959656588,,,,,,,0.2241804599761963,2.537209124530945,,,,,0.008495569229125977,0.760562038236662,,,6,6
2016-05-15 06:00:00+00:00,,,0.2990957498550415,-5.9561805628797195,,,0.4603186845779419,0.4490115095148646,0.5682697296142578,8.666888669092712,,,,,0.21409451961517334,4.259607865120423,0.6195523738861084,6.934130217924994,,,,,,,5,5
2016-05-15 12:00:00+00:00,,,0.21817141771316528,6.042990278650811,,,0.26065051555633545,1.7752710857880998,0.38387107849121094,2.8284677651534866,,,,,0.1666508913040161,0.549762292074098,,,,,0.28166425228118896,5.5455082152880175,,,5,5
2016-05-15 18:00:00+00:00,,,0.25570279359817505,-1.4846671325785268,,,0.5161114931106567,1.5003734270729419,0.6372517347335815,5.392633887909761,,,,,0.24331772327423096,5.827155962573196,0.4663742780685425,5.861230736323948,,,,,,,7,7
2016-05-16 00:00:00+00:00,,,0.27075695991516113,-1.974468889814526,,,0.6770292520523071,6.537583197218882,0.4677330255508423,1.5335459494799142,,,,,0.2654271125793457,5.451271589731764,0.28965795040130615,0.21737695168810328,,,,,,,7,6
2016-05-16 06:00:00+00:00,,,0.34025073051452637,-3.590018871323116,,,0.5712070465087891,3.8541564359649385,0.4803518056869507,2.018822593076965,,,,,0.27857017517089844,5.908641557759786,,,,,,,,,4,4
2016-05-16 12:00:00+00:00,,,0.3000502586364746,-6.747832466672186,,,0.6545987129211426,4.5739564964262955,0.5283875465393066,1.6654131284156413,,,,,0.29105162620544434,6.147261054181797,0.3951892852783203,1.1296584114385266,0.020790934562683105,-0.694453185618674,,,,,7,7
2016-05-16 18:00:00+00:00,,,0.059632837772369385,22.087352235357404,,,,,0.5736957788467407,3.2008698390467627,,,,,0.3001687526702881,16.682120608896504,,,,,,,,,5,4
2016-05-17 00:00:00+00:00,0.49934178590774536,-0.9543997616235284,0.35625123977661133,-7.03577775930043,,,,,0.7836662530899048,5.190758584100458,,,,,0.3149385452270508,6.1487800147308835,0.013446331024169922,2.581987304996048,,,,,,,7,7
2016-05-17 06:00:00+00:00,0.4624556303024292,0.7434917577992286,0.19666308164596558,18.917861933295537,,,,,0.752303957939148,7.933720350502026,,,,,0.35331714153289795,6.901410000066162,,,,,,,,,5,5
2016-05-17 12:00:00+00:00,0.4890379309654236,-0.8926509970133807,0.2599948048591614,-2.0874652724223477,,,,,0.7301119565963745,10.358764778497788,,,,,0.3254142999649048,6.793873079805905,,,,,,,,,4,4
2016-05-17 18:00:00+00:00,0.36936283111572266,-0.35749570408932607,0.26236993074417114,-2.8381007069958577,,,,,0.7711310386657715,4.930807158477402,,,,,0.335079550743103,7.577066411087214,,,,,,,,,4,4
2016-05-18 00:00:00+00:00,0.3714677095413208,0.9714927399634412,,,0.3024134635925293,-2.9862835116204547,,,0.6978083848953247,7.372069420890543,,,,,0.30947136878967285,12.738787618871585,,,0.1895039677619934,-0.4659245290604887,,,,,5,5
2016-05-18 06:00:00+00:00,,,0.28996193408966064,-20.940998542729787,,,,,0.7680699825286865,11.817094752431267,,,,,0.35020482540130615,6.5210147390034106,,,,,,,,,3,3
2016-05-18 12:00:00+00:00,,,0.24611663818359375,-4.200244973866064,0.03568398952484131,0.23836998201692877,,,0.7021348476409912,5.681592475208633,,,,,0.29154324531555176,8.714125406468803,,,,,,,,,4,4
2016-05-18 18:00:00+00:00,,,0.011976540088653564,35.324638096911045,,,,,0.7141681909561157,5.931248842192063,,,,,0.30486297607421875,10.136976707957228,,,,,,,,,3,3
2016-05-19 00:00:00+00:00,,,0.17202520370483398,-0.5340120244355152,,,,,0.7447860240936279,4.268420702196427,,,,,0.2797142267227173,5.770720014043218,,,,,,,0.23066997528076172,0.15698739703019363,5,4
2016-05-19 06:00:00+00:00,,,0.41621077060699463,21.81289432106923,0.07907038927078247,-0.09283625549193804,,,0.7853586673736572,5.248865991140123,,,,,0.27906322479248047,8.917447831317032,,,,,,,,,4,4
2016-05-19 12:00:00+00:00,,,0.1002422571182251,27.77966373952248,,,,,0.8033930063247681,5.253942481214758,,,,,0.2859470844268799,8.654466819460312,,,,,,,,,3,3
2016-05-19 18:00:00+00:00,,,0.19431155920028687,-0.2732988238249666,,,,,0.8125416040420532,9.107015970851814,,,,,0.2954915761947632,10.410149077961822,,,,,,,,,4,3
2016-05-20 00:00:00+00:00,,,0.2031799554824829,18.90762484448384,,,,,0.8385238647460938,6.544737525781941,,,,,0.3316746950149536,11.301057721468368,,,,,,,,,3,3
2016-05-20 06:00:00+00:00,,,0.19706130027770996,-0.281602106601608,,,,,0.67943274974823,2.3858145911445123,,,,,,,0.3070913553237915,5.004812151696099,,,0.17711079120635986,2.5451211441418793,,,4,4
2016-05-20 12:00:00+00:00,,,0.18387722969055176,-8.284824126863432,,,,,0.7603740692138672,7.3183438537383285,,,,,,,0.26650917530059814,5.855203467317719,,,0.24131536483764648,1.78088732724179,0.3539334535598755,1.7481780586000781,5,5
2016-05-20 18:00:00+00:00,,,0.010695695877075195,-0.3088055918624642,,,,,0.8132413625717163,6.755359652454087,,,,,,,0.2704733610153198,5.598138980906299,,,0.20668041706085205,2.729474095991472,0.1424471139907837,-0.008333871106682792,7,7
2016-05-21 00:00:00+00:00,,,0.19173890352249146,-0.7304604297486572,,,,,0.5115211009979248,1.590821940185553,,,,,,,0.2550297975540161,5.608909328347625,,,0.06493115425109863,0.9759839523339159,,,5,5
2016-05-21 06:00:00+00:00,,,0.20358151197433472,-6.6898911526024145,,,,,0.6370003521442413,-3.50479769816339,0.5624716281890869,3.5203320389800052,,,,,0.31976640224456787,3.1154332078940055,,,0.20339632034301758,1.5797273948019173,,,5,5
2016-05-21 12:00:00+00:00,,,0.002248048782348633,11.495925128321167,,,0.7008685767650604,-7.5837117568658865,0.7152991592884064,-2.152563250109471,0.6493029594421387,3.006029505330114,,,,,0.248632550239563,2.8135499530462984,,,0.31600749492645264,18.54274088432058,,,6,6
2016-05-21 18:00:00+00:00,,,0.27709537744522095,-10.749935113745838,0.7128373384475708,0.8221457335233722,,,0.5762662291526794,-3.9544729008022133,0.601138710975647,1.545671308212513,,,,,0.21325361728668213,2.8284792555971356,,,,,,,6,6
2016-05-22 00:00:00+00:00,,,0.22720003128051758,-2.4530533737756857,,,,,0.47819721698760986,-3.297821164199184,,,0.7028554677963257,-3.8467261669502375,,,0.24997317790985107,2.428509607881832,,,0.38638830184936523,-0.20017641413529558,0.24012768268585205,-0.004642241380165299,9,7
2016-05-22 06:00:00+00:00,,,0.11113202571868896,-0.8130139992693016,,,,,0.6833028495311737,-4.960285312617615,,,0.5220381319522858,-3.0790702942608035,,,0.1637192964553833,2.1384292896759938,,,0.20483189821243286,-0.10703321464386026,0.01440805196762085,0.7452385460327619,6,6
2016-05-22 12:00:00+00:00,,,0.33110857009887695,-1.3798069661704684,,,,,0.4582136273384094,-2.5245434900307706,,,0.5054160952568054,-4.783629797236171,,,0.19166481494903564,3.847282565865834,,,0.14856839179992676,1.842912542045958,0.13859617710113525,0.030759307207310006,8,8
2016-05-22 18:00:00+00:00,,,0.28992360830307007,-1.122226265656585,,,,,0.4454808235168457,-2.256896359242434,,,0.5000302195549011,-2.5136881802910107,,,0.12141764163970947,4.146871118609515,,,0.34768521785736084,1.8002918994293682,0.1578313112258911,2.285632673505551,9,8
2016-05-23 00:00:00+00:00,,,0.2744763493537903,-2.53199280725417,,,,,0.41281944513320923,-1.887539382717592,,,0.64352947473526,-5.428511776773416,,,0.13251030445098877,0.7528354485502068,,,0.13999664783477783,11.145404016232662,,,6,6
2016-05-23 06:00:00+00:00,,,0.20672249794006348,-1.1083897168117922,,,,,0.5965478718280792,-5.690956436523006,,,0.646216630935669,-7.52349262142847,,,0.19126451015472412,2.8221583364799607,,,,,0.1655188798904419,0.023828231955717545,6,6
2016-05-23 12:00:00+00:00,,,0.3366208076477051,-1.9042605595432764,,,,,0.6497115790843964,-3.690309190982345,,,0.5692887306213379,-5.9667100771675905,,,0.05892682075500488,1.7927333840052317,,,,,0.20545649528503418,19.74239614108267,6,6
2016-05-23 18:00:00+00:00,,,0.3522220253944397,-3.5171840911546486,,,,,0.6088943183422089,-5.44997269167366,,,,,0.6179690957069397,-6.5381314354545825,0.15792202949523926,0.7630199618602368,,,,,0.071402907371521,0.5342115621299801,7,7
2016-05-24 00:00:00+00:00,,,0.06131249666213989,32.03027831095849,,,,,0.6424235701560974,-3.5365350306674515,,,,,0.5441164374351501,-10.080017367204379,0.1845874786376953,0.17076660333386343,,,,,0.14512193202972412,0.07061895091103984,8,7
2016-05-24 06:00:00+00:00,,,0.2871164083480835,-1.443834134516727,,,,,0.7074548900127411,-4.473949926705695,,,,,0.5987840294837952,-6.462851957941617,0.11020970344543457,-2.967109635286889,,,0.04926800727844238,7.191571813246002,0.20565545558929443,0.13577830829219575,8,8
2016-05-24 12:00:00+00:00,,,0.37866926193237305,-1.5978486905095675,,,,,0.5584981441497803,-3.6188881997021434,,,,,0.6098511815071106,-8.167341508607182,0.12785935401916504,0.17149828180359497,,,,,0.13766014575958252,1.3310082378089165,6,6
2016-05-24 18:00:00+00:00,,,0.411032497882843,-3.1729796238295704,,,,,0.5874584913253784,-3.566388468841146,,,,,0.5600910782814026,-5.91029807103304,0.5191373825073242,1.291818624037653,,,0.055071234703063965,-0.8923446398551074,0.3346911668777466,1.03314447127487,7,7
2016-05-25 00:00:00+00:00,,,0.2817506790161133,-2.8121737060731604,,,,,0.6847978234291077,-3.3539538519716197,0.11559063196182251,-0.7262495332657768,,,0.6698223948478699,-9.79860756599523,0.30220532417297363,0.7739879614951324,,,0.08845818042755127,0.32659531494822747,0.1936953067779541,-0.20681925465572193,7,7
2016-05-25 06:00:00+00:00,,,0.341377317905426,-1.4720885930557588,,,,,0.6315105557441711,-5.852231082562175,0.5585113763809204,-3.1386985971045385,,,0.6735813319683075,-6.947496601937314,,,,,0.10297048091888428,0.2354327604715201,0.1242213249206543,-6.194274552490139,7,7
2016-05-25 12:00:00+00:00,,,0.32957273721694946,-3.8740555383310378,,,,,0.6294412910938263,-8.870845461404814,,,,,0.6389667391777039,-10.867481279110134,,,,,,,0.23772954940795898,0.8106718961096645,5,5
2016-05-25 18:00:00+00:00,,,0.30399924516677856,-3.3357563521131772,,,,,0.55893674492836,-2.417646698873671,,,,,0.6645854711532593,-8.133283485379184,,,,,,,0.2559610605239868,0.4791283326744491,6,5
2016-05-26 00:00:00+00:00,,,0.22701817750930786,-1.873724256264559,,,,,,,0.45660191774368286,-6.767263518933167,,,0.6528851687908173,-7.743354851927813,,,,,,,0.1845264434814453,0.11102210095933641,5,5
2016-05-26 06:00:00+00:00,,,0.33319222927093506,-5.434481137823767,,,,,,,0.5075108706951141,-1.1314847436660693,,,0.6743497550487518,-9.33445783220535,,,,,,,0.08978331089019775,0.1703070854353314,5,5
2016-05-26 12:00:00+00:00,,,0.3080909848213196,-4.051640879441112,,,,,,,0.33260101079940796,-1.7024815506338173,,,0.6525015830993652,-6.106094308862528,,,0.20321744680404663,-0.43807239746308424,,,0.38627052307128906,-0.24207598531231117,7,7
2016-05-26 18:00:00+00:00,,,0.39815229177474976,-1.9665103255055485,,,,,,,0.12331920862197876,-1.6739620359637142,,,0.6217421591281891,-11.967471094807685,,,0.19461333751678467,0.46036842432747893,,,0.2602708339691162,-0.15518049610419984,7,7
2016-05-27 00:00:00+00:00,,,0.44112318754196167,-25.302505548183493,,,,,,,0.351917564868927,-4.240272887770912,,,0.6155698597431183,-6.9635664578950305,,,0.555351734161377,-9.357194664254981,,,0.23426055908203125,0.4067711782079812,8,7
2016-05-27 06:00:00+00:00,,,0.4476638436317444,-31.907978490944405,,,,,,,0.5033093988895416,-3.2582457253398847,,,0.6690366268157959,-7.035785135161851,,,0.6316555142402649,-6.135850724715279,,,0.2369987964630127,0.2661810341328012,5,5
2016-05-27 12:00:00+00:00,,,0.3979915380477905,-2.578098573233863,,,,,,,0.42559248208999634,1.5214220273900803,,,0.6205035746097565,-7.001036711420794,,,0.08844161033630371,-0.10971724141624624,,,,,5,4
2016-05-27 18:00:00+00:00,,,0.31081634759902954,-0.8038584902103161,,,,,,,0.8799535483121872,-1.6693376338226191,,,0.6566088795661926,-5.941882257723178,,,,,,,,,3,3
2016-05-28 00:00:00+00:00,,,0.20173019170761108,-1.9173214235514742,,,,,,,,,,,0.5910113751888275,-6.766892573891026,,,,,,,,,3,2
2016-05-28 06:00:00+00:00,,,0.30864787101745605,-0.3858913366269668,,,,,,,,,,,,,0.5620435178279877,-4.893418018793947,0.33796560764312744,0.26955235520496496,,,,,3,3
2016-05-28 12:00:00+00:00,,,0.24030065536499023,-1.3232210083093106,,,,,,,,,,,,,0.6143901944160461,-8.200506287056065,0.5163342952728271,1.4155402885379533,,,,,3,3
2016-05-28 18:00:00+00:00,,,0.12970447540283203,-0.4764663043825896,,,,,,,,,,,,,0.3933281898498535,-4.778600144882461,0.19657909870147705,0.40303765961078236,,,,,3,3
2016-05-29 00:00:00+00:00,,,0.20134884119033813,-0.41709085223270065,,,,,,,,,,,,,0.3425186276435852,-4.596234236376909,0.08594322204589844,-0.778729658496591,,,,,3,3
2016-05-29 06:00:00+00:00,,,0.21989893913269043,-1.1911996960084785,,,0.46743243932724,-0.14223058285478865,,,,,,,,,0.4848095178604126,-4.823578564823347,0.06934165954589844,-0.2575399883923459,,,,,5,5
2016-05-29 12:00:00+00:00,,,0.30887240171432495,-1.178000348238847,,,0.0771685242652893,0.2228321289280515,,,,,,,,,0.4916446805000305,-0.9730260150478556,0.09198248386383057,0.20686940879498547,,,,,6,6
2016-05-29 18:00:00+00:00,,,0.24740463495254517,-1.5798148220222175,,,0.5128268897533417,-0.6667305288299861,,,,,,,,,0.2413070797920227,0.19999356367291093,0.26309728622436523,-0.5066350859837554,,,,,5,5
2016-05-30 00:00:00+00:00,,,,,0.35689347982406616,-1.5438255812146342,0.08344930410385132,-0.5959810108023365,,,,,,,,,0.15946811437606812,-0.1292878218666558,0.18072021007537842,0.08406270501827698,,,,,4,4
2016-05-30 06:00:00+00:00,,,0.4564495086669922,-26.439045207164355,,,0.4708707928657532,-3.6406583009399736,,,,,,,,,0.1953778862953186,-0.17505379724899361,0.19195878505706787,0.1896767560991029,,,,,5,5
2016-05-30 12:00:00+00:00,,,,,0.2076137661933899,-6.4767242075241676,0.5977619588375092,-5.388149884946693,,,,,,,,,0.3141888380050659,0.5546734544879433,0.12883508205413818,0.07515943458526884,,,,,4,4
2016-05-30 18:00:00+00:00,,,0.23462146520614624,-6.166489703592716,0.14600670337677002,0.17379459033390698,0.4503152370452881,-12.425788208770754,,,,,,,,,,,0.10352945327758789,0.36078452216077433,0.31188249588012695,2.0883408567582493,,,6,6
2016-05-31 00:00:00+00:00,,,,,0.1591721773147583,-0.566386860242709,,,,,,,0.5117679536342621,-8.322511483505245,,,,,0.02111661434173584,-0.4225486129645211,0.15323913097381592,-0.611319271369248,,,4,4
2016-05-31 06:00:00+00:00,,,,,0.1796938180923462,-0.34075727861945637,,,,,,,0.5098766386508942,-7.339439223463359,,,,,0.09668171405792236,0.3480361636412292,,,,,3,3
2016-05-31 12:00:00+00:00,,,,,0.24847787618637085,-1.2247387724334462,0.4674118161201477,-11.455153801479591,,,,,,,,,,,0.17963874340057373,0.8804397273785828,,,,,3,3
2016-05-31 18:00:00+00:00,,,,,0.25503939390182495,-1.6547780683689,,,0.3637266159057617,-7.8806799270148895,,,,,,,,,,,0.0596848726272583,-0.007283351806264781,,,3,3
2016-06-01 00:00:00+00:00,,,,,0.25954312086105347,-1.3637365161121946,,,0.3872103691101074,-8.044307559042714,,,,,,,,,,,0.15771234035491943,0.9125542644200664,,,3,3
2016-06-01 06:00:00+00:00,,,,,0.23158055543899536,-0.367129877507933,,,0.5424893498420715,-7.218837960719756,,,,,,,,,,,0.10289895534515381,0.8223138659875739,,,3,3
2016-06-01 12:00:00+00:00,,,,,0.3061126470565796,-23.44826405671732,,,0.5740569829940796,-9.029034334668104,,,,,,,,,,,0.07331454753875732,0.35335730108337665,,,3,3
2016-06-01 18:00:00+00:00,,,0.3693246841430664,-15.239998026379164,0.04137134552001953,-0.7967234886341077,,,0.5767414271831512,-11.411202392442918,,,,,,,,,,,0.1617429256439209,0.5809436564004424,,,4,4
2016-06-02 00:00:00+00:00,,,0.18460017442703247,-3.789836127036876,,,,,0.6358413696289062,-9.805390244781778,,,,,,,,,,,0.14958250522613525,1.7363059465551605,,,4,3
2016-06-02 06:00:00+00:00,,,,,0.23038679361343384,-2.031639510848155,,,0.5811764001846313,-7.904668015625134,,,,,,,,,,,0.14639151096343994,7.462266381668455,,,3,3
2016-06-02 12:00:00+00:00,,,,,0.3130840063095093,-0.9877751946794745,,,0.16871166229248047,-0.3214919815795596,,,,,0.5837107598781586,-7.793652011946808,,,,,0.12781381607055664,0.5766518252347077,,,4,4
2016-06-02 18:00:00+00:00,,,,,0.3528359532356262,-1.3636686241978515,,,0.2467966079711914,-4.769534600992284,,,,,0.6259502470493317,-6.751735218112754,,,,,0.08050930500030518,6.336919365690093,,,4,4
2016-06-03 00:00:00+00:00,,,,,0.23132634162902832,-0.40619773843363105,,,,,,,,,0.597721517086029,-8.201885938787989,,,,,0.15350794792175293,1.8868655704069135,,,3,3
2016-06-03 06:00:00+00:00,,,,,0.3622257709503174,-14.210371529771308,,,,,,,,,0.656691312789917,-14.882600017960717,,,,,0.20356416702270508,0.6598211701780967,,,3,3
2016-06-03 12:00:00+00:00,,,,,0.18695396184921265,-1.895826889487207,,,0.05167829990386963,0.46580171923649105,,,,,0.6913935542106628,-11.228309200232225,,,,,0.1341111660003662,0.5450873632470649,,,4,4
2016-06-03 18:00:00+00:00,,,,,0.2814910411834717,-3.1312307896854312,,,,,,,,,0.6651200354099274,-5.693170509938116,,,,,0.14547216892242432,0.6213046907428283,,,3,3
2016-06-04 00:00:00+00:00,,,,,0.11622369289398193,-0.4386472276717298,,,,,,,,,0.6180736720561981,-11.409589295267642,,,,,0.0005711913108825684,0.2934183921436075,,,3,3
2016-06-04 06:00:00+00:00,,,,,0.3803412914276123,-2.3431725570313247,,,,,,,,,0.5832307636737823,-7.83934611673584,,,,,0.02964043617248535,0.6159721063563002,,,3,3
2016-06-04 12:00:00+00:00,,,,,0.11217212677001953,0.554788318901268,,,,,,,,,0.5502124726772308,-9.375409576331496,,,,,0.09655749797821045,0.7644703844821189,,,3,3
2016-06-04 18:00:00+00:00,,,0.1267681121826172,-0.07091143475505486,,,,,,,,,,,0.5141811072826385,-11.26799915330776,,,,,,,0.12444031238555908,0.08689990277142318,3,3
2016-06-05 00:00:00+00:00,,,0.12571966648101807,-0.6035783454076963,,,,,,,,,0.486250638961792,0.23668844987433268,,,0.5504249334335327,-10.080339123600789,,,,,0.0753939151763916,0.6027506105240554,4,4
2016-06-05 06:00:00+00:00,,,0.11509895324707031,0.7195919146840194,,,,,,,,,0.19669091701507568,0.09737089741722578,,,0.40436047315597534,-6.2479611561449495,,,,,0.12621116638183594,0.4821907345323202,4,4
2016-06-05 12:00:00+00:00,,,0.010167956352233887,0.10590788773741361,,,,,,,,,0.49421751499176025,1.254936516371184,,,0.5061526298522949,-3.2794688676506993,,,,,0.09822440147399902,0.2651994464142225,4,4
2016-06-05 18:00:00+00:00,,,0.06031745672225952,-0.012072341219424658,,,,,,,,,0.1904752254486084,1.173649087936441,,,,,,,,,0.12536966800689697,0.12512056632837312,3,3
2016-06-06 00:00:00+00:00,,,0.14867252111434937,0.7583963297116431,,,,,,,,,0.40529942512512207,2.0792252380898764,,,,,,,,,0.34516918659210205,-0.0828823308499458,5,5
2016-06-06 06:00:00+00:00,,,,,0.6215665340423584,1.8852943678590712,,,,,,,0.6110904216766357,4.036337477455034,,,,,,,,,0.48151880502700806,1.3047729315974894,6,4
2016-06-06 12:00:00+00:00,,,,,,,,,,,,,0.5371049642562866,3.924375631218731,,,,,,,,,,,3,2
2016-06-06 18:00:00+00:00,,,,,0.9420477151870728,1.6120210783630253,,,,,,,0.6100842952728271,4.109366973048107,,,,,,,,,,,3,3
2016-06-07 00:00:00+00:00,,,,,,,,,,,,,0.2795168161392212,3.456810438412337,0.5301010608673096,4.0013165994847,,,,,,,,,3,2
2016-06-07 06:00:00+00:00,0.31284117698669434,0.04782501911320637,,,0.33213508129119873,-0.9184966145306156,,,,,,,0.36307263374328613,2.428084019750556,0.6366000175476074,4.128659833455358,,,,,,,,,5,4
2016-06-07 12:00:00+00:00,0.07971876859664917,-1.034312891399266,,,0.28977835178375244,-0.7357895310590554,,,,,,,0.5416562557220459,3.7806479433177516,0.6957690715789795,7.653403669766435,,,,,,,,,5,5
2016-06-07 18:00:00+00:00,0.22375893592834473,0.01798468908874824,,,0.19345849752426147,-0.12995320967517968,,,,,,,0.21110498905181885,0.4954544099896898,0.5860334634780884,5.243208541529962,,,,,,,,,5,5
2016-06-08 00:00:00+00:00,,,0.17595654726028442,-1.0647230453895307,,,,,,,,,0.26868486404418945,0.033199853139266274,0.7042640447616577,7.6741613096856085,,,,,,,,,4,4
2016-06-08 06:00:00+00:00,,,0.12278920412063599,17.343461227710964,,,,,,,,,0.35613739490509033,0.30531293958572964,0.6763980388641357,5.407758546160436,,,,,,,,,4,4
2016-06-08 12:00:00+00:00,,,0.38767462968826294,-28.659563512400055,,,,,,,,,0.17235779762268066,0.7105441950464289,0.7050474882125854,5.991079888996237,,,,,,,,,4,4
2016-06-08 18:00:00+00:00,,,0.21857237815856934,-1.150409727898931,,,,,,,,,0.2231060266494751,0.7141512436188376,0.6804510354995728,6.4284521994814865,,,,,,,,,4,4
2016-06-09 00:00:00+00:00,,,0.2291492223739624,-5.940814187503011,,,0.32543694972991943,0.5488051422478119,,,,,0.24303066730499268,3.540242304880106,0.6545451879501343,8.136080627571078,,,,,,,,,5,5
2016-06-09 06:00:00+00:00,,,0.2716138958930969,-1.0692435499456816,,,0.4782848358154297,1.6508353312011685,,,,,0.23010599613189697,1.0983639166223147,0.6177546977996826,7.362831636568646,,,,,,,,,4,4
2016-06-09 12:00:00+00:00,,,0.2525510787963867,-2.9018762578697728,,,0.5603744983673096,1.311787886172843,,,,,0.2704939842224121,1.9565450217608586,0.6789062023162842,5.4708221185975505,,,,,,,,,4,4
2016-06-09 18:00:00+00:00,,,0.23326033353805542,-1.4344676061563426,,,0.6803833246231079,0.540636398349847,,,,,0.18755650520324707,-14.298618898838123,0.634218692779541,6.225683752257852,,,,,,,,,4,4
2016-06-10 00:00:00+00:00,,,0.2495097517967224,-3.0892373909916,,,0.33505165576934814,0.6443133639562281,,,,,0.2490454912185669,5.093027811175923,0.6498126983642578,5.873503788286542,0.06491756439208984,0.728262050541069,,,,,,,5,5
2016-06-10 06:00:00+00:00,,,0.2809527516365051,-1.5183982163892713,,,,,,,,,0.2813533544540405,5.271911035353745,0.6219632625579834,7.8160961313637145,,,,,,,,,4,4
2016-06-10 18:00:00+00:00,,,0.21904438734054565,-1.9983066314180191,,,,,,,,,0.273390531539917,4.455572590801352,0.6950887441635132,6.345746600763175,0.3764086961746216,5.2265901617914645,,,,,,,7,7
2016-06-11 00:00:00+00:00,,,0.26846885681152344,-1.1040476935528278,,,,,,,,,0.27669084072113037,9.287859115251983,0.7311259508132935,6.672744914469049,0.05186265707015991,0.18857525480627232,,,,,0.14640653133392334,0.7311989435931648,8,8
2016-06-11 06:00:00+00:00,,,0.14565402269363403,11.334493399996154,,,,,,,,,0.28818297386169434,12.93771575737099,0.6654636859893799,6.8466146783176915,0.05102187395095825,-0.04835457639836308,,,,,,,6,6
2016-06-11 12:00:00+00:00,,,0.29050391912460327,-2.736901974108493,,,,,0.36896753311157227,14.656220102044962,,,,,0.28828132152557373,7.521285737336927,0.7060929536819458,6.64157341897325,,,,,,,6,6
2016-06-11 18:00:00+00:00,,,0.21026760339736938,-5.533553021980969,,,,,0.4227161407470703,10.351739996631416,,,,,0.2775460481643677,4.8821043559690995,0.6865108013153076,5.026839224936598,,,,,,,5,5
2016-06-12 00:00:00+00:00,,,0.3395783305168152,-44.21731148381524,,,,,0.5757879018783569,7.1654222205080425,,,,,0.30961310863494873,6.569179905201552,0.008292078971862793,-0.11217254744956033,,,,,,,6,6
2016-06-12 06:00:00+00:00,,,0.27246230840682983,-2.63314317932116,,,,,0.5242805480957031,8.557448463448482,,,,,0.3030506372451782,4.133212728515439,0.6978893280029297,4.8813954073267425,,,,,,,7,7
2016-06-12 12:00:00+00:00,,,0.20530736446380615,-2.1627033941036764,,,,,0.4679241180419922,8.017399109031375,,,,,0.29886651039123535,12.148757450073942,0.5470842123031616,1.687282711881745,,,,,,,7,7
2016-06-12 18:00:00+00:00,,,0.24592489004135132,-7.417370912978302,,,,,0.48571979999542236,8.541523796373601,,,,,0.35159003734588623,6.788066689568824,0.7125084400177002,5.242381266235377,,,,,,,8,8
2016-06-13 00:00:00+00:00,,,0.26054656505584717,-3.2520688240948767,,,,,0.5320497751235962,6.18989073875044,,,,,0.34415769577026367,9.765195605029058,0.2135143280029297,5.730507642005617,,,,,,,7,6
2016-06-13 06:00:00+00:00,,,0.29465240240097046,-2.0309143603589943,,,,,0.42844295501708984,7.832743416122588,,,,,0.3390098810195923,6.608076718074417,0.3399907350540161,2.1721202354249516,,,,,,,8,8
2016-06-13 12:00:00+00:00,,,0.33166128396987915,-22.671207360906603,,,,,0.5544227361679077,8.687772512643798,,,,,0.3318980932235718,8.731676678655646,0.6748727560043335,4.167622159947416,,,,,,,7,7
2016-06-13 18:00:00+00:00,,,0.29135042428970337,-1.9646821995505142,,,,,0.45023226737976074,5.4710826463060265,,,,,0.3064638376235962,11.861104958792644,0.5194051265716553,0.9816493970050532,,,,,,,7,7
2016-06-14 00:00:00+00:00,,,0.24048346281051636,-1.3105234741057992,,,,,0.38926196098327637,8.248486466021877,,,,,0.3286353349685669,10.166148797534195,0.005045056343078613,1.8785769109435722,,,,,,,7,7
2016-06-14 06:00:00+00:00,,,0.3038172125816345,-2.529030949500753,,,,,0.45957446098327637,6.057577798417537,,,,,0.3285778760910034,-0.4433993523970612,,,,,,,,,6,6
2016-06-14 12:00:00+00:00,,,0.1622835397720337,-0.5757502813790237,,,0.6775171160697937,-0.6919168959641561,0.40427637100219727,18.058279071120538,,,,,0.4239596128463745,13.7597212060399,0.08904027938842773,0.37567148944414885,,,0.0984647274017334,1.7765696663532384,,,10,10
2016-06-14 18:00:00+00:00,,,0.30428171157836914,-0.15336747894469815,,,0.4383060336112976,-0.08542232026847894,0.6538821458816528,4.081466338658793,0.378173828125,3.7852658785909346,,,0.4242924451828003,7.173328435247286,0.0683826208114624,0.07357430523296091,,,0.1604377031326294,1.500679781586136,,,9,9
2016-06-15 00:00:00+00:00,,,0.27761727571487427,-0.4739861256725236,,,0.13074547052383423,-0.08160020934737824,0.6220200061798096,5.582729461129007,0.35238802433013916,2.62081682672247,,,0.43727147579193115,9.808447620439985,,,,,0.0779341459274292,0.4079283124075609,,,7,7
2016-06-15 06:00:00+00:00,,,0.1693245768547058,-0.6581712162420388,,,0.41574835777282715,-0.9758107533728368,0.43783509731292725,1.9190748580595203,0.38150572776794434,7.504567775136811,,,0.433141827583313,11.22419455115119,,,,,0.08878779411315918,-10.49345006429524,,,7,7
2016-06-15 12:00:00+00:00,,,0.18580079078674316,-0.805952823561758,,,0.5101217329502106,0.2662912764514545,0.300731897354126,1.5586603911543577,0.22246146202087402,1.5481625484274801,,,0.36292827129364014,5.460262863383545,,,,,,,,,6,6
2016-06-15 18:00:00+00:00,,,0.115445077419281,-0.8705388567747794,,,0.7574527561664581,-2.4166817670049974,0.21489858627319336,-1.3000715872145723,0.17614424228668213,0.7033558059992964,,,0.41747891902923584,8.667173845390186,,,,,0.08221721649169922,2.72764115485333,,,6,6
2016-06-16 00:00:00+00:00,0.29481637477874756,-0.5769083405049346,,,,,0.821504756808281,-0.6291612315935625,0.0717306137084961,-0.4930053376356475,0.3595390319824219,1.3182462327676423,,,0.38250112533569336,7.566773069922537,,,,,0.08554136753082275,1.586642944282922,,,6,6
2016-06-16 06:00:00+00:00,0.45220381021499634,-11.332153326043484,,,,,0.5311327278614044,-2.6410468769728523,0.5608023405075073,4.993002461038017,0.44000518321990967,-0.09300539363202023,,,,,0.41348135471343994,12.10527081842884,,,0.14642035961151123,0.3995087854745298,0.11265921592712402,0.13387964164187793,9,8
2016-06-16 12:00:00+00:00,0.09248065948486328,-0.15379254512543528,,,,,0.544676810503006,-10.356043205066333,0.3036682605743408,0.4758100548120975,0.3021552562713623,-0.10202047164836264,,,0.3049403429031372,12.010665518945938,,,,,,,0.37861084938049316,0.18634366983805128,7,7
2016-06-16 18:00:00+00:00,0.3314158320426941,-0.7709421932520023,,,,,0.498110830783844,-5.974905757967779,0.20739352703094482,2.148085852084312,0.4444082975387573,0.4377042183346398,,,,,0.2782036066055298,23.510713621919543,,,,,0.41019636392593384,0.01901995948697784,7,7
2016-06-17 00:00:00+00:00,0.15642249584197998,-0.15384842477974892,,,,,0.43696141242980957,-5.778121134376305,,,0.28710198402404785,0.45539334349392285,,,,,0.3086956739425659,5.273808449049993,,,0.1297464370727539,1.1012633179947444,,,6,5
2016-06-17 06:00:00+00:00,0.27530109882354736,-0.6175650725023335,,,,,,,0.43412017822265625,-6.115157834490877,,,,,,,0.3072308301925659,7.205337520093377,,,,,,,5,3
2016-06-17 12:00:00+00:00,0.3349694609642029,-13.197284902233118,,,,,0.37959587574005127,-8.936276988752322,,,,,,,,,0.367692232131958,6.764894840958448,,,0.13701152801513672,1.9717572035484503,,,4,4
2016-06-17 18:00:00+00:00,0.23953616619110107,-2.818675277778899,,,,,,,0.3935900926589966,-5.795108689589318,,,,,,,0.2917546033859253,4.642572016939084,,,0.19038677215576172,0.08616892080872143,,,5,5
2016-06-18 00:00:00+00:00,0.19071167707443237,-2.7343483296775806,,,,,,,0.4750654101371765,-6.231394074004823,,,,,,,0.29387474060058594,3.4033374084568924,,,0.3276050090789795,0.2520686812915869,,,4,4
2016-06-18 06:00:00+00:00,0.16669577360153198,-0.283758744668609,,,,,,,0.48186206817626953,-3.5505174804526876,,,,,,,0.23949086666107178,5.04984368157572,,,0.16268157958984375,0.8573884032931385,,,5,5
2016-06-18 12:00:00+00:00,0.23600614070892334,-0.890319922219678,,,,,,,0.48950082063674927,-6.868600600876247,,,0.772780254483223,-2.061717054041179,,,0.11157143115997314,1.110262575066442,,,,,0.223982572555542,1.329927404622716,8,8
2016-06-18 18:00:00+00:00,,,0.18791574239730835,-0.08976055538902242,,,,,0.48445260524749756,-7.414956093008182,,,0.5772651433944702,-2.8123253715594507,,,0.12400579452514648,0.43788746391790373,,,,,0.07419013977050781,0.13807338184997697,6,6
2016-06-19 12:00:00+00:00,,,0.21514183282852173,-0.38685114283354544,,,,,0.5816854238510132,-7.2953774752857985,,,0.6809691786766052,-5.208608191882676,0.4825594425201416,-2.5420008954827,0.006415009498596191,0.5955868253784026,,,,,0.2178581953048706,0.7224314165833466,8,8
2016-06-19 18:00:00+00:00,,,0.2463322877883911,-2.7541432814037505,,,,,0.49648886919021606,-6.402927430827405,,,0.6464731991291046,-6.614241060897628,0.5678039789199829,-6.206374809595711,0.05187022686004639,0.037848469441897306,,,,,0.04146575927734375,-0.18986933667509664,8,8
2016-06-20 00:00:00+00:00,,,0.31590014696121216,-24.678546881039352,,,,,0.5821004211902618,-8.150252784206502,,,0.532883882522583,-13.941145419769098,0.639970600605011,-3.766765886499845,0.29760074615478516,0.5522166419917447,,,,,0.15021371841430664,0.1820453612927645,8,8
2016-06-20 06:00:00+00:00,,,0.2676410675048828,-3.4689904635826356,,,,,0.505529522895813,-6.932196759733964,,,,,0.483695924282074,-10.918398798758995,0.37583470344543457,-0.29650596831924003,,,,,0.14033830165863037,0.47830997773893363,8,7
2016-06-20 12:00:00+00:00,,,0.2081204652786255,-1.9070985541402126,,,,,0.45815426111221313,-7.504677061023745,,,,,0.5748383700847626,-8.703472549046602,,,,,,,0.29768478870391846,0.2543467534091976,7,6
2016-06-20 18:00:00+00:00,,,0.298145055770874,-1.7307402016372055,,,,,0.4894932508468628,-4.2452272689834345,,,,,0.5491620600223541,-15.401322889811818,,,0.29993462562561035,-0.7163942638345941,,,0.2739213705062866,0.06419991572535064,6,6
2016-06-21 00:00:00+00:00,,,0.21740835905075073,-3.4395841929312128,,,,,0.49270427227020264,-3.346068438123834,,,,,0.6487573385238647,-10.046308052779898,,,0.017652273178100586,0.2717411187510132,,,0.31513261795043945,0.35364121546798566,6,6
2016-06-21 06:00:00+00:00,,,0.2600361704826355,-5.37361273963328,,,,,0.4853453040122986,-3.0197915235468944,,,,,0.6318264603614807,-6.909472658501675,,,0.10394865274429321,-0.09732700530900319,,,0.18122971057891846,-0.016568342760608885,5,5
2016-06-21 12:00:00+00:00,,,0.3322310447692871,-4.543809923298228,,,,,0.5569712817668915,-7.148685379265448,,,,,0.6323622763156891,-7.559715070712636,,,0.4361807107925415,0.513358376484879,,,0.07176506519317627,-0.09201258008486926,5,5
2016-06-21 18:00:00+00:00,,,0.2938354015350342,-4.349988646597762,,,,,,,0.4075518250465393,-6.625024634655622,,,0.6032907664775848,-9.237637858973871,,,0.08819198608398438,0.4905642129407026,,,0.007912993431091309,-0.11518644960448356,5,5
2016-06-22 00:00:00+00:00,,,0.2772798538208008,-4.612504235092269,,,,,,,0.488267183303833,-8.80832634323196,,,0.6982125341892242,-7.513094710699826,,,0.09472799301147461,0.6946473610311634,,,0.06933724880218506,-0.034461616942778134,5,5
2016-06-22 06:00:00+00:00,,,0.3118970990180969,-2.9341951526749463,,,,,,,0.30097514390945435,-3.42605351613356,,,0.5689980089664459,-6.483978163594155,,,0.3064284324645996,-0.08127178358705155,,,0.2392183542251587,0.5440621952885072,5,5
2016-06-22 12:00:00+00:00,,,0.307422399520874,-9.282158639782315,,,,,,,0.5915278494358063,-4.055994448122384,,,0.5745508670806885,-6.623150039791611,,,0.0997852087020874,-0.010680969871550974,,,0.04033339023590088,0.41557126722452886,5,5
2016-06-22 18:00:00+00:00,,,0.2828078269958496,-4.051305971726268,,,,,,,0.4586593508720398,-2.11278986223952,,,0.5852609574794769,-4.765648159473183,,,0.1577763557434082,0.1952937651073994,,,0.003568887710571289,-0.5931385417386105,5,5
2016-06-23 00:00:00+00:00,,,0.3658093214035034,-6.447241933014156,,,,,,,0.5670267939567566,-7.639026856871394,,,0.5571291148662567,-8.484405180171624,,,,,0.07606399059295654,-0.13492198540658612,,,4,4
2016-06-23 06:00:00+00:00,,,0.30170631408691406,-2.7206409479173335,,,,,,,0.5629445314407349,-4.844032389773794,,,0.5408028960227966,-7.221348448705996,,,0.052690982818603516,-0.0536123131168446,,,0.3263179063796997,0.4616913518974579,5,5
2016-06-23 12:00:00+00:00,,,0.15704452991485596,0.13070569837529059,,,,,,,0.3523261547088623,-6.57161883838598,0.48023951053619385,1.7010052957415094,0.5428140461444855,-9.00401361912816,,,0.44845718145370483,0.5907061672418606,0.14622139930725098,0.15677835346900099,0.1475510597229004,-0.09564619803681783,7,7
2016-06-23 18:00:00+00:00,,,0.18413156270980835,-0.8302735281601381,,,,,,,0.6434588730335236,-2.384704634677922,0.6107124090194702,0.884250962771925,0.5278558731079102,-6.495368155372149,,,,,0.14427030086517334,-0.0014555589809264278,0.16364502906799316,1.7135722385550831,7,6
2016-06-24 00:00:00+00:00,,,0.22349029779434204,-2.746624244664005,,,,,,,0.5238465070724487,-1.8774288284632847,0.6812304258346558,3.655395297226883,0.49003541469573975,-8.358376680202936,,,,,0.22165608406066895,-0.14317735354379565,0.2694481611251831,-0.12203441467425574,7,6
2016-06-24 06:00:00+00:00,,,0.24608075618743896,-28.593396761425645,,,,,,,0.3670172691345215,0.42748369546721715,0.6384286880493164,4.9940782532546475,,,0.5220784842967987,-7.8239345087814005,0.687146782875061,-0.4715863161609553,0.11699104309082031,-0.0446084620908303,0.16683071851730347,-0.746838665392096,8,7
2016-06-24 12:00:00+00:00,,,0.26798826456069946,-2.1142373241822914,,,,,,,,,0.6491621732711792,7.20585559806849,,,0.40993672609329224,-8.02425821901985,0.5404093265533447,0.8709713164628118,0.02470576763153076,-0.1237783095473935,0.3724960684776306,-0.6775042690583801,7,7
2016-06-24 18:00:00+00:00,,,0.21836304664611816,-0.9929217577608304,,,,,,,,,0.6337964534759521,5.148218401937655,,,0.4173603057861328,-4.352626623498499,0.022963643074035645,0.19361946730457993,0.22457438707351685,-0.40277415610378936,0.8388319760560989,0.3341154633727045,7,7
2016-06-25 00:00:00+00:00,,,0.24570071697235107,-0.7219660822974405,,,,,,,,,0.5126746892929077,3.758180329045063,,,0.4814198613166809,-9.690871647224395,0.002495884895324707,0.8066600067827291,0.04714769124984741,-0.34396823273734956,,,7,6
2016-06-25 06:00:00+00:00,,,0.24489742517471313,-2.0690329974722284,,,,,,,,,,,0.6318902969360352,4.270001225162635,0.46020233631134033,-4.596577702873623,0.11331009864807129,0.002474771630597582,,,0.3282763957977295,-0.44348309442647943,9,9
2016-06-25 12:00:00+00:00,,,0.20220494270324707,-1.470809896014149,,,,,,,,,,,0.7070180177688599,4.97198320574617,0.5237162113189697,-3.893333191736869,0.01295769214630127,0.3705935986875748,,,,,8,7
2016-06-25 18:00:00+00:00,,,0.28398215770721436,-2.3326427783292045,,,,,,,,,,,0.5550544261932373,5.641801026990152,0.4567139744758606,-3.815292630708937,0.1369255781173706,-0.24523326592494746,,,,,7,6
2016-06-26 00:00:00+00:00,,,0.33172547817230225,-3.4844695364390743,,,,,,,,,,,0.6410521268844604,6.655366533254242,0.361910343170166,-1.780630006408074,0.17608153820037842,0.2078134217757641,,,,,8,6
2016-06-26 06:00:00+00:00,,,0.00680994987487793,24.581178732631685,,,,,,,,,,,0.6165777444839478,3.1967642750587384,0.47320979833602905,-1.3891315270859061,0.10470199584960938,0.1517399079240306,,,,,7,5
2016-06-26 12:00:00+00:00,,,0.21400707960128784,-0.7940064104494782,,,0.14482182264328003,-0.8275947577374282,,,,,,,0.6775155067443848,8.003683964466095,0.3491460084915161,-1.9754942028531293,0.1820237636566162,1.7214203730813156,0.21495354175567627,-0.7498489168706165,,,7,7
2016-06-26 18:00:00+00:00,,,0.2578819990158081,-1.9687264001025429,,,0.3756895065307617,-4.891928612404334,,,,,,,0.5319968461990356,3.6905726000957153,0.2687028646469116,-0.25686919824271476,0.059912919998168945,0.3119375162288902,,,,,6,6
2016-06-27 00:00:00+00:00,,,0.2311939001083374,-0.5371277864743348,,,0.48112404346466064,-2.7957707890477375,,,,,,,0.5627754926681519,5.92956775680142,0.30866891145706177,-0.037016037974392756,0.14599323272705078,0.07971541230799059,,,,,6,6
2016-06-27 06:00:00+00:00,,,0.3541027903556824,-6.269572368965868,,,0.48371565341949463,-5.35238073469948,,,,,,,0.5618646144866943,3.268225688734705,0.3564187288284302,-0.8216145426381505,0.17792677879333496,7.396302761501938,,,,,6,6
2016-06-27 12:00:00+00:00,,,0.3615000247955322,-11.490588383848639,,,0.46714067459106445,-5.305059177879592,,,,,,,0.6638673543930054,5.428562643006132,0.06879127025604248,-0.020284255601765534,0.1042640209197998,-0.7553075205199409,0.2564910650253296,0.05496359274876929,,,7,7
2016-06-27 18:00:00+00:00,,,0.14725828170776367,-0.7553352214086898,,,,,0.4231806993484497,-5.5855218948859315,,,,,0.5872163772583008,10.133941272694258,,,0.06456351280212402,-0.13226144623340474,0.25750064849853516,-0.2923271682059146,,,6,6
2016-06-28 00:00:00+00:00,,,0.25004613399505615,-1.0102085576558448,,,,,0.5522147119045258,-6.29667315302127,,,,,0.7042313814163208,7.796279071393484,,,0.14960825443267822,0.5227213736146894,0.7510429620742798,2.0106620160931707,,,6,6
2016-06-28 06:00:00+00:00,,,0.23330414295196533,0.2804622156076477,,,,,0.6084064245223999,-5.328150046575469,,,,,0.5541877746582031,4.7275926653686815,,,,,0.04818081855773926,2.165677034532509,,,5,5
2016-06-28 12:00:00+00:00,,,0.2685443162918091,-3.572937777632117,,,,,0.5801834464073181,-9.704044188849466,,,,,0.6394106149673462,3.843020007543741,0.17061138153076172,-0.4057707260984188,,,0.09297585487365723,1.2932845699677429,,,5,5
2016-06-28 18:00:00+00:00,,,0.24378544092178345,-0.35773457033487854,,,,,0.5730361640453339,-10.549356164892263,,,,,0.6976639032363892,6.561040215858183,,,,,0.17557168006896973,1.6615385199230057,,,4,4
2016-06-29 00:00:00+00:00,,,0.219704270362854,-0.3315147305215009,,,,,0.574322372674942,-6.274029494570667,,,,,0.4885106086730957,0.5310374872515322,,,,,0.15778040885925293,2.666223723478971,,,4,4
2016-06-29 06:00:00+00:00,,,0.3990512490272522,-0.9650412648432565,,,,,0.4525322914123535,-9.52500034136873,,,,,0.6136069297790527,0.5518552576117326,,,,,0.10747957229614258,2.076634030575515,,,4,4
2016-06-29 12:00:00+00:00,,,0.2241305708885193,9.731410529913253,,,,,0.6170381009578705,-9.31736979932819,,,,,,,,,,,0.10107219219207764,0.899562933508832,,,3,3
2016-06-29 18:00:00+00:00,,,0.2930709719657898,-1.3029166425314311,,,,,0.5321592390537262,-7.737449656735083,,,,,,,,,,,0.13426029682159424,1.2686010587154486,,,4,3
2016-06-30 00:00:00+00:00,,,0.26103246212005615,-0.7702397354036654,,,,,0.48072749376296997,-3.3682106905709186,,,,,,,,,,,0.13884902000427246,1.6275039163485399,,,3,3
2016-06-30 06:00:00+00:00,,,0.09859943389892578,4.523781965149884,,,,,0.543787807226181,-10.08003361735974,,,,,,,,,,,0.09531962871551514,1.4425151347234142,,,3,3
2016-06-30 12:00:00+00:00,,,0.17412668466567993,2.583132301655664,,,,,0.485295832157135,-4.69360177025442,,,,,,,,,,,0.08668982982635498,0.6111918426033767,,,3,3
2016-06-30 18:00:00+00:00,,,0.2894664406776428,-0.7939583754653253,,,,,0.4318896532058716,-5.136028710420194,,,,,,,,,,,0.06066739559173584,1.677631931587395,,,3,3
2016-07-01 00:00:00+00:00,,,0.3046261668205261,-2.260937159109896,,,,,0.3622645139694214,-4.5703587745483985,,,,,,,,,,,0.08243143558502197,0.25960173796105807,0.27860474586486816,-0.12146550262562021,4,4
2016-07-01 06:00:00+00:00,0.3320959806442261,-0.47653125248841705,0.22249925136566162,-2.270641006473952,,,,,0.4443003535270691,-7.5590959644082485,,,,,,,,,,,0.1923614740371704,0.46673970765327016,0.08425271511077881,-1.0405573413857283,5,5
2016-07-01 12:00:00+00:00,0.2544441223144531,-0.38264834517824997,0.0038590431213378906,12.72101678560869,,,,,0.40275609493255615,-6.902963485020722,,,0.4242834448814392,0.1292667171427183,,,0.25483375787734985,-1.1558446756688725,,,0.2124418020248413,0.23397918938801765,0.26135170459747314,0.15841499737750933,7,7
2016-07-01 18:00:00+00:00,0.022928357124328613,0.38199215766520456,0.19093835353851318,-0.5371600895536333,,,,,0.4356810450553894,-10.34297843200828,,,0.2949618697166443,-0.00277702241072092,,,0.05374789237976074,2.4273364613965556,,,0.1012500524520874,0.3056796323753826,,,6,6
2016-07-02 00:00:00+00:00,0.2079784870147705,0.2705215770265031,,,0.16263091564178467,-0.49532052352297246,,,0.4965561628341675,-4.536622498645295,,,0.09857058525085449,0.622773025632512,,,0.1990869641304016,-2.7449268706103105,0.2549341917037964,0.3947251732433075,,,0.0832359790802002,0.1915654126780007,7,7
2016-07-02 06:00:00+00:00,,,0.49429237842559814,-0.9506057423198216,0.17807459831237793,-0.06956947634256996,,,,,0.5831368863582611,-9.719724690017658,0.20756816864013672,0.29273431950347534,,,,,,,,,0.033597469329833984,0.05136986122250975,5,5
2016-07-02 12:00:00+00:00,,,0.02394843101501465,-0.2549839213593426,,,,,,,0.41374242305755615,-0.9655447841228985,0.26394104957580566,1.2763951035495174,,,,,,,,,0.2282503843307495,0.8728045385466165,4,4
2016-07-02 18:00:00+00:00,,,0.25507861375808716,-0.6156056717679723,0.08394515514373779,0.7688914029034936,,,,,0.30402159690856934,-1.2512673062859438,0.29298222064971924,1.1465358630230214,,,,,,,,,0.2684367895126343,1.0191945505434905,9,7
2016-07-03 00:00:00+00:00,,,0.056590914726257324,4.868824635878516,0.13554632663726807,0.9021634755508601,,,,,,,0.3475989103317261,3.5402091552787827,,,,,,,,,0.29002976417541504,0.7594277407211472,5,4
2016-07-03 06:00:00+00:00,0.09895849227905273,0.05651358528147486,0.3543071746826172,-1.262241559426607,0.9587792903184891,-3.7415227163092073,,,,,,,0.334286093711853,4.8047405433689665,,,,,,,,,0.32130861282348633,0.21522815721103486,6,5
2016-07-03 12:00:00+00:00,,,0.05859637260437012,0.15332860927443845,0.08301758766174316,-0.6867433555825073,,,,,,,0.4526869058609009,-7.818281189926162,,,,,,,0.031142711639404297,-0.6226743393910652,0.1884082555770874,0.3912392763632013,6,6
2016-07-03 18:00:00+00:00,,,0.47549909353256226,-0.913293366335498,0.04218316078186035,-0.3539064215762409,,,,,,,0.588665246963501,8.252699532769666,,,,,,,0.2133234739303589,0.06285624068723145,0.2612417936325073,0.634239357370841,7,7
2016-07-04 00:00:00+00:00,,,0.19037020206451416,0.697883837915226,0.4461870789527893,-0.489047911378822,,,,,,,0.5791088342666626,10.127517082486609,,,,,,,,,0.1374598741531372,0.5867066846571464,5,5
2016-07-04 06:00:00+00:00,,,,,0.17050665616989136,-0.12229746235189454,,,,,,,0.6085031032562256,8.491205852426944,,,,,,,,,0.14102816581726074,0.1428650296023183,3,3
2016-07-04 12:00:00+00:00,0.3965965509414673,1.2165237564351947,0.20782440900802612,0.28357246783298395,0.29337477684020996,0.6355253897641587,0.03874695301055908,0.6597442440934864,,,,,0.5730195045471191,7.838143058113123,,,,,,,,,0.09648072719573975,0.4048109979172207,7,7
2016-07-04 18:00:00+00:00,0.22899436950683594,-0.9202338538837719,0.10769927501678467,-0.6345437250657774,0.2386457920074463,0.373652212442413,0.3053075075149536,9.39263391080595,,,,,,,0.5533685684204102,10.833349369845804,,,,,,,,,6,5
2016-07-05 00:00:00+00:00,0.4326264262199402,-0.991365563484977,0.015681028366088867,-0.06855458857357079,0.14021432399749756,-1.0655827546086583,0.0407334566116333,0.1993478240564695,,,,,0.20106518268585205,1.1432434080256562,0.5336899757385254,9.911984938056365,,,,,,,,,6,6
2016-07-05 06:00:00+00:00,0.01956123113632202,-0.9339760667154925,0.5171678066253662,0.023761529496818378,0.2204068899154663,0.15382354947712187,0.17020440101623535,0.36719350197947787,,,,,0.21025586128234863,1.4697056900420604,0.5206106901168823,13.025787434695872,,,,,,,,,6,6
2016-07-05 12:00:00+00:00,0.07783067226409912,-0.2642451523939817,0.16540008783340454,0.0036511171014331585,0.36571890115737915,-0.9966587792257551,0.44101953506469727,2.0925185456894204,,,,,0.1458646059036255,0.6985514985534758,0.4850585460662842,6.4975888243655655,,,,,,,,,7,6
2016-07-05 18:00:00+00:00,0.1968746781349182,-0.7512149535934846,,,0.6153909862041473,-0.25702002524818446,0.03193187713623047,0.5845459671742093,,,,,0.3574705123901367,-0.8093159945744004,0.5487338304519653,12.359289663747052,,,,,,,,,7,5
2016-07-06 00:00:00+00:00,0.0010238885879516602,-0.19317287827784285,,,0.46222376823425293,-1.1037995532993345,0.5099141597747803,4.6480920563713735,,,,,0.30359309911727905,-0.2509602970608919,0.47157490253448486,8.791158747501774,,,,,,,,,7,6
2016-07-06 06:00:00+00:00,0.12697631120681763,-10.229578446594529,,,0.3197023868560791,-1.3163391125114454,0.22101056575775146,2.033991483264792,,,,,,,0.44959092140197754,8.4758972159278,,,,,,,,,4,4
2016-07-06 12:00:00+00:00,0.14332157373428345,-0.3801697238803201,,,0.34025126695632935,0.09441176000913651,0.21422934532165527,0.19392966758312916,,,,,0.09554409980773926,0.6749981383295267,0.46455609798431396,11.708039497749295,,,,,,,,,5,5
2016-07-07 00:00:00+00:00,0.10150700807571411,-0.7863566718958104,,,,,,,0.11419636011123657,1.6871011159837266,,,,,0.4277075529098511,11.480148736125049,,,,,,,,,4,4
2016-07-07 06:00:00+00:00,0.04168701171875,9.246366520854293,,,0.48716044425964355,-0.5863134152027115,,,,,,,,,0.41487276554107666,11.075907756201246,,,,,,,,,4,4
2016-07-07 12:00:00+00:00,0.17493540048599243,-0.8500000420075485,,,0.8827217891812325,-4.775250304202177,,,,,,,,,0.4187126159667969,10.069428780006014,,,,,,,,,4,4
2016-07-07 18:00:00+00:00,0.1726900339126587,-0.4116077529626722,,,0.20469820499420166,0.3498827414756707,,,,,,,,,0.36343109607696533,8.781595184944765,,,,,,,,,5,4
2016-07-08 00:00:00+00:00,0.27175575494766235,-6.655193849420702,,,,,,,0.1536273956298828,3.166514304755366,,,,,0.36910128593444824,10.101456966336992,,,,,,,0.37737762928009033,-0.08114468081809928,8,5
2016-07-08 06:00:00+00:00,,,0.4247240424156189,-7.50636190710799,0.16295182704925537,0.381739287160182,,,0.47425806522369385,1.193025424227843,,,,,0.31245386600494385,0.24916005545971406,0.5212886333465576,4.3858936761842555,,,,,,,8,7
2016-07-08 12:00:00+00:00,,,0.3421924114227295,-2.1542858330756904,,,,,,,,,,,0.38013994693756104,10.382685792480006,0.6319466829299927,6.05109285579038,,,,,,,4,4
2016-07-08 18:00:00+00:00,,,0.2423836588859558,-1.3011228705060627,,,,,,,,,,,0.3222522735595703,7.079396135137333,0.5592479705810547,4.294281551708309,,,,,,,5,4
2016-07-09 00:00:00+00:00,,,0.2562207579612732,-0.7907652811798475,,,,,,,,,,,0.36151373386383057,9.092913213398454,0.5066477060317993,4.727536057467806,,,,,,,4,4
2016-07-09 06:00:00+00:00,,,0.33797121047973633,-1.6965434635371308,,,,,,,,,,,0.33915042877197266,7.597980735968281,0.4710392951965332,5.5839741841540125,,,,,,,5,5
2016-07-09 12:00:00+00:00,,,0.18546456098556519,-1.7692611731091679,,,,,0.6371446847915649,3.225392357426163,,,,,0.31880688667297363,7.896912752236465,0.47147607803344727,6.038172582312201,,,,,,,8,7
2016-07-09 18:00:00+00:00,,,0.27703458070755005,-0.6759867578969173,,,,,0.2607179880142212,0.2228408595048049,,,,,0.3374224901199341,4.439364364568374,,,,,,,,,4,3
2016-07-10 00:00:00+00:00,,,0.23931169509887695,-0.3709694528387888,,,,,0.2968015670776367,1.19149781997681,,,,,0.36291325092315674,8.566081457398917,,,,,,,,,4,4
2016-07-10 06:00:00+00:00,,,0.008953511714935303,10.65928958608032,,,,,0.21886777877807617,0.19908132274322798,,,,,0.3519798517227173,-3.909748859245329,0.5461302995681763,3.75746011710564,,,,,,,6,6
2016-07-10 12:00:00+00:00,,,0.33129608631134033,-0.3621032869955711,,,,,0.423197865486145,6.757060559407908,,,,,0.3874475955963135,6.760265315426904,,,,,,,,,4,4
2016-07-10 18:00:00+00:00,,,0.029507696628570557,-0.543234676311678,,,,,0.4812513589859009,3.9092844055382403,,,,,0.3685053586959839,4.226395368441893,,,,,,,,,5,4
2016-07-11 00:00:00+00:00,,,0.237842857837677,-0.4079296356224874,,,,,0.33257341384887695,2.5514337133761376,,,,,0.3215101957321167,10.704948806777384,,,,,,,,,4,4
2016-07-11 06:00:00+00:00,,,0.38133299350738525,-0.7444768106838342,,,,,0.7041583061218262,4.459620159556016,0.3819020986557007,0.5152091508769849,,,0.3571096658706665,9.228380095081633,,,,,,,,,5,5
2016-07-11 12:00:00+00:00,,,0.3578314781188965,-0.013860008547484266,,,,,0.2419569492340088,3.3121860708826785,0.26463258266448975,3.555797443803561,,,0.34472334384918213,8.514928516480124,0.0575411319732666,2.2194717156457964,,,,,,,5,5
2016-07-11 18:00:00+00:00,,,0.200752854347229,-0.6740042034774043,,,,,0.3922128677368164,4.993705861113114,0.8299837112426758,5.845653735005891,,,0.3712010383605957,8.742892039824872,,,,,,,,,5,4
2016-07-12 00:00:00+00:00,,,0.5543120205402374,-1.035313328841408,,,,,0.8504945039749146,3.6078945935861406,0.5156611204147339,4.928672541167612,,,0.34441542625427246,9.841573017652998,,,,,,,,,5,4
2016-07-12 06:00:00+00:00,,,0.32698357105255127,-0.6940145501553405,,,,,0.28022491931915283,2.93694120273353,,,,,0.3618612289428711,11.543136117672303,,,,,,,,,3,3
2016-07-12 12:00:00+00:00,,,0.8900076150894165,5.766236495159475,,,,,0.6129273176193237,6.4528725830273626,,,,,0.3600045442581177,9.438598279033098,,,,,,,0.21004092693328857,0.8263678922365404,5,4
2016-07-12 18:00:00+00:00,,,0.2994527816772461,0.524994226475113,,,,,0.7587897777557373,4.960665242299729,,,,,0.3551821708679199,10.245486094857485,,,,,,,,,4,3
2016-07-13 00:00:00+00:00,,,0.5975020825862885,-0.0034051404366899525,,,,,0.5960676670074463,4.430492879990951,,,,,0.3543146848678589,7.155845299058867,,,,,,,,,4,3
2016-07-13 06:00:00+00:00,0.38197195529937744,-0.5041943586163709,0.6361383199691772,0.22438005276802983,,,,,,,0.7052665948867798,1.8970461762651165,,,0.34855473041534424,7.0387070660020274,,,,,,,,,4,4
2016-07-13 12:00:00+00:00,0.1273345947265625,0.7982922690909543,,,,,,,,,0.8536367416381836,3.4521144454663832,,,0.3252319097518921,5.050088007693947,,,,,,,,,6,3
2016-07-13 18:00:00+00:00,0.41201651096343994,-0.013521066811390951,0.5022052526473999,-0.1318395279340454,,,,,,,0.7909525632858276,3.5274895843443086,,,0.32083606719970703,5.971438085651172,,,,,0.23908066749572754,4.1832868548756625,0.16645991802215576,0.17647037754147804,9,7
2016-07-14 00:00:00+00:00,0.645298182964325,-0.25465183485687143,0.5051445960998535,0.3345793970786749,,,,,,,,,,,,,0.37965595722198486,6.535258215098273,,,0.17043769359588623,1.5045371445944729,0.3036947250366211,2.930771367405261,6,5
2016-07-14 06:00:00+00:00,0.4139952063560486,-0.18719795710992948,0.31051748991012573,-0.26316008677946756,,,,,,,,,,,,,0.38943493366241455,4.751190598539627,,,0.2049102783203125,4.61452036469101,0.35772669315338135,0.5877907200253459,8,7
2016-07-14 12:00:00+00:00,0.4110076427459717,-0.8541916040521345,,,,,0.3092418909072876,-0.4798471351098273,,,,,,,,,0.3937588930130005,8.625988715817897,0.29044830799102783,0.5893391487833146,0.2025359869003296,1.5125348909196952,0.009439826011657715,-0.2356116831594162,12,8
2016-07-14 18:00:00+00:00,0.04550987482070923,-0.0033334074364723696,,,,,,,0.4945524334907532,-6.004761625364985,,,,,,,0.4681839942932129,4.865490642256935,,,0.13875412940979004,0.8411482465418769,,,6,4
2016-07-15 00:00:00+00:00,0.687130331993103,-16.44953758158238,,,,,,,0.4243847727775574,-11.302424287707113,,,,,,,0.3134465217590332,3.06840871659935,,,0.24291086196899414,1.6844173819772759,0.3054540157318115,0.03743970615273303,5,5
2016-07-15 06:00:00+00:00,0.20011818408966064,-0.5966913127001932,,,,,,,0.208215594291687,-9.269360146666981,,,,,,,0.35773301124572754,4.795774829733772,0.11774873733520508,0.9551083790083718,0.16806769371032715,2.7102638177679057,0.16082704067230225,0.1397356600567564,6,6
2016-07-15 12:00:00+00:00,,,0.18040096759796143,-0.01146532728636199,,,,,0.4123920202255249,-7.927777452244007,,,0.455083429813385,-2.144265158213906,,,0.26274335384368896,0.8848942668127513,,,0.15397334098815918,2.3393977065804146,0.07853662967681885,-0.3833219000113745,7,7
2016-07-15 18:00:00+00:00,,,0.18474507331848145,-0.38995731773741693,,,,,0.47500455379486084,-10.465904293899253,,,0.35734134912490845,-2.190563902808837,,,0.3183424472808838,4.394257596889129,,,0.20878887176513672,5.427770545353277,0.14993703365325928,3.6521245454744222,8,8
2016-07-16 00:00:00+00:00,,,0.13127905130386353,-0.8274163614054701,,,,,0.3986462950706482,-4.969443278369697,,,0.4005742073059082,-5.448780220254084,,,0.36727821826934814,1.6608278502615192,,,0.16235244274139404,1.2724930473296001,0.2526097297668457,0.026130163675626886,7,7
2016-07-16 06:00:00+00:00,,,0.22740381956100464,-1.4215583052707108,,,,,0.4221506714820862,-5.327026548625925,,,0.4812992811203003,-5.59405936267754,,,0.08950889110565186,-0.04520161050120638,,,0.23034024238586426,1.8771732057215196,0.30910205841064453,0.1998913558036981,8,7
2016-07-16 12:00:00+00:00,,,0.36194539070129395,-1.6699557239386849,,,,,0.35509705543518066,-5.188092626810709,,,0.439960241317749,-5.788769841978794,,,0.3237581253051758,0.014161165691079594,0.44279778003692627,0.9203701202447147,0.38346993923187256,4.248411947460332,0.37540435791015625,2.042270773865246,7,7
2016-07-16 18:00:00+00:00,,,0.27904731035232544,-1.8587499173152577,,,,,0.46857452392578125,-6.267974117958497,,,0.42335861921310425,-7.8903293461699135,,,0.10991895198822021,-1.0124367253163045,,,0.24009978771209717,0.9559315809408757,0.22932755947113037,1.953565431245688,7,7
2016-07-17 00:00:00+00:00,,,0.2570856213569641,-1.3450507271483174,,,,,0.5391809046268463,-4.484278818171419,,,,,0.38984954357147217,-5.16583255191499,0.4043031930923462,-0.06919476858206786,,,0.21509313583374023,1.037881544410458,0.3684908151626587,0.49509001556228094,8,8
2016-07-17 06:00:00+00:00,,,0.1657313108444214,-1.423245665990986,,,,,0.5914921760559082,-10.182737465266772,,,,,0.455025315284729,-7.541170807670976,,,,,0.21114230155944824,0.7077830261055855,0.03624957799911499,0.44573493764986993,5,5
2016-07-17 12:00:00+00:00,,,0.37448346614837646,-32.30934193158756,,,,,0.4575042128562927,-5.018658454875879,,,,,0.41744524240493774,-4.807152488839151,,,,,0.16299808025360107,2.5333236536310078,,,4,4
2016-07-17 18:00:00+00:00,,,0.23277491331100464,-2.7586767255626645,,,,,0.5184965431690216,-13.144293957630927,,,,,0.47279977798461914,-5.536770091743254,,,,,0.13434898853302002,1.7841805154354646,,,4,4
2016-07-18 00:00:00+00:00,,,0.2301451563835144,-0.9234660655875692,,,,,,,0.5426359474658966,-8.70415901618641,,,0.5061392486095428,-7.800456779849299,,,,,0.15532135963439941,0.9994100620584306,0.07595890760421753,0.17830395306046903,5,5
2016-07-18 06:00:00+00:00,,,0.2973998785018921,-25.337595552121005,,,,,,,0.3933836817741394,-2.921907561904476,,,0.4803951382637024,-5.07722891028394,,,,,0.17485058307647705,1.9343011519528102,0.0020957589149475098,-0.4757173453619426,5,5
2016-07-18 12:00:00+00:00,,,0.1462666392326355,-0.7552857723671003,,,,,,,0.3666526675224304,-13.430286155434278,,,0.45521247386932373,-10.761263545938183,,,,,0.20694506168365479,3.200658016408058,0.0548328161239624,0.34504220096460236,5,5
2016-07-18 18:00:00+00:00,,,0.22748714685440063,-2.1756526949531816,,,,,,,0.41958075761795044,-2.705631744435771,0.3813931941986084,-0.19938001320015922,0.5381300151348114,-7.702686823386538,,,,,0.18269383907318115,1.5646687332810958,0.1657254695892334,-0.36514876502600224,6,6
2016-07-19 00:00:00+00:00,,,0.1988648772239685,-0.6560101233657258,,,,,,,0.34251242876052856,-0.9973464586981216,0.22087860107421875,0.6634581826781419,0.4869410991668701,-6.822555659175892,,,,,0.20195448398590088,1.4366011050889909,0.11158931255340576,0.3131456599487868,6,6
2016-07-19 06:00:00+00:00,,,0.22035831212997437,-2.1279444164861143,,,,,,,0.3667071461677551,-7.196298699024944,0.461986780166626,2.5174891430276496,0.4717634320259094,-6.8466795039870965,,,,,0.1306438446044922,1.7044800489895455,0.007197320461273193,-0.15427464491023124,6,6
2016-07-19 12:00:00+00:00,,,0.20566296577453613,-3.4930118208513075,,,,,,,0.31172865629196167,-2.6442646489416117,0.5677922964096069,1.5896072873224159,0.5427927374839783,-8.758909146743173,,,,,,,0.13818955421447754,0.8865123463366169,5,5
2016-07-19 18:00:00+00:00,,,0.2385159730911255,-1.4519194932082926,,,,,,,0.33092689514160156,-11.105919433764758,0.5877918004989624,2.237536380397264,0.5237661600112915,-5.031594889292394,,,,,,,0.22830164432525635,0.6902914269314024,5,5
2016-07-20 00:00:00+00:00,,,0.24764728546142578,-3.6233904295378383,,,,,,,0.23661965131759644,-5.509318337024733,0.540373682975769,5.438288309143072,0.5267155170440674,-9.527981410297535,,,,,,,0.13213717937469482,0.7895471478016605,5,5
2016-07-20 06:00:00+00:00,,,0.2635915279388428,-8.835595462800962,,,,,,,0.20874738693237305,-1.1678755430998677,0.50786292552948,2.5669756192539688,0.4749135971069336,-7.6799157389786235,,,,,,,0.1843184232711792,0.16789365200009826,5,5
2016-07-20 12:00:00+00:00,,,0.17835122346878052,-1.226458679685404,,,,,,,0.3049994111061096,-7.718012185452008,0.5809682607650757,4.047405762155039,0.5373753309249878,-6.307440460352513,,,,,,,0.08781921863555908,2.267506974662596,6,5
2016-07-21 00:00:00+00:00,,,0.2433323860168457,-0.911121240922362,,,,,,,0.014003634452819824,0.11901308322099355,0.5717898607254028,6.045812449315666,0.49695295095443726,-8.142339740516906,,,,,0.08197104930877686,0.6451555203416396,,,6,6
2016-07-21 06:00:00+00:00,,,0.2421916127204895,-2.5219923348641484,,,,,,,0.25851577520370483,-0.8308645381875365,0.28310489654541016,3.450487985103104,0.5038391947746277,-9.919020879960996,,,,,0.1844801902770996,2.333365826598715,,,6,6
2016-07-21 12:00:00+00:00,,,0.21564000844955444,-3.6308103538597027,,,,,,,0.10278332233428955,0.7284849481927544,0.465639591217041,-4.06633987420547,0.20752030611038208,-0.8965719633477878,0.4081745147705078,-5.476227364336779,,,0.18116915225982666,0.532622370046397,,,7,7
2016-07-21 18:00:00+00:00,,,0.25481075048446655,-1.8998579808999612,,,,,,,,,0.506411612033844,-3.6157047932055817,0.3330579996109009,1.6868493985635162,0.3520635962486267,-2.7110932739740963,,,0.22956669330596924,0.5740619341431171,,,7,6
2016-07-22 00:00:00+00:00,,,0.2226734757423401,-2.0553999353415917,,,,,,,,,0.4020102620124817,-5.842575653606061,0.2829926013946533,5.104626806160078,0.4518035650253296,-6.474448172544156,,,0.14648652076721191,1.5643637847770915,,,6,6
2016-07-22 06:00:00+00:00,,,0.3239307403564453,-4.319483756854818,,,,,,,,,0.29631340503692627,-6.910313310971144,0.5002483129501343,5.325975010861648,0.40271949768066406,-4.864357844183073,,,0.1090097427368164,0.7492837553418843,,,6,6
2016-07-22 12:00:00+00:00,,,0.16445058584213257,-1.5991255738210268,,,0.27488309144973755,-5.568118186378268,,,,,,,0.39751899242401123,5.542760005088077,0.38491004705429077,-3.5207238287150617,,,0.13349449634552002,1.1923209575626903,,,5,5
2016-07-22 18:00:00+00:00,,,0.1772705316543579,20.035843672443747,,,0.4081377387046814,-3.1480892439283457,,,,,,,0.5362803936004639,8.003657874073218,0.42917972803115845,-10.514601605737244,,,0.176011323928833,0.4938075003521988,,,6,5
2016-07-23 00:00:00+00:00,,,0.2978730797767639,-1.404025651253792,,,0.403178334236145,-6.376940026445966,,,,,0.4004838466644287,-0.11900891172537877,0.5159660577774048,3.774544838252226,0.3715862035751343,-5.077018552889944,,,0.12085831165313721,0.22141258241054268,,,6,6
2016-07-23 06:00:00+00:00,,,0.2926761507987976,-2.4769776946550066,,,0.41145700216293335,-11.61219197392053,,,,,0.026668071746826172,0.3200307205966242,0.512797474861145,3.876805625018599,0.2997182607650757,-3.0193615255583124,,,0.17714691162109375,1.4104939571855675,,,6,6
2016-07-23 12:00:00+00:00,,,0.308984637260437,-1.9795917981027087,,,0.39653480052948,-5.970448069274272,,,,,0.3420923948287964,0.17927678203220063,0.29749763011932373,2.0593796399532196,0.3618847131729126,-0.8256143999035325,,,0.06346476078033447,2.272219626685751,,,6,6
2016-07-23 18:00:00+00:00,,,0.23956948518753052,2.7739407661552224,,,,,0.4146384000778198,-6.947920367730176,,,0.0830146074295044,0.28292345897089455,0.10126042366027832,3.03443961404101,0.34579896926879883,-0.5996120626220262,,,0.16975772380828857,1.4155521947577199,,,6,6
2016-07-24 00:00:00+00:00,,,0.2402021288871765,-1.2895785616242261,,,,,0.46557241678237915,-10.668808425301906,,,0.2624462842941284,0.3143627126563132,0.5484728813171387,6.651032353639149,0.24960613250732422,0.07349828100057293,,,0.0570220947265625,2.675549778124968,,,6,6
2016-07-24 06:00:00+00:00,,,0.32692182064056396,-1.850861445611774,,,,,0.446352481842041,-10.804459733750788,,,0.43180543184280396,-0.6736768166029593,0.5327656269073486,6.139439838410806,0.17301392555236816,0.08542464369355578,,,0.1514894962310791,-7.1236067032071775,,,7,6
2016-07-24 12:00:00+00:00,,,0.1311078667640686,-0.39116011804711653,,,,,0.42226362228393555,-4.985439534149844,,,0.1696813702583313,-0.6029139305636403,0.45337605476379395,4.134408294798053,0.4108152985572815,-5.7932440449425915,,,0.17282605171203613,-0.098794145402459,,,7,7
2016-07-24 18:00:00+00:00,,,0.21781903505325317,-3.169122222304772,,,,,0.44082701206207275,-10.782585769003626,,,0.2316685914993286,-0.10082163199932545,,,0.3380216360092163,-0.27269264644612573,,,0.18539857864379883,4.440832014609383,,,5,5
2016-07-25 00:00:00+00:00,,,0.30982494354248047,-3.3447071236140644,,,,,0.352908194065094,-6.9985095773280825,,,0.021356940269470215,0.9043943167176722,0.01701533794403076,-0.11862511454219939,0.26365578174591064,-0.23477882333785405,,,0.1453533172607422,1.9731311674913814,,,6,6
2016-07-25 06:00:00+00:00,,,0.22858792543411255,-15.716253647093867,,,,,0.36578094959259033,-17.369203780678866,,,0.10164201259613037,-0.2427509402438839,0.40156781673431396,2.35652695336916,0.012941598892211914,-0.2898991324968063,,,0.12268316745758057,1.384589248435444,,,6,6
2016-07-25 12:00:00+00:00,,,0.03667783737182617,-1.5901809694242348,,,,,0.375397264957428,-8.17012428055629,,,0.0019487738609313965,-0.33095999930913866,0.33690333366394043,7.155556471428208,0.28391188383102417,0.22832760282952097,,,0.2291351556777954,1.8428392586003555,,,6,6
2016-07-25 18:00:00+00:00,,,0.20159417390823364,-1.2366546898929727,,,,,0.41620194911956787,-5.809424643877319,,,0.056676626205444336,-0.39297030482401485,0.14445960521697998,5.8014423543097,0.42186546325683594,0.3220905791949233,,,0.19874727725982666,0.5118640104783583,,,6,6
2016-07-26 00:00:00+00:00,,,0.25672757625579834,-1.5763205323266114,,,,,0.46735185384750366,-8.597350362014145,,,0.5138194262981415,-0.475645591456255,0.04106307029724121,-0.01889581252389652,,,,,0.21459996700286865,3.540167688587863,,,8,8
2016-07-26 06:00:00+00:00,,,0.255759060382843,-0.838658912036423,,,,,0.45177561044692993,-5.166829232081967,,,,,,,,,,,0.2068779468536377,1.931038848448878,,,4,4
2016-07-26 12:00:00+00:00,,,0.1580336093902588,-0.8862438733626171,,,,,0.41958725452423096,-6.249684858878362,,,,,,,,,,,0.23829591274261475,3.2599418367995097,,,4,4
2016-07-26 18:00:00+00:00,,,0.2140716314315796,-1.1580874600684818,,,,,0.4445701241493225,-9.34162047341774,,,,,,,,,,,0.2431650161743164,2.281711362175797,,,4,4
2016-07-27 00:00:00+00:00,,,0.1958087682723999,0.023967634229596264,0.12121880054473877,-0.5936584852661271,,,0.5055592060089111,-7.131292277373915,,,,,,,,,,,0.200461745262146,6.649134887621062,,,7,6
2016-07-27 06:00:00+00:00,,,0.12514740228652954,0.46423198031762725,0.04211306571960449,-0.6324222698961947,,,0.5225841403007507,-7.158316104377148,,,,,,,,,,,0.16149139404296875,1.7101000929807293,,,7,6
2016-07-27 12:00:00+00:00,,,0.02953183650970459,-0.5583862749251812,0.21792542934417725,-0.5814556802416796,,,0.4485854506492615,-13.386321383046386,,,,,,,,,,,0.2156606912612915,3.33319528147272,,,6,6
2016-07-27 18:00:00+00:00,,,0.2666751742362976,-3.237446673316899,0.5082225501537323,-0.295615381216409,,,0.422115683555603,-3.4717991224638567,,,,,,,,,,,0.16968607902526855,1.2592610195124503,,,5,5
2016-07-29 00:00:00+00:00,,,0.42061465978622437,-0.48845396126632123,,,,,,,,,0.6545010805130005,5.357524163485324,,,,,,,,,,,3,3
2016-07-29 06:00:00+00:00,,,0.5514121055603027,-0.20697619305447584,,,,,,,,,0.5828683376312256,8.158823655517017,,,,,,,,,,,3,3
2016-07-29 12:00:00+00:00,,,0.45475780963897705,-0.30177310797030726,,,,,,,,,0.2546987533569336,1.6290695519539087,0.586908221244812,8.868556253457195,,,,,,,,,3,3
2016-07-29 18:00:00+00:00,,,0.12298142910003662,-0.8626828294171578,,,,,,,,,0.33662331104278564,3.1016419263084263,0.6061822175979614,7.571978075039215,,,,,,,,,3,3
2016-07-30 00:00:00+00:00,,,,,,,,,,,,,0.2680509090423584,3.5811534177208277,0.6146750450134277,10.69102437072045,,,,,,,,,2,2
2016-07-30 06:00:00+00:00,,,,,,,,,,,,,0.3844876289367676,3.1197192696931233,0.6535332202911377,11.623938572791907,,,,,,,,,2,2
2016-07-30 12:00:00+00:00,,,,,,,,,,,,,0.29630720615386963,4.9161727748509945,0.6284078359603882,7.007006067601553,,,,,,,,,2,2
2016-07-30 18:00:00+00:00,,,,,,,,,,,,,0.2831484079360962,5.03244191838033,0.6008654832839966,7.980785434599577,,,,,,,,,3,2
2016-07-31 00:00:00+00:00,,,0.3385298252105713,0.7173608632167185,,,,,,,,,,,0.6771179437637329,10.647466717173316,,,0.22255241870880127,-2.445604068323983,,,,,3,3
2016-07-31 06:00:00+00:00,,,,,0.1720874309539795,0.19398219925119073,,,,,,,,,0.5900585651397705,8.87707944692789,,,0.2556328773498535,5.356498174249898,,,,,3,3
2016-07-31 12:00:00+00:00,,,,,0.2544717788696289,-0.573271588595373,,,,,,,,,0.664447546005249,17.051423948121304,,,0.26383447647094727,24.11970738718315,,,,,3,3
2016-07-31 18:00:00+00:00,,,,,0.10888898372650146,0.1437896463163752,,,,,,,,,0.6209688186645508,7.642715965698032,,,0.2451190948486328,5.342235027002873,,,,,3,3
2016-08-01 00:00:00+00:00,,,,,0.36073416471481323,-0.5786726145891776,,,,,,,,,0.6119042634963989,7.994770837764209,,,0.21164441108703613,3.7742132318128063,,,,,3,3
2016-08-01 06:00:00+00:00,,,,,0.5925076603889465,-1.3724419510931896,,,,,,,,,0.6481019258499146,9.642373609312022,,,0.2524300813674927,4.231997511415709,,,,,3,3
2016-08-01 12:00:00+00:00,,,,,,,,,,,,,,,0.5713105201721191,11.039981959814313,,,0.24573755264282227,7.474452120894512,,,,,3,2
2016-08-01 18:00:00+00:00,,,,,,,,,,,,,,,0.593921422958374,11.930695195456497,,,0.2597987651824951,6.8133437137643,,,,,2,2
2016-08-02 00:00:00+00:00,,,,,,,,,,,,,,,0.6301531791687012,7.731363585540076,,,,,0.2759469747543335,6.706537186937156,,,2,2
2016-08-02 06:00:00+00:00,,,,,,,,,,,,,,,0.5200937986373901,6.114302879456168,,,0.11008661985397339,0.06660547997018544,0.2736715078353882,7.0263785785183615,,,4,3
2016-08-10 18:00:00+00:00,0.12182551622390747,-2.8635125494529197,,,,,,,0.352661669254303,-1.7796274428236005,,,,,,,,,,,0.21900081634521484,7.09042672637771,,,3,3
2016-08-11 00:00:00+00:00,0.22321176528930664,0.18065530510097125,,,,,,,0.34301692247390747,-10.162931312389494,,,,,,,,,,,0.17504346370697021,4.0205926547790956,,,3,3
2016-08-11 06:00:00+00:00,0.015367507934570312,-0.17142977810551757,,,,,,,0.28849732875823975,-8.43310587681522,,,,,,,,,,,0.13108086585998535,1.5124305581514015,,,3,3
2016-08-11 12:00:00+00:00,0.10090368986129761,-0.45714286226280165,,,,,,,0.41965365409851074,-10.954213174934145,,,,,,,,,,,0.20789194107055664,1.7338803655615207,,,3,3
2016-08-11 18:00:00+00:00,0.0932723879814148,-0.43835660207987076,,,,,,,0.42186933755874634,-9.534179831279364,,,,,,,,,,,0.1453949213027954,1.1354622710173528,,,3,3
2016-08-12 00:00:00+00:00,0.25548428297042847,-0.8619450041811053,,,,,,,0.2634456753730774,-16.01404545885776,,,,,,,,,,,0.11325192451477051,1.655312528546851,,,3,3
2016-08-12 06:00:00+00:00,0.22079509496688843,-1.4094492012845854,,,,,,,0.3795134425163269,-10.63867031076676,,,,,,,,,,,0.19343698024749756,2.337094283800157,,,3,3
2016-08-12 12:00:00+00:00,0.21085262298583984,-0.2821711007214439,,,,,,,0.3021504282951355,-12.856289077480342,,,,,,,,,,,0.2765160799026489,4.6496150379622545,,,3,3
2016-08-12 18:00:00+00:00,0.28250813484191895,-1.5901563285861837,,,,,,,0.38315844535827637,-7.419627172570937,,,,,,,,,,,0.2263658046722412,2.183857739701788,,,3,3
2016-08-13 00:00:00+00:00,0.30384135246276855,-1.05354574290429,,,,,,,0.2950284481048584,-1.8327470682845037,,,,,,,,,,,0.12766456604003906,1.5385049745881407,,,3,3
2016-08-13 06:00:00+00:00,0.2848740220069885,-1.0755497432285983,,,,,,,0.3121476173400879,-1.9244068165891188,,,,,,,,,,,0.19149577617645264,5.378683576028602,,,3,3
2016-08-13 12:00:00+00:00,,,0.2604404091835022,-1.2521683935967107,,,,,0.3201114535331726,-7.317713077985973,,,,,,,,,,,0.23213529586791992,2.2911977826165955,,,3,3
2016-08-13 18:00:00+00:00,,,0.3193052411079407,-2.2523765997673997,,,,,0.16438215970993042,-1.7476490936906768,,,,,,,,,,,0.13983774185180664,1.2246296808348172,,,3,3
2016-08-14 00:00:00+00:00,,,0.322997510433197,-1.26575865526004,,,,,0.3664013147354126,-5.375918552496105,,,,,,,,,,,0.09939920902252197,1.5276139469309675,,,3,3
2016-08-14 06:00:00+00:00,,,0.2865455746650696,-0.4915012338615029,,,,,0.3241521716117859,-2.6853683720490222,,,0.5753422975540161,-4.207499687525095,,,,,,,0.19474756717681885,0.5780034389382712,,,4,4
2016-08-14 12:00:00+00:00,,,0.27925771474838257,-1.2012574485687675,,,,,0.2632841467857361,-0.20621672205204256,,,0.3608987331390381,-1.2969764447715817,,,,,,,0.1594024896621704,2.508466662575168,,,4,4
2016-08-14 18:00:00+00:00,,,0.03342008590698242,28.303480743163103,,,,,,,0.13115012645721436,-0.4322223039981632,0.30890077352523804,-1.9754899488976632,,,,,,,0.1396111249923706,0.6989941913268448,0.05647540092468262,0.4486592395408972,6,6
2016-08-15 00:00:00+00:00,,,0.24773967266082764,-0.9770596131296164,,,,,,,0.05460023880004883,-0.8380820051991831,0.4730325937271118,-3.7195852813046546,,,,,0.21844244003295898,-0.04334751762892644,,,0.16435503959655762,0.20513912023324643,7,7
2016-08-15 06:00:00+00:00,,,0.24889153242111206,-1.5963134873730267,,,,,,,0.04503321647644043,-0.1692366462183416,,,0.5487062633037567,-4.119548907741753,,,,,0.12964332103729248,0.9419305552218226,,,5,5
2016-08-15 12:00:00+00:00,,,0.20626497268676758,-0.7657026853555251,,,,,,,0.3481541872024536,-0.26976567728803214,,,0.6764126718044281,-9.346197295619936,,,,,0.20423376560211182,1.979206438486617,,,5,5
2016-08-15 18:00:00+00:00,,,0.2412591576576233,-0.547735508957098,,,,,,,,,,,0.5368826985359192,-5.72021995655893,,,,,0.15541207790374756,0.8981219948781842,,,4,4
2016-08-16 00:00:00+00:00,,,0.05314433574676514,31.06534369859299,,,,,,,0.26064127683639526,-0.32227564560358396,,,0.5670149028301239,-6.583158752694052,,,,,0.17556214332580566,-6.012983982434994,,,4,4
2016-08-16 18:00:00+00:00,,,0.19831955432891846,-1.534178724443376,,,0.42370671033859253,0.21579575289526812,,,,,,,0.47897303104400635,-6.540571595946177,,,,,0.20078623294830322,1.3071535591392467,,,4,4
2016-08-17 00:00:00+00:00,,,0.27538299560546875,-1.2737368291114912,,,0.059421420097351074,0.3059752026535225,,,,,,,0.5341629385948181,-6.875290843990858,,,,,0.13943266868591309,0.7163207521424948,0.016888856887817383,-0.6022848021847665,5,5
2016-08-17 06:00:00+00:00,,,0.20448637008666992,-1.594999472000479,,,0.09702533483505249,-0.8141957737490075,,,,,,,0.5913065075874329,-11.494799436682834,,,,,0.15804922580718994,4.593403267738383,,,4,4
2016-08-17 12:00:00+00:00,,,0.2517550587654114,-2.162417936468014,,,0.3534732460975647,-3.0970659403195095,,,,,,,0.44428884983062744,-5.675928915122932,,,,,0.17486584186553955,-0.7480854151395901,,,5,5
2016-08-17 18:00:00+00:00,,,0.23002159595489502,-2.8422588405902722,,,0.21057909727096558,-1.2208431458605278,,,,,,,0.44749629497528076,-3.8555439807735814,,,,,0.13593602180480957,1.2362361372982174,,,5,5
2016-08-18 00:00:00+00:00,,,0.18382775783538818,0.4222788661272161,,,0.2354121208190918,-4.695130419615772,,,,,,,0.44832533597946167,-5.5558190249076915,,,,,0.16721832752227783,0.19740422189958381,,,5,5
2016-08-18 06:00:00+00:00,,,0.22511619329452515,-2.1821384988004655,,,0.1781952977180481,-1.339617635056251,,,0.3234754204750061,-1.5035846596678544,,,0.39482933282852173,-4.473240091450858,,,,,0.19045042991638184,1.296363954699493,,,5,5
2016-08-18 12:00:00+00:00,,,0.21518653631210327,-8.17399363073015,,,0.18644237518310547,-1.1681961352368946,,,0.11696475744247437,-0.23514830688908914,,,0.3657594919204712,-6.440165743189826,,,,,0.11408865451812744,-50.59041265522559,,,5,5
2016-08-18 18:00:00+00:00,,,0.24308770895004272,-0.5519039054887594,,,0.29569488763809204,-4.170081042068446,,,0.08260560035705566,-0.4855346226477281,,,,,0.26789695024490356,-3.3595316067855143,,,0.18712687492370605,1.1503457939621085,,,6,6
2016-08-19 00:00:00+00:00,,,0.2993178963661194,-27.637134468881893,,,0.38534867763519287,-3.946523954446959,,,0.03584778308868408,-0.28341834374681846,,,,,0.44076740741729736,-16.528669021333492,,,0.12629187107086182,0.7786823956748287,,,6,6
2016-08-19 06:00:00+00:00,,,0.22440260648727417,-1.37882413312435,,,0.019422411918640137,2.849153125215956,0.39390796422958374,-8.387539242976748,0.22533869743347168,-4.565493281568276,,,,,0.4111264944076538,-4.372862180989514,,,0.14237403869628906,1.1721663122467683,,,6,6
2016-08-19 12:00:00+00:00,,,0.19025129079818726,-0.4675857320481233,,,0.2307937741279602,0.32485486479688713,0.3594522476196289,-5.855148125856316,0.13051533699035645,-2.4151793925,,,,,0.4347119927406311,-4.018458602342228,,,0.20121419429779053,1.4598474360798834,,,7,7
2016-08-19 18:00:00+00:00,,,0.26452791690826416,-1.2235357556362652,,,0.26297903060913086,-0.24963736458524796,0.3093845844268799,0.7913035713784421,0.14678031206130981,-4.281564206471087,,,,,0.6038361191749573,-6.457774129296761,,,0.2197864055633545,2.1637622192916237,,,7,7
2016-08-20 00:00:00+00:00,,,0.21968543529510498,-6.583272027486705,,,0.3657585382461548,0.498977469288996,0.2562316060066223,-5.215176615655462,0.1487218141555786,-2.0827499504949074,,,,,0.5055888295173645,-1.7739534810611954,,,0.10915422439575195,-35.02756578066687,,,6,6
2016-08-20 06:00:00+00:00,,,0.20728445053100586,-3.205299400394597,,,,,0.22791439294815063,-0.9222230163427063,0.18248403072357178,0.15160974460589147,,,,,0.3916243314743042,0.41923167526305466,,,0.13802826404571533,-30.42338383809885,,,7,6
2016-08-20 12:00:00+00:00,,,0.26942330598831177,-0.9411961080844031,,,,,0.3235552906990051,-0.07737085149944667,0.0003675222396850586,0.200042217220396,,,,,0.5902652740478516,-0.9160945077675061,,,0.2012629508972168,3.3841799240675514,,,6,6
2016-08-20 18:00:00+00:00,,,0.34287309646606445,-11.115577130593488,,,,,0.36132490634918213,-7.546544841496466,0.2147487998008728,-0.14805562957808177,,,,,0.7116622924804688,-0.7332280792829027,,,0.18791258335113525,1.4525824341591143,,,6,6
2016-08-21 00:00:00+00:00,,,0.22112786769866943,-1.44853097750612,,,,,0.306526243686676,-5.26981020180394,0.1317812204360962,0.07793818181263937,,,,,0.18964433670043945,-0.174875485878109,,,0.09614837169647217,2.14666922945332,,,5,5
2016-08-21 06:00:00+00:00,,,0.17918044328689575,-3.4219003095804044,,,,,0.5126064419746399,-17.789785159962918,,,,,,,0.755152240395546,-0.033688960534426646,,,0.24317646026611328,5.552336539812682,,,5,5
2016-08-21 12:00:00+00:00,,,0.29452383518218994,-17.20368853276626,,,,,0.4940500259399414,-9.925264495268316,,,,,,,,,,,0.25053346157073975,5.9690544957866125,,,4,4
2016-08-21 18:00:00+00:00,,,0.18848437070846558,0.3094587821125204,,,,,0.28320831060409546,-1.5870424712332294,,,,,,,,,,,0.2132340669631958,9.177211357861891,,,4,4
2016-08-22 00:00:00+00:00,,,0.2896384000778198,-0.6766159325936293,,,,,0.481645405292511,-6.717328255805075,,,,,,,,,,,0.19357383251190186,2.5213137459471837,,,3,3
2016-08-22 06:00:00+00:00,,,0.006836891174316406,17.45658577929376,,,,,0.34938228130340576,-5.905533403364121,,,,,,,,,,,0.1623990535736084,1.7832574417332632,,,3,3
2016-08-22 12:00:00+00:00,,,0.23091816902160645,-1.7804735907654594,,,,,0.4427958130836487,-9.754584425744449,,,,,,,,,,,0.2561368942260742,2.8751015602019083,,,3,3
2016-08-22 18:00:00+00:00,,,0.2669280171394348,-0.5334059539244171,,,,,0.38226836919784546,-10.695116347741969,,,,,,,,,,,0.15853965282440186,-3.751409702256593,,,3,3
2016-08-23 00:00:00+00:00,,,0.3241369128227234,-2.7182217949841947,,,,,0.3274553418159485,-1.8807454178390581,,,,,,,,,,,0.12974727153778076,0.9201182409348972,,,3,3
2016-08-23 06:00:00+00:00,,,0.42698532342910767,-27.193830584427,,,0.08238470554351807,1.8437236440358242,0.390175461769104,-5.089881895906977,,,,,,,,,,,0.12329316139221191,2.510506666062062,,,4,4
2016-08-23 12:00:00+00:00,,,0.36511367559432983,-1.2132087819253525,,,0.07678651809692383,2.365229381853251,0.21604973077774048,-1.5833727687392207,,,,,,,,,,,0.13911056518554688,0.7444469481135426,,,4,4
2016-08-23 18:00:00+00:00,,,0.3895067572593689,-22.27956464128043,,,0.08023297786712646,0.6170114072771908,,,0.2943531274795532,-3.1335142611415367,,,,,,,,,0.21762287616729736,5.085834695577613,,,4,4
2016-08-24 00:00:00+00:00,,,0.052819013595581055,14.320391336547168,,,0.2753404378890991,-0.15135599576988173,,,0.39373642206192017,-5.98614697308881,,,,,,,,,0.11692202091217041,1.5757210534117454,,,4,4
2016-08-24 06:00:00+00:00,,,0.4315253496170044,-14.645464844747572,,,0.283669114112854,6.238231962080703,,,0.35864341259002686,-4.981727576159691,0.5015780329704285,-1.273885207764132,,,,,,,0.23827695846557617,1.4883540585546822,,,5,5
2016-08-24 12:00:00+00:00,,,0.2581250071525574,-0.5355087875278435,,,0.19706296920776367,-0.4653795671929381,,,0.385303795337677,-2.527648119325507,0.2590397596359253,0.4035338610637647,,,,,,,0.12056279182434082,-9.583912824696917,,,6,6
2016-08-24 18:00:00+00:00,,,0.2626371383666992,-2.542014945214352,,,,,0.20782136917114258,0.7532036110816622,0.2603098750114441,-0.319357821840448,0.20580434799194336,2.632797126463072,,,,,,,0.0891801118850708,1.8515633791221129,,,6,6
2016-08-25 00:00:00+00:00,,,,,0.11430376768112183,-0.35359596532184984,,,0.37248504161834717,7.898532935530468,0.34943169355392456,-4.9904815242731075,0.27745962142944336,2.4971021978075525,,,,,,,0.11886978149414062,1.6929571770725886,,,5,5
2016-08-25 06:00:00+00:00,,,,,0.23167288303375244,-0.1920808578836214,,,,,0.3507387042045593,-6.868617063267546,0.1514822244644165,0.8591191737616762,0.3260453939437866,2.281281138585133,,,,,0.20547854900360107,0.9226628251811179,0.009988665580749512,2.030427487486558,7,7
2016-08-25 12:00:00+00:00,,,,,0.1795746088027954,-0.7463906960935601,,,0.2569941282272339,4.336731107898013,0.41106170415878296,-0.5066400034939837,0.2882903814315796,2.676673404005904,,,,,,,0.23127639293670654,1.1144308563154957,0.10859334468841553,1.1066411598467312,6,6
2016-08-25 18:00:00+00:00,,,,,0.34900617599487305,-0.0955198631143831,,,,,0.029955148696899414,0.32730503019177204,0.2027583122253418,2.538699573860466,0.4200953245162964,4.07225530231764,,,,,0.11581540107727051,2.09510568604038,,,6,6
2016-08-26 00:00:00+00:00,,,,,0.28317826986312866,0.0022600710306248228,,,,,0.41947364807128906,0.22341547008739468,0.2443791627883911,10.088442155344968,0.5748481750488281,11.801695513486333,,,,,0.20854365825653076,1.8576967120132704,,,5,5
2016-08-26 06:00:00+00:00,,,,,0.24775052070617676,-1.1365355056698783,,,,,,,0.3138982057571411,4.759744274191071,0.5381370782852173,7.0890271371063776,,,,,0.20227622985839844,1.2605767981230067,,,5,4
2016-08-26 12:00:00+00:00,,,,,0.011827468872070312,0.003618745108942573,,,,,,,0.19955289363861084,-10.451035947308453,0.4572017192840576,5.991291465623771,,,,,0.1816796064376831,5.584493875459866,0.8024462461471558,0.5302356476760869,6,6
2016-08-26 18:00:00+00:00,,,,,0.4444725513458252,-0.06890369211863938,,,,,,,,,0.4893125295639038,15.783439410845613,,,0.26049232482910156,7.426812653699097,,,,,4,4
2016-08-27 00:00:00+00:00,,,,,,,,,,,,,0.32016587257385254,6.470291337930585,0.36990225315093994,12.661748682947994,,,,,,,,,3,2
2016-08-27 06:00:00+00:00,,,,,,,,,,,,,,,0.4990304708480835,10.944445726031072,,,0.30752885341644287,7.354425739698342,,,,,2,2
2016-08-27 12:00:00+00:00,,,,,,,,,,,,,0.34166419506073,11.96477343292251,0.4234471321105957,7.69458956879424,,,0.16583120822906494,4.149278319713132,0.19851744174957275,0.9107669130779902,,,4,4
2016-08-27 18:00:00+00:00,,,,,,,,,,,,,0.2965719699859619,6.932651269963564,0.5147771835327148,9.23039226281127,,,,,0.11734473705291748,0.7633375636918353,,,3,3
2016-08-28 00:00:00+00:00,,,,,,,0.25598037242889404,2.6294989153446964,,,,,,,0.4042164087295532,7.38314811811723,,,0.2990015745162964,6.788868850541915,,,,,3,3
2016-08-28 06:00:00+00:00,,,,,,,0.328818678855896,2.6464510756465107,0.27959275245666504,2.8737911644265086,,,,,,,,,0.298211932182312,7.779290525205815,,,,,3,3
2016-08-28 12:00:00+00:00,,,,,,,0.4713829755783081,6.358733440307938,,,,,,,0.4111514091491699,11.001359688083662,,,0.32748377323150635,7.787891679758049,,,,,3,3
2016-08-28 18:00:00+00:00,,,,,,,0.5105545520782471,9.406702731491395,,,,,,,0.42202579975128174,4.056492446046605,,,0.2557908296585083,6.987333971484233,,,,,3,3
2016-08-29 00:00:00+00:00,,,,,,,0.44724714756011963,4.995129225760128,,,,,,,0.3280456066131592,4.535299249259026,,,0.2629753351211548,6.242244536155849,,,,,3,3
2016-08-29 06:00:00+00:00,,,,,,,0.4667407274246216,6.380451699408488,,,,,,,,,0.3985929489135742,2.83947711935528,0.28478145599365234,9.212321527910483,,,,,3,3
2016-08-29 12:00:00+00:00,,,,,,,0.41702723503112793,4.734664664872341,,,,,,,,,0.45028162002563477,7.653880584053617,,,0.3225158452987671,-0.035178447968992596,,,3,3
2016-08-29 18:00:00+00:00,,,,,,,0.41756701469421387,5.958133446151944,,,,,,,,,0.36536717414855957,4.463192094575554,,,0.2699683904647827,3.114949437194334,,,3,3
2016-08-30 00:00:00+00:00,,,,,,,0.5883352756500244,8.185514879108387,,,,,,,0.11298108100891113,0.3212904559724066,0.3480510711669922,5.022842899241661,,,0.30919718742370605,7.667600675609059,,,4,4
2016-08-30 06:00:00+00:00,,,,,,,0.43904340267181396,5.891105202963266,,,,,0.029622197151184082,-0.5197176483051336,,,0.3521066904067993,8.582745051728995,,,0.3230099678039551,30.736336813782003,,,5,4
2016-08-30 12:00:00+00:00,,,0.300307035446167,1.1627465083426969,,,,,0.4436701536178589,6.646399614330093,,,0.3002690076828003,0.037963655860851764,,,0.4842531681060791,5.886824941804435,,,0.29723596572875977,19.064048077714734,,,5,5
2016-08-30 18:00:00+00:00,,,0.37341612577438354,-0.12041426404891951,,,,,0.5392637252807617,8.35940333693834,,,0.0793834924697876,-0.24749859559457593,,,0.2601059675216675,0.48660296309026474,,,0.30776965618133545,10.639906194334168,,,5,5
2016-08-31 00:00:00+00:00,,,0.20620161294937134,-0.9622759212801881,,,,,0.46455836296081543,11.836911162806985,,,0.26706671714782715,-0.32222388930624196,,,0.5007822513580322,6.173541930220435,,,0.2684333324432373,12.511106592080035,,,5,5
2016-08-31 06:00:00+00:00,,,0.3353881239891052,-0.6067604215371448,,,,,0.4439328908920288,13.66826984855177,,,0.3030993938446045,0.6491229358411899,,,0.4972423315048218,1.9158575170356666,,,0.27930891513824463,-26.633455030726108,,,5,5
2016-08-31 12:00:00+00:00,,,0.14064502716064453,-0.40385006272624824,,,,,0.5277864933013916,7.121480218009047,,,0.018293261528015137,-1.9478347050969,,,0.23364365100860596,-0.009707438441549981,,,0.29856693744659424,7.662270895701457,,,5,5
2016-08-31 18:00:00+00:00,,,0.17894315719604492,-0.07493513692038035,,,,,0.4928656816482544,9.293245472597073,,,0.08184635639190674,1.197395665492419,,,0.26223886013031006,0.4335111662724949,,,0.3128361701965332,8.284237465645862,,,5,5
2016-09-01 00:00:00+00:00,,,0.052864015102386475,-0.5861535829228232,,,,,0.4831709861755371,9.397354081905307,,,0.2515135407447815,-5.0408530950244685,,,0.23186016082763672,0.6079264665571313,,,0.27560245990753174,9.135717504435505,,,5,5
2016-09-01 06:00:00+00:00,,,0.15262055397033691,-0.6229178376384696,,,,,0.43334150314331055,5.186803306185118,,,0.06272971630096436,0.9626198476410611,,,,,,,0.3113914728164673,6.281322801143374,,,5,4
2016-09-01 12:00:00+00:00,,,0.27597302198410034,-2.1268470342845904,,,,,0.4220088720321655,5.832795082303882,,,0.20486843585968018,-1.0342854776098878,,,,,,,0.2762148380279541,8.194396654183802,,,4,4
2016-09-01 18:00:00+00:00,,,0.13430792093276978,-0.78560525971163,,,,,0.4760488271713257,11.64524709664064,,,0.12849217653274536,-0.4192901703212886,,,,,,,0.29713237285614014,10.143894754351964,,,4,4
2016-09-02 00:00:00+00:00,,,0.01567232608795166,-0.35136079869898346,,,0.15350472927093506,-0.29610392944958336,0.3699268102645874,13.038134118140245,,,0.3642768859863281,0.22645012844651674,,,,,,,0.3096429109573364,10.10904186046278,,,5,5
2016-09-02 06:00:00+00:00,,,0.3070436716079712,-1.3028616534780275,,,0.05606424808502197,-0.2524478191805544,0.4390789270401001,5.481234620631255,,,,,,,,,,,0.2914503812789917,7.722716682977528,,,4,4
2016-09-02 12:00:00+00:00,,,0.19497275352478027,-1.3460347713228271,,,0.33225053548812866,-0.04913122206994338,0.3580213785171509,7.608156274737005,,,0.25309062004089355,0.5213777741925637,,,,,,,0.29100704193115234,9.810958798264402,,,5,5
2016-09-02 18:00:00+00:00,,,0.06652975082397461,0.13193025845895273,,,0.23761862516403198,0.589485990036755,0.46786272525787354,6.860004343519274,,,,,,,,,,,0.270055890083313,5.625900903270341,,,6,6
2016-09-03 00:00:00+00:00,,,0.1432098150253296,-0.5007764584010285,,,0.21731746196746826,-0.36017690914463385,0.46304476261138916,9.277658848892367,,,,,,,0.438991904258728,0.37233420876984874,,,0.24633193016052246,6.372190727210209,,,6,6
2016-09-03 06:00:00+00:00,,,0.5011768937110901,-0.992569567309103,,,0.16195029020309448,-0.7547578031997052,0.34024572372436523,3.7307792656772123,,,0.1401892900466919,0.23569204308834346,,,0.04885876178741455,0.5041866852923614,,,0.2760123014450073,5.126205167274048,,,8,7
2016-09-03 12:00:00+00:00,,,0.01507723331451416,0.8143490162375047,,,0.3203064203262329,0.636846355782262,0.4193849563598633,10.798483917860326,,,0.24920690059661865,0.838638763223935,,,0.2875767946243286,-0.41046564437915917,,,0.26307213306427,9.26226582499712,,,7,7
2016-09-03 18:00:00+00:00,,,0.16330945491790771,-0.0029767137814652495,,,0.2003878355026245,0.30100608265313217,0.4420839548110962,14.504965576116438,,,0.0572739839553833,0.6174132937052623,,,,,,,0.258506178855896,12.225529166299856,,,6,6
2016-09-04 00:00:00+00:00,,,0.35239893198013306,-0.8938930144167103,,,0.7329163551330566,-2.7847964273983514,0.2635887861251831,1.3171305493528251,0.3835787773132324,5.509027606846717,,,0.7461295127868652,-2.010398539512875,,,,,0.2527914047241211,7.7627301743621775,,,6,6
2016-09-04 06:00:00+00:00,,,0.2627493739128113,0.2878480657634202,,,0.4300342798233032,-0.5464799710390613,0.3822968006134033,3.2029670854876886,0.3467925786972046,2.624246466477708,,,,,,,0.14310574531555176,-0.3495411126216997,0.2338343858718872,4.725793080457181,,,6,6
2016-09-04 12:00:00+00:00,,,0.1691586971282959,-0.0198426810875484,,,0.512734055519104,0.38564818480842983,,,0.4740246534347534,7.756342042396759,,,,,,,0.6552459001541138,0.2987912620811004,0.27914392948150635,8.261435577073442,,,5,5
2016-09-04 18:00:00+00:00,,,0.2304832935333252,-0.11425060557108072,,,0.3019735813140869,-0.4864076062222155,,,0.4689304828643799,6.60396741394917,,,0.23354703187942505,-2.682703252629599,,,0.37380146980285645,6.213706392351311,0.2482239007949829,7.675710548450355,,,6,6
2016-09-05 00:00:00+00:00,,,0.14819395542144775,-1.0667420754690766,,,0.08252948522567749,0.45670354542186475,,,0.411956787109375,5.424127296798017,,,0.4578208923339844,-0.37125696366433897,,,,,0.25147950649261475,6.842886856559536,,,5,5
2016-09-05 06:00:00+00:00,,,0.08084386587142944,-0.18655259745349892,,,0.44329869747161865,-0.21987621031731558,,,0.4220374822616577,7.053632702308875,,,0.20271754264831543,0.020101910216810584,,,,,0.2300320863723755,4.755356582227489,,,6,5
2016-09-05 12:00:00+00:00,,,0.628790944814682,-0.31856372701439334,,,0.047715067863464355,-3.0660708404109736,,,0.29243648052215576,11.101481942994976,,,0.016414642333984375,0.11617183449562966,,,,,0.2252291440963745,6.17847870737796,,,7,7
2016-09-05 18:00:00+00:00,,,0.588688850402832,0.0393689366852419,,,0.02497398853302002,-2.8783001589244397,,,0.21738815307617188,1.4128011682320016,,,0.022443294525146484,-0.25052204972272146,,,,,0.2599642276763916,3.577381814312469,,,7,6
2016-09-06 00:00:00+00:00,,,,,,,0.12455236911773682,-1.2292976851227004,,,0.3476550579071045,1.1257686927381434,,,0.33123135566711426,5.745078244750565,,,,,0.17846989631652832,-23.015548193084566,0.7058776319026947,-0.5162965284722838,5,5
2016-09-06 06:00:00+00:00,,,,,,,0.1235119104385376,-1.9070536478090336,,,0.22465837001800537,2.122324412682354,,,0.20528626441955566,3.935381558183147,,,,,0.22324490547180176,-5.983018053049994,,,4,4
2016-09-06 12:00:00+00:00,0.20742589235305786,-4.342158852750758,,,,,,,,,0.3022874593734741,0.7073604602152933,,,,,,,,,0.2575044631958008,7.410859804553084,,,3,3
2016-09-06 18:00:00+00:00,0.1037745475769043,3.962093455804303,,,,,,,,,0.26567602157592773,0.8697792025386112,,,0.3537871837615967,8.033083115232564,,,,,0.26953792572021484,4.744871885617561,,,4,4
2016-09-07 00:00:00+00:00,0.01898103952407837,0.3950929159083342,0.022407054901123047,0.06827675245462018,,,,,0.402890145778656,-5.01682554500387,0.07021021842956543,-0.6108385781103207,,,0.3863717317581177,8.32163217172457,,,,,0.19433343410491943,1.6776194493842516,,,6,6
2016-09-07 06:00:00+00:00,0.06519979238510132,-0.893758723738519,0.3164821267127991,-0.31953737333365934,,,,,0.30162936449050903,-2.9113647273070558,,,,,0.3049978017807007,4.067131460473903,,,,,0.18848121166229248,-0.07235020080711133,,,5,5
2016-09-07 12:00:00+00:00,,,0.02646780014038086,0.590208530463539,,,,,,,,,,,0.39972615242004395,6.741100489363799,,,,,0.12831544876098633,-54.320113366477024,,,5,5
2016-09-08 00:00:00+00:00,0.47487711906433105,-0.5985322838194196,0.10006576776504517,-1.2847188686463273,,,,,,,,,,,,,,,,,0.222977876663208,15.423283784436897,,,3,3
2016-09-08 06:00:00+00:00,,,0.23341941833496094,-3.4946147982113622,,,,,,,,,,,,,0.26886439323425293,1.6377737471965301,,,0.2739388942718506,5.800577580013284,0.11655819416046143,0.9845479888576755,5,4
2016-09-08 12:00:00+00:00,,,0.33740538358688354,-32.42770626089123,,,,,,,,,,,,,0.03567361831665039,-0.05887845855458255,,,0.25959908962249756,3.917868958927729,0.1339893341064453,0.5032656682436963,6,5
2016-09-08 18:00:00+00:00,,,0.23030734062194824,-0.21018787921762883,,,,,0.2403743863105774,-2.5173437104323138,,,,,,,0.03962719440460205,0.354254341579918,,,0.16940724849700928,3.6340647395169956,0.04502588510513306,0.9668981735949054,9,9
2016-09-09 00:00:00+00:00,,,0.2853826880455017,-0.16962469238972913,,,,,0.17713481187820435,-2.644704449796979,,,0.18756705522537231,-0.44842883653204246,,,0.13857102394104004,-0.10452311266459767,,,0.2959578037261963,3.3044411149063144,0.18444108963012695,3.80207561218169,12,12
2016-09-09 06:00:00+00:00,,,0.2494531273841858,-1.386861888573396,,,,,0.23023957014083862,-2.7301172997642347,,,0.30364036560058594,-3.471510454230682,,,0.12717115879058838,-0.3510546143955381,,,0.2754828929901123,0.49490126973561577,0.232474684715271,18.133443886375282,7,7
2016-09-09 12:00:00+00:00,0.2246226668357849,-0.5941387960407574,0.3372631072998047,-0.5436735332985344,,,,,0.2435908317565918,-8.267271349468148,,,0.4089018702507019,-10.873084431242733,,,,,,,0.2172231674194336,1.2924100789340423,0.20533645153045654,2.7359779261217287,7,6
2016-09-09 18:00:00+00:00,,,0.16516423225402832,-0.8447059304494144,,,,,0.21258294582366943,-1.627233014220067,,,0.3873210549354553,-8.762125485278892,,,,,,,0.05018925666809082,1.1588792000911166,0.15083324909210205,0.04562628654866841,7,7
2016-09-10 00:00:00+00:00,,,0.2039739489555359,-0.8136489246810316,,,,,0.1509171724319458,-3.228611507810822,,,0.4833105802536011,-15.543823554410638,,,,,,,0.04272240400314331,-39.14697598749953,0.20080554485321045,0.22631953045367487,7,7
2016-09-10 06:00:00+00:00,0.010403037071228027,-0.5150033590946912,0.2858433127403259,-1.1459969692314227,,,,,0.16047519445419312,-1.8758655659830326,,,,,0.4025285243988037,-10.742204140918357,,,,,0.24995994567871094,3.2733295126743087,0.10609185695648193,0.22952544154258817,9,9
2016-09-10 12:00:00+00:00,,,0.16373831033706665,-0.644391015210922,,,,,0.1780388355255127,-1.3783294409990052,,,,,0.5774429440498352,-11.750351081242718,,,,,0.16211986541748047,2.627980870967268,,,5,5
2016-09-10 18:00:00+00:00,,,0.10085481405258179,-0.467284886587006,,,,,,,0.2532540559768677,-2.1666366764131917,,,0.6593253016471863,-6.9188969084161815,,,,,0.1371067762374878,1.3038537635929894,0.20470333099365234,-0.7680646986081728,7,7
2016-09-11 00:00:00+00:00,,,0.1773872971534729,-0.12024994484010744,,,,,,,0.07167685031890869,-1.8296885213556375,,,0.5826417803764343,-3.6578756535713834,,,,,0.16310501098632812,2.578920689588186,0.2739657163619995,0.44622991117700167,8,8
2016-09-11 06:00:00+00:00,,,0.08512836694717407,-0.35728755747187024,,,,,,,0.34143441915512085,-0.5376691258500911,,,0.5207567512989044,-2.209228921698746,,,,,0.16811513900756836,0.4093751098548903,0.11922621726989746,0.49024455027466257,9,9
2016-09-11 12:00:00+00:00,,,0.11421328783035278,10.355328384165187,,,,,,,0.26531678438186646,-0.6271028701130206,0.4818568229675293,-5.366102542174764,0.13973677158355713,-0.19293696785088355,,,,,0.15336346626281738,8.006083444313468,0.08880817890167236,0.19184808732930764,10,10
2016-09-11 18:00:00+00:00,,,0.21867239475250244,-0.7922486105115639,0.09216594696044922,-0.6652348270214106,,,,,0.018174290657043457,0.7820684256173012,,,0.4585559368133545,-5.207471394793784,0.3561004400253296,-0.5142751522730798,,,0.07817459106445312,-39.32795517221239,0.09135806560516357,-0.17893847481449857,11,11
2016-09-12 00:00:00+00:00,,,0.11842530965805054,-0.09494667337684046,0.08739215135574341,-0.09534315968795407,0.5900021195411682,-2.0577424768891412,,,0.4690215587615967,0.23961178457395876,,,0.7371329069137573,-2.8326186465748973,,,,,0.16279637813568115,0.8305376353342241,0.043773531913757324,0.6859567126621565,10,10
2016-09-12 06:00:00+00:00,,,0.41838157176971436,-27.67201090269543,0.05172717571258545,-1.289036399373236,0.19732540845870972,-3.421194895488472,,,,,,,,,,,,,0.15137815475463867,1.13177192538133,0.044627249240875244,0.26796921810036844,6,6
2016-09-12 12:00:00+00:00,,,0.12467563152313232,-3.3323478373439204,0.05624270439147949,-0.0411983738861561,0.23840957880020142,-1.205880818575157,,,,,,,0.9196607992053032,-3.9861982086855154,,,,,0.07533681392669678,-31.210469238218842,0.08958399295806885,0.4745591987448349,7,7
2016-09-12 18:00:00+00:00,,,0.12066811323165894,-0.22883165106364017,0.16222906112670898,0.1059921059807529,0.012185156345367432,-1.0782338781513539,0.31356143951416016,-6.059803681103142,,,,,0.3580697178840637,-1.6932535540646467,0.2077174186706543,0.14508887290707204,,,0.1856555938720703,0.6511748470178617,0.10937023162841797,-2.0464610990137135,11,10
2016-09-13 00:00:00+00:00,,,0.11980187892913818,-0.6155428226139722,0.17411202192306519,0.4022272736161418,0.21622925996780396,-1.4100388113203408,0.41109907627105713,-6.3118980399174545,0.17515242099761963,0.06515249610527998,,,0.4802771806716919,-3.1941021667230594,0.3666658401489258,-0.3039158471533214,,,0.1458597183227539,-19.50162111057638,0.12699925899505615,0.004993206900006289,10,10
2016-09-13 06:00:00+00:00,,,0.06428682804107666,-0.4045507116897268,0.001422882080078125,-0.2733816242602324,0.24392879009246826,-2.8309702787091826,0.4166836142539978,-6.452570757137324,,,,,0.47378093004226685,-4.211117698985134,,,,,0.17959022521972656,3.752820416890182,0.13272833824157715,0.15618938393813514,9,9
2016-09-13 12:00:00+00:00,,,0.20902884006500244,-2.027192173645829,,,0.2381572127342224,-1.3644206824454965,0.3745990991592407,-8.134945369134174,,,,,0.3793995976448059,-4.1792996380057295,,,,,0.09349954128265381,-14.123580230849683,0.17190688848495483,0.07498594404269407,6,6
2016-09-13 18:00:00+00:00,,,0.1583787202835083,-0.6397322503647084,,,0.15259259939193726,-8.587092974579631,0.37069171667099,-3.715640925035302,,,,,0.03715723752975464,-1.7877298741505605,,,,,0.2199791669845581,0.9064899992172428,0.22721660137176514,0.45978612182753736,7,7
2016-09-14 00:00:00+00:00,,,0.2674781084060669,-8.07185945190634,0.2679567337036133,-0.4205729221688475,0.2913362383842468,-8.650477849978099,,,,,,,0.3412928581237793,-2.8475096242789437,,,,,0.1258608102798462,-3.20075577436641,,,5,5
2016-09-14 06:00:00+00:00,,,0.1712484359741211,-14.111841696956882,0.4720829725265503,0.08586238728990078,0.2817220687866211,-5.743022294211139,,,,,,,0.18827074766159058,-2.3058542572973266,,,,,0.13224804401397705,0.6144871797975819,,,5,5
2016-09-14 12:00:00+00:00,,,0.09263741970062256,-0.61070015986398,,,0.1703125238418579,-2.0729378014740796,0.3061090111732483,-7.3993486851433055,,,,,0.4249473214149475,-9.322880923117365,,,,,0.18489360809326172,0.7353523755745817,,,5,5
2016-09-14 18:00:00+00:00,,,0.18912392854690552,-28.313363405164974,,,0.335346519947052,-8.255130073750014,,,,,,,0.5964905023574829,-7.038751297721696,,,,,0.0929039716720581,19.219360618416378,0.08233344554901123,-0.5422731516617084,6,5
2016-09-15 00:00:00+00:00,,,0.20040208101272583,-27.40218492333147,0.9261490106582642,0.3895265375328989,0.36680954694747925,-3.449256940681245,,,,,,,0.48518455028533936,-1.9639416576609572,,,,,0.1068803071975708,-2.5004708342223876,,,6,6
2016-09-15 06:00:00+00:00,,,0.27727121114730835,-36.023898938973694,0.03349947929382324,0.09862463053830223,0.29071056842803955,-6.337346491609543,,,,,,,0.6911131143569946,-6.699942629355843,,,,,0.10289287567138672,1.9198751448808749,,,6,6
2016-09-15 12:00:00+00:00,,,0.18893498182296753,-1.8820462330576875,,,0.11429667472839355,0.3591920107058425,0.2567353844642639,-2.517076741384775,,,,,0.7266429960727692,-5.0427886161059154,,,,,0.13293087482452393,0.4415163851570707,,,5,5
2016-09-15 18:00:00+00:00,,,0.2670939564704895,-46.86921973158112,,,0.1806941032409668,-0.5158259513144914,0.29289865493774414,-4.177527610962927,,,,,0.7159822583198547,-3.9875323361246804,,,,,0.04677224159240723,0.8820119595061587,,,5,5
2016-09-16 00:00:00+00:00,,,0.2177448868751526,-1.9126001488409279,,,0.3108615279197693,-0.6285215762454893,0.3430049419403076,-10.212914869781514,,,,,,,0.2489108443260193,-1.3488900393910797,,,0.13535535335540771,2.4477511465650985,,,5,5
2016-09-16 06:00:00+00:00,,,0.16863352060317993,-0.9716328012166517,,,,,0.3133563995361328,-4.3641749045180065,,,,,,,0.4578905701637268,-1.840751782895873,,,0.11132049560546875,0.7755864701533943,0.14013409614562988,-0.6092653252986805,6,6
2016-09-16 12:00:00+00:00,,,0.21898013353347778,-1.1547706697365665,,,,,0.18846625089645386,-7.575431546012006,,,,,,,,,,,0.20568633079528809,0.4674366297077145,,,4,3
2016-09-16 18:00:00+00:00,,,0.24623382091522217,-2.060060151709225,,,,,0.3031408190727234,-7.443271125868874,0.2291576862335205,-6.159230357948935,,,,,,,,,0.11541259288787842,1.960438141458662,,,5,5
2016-09-17 00:00:00+00:00,,,0.24909675121307373,-0.9917487936317915,,,,,0.3044494390487671,-8.232451347216532,0.22166293859481812,-3.2602993463221894,,,,,,,,,0.1821882724761963,1.0510830875089208,0.17742669582366943,0.6169617309819074,5,5
2016-09-17 06:00:00+00:00,,,0.2848365306854248,-2.828715966123534,,,,,0.41835838556289673,-9.90757127381006,0.16457229852676392,-3.2028169370255064,,,,,,,,,0.1308286190032959,0.827121601187662,,,5,5
2016-09-17 12:00:00+00:00,,,0.14395809173583984,-0.48979410343193885,,,,,0.3879703879356384,-12.788132654197431,0.25256460905075073,-1.1954976030328373,,,,,,,,,0.16025757789611816,0.4077232102188806,,,5,5
2016-09-17 18:00:00+00:00,,,0.1670578122138977,-2.1259743710266967,,,,,0.3570321798324585,-9.227663589793725,0.1238088607788086,0.3103030280932225,,,,,,,,,0.20313632488250732,1.019756264131901,,,4,4
2016-09-18 00:00:00+00:00,,,0.1672666072845459,-0.6827424554726983,,,,,0.37689852714538574,-4.751537505050874,0.14910948276519775,0.3939999819168885,,,,,,,,,0.15234911441802979,0.9322815225761673,,,5,5
2016-09-18 06:00:00+00:00,,,0.25763458013534546,-2.589026197014363,,,,,0.3450828790664673,-13.873848932109023,0.1552588939666748,0.28110771224287995,,,,,,,,,0.19430363178253174,1.3855620018208286,,,4,4
2016-09-18 12:00:00+00:00,,,0.2313237190246582,-4.1499490633302,,,,,0.2841314673423767,-8.034465954315243,0.2858319878578186,-0.23055439685288584,,,,,,,,,0.15593183040618896,3.410605103619759,,,4,4
2016-09-18 18:00:00+00:00,,,0.23091357946395874,-1.39273303150552,,,,,0.34703344106674194,-11.09029848321931,0.45188164710998535,1.951672842113225,,,,,,,0.11846363544464111,1.3230497993104826,,,,,5,5
2016-09-19 00:00:00+00:00,,,0.2428855299949646,-2.665922824894975,,,,,0.37668466567993164,-10.331607359657356,,,,,,,,,0.17654061317443848,1.0095283463814166,,,,,4,4
2016-09-19 06:00:00+00:00,,,0.18110132217407227,-0.8239707680229107,,,,,0.31985145807266235,-3.386195610309339,,,,,0.4424699544906616,-1.3948983265851582,,,,,0.15021491050720215,7.325813509144993,,,4,4
2016-09-19 12:00:00+00:00,,,0.2342212200164795,-1.4980292720179884,,,0.08834373950958252,1.22561147480267,,,0.36546486616134644,-8.107498237630749,,,0.4829724431037903,-3.942085183847395,,,,,0.09930014610290527,0.5977003411120602,,,5,5
2016-09-19 18:00:00+00:00,,,0.13822966814041138,-3.231656442519357,,,0.2191462516784668,0.9635053151789561,,,0.19679290056228638,-1.4442566819917813,,,,,,,,,0.11655092239379883,0.36259923817651396,,,4,4
2016-09-20 00:00:00+00:00,,,0.2899799346923828,-0.49343586883266793,,,,,,,0.26394087076187134,-2.6483832997874313,,,,,,,,,0.15773415565490723,1.8461496071638348,,,4,4
2016-09-20 06:00:00+00:00,,,0.19007819890975952,-1.489611609762752,,,0.3835080862045288,1.864134970653622,,,0.06947451829910278,-0.5929916894784902,,,,,,,,,0.19187390804290771,0.6829594238002844,,,4,4
2016-09-20 12:00:00+00:00,,,0.3211735486984253,-4.293977497458166,,,0.6078464984893799,1.1112197898300904,,,0.10189515352249146,-1.8526553410453057,,,,,,,,,0.1159205436706543,0.7262667120767591,,,5,5
2016-09-20 18:00:00+00:00,,,0.20051783323287964,-1.8860941087898433,,,0.27922284603118896,1.7868767577129165,,,0.28196245431900024,-7.843374115590735,,,,,,,,,0.14489948749542236,0.9987985894451462,,,4,4
2016-09-21 00:00:00+00:00,,,0.18961554765701294,-1.958375913373544,,,,,0.27963364124298096,0.03719773925157577,0.2025025486946106,-3.7297931879994586,,,,,0.6946147978305817,-4.851410245272828,,,0.12907445430755615,1.408282198845677,,,5,5
2016-09-21 06:00:00+00:00,,,0.28779953718185425,-2.336160599176768,,,,,0.42579948902130127,1.0792439954967628,0.02237117290496826,-0.2598670808681102,,,,,,,0.3842247724533081,0.869937912832128,0.18410229682922363,0.821855688347029,,,6,6
2016-09-21 12:00:00+00:00,,,0.2089771032333374,-0.49817234346782535,,,,,0.503666877746582,1.446054888379033,0.16372114419937134,-0.22468753647710843,,,,,,,,,0.18562865257263184,1.6644930513185712,,,6,6
2016-09-21 18:00:00+00:00,,,0.30721062421798706,-0.7793564281656791,,,,,0.3552137613296509,3.4045039459789446,,,,,,,,,,,0.23135876655578613,2.110555493486963,,,3,3
2016-09-22 00:00:00+00:00,,,0.15323448181152344,-0.4643192453086751,,,,,0.5144393444061279,5.306129893850395,,,,,,,,,,,0.19397258758544922,1.149378036469091,,,4,4
2016-09-22 06:00:00+00:00,,,,,0.06535983085632324,-0.6392914566994858,,,,,,,,,0.5276132822036743,4.4861037695480706,,,,,0.2432842254638672,2.3440939726323697,,,5,4
2016-09-22 12:00:00+00:00,,,,,0.09757769107818604,-1.2657564098725713,,,,,,,,,0.648624062538147,9.075423277111863,,,,,0.15682125091552734,1.428511662621856,,,3,3
2016-09-22 18:00:00+00:00,,,,,0.17842155694961548,-0.19129841697184508,,,,,,,,,0.47495460510253906,4.854908398103625,,,,,0.18825435638427734,1.2716216760586962,,,4,4
2016-09-23 00:00:00+00:00,,,,,0.1261410117149353,-12.440439022754983,,,,,,,,,0.5509005784988403,8.864590060964984,,,,,0.20625245571136475,1.676166966575264,,,3,3
2016-09-23 06:00:00+00:00,,,,,0.15971684455871582,0.17007626292240918,0.5437229871749878,1.4257463762066587,,,,,,,0.48805177211761475,5.436393681382905,,,,,0.21011877059936523,2.8839746695411166,0.0538252592086792,0.3730070632783568,6,5
2016-09-23 12:00:00+00:00,,,,,0.10522967576980591,0.4249764878704374,0.2869729995727539,-1.755629658649274,,,,,,,0.3397902250289917,1.2750255191122266,,,0.2955847978591919,5.364815889286422,,,0.8825467750430107,-0.9970006832722446,6,5
2016-09-23 18:00:00+00:00,,,,,0.35135602951049805,-4.536315762585899,0.37378180027008057,6.277636926087853,,,,,,,0.4298638105392456,8.636382323138116,,,0.2863345146179199,20.13702528036312,,,,,6,4
2016-09-24 00:00:00+00:00,,,0.42222344875335693,1.9115483401585185,0.4024803042411804,-0.093487801959705,0.3114144802093506,3.2282546844932165,,,,,,,0.3877899646759033,10.375067075377506,,,0.31998300552368164,8.480465705962631,,,,,7,5
2016-09-24 06:00:00+00:00,,,0.10525703430175781,1.5393162462932761,0.3292340636253357,-0.055582714054591795,0.331398606300354,10.551806858841447,,,,,,,0.10944831371307373,-0.10063004654582333,,,0.3353027105331421,9.461456163767131,,,,,6,5
2016-09-24 12:00:00+00:00,,,0.18482255935668945,0.062113845921242944,0.3909609317779541,-0.03300918261523565,0.15768873691558838,7.611801963566051,,,,,,,,,,,,,0.3048405647277832,9.791596526050753,,,5,5
2016-09-24 18:00:00+00:00,,,,,0.2223460078239441,-1.1493004511389664,0.21554803848266602,3.290598587788024,,,,,,,,,,,,,0.32426905632019043,16.57450188079277,,,5,5
2016-09-25 00:00:00+00:00,0.22687149047851562,-0.31916379889823165,,,0.6692203283309937,0.19974673805827595,0.2689324617385864,7.250695131590294,,,,,,,,,,,,,0.3040562868118286,13.078956938165556,,,7,6
2016-09-25 06:00:00+00:00,0.07525354623794556,0.324359718582982,,,0.6882160007953644,-3.5032353637078852,0.22413945198059082,1.5005227822264346,,,,,,,,,,,,,0.3219301700592041,13.731131649880016,,,5,5
2016-09-25 12:00:00+00:00,0.04997771978378296,-0.23072807600804277,,,0.2875380516052246,0.22343835528387712,0.2744312286376953,6.186069665204878,,,,,,,,,,,,,0.3493313789367676,8.972009645477389,,,6,5
2016-09-25 18:00:00+00:00,,,,,,,0.2629190683364868,6.772825715766285,,,,,,,,,,,,,0.3393934965133667,8.343435427186721,,,4,2
2016-09-26 00:00:00+00:00,0.13222599029541016,-0.2082379657498236,,,0.5018234252929688,-0.0842509234724958,0.3727152347564697,8.182350849745335,,,,,,,,,,,,,0.33441925048828125,8.873119718024286,,,4,4
2016-09-26 06:00:00+00:00,0.18384087085723877,0.7429509393562801,,,0.4028724431991577,-0.8961382156771937,0.3722546100616455,1.5893659881769895,0.3746769428253174,14.298028921918819,,,,,,,,,,,0.3101541996002197,-32.67824144113273,0.18278706073760986,-0.5303949206034666,6,6
2016-09-26 12:00:00+00:00,0.36888378858566284,-0.5568793025672073,,,,,0.3912466764450073,5.392071236862181,0.315875768661499,4.659477031193191,,,,,,,,,,,0.33989620208740234,11.482890881519303,,,5,4
2016-09-26 18:00:00+00:00,,,0.09218668937683105,-0.20356830206993115,,,,,0.3075439929962158,6.267847523930667,,,,,,,,,,,0.32336604595184326,9.375207452312756,,,5,3
2016-09-27 00:00:00+00:00,,,,,,,,,0.3266404867172241,9.748979743637891,,,,,,,,,,,0.3357424736022949,9.964963610320204,0.22077596187591553,0.6642866495633021,3,3
2016-09-27 06:00:00+00:00,,,,,,,,,0.3125103712081909,6.002384619886756,,,,,,,,,,,0.3210829496383667,10.033806483013123,0.25884509086608887,-0.270481369782558,3,3
2016-09-27 12:00:00+00:00,,,,,,,,,0.36214399337768555,9.381432481979163,,,,,,,,,,,0.3355712890625,33.89251186914045,,,2,2
2016-09-27 18:00:00+00:00,,,0.5301586091518402,-1.0626740040043552,,,,,0.36318278312683105,5.440322068956392,,,,,,,,,,,0.3232804536819458,12.779543125911578,,,3,3
2016-09-28 00:00:00+00:00,,,0.27524876594543457,0.5230299137833126,,,,,0.3524055480957031,4.218948111243913,,,,,,,,,,,0.30912768840789795,9.724211680600046,,,3,3
2016-09-28 06:00:00+00:00,,,0.14850139617919922,0.3288169345681698,,,,,0.34642624855041504,6.697504511067635,,,,,,,,,,,0.31849515438079834,9.266985815848104,,,3,3
2016-09-28 12:00:00+00:00,,,0.6991801559925079,0.02238279261228586,,,,,,,,,,,0.32263457775115967,8.68840553439142,,,,,,,,,3,3
2016-09-28 18:00:00+00:00,,,,,,,,,0.3685210943222046,9.438630202737082,,,,,,,0.10110688209533691,0.4792828644170236,,,0.3085063695907593,11.321590138897543,,,3,3
2016-09-29 00:00:00+00:00,,,,,,,,,,,,,,,0.29992520809173584,7.833567947195618,0.19580912590026855,0.303165165743827,,,,,,,2,2
2016-09-29 06:00:00+00:00,,,,,,,,,,,,,,,0.2863372564315796,7.580338553917062,,,,,,,,,1,1
2016-09-29 12:00:00+00:00,,,,,,,,,0.3630324602127075,4.8363888320423865,,,0.181099534034729,0.7014888020515234,,,,,,,0.2923393249511719,8.013756877718222,,,3,3
2016-09-29 18:00:00+00:00,,,,,,,,,0.4127187728881836,23.721560867125124,,,,,0.33686506748199463,2.2739245291915533,,,,,0.2620267868041992,8.645458627031122,,,3,3
2016-09-30 00:00:00+00:00,,,,,,,,,0.41179025173187256,5.521098963130089,,,,,,,,,,,0.2764483690261841,4.324753417668984,,,2,2
2016-09-30 06:00:00+00:00,,,,,,,,,0.43013155460357666,11.140899468817533,,,,,,,,,,,0.28640782833099365,5.830001409680118,,,2,2
2016-09-30 12:00:00+00:00,,,,,,,,,0.4675157070159912,10.605623742964436,,,,,,,,,,,0.236769437789917,4.27360314083012,0.3704407215118408,0.6492018521767831,3,3
2016-09-30 18:00:00+00:00,,,,,,,,,0.4223146438598633,3.6825050930808323,,,,,,,,,,,0.2602921724319458,4.567011919663593,0.306526780128479,0.05413431880313815,4,4
2016-10-01 00:00:00+00:00,,,,,,,,,0.374866247177124,7.45305809437866,,,,,,,,,,,0.271274209022522,5.122415356618469,0.12492251396179199,0.23995631575416368,4,4
2016-10-01 06:00:00+00:00,,,,,,,,,0.34146666526794434,7.378657992929481,0.21539199352264404,1.6405902213915835,,,,,0.43614351749420166,2.926747831271421,,,0.26463162899017334,8.8456958110627,0.2842904329299927,-8.33948251849125,6,6
2016-10-01 12:00:00+00:00,,,,,,,,,0.3521214723587036,6.199352652290799,0.45120108127593994,1.8029920210798933,,,,,0.2968097925186157,7.937894603223019,,,0.26097989082336426,-6.9142078711560355,0.014161109924316406,0.2416529732104258,5,5
2016-10-01 18:00:00+00:00,,,,,,,,,,,0.2977052927017212,7.3614218746640905,,,,,0.24159765243530273,0.5487830217036105,,,0.265954852104187,6.845546037920533,0.16560953855514526,-0.26741967560218954,7,7
2016-10-02 00:00:00+00:00,,,,,,,,,,,0.22320866584777832,3.6811273687391877,,,,,0.7884236574172974,-1.414405416588712,,,0.2525806427001953,5.310874923418873,,,4,4
2016-10-02 06:00:00+00:00,,,,,,,,,0.3904064893722534,5.195322863251455,0.17119193077087402,1.770719795880764,,,,,0.3703078031539917,0.5413290014622661,,,0.23998308181762695,9.944261494955391,,,5,5
2016-10-02 12:00:00+00:00,,,,,,,,,,,0.3976614475250244,4.616934263467125,,,,,0.33046185970306396,2.112764458457916,,,0.2356189489364624,3.2823339875340847,,,3,3
2016-10-02 18:00:00+00:00,,,,,,,,,,,0.2728734016418457,1.885518696307968,,,,,0.27324604988098145,-0.12115241282243762,,,0.2438269853591919,4.8827890564275735,,,4,4
2016-10-03 00:00:00+00:00,,,,,,,,,,,0.2666107416152954,0.3913902266594689,,,,,0.24850153923034668,1.2778382190060245,,,0.22458350658416748,2.929833918282263,,,4,4
2016-10-03 06:00:00+00:00,,,,,,,0.43983811140060425,-1.7858585484087126,,,0.3118811845779419,1.2302936694892923,,,,,,,,,0.23703014850616455,4.90080390788712,,,4,4
2016-10-03 12:00:00+00:00,,,,,,,0.4818699359893799,-0.7661323123494892,,,0.3367878198623657,1.3916455239661691,,,,,,,,,0.1914597749710083,2.2740529149099196,,,4,4
2016-10-03 18:00:00+00:00,0.703410267829895,0.4590839450776066,,,,,,,0.49985069036483765,-4.2038740818969,0.314616322517395,1.8142899281491058,,,,,,,,,0.24458575248718262,5.313819704320377,,,5,5
2016-10-04 00:00:00+00:00,0.382476806640625,-1.0080499775244696,,,,,,,0.5088151693344116,-1.9592185126681823,0.3287324905395508,0.9214325934720317,,,,,,,,,0.20168066024780273,6.374357985064905,,,5,5
2016-10-04 06:00:00+00:00,0.20196908712387085,-0.2684090121608252,,,,,,,0.46350711584091187,-13.130237105496354,0.3134787082672119,0.40277957905111506,,,,,,,,,0.2070770263671875,4.063735294162284,,,4,4
2016-10-04 12:00:00+00:00,0.14135968685150146,0.2662131266403521,,,,,,,0.30676329135894775,-9.11062981732002,0.38821280002593994,0.3910469363539204,,,,,,,,,0.22308051586151123,-18.78842870425326,,,4,4
2016-10-04 18:00:00+00:00,0.12831294536590576,-0.6789815064479896,,,,,,,0.447592556476593,-8.281770568822642,0.5427380800247192,1.0210392515667386,,,,,,,,,0.20714449882507324,1.8018615712636519,,,4,4
2016-10-05 00:00:00+00:00,0.029326915740966797,-0.14398986377055809,,,,,,,0.45073431730270386,-4.611626617307794,0.24356281757354736,1.3110406089381765,,,,,,,,,0.21445536613464355,3.238941537497824,,,4,4
2016-10-05 06:00:00+00:00,0.03456920385360718,0.11258330237299385,,,,,,,0.3372015953063965,-5.07969136703865,0.4108964204788208,1.78107817005613,,,,,,,,,0.2046266794204712,2.887792899512973,,,5,4
2016-10-05 12:00:00+00:00,0.18224167823791504,18.368095248225895,,,,,,,0.2692226767539978,-2.0126182516650326,,,,,,,0.25465548038482666,1.0417949973198737,,,0.17317795753479004,7.195579221069878,,,4,4
2016-10-05 18:00:00+00:00,0.15510761737823486,-0.5786535418730131,,,,,,,0.28240591287612915,-2.2111516960735527,,,,,,,0.35184311866760254,-0.46457018166602987,,,0.20616936683654785,2.335292910541417,,,4,4
2016-10-06 00:00:00+00:00,0.23065751791000366,-0.9550804478348689,,,,,,,0.3512880802154541,-4.017694591201942,,,,,,,0.3769749402999878,-0.10568412897502866,,,0.201188325881958,41.00855489906788,,,6,5
2016-10-06 06:00:00+00:00,,,0.18604600429534912,-0.9824961447533873,,,,,0.439353883266449,-7.18636303444745,,,,,,,0.246385395526886,-1.0928060496896077,,,0.16405701637268066,2.530274971958401,0.042125403881073,0.038633590312457965,5,5
2016-10-06 12:00:00+00:00,,,0.11361068487167358,-0.466671436493291,,,,,0.4502682685852051,-6.598301727181341,,,,,,,,,,,0.23153424263000488,2.516270027036971,0.40800148248672485,-0.3770906705363748,4,4
2016-10-06 18:00:00+00:00,,,0.3873882293701172,-25.524184007701646,,,,,0.13957107067108154,-0.5982003008407928,,,,,,,,,,,0.23794043064117432,3.327696051169341,0.12901681661605835,-0.4112358119728547,5,4
2016-10-07 00:00:00+00:00,,,0.17045384645462036,-0.21028182287696698,,,,,0.2571480870246887,-1.5567292613386152,,,,,,,0.2828676700592041,1.9651930604061103,,,0.18593573570251465,1.9053736695425998,0.8455072641372681,-0.30160384603575646,6,6
2016-10-07 06:00:00+00:00,,,0.2532716393470764,-0.4851336629325436,,,,,,,,,,,,,0.026298880577087402,-0.7838432883850542,,,0.2113628387451172,1.6724862190622491,,,4,4
2016-10-07 12:00:00+00:00,,,0.20803600549697876,-3.771000793772195,,,,,,,,,,,,,0.17598068714141846,-1.2811437576734233,,,0.20263218879699707,1.3802012638663663,,,4,4
2016-10-07 18:00:00+00:00,,,0.215187668800354,-1.4546088084080466,,,,,,,,,,,,,0.3721194267272949,-0.13198738909402177,,,0.1644735336303711,1.2696029515915186,,,4,4
2016-10-08 00:00:00+00:00,,,0.2081623673439026,-1.0182986593522843,,,,,,,,,,,,,,,,,0.11284792423248291,0.5326079429141374,,,4,3
2016-10-08 06:00:00+00:00,,,0.25907766819000244,-1.0945474751552993,,,,,,,,,,,,,,,,,0.1885441541671753,2.2086511737800523,,,3,2
2016-10-08 12:00:00+00:00,,,0.1983194351196289,-1.6700693409159977,,,,,,,0.30929243564605713,-2.5356268292557433,,,,,,,,,0.1813143491744995,0.5249347462064852,,,4,3
2016-10-08 18:00:00+00:00,,,0.2615951895713806,-18.951663598476983,,,,,,,,,,,,,,,,,0.15393102169036865,0.3546450273269725,0.09959292411804199,0.49754539682747007,3,3
2016-10-09 00:00:00+00:00,0.03725790977478027,0.3674741992677874,0.2226501703262329,-1.017939275736399,,,,,,,,,,,,,,,,,0.08880889415740967,1.350558445276608,0.21699947118759155,0.47629063527274507,4,4
2016-10-09 06:00:00+00:00,,,0.19751858711242676,-1.697142191036235,,,0.6453150510787964,-1.0722999109820102,,,,,,,,,,,,,0.10264480113983154,1.526774705125531,,,3,3
2016-10-09 12:00:00+00:00,,,0.07184529304504395,18.23202148206414,,,0.15608912706375122,-1.746945652353168,,,,,,,,,,,,,0.18827426433563232,0.4514229935711576,,,3,3
2016-10-09 18:00:00+00:00,,,0.24795502424240112,-1.4959973392113224,,,0.2607954144477844,-2.1341178577781803,,,,,,,,,,,,,0.17220425605773926,-14.740598137873128,,,4,4
2016-10-10 00:00:00+00:00,,,0.1499003767967224,-0.8099069383265658,,,0.2235034704208374,-1.2555058390934917,0.3779723048210144,-0.5565492762384933,,,,,,,,,,,0.08683419227600098,0.19841323540246328,,,4,4
2016-10-10 06:00:00+00:00,,,0.2572556138038635,-1.9625218074685127,,,0.288078248500824,-1.4820299069144398,0.5818289220333099,-2.429463944909109,,,,,,,,,,,0.17329931259155273,1.1106455555693755,,,4,4
2016-10-10 12:00:00+00:00,,,0.035897254943847656,6.569485684694175,,,0.35809165239334106,-2.1923324584468133,0.3076140880584717,-3.3076818911033814,,,,,,,,,,,0.19697606563568115,0.8491877827326357,,,4,4
2016-10-10 18:00:00+00:00,,,0.19964301586151123,-2.1531671497788287,,,0.34196901321411133,-8.596070248681174,0.1370794177055359,0.21046927460586676,,,,,,,,,,,0.165663480758667,0.4320482276344692,,,4,4
2016-10-11 00:00:00+00:00,,,0.32730770111083984,-53.0341291036489,,,0.2340247631072998,-3.629386507078728,0.07203173637390137,5.286214644920045,,,,,,,,,,,0.1075977087020874,0.2120512011101507,,,4,4
2016-10-11 06:00:00+00:00,,,0.2132624387741089,-7.692182811510939,,,0.2956407070159912,-4.1732170514100835,0.7115163803100586,-5.384860642287472,,,,,,,,,,,0.08789002895355225,-9.583182026807485,,,4,4
2016-10-11 12:00:00+00:00,,,0.19744879007339478,-6.680103241898364,,,0.33628779649734497,-14.226821513117587,,,,,,,0.48020875453948975,-4.815586680735708,,,,,0.23273444175720215,1.2468106636974743,,,4,4
2016-10-11 18:00:00+00:00,,,0.24603843688964844,-13.406052003156372,,,,,0.2952861189842224,-6.740472718823471,,,,,0.31400519609451294,-1.9301955648203475,,,,,0.13575375080108643,0.504374618999543,,,4,4
2016-10-12 00:00:00+00:00,,,0.2432922124862671,-55.3306706108228,,,,,0.2986941933631897,-7.28119754794207,,,,,,,,,,,0.15847623348236084,0.6149330005421831,,,4,4
2016-10-12 06:00:00+00:00,,,0.20307159423828125,-3.487957113898313,,,,,0.30654841661453247,-3.781160953295105,,,,,,,,,,,0.09999775886535645,-2.170388253384997,,,4,4
2016-10-12 12:00:00+00:00,,,0.2735661268234253,-26.37250797757031,,,0.3341410756111145,0.09536743149757314,0.34970176219940186,-11.3830489604005,,,,,,,,,,,0.19501352310180664,0.9201525360245286,,,5,5
2016-10-12 18:00:00+00:00,,,0.31166011095046997,-56.680008103428925,,,0.3173631429672241,-1.4540345999723754,0.3270629048347473,-7.590621449224798,,,,,0.5539160966873169,-8.550978078145665,,,,,0.18167686462402344,0.5981756766811853,,,6,6
2016-10-13 00:00:00+00:00,,,0.16438943147659302,-18.706338139759676,,,,,0.2650482654571533,-6.664289159893692,,,,,0.3615901470184326,-2.5689404806995113,,,,,0.06880724430084229,0.559848204019786,,,5,5
2016-10-13 06:00:00+00:00,,,0.2718886137008667,-55.39925971631262,,,,,0.2538917064666748,-4.898613856602932,,,,,0.24562489986419678,-3.9563550834487287,,,,,0.17143535614013672,-1.9554465240987604,,,5,5
2016-10-13 12:00:00+00:00,,,0.19969934225082397,-8.789174410288448,,,,,0.2610829472541809,-9.17639643113302,,,,,0.1537715196609497,-0.8606648129949128,,,,,0.10269331932067871,-37.99293687954066,,,6,5
2016-10-13 18:00:00+00:00,,,0.19253593683242798,-3.3459406117167796,,,,,0.2615863084793091,-4.312821408708585,,,,,0.1845773458480835,-0.3097242303378698,,,,,0.11135327816009521,0.34756592498785227,,,5,5
2016-10-14 00:00:00+00:00,,,0.16076713800430298,-0.9714210975743104,,,,,0.3201736807823181,-6.538136375072726,,,,,0.004308938980102539,0.021165251486663605,,,,,0.19770121574401855,0.4546482987316167,,,5,5
2016-10-14 06:00:00+00:00,,,0.3102295994758606,-61.83523171594197,,,,,0.29026955366134644,-9.844032517544342,,,,,0.44673824310302734,-3.0466497195983586,,,,,0.2033228874206543,0.09158972586208013,0.12414562702178955,0.12015832477709008,7,7
2016-10-14 12:00:00+00:00,,,0.19720053672790527,-1.0182992031040556,,,,,0.33714306354522705,-15.250865344480568,0.23936504125595093,-2.373935480433329,,,,,0.2040984034538269,-0.9134794368680145,,,0.30004632472991943,0.32122892013636567,,,7,7
2016-10-14 18:00:00+00:00,,,0.032400667667388916,3.742733992432997,,,,,0.279516339302063,-8.25409853694282,0.2854927182197571,-10.551550021054265,,,,,0.08033806085586548,-3.586159875886134,,,0.08120930194854736,0.11137327374944428,,,7,6
2016-10-15 00:00:00+00:00,,,0.1288120150566101,-0.6344647556380688,,,,,0.3060123324394226,-13.63380019812446,0.1900019645690918,-0.61555858001515,,,,,0.483140230178833,-1.809894562165806,,,0.016716361045837402,-34.566350555760806,,,6,6
2016-10-15 06:00:00+00:00,,,0.22571516036987305,-0.7939836611528295,,,,,0.3271980881690979,-3.2308081681395135,0.18308919668197632,-2.3511783209697343,,,,,,,,,0.10915213823318481,-21.3096665094252,,,5,5
2016-10-15 12:00:00+00:00,,,0.19041097164154053,-0.5510030296233025,,,,,0.3264700770378113,-13.439663129881225,0.16146248579025269,-6.699246251073416,,,,,,,,,0.19950973987579346,-0.18922727422072297,0.17559736967086792,-0.3759204922217239,5,5
2016-10-15 18:00:00+00:00,,,0.11227864027023315,-0.7872728567595157,,,,,0.256172239780426,-10.456633672432488,0.03593236207962036,-0.2541194587640384,,,0.008912324905395508,0.3097194012927679,,,,,0.026119530200958252,-0.9288126571693058,0.36006367206573486,0.23934548292671612,6,6
2016-10-16 00:00:00+00:00,,,0.2093542218208313,-5.389599263709688,,,,,0.3172863721847534,-6.536438258339853,0.04400920867919922,-0.30416217697958436,,,,,,,0.1675463318824768,0.6078682965508736,0.21825146675109863,0.2095597590351759,0.5307036340236664,0.40853111704116024,6,6
2016-10-16 06:00:00+00:00,,,0.2875954508781433,-23.924429573911272,,,,,,,0.37048500776290894,-4.963517888051247,,,,,,,0.10879212617874146,-0.19322185703467143,0.25048232078552246,1.5683221393477784,,,7,5
2016-10-16 12:00:00+00:00,,,0.12130039930343628,-1.4643824523047664,,,,,,,0.33185333013534546,-9.499040914445494,,,,,,,0.0993456244468689,-0.7919714857701148,0.15790307521820068,0.6148344756372501,,,6,5
2016-10-16 18:00:00+00:00,,,0.17673522233963013,-18.230889375677812,0.04255366325378418,-0.4056141602119781,,,,,0.2524417042732239,-3.6489902344057485,,,,,,,0.34720778465270996,-0.18061872971130333,0.03966677188873291,0.3582936183512472,,,7,7
2016-10-17 00:00:00+00:00,,,0.21496087312698364,-0.4520329497391852,0.5972424745559692,0.5342210771898508,,,,,0.03329390287399292,-2.4270522628753164,,,,,,,0.013468742370605469,-0.23084569822124754,0.07597339153289795,0.08001870542124494,,,6,5
2016-10-17 06:00:00+00:00,,,0.024283111095428467,-0.10649079938845593,,,,,0.22267186641693115,0.9246910254466967,0.2784552574157715,-7.7071252911122965,,,,,,,0.3267550468444824,-0.3128974911670748,0.33530378341674805,5.125257839381594,0.5494927167892456,0.872770640786586,8,6
2016-10-17 12:00:00+00:00,,,0.1760718822479248,1.6416176978818815,,,,,,,0.2392939329147339,-2.4511265603557555,,,,,,,0.10174036026000977,0.28833281812993705,,,,,3,3
2016-10-17 18:00:00+00:00,,,0.2478114366531372,1.832557629905926,0.01022183895111084,0.003931194586508562,,,0.41601407527923584,0.8860093533152646,0.30723249912261963,-4.638466967548427,,,,,,,0.12771189212799072,0.6230848207199539,,,,,5,5
2016-10-18 00:00:00+00:00,,,0.23065298795700073,-0.24551563079342026,0.27251648902893066,-0.3097548669170897,,,0.41821587085723877,0.730350082496318,0.30054497718811035,-2.3518944731287013,,,,,,,0.2631939649581909,0.6514591433492072,0.1350499391555786,-0.30009742080908697,,,6,6
2016-10-18 06:00:00+00:00,,,0.39145535230636597,-19.38081924657934,,,,,0.5636967420578003,1.2547953538262717,0.326180100440979,-6.310606173630504,,,,,,,0.12737178802490234,0.3636422144776645,,,0.11281561851501465,-0.6126677619421377,6,6
2016-10-18 12:00:00+00:00,,,0.17480218410491943,-0.6654851195713917,,,,,0.43508994579315186,0.9995766159001818,0.2502402067184448,0.006080605466865859,,,,,,,0.10840117931365967,1.3961890885845016,,,0.038574814796447754,-0.037084242637512047,6,6
2016-10-18 18:00:00+00:00,,,0.16699165105819702,-0.18597833831202717,,,,,0.7490463256835938,3.1203711087552355,,,,,,,,,0.16733765602111816,1.518204262604805,0.04738759994506836,0.09474285365854246,0.7350656986236572,-0.27536781131148613,6,6
2016-10-19 00:00:00+00:00,,,,,0.24903488159179688,-0.13969139834870897,,,0.8227744102478027,2.358353900267166,,,,,,,,,0.19527041912078857,0.862715092877077,,,0.05148756504058838,0.03578380752224527,4,4
2016-10-19 06:00:00+00:00,,,,,0.18807727098464966,-0.5765901324791612,,,,,,,,,,,,,0.09309089183807373,-23.549607823640045,0.03284788131713867,0.8016861295513371,0.5506771802902222,0.35518981754564605,4,4
2016-10-19 12:00:00+00:00,,,,,0.25897616147994995,-0.2995252670874235,,,,,,,,,,,,,0.20394647121429443,2.189799931108519,,,0.4189366102218628,-0.29206497353001465,3,3
2016-10-20 00:00:00+00:00,,,,,0.07867699861526489,-0.05033288163993004,,,0.6212787628173828,1.0834154923400572,,,,,,,,,0.14582586288452148,-26.034489781418852,,,0.19640791416168213,-0.5175564454750651,4,4
2016-10-20 06:00:00+00:00,,,0.47340989112854004,0.4461618267298911,0.3154168128967285,0.37232393316529344,,,0.48238980770111084,1.1607599220090081,,,,,,,,,0.16956984996795654,2.0458489245341793,,,0.28396081924438477,0.11406579162260447,5,5
2016-10-20 12:00:00+00:00,,,,,0.07956039905548096,0.040159419831659535,,,0.4951493740081787,1.1321992039226758,,,,,,,,,0.2644779682159424,49.30808699795224,,,0.0803566575050354,0.31429999313647977,5,4
2016-10-20 18:00:00+00:00,,,,,0.13712120056152344,-0.32313587523677845,,,0.4092341661453247,1.4053254262666404,,,,,,,,,0.2095125913619995,2.9990750882554384,,,0.41473686695098877,0.34210983317358723,4,4
2016-10-21 00:00:00+00:00,,,,,0.16269516944885254,-0.7069948152656168,0.33049988746643066,0.3831368656879275,0.0027356743812561035,2.9311907883397548,,,0.32205164432525635,8.943247722172758,,,,,,,,,,,5,4
2016-10-21 06:00:00+00:00,,,,,0.4322580099105835,0.3427966140515849,0.24045884609222412,0.23892718782480812,0.40675783157348633,0.7466308900617047,,,0.33950674533843994,6.685949612180201,,,,,,,,,0.15196871757507324,0.5487219954706379,7,6
2016-10-21 12:00:00+00:00,,,,,0.6053035259246826,0.7759720809686371,0.24011361598968506,0.21585237648231007,,,0.30248022079467773,3.7189381970295217,0.28318464756011963,5.661991177257859,,,,,,,,,,,7,4
2016-10-21 18:00:00+00:00,,,,,0.507627010345459,-1.076258230011258,0.13871347904205322,2.712411644487696,,,0.2643452286720276,-0.6657977376090748,0.30930423736572266,7.536547160350342,,,,,,,,,,,6,4
2016-10-22 00:00:00+00:00,,,0.15081888437271118,-0.08244322764150878,0.38358163833618164,0.49890930487182145,0.30642974376678467,11.18068676576817,,,0.31245148181915283,0.07455345272134539,0.31346940994262695,9.977978210596023,,,,,,,,,0.24125748872756958,0.219960771565644,7,6
2016-10-22 06:00:00+00:00,,,0.23711788654327393,-0.742333360083853,,,0.24822819232940674,10.573703227448089,,,,,0.30447864532470703,3.94402903361306,,,,,,,,,,,3,3
2016-10-22 12:00:00+00:00,,,0.089011549949646,0.5122762084645233,0.29103612899780273,0.08128808188779621,0.32135987281799316,9.78368899564278,,,,,,,0.31137335300445557,10.568444662231657,,,,,,,,,5,4
2016-10-22 18:00:00+00:00,,,0.0636528730392456,-1.1977850006823432,0.44343239068984985,-0.13502945071580827,0.2684047222137451,3.7443550184678247,,,,,,,0.336198091506958,9.831137141170684,,,,,,,,,4,4
2016-10-23 00:00:00+00:00,,,0.15429186820983887,-0.6246586000346543,0.27718687057495117,1.1660120560388116,0.23486733436584473,2.2039718898516587,,,,,,,0.2780623435974121,-14.933133448252287,,,,,,,,,4,4
2016-10-23 06:00:00+00:00,,,0.2317352294921875,-0.9299216297950152,0.7243596315383911,0.3978598761287042,0.31460702419281006,7.636320201042271,,,,,,,0.28853046894073486,5.707491587162345,,,,,,,0.011196494102478027,0.8211305977067784,6,6
2016-10-23 12:00:00+00:00,,,0.16605162620544434,-1.5737695572324963,,,0.29203081130981445,4.696683399017817,,,,,,,0.31621253490448,9.869860338803093,,,,,,,0.005236625671386719,-0.6093593457539289,4,4
2016-10-23 18:00:00+00:00,,,0.30427128076553345,-2.3142793926302034,,,0.3942275047302246,3.8445492181880687,,,,,,,0.3112870454788208,8.304008466741164,,,,,,,0.17511612176895142,-1.1821349188199337,5,5
2016-10-24 00:00:00+00:00,,,0.01593118906021118,-0.24207085282385574,,,0.33123087882995605,6.04661701185648,,,,,,,0.32739222049713135,7.835403062491988,,,,,,,,,3,3
2016-10-24 06:00:00+00:00,,,0.01916491985321045,-0.1683288975887006,,,0.3520638942718506,5.022977344934065,0.390000581741333,7.840620749009306,,,,,0.27803242206573486,5.1012276191797525,,,,,,,,,5,4
2016-10-24 12:00:00+00:00,,,0.047374606132507324,-2.0176721127070025,,,0.34507203102111816,11.800129971833094,0.3712550401687622,8.292924257775558,,,,,0.3113393783569336,7.032975320342504,,,,,,,,,4,4
2016-10-24 18:00:00+00:00,,,0.1964268684387207,-0.869096532311028,,,,,0.32951855659484863,6.3609093140398825,,,,,0.26508629322052,-11.771390796868026,,,,,,,,,3,3
2016-10-26 00:00:00+00:00,,,0.3586040139198303,-0.6621226431587194,,,,,0.3375430107116699,12.895412260924303,,,,,,,,,,,0.24653959274291992,6.3843925723419295,,,3,3
2016-10-26 06:00:00+00:00,,,0.33621662855148315,-3.1378029714650744,,,,,0.38549792766571045,10.497026109733623,,,,,,,,,,,0.24763107299804688,6.523582422662528,,,3,3
2016-10-26 12:00:00+00:00,,,0.11089593172073364,-1.3797460204147662,,,,,0.4114058017730713,8.804417905048794,,,,,,,,,,,0.24345457553863525,8.354866445330629,,,3,3
2016-10-27 00:00:00+00:00,,,0.20111829042434692,-1.8396787750445103,,,,,0.37601685523986816,5.608210069414073,,,,,,,,,,,0.22820043563842773,4.918360856151084,,,3,3
2016-10-27 06:00:00+00:00,,,,,0.022065579891204834,0.2552301666030638,,,0.3627934455871582,13.047307267344461,,,,,,,,,,,0.22495782375335693,5.6322741584185705,,,3,3
2016-10-27 12:00:00+00:00,,,,,0.19500243663787842,-0.5092748973322604,0.2582051157951355,0.04273773440138069,0.3440523147583008,10.543035757636034,,,,,,,,,,,0.25042104721069336,7.142823128150297,,,4,4
2016-10-27 18:00:00+00:00,,,,,0.4730771780014038,-15.220856571762454,0.020431816577911377,0.5524028042319596,0.33449995517730713,9.252599754305365,,,,,,,,,,,0.25422966480255127,6.98869429275974,,,4,4
2016-10-28 00:00:00+00:00,,,,,0.2317926287651062,-1.8440798543811405,0.01712280511856079,0.8429069962273501,0.3915677070617676,12.78386589339555,,,,,,,,,,,0.23686468601226807,9.002053505988743,,,4,4
2016-10-28 06:00:00+00:00,,,,,0.04042869806289673,-1.129381808273719,0.3487338423728943,-0.26305667121554144,0.32501769065856934,9.76635926202845,,,,,,,0.27439606189727783,0.45053124716513526,,,0.24364447593688965,6.933648678412797,,,5,5
2016-10-28 12:00:00+00:00,,,,,0.035993337631225586,-1.2125381598306888,0.3092021942138672,-3.4008331193349117,0.3780345916748047,11.73543710077824,0.396293044090271,4.008472010699036,,,,,0.14789140224456787,0.8901883059149518,,,0.23685002326965332,11.313671478799039,,,6,6
2016-10-28 18:00:00+00:00,,,,,0.05111664533615112,-0.7145385333499519,0.3555569648742676,-1.5609763365243428,0.2996394634246826,7.382449022384762,0.5397229194641113,0.7469090668690123,,,,,0.42264389991760254,0.3729208002004264,,,0.22854280471801758,3.6600463857665324,,,6,6
2016-10-29 00:00:00+00:00,,,,,0.2587074637413025,-0.42907443851671995,0.4987952709197998,-7.050663141775503,0.31857120990753174,8.167386855990854,0.6616237163543701,4.684695372721354,,,,,0.005797266960144043,1.9645996531657324,,,0.21553850173950195,4.953187302378046,,,7,7
2016-10-29 06:00:00+00:00,,,,,,,0.30772870779037476,-1.4622809407765225,,,0.49523115158081055,15.34914088838448,,,,,0.027803421020507812,-1.7668075907789238,,,0.22549188137054443,7.009886046490948,,,6,5
2016-10-29 12:00:00+00:00,,,,,,,0.3939356207847595,-1.9577542567043575,,,0.4557328224182129,14.391867818495932,,,,,0.008450150489807129,-0.08292856763928384,,,0.23833191394805908,5.474369760010906,,,6,6
2016-10-29 18:00:00+00:00,,,,,,,0.44013410806655884,-9.839759196811963,,,0.3968644142150879,4.297767876576696,,,,,,,,,0.23677921295166016,4.780647038255322,,,7,7
2016-10-30 00:00:00+00:00,,,,,,,0.5043359696865082,-7.535537327495616,,,0.5151165723800659,7.771099017829614,,,,,,,,,0.21038222312927246,3.4700929518090056,,,5,5
2016-10-30 06:00:00+00:00,,,,,,,0.20782583951950073,-6.230327496831361,,,0.5090925693511963,8.955374555875645,,,,,,,,,0.20854175090789795,2.0502986261670526,,,5,5
2016-10-30 12:00:00+00:00,,,,,,,,,0.29697394371032715,-4.23227387047448,0.47668755054473877,9.650367064125247,,,,,,,,,0.23063743114471436,1.812015970458894,,,4,4
2016-10-30 18:00:00+00:00,,,,,,,0.08387017250061035,0.03279619338793172,0.27100497484207153,-5.546176382019758,0.49008142948150635,6.48206861846211,,,,,0.17463338375091553,0.5799796560595094,,,0.27815449237823486,3.5240338667435274,,,7,6
2016-10-31 00:00:00+00:00,0.49876677989959717,-0.41209505327649676,,,,,0.509924054145813,0.058776623630656465,0.29389041662216187,-0.7768859241693152,0.5008957386016846,10.924676582696554,,,,,0.013138413429260254,0.09375299020256948,,,0.24494898319244385,4.635084544567708,,,6,6
2016-10-31 06:00:00+00:00,0.7092136442661285,-0.6629561515774116,,,,,0.1980845332145691,0.12013255286263158,0.33583277463912964,-4.449610502735326,0.5149211883544922,4.1562945572776,,,,,0.03066539764404297,-0.34379206767428305,,,0.23560547828674316,4.643248624602435,,,6,6
2016-10-31 12:00:00+00:00,0.3999333381652832,-0.20328372726607227,,,,,0.21277469396591187,-3.4712140609313624,0.42910969257354736,-1.4881958684296483,0.42580997943878174,3.655409298299463,,,,,0.4900730848312378,0.1255794237779164,,,0.23858332633972168,6.819155861083656,,,7,6
2016-10-31 18:00:00+00:00,0.9383081272244453,-6.92415859865575,,,,,0.22794926166534424,-0.6558444095850477,0.45109158754348755,-4.948872786372701,0.4457230567932129,4.393605783339961,,,,,,,,,0.2569388151168823,3.6799560496851913,,,6,5
2016-11-01 00:00:00+00:00,0.23738360404968262,0.2450963139859745,,,,,,,0.37832462787628174,-7.668974321673642,0.40271425247192383,2.611188767915362,,,,,,,,,0.22037076950073242,3.3442078265067128,,,5,5
2016-11-01 06:00:00+00:00,0.8159583956003189,-10.070682155858547,,,,,,,0.6082914173603058,-8.218091370478923,0.45708203315734863,4.408225620500321,,,,,,,,,0.22092199325561523,11.554795145800577,,,6,6
2016-11-01 12:00:00+00:00,0.2149835228919983,-0.3183895636472112,0.29735374450683594,-0.18828961197976882,,,,,0.05899399518966675,1.6304523734743648,0.4765089750289917,2.37882790505764,,,,,,,,,0.21188592910766602,2.082014419588767,0.7421203851699829,1.237832416248895,6,6
2016-11-01 18:00:00+00:00,0.10938692092895508,-0.2037859635890329,0.3605189323425293,0.2462751286563576,,,,,,,0.40519702434539795,4.6695764456378,,,,,,,,,0.1968480348587036,1.9122064394650524,0.13046425580978394,-0.07529406100072297,5,5
2016-11-02 00:00:00+00:00,0.07705408334732056,-0.48021824446593303,,,,,,,0.6014285683631897,-1.8053917410015856,0.5213494300842285,1.0035048683151895,,,,,,,,,0.2262171506881714,3.4211384537781324,,,5,4
2016-11-02 06:00:00+00:00,0.16626721620559692,-0.5628368358444175,,,,,,,,,0.07390570640563965,0.757214576072475,,,,,,,,,0.20752882957458496,1.523092189951335,,,3,3
2016-11-02 12:00:00+00:00,0.17779028415679932,-0.21945050878557276,,,,,,,0.486534059047699,-2.1939546201056883,,,,,,,,,,,0.18613755702972412,1.2675862858837832,0.11608392000198364,-0.008364789613487092,4,4
2016-11-02 18:00:00+00:00,0.12219059467315674,-0.25255214854941216,,,,,,,0.20784980058670044,-1.5933333387032111,,,,,,,,,,,0.15442848205566406,3.444143552884315,,,3,3
2016-11-03 00:00:00+00:00,0.14410239458084106,-0.2858730636451809,,,,,,,0.34333425760269165,0.3739078498230689,,,,,,,,,,,0.2305837869644165,10.605186856572264,,,3,3
2016-11-03 06:00:00+00:00,0.1442023515701294,22.826175800657538,,,,,,,0.5720439553260803,-2.607719514324669,,,,,,,,,,,0.2147272825241089,-0.3577372835617374,,,4,3
2016-11-03 12:00:00+00:00,0.2508755922317505,-0.2731284412467209,,,,,,,,,,,,,,,,,,,0.21325063705444336,0.5941034054511656,,,2,2
2016-11-03 18:00:00+00:00,0.2582734227180481,-0.7738509548485938,,,,,,,,,,,,,,,,,,,0.22238290309906006,1.3289888339882256,,,2,2
2016-11-04 00:00:00+00:00,0.05336308479309082,-0.26886422185586456,0.17418718338012695,-0.03668774336781689,,,,,,,,,,,,,,,,,0.17465293407440186,0.7207941961501161,0.016941547393798828,0.2532400981415177,5,5
2016-11-04 06:00:00+00:00,,,0.2090662121772766,-2.3854590664294513,,,,,,,,,,,,,,,,,0.22996819019317627,3.9812425747947575,0.13093018531799316,0.3837764990001565,3,3
2016-11-04 12:00:00+00:00,,,0.22313326597213745,-0.9114100831946758,,,0.16336870193481445,-0.12203551691775286,,,,,,,,,,,,,0.18699848651885986,3.9695345125064243,0.14983057975769043,-0.1877406676404232,5,5
2016-11-04 18:00:00+00:00,,,0.2080501914024353,-1.5050471926376165,,,0.3755965828895569,-0.5054181721201632,,,,,,,,,,,,,0.27655792236328125,2.0549177576762583,0.4302569627761841,0.2997680806325485,5,5
2016-11-05 00:00:00+00:00,,,0.18101799488067627,-1.3248185182027157,,,0.6093511581420898,0.5339522028164647,,,,,,,,,,,,,0.25190675258636475,0.866856740886895,0.2966881990432739,0.7396106406104547,6,4
2016-11-05 06:00:00+00:00,,,0.22149837017059326,-4.832510818522627,,,0.14354121685028076,-0.35885739991317556,,,,,,,,,,,,,0.2062985897064209,0.42989937757093893,0.3660227060317993,0.2944668672619671,5,5
2016-11-05 12:00:00+00:00,,,0.26147717237472534,-7.321287463488454,,,0.07100868225097656,5.972959487053006,,,,,,,,,,,,,0.18151402473449707,0.6446220797885466,0.07667326927185059,-0.3648158828135477,5,4
2016-11-05 18:00:00+00:00,,,0.20752477645874023,-4.224823409846269,,,0.20128166675567627,-0.48561729612062937,,,,,,,,,,,,,0.2188035249710083,4.650186051836195,,,4,3
2016-11-06 00:00:00+00:00,,,0.2706800103187561,-6.766080206571511,,,0.49178630113601685,-7.787047374220942,,,,,,,,,,,,,0.21690547466278076,4.196451714266327,,,3,3
2016-11-06 06:00:00+00:00,,,0.26404833793640137,-9.898252809943635,,,0.33126306533813477,-8.678164332610484,,,,,,,,,,,,,0.2653932571411133,1.8471463090634264,0.25328242778778076,-0.013005623281444062,5,5
2016-11-06 12:00:00+00:00,,,0.2618134021759033,-14.719249234687995,,,0.25828319787979126,-2.0828456719709525,,,,,,,,,,,,,0.3072859048843384,5.827235531672403,0.32761669158935547,-0.38625573453038076,4,4
2016-11-06 18:00:00+00:00,,,0.3109014630317688,-7.104581682202479,,,0.3595570921897888,-4.637263618462088,,,,,,,,,,,,,0.2835652828216553,4.697980589878753,0.42331528663635254,-0.01212915236865572,5,5
2016-11-07 00:00:00+00:00,,,0.3481101393699646,-10.458169572023479,,,0.38922661542892456,-11.313762187723524,,,,,,,,,,,,,0.24785971641540527,8.48656342337659,,,3,3
2016-11-07 06:00:00+00:00,,,0.33907657861709595,-16.163935725892518,,,0.380021870136261,-10.21302246197988,,,,,,,,,,,,,0.2804316282272339,3.371078640598333,,,3,3
2016-11-07 12:00:00+00:00,,,0.2782520651817322,-11.300765316657747,,,0.37383347749710083,-4.983383191345767,,,,,,,,,,,,,0.28066694736480713,2.790304455744116,0.13946044445037842,0.3044261748308849,4,4
2016-11-07 18:00:00+00:00,,,0.29917818307876587,-14.006970136621062,,,,,0.35937267541885376,-5.5515351467035075,,,,,,,,,,,0.2524869441986084,3.261020778422209,0.48995935916900635,0.33945455319105966,5,5
2016-11-08 00:00:00+00:00,,,0.26658517122268677,-11.829379894352378,,,,,0.3809380531311035,-3.8446134709614634,,,,,,,,,,,0.20422255992889404,2.5545871338219666,,,6,4
2016-11-08 06:00:00+00:00,,,0.25446414947509766,-10.283642397045133,,,,,0.45919913053512573,-5.647538343579489,,,,,,,,,,,0.2310854196548462,2.427377336435598,,,5,5
2016-11-08 12:00:00+00:00,,,0.3200286030769348,-12.322569996068129,,,,,0.48286598920822144,-6.975491298177964,,,,,,,,,,,0.18501687049865723,-15.223839976757887,,,4,4
2016-11-08 18:00:00+00:00,,,0.2519192099571228,-7.996586724097592,,,,,0.3518216013908386,-9.247580888757394,,,0.5168851912021637,-4.782128035346836,,,,,,,0.3083231449127197,3.2638209646196383,,,4,4
2016-11-09 00:00:00+00:00,,,0.3226171135902405,-13.702145862372982,,,,,0.3671685457229614,-12.184746872433216,,,,,0.6063192188739777,-5.509402653466862,,,,,0.20690476894378662,-22.618867599402368,,,6,6
2016-11-09 06:00:00+00:00,,,0.2523009777069092,-8.63931444482988,,,,,0.3846771717071533,-4.673548905842438,,,,,0.5345953404903412,-5.316802281702919,,,,,0.22629201412200928,1.2327963358859224,,,5,5
2016-11-09 12:00:00+00:00,,,0.30395597219467163,-5.355931253782682,0.43080854415893555,1.065077751059504,,,0.38926053047180176,-9.757098496627759,,,,,0.5433408617973328,-10.712051120136147,,,,,0.20821118354797363,3.1501076188411257,,,7,6
2016-11-09 18:00:00+00:00,,,0.2847024202346802,-8.16916774469213,0.0675777792930603,0.46155385454927855,,,0.32532799243927,-8.841291442236143,,,,,0.5841509103775024,-5.766539180064487,,,,,0.2721683979034424,3.645203498385062,,,6,6
2016-11-10 00:00:00+00:00,,,0.297416090965271,-11.48759866870002,0.1945781707763672,-0.6089086177185278,,,0.4278583526611328,-7.590485541556419,,,,,,,,,,,0.19541120529174805,1.0096786394147077,,,4,4
2016-11-10 06:00:00+00:00,,,0.2877271771430969,-7.496520294481312,0.3122444152832031,0.5799576664252089,,,0.4191867709159851,-8.017036455840097,,,,,,,,,,,0.21815145015716553,0.8190031684434023,,,4,4
2016-11-10 12:00:00+00:00,,,0.2654755711555481,-4.732554918601925,,,0.3157697916030884,0.2469751624248712,0.43190717697143555,-8.266575909540888,,,,,,,,,,,0.2553204298019409,2.049408457624684,,,5,5
2016-11-10 18:00:00+00:00,,,0.27434784173965454,-7.3428213252839685,,,0.12250745296478271,0.37200314530473766,0.4921327233314514,-12.547811771082758,,,,,,,,,,,0.17854177951812744,1.358587205454199,,,5,5
2016-11-11 00:00:00+00:00,,,0.2860904335975647,-4.90278449791596,,,0.325563907623291,2.3349560343841347,0.4648800492286682,-7.9709366120780265,,,,,,,,,,,0.22897613048553467,1.0958389312500416,,,4,4
2016-11-11 06:00:00+00:00,,,0.24888968467712402,-5.289301414860067,,,0.3761296272277832,0.9528436998804789,0.4344872236251831,-9.208082713679545,,,,,,,,,,,0.20767569541931152,1.2292194695738372,,,5,5
2016-11-11 12:00:00+00:00,,,,,0.26123374700546265,-6.489062900631984,0.19582903385162354,3.2479263149908935,0.4775555729866028,-8.238102496919588,,,,,,,,,,,0.2024170160293579,0.7737676907610483,,,5,5
2016-11-11 18:00:00+00:00,,,0.4440268874168396,-0.6113854776731416,0.25218576192855835,-6.174590846101681,0.40460479259490967,4.943709335076848,0.46531373262405396,-9.733367307225391,,,,,,,,,,,0.11565577983856201,0.44131411647989477,,,7,7
2016-11-12 00:00:00+00:00,,,,,0.16811859607696533,-2.286168976018918,0.36809563636779785,2.528557016893109,0.5181429982185364,-9.805835364692756,,,,,,,,,,,0.14583563804626465,0.7096363609511042,,,5,5
2016-11-12 06:00:00+00:00,,,,,0.1896284818649292,-1.5441071142855236,0.3055248260498047,2.044144189431357,0.07240504026412964,0.3865534419599446,0.3178495168685913,-3.496974678737584,,,0.5625076591968536,-6.8680961427714635,,,,,0.10935080051422119,0.5803444500933738,,,6,6
2016-11-12 12:00:00+00:00,,,0.6649932563304901,-2.0447574487705675,0.20634764432907104,-1.7035389960888838,0.35423922538757324,6.173863567076485,0.38123488426208496,-7.080170070776511,,,,,,,,,0.4644489288330078,-0.20288706295968417,0.11344337463378906,0.8965139426781901,,,7,7
2016-11-12 18:00:00+00:00,,,0.14407634735107422,-1.9493701304192463,0.17969590425491333,-1.4306437438098665,0.2829701900482178,2.0392002143915637,0.13715940713882446,-0.45749922102692847,0.22910410165786743,-3.4620269373947394,,,0.4687492847442627,-5.781313412187914,,,,,0.18482673168182373,0.6695551348584542,,,8,8
2016-11-13 00:00:00+00:00,,,0.4060046672821045,-2.644775905074066,0.20004165172576904,-1.3919344230371182,0.46481192111968994,5.227889017975615,0.23287588357925415,-0.10180642992208704,0.2555217146873474,-2.490453509097101,,,0.48796969652175903,-4.842726374890635,,,,,0.08838355541229248,0.5670790170696428,,,9,9
2016-11-13 06:00:00+00:00,,,,,0.18541210889816284,-16.217235303407325,0.4566000699996948,6.588976751119102,0.13695895671844482,0.8592227997603128,0.2908795475959778,-2.79736218719,,,,,0.5159867703914642,-7.094449917206709,,,0.1221306324005127,2.388179828573772,,,8,8
2016-11-13 12:00:00+00:00,,,,,0.22520089149475098,-0.678167387365631,0.5321856737136841,13.854509365921405,0.49002528190612793,-0.1146226678214085,0.12588167190551758,-4.963830479940993,,,,,0.5238286554813385,-3.5432677813366866,0.03954935073852539,0.6332704993687739,0.21620798110961914,3.7215809945258806,,,13,13
2016-11-13 18:00:00+00:00,,,0.12740439176559448,0.026723938429585557,,,,,0.46044695377349854,5.891760892088028,0.26238131523132324,-1.7256703859689004,,,,,0.4919896721839905,-5.781169059458878,,,0.19994747638702393,0.6914324847407168,,,10,9
2016-11-14 00:00:00+00:00,,,0.2205420732498169,0.33008536329626864,,,,,0.5814670324325562,8.158618225145426,0.19454669952392578,-1.0323940076506444,0.37058329582214355,0.41263438310588657,,,0.4751098155975342,-4.282561585387655,,,0.13565218448638916,1.514579982723153,0.3255953788757324,0.0012684589138369693,11,11
2016-11-14 06:00:00+00:00,,,0.15652287006378174,-0.3548230282337325,0.1128685474395752,-0.14300851635219267,,,0.580170750617981,6.574146380014374,0.26266711950302124,-1.8524367270352937,0.03315293788909912,0.6946610137066729,,,0.26058250665664673,-2.196936926907622,,,0.09733498096466064,1.7170997037647637,,,11,10
2016-11-14 12:00:00+00:00,,,,,0.37428855895996094,-24.166775721531614,,,0.5328648090362549,6.697329140094065,0.036084890365600586,-0.6552458426636852,0.053794145584106445,0.27358639809980057,,,0.09653162956237793,0.35913618609324066,,,0.12763583660125732,1.7749526500890382,,,9,9
2016-11-14 18:00:00+00:00,,,,,0.18618208169937134,-1.018717242747879,,,0.39191269874572754,5.0431236340449885,,,0.041336655616760254,-0.0100183301202418,,,0.5650217533111572,-3.2315153777697017,,,0.09510719776153564,1.540138707306986,,,7,7
2016-11-15 00:00:00+00:00,,,,,0.12148839235305786,-1.184338751254555,,,0.5278855562210083,8.5974158492997,,,0.2888883352279663,3.6433568867916852,,,,,,,0.09431838989257812,2.2513919385760084,,,4,4
2016-11-15 06:00:00+00:00,,,,,0.21275097131729126,-2.4403337050343876,,,0.33934545516967773,4.267849788601942,,,0.22281169891357422,0.6062738263286074,,,,,,,0.14382922649383545,7.390528005337351,0.02426290512084961,-0.07641679940801502,5,5
2016-11-15 12:00:00+00:00,,,,,0.02979940176010132,19.065804572360737,,,0.3964153528213501,4.11454747838734,,,0.40626704692840576,1.3058884795144865,,,,,,,0.1758105754852295,0.963148604519708,,,5,4
2016-11-15 18:00:00+00:00,,,0.38004070520401,-1.0658426143736766,0.21362686157226562,0.08218933550252461,,,0.44601917266845703,8.094615872561508,,,0.2698512077331543,0.8562881611580718,,,,,,,0.06638658046722412,0.27221787027293437,,,5,5
2016-11-16 00:00:00+00:00,,,,,0.11253052949905396,-0.5859413421016774,,,0.4564940929412842,4.91916322335779,,,0.36385512351989746,1.3866593815550918,,,,,,,0.15189766883850098,0.4945002241591481,,,5,4
2016-11-16 06:00:00+00:00,,,0.2762930393218994,0.4150205423280931,0.3696972727775574,-0.590267731104485,,,0.3493986129760742,7.179890561469728,,,0.3136310577392578,3.424120138803619,,,,,,,0.06671082973480225,-0.6062702344587796,,,5,5
2016-11-16 12:00:00+00:00,,,,,0.1404428482055664,0.020161087519416136,,,0.44019412994384766,11.307407419383438,,,0.3119856119155884,5.434342427898938,,,,,,,0.07163798809051514,0.5207821065925341,,,5,5
2016-11-16 18:00:00+00:00,,,,,0.1324945092201233,-1.2547553926015973,,,0.4186522960662842,6.546404012758208,,,0.34351789951324463,3.6862831455081317,,,,,0.09001696109771729,1.1362273765888324,,,,,6,5
2016-11-17 00:00:00+00:00,,,,,0.371381938457489,-1.2625397008783488,,,0.3980823755264282,4.59002575363072,,,0.3287336826324463,5.602282904221691,,,,,0.15312492847442627,3.2039562965719295,,,,,5,5
2016-11-17 06:00:00+00:00,,,,,0.4262869954109192,-2.75439200558395,,,0.3778036832809448,6.529482701605891,,,0.3121461868286133,3.66291086456275,,,,,0.13546133041381836,-0.6624165011763845,,,,,5,4
2016-11-17 12:00:00+00:00,,,,,,,,,0.47145724296569824,13.666579081609934,,,,,,,,,0.2401599884033203,5.123787198782418,,,,,4,2
2016-11-17 18:00:00+00:00,,,,,,,,,0.2689312696456909,4.810837698222642,,,,,0.38083112239837646,4.244356840492686,,,0.16989123821258545,1.6143973399016225,,,,,4,4
2016-11-18 00:00:00+00:00,,,,,,,,,,,0.4971071481704712,13.64361001604084,,,,,,,0.1751236915588379,2.471931090950498,,,,,2,2
2016-11-18 06:00:00+00:00,0.30494803190231323,0.5955100725870154,,,,,,,,,0.2738492488861084,4.764770641038077,,,,,,,0.21543288230895996,4.2397577002463525,,,,,3,3
2016-11-18 12:00:00+00:00,0.28961092233657837,-0.40007354282863283,,,,,,,,,0.07252848148345947,0.8255947463647736,,,0.2212693691253662,-1.6916016308854962,,,0.22739720344543457,3.7983864712362525,,,,,4,4
2016-11-18 18:00:00+00:00,0.39877963066101074,1.087312081324972,,,,,,,,,0.29207301139831543,-0.05090716565360394,,,0.3671388626098633,4.617434222595719,,,0.22691965103149414,3.442376791081874,,,,,4,4
2016-11-19 00:00:00+00:00,0.138269305229187,-1.6841985524821594,,,,,,,,,0.33107519149780273,0.7166886359618888,,,0.5483285188674927,3.4299201394840657,,,0.2560300827026367,7.606504330955987,,,,,4,4
2016-11-19 06:00:00+00:00,0.017195582389831543,0.6681903335808094,,,,,,,,,,,,,0.30566155910491943,1.202787440554694,,,0.21088969707489014,3.4796623501702433,,,,,3,3
2016-11-19 12:00:00+00:00,0.07595932483673096,-0.42291497462302985,,,,,,,,,,,,,0.49355340003967285,4.706632038644471,,,,,0.20826375484466553,6.917675345702499,,,3,3
2016-11-19 18:00:00+00:00,0.10047322511672974,0.08861699653167093,,,,,0.5001966953277588,0.388907144882,,,,,,,0.2683357000350952,1.428862778033344,,,,,0.26813769340515137,7.67234159271408,,,4,4
2016-11-20 00:00:00+00:00,0.08597677946090698,-1.851174777347428,,,,,0.3052726984024048,3.0395525966470083,,,,,,,0.1281188726425171,6.0129202337909575,,,,,0.2550241947174072,6.917061778645866,,,5,5
2016-11-20 06:00:00+00:00,,,0.17212128639221191,-0.48397795623379136,,,0.49077820777893066,4.078022753344895,,,,,,,0.06275629997253418,0.9830955929084281,,,,,0.24285972118377686,5.624374386738405,,,5,5
2016-11-20 12:00:00+00:00,,,0.05273473262786865,-0.5644781674115021,,,0.2580195665359497,1.6141862668418259,0.35724008083343506,2.026778819027534,,,,,0.569544792175293,6.8219234178448005,,,,,0.21349120140075684,6.920092209540111,,,5,5
2016-11-20 18:00:00+00:00,,,0.2012864351272583,-0.5426578772482095,,,0.4900705814361572,2.628805152012043,0.3310734033584595,5.978927410008543,,,,,,,,,,,0.2479780912399292,5.829944796911213,,,4,4
2016-11-21 00:00:00+00:00,,,0.23031741380691528,-1.4697188582725813,,,0.5820978879928589,3.3834420098299107,0.20148801803588867,2.756843168334492,,,,,,,,,,,0.21631014347076416,4.154215385397058,,,4,4
2016-11-21 06:00:00+00:00,,,0.19747692346572876,-5.8543229977890965,,,0.661231279373169,4.272642965771927,0.2309359312057495,4.32752510526737,,,,,,,,,,,0.2268373966217041,6.745796987938598,,,4,4
2016-11-21 12:00:00+00:00,,,0.29575908184051514,-0.996873472858505,,,0.5042339563369751,6.406533033510325,0.08679211139678955,-2.8257590723758375,,,,,,,,,,,0.21699488162994385,4.21895504259922,,,4,4
2016-11-21 18:00:00+00:00,,,0.2887570858001709,-4.541408332206173,,,0.6598894596099854,6.1955278702075605,0.3092539310455322,12.362634809933148,,,0.3789811134338379,5.085621573581655,,,,,,,0.26510918140411377,7.2618919721334585,,,5,5
2016-11-22 00:00:00+00:00,,,0.22401022911071777,-0.8859636670701078,,,0.5398554801940918,4.2268640952905665,0.2720245122909546,3.470557791033672,,,,,,,,,,,0.2482743263244629,3.1338613618531257,,,4,4
2016-11-22 06:00:00+00:00,,,0.2201683521270752,-1.4161493950311206,,,0.5053614377975464,2.878691435310062,0.2420063018798828,5.225551479651839,,,,,,,,,,,0.2786848545074463,13.189849087566218,,,4,4
2016-11-22 12:00:00+00:00,,,0.26166796684265137,-4.405762942105859,,,,,0.3458291292190552,15.188156113494683,,,,,,,,,,,0.20263147354125977,-4.031647394425415,,,4,4
2016-11-22 18:00:00+00:00,,,0.3300131559371948,-3.8327770278805033,,,,,0.26183533668518066,4.7557414401952744,,,,,0.36417460441589355,8.219022243977996,,,,,0.20145976543426514,3.1446236477094356,,,6,6
2016-11-23 00:00:00+00:00,,,0.24237185716629028,-1.1673829481581575,,,,,0.27714622020721436,10.317260999104468,,,,,0.25057053565979004,1.04662359943705,0.20872020721435547,1.6522114211450882,,,0.21771252155303955,5.093626611731335,,,7,7
2016-11-23 06:00:00+00:00,,,0.24966168403625488,-2.6733439843584526,,,,,0.3279135227203369,9.660625932311735,,,,,0.08093023300170898,-0.8796631830218967,0.5215840339660645,0.2880104957032325,,,0.2277442216873169,-0.0012527200564639253,,,7,7
2016-11-23 12:00:00+00:00,,,0.2680092453956604,-1.1085949185129476,,,,,0.20751023292541504,2.599341183409518,,,,,,,0.3202953338623047,-0.176108096034854,,,0.22996413707733154,5.530498366181751,,,7,7
2016-11-23 18:00:00+00:00,,,0.2046932578086853,-1.5934482889358421,,,,,0.28099310398101807,10.485770916858206,,,,,,,0.21444034576416016,0.24507018023830615,,,0.2518746852874756,4.373383862582514,,,6,6
2016-11-24 00:00:00+00:00,,,0.17463409900665283,-1.3902832759153965,,,,,0.5598074197769165,7.815967840119447,0.2859431505203247,2.0128265255538187,,,0.035883545875549316,-0.8538309653965357,,,,,0.20523881912231445,1.375492014074115,,,6,6
2016-11-24 06:00:00+00:00,,,0.20272237062454224,-0.12365609851452099,,,,,0.618464469909668,8.53878942400976,0.2663390636444092,4.2382666359382775,,,0.17845237255096436,1.4542699564405528,,,,,0.2578960657119751,5.865849196254788,,,6,6
2016-11-24 12:00:00+00:00,,,0.19753187894821167,-2.2245932016775085,,,,,0.6075083017349243,8.029646330293136,0.3351120948791504,5.1095905386597815,,,,,,,,,0.2112886905670166,4.10510625501098,,,5,5
2016-11-24 18:00:00+00:00,,,0.22135764360427856,-0.780301226507364,,,,,0.5212996006011963,7.063747237187658,0.3295027017593384,2.847124445111957,,,,,,,,,0.17240488529205322,2.5951062484237464,,,5,5
2016-11-25 00:00:00+00:00,,,0.27963006496429443,-1.5194531826783721,,,,,0.5392954349517822,7.1967545123218235,0.23525989055633545,1.9390859388321413,,,,,,,,,0.2114274501800537,2.8473217737203558,,,5,5
2016-11-25 06:00:00+00:00,,,0.2919570803642273,-0.9332379329746091,,,,,0.5491176843643188,8.296185203851905,0.28408992290496826,4.588163736357023,,,,,,,,,0.22570812702178955,2.909703992614101,,,5,5
2016-11-25 12:00:00+00:00,,,0.20962011814117432,-1.1966036634381079,,,,,0.6354057788848877,5.7649445837980045,0.32131242752075195,1.0376309991237749,,,,,,,,,0.16382765769958496,2.5432889784898842,,,5,5
2016-11-25 18:00:00+00:00,,,0.24188125133514404,-2.412697439725719,,,,,0.489693284034729,12.308854248183666,0.10876953601837158,0.29144303035218266,,,,,,,,,0.22765684127807617,6.009720550818257,,,4,4
2016-11-26 00:00:00+00:00,,,0.08302593231201172,1.6757420440762498,,,,,0.48621463775634766,4.888726732599424,0.2265385389328003,1.8163313688029048,,,,,,,,,0.19404780864715576,4.012548169056577,,,4,4
2016-11-26 06:00:00+00:00,,,0.2910987138748169,-1.1913419148293385,,,,,0.45617711544036865,6.369114548727707,0.15333831310272217,0.3497700346982691,,,,,,,,,0.19186484813690186,3.0722038653099433,,,5,5
2016-11-26 12:00:00+00:00,,,0.1109057068824768,-1.4662369478044535,,,,,0.6078323125839233,7.76896540585245,0.21972692012786865,0.088811909255625,,,,,,,,,0.16823267936706543,-20.1108311760931,,,5,5
2016-11-26 18:00:00+00:00,,,0.1944630742073059,-3.6275425040989915,,,,,,,0.664181113243103,5.340600534478442,,,,,,,,,0.23492431640625,3.358110405514943,,,5,5
2016-11-27 00:00:00+00:00,,,0.09949254989624023,-0.14200702432176804,,,,,,,0.6018928289413452,4.2461921681859085,,,,,,,,,0.1897486448287964,2.2622257258821503,,,5,5
2016-11-27 06:00:00+00:00,,,0.25281327962875366,-0.7527120565757403,,,,,,,0.6610094308853149,3.154633003905343,,,,,,,,,0.19665765762329102,7.9327932855861105,,,6,5
2016-11-27 12:00:00+00:00,,,0.21123522520065308,-1.4556654394181001,,,,,,,0.5439116954803467,2.4735989365073086,,,,,,,,,0.22363483905792236,1.8502054207527114,,,5,5
2016-11-27 18:00:00+00:00,,,0.19471633434295654,6.959907571361312,,,,,,,0.44814836978912354,1.7012455919592966,,,,,,,,,0.20180416107177734,2.401314286222878,,,5,4
2016-11-28 00:00:00+00:00,0.3602721691131592,0.40915572943168366,0.10068732500076294,-5.259910435589671,,,,,,,0.4486227035522461,2.0228941815335997,,,,,,,,,0.14938294887542725,3.0761150068530143,,,5,5
2016-11-28 06:00:00+00:00,,,0.3930796980857849,-2.4612864365188245,,,,,,,0.37579405307769775,0.8284794439686447,,,0.5027729272842407,5.906154865276501,,,,,0.17295455932617188,-12.511711411382862,,,6,5
2016-11-28 12:00:00+00:00,0.40353238582611084,1.2009953009780407,,,0.27942681312561035,-0.6081284643470588,,,,,0.005020022392272949,1.0489691740788307,,,,,,,,,0.18479418754577637,3.751533573379277,,,6,4
2016-11-28 18:00:00+00:00,,,0.011384367942810059,0.4288047825304559,,,,,,,0.6445560455322266,3.0505110947252176,,,,,0.04923170804977417,-0.6162661541851737,,,0.17730021476745605,2.567859746244367,,,5,4
2016-11-29 00:00:00+00:00,0.032746195793151855,-1.198551900263835,,,0.2175081968307495,-0.0894754696569006,,,,,0.466349720954895,0.99617277030187,,,,,,,,,0.2027798891067505,2.728380735513197,,,5,5
2016-11-29 06:00:00+00:00,0.2395920753479004,0.04717746830083203,,,0.20592188835144043,-0.54327139541797,,,,,,,,,,,,,,,0.13553857803344727,-12.412510931607448,,,5,4
2016-11-29 12:00:00+00:00,0.11390972137451172,-0.569661279324642,,,0.23644959926605225,0.7691148970618265,,,,,,,,,,,,,,,0.2964515686035156,41.92844915868725,,,6,4
2016-11-29 18:00:00+00:00,0.01739126443862915,0.04337421286825022,,,0.04927957057952881,-0.014000811793339096,,,,,,,,,,,,,,,0.17401814460754395,1.4372625873527765,,,4,4
2016-11-30 00:00:00+00:00,0.11293840408325195,-0.8536937366550403,,,,,,,,,,,,,,,,,,,0.23044252395629883,1.4033646208024309,,,5,3
2016-11-30 06:00:00+00:00,0.0548473596572876,-0.2835024581590952,,,,,,,0.30335819721221924,2.5433284000675984,,,,,,,,,,,0.2006230354309082,-4.850950603366854,,,4,4
2016-12-01 00:00:00+00:00,0.18900740146636963,-1.7022965800485494,,,,,,,0.35553109645843506,3.4921656715905476,,,,,,,,,,,0.20746266841888428,1.9984590297539497,,,3,3
2016-12-01 06:00:00+00:00,0.32285451889038086,-1.4172960420595762,,,,,,,0.14947175979614258,1.0374749867800015,,,,,,,,,,,0.17513036727905273,0.8270329868928044,,,3,3
2016-12-01 12:00:00+00:00,0.34449225664138794,-16.803344834188252,,,,,0.5136813819408417,-2.5824495202973323,0.36474311351776123,9.883960985131639,,,,,,,,,,,0.181837797164917,1.0100765279218957,,,4,4
2016-12-01 18:00:00+00:00,0.23467803001403809,1.8400986809299096,,,,,0.5201570987701416,-5.8840799087037,0.20731651782989502,6.740908116649266,,,,,,,,,0.10938823223114014,2.2184141866407643,0.17875373363494873,0.3568488583205142,,,5,5
2016-12-02 00:00:00+00:00,,,0.2962791323661804,-4.41231238683048,,,0.5119960010051727,-5.301511774132035,0.32502567768096924,8.669042399471406,,,,,,,,,,,0.1611865758895874,0.35885245260659504,0.7528477758169174,-0.17899516848762703,5,5
2016-12-02 06:00:00+00:00,,,0.3889758586883545,-6.487263691438046,,,0.5466887354850769,-4.6617701743962625,0.2773219347000122,3.1177794430275125,,,,,,,,,,,0.20835340023040771,10.486577324790941,,,5,5
2016-12-02 12:00:00+00:00,,,0.22955811023712158,-3.5439582248816954,,,0.41968291997909546,-5.8141415257301805,0.3501328229904175,8.223405977186905,,,,,,,,,0.060526132583618164,-0.45945859721810456,0.1157522201538086,-43.778418626209316,,,5,5
2016-12-02 18:00:00+00:00,,,0.3277145028114319,-25.618990042848644,,,0.36697638034820557,-4.337099650101389,0.4317551851272583,3.206327816732755,,,,,,,,,,,0.15536904335021973,1.4207908529632889,,,4,4
2016-12-03 00:00:00+00:00,,,0.24241214990615845,-2.1455334239755164,,,0.3650001883506775,-8.180560886416945,0.4776935577392578,3.693697121567281,,,,,,,,,,,0.10448634624481201,0.3805401925008797,,,4,4
2016-12-03 06:00:00+00:00,,,0.19901728630065918,-0.6349491976302661,,,0.4045636057853699,-9.020627250781445,,,0.4158351421356201,0.253523430188989,,,,,,,,,0.10032021999359131,1.5273698932343855,,,5,5
2016-12-03 12:00:00+00:00,,,0.3457079529762268,-10.223200528140199,,,,,,,0.5002690553665161,-0.1847425357557235,,,,,,,,,0.17366433143615723,3.192732624438886,,,3,3
2016-12-03 18:00:00+00:00,,,,,,,,,0.2951419949531555,-7.277117486802215,,,,,,,,,,,0.17552101612091064,1.9232750691451224,,,2,2
2016-12-04 00:00:00+00:00,,,,,,,,,0.31508898735046387,-8.03112003698373,,,,,,,,,,,0.1399393081665039,1.0947659427675955,,,2,2
2016-12-04 06:00:00+00:00,,,,,,,,,0.30477482080459595,-9.137818752448524,,,,,,,,,,,0.15228843688964844,2.904559151252604,,,2,2
2016-12-04 12:00:00+00:00,,,,,,,,,0.3186759948730469,-10.74829101670648,,,,,,,,,,,0.1595458984375,4.5019738424054,,,2,2
2016-12-04 18:00:00+00:00,,,,,,,,,0.35597527027130127,-22.04401953749545,,,,,,,,,,,0.21184170246124268,2.283854186824982,,,2,2
2016-12-05 00:00:00+00:00,,,,,,,,,0.2982959747314453,-8.401797171791534,,,,,,,,,,,0.14575695991516113,1.3935388698871913,,,2,2
2016-12-05 06:00:00+00:00,,,,,,,,,0.30903881788253784,-9.931541808796297,,,,,,,,,,,0.1643742322921753,3.8100999435763603,,,2,2
2016-12-05 12:00:00+00:00,,,,,,,,,0.3132951855659485,-10.144770802853753,,,,,,,,,,,0.20190703868865967,4.132918659910314,,,2,2
2016-12-05 18:00:00+00:00,,,,,,,,,0.3101031184196472,-12.778496525572926,,,,,,,,,,,0.1885519027709961,2.610283813905883,,,2,2
2016-12-06 00:00:00+00:00,,,,,,,,,0.2945665121078491,-8.43108279525101,,,0.46023470163345337,-9.229956263797007,,,,,,,0.10432612895965576,1.8439366029196955,,,3,3
2016-12-06 06:00:00+00:00,,,,,,,,,0.3224978446960449,-15.031715290098825,,,0.456095814704895,-8.855726694246739,,,,,,,0.22298038005828857,0.9694090182712397,,,3,3
2016-12-06 12:00:00+00:00,,,,,,,,,0.3198065757751465,-7.122671332009018,,,,,0.430378258228302,-8.18874572670397,,,,,0.24290025234222412,1.794957126219878,,,4,4
2016-12-06 18:00:00+00:00,,,,,,,,,0.29155778884887695,-10.138677191194697,,,,,0.33452051877975464,-5.800438744745612,,,,,0.11110508441925049,1.6010811157120264,,,3,3
2016-12-07 00:00:00+00:00,,,,,,,,,0.2984282374382019,-9.132353795858421,,,,,0.42273348569869995,-11.337109175031804,,,,,0.1111307144165039,0.9384464676787313,,,3,3
2016-12-07 06:00:00+00:00,,,,,,,,,0.3200322985649109,-8.994436134071172,0.28437143564224243,-0.8939933741393801,,,0.4060395359992981,-7.218638486092522,,,,,0.21612143516540527,2.673489314565746,,,4,4
2016-12-07 12:00:00+00:00,,,,,,,,,0.2904652953147888,-8.07075127005367,0.39853549003601074,-2.9507172632818053,,,0.3288846015930176,-5.901597452259473,,,,,0.1871488094329834,3.29896602310038,,,4,4
2016-12-07 18:00:00+00:00,,,,,,,,,0.2679174542427063,-6.579083177623883,0.38960719108581543,-1.7403535709774263,,,0.35030800104141235,-10.299342740709212,,,,,0.16563677787780762,1.3600734971691835,,,4,4
2016-12-08 00:00:00+00:00,,,,,,,,,0.30346840620040894,-12.105651686459497,0.07418650388717651,-3.9764886385166864,,,,,,,,,0.1689068078994751,1.2801871366987538,,,3,3
2016-12-08 06:00:00+00:00,,,,,,,,,0.3100472688674927,-9.26075523642653,0.21447503566741943,-0.6384001916443618,,,,,,,,,0.13512539863586426,0.8043389702153835,,,3,3
2016-12-08 12:00:00+00:00,,,,,,,,,0.2904807925224304,-8.562438814965843,0.22355449199676514,-1.859930543214159,,,,,,,,,0.1864532232284546,8.213422768407979,,,3,3
2016-12-08 18:00:00+00:00,,,,,,,,,0.30351167917251587,-7.655575469307346,0.6062449216842651,-3.995086460410279,,,0.010625243186950684,0.910372859866413,,,,,0.18841540813446045,1.729935671447279,,,5,5
2016-12-09 00:00:00+00:00,,,,,,,,,0.30500131845474243,-10.589500486082748,0.7046191096305847,-2.3582700343698115,,,0.16125786304473877,0.3215599395628099,,,0.39906251430511475,0.7976170763362199,0.13406002521514893,0.1674334358545744,,,5,5
2016-12-09 06:00:00+00:00,,,,,,,,,0.3175387382507324,-7.913855099746532,0.31794995069503784,-2.9494409369214702,,,,,,,,,0.1918470859527588,6.073400057886101,,,3,3
2016-12-09 12:00:00+00:00,,,,,,,,,0.2815859317779541,-13.907752437414901,0.4556053876876831,-0.1220901385717542,,,,,,,,,0.2425553798675537,0.5659888399406411,,,3,3
2016-12-09 18:00:00+00:00,,,,,,,,,0.27607882022857666,-9.624571337823498,,,,,,,,,,,0.13159608840942383,0.19568749446948255,,,2,2
2016-12-10 00:00:00+00:00,,,,,0.25307369232177734,-4.488231317548894,,,,,0.3440095782279968,-5.212383802268862,,,0.3067370057106018,-6.69594705155179,,,,,0.10026991367340088,0.22362532207476749,,,4,4
2016-12-10 06:00:00+00:00,,,,,0.27465856075286865,-4.118819672411713,,,,,0.25791507959365845,-1.5449279519780472,,,0.46730679273605347,-9.674222620695751,,,,,0.1233987808227539,0.15629582663930275,,,6,4
2016-12-10 12:00:00+00:00,,,,,0.254114031791687,-5.206001877549284,,,,,0.22603321075439453,-1.2415075499233967,,,0.37685346603393555,-0.4654191104728902,0.386688232421875,-10.171371248970889,0.32626044750213623,24.75310612689328,,,0.009149312973022461,-0.4190883024589944,7,7
2016-12-10 18:00:00+00:00,,,,,0.23468363285064697,-3.030612477328339,,,,,0.24698913097381592,-0.5952121827999407,,,,,0.48448657989501953,-8.529283314384388,,,0.0046100616455078125,-0.1526679678807409,0.22663533687591553,0.12648077684972497,7,7
2016-12-11 00:00:00+00:00,,,,,0.1703290343284607,-4.277656112405935,,,,,0.375710129737854,-0.6502712278613592,,,0.012715339660644531,-0.4583338309696396,0.5291638672351837,-7.935340171469724,0.0423356294631958,0.030224984050630024,,,0.2621809244155884,0.17890650010469744,6,6
2016-12-11 06:00:00+00:00,,,,,0.21956610679626465,-5.196686383738191,,,,,0.3507764935493469,-0.0739542478333806,,,0.0381617546081543,-0.6951523986983591,0.2027517557144165,-5.420701331075601,,,0.13512098789215088,0.2498691384312382,,,7,6
2016-12-11 12:00:00+00:00,,,,,0.2364283800125122,-4.431604055927843,,,,,0.18696850538253784,0.40794665673023206,,,0.09995055198669434,1.3785653738567019,0.5914296209812164,-4.208047318547736,,,0.3417074680328369,0.3791065355796712,,,6,5
2016-12-11 18:00:00+00:00,,,,,0.1894853115081787,-3.508152802087937,,,,,0.9827193301171064,-0.560088393584267,,,0.008153557777404785,0.5234645933072412,,,,,0.22141265869140625,0.23505382681494918,,,4,4
2016-12-12 00:00:00+00:00,,,0.2362421751022339,-8.369155340798345,,,,,,,0.23686981201171875,-2.48001831759758,,,0.15750932693481445,-0.9343955927691702,,,,,0.13340163230895996,0.49286920719170596,,,4,4
2016-12-12 06:00:00+00:00,,,,,0.1942310333251953,6.136405655721189,,,,,,,0.1842137575149536,0.6134001386463221,0.14141321182250977,1.9128105382554406,,,,,0.190271258354187,0.4259003634884606,,,4,4
2016-12-12 12:00:00+00:00,,,0.19457757472991943,-4.7156717809968995,,,,,,,0.1598416566848755,-0.08054460363087089,0.35325610637664795,0.5809643273082024,0.12870681285858154,3.395812960797898,,,,,0.16251015663146973,-5.907044256415231,,,5,5
2016-12-12 18:00:00+00:00,,,0.1450505256652832,-1.6297209273202427,0.6648711860179901,0.20929507180335905,,,,,0.36308157444000244,-0.020673252711213175,0.33387720584869385,2.1559440799378113,0.15186870098114014,-0.5109023662307992,,,,,0.22584211826324463,0.41518864208927464,,,6,6
2016-12-13 00:00:00+00:00,,,0.19760125875473022,-1.5275127396055985,0.22762399911880493,-0.3621088368565884,,,,,,,0.20977914333343506,3.9627160344584276,0.11439931392669678,1.2417837684459887,,,,,0.10749208927154541,0.341093145403807,,,5,5
2016-12-13 06:00:00+00:00,,,0.27813899517059326,-3.488588251080072,,,,,,,,,0.2126758098602295,4.567936436110887,0.13845515251159668,3.340226141830359,,,0.33679187297821045,-0.06143157282599922,0.09876430034637451,0.08018461475844463,,,5,5
2016-12-13 12:00:00+00:00,,,0.3112162947654724,-2.7361585281032412,,,,,,,,,0.3447788953781128,3.1332559285047723,0.30832672119140625,3.002209947677397,,,,,0.17304468154907227,0.34105105980204675,,,4,4
2016-12-13 18:00:00+00:00,,,0.27148473262786865,3.9388879018227176,,,0.026842355728149414,0.2612819872794096,,,,,0.2331317663192749,4.219777454896082,0.3053419589996338,9.607438551041469,,,,,0.1008986234664917,0.5549723618561034,,,5,5
2016-12-14 00:00:00+00:00,,,0.09614300727844238,25.745233977219822,,,0.14000153541564941,-0.1702950157802165,,,,,0.1907670497894287,3.0519269345391042,0.2607877254486084,12.512854645852665,,,,,0.1261579990386963,0.6177441852730636,,,5,5
2016-12-14 06:00:00+00:00,,,0.2636854648590088,-6.08454111237637,,,0.020769357681274414,0.004302158582132799,,,,,0.2532721757888794,12.017304480314332,0.17047476768493652,1.3001672995440454,,,,,0.10656416416168213,0.2030585017549021,,,5,5
2016-12-14 12:00:00+00:00,,,0.1644386649131775,-1.0464937302687671,,,0.10869753360748291,7.2093210571364255,,,,,0.1947627067565918,7.785881831823478,0.2545323371887207,0.3645858086426766,,,,,0.07504093647003174,0.33838609242648027,,,5,5
2016-12-14 18:00:00+00:00,,,0.023375749588012695,34.044649622680694,,,0.04144090414047241,0.021270612733831434,,,,,0.22443127632141113,6.16642558273113,,,0.3235607147216797,0.6366564112189566,,,0.14417636394500732,0.837225608829485,,,5,5
2016-12-15 00:00:00+00:00,,,0.21860694885253906,-3.217111734658508,,,0.0719374418258667,0.34606756093354973,,,,,0.29567062854766846,10.82377326469189,,,0.19466161727905273,0.9691322595864639,,,0.12793314456939697,0.2639469695939369,,,5,5
2016-12-15 06:00:00+00:00,,,0.1924702525138855,-0.893189989643565,,,0.09718084335327148,-1.002060215451648,,,,,0.19832420349121094,19.59805212081805,0.4757082462310791,8.663468330445632,0.06250441074371338,-3.0120638115525176,0.07103025913238525,0.29696533013368875,0.0808572769165039,0.5137950041491322,,,7,7
2016-12-15 12:00:00+00:00,,,0.19087862968444824,22.887402045022977,,,0.1400308609008789,4.174728587186384,,,,,0.3557620048522949,6.408220606719113,0.3487435579299927,6.75405182262215,0.21819961071014404,-0.2604979903720218,,,0.12193489074707031,0.8407854771569037,,,7,7
2016-12-15 18:00:00+00:00,,,0.26618772745132446,-3.0898481866029983,,,0.1579878330230713,1.847017588006806,,,,,,,0.4406394958496094,13.178501952975438,,,,,0.19524681568145752,15.222021097124788,,,4,4
2016-12-16 00:00:00+00:00,,,,,0.2137160301208496,-2.839953345665048,0.16356432437896729,0.051503169065550844,,,,,,,0.5255275964736938,4.684137266698122,,,,,0.221144437789917,8.711510246573345,,,5,5
2016-12-16 06:00:00+00:00,0.20051473379135132,-0.26791703243964315,,,0.23124068975448608,-1.1377476271088374,0.17977237701416016,6.2549398627341946,,,,,,,0.2817283868789673,16.247513210520218,,,,,0.17316722869873047,0.7173094358500401,,,8,7
2016-12-16 12:00:00+00:00,,,,,0.05930560827255249,-0.36869219991307467,0.15111708641052246,2.5799431796667305,,,,,,,0.32990312576293945,15.192838952467577,,,0.26107490062713623,-0.26698185875303687,0.16759240627288818,0.23294728580032395,,,9,9
2016-12-16 18:00:00+00:00,,,0.11004650592803955,-1.0210001431011764,,,0.20717942714691162,6.717750480920957,0.20916539430618286,-0.41462393586987734,,,,,0.47155284881591797,16.58577674404275,,,,,0.17837095260620117,2.8949773783966495,,,7,7
2016-12-17 00:00:00+00:00,0.0064130425453186035,-0.39498049789989204,,,0.23804593086242676,-0.8037744199539929,0.23386788368225098,4.8838378744426265,,,,,,,0.20656657218933105,7.2716528363796495,,,,,0.10736191272735596,2.204100048065256,,,8,8
2016-12-17 06:00:00+00:00,0.12067776918411255,-0.40019600199824623,,,0.0345836877822876,-0.21329669446332228,0.2672159671783447,9.1492110196637,,,,,,,0.28910934925079346,13.493537523698333,,,,,0.2175964117050171,5.300835019925769,,,8,8
2016-12-17 12:00:00+00:00,,,0.03859293460845947,-8.509217345870258,,,0.2850372791290283,5.987094326720963,0.008751630783081055,-0.7018812613548053,,,,,0.20763349533081055,5.352427816988417,,,,,,,,,5,5
2016-12-17 18:00:00+00:00,,,0.3818296194076538,-19.079091977016873,,,0.24639177322387695,2.9852481792187646,0.31109869480133057,5.58082298725209,,,,,0.23143577575683594,11.256167296386586,,,,,0.1142587661743164,0.9145446535395556,,,6,6
2016-12-18 00:00:00+00:00,,,0.061228394508361816,18.65304833944434,,,0.2066195011138916,2.797902286116253,0.3103938102722168,7.085594596616511,,,,,0.30161070823669434,11.335843822866586,,,,,0.07573378086090088,3.0868613552999267,,,7,7
2016-12-18 06:00:00+00:00,,,0.158189058303833,-0.68525257634977,,,0.14760148525238037,9.129408264241558,0.34815406799316406,18.992355191478797,,,,,0.2903803586959839,6.698478456573282,,,,,0.15435636043548584,5.873891500827752,,,6,6
2016-12-18 12:00:00+00:00,,,0.47358131408691406,16.76896850647579,,,0.30566835403442383,8.098589097612885,0.33194994926452637,9.951312170574466,,,,,0.3237253427505493,8.078581063342927,,,,,0.13968896865844727,6.818699695159401,,,6,6
2016-12-18 18:00:00+00:00,,,0.23941642045974731,-1.093881053790035,,,0.22494804859161377,3.9935785797174,0.30302631855010986,9.502510503390658,,,,,0.16842830181121826,19.1738576768361,,,,,,,,,5,5
2016-12-19 00:00:00+00:00,,,0.207966148853302,-0.8515805846420276,,,0.3279237747192383,5.988696555149954,0.25309276580810547,8.961357881125172,,,,,0.020727097988128662,-0.19181780964972486,,,,,0.1404656171798706,14.387280714534779,,,5,5
2016-12-19 06:00:00+00:00,,,0.502639651298523,17.40727205393508,,,0.37824273109436035,7.217298014064665,0.23343491554260254,7.175544109450682,,,,,0.08154940605163574,-0.5723624940795679,0.29590940475463867,17.653920692632756,,,0.140008807182312,3.2673396872610536,,,6,6
2016-12-19 12:00:00+00:00,,,0.06541109085083008,-0.3916653683675926,,,0.31253695487976074,8.17305259881524,0.23018276691436768,12.098476890170097,,,,,0.31431448459625244,-0.6241168847205572,,,,,0.14070236682891846,5.733690592631696,,,5,5
2016-12-19 18:00:00+00:00,,,0.09114694595336914,-0.706796269741467,,,,,0.26241886615753174,10.519711408074837,,,,,0.2674694061279297,2.3250458697565772,,,,,0.12066566944122314,3.017175087527249,,,4,4
2016-12-20 00:00:00+00:00,,,0.009145021438598633,-1.511569384031399,,,,,0.2850193977355957,15.493232263332702,,,,,0.2706340551376343,1.3931222937196803,0.28588056564331055,8.634144260403025,,,0.09929311275482178,6.731830708394803,,,6,6
2016-12-20 06:00:00+00:00,,,0.06929755210876465,3.613051647159712,,,,,0.22099733352661133,13.21700657846972,,,,,0.46503007411956787,2.590799770096963,0.23755931854248047,3.7155257857479698,,,0.08308780193328857,1.8862365361599507,,,9,9
2016-12-20 12:00:00+00:00,,,0.10555535554885864,-5.746783483459062,,,,,0.27050530910491943,3.7488898977054625,,,,,0.05367469787597656,-0.5690964610643526,0.2223726511001587,4.642415243871378,,,0.14032363891601562,3.846530717914034,,,6,6
2016-12-20 18:00:00+00:00,,,0.11158782243728638,-1.320191178899735,,,,,0.2967301607131958,5.929687013072452,0.10709977149963379,0.45172810178020084,,,0.039053380489349365,-1.631821409170969,0.2520716190338135,3.266621983302536,,,0.11147022247314453,2.7014854224227025,,,7,7
2016-12-21 00:00:00+00:00,,,0.2156469225883484,-24.228245814427112,,,,,0.2869236469268799,12.658483692825703,0.3398057818412781,0.1925072227186106,,,0.16302251815795898,2.1416221735483214,0.32393527030944824,1.7561846543515747,,,0.10205674171447754,1.8395529540704898,0.4853017330169678,-0.1636582475236289,10,10
2016-12-21 06:00:00+00:00,,,0.23180723190307617,-1.4642315159651615,,,,,0.30554497241973877,11.752807937130617,,,,,,,0.05512213706970215,-1.205284506531862,,,0.12765371799468994,1.0632970370708983,,,6,6
2016-12-21 12:00:00+00:00,,,0.19810879230499268,-1.2588830618587958,,,,,0.2818070650100708,8.464152518978803,,,,,0.1222454309463501,4.764244910165534,0.05362391471862793,0.6193967827191801,,,0.1648331880569458,0.9266585643323975,,,7,7
2016-12-21 18:00:00+00:00,,,0.06474709510803223,-1.497039109890946,,,,,0.33444976806640625,10.798721787666949,,,,,0.23850274085998535,0.11193450149512371,0.07892155647277832,0.5362693973912093,,,0.11721408367156982,0.4373438964890939,,,7,7
2016-12-22 00:00:00+00:00,,,0.2116062045097351,-0.6967291874275104,0.8338219523429871,-2.0499589213405023,,,0.30465149879455566,17.231554042362074,,,,,,,0.23252123594284058,0.8381008034812059,,,0.08419036865234375,1.951683427105923,,,5,5
2016-12-22 06:00:00+00:00,,,0.23019886016845703,-1.251010580081275,,,,,0.36838579177856445,10.849304868908378,,,,,,,0.30012238025665283,0.02247479033444679,0.12974333763122559,-0.28617096842923767,0.1046149730682373,0.726404602696457,,,6,6
2016-12-22 12:00:00+00:00,,,0.30632781982421875,-0.9342943053791046,,,,,0.2973827123641968,10.497313698004128,,,,,,,0.2900339961051941,-0.48990527256524485,,,0.09709429740905762,-42.710813219090795,,,5,5
2016-12-22 18:00:00+00:00,,,0.20524483919143677,-0.7572655336208692,,,,,0.40771758556365967,12.159680656529137,0.2314760684967041,11.875019692005042,,,,,0.18473076820373535,-1.4230797408541613,,,0.08042192459106445,0.5296407243163905,0.40045225620269775,0.6212600696158738,9,9
2016-12-23 00:00:00+00:00,,,0.1521175503730774,-1.117585455268365,,,,,0.4019821882247925,13.185576311287315,0.2533137798309326,3.0132403815531865,,,,,0.03718459606170654,0.8593800920080545,,,0.09361672401428223,1.088071849569858,0.04403519630432129,0.3693645620955013,10,10
2016-12-23 06:00:00+00:00,,,0.17384326457977295,-0.7565812469298463,,,,,0.44985973834991455,11.057839310008108,0.17077398300170898,2.5584462787594955,,,,,0.21016925573349,-0.20072108200927868,,,0.10572576522827148,0.9863131456466308,0.12987804412841797,0.410876698801431,7,7
2016-12-23 12:00:00+00:00,,,0.1798865795135498,-0.8643324879583842,,,,,0.3536113500595093,13.949041784825855,0.19716274738311768,7.91972268453361,,,,,0.11516916751861572,0.805291715517046,,,0.11093103885650635,1.0161991158559118,,,6,6
2016-12-23 18:00:00+00:00,,,0.09055781364440918,-0.3746491929903642,,,,,0.3917187452316284,9.368518714812703,0.1396923065185547,2.8319246589997427,,,,,0.0756615400314331,1.0761455728566798,,,0.10567033290863037,2.2395374806089205,0.20475924015045166,-0.10818770315225484,6,6
2016-12-24 00:00:00+00:00,,,0.09820032119750977,-0.6183669641021264,,,,,0.35072124004364014,9.439836393100196,0.11497807502746582,0.4199518892334782,,,,,0.03183424472808838,-0.2524284119630536,,,0.09517419338226318,1.4362748427057295,0.18138480186462402,0.2390709067835055,8,7
2016-12-24 06:00:00+00:00,,,0.15990090370178223,-4.1670859595727086,,,,,,,0.3859325647354126,10.394381858402536,,,,,0.12323880195617676,-0.07544955256467284,,,0.12152135372161865,0.644692037607714,,,5,5
2016-12-24 12:00:00+00:00,,,0.24667364358901978,-1.080274115568,,,,,,,0.3852425813674927,8.540966862912446,,,,,,,,,0.1047065258026123,7.2407633686745845,0.06470203399658203,0.15520068835893225,7,7
2016-12-24 18:00:00+00:00,,,0.16670739650726318,-1.2745043187750782,,,0.3000004291534424,0.671147238458876,,,0.3628354072570801,6.7309914048441986,,,,,0.13756263256072998,-0.5264914274844518,,,0.1350545883178711,1.8076468085270199,,,7,7
2016-12-25 00:00:00+00:00,,,0.17529606819152832,-1.3322757547877628,,,0.0891655683517456,-0.3368144065924702,,,0.38287413120269775,4.917522969295672,,,,,0.010117173194885254,-0.15088134076254006,,,0.08492887020111084,1.9080217329939575,0.01537257432937622,-0.3738203400387688,10,9
2016-12-25 06:00:00+00:00,,,0.25416332483291626,-3.465481329943202,,,0.008239567279815674,1.0892478308563647,,,0.33097195625305176,5.817141558785272,,,,,,,,,0.0764685869216919,1.222587335377149,0.13758635520935059,-0.21333494366822184,7,6
2016-12-25 12:00:00+00:00,,,0.2553752064704895,-3.776063455141981,,,0.20896756649017334,2.4803327861067554,,,0.3116018772125244,7.9515845767458515,,,,,,,,,0.090445876121521,1.1735351396840235,0.2422783374786377,0.6050261936291355,7,7
2016-12-25 18:00:00+00:00,,,0.23774176836013794,-2.7334883099600686,,,0.1416875123977661,5.827562978308857,,,0.2951173782348633,5.274169201726252,,,,,,,,,0.1173088550567627,1.1000178725220553,0.054709553718566895,0.1131350994547367,8,8
2016-12-26 00:00:00+00:00,,,0.20269542932510376,-2.843675573636371,,,0.13435888290405273,5.097408910429587,,,0.2025207281112671,4.316847030575715,,,,,,,,,0.12765836715698242,1.1101639401753396,,,7,7
2016-12-26 06:00:00+00:00,,,0.28164517879486084,-4.003328324121674,,,0.18360590934753418,2.699340986105406,,,0.24399042129516602,4.606874477011243,,,,,,,,,0.10794341564178467,1.7233606799830223,,,5,5
2016-12-26 12:00:00+00:00,,,0.27638524770736694,-8.838289574713695,,,,,0.1799027919769287,7.604740593786158,0.23555195331573486,0.8113694606484488,,,,,,,,,0.12188851833343506,0.45514432875388494,,,5,5
2016-12-26 18:00:00+00:00,,,0.23960524797439575,-2.5871960580777937,,,,,0.27249181270599365,6.393532332357847,0.27141857147216797,2.4586257172992374,,,,,,,,,0.11640465259552002,1.568225380039275,,,5,5
2016-12-27 00:00:00+00:00,,,0.11777031421661377,-0.9285782391507912,,,,,0.22999215126037598,6.34825520480229,0.2884843349456787,-0.35011216266366996,,,,,,,,,0.0791693925857544,0.28675981388227817,,,6,6
2016-12-27 06:00:00+00:00,,,0.28415125608444214,-2.104939884897875,,,,,0.3063441514968872,13.266892445076559,0.34369516372680664,0.38288484338570233,,,,,,,,,0.13893985748291016,3.8653186325078397,,,5,5
2016-12-27 12:00:00+00:00,,,0.218539297580719,-0.2365231134277857,,,,,0.3095130920410156,7.671341630780601,0.5128500461578369,0.6119315590275167,,,,,,,,,0.10857343673706055,3.1637473490988506,,,6,6
2016-12-27 18:00:00+00:00,,,0.2318871021270752,-5.843070833456339,,,,,0.32531893253326416,15.437822585485499,0.1527935266494751,-2.90075505489505,,,,,,,,,0.1512753963470459,2.4270431913128987,,,6,6
2016-12-28 00:00:00+00:00,,,0.18072670698165894,-6.216596708163658,,,0.0023329854011535645,0.9778148081040876,0.3384988307952881,10.575594081833586,0.005321860313415527,-0.05285092646812775,,,,,,,,,0.15650594234466553,3.8841059393681547,,,5,5
2016-12-28 06:00:00+00:00,,,0.21120083332061768,-4.747998989625237,,,0.17799967527389526,-0.6443356842069689,0.3267606496810913,8.956476478098848,,,,,,,,,,,0.13086330890655518,3.0781863784180885,,,4,4
2016-12-28 12:00:00+00:00,,,0.2103176712989807,-0.6938513248275534,,,0.14685487747192383,-0.33300708278869257,0.315055251121521,8.17207711097747,,,,,,,,,,,0.16918885707855225,3.359298263394594,,,4,4
2016-12-28 18:00:00+00:00,,,0.12579625844955444,-5.958526850378562,,,0.19160419702529907,-3.278876889341921,0.3741168975830078,13.715050101959134,,,,,,,,,,,0.1107097864151001,0.9977794753654439,,,4,4
2016-12-29 00:00:00+00:00,,,0.2052975296974182,-3.179791183069008,,,0.0945044755935669,-1.5045203977351764,0.322969913482666,16.346796052472772,,,,,,,,,,,0.10491001605987549,1.6694192865497346,,,4,4
2016-12-29 06:00:00+00:00,,,0.194383442401886,-0.9355306876911659,,,0.173895001411438,-3.6949050987169354,0.3026200532913208,12.241566879469021,,,,,,,,,,,0.16176950931549072,4.771823625195632,,,5,5
2016-12-29 12:00:00+00:00,,,0.19371378421783447,-2.3318200726598635,,,0.2935543656349182,-10.606194252133442,0.22164595127105713,16.97060554404106,,,,,,,,,,,0.13258028030395508,1.5496673530961387,,,4,4
2016-12-29 18:00:00+00:00,,,0.17883718013763428,-4.555107076195951,,,0.21523267030715942,-3.8834936885134392,0.20994281768798828,6.024636468355494,,,,,,,,,,,0.12014937400817871,3.0084187669179245,,,4,4
2016-12-30 00:00:00+00:00,,,0.18629008531570435,-9.709779164943313,,,0.2611680030822754,-6.2192104212485555,0.21005094051361084,5.974950150035949,,,,,,,,,,,0.13422441482543945,0.6629263912890875,,,4,4
2016-12-30 06:00:00+00:00,,,0.21585214138031006,-4.963633685629263,,,0.21360063552856445,-5.189206838251942,0.2568594217300415,6.75989839389046,,,,,0.40917789936065674,6.946802098144209,,,,,0.12822401523590088,1.36865009670161,,,5,5
2016-12-30 12:00:00+00:00,0.2220185399055481,-20.572743597049016,,,,,,,0.12614846229553223,5.422633454615907,,,,,0.07517838478088379,2.932921406491067,,,,,0.16514849662780762,1.8934342262461772,,,5,5
2016-12-30 18:00:00+00:00,0.22888529300689697,-9.914980297926784,,,,,,,0.1920098066329956,14.851422348681538,,,,,0.49835896492004395,0.586479440193689,,,,,0.1691603660583496,4.385151836435352,,,5,5
2016-12-31 00:00:00+00:00,0.17794185876846313,-7.163720399945338,,,,,,,0.35868871212005615,-7.4370700100039775,0.043883681297302246,2.344675218721713,,,,,0.039523422718048096,-0.7101710675853126,,,0.14229536056518555,2.706308787567282,,,6,6
2016-12-31 06:00:00+00:00,0.20779907703399658,-8.341937263637538,,,,,,,0.31045717000961304,-9.080671792213279,0.15112459659576416,2.0044940850480866,,,,,0.15792572498321533,0.20424148640981904,,,0.13405346870422363,1.1450388160145604,,,5,5
2016-12-31 12:00:00+00:00,0.23252767324447632,-14.57698973550111,,,,,,,0.32770127058029175,-8.837466779816712,0.030566692352294922,-0.5415736083339883,,,,,0.06301474571228027,0.02685499039581529,,,0.16933703422546387,1.735112352604299,,,5,5
2016-12-31 18:00:00+00:00,,,,,,,,,0.21970432996749878,-8.579951925500417,0.03775906562805176,0.7986292616698465,,,,,,,,,0.17644190788269043,4.104730478467084,,,4,4
